2025-08-07 02:56:41,997 - INFO - 配置文件验证通过
2025-08-07 02:56:42,003 - INFO - 随机种子已设置为: 42
2025-08-07 02:56:42,008 - INFO - 使用已提供的模型实例: Llama-3.2-3B-Instruct
2025-08-07 02:56:42,011 - INFO - 加载数据集: GSM8k_test
2025-08-07 02:56:42,015 - INFO - 随机种子已设置为: 42
2025-08-07 02:56:42,023 - INFO - 数据集加载完成，共 1319 条数据，已打乱顺序
2025-08-07 02:56:42,025 - INFO - 使用投票机制，每个问题生成 10 条路径
2025-08-07 02:56:42,027 - INFO - 批量生成模式：为 1319 个问题各生成 10 条路径
2025-08-07 02:56:42,030 - INFO - 开始CoT生成，共4个步骤:
2025-08-07 02:56:42,033 - INFO - 开始CoT步骤 1，min_p=0.4
2025-08-07 02:56:44,711 - INFO - 开始CoT步骤 2，min_p=0.8
2025-08-07 02:56:56,477 - INFO - 开始CoT步骤 3，min_p=0.2
2025-08-07 02:57:06,938 - INFO - 开始CoT步骤 4，min_p=0.9
2025-08-07 02:57:11,878 - INFO - CoT生成完成，共 1319 条CoT
2025-08-07 02:57:11,903 - INFO - 开始CoT生成，共4个步骤:
2025-08-07 02:57:11,907 - INFO - 开始CoT步骤 1，min_p=0.4
2025-08-07 02:57:14,189 - INFO - 开始CoT步骤 2，min_p=0.8
2025-08-07 02:57:26,096 - INFO - 开始CoT步骤 3，min_p=0.2
2025-08-07 02:57:37,155 - INFO - 开始CoT步骤 4，min_p=0.9
2025-08-07 02:57:40,950 - INFO - CoT生成完成，共 1319 条CoT
2025-08-07 02:57:40,973 - INFO - 开始CoT生成，共4个步骤:
2025-08-07 02:57:40,977 - INFO - 开始CoT步骤 1，min_p=0.4
2025-08-07 02:57:43,600 - INFO - 开始CoT步骤 2，min_p=0.8
2025-08-07 02:57:55,461 - INFO - 开始CoT步骤 3，min_p=0.2
2025-08-07 02:58:05,726 - INFO - 开始CoT步骤 4，min_p=0.9
2025-08-07 02:58:10,126 - INFO - CoT生成完成，共 1319 条CoT
2025-08-07 02:58:10,150 - INFO - 开始CoT生成，共4个步骤:
2025-08-07 02:58:10,155 - INFO - 开始CoT步骤 1，min_p=0.4
2025-08-07 02:58:12,425 - INFO - 开始CoT步骤 2，min_p=0.8
2025-08-07 02:58:24,312 - INFO - 开始CoT步骤 3，min_p=0.2
2025-08-07 02:58:34,999 - INFO - 开始CoT步骤 4，min_p=0.9
2025-08-07 02:58:38,169 - INFO - CoT生成完成，共 1319 条CoT
2025-08-07 02:58:38,192 - INFO - 开始CoT生成，共4个步骤:
2025-08-07 02:58:38,197 - INFO - 开始CoT步骤 1，min_p=0.4
2025-08-07 02:58:40,821 - INFO - 开始CoT步骤 2，min_p=0.8
2025-08-07 02:58:52,932 - INFO - 开始CoT步骤 3，min_p=0.2
2025-08-07 02:59:03,470 - INFO - 开始CoT步骤 4，min_p=0.9
2025-08-07 02:59:07,077 - INFO - CoT生成完成，共 1319 条CoT
2025-08-07 02:59:07,099 - INFO - 开始CoT生成，共4个步骤:
2025-08-07 02:59:07,104 - INFO - 开始CoT步骤 1，min_p=0.4
2025-08-07 02:59:09,412 - INFO - 开始CoT步骤 2，min_p=0.8
2025-08-07 02:59:21,234 - INFO - 开始CoT步骤 3，min_p=0.2
2025-08-07 02:59:32,038 - INFO - 开始CoT步骤 4，min_p=0.9
2025-08-07 02:59:36,610 - INFO - CoT生成完成，共 1319 条CoT
2025-08-07 02:59:36,637 - INFO - 开始CoT生成，共4个步骤:
2025-08-07 02:59:36,642 - INFO - 开始CoT步骤 1，min_p=0.4
2025-08-07 02:59:39,158 - INFO - 开始CoT步骤 2，min_p=0.8
2025-08-07 02:59:51,039 - INFO - 开始CoT步骤 3，min_p=0.2
2025-08-07 03:00:01,864 - INFO - 开始CoT步骤 4，min_p=0.9
2025-08-07 03:00:06,533 - INFO - CoT生成完成，共 1319 条CoT
2025-08-07 03:00:06,559 - INFO - 开始CoT生成，共4个步骤:
2025-08-07 03:00:06,564 - INFO - 开始CoT步骤 1，min_p=0.4
2025-08-07 03:00:08,878 - INFO - 开始CoT步骤 2，min_p=0.8
2025-08-07 03:00:20,723 - INFO - 开始CoT步骤 3，min_p=0.2
2025-08-07 03:00:31,514 - INFO - 开始CoT步骤 4，min_p=0.9
2025-08-07 03:00:36,512 - INFO - CoT生成完成，共 1319 条CoT
2025-08-07 03:00:36,534 - INFO - 开始CoT生成，共4个步骤:
2025-08-07 03:00:36,538 - INFO - 开始CoT步骤 1，min_p=0.4
2025-08-07 03:00:38,824 - INFO - 开始CoT步骤 2，min_p=0.8
2025-08-07 03:00:50,496 - INFO - 开始CoT步骤 3，min_p=0.2
2025-08-07 03:01:01,483 - INFO - 开始CoT步骤 4，min_p=0.9
2025-08-07 03:01:06,205 - INFO - CoT生成完成，共 1319 条CoT
2025-08-07 03:01:06,229 - INFO - 开始CoT生成，共4个步骤:
2025-08-07 03:01:06,233 - INFO - 开始CoT步骤 1，min_p=0.4
2025-08-07 03:01:08,805 - INFO - 开始CoT步骤 2，min_p=0.8
2025-08-07 03:01:20,330 - INFO - 开始CoT步骤 3，min_p=0.2
2025-08-07 03:01:31,271 - INFO - 开始CoT步骤 4，min_p=0.9
2025-08-07 03:01:35,826 - INFO - CoT生成完成，共 1319 条CoT
2025-08-07 03:01:35,850 - INFO - 批量生成完成：共生成 1319 组路径，每组 10 条
2025-08-07 03:01:35,854 - INFO - 投票结果: 选择路径 0, 答案: 52, 置信度: 0.9
2025-08-07 03:01:35,856 - INFO - 投票结果: 选择路径 0, 答案: 5, 置信度: 1.0
2025-08-07 03:01:35,858 - INFO - 投票结果: 选择路径 0, 答案: 83, 置信度: 0.8
2025-08-07 03:01:35,861 - INFO - 投票结果: 选择路径 0, 答案: 10, 置信度: 1.0
2025-08-07 03:01:35,863 - INFO - 投票结果: 选择路径 0, 答案: 100, 置信度: 1.0
2025-08-07 03:01:35,865 - INFO - 投票结果: 选择路径 0, 答案: 36, 置信度: 0.9
2025-08-07 03:01:35,867 - INFO - 投票结果: 选择路径 0, 答案: 48, 置信度: 1.0
2025-08-07 03:01:35,869 - INFO - 投票结果: 选择路径 0, 答案: 16, 置信度: 1.0
2025-08-07 03:01:35,871 - INFO - 投票结果: 选择路径 0, 答案: 4.64, 置信度: 0.7
2025-08-07 03:01:35,873 - INFO - 投票结果: 选择路径 0, 答案: 48, 置信度: 1.0
2025-08-07 03:01:35,875 - INFO - 投票结果: 选择路径 0, 答案: 90, 置信度: 1.0
2025-08-07 03:01:35,877 - INFO - 投票结果: 选择路径 0, 答案: 10, 置信度: 1.0
2025-08-07 03:01:35,879 - INFO - 投票结果: 选择路径 1, 答案: 15, 置信度: 0.4
2025-08-07 03:01:35,882 - INFO - 投票结果: 选择路径 0, 答案: 42000, 置信度: 0.8
2025-08-07 03:01:35,884 - INFO - 投票结果: 选择路径 0, 答案: 18, 置信度: 0.8
2025-08-07 03:01:35,886 - INFO - 投票结果: 选择路径 0, 答案: 140, 置信度: 1.0
2025-08-07 03:01:35,888 - INFO - 投票结果: 选择路径 0, 答案: 17, 置信度: 1.0
2025-08-07 03:01:35,890 - INFO - 投票结果: 选择路径 0, 答案: 68, 置信度: 1.0
2025-08-07 03:01:35,892 - INFO - 投票结果: 选择路径 0, 答案: 8, 置信度: 1.0
2025-08-07 03:01:35,894 - INFO - 投票结果: 选择路径 0, 答案: 14, 置信度: 1.0
2025-08-07 03:01:35,896 - INFO - 投票结果: 选择路径 0, 答案: 33.33, 置信度: 1.0
2025-08-07 03:01:35,898 - INFO - 投票结果: 选择路径 0, 答案: 100, 置信度: 1.0
2025-08-07 03:01:35,900 - INFO - 投票结果: 选择路径 1, 答案: 125, 置信度: 0.4
2025-08-07 03:01:35,903 - INFO - 投票结果: 选择路径 0, 答案: 44, 置信度: 0.7
2025-08-07 03:01:35,905 - INFO - 投票结果: 选择路径 0, 答案: 16400, 置信度: 0.8
2025-08-07 03:01:35,907 - INFO - 投票结果: 选择路径 0, 答案: 250, 置信度: 1.0
2025-08-07 03:01:35,909 - INFO - 投票结果: 选择路径 0, 答案: 36, 置信度: 0.5
2025-08-07 03:01:35,911 - INFO - 投票结果: 选择路径 0, 答案: 1490, 置信度: 1.0
2025-08-07 03:01:35,913 - INFO - 投票结果: 选择路径 0, 答案: 11, 置信度: 1.0
2025-08-07 03:01:35,915 - INFO - 投票结果: 选择路径 0, 答案: 106, 置信度: 1.0
2025-08-07 03:01:35,917 - INFO - 投票结果: 选择路径 0, 答案: 138, 置信度: 0.8
2025-08-07 03:01:35,919 - INFO - 投票结果: 选择路径 0, 答案: 15, 置信度: 1.0
2025-08-07 03:01:35,922 - INFO - 投票结果: 选择路径 0, 答案: 4, 置信度: 1.0
2025-08-07 03:01:35,924 - INFO - 投票结果: 选择路径 0, 答案: 82, 置信度: 1.0
2025-08-07 03:01:35,926 - INFO - 投票结果: 选择路径 0, 答案: 2, 置信度: 1.0
2025-08-07 03:01:35,928 - INFO - 投票结果: 选择路径 1, 答案: 43, 置信度: 0.6
2025-08-07 03:01:35,930 - INFO - 投票结果: 选择路径 0, 答案: 4, 置信度: 1.0
2025-08-07 03:01:35,932 - INFO - 投票结果: 选择路径 0, 答案: 100, 置信度: 1.0
2025-08-07 03:01:35,934 - INFO - 投票结果: 选择路径 0, 答案: 12375000, 置信度: 0.4
2025-08-07 03:01:35,936 - INFO - 投票结果: 选择路径 0, 答案: 188, 置信度: 1.0
2025-08-07 03:01:35,938 - INFO - 投票结果: 选择路径 0, 答案: 30, 置信度: 1.0
2025-08-07 03:01:35,941 - INFO - 投票结果: 选择路径 0, 答案: 30, 置信度: 1.0
2025-08-07 03:01:35,943 - INFO - 投票结果: 选择路径 0, 答案: 240, 置信度: 1.0
2025-08-07 03:01:35,945 - INFO - 投票结果: 选择路径 0, 答案: 7, 置信度: 1.0
2025-08-07 03:01:35,947 - INFO - 投票结果: 选择路径 0, 答案: 350, 置信度: 0.7
2025-08-07 03:01:35,949 - INFO - 投票结果: 选择路径 2, 答案: 4, 置信度: 0.8
2025-08-07 03:01:35,951 - INFO - 投票结果: 选择路径 0, 答案: 36, 置信度: 1.0
2025-08-07 03:01:35,953 - INFO - 投票结果: 选择路径 6, 答案: 5, 置信度: 0.3
2025-08-07 03:01:35,955 - INFO - 投票结果: 选择路径 0, 答案: 2, 置信度: 1.0
2025-08-07 03:01:35,957 - INFO - 投票结果: 选择路径 0, 答案: 33, 置信度: 1.0
2025-08-07 03:01:35,959 - INFO - 投票结果: 选择路径 0, 答案: 21, 置信度: 1.0
2025-08-07 03:01:35,961 - INFO - 投票结果: 选择路径 0, 答案: 155, 置信度: 0.6
2025-08-07 03:01:35,964 - INFO - 投票结果: 选择路径 0, 答案: 60, 置信度: 1.0
2025-08-07 03:01:35,966 - INFO - 投票结果: 选择路径 0, 答案: 49, 置信度: 1.0
2025-08-07 03:01:35,968 - INFO - 投票结果: 选择路径 0, 答案: 1800, 置信度: 1.0
2025-08-07 03:01:35,970 - INFO - 投票结果: 选择路径 1, 答案: 27, 置信度: 0.7
2025-08-07 03:01:35,972 - INFO - 投票结果: 选择路径 0, 答案: 16, 置信度: 1.0
2025-08-07 03:01:35,974 - INFO - 投票结果: 选择路径 0, 答案: 49, 置信度: 0.8
2025-08-07 03:01:35,976 - INFO - 投票结果: 选择路径 1, 答案: 96, 置信度: 0.4
2025-08-07 03:01:35,978 - INFO - 投票结果: 选择路径 0, 答案: 32, 置信度: 1.0
2025-08-07 03:01:35,980 - INFO - 投票结果: 选择路径 0, 答案: 168, 置信度: 0.6
2025-08-07 03:01:35,982 - INFO - 投票结果: 选择路径 0, 答案: 225, 置信度: 1.0
2025-08-07 03:01:35,985 - INFO - 投票结果: 选择路径 0, 答案: 50, 置信度: 1.0
2025-08-07 03:01:35,987 - INFO - 投票结果: 选择路径 2, 答案: 18, 置信度: 0.6
2025-08-07 03:01:35,989 - INFO - 投票结果: 选择路径 0, 答案: 7, 置信度: 1.0
2025-08-07 03:01:35,991 - INFO - 投票结果: 选择路径 0, 答案: 800, 置信度: 0.9
2025-08-07 03:01:35,993 - INFO - 投票结果: 选择路径 0, 答案: 22, 置信度: 1.0
2025-08-07 03:01:35,995 - INFO - 投票结果: 选择路径 0, 答案: 235, 置信度: 1.0
2025-08-07 03:01:35,997 - INFO - 投票结果: 选择路径 0, 答案: 3, 置信度: 1.0
2025-08-07 03:01:35,999 - INFO - 投票结果: 选择路径 2, 答案: 2, 置信度: 0.3
2025-08-07 03:01:36,001 - INFO - 投票结果: 选择路径 0, 答案: 3000, 置信度: 0.9
2025-08-07 03:01:36,003 - INFO - 投票结果: 选择路径 1, 答案: 100, 置信度: 0.6
2025-08-07 03:01:36,006 - INFO - 投票结果: 选择路径 0, 答案: 20, 置信度: 0.6
2025-08-07 03:01:36,008 - INFO - 投票结果: 选择路径 0, 答案: 130, 置信度: 1.0
2025-08-07 03:01:36,010 - INFO - 投票结果: 选择路径 1, 答案: 2, 置信度: 0.8
2025-08-07 03:01:36,012 - INFO - 投票结果: 选择路径 0, 答案: 48, 置信度: 1.0
2025-08-07 03:01:36,014 - INFO - 投票结果: 选择路径 0, 答案: 50, 置信度: 0.8
2025-08-07 03:01:36,016 - INFO - 投票结果: 选择路径 3, 答案: 3, 置信度: 0.5
2025-08-07 03:01:36,018 - INFO - 投票结果: 选择路径 0, 答案: 6, 置信度: 0.6
2025-08-07 03:01:36,020 - INFO - 投票结果: 选择路径 0, 答案: 110, 置信度: 1.0
2025-08-07 03:01:36,022 - INFO - 投票结果: 选择路径 4, 答案: 1600, 置信度: 0.3
2025-08-07 03:01:36,025 - INFO - 投票结果: 选择路径 0, 答案: 16, 置信度: 1.0
2025-08-07 03:01:36,027 - INFO - 投票结果: 选择路径 0, 答案: 80, 置信度: 1.0
2025-08-07 03:01:36,029 - INFO - 投票结果: 选择路径 0, 答案: 45, 置信度: 1.0
2025-08-07 03:01:36,031 - INFO - 投票结果: 选择路径 0, 答案: 36, 置信度: 1.0
2025-08-07 03:01:36,033 - INFO - 投票结果: 选择路径 0, 答案: 5, 置信度: 0.9
2025-08-07 03:01:36,035 - INFO - 投票结果: 选择路径 2, 答案: 9, 置信度: 0.7
2025-08-07 03:01:36,037 - INFO - 投票结果: 选择路径 0, 答案: 36, 置信度: 1.0
2025-08-07 03:01:36,039 - INFO - 投票结果: 选择路径 0, 答案: 60, 置信度: 1.0
2025-08-07 03:01:36,041 - INFO - 投票结果: 选择路径 0, 答案: 9, 置信度: 1.0
2025-08-07 03:01:36,043 - INFO - 投票结果: 选择路径 0, 答案: 1, 置信度: 1.0
2025-08-07 03:01:36,046 - INFO - 投票结果: 选择路径 0, 答案: 30, 置信度: 1.0
2025-08-07 03:01:36,048 - INFO - 投票结果: 选择路径 1, 答案: 43333, 置信度: 0.7
2025-08-07 03:01:36,050 - INFO - 投票结果: 选择路径 0, 答案: 34, 置信度: 1.0
2025-08-07 03:01:36,052 - INFO - 投票结果: 选择路径 0, 答案: 20, 置信度: 0.2
2025-08-07 03:01:36,054 - INFO - 投票结果: 选择路径 0, 答案: 306, 置信度: 1.0
2025-08-07 03:01:36,056 - INFO - 投票结果: 选择路径 0, 答案: 55, 置信度: 0.9
2025-08-07 03:01:36,058 - INFO - 投票结果: 选择路径 0, 答案: 12, 置信度: 1.0
2025-08-07 03:01:36,060 - INFO - 投票结果: 选择路径 0, 答案: 75, 置信度: 1.0
2025-08-07 03:01:36,062 - INFO - 投票结果: 选择路径 0, 答案: 24, 置信度: 0.5
2025-08-07 03:01:36,065 - INFO - 投票结果: 选择路径 0, 答案: 50, 置信度: 0.6
2025-08-07 03:01:36,067 - INFO - 投票结果: 选择路径 0, 答案: 110, 置信度: 1.0
2025-08-07 03:01:36,069 - INFO - 投票结果: 选择路径 0, 答案: 78, 置信度: 0.2
2025-08-07 03:01:36,071 - INFO - 投票结果: 选择路径 0, 答案: 30, 置信度: 1.0
2025-08-07 03:01:36,073 - INFO - 投票结果: 选择路径 0, 答案: 80, 置信度: 1.0
2025-08-07 03:01:36,075 - INFO - 投票结果: 选择路径 0, 答案: 1.50, 置信度: 0.8
2025-08-07 03:01:36,077 - INFO - 投票结果: 选择路径 0, 答案: 120, 置信度: 1.0
2025-08-07 03:01:36,079 - INFO - 投票结果: 选择路径 0, 答案: 108, 置信度: 1.0
2025-08-07 03:01:36,081 - INFO - 投票结果: 选择路径 0, 答案: 70, 置信度: 1.0
2025-08-07 03:01:36,084 - INFO - 投票结果: 选择路径 0, 答案: 13.50, 置信度: 0.6
2025-08-07 03:01:36,086 - INFO - 投票结果: 选择路径 0, 答案: 150, 置信度: 1.0
2025-08-07 03:01:36,088 - INFO - 投票结果: 选择路径 0, 答案: 10, 置信度: 0.8
2025-08-07 03:01:36,090 - INFO - 投票结果: 选择路径 0, 答案: 7, 置信度: 0.8
2025-08-07 03:01:36,092 - INFO - 投票结果: 选择路径 0, 答案: 250, 置信度: 1.0
2025-08-07 03:01:36,094 - INFO - 投票结果: 选择路径 0, 答案: 3, 置信度: 1.0
2025-08-07 03:01:36,096 - INFO - 投票结果: 选择路径 0, 答案: 15, 置信度: 1.0
2025-08-07 03:01:36,098 - INFO - 投票结果: 选择路径 0, 答案: 12, 置信度: 1.0
2025-08-07 03:01:36,100 - INFO - 投票结果: 选择路径 0, 答案: 60, 置信度: 1.0
2025-08-07 03:01:36,103 - INFO - 投票结果: 选择路径 0, 答案: 3, 置信度: 1.0
2025-08-07 03:01:36,105 - INFO - 投票结果: 选择路径 0, 答案: 9, 置信度: 0.6
2025-08-07 03:01:36,107 - INFO - 投票结果: 选择路径 0, 答案: 140000, 置信度: 1.0
2025-08-07 03:01:36,109 - INFO - 投票结果: 选择路径 2, 答案: 1, 置信度: 0.4
2025-08-07 03:01:36,111 - INFO - 投票结果: 选择路径 0, 答案: 2400, 置信度: 1.0
2025-08-07 03:01:36,113 - INFO - 投票结果: 选择路径 0, 答案: 4, 置信度: 1.0
2025-08-07 03:01:36,115 - INFO - 投票结果: 选择路径 0, 答案: 101, 置信度: 0.5
2025-08-07 03:01:36,117 - INFO - 投票结果: 选择路径 0, 答案: 300, 置信度: 1.0
2025-08-07 03:01:36,119 - INFO - 投票结果: 选择路径 0, 答案: 91, 置信度: 1.0
2025-08-07 03:01:36,121 - INFO - 投票结果: 选择路径 0, 答案: 8, 置信度: 1.0
2025-08-07 03:01:36,124 - INFO - 投票结果: 选择路径 0, 答案: 120, 置信度: 1.0
2025-08-07 03:01:36,126 - INFO - 投票结果: 选择路径 0, 答案: 350, 置信度: 1.0
2025-08-07 03:01:36,128 - INFO - 投票结果: 选择路径 0, 答案: 2600, 置信度: 1.0
2025-08-07 03:01:36,130 - INFO - 投票结果: 选择路径 0, 答案: 10, 置信度: 1.0
2025-08-07 03:01:36,132 - INFO - 投票结果: 选择路径 2, 答案: 44, 置信度: 0.4
2025-08-07 03:01:36,134 - INFO - 投票结果: 选择路径 0, 答案: 7, 置信度: 1.0
2025-08-07 03:01:36,136 - INFO - 投票结果: 选择路径 0, 答案: 31, 置信度: 1.0
2025-08-07 03:01:36,138 - INFO - 投票结果: 选择路径 0, 答案: 975, 置信度: 1.0
2025-08-07 03:01:36,140 - INFO - 投票结果: 选择路径 0, 答案: -160, 置信度: 1.0
2025-08-07 03:01:36,142 - INFO - 投票结果: 选择路径 0, 答案: 120, 置信度: 1.0
2025-08-07 03:01:36,144 - INFO - 投票结果: 选择路径 0, 答案: 220, 置信度: 1.0
2025-08-07 03:01:36,147 - INFO - 投票结果: 选择路径 0, 答案: 87, 置信度: 1.0
2025-08-07 03:01:36,149 - INFO - 投票结果: 选择路径 0, 答案: 300, 置信度: 1.0
2025-08-07 03:01:36,151 - INFO - 投票结果: 选择路径 0, 答案: 30, 置信度: 1.0
2025-08-07 03:01:36,153 - INFO - 投票结果: 选择路径 0, 答案: 15, 置信度: 0.2
2025-08-07 03:01:36,155 - INFO - 投票结果: 选择路径 0, 答案: 16, 置信度: 1.0
2025-08-07 03:01:36,157 - INFO - 投票结果: 选择路径 0, 答案: 7, 置信度: 1.0
2025-08-07 03:01:36,159 - INFO - 投票结果: 选择路径 0, 答案: 81, 置信度: 0.9
2025-08-07 03:01:36,161 - INFO - 投票结果: 选择路径 0, 答案: 5, 置信度: 1.0
2025-08-07 03:01:36,163 - INFO - 投票结果: 选择路径 0, 答案: 9, 置信度: 1.0
2025-08-07 03:01:36,165 - INFO - 投票结果: 选择路径 0, 答案: 10, 置信度: 1.0
2025-08-07 03:01:36,168 - INFO - 投票结果: 选择路径 0, 答案: 14, 置信度: 0.6
2025-08-07 03:01:36,170 - INFO - 投票结果: 选择路径 0, 答案: 5, 置信度: 1.0
2025-08-07 03:01:36,172 - INFO - 投票结果: 选择路径 0, 答案: 50, 置信度: 1.0
2025-08-07 03:01:36,174 - INFO - 投票结果: 选择路径 0, 答案: 48, 置信度: 1.0
2025-08-07 03:01:36,176 - INFO - 投票结果: 选择路径 0, 答案: 25, 置信度: 1.0
2025-08-07 03:01:36,178 - INFO - 投票结果: 选择路径 0, 答案: 92, 置信度: 0.8
2025-08-07 03:01:36,180 - INFO - 投票结果: 选择路径 0, 答案: 33.33, 置信度: 0.6
2025-08-07 03:01:36,182 - INFO - 投票结果: 选择路径 0, 答案: 120, 置信度: 1.0
2025-08-07 03:01:36,184 - INFO - 投票结果: 选择路径 0, 答案: 21, 置信度: 1.0
2025-08-07 03:01:36,187 - INFO - 投票结果: 选择路径 0, 答案: 1200, 置信度: 1.0
2025-08-07 03:01:36,189 - INFO - 投票结果: 选择路径 0, 答案: 255, 置信度: 0.8
2025-08-07 03:01:36,191 - INFO - 投票结果: 选择路径 0, 答案: 4, 置信度: 0.9
2025-08-07 03:01:36,193 - INFO - 投票结果: 选择路径 0, 答案: 10, 置信度: 1.0
2025-08-07 03:01:36,195 - INFO - 投票结果: 选择路径 0, 答案: 700, 置信度: 1.0
2025-08-07 03:01:36,197 - INFO - 投票结果: 选择路径 0, 答案: 38, 置信度: 1.0
2025-08-07 03:01:36,199 - INFO - 投票结果: 选择路径 0, 答案: 32, 置信度: 1.0
2025-08-07 03:01:36,201 - INFO - 投票结果: 选择路径 0, 答案: 30, 置信度: 1.0
2025-08-07 03:01:36,203 - INFO - 投票结果: 选择路径 0, 答案: 16, 置信度: 1.0
2025-08-07 03:01:36,206 - INFO - 投票结果: 选择路径 0, 答案: 40, 置信度: 1.0
2025-08-07 03:01:36,208 - INFO - 投票结果: 选择路径 0, 答案: 288, 置信度: 1.0
2025-08-07 03:01:36,210 - INFO - 投票结果: 选择路径 0, 答案: 1100, 置信度: 1.0
2025-08-07 03:01:36,212 - INFO - 投票结果: 选择路径 0, 答案: 20, 置信度: 1.0
2025-08-07 03:01:36,214 - INFO - 投票结果: 选择路径 0, 答案: 2, 置信度: 1.0
2025-08-07 03:01:36,216 - INFO - 投票结果: 选择路径 0, 答案: 1040000, 置信度: 1.0
2025-08-07 03:01:36,218 - INFO - 投票结果: 选择路径 0, 答案: 9, 置信度: 1.0
2025-08-07 03:01:36,220 - INFO - 投票结果: 选择路径 0, 答案: 132, 置信度: 1.0
2025-08-07 03:01:36,222 - INFO - 投票结果: 选择路径 0, 答案: 93, 置信度: 1.0
2025-08-07 03:01:36,224 - INFO - 投票结果: 选择路径 0, 答案: 4, 置信度: 1.0
2025-08-07 03:01:36,226 - INFO - 投票结果: 选择路径 0, 答案: 85, 置信度: 0.4
2025-08-07 03:01:36,229 - INFO - 投票结果: 选择路径 0, 答案: 33, 置信度: 1.0
2025-08-07 03:01:36,231 - INFO - 投票结果: 选择路径 0, 答案: 12, 置信度: 0.9
2025-08-07 03:01:36,233 - INFO - 投票结果: 选择路径 0, 答案: 7200, 置信度: 1.0
2025-08-07 03:01:36,235 - INFO - 投票结果: 选择路径 0, 答案: 60, 置信度: 1.0
2025-08-07 03:01:36,237 - INFO - 投票结果: 选择路径 0, 答案: 44, 置信度: 0.6
2025-08-07 03:01:36,239 - INFO - 投票结果: 选择路径 0, 答案: 113, 置信度: 1.0
2025-08-07 03:01:36,241 - INFO - 投票结果: 选择路径 0, 答案: 43500, 置信度: 0.6
2025-08-07 03:01:36,243 - INFO - 投票结果: 选择路径 0, 答案: 720, 置信度: 1.0
2025-08-07 03:01:36,245 - INFO - 投票结果: 选择路径 0, 答案: 50, 置信度: 1.0
2025-08-07 03:01:36,247 - INFO - 投票结果: 选择路径 0, 答案: 72, 置信度: 0.5
2025-08-07 03:01:36,249 - INFO - 投票结果: 选择路径 0, 答案: 18, 置信度: 0.6
2025-08-07 03:01:36,252 - INFO - 投票结果: 选择路径 0, 答案: 30, 置信度: 1.0
2025-08-07 03:01:36,254 - INFO - 投票结果: 选择路径 0, 答案: 23, 置信度: 0.7
2025-08-07 03:01:36,256 - INFO - 投票结果: 选择路径 0, 答案: 251, 置信度: 1.0
2025-08-07 03:01:36,258 - INFO - 投票结果: 选择路径 0, 答案: 35, 置信度: 1.0
2025-08-07 03:01:36,260 - INFO - 投票结果: 选择路径 0, 答案: 110, 置信度: 1.0
2025-08-07 03:01:36,262 - INFO - 投票结果: 选择路径 0, 答案: 82, 置信度: 1.0
2025-08-07 03:01:36,264 - INFO - 投票结果: 选择路径 0, 答案: 2100, 置信度: 0.6
2025-08-07 03:01:36,266 - INFO - 投票结果: 选择路径 0, 答案: 3, 置信度: 1.0
2025-08-07 03:01:36,268 - INFO - 投票结果: 选择路径 0, 答案: 12, 置信度: 1.0
2025-08-07 03:01:36,270 - INFO - 投票结果: 选择路径 0, 答案: 11, 置信度: 0.5
2025-08-07 03:01:36,273 - INFO - 投票结果: 选择路径 0, 答案: 11, 置信度: 0.3
2025-08-07 03:01:36,275 - INFO - 投票结果: 选择路径 4, 答案: 437.5, 置信度: 0.2
2025-08-07 03:01:36,277 - INFO - 投票结果: 选择路径 0, 答案: 27, 置信度: 1.0
2025-08-07 03:01:36,279 - INFO - 投票结果: 选择路径 0, 答案: 360, 置信度: 1.0
2025-08-07 03:01:36,281 - INFO - 投票结果: 选择路径 1, 答案: -2, 置信度: 0.4
2025-08-07 03:01:36,283 - INFO - 投票结果: 选择路径 0, 答案: 694, 置信度: 1.0
2025-08-07 03:01:36,285 - INFO - 投票结果: 选择路径 0, 答案: 3, 置信度: 1.0
2025-08-07 03:01:36,287 - INFO - 投票结果: 选择路径 0, 答案: 360, 置信度: 1.0
2025-08-07 03:01:36,289 - INFO - 投票结果: 选择路径 2, 答案: 1100, 置信度: 0.7
2025-08-07 03:01:36,291 - INFO - 投票结果: 选择路径 0, 答案: 20, 置信度: 1.0
2025-08-07 03:01:36,294 - INFO - 投票结果: 选择路径 0, 答案: 3360, 置信度: 1.0
2025-08-07 03:01:36,296 - INFO - 投票结果: 选择路径 2, 答案: 39, 置信度: 0.6
2025-08-07 03:01:36,298 - INFO - 投票结果: 选择路径 0, 答案: 12, 置信度: 1.0
2025-08-07 03:01:36,300 - INFO - 投票结果: 选择路径 0, 答案: 215, 置信度: 1.0
2025-08-07 03:01:36,302 - INFO - 投票结果: 选择路径 0, 答案: 4, 置信度: 0.9
2025-08-07 03:01:36,304 - INFO - 投票结果: 选择路径 0, 答案: 9, 置信度: 1.0
2025-08-07 03:01:36,306 - INFO - 投票结果: 选择路径 0, 答案: 3172, 置信度: 0.9
2025-08-07 03:01:36,308 - INFO - 投票结果: 选择路径 0, 答案: 62, 置信度: 1.0
2025-08-07 03:01:36,310 - INFO - 投票结果: 选择路径 2, 答案: 122, 置信度: 0.8
2025-08-07 03:01:36,312 - INFO - 投票结果: 选择路径 0, 答案: 120, 置信度: 1.0
2025-08-07 03:01:36,314 - INFO - 投票结果: 选择路径 0, 答案: 15, 置信度: 1.0
2025-08-07 03:01:36,317 - INFO - 投票结果: 选择路径 4, 答案: 185, 置信度: 0.3
2025-08-07 03:01:36,319 - INFO - 投票结果: 选择路径 0, 答案: 538, 置信度: 0.6
2025-08-07 03:01:36,321 - INFO - 投票结果: 选择路径 1, 答案: 6, 置信度: 0.3
2025-08-07 03:01:36,323 - INFO - 投票结果: 选择路径 0, 答案: 178.75, 置信度: 0.5
2025-08-07 03:01:36,325 - INFO - 投票结果: 选择路径 2, 答案: 226, 置信度: 0.5
2025-08-07 03:01:36,327 - INFO - 投票结果: 选择路径 0, 答案: 63, 置信度: 0.6
2025-08-07 03:01:36,329 - INFO - 投票结果: 选择路径 0, 答案: 10, 置信度: 1.0
2025-08-07 03:01:36,331 - INFO - 投票结果: 选择路径 0, 答案: 6, 置信度: 0.7
2025-08-07 03:01:36,333 - INFO - 投票结果: 选择路径 0, 答案: 43200, 置信度: 1.0
2025-08-07 03:01:36,335 - INFO - 投票结果: 选择路径 0, 答案: 10, 置信度: 1.0
2025-08-07 03:01:36,338 - INFO - 投票结果: 选择路径 0, 答案: 0, 置信度: 0.4
2025-08-07 03:01:36,340 - INFO - 投票结果: 选择路径 0, 答案: 36, 置信度: 0.6
2025-08-07 03:01:36,342 - INFO - 投票结果: 选择路径 0, 答案: 160, 置信度: 0.7
2025-08-07 03:01:36,344 - INFO - 投票结果: 选择路径 0, 答案: 40, 置信度: 1.0
2025-08-07 03:01:36,346 - INFO - 投票结果: 选择路径 0, 答案: 12, 置信度: 0.4
2025-08-07 03:01:36,348 - INFO - 投票结果: 选择路径 1, 答案: 12, 置信度: 0.5
2025-08-07 03:01:36,350 - INFO - 投票结果: 选择路径 0, 答案: 36, 置信度: 1.0
2025-08-07 03:01:36,352 - INFO - 投票结果: 选择路径 0, 答案: 9, 置信度: 1.0
2025-08-07 03:01:36,354 - INFO - 投票结果: 选择路径 0, 答案: 16, 置信度: 0.9
2025-08-07 03:01:36,357 - INFO - 投票结果: 选择路径 0, 答案: 60, 置信度: 1.0
2025-08-07 03:01:36,359 - INFO - 投票结果: 选择路径 0, 答案: 4, 置信度: 1.0
2025-08-07 03:01:36,361 - INFO - 投票结果: 选择路径 0, 答案: 3, 置信度: 1.0
2025-08-07 03:01:36,363 - INFO - 投票结果: 选择路径 0, 答案: 100, 置信度: 1.0
2025-08-07 03:01:36,365 - INFO - 投票结果: 选择路径 3, 答案: 2040, 置信度: 0.2
2025-08-07 03:01:36,367 - INFO - 投票结果: 选择路径 0, 答案: 100, 置信度: 0.4
2025-08-07 03:01:36,369 - INFO - 投票结果: 选择路径 0, 答案: 29, 置信度: 1.0
2025-08-07 03:01:36,371 - INFO - 投票结果: 选择路径 0, 答案: 26, 置信度: 0.4
2025-08-07 03:01:36,373 - INFO - 投票结果: 选择路径 0, 答案: 23, 置信度: 1.0
2025-08-07 03:01:36,375 - INFO - 投票结果: 选择路径 0, 答案: 7, 置信度: 0.2
2025-08-07 03:01:36,378 - INFO - 投票结果: 选择路径 4, 答案: 9, 置信度: 0.5
2025-08-07 03:01:36,380 - INFO - 投票结果: 选择路径 0, 答案: 156, 置信度: 0.9
2025-08-07 03:01:36,382 - INFO - 投票结果: 选择路径 1, 答案: 45, 置信度: 0.4
2025-08-07 03:01:36,384 - INFO - 投票结果: 选择路径 0, 答案: 10, 置信度: 1.0
2025-08-07 03:01:36,386 - INFO - 投票结果: 选择路径 0, 答案: 8, 置信度: 1.0
2025-08-07 03:01:36,388 - INFO - 投票结果: 选择路径 0, 答案: 32, 置信度: 1.0
2025-08-07 03:01:36,390 - INFO - 投票结果: 选择路径 0, 答案: 48, 置信度: 0.9
2025-08-07 03:01:36,392 - INFO - 投票结果: 选择路径 0, 答案: 500, 置信度: 1.0
2025-08-07 03:01:36,394 - INFO - 投票结果: 选择路径 0, 答案: 8, 置信度: 1.0
2025-08-07 03:01:36,397 - INFO - 投票结果: 选择路径 1, 答案: 6, 置信度: 0.8
2025-08-07 03:01:36,399 - INFO - 投票结果: 选择路径 0, 答案: -10, 置信度: 1.0
2025-08-07 03:01:36,401 - INFO - 投票结果: 选择路径 0, 答案: 5, 置信度: 1.0
2025-08-07 03:01:36,403 - INFO - 投票结果: 选择路径 0, 答案: 8, 置信度: 1.0
2025-08-07 03:01:36,405 - INFO - 投票结果: 选择路径 0, 答案: 34, 置信度: 1.0
2025-08-07 03:01:36,407 - INFO - 投票结果: 选择路径 0, 答案: 30, 置信度: 0.9
2025-08-07 03:01:36,409 - INFO - 投票结果: 选择路径 0, 答案: 1000, 置信度: 1.0
2025-08-07 03:01:36,411 - INFO - 投票结果: 选择路径 0, 答案: 6, 置信度: 0.8
2025-08-07 03:01:36,413 - INFO - 投票结果: 选择路径 4, 答案: 100, 置信度: 0.2
2025-08-07 03:01:36,415 - INFO - 投票结果: 选择路径 0, 答案: 1920, 置信度: 1.0
2025-08-07 03:01:36,418 - INFO - 投票结果: 选择路径 1, 答案: 2, 置信度: 0.5
2025-08-07 03:01:36,420 - INFO - 投票结果: 选择路径 0, 答案: 50, 置信度: 1.0
2025-08-07 03:01:36,422 - INFO - 投票结果: 选择路径 0, 答案: 4000, 置信度: 0.9
2025-08-07 03:01:36,424 - INFO - 投票结果: 选择路径 0, 答案: 5, 置信度: 1.0
2025-08-07 03:01:36,426 - INFO - 投票结果: 选择路径 0, 答案: 10, 置信度: 1.0
2025-08-07 03:01:36,428 - INFO - 投票结果: 选择路径 0, 答案: 7, 置信度: 1.0
2025-08-07 03:01:36,430 - INFO - 投票结果: 选择路径 0, 答案: 20, 置信度: 1.0
2025-08-07 03:01:36,433 - INFO - 投票结果: 选择路径 0, 答案: 38, 置信度: 0.7
2025-08-07 03:01:36,435 - INFO - 投票结果: 选择路径 0, 答案: 9, 置信度: 1.0
2025-08-07 03:01:36,437 - INFO - 投票结果: 选择路径 0, 答案: 100000, 置信度: 0.9
2025-08-07 03:01:36,439 - INFO - 投票结果: 选择路径 0, 答案: 120, 置信度: 1.0
2025-08-07 03:01:36,441 - INFO - 投票结果: 选择路径 0, 答案: 10512, 置信度: 0.4
2025-08-07 03:01:36,443 - INFO - 投票结果: 选择路径 2, 答案: 4, 置信度: 0.6
2025-08-07 03:01:36,445 - INFO - 投票结果: 选择路径 0, 答案: 595, 置信度: 0.9
2025-08-07 03:01:36,447 - INFO - 投票结果: 选择路径 0, 答案: 110, 置信度: 1.0
2025-08-07 03:01:36,449 - INFO - 投票结果: 选择路径 0, 答案: 4800, 置信度: 1.0
2025-08-07 03:01:36,451 - INFO - 投票结果: 选择路径 0, 答案: 140, 置信度: 0.9
2025-08-07 03:01:36,454 - INFO - 投票结果: 选择路径 0, 答案: 34, 置信度: 1.0
2025-08-07 03:01:36,456 - INFO - 投票结果: 选择路径 0, 答案: 10, 置信度: 1.0
2025-08-07 03:01:36,458 - INFO - 投票结果: 选择路径 0, 答案: 2450, 置信度: 0.9
2025-08-07 03:01:36,460 - INFO - 投票结果: 选择路径 0, 答案: 30, 置信度: 1.0
2025-08-07 03:01:36,462 - INFO - 投票结果: 选择路径 3, 答案: 224000, 置信度: 0.7
2025-08-07 03:01:36,464 - INFO - 投票结果: 选择路径 0, 答案: 168, 置信度: 1.0
2025-08-07 03:01:36,466 - INFO - 投票结果: 选择路径 1, 答案: 120, 置信度: 0.7
2025-08-07 03:01:36,468 - INFO - 投票结果: 选择路径 0, 答案: 3, 置信度: 0.6
2025-08-07 03:01:36,471 - INFO - 投票结果: 选择路径 0, 答案: 20, 置信度: 1.0
2025-08-07 03:01:36,473 - INFO - 投票结果: 选择路径 1, 答案: 4, 置信度: 0.8
2025-08-07 03:01:36,475 - INFO - 投票结果: 选择路径 1, 答案: 7.50, 置信度: 0.9
2025-08-07 03:01:36,477 - INFO - 投票结果: 选择路径 0, 答案: 8, 置信度: 1.0
2025-08-07 03:01:36,479 - INFO - 投票结果: 选择路径 0, 答案: 308, 置信度: 1.0
2025-08-07 03:01:36,481 - INFO - 投票结果: 选择路径 0, 答案: 187, 置信度: 1.0
2025-08-07 03:01:36,483 - INFO - 投票结果: 选择路径 0, 答案: 123, 置信度: 1.0
2025-08-07 03:01:36,485 - INFO - 投票结果: 选择路径 0, 答案: 4, 置信度: 0.9
2025-08-07 03:01:36,487 - INFO - 投票结果: 选择路径 3, 答案: 143, 置信度: 0.5
2025-08-07 03:01:36,490 - INFO - 投票结果: 选择路径 0, 答案: 14000, 置信度: 1.0
2025-08-07 03:01:36,492 - INFO - 投票结果: 选择路径 1, 答案: 32, 置信度: 0.7
2025-08-07 03:01:36,494 - INFO - 投票结果: 选择路径 0, 答案: 7, 置信度: 1.0
2025-08-07 03:01:36,496 - INFO - 投票结果: 选择路径 2, 答案: 480, 置信度: 0.7
2025-08-07 03:01:36,498 - INFO - 投票结果: 选择路径 0, 答案: 2, 置信度: 1.0
2025-08-07 03:01:36,500 - INFO - 投票结果: 选择路径 0, 答案: 45, 置信度: 1.0
2025-08-07 03:01:36,502 - INFO - 投票结果: 选择路径 0, 答案: 31, 置信度: 1.0
2025-08-07 03:01:36,504 - INFO - 投票结果: 选择路径 0, 答案: 10, 置信度: 0.8
2025-08-07 03:01:36,506 - INFO - 投票结果: 选择路径 0, 答案: 18, 置信度: 1.0
2025-08-07 03:01:36,508 - INFO - 投票结果: 选择路径 2, 答案: 6, 置信度: 0.5
2025-08-07 03:01:36,511 - INFO - 投票结果: 选择路径 0, 答案: 93000, 置信度: 1.0
2025-08-07 03:01:36,513 - INFO - 投票结果: 选择路径 2, 答案: 9796, 置信度: 0.3
2025-08-07 03:01:36,515 - INFO - 投票结果: 选择路径 0, 答案: 150, 置信度: 1.0
2025-08-07 03:01:36,517 - INFO - 投票结果: 选择路径 0, 答案: 220, 置信度: 1.0
2025-08-07 03:01:36,519 - INFO - 投票结果: 选择路径 0, 答案: 12, 置信度: 1.0
2025-08-07 03:01:36,521 - INFO - 投票结果: 选择路径 0, 答案: 71, 置信度: 1.0
2025-08-07 03:01:36,523 - INFO - 投票结果: 选择路径 0, 答案: 8, 置信度: 1.0
2025-08-07 03:01:36,525 - INFO - 投票结果: 选择路径 0, 答案: 25, 置信度: 0.3
2025-08-07 03:01:36,527 - INFO - 投票结果: 选择路径 0, 答案: 53, 置信度: 1.0
2025-08-07 03:01:36,529 - INFO - 投票结果: 选择路径 0, 答案: 31800, 置信度: 1.0
2025-08-07 03:01:36,532 - INFO - 投票结果: 选择路径 0, 答案: 4, 置信度: 1.0
2025-08-07 03:01:36,534 - INFO - 投票结果: 选择路径 0, 答案: 12, 置信度: 1.0
2025-08-07 03:01:36,536 - INFO - 投票结果: 选择路径 0, 答案: 10, 置信度: 1.0
2025-08-07 03:01:36,538 - INFO - 投票结果: 选择路径 1, 答案: 2800, 置信度: 0.5
2025-08-07 03:01:36,540 - INFO - 投票结果: 选择路径 0, 答案: 18, 置信度: 1.0
2025-08-07 03:01:36,542 - INFO - 投票结果: 选择路径 0, 答案: 18, 置信度: 0.7
2025-08-07 03:01:36,544 - INFO - 投票结果: 选择路径 0, 答案: 139, 置信度: 1.0
2025-08-07 03:01:36,546 - INFO - 投票结果: 选择路径 0, 答案: 36, 置信度: 0.8
2025-08-07 03:01:36,548 - INFO - 投票结果: 选择路径 0, 答案: 6, 置信度: 1.0
2025-08-07 03:01:36,550 - INFO - 投票结果: 选择路径 0, 答案: 12, 置信度: 1.0
2025-08-07 03:01:36,553 - INFO - 投票结果: 选择路径 0, 答案: 78, 置信度: 1.0
2025-08-07 03:01:36,555 - INFO - 投票结果: 选择路径 0, 答案: 3, 置信度: 1.0
2025-08-07 03:01:36,557 - INFO - 投票结果: 选择路径 2, 答案: 300, 置信度: 0.2
2025-08-07 03:01:36,559 - INFO - 投票结果: 选择路径 0, 答案: 57, 置信度: 0.9
2025-08-07 03:01:36,561 - INFO - 投票结果: 选择路径 0, 答案: 90, 置信度: 1.0
2025-08-07 03:01:36,563 - INFO - 投票结果: 选择路径 3, 答案: 3600, 置信度: 0.3
2025-08-07 03:01:36,565 - INFO - 投票结果: 选择路径 0, 答案: 85, 置信度: 0.4
2025-08-07 03:01:36,567 - INFO - 投票结果: 选择路径 1, 答案: 11, 置信度: 0.5
2025-08-07 03:01:36,570 - INFO - 投票结果: 选择路径 0, 答案: 90, 置信度: 1.0
2025-08-07 03:01:36,572 - INFO - 投票结果: 选择路径 0, 答案: 42, 置信度: 0.9
2025-08-07 03:01:36,574 - INFO - 投票结果: 选择路径 0, 答案: 162, 置信度: 1.0
2025-08-07 03:01:36,576 - INFO - 投票结果: 选择路径 0, 答案: 9, 置信度: 1.0
2025-08-07 03:01:36,578 - INFO - 投票结果: 选择路径 0, 答案: 49, 置信度: 0.2
2025-08-07 03:01:36,580 - INFO - 投票结果: 选择路径 2, 答案: 80, 置信度: 0.3
2025-08-07 03:01:36,582 - INFO - 投票结果: 选择路径 0, 答案: 14000, 置信度: 0.8
2025-08-07 03:01:36,584 - INFO - 投票结果: 选择路径 0, 答案: 45, 置信度: 1.0
2025-08-07 03:01:36,586 - INFO - 投票结果: 选择路径 1, 答案: 400, 置信度: 0.7
2025-08-07 03:01:36,588 - INFO - 投票结果: 选择路径 0, 答案: 30, 置信度: 0.6
2025-08-07 03:01:36,591 - INFO - 投票结果: 选择路径 0, 答案: 30, 置信度: 1.0
2025-08-07 03:01:36,593 - INFO - 投票结果: 选择路径 0, 答案: 280, 置信度: 1.0
2025-08-07 03:01:36,595 - INFO - 投票结果: 选择路径 1, 答案: 5, 置信度: 0.6
2025-08-07 03:01:36,597 - INFO - 投票结果: 选择路径 0, 答案: 135, 置信度: 1.0
2025-08-07 03:01:36,599 - INFO - 投票结果: 选择路径 0, 答案: 67, 置信度: 1.0
2025-08-07 03:01:36,601 - INFO - 投票结果: 选择路径 0, 答案: 1260, 置信度: 1.0
2025-08-07 03:01:36,603 - INFO - 投票结果: 选择路径 0, 答案: 80, 置信度: 1.0
2025-08-07 03:01:36,605 - INFO - 投票结果: 选择路径 2, 答案: 1320, 置信度: 0.5
2025-08-07 03:01:36,607 - INFO - 投票结果: 选择路径 0, 答案: 15, 置信度: 1.0
2025-08-07 03:01:36,609 - INFO - 投票结果: 选择路径 0, 答案: 12, 置信度: 1.0
2025-08-07 03:01:36,612 - INFO - 投票结果: 选择路径 0, 答案: 15, 置信度: 1.0
2025-08-07 03:01:36,614 - INFO - 投票结果: 选择路径 0, 答案: 221, 置信度: 1.0
2025-08-07 03:01:36,616 - INFO - 投票结果: 选择路径 0, 答案: 5, 置信度: 1.0
2025-08-07 03:01:36,618 - INFO - 投票结果: 选择路径 0, 答案: 11, 置信度: 1.0
2025-08-07 03:01:36,620 - INFO - 投票结果: 选择路径 0, 答案: 8400, 置信度: 1.0
2025-08-07 03:01:36,622 - INFO - 投票结果: 选择路径 0, 答案: 3000, 置信度: 1.0
2025-08-07 03:01:36,624 - INFO - 投票结果: 选择路径 0, 答案: 60, 置信度: 1.0
2025-08-07 03:01:36,626 - INFO - 投票结果: 选择路径 0, 答案: 826, 置信度: 1.0
2025-08-07 03:01:36,628 - INFO - 投票结果: 选择路径 0, 答案: 20, 置信度: 1.0
2025-08-07 03:01:36,630 - INFO - 投票结果: 选择路径 2, 答案: 6, 置信度: 0.6
2025-08-07 03:01:36,633 - INFO - 投票结果: 选择路径 0, 答案: 4, 置信度: 0.6
2025-08-07 03:01:36,635 - INFO - 投票结果: 选择路径 0, 答案: 480, 置信度: 1.0
2025-08-07 03:01:36,637 - INFO - 投票结果: 选择路径 0, 答案: 14400, 置信度: 1.0
2025-08-07 03:01:36,639 - INFO - 投票结果: 选择路径 0, 答案: 3, 置信度: 0.7
2025-08-07 03:01:36,641 - INFO - 投票结果: 选择路径 0, 答案: 250, 置信度: 1.0
2025-08-07 03:01:36,643 - INFO - 投票结果: 选择路径 0, 答案: 168, 置信度: 1.0
2025-08-07 03:01:36,645 - INFO - 投票结果: 选择路径 1, 答案: 16200, 置信度: 0.3
2025-08-07 03:01:36,647 - INFO - 投票结果: 选择路径 1, 答案: 120, 置信度: 0.7
2025-08-07 03:01:36,649 - INFO - 投票结果: 选择路径 0, 答案: 270, 置信度: 1.0
2025-08-07 03:01:36,652 - INFO - 投票结果: 选择路径 0, 答案: 26, 置信度: 1.0
2025-08-07 03:01:36,654 - INFO - 投票结果: 选择路径 0, 答案: 20, 置信度: 1.0
2025-08-07 03:01:36,656 - INFO - 投票结果: 选择路径 0, 答案: 45, 置信度: 0.6
2025-08-07 03:01:36,658 - INFO - 投票结果: 选择路径 0, 答案: 101, 置信度: 1.0
2025-08-07 03:01:36,660 - INFO - 投票结果: 选择路径 0, 答案: 80, 置信度: 0.5
2025-08-07 03:01:36,662 - INFO - 投票结果: 选择路径 0, 答案: 85, 置信度: 1.0
2025-08-07 03:01:36,664 - INFO - 投票结果: 选择路径 1, 答案: 4, 置信度: 0.4
2025-08-07 03:01:36,666 - INFO - 投票结果: 选择路径 2, 答案: 800, 置信度: 0.6
2025-08-07 03:01:36,668 - INFO - 投票结果: 选择路径 0, 答案: 300, 置信度: 1.0
2025-08-07 03:01:36,671 - INFO - 投票结果: 选择路径 0, 答案: 31, 置信度: 1.0
2025-08-07 03:01:36,673 - INFO - 投票结果: 选择路径 0, 答案: 12, 置信度: 1.0
2025-08-07 03:01:36,675 - INFO - 投票结果: 选择路径 0, 答案: 2:00p, 置信度: 0.7
2025-08-07 03:01:36,677 - INFO - 投票结果: 选择路径 0, 答案: 3, 置信度: 1.0
2025-08-07 03:01:36,679 - INFO - 投票结果: 选择路径 0, 答案: 10, 置信度: 0.9
2025-08-07 03:01:36,681 - INFO - 投票结果: 选择路径 0, 答案: 45, 置信度: 1.0
2025-08-07 03:01:36,683 - INFO - 投票结果: 选择路径 0, 答案: 200, 置信度: 1.0
2025-08-07 03:01:36,685 - INFO - 投票结果: 选择路径 0, 答案: 55, 置信度: 0.7
2025-08-07 03:01:36,687 - INFO - 投票结果: 选择路径 0, 答案: 10, 置信度: 0.8
2025-08-07 03:01:36,689 - INFO - 投票结果: 选择路径 0, 答案: 98, 置信度: 1.0
2025-08-07 03:01:36,692 - INFO - 投票结果: 选择路径 2, 答案: 0, 置信度: 0.3
2025-08-07 03:01:36,694 - INFO - 投票结果: 选择路径 1, 答案: 45, 置信度: 0.4
2025-08-07 03:01:36,696 - INFO - 投票结果: 选择路径 0, 答案: 7.5, 置信度: 0.4
2025-08-07 03:01:36,698 - INFO - 投票结果: 选择路径 0, 答案: 8, 置信度: 0.8
2025-08-07 03:01:36,700 - INFO - 投票结果: 选择路径 2, 答案: 37.5, 置信度: 0.2
2025-08-07 03:01:36,702 - INFO - 投票结果: 选择路径 0, 答案: 70, 置信度: 1.0
2025-08-07 03:01:36,705 - INFO - 投票结果: 选择路径 0, 答案: 294, 置信度: 1.0
2025-08-07 03:01:36,707 - INFO - 投票结果: 选择路径 0, 答案: 5, 置信度: 1.0
2025-08-07 03:01:36,709 - INFO - 投票结果: 选择路径 0, 答案: 13, 置信度: 1.0
2025-08-07 03:01:36,711 - INFO - 投票结果: 选择路径 0, 答案: 195, 置信度: 1.0
2025-08-07 03:01:36,713 - INFO - 投票结果: 选择路径 0, 答案: 7, 置信度: 1.0
2025-08-07 03:01:36,715 - INFO - 投票结果: 选择路径 0, 答案: 1875, 置信度: 0.8
2025-08-07 03:01:36,717 - INFO - 投票结果: 选择路径 0, 答案: 385000, 置信度: 1.0
2025-08-07 03:01:36,719 - INFO - 投票结果: 选择路径 0, 答案: 85, 置信度: 1.0
2025-08-07 03:01:36,721 - INFO - 投票结果: 选择路径 0, 答案: 27, 置信度: 1.0
2025-08-07 03:01:36,723 - INFO - 投票结果: 选择路径 0, 答案: 159, 置信度: 1.0
2025-08-07 03:01:36,725 - INFO - 投票结果: 选择路径 0, 答案: 25, 置信度: 1.0
2025-08-07 03:01:36,728 - INFO - 投票结果: 选择路径 0, 答案: 720, 置信度: 1.0
2025-08-07 03:01:36,730 - INFO - 投票结果: 选择路径 0, 答案: 549, 置信度: 1.0
2025-08-07 03:01:36,732 - INFO - 投票结果: 选择路径 0, 答案: 7, 置信度: 0.9
2025-08-07 03:01:36,734 - INFO - 投票结果: 选择路径 0, 答案: 25, 置信度: 0.6
2025-08-07 03:01:36,736 - INFO - 投票结果: 选择路径 3, 答案: 90, 置信度: 0.4
2025-08-07 03:01:36,738 - INFO - 投票结果: 选择路径 0, 答案: 2, 置信度: 0.8
2025-08-07 03:01:36,740 - INFO - 投票结果: 选择路径 0, 答案: 22, 置信度: 1.0
2025-08-07 03:01:36,742 - INFO - 投票结果: 选择路径 0, 答案: 40, 置信度: 0.9
2025-08-07 03:01:36,744 - INFO - 投票结果: 选择路径 0, 答案: 1950, 置信度: 0.8
2025-08-07 03:01:36,746 - INFO - 投票结果: 选择路径 1, 答案: 500, 置信度: 0.4
2025-08-07 03:01:36,749 - INFO - 投票结果: 选择路径 0, 答案: 10, 置信度: 0.9
2025-08-07 03:01:36,751 - INFO - 投票结果: 选择路径 1, 答案: 27, 置信度: 0.7
2025-08-07 03:01:36,753 - INFO - 投票结果: 选择路径 0, 答案: 17, 置信度: 1.0
2025-08-07 03:01:36,755 - INFO - 投票结果: 选择路径 0, 答案: 50, 置信度: 0.9
2025-08-07 03:01:36,757 - INFO - 投票结果: 选择路径 0, 答案: 96, 置信度: 1.0
2025-08-07 03:01:36,759 - INFO - 投票结果: 选择路径 0, 答案: 280, 置信度: 0.8
2025-08-07 03:01:36,761 - INFO - 投票结果: 选择路径 0, 答案: 60, 置信度: 0.8
2025-08-07 03:01:36,763 - INFO - 投票结果: 选择路径 0, 答案: 142, 置信度: 1.0
2025-08-07 03:01:36,765 - INFO - 投票结果: 选择路径 0, 答案: 5, 置信度: 0.6
2025-08-07 03:01:36,767 - INFO - 投票结果: 选择路径 0, 答案: 95, 置信度: 1.0
2025-08-07 03:01:36,770 - INFO - 投票结果: 选择路径 0, 答案: 175, 置信度: 1.0
2025-08-07 03:01:36,772 - INFO - 投票结果: 选择路径 0, 答案: 20, 置信度: 1.0
2025-08-07 03:01:36,774 - INFO - 投票结果: 选择路径 0, 答案: 15, 置信度: 1.0
2025-08-07 03:01:36,776 - INFO - 投票结果: 选择路径 1, 答案: 330, 置信度: 0.8
2025-08-07 03:01:36,778 - INFO - 投票结果: 选择路径 0, 答案: 2, 置信度: 0.7
2025-08-07 03:01:36,780 - INFO - 投票结果: 选择路径 0, 答案: 2, 置信度: 1.0
2025-08-07 03:01:36,782 - INFO - 投票结果: 选择路径 0, 答案: 120, 置信度: 0.8
2025-08-07 03:01:36,784 - INFO - 投票结果: 选择路径 0, 答案: 70, 置信度: 1.0
2025-08-07 03:01:36,786 - INFO - 投票结果: 选择路径 0, 答案: 17000, 置信度: 1.0
2025-08-07 03:01:36,789 - INFO - 投票结果: 选择路径 0, 答案: 57, 置信度: 0.9
2025-08-07 03:01:36,791 - INFO - 投票结果: 选择路径 0, 答案: 1260, 置信度: 1.0
2025-08-07 03:01:36,793 - INFO - 投票结果: 选择路径 0, 答案: 4500, 置信度: 1.0
2025-08-07 03:01:36,795 - INFO - 投票结果: 选择路径 1, 答案: 5, 置信度: 0.8
2025-08-07 03:01:36,797 - INFO - 投票结果: 选择路径 0, 答案: 360, 置信度: 1.0
2025-08-07 03:01:36,799 - INFO - 投票结果: 选择路径 0, 答案: 50, 置信度: 1.0
2025-08-07 03:01:36,801 - INFO - 投票结果: 选择路径 1, 答案: 390, 置信度: 0.4
2025-08-07 03:01:36,803 - INFO - 投票结果: 选择路径 0, 答案: 2, 置信度: 1.0
2025-08-07 03:01:36,805 - INFO - 投票结果: 选择路径 0, 答案: 10.83, 置信度: 0.9
2025-08-07 03:01:36,807 - INFO - 投票结果: 选择路径 0, 答案: 5760, 置信度: 1.0
2025-08-07 03:01:36,810 - INFO - 投票结果: 选择路径 0, 答案: 35, 置信度: 0.8
2025-08-07 03:01:36,812 - INFO - 投票结果: 选择路径 0, 答案: 57, 置信度: 0.7
2025-08-07 03:01:36,814 - INFO - 投票结果: 选择路径 0, 答案: 7, 置信度: 1.0
2025-08-07 03:01:36,816 - INFO - 投票结果: 选择路径 0, 答案: 3, 置信度: 1.0
2025-08-07 03:01:36,818 - INFO - 投票结果: 选择路径 2, 答案: 147, 置信度: 0.6
2025-08-07 03:01:36,820 - INFO - 投票结果: 选择路径 0, 答案: 280, 置信度: 0.7
2025-08-07 03:01:36,822 - INFO - 投票结果: 选择路径 0, 答案: 16, 置信度: 1.0
2025-08-07 03:01:36,824 - INFO - 投票结果: 选择路径 0, 答案: 10, 置信度: 1.0
2025-08-07 03:01:36,826 - INFO - 投票结果: 选择路径 0, 答案: 101, 置信度: 1.0
2025-08-07 03:01:36,828 - INFO - 投票结果: 选择路径 0, 答案: 12, 置信度: 0.9
2025-08-07 03:01:36,831 - INFO - 投票结果: 选择路径 0, 答案: 78, 置信度: 1.0
2025-08-07 03:01:36,833 - INFO - 投票结果: 选择路径 0, 答案: 16, 置信度: 1.0
2025-08-07 03:01:36,835 - INFO - 投票结果: 选择路径 0, 答案: 8, 置信度: 1.0
2025-08-07 03:01:36,837 - INFO - 投票结果: 选择路径 0, 答案: 20, 置信度: 0.5
2025-08-07 03:01:36,839 - INFO - 投票结果: 选择路径 0, 答案: 280, 置信度: 0.7
2025-08-07 03:01:36,841 - INFO - 投票结果: 选择路径 0, 答案: 1.96875, 置信度: 0.5
2025-08-07 03:01:36,843 - INFO - 投票结果: 选择路径 0, 答案: 105, 置信度: 1.0
2025-08-07 03:01:36,845 - INFO - 投票结果: 选择路径 0, 答案: 58, 置信度: 1.0
2025-08-07 03:01:36,847 - INFO - 投票结果: 选择路径 0, 答案: 6, 置信度: 1.0
2025-08-07 03:01:36,850 - INFO - 投票结果: 选择路径 1, 答案: 220, 置信度: 0.6
2025-08-07 03:01:36,852 - INFO - 投票结果: 选择路径 0, 答案: 770, 置信度: 1.0
2025-08-07 03:01:36,854 - INFO - 投票结果: 选择路径 0, 答案: 28, 置信度: 1.0
2025-08-07 03:01:36,856 - INFO - 投票结果: 选择路径 0, 答案: 25, 置信度: 0.5
2025-08-07 03:01:36,858 - INFO - 投票结果: 选择路径 0, 答案: 1630, 置信度: 1.0
2025-08-07 03:01:36,860 - INFO - 投票结果: 选择路径 0, 答案: 55, 置信度: 1.0
2025-08-07 03:01:36,862 - INFO - 投票结果: 选择路径 0, 答案: 40, 置信度: 1.0
2025-08-07 03:01:36,864 - INFO - 投票结果: 选择路径 0, 答案: 11, 置信度: 1.0
2025-08-07 03:01:36,866 - INFO - 投票结果: 选择路径 0, 答案: 3, 置信度: 1.0
2025-08-07 03:01:36,868 - INFO - 投票结果: 选择路径 0, 答案: 20, 置信度: 1.0
2025-08-07 03:01:36,870 - INFO - 投票结果: 选择路径 0, 答案: 15, 置信度: 0.8
2025-08-07 03:01:36,873 - INFO - 投票结果: 选择路径 1, 答案: 30, 置信度: 0.7
2025-08-07 03:01:36,875 - INFO - 投票结果: 选择路径 0, 答案: 70, 置信度: 1.0
2025-08-07 03:01:36,877 - INFO - 投票结果: 选择路径 0, 答案: 63, 置信度: 1.0
2025-08-07 03:01:36,879 - INFO - 投票结果: 选择路径 0, 答案: 14, 置信度: 0.7
2025-08-07 03:01:36,881 - INFO - 投票结果: 选择路径 0, 答案: 11, 置信度: 1.0
2025-08-07 03:01:36,883 - INFO - 投票结果: 选择路径 1, 答案: 153, 置信度: 0.9
2025-08-07 03:01:36,885 - INFO - 投票结果: 选择路径 0, 答案: 15, 置信度: 1.0
2025-08-07 03:01:36,887 - INFO - 投票结果: 选择路径 1, 答案: 115, 置信度: 0.3
2025-08-07 03:01:36,889 - INFO - 投票结果: 选择路径 0, 答案: 130, 置信度: 0.3
2025-08-07 03:01:36,891 - INFO - 投票结果: 选择路径 0, 答案: 600, 置信度: 1.0
2025-08-07 03:01:36,894 - INFO - 投票结果: 选择路径 0, 答案: 20, 置信度: 1.0
2025-08-07 03:01:36,896 - INFO - 投票结果: 选择路径 0, 答案: 12, 置信度: 1.0
2025-08-07 03:01:36,898 - INFO - 投票结果: 选择路径 0, 答案: 87, 置信度: 1.0
2025-08-07 03:01:36,900 - INFO - 投票结果: 选择路径 0, 答案: 54, 置信度: 0.7
2025-08-07 03:01:36,902 - INFO - 投票结果: 选择路径 0, 答案: 10, 置信度: 1.0
2025-08-07 03:01:36,904 - INFO - 投票结果: 选择路径 0, 答案: 18, 置信度: 1.0
2025-08-07 03:01:36,906 - INFO - 投票结果: 选择路径 0, 答案: 230, 置信度: 1.0
2025-08-07 03:01:36,908 - INFO - 投票结果: 选择路径 0, 答案: 5, 置信度: 0.5
2025-08-07 03:01:36,910 - INFO - 投票结果: 选择路径 0, 答案: 1132, 置信度: 0.9
2025-08-07 03:01:36,912 - INFO - 投票结果: 选择路径 0, 答案: 2330, 置信度: 0.5
2025-08-07 03:01:36,915 - INFO - 投票结果: 选择路径 0, 答案: 80, 置信度: 1.0
2025-08-07 03:01:36,917 - INFO - 投票结果: 选择路径 0, 答案: 880, 置信度: 1.0
2025-08-07 03:01:36,919 - INFO - 投票结果: 选择路径 0, 答案: 5, 置信度: 1.0
2025-08-07 03:01:36,921 - INFO - 投票结果: 选择路径 0, 答案: 45, 置信度: 1.0
2025-08-07 03:01:36,923 - INFO - 投票结果: 选择路径 0, 答案: 75, 置信度: 1.0
2025-08-07 03:01:36,925 - INFO - 投票结果: 选择路径 0, 答案: 4, 置信度: 1.0
2025-08-07 03:01:36,927 - INFO - 投票结果: 选择路径 0, 答案: 350, 置信度: 1.0
2025-08-07 03:01:36,929 - INFO - 投票结果: 选择路径 0, 答案: 200, 置信度: 1.0
2025-08-07 03:01:36,931 - INFO - 投票结果: 选择路径 0, 答案: 334, 置信度: 0.7
2025-08-07 03:01:36,933 - INFO - 投票结果: 选择路径 0, 答案: 21, 置信度: 1.0
2025-08-07 03:01:36,935 - INFO - 投票结果: 选择路径 0, 答案: 19, 置信度: 1.0
2025-08-07 03:01:36,938 - INFO - 投票结果: 选择路径 0, 答案: 13, 置信度: 0.9
2025-08-07 03:01:36,940 - INFO - 投票结果: 选择路径 0, 答案: 10, 置信度: 0.8
2025-08-07 03:01:36,942 - INFO - 投票结果: 选择路径 0, 答案: 440, 置信度: 1.0
2025-08-07 03:01:36,944 - INFO - 投票结果: 选择路径 0, 答案: 48, 置信度: 1.0
2025-08-07 03:01:36,946 - INFO - 投票结果: 选择路径 2, 答案: 33, 置信度: 0.5
2025-08-07 03:01:36,948 - INFO - 投票结果: 选择路径 1, 答案: 64, 置信度: 0.8
2025-08-07 03:01:36,950 - INFO - 投票结果: 选择路径 0, 答案: 22, 置信度: 1.0
2025-08-07 03:01:36,952 - INFO - 投票结果: 选择路径 0, 答案: 57500, 置信度: 1.0
2025-08-07 03:01:36,954 - INFO - 投票结果: 选择路径 0, 答案: 35, 置信度: 1.0
2025-08-07 03:01:36,956 - INFO - 投票结果: 选择路径 0, 答案: 26, 置信度: 1.0
2025-08-07 03:01:36,959 - INFO - 投票结果: 选择路径 3, 答案: 20, 置信度: 0.4
2025-08-07 03:01:36,961 - INFO - 投票结果: 选择路径 0, 答案: 27000, 置信度: 0.9
2025-08-07 03:01:36,963 - INFO - 投票结果: 选择路径 1, 答案: 157, 置信度: 0.9
2025-08-07 03:01:36,965 - INFO - 投票结果: 选择路径 0, 答案: 14, 置信度: 1.0
2025-08-07 03:01:36,967 - INFO - 投票结果: 选择路径 0, 答案: 26, 置信度: 0.9
2025-08-07 03:01:36,969 - INFO - 投票结果: 选择路径 0, 答案: 1062.93, 置信度: 0.7
2025-08-07 03:01:36,971 - INFO - 投票结果: 选择路径 0, 答案: 12, 置信度: 1.0
2025-08-07 03:01:36,973 - INFO - 投票结果: 选择路径 0, 答案: 12, 置信度: 0.2
2025-08-07 03:01:36,975 - INFO - 投票结果: 选择路径 0, 答案: 366, 置信度: 1.0
2025-08-07 03:01:36,977 - INFO - 投票结果: 选择路径 0, 答案: 195, 置信度: 1.0
2025-08-07 03:01:36,979 - INFO - 投票结果: 选择路径 0, 答案: 90, 置信度: 1.0
2025-08-07 03:01:36,982 - INFO - 投票结果: 选择路径 0, 答案: 50, 置信度: 0.5
2025-08-07 03:01:36,984 - INFO - 投票结果: 选择路径 0, 答案: 400, 置信度: 1.0
2025-08-07 03:01:36,986 - INFO - 投票结果: 选择路径 0, 答案: 6, 置信度: 0.9
2025-08-07 03:01:36,988 - INFO - 投票结果: 选择路径 0, 答案: 17, 置信度: 1.0
2025-08-07 03:01:36,990 - INFO - 投票结果: 选择路径 0, 答案: 80, 置信度: 0.7
2025-08-07 03:01:36,992 - INFO - 投票结果: 选择路径 1, 答案: 22, 置信度: 0.7
2025-08-07 03:01:36,994 - INFO - 投票结果: 选择路径 0, 答案: 44, 置信度: 1.0
2025-08-07 03:01:36,996 - INFO - 投票结果: 选择路径 0, 答案: 48, 置信度: 0.6
2025-08-07 03:01:36,998 - INFO - 投票结果: 选择路径 0, 答案: 27, 置信度: 1.0
2025-08-07 03:01:37,000 - INFO - 投票结果: 选择路径 0, 答案: 120, 置信度: 1.0
2025-08-07 03:01:37,002 - INFO - 投票结果: 选择路径 0, 答案: 12, 置信度: 1.0
2025-08-07 03:01:37,005 - INFO - 投票结果: 选择路径 0, 答案: 5, 置信度: 1.0
2025-08-07 03:01:37,007 - INFO - 投票结果: 选择路径 0, 答案: 36, 置信度: 1.0
2025-08-07 03:01:37,009 - INFO - 投票结果: 选择路径 0, 答案: 9, 置信度: 1.0
2025-08-07 03:01:37,011 - INFO - 投票结果: 选择路径 0, 答案: 2, 置信度: 1.0
2025-08-07 03:01:37,013 - INFO - 投票结果: 选择路径 2, 答案: 26, 置信度: 0.6
2025-08-07 03:01:37,015 - INFO - 投票结果: 选择路径 0, 答案: 70, 置信度: 1.0
2025-08-07 03:01:37,017 - INFO - 投票结果: 选择路径 0, 答案: 2440, 置信度: 0.8
2025-08-07 03:01:37,019 - INFO - 投票结果: 选择路径 0, 答案: 3200, 置信度: 1.0
2025-08-07 03:01:37,021 - INFO - 投票结果: 选择路径 0, 答案: 142, 置信度: 1.0
2025-08-07 03:01:37,023 - INFO - 投票结果: 选择路径 0, 答案: 90, 置信度: 1.0
2025-08-07 03:01:37,025 - INFO - 投票结果: 选择路径 0, 答案: 200, 置信度: 0.8
2025-08-07 03:01:37,028 - INFO - 投票结果: 选择路径 0, 答案: 330000, 置信度: 0.9
2025-08-07 03:01:37,030 - INFO - 投票结果: 选择路径 0, 答案: 9, 置信度: 1.0
2025-08-07 03:01:37,032 - INFO - 投票结果: 选择路径 0, 答案: 10, 置信度: 1.0
2025-08-07 03:01:37,034 - INFO - 投票结果: 选择路径 1, 答案: 40, 置信度: 0.5
2025-08-07 03:01:37,036 - INFO - 投票结果: 选择路径 0, 答案: 700, 置信度: 1.0
2025-08-07 03:01:37,038 - INFO - 投票结果: 选择路径 0, 答案: 12, 置信度: 1.0
2025-08-07 03:01:37,040 - INFO - 投票结果: 选择路径 0, 答案: 3, 置信度: 1.0
2025-08-07 03:01:37,042 - INFO - 投票结果: 选择路径 0, 答案: 320, 置信度: 1.0
2025-08-07 03:01:37,045 - INFO - 投票结果: 选择路径 1, 答案: 50, 置信度: 0.2
2025-08-07 03:01:37,047 - INFO - 投票结果: 选择路径 0, 答案: 57, 置信度: 0.4
2025-08-07 03:01:37,049 - INFO - 投票结果: 选择路径 0, 答案: 50, 置信度: 1.0
2025-08-07 03:01:37,051 - INFO - 投票结果: 选择路径 0, 答案: 1850, 置信度: 0.7
2025-08-07 03:01:37,053 - INFO - 投票结果: 选择路径 0, 答案: 12, 置信度: 1.0
2025-08-07 03:01:37,055 - INFO - 投票结果: 选择路径 0, 答案: 2640, 置信度: 1.0
2025-08-07 03:01:37,057 - INFO - 投票结果: 选择路径 0, 答案: 98, 置信度: 1.0
2025-08-07 03:01:37,059 - INFO - 投票结果: 选择路径 0, 答案: 19, 置信度: 1.0
2025-08-07 03:01:37,062 - INFO - 投票结果: 选择路径 0, 答案: 21, 置信度: 1.0
2025-08-07 03:01:37,064 - INFO - 投票结果: 选择路径 1, 答案: 5, 置信度: 0.9
2025-08-07 03:01:37,066 - INFO - 投票结果: 选择路径 0, 答案: 30, 置信度: 1.0
2025-08-07 03:01:37,068 - INFO - 投票结果: 选择路径 0, 答案: 34, 置信度: 1.0
2025-08-07 03:01:37,070 - INFO - 投票结果: 选择路径 2, 答案: 48, 置信度: 0.6
2025-08-07 03:01:37,072 - INFO - 投票结果: 选择路径 0, 答案: 7, 置信度: 1.0
2025-08-07 03:01:37,074 - INFO - 投票结果: 选择路径 0, 答案: 50, 置信度: 1.0
2025-08-07 03:01:37,076 - INFO - 投票结果: 选择路径 0, 答案: 25, 置信度: 1.0
2025-08-07 03:01:37,078 - INFO - 投票结果: 选择路径 0, 答案: 500, 置信度: 1.0
2025-08-07 03:01:37,080 - INFO - 投票结果: 选择路径 0, 答案: 300, 置信度: 1.0
2025-08-07 03:01:37,082 - INFO - 投票结果: 选择路径 0, 答案: 842, 置信度: 1.0
2025-08-07 03:01:37,084 - INFO - 投票结果: 选择路径 0, 答案: 600, 置信度: 0.9
2025-08-07 03:01:37,087 - INFO - 投票结果: 选择路径 0, 答案: 180, 置信度: 1.0
2025-08-07 03:01:37,089 - INFO - 投票结果: 选择路径 0, 答案: 32, 置信度: 1.0
2025-08-07 03:01:37,091 - INFO - 投票结果: 选择路径 0, 答案: 15, 置信度: 1.0
2025-08-07 03:01:37,093 - INFO - 投票结果: 选择路径 0, 答案: 243, 置信度: 1.0
2025-08-07 03:01:37,095 - INFO - 投票结果: 选择路径 0, 答案: 60, 置信度: 0.9
2025-08-07 03:01:37,097 - INFO - 投票结果: 选择路径 0, 答案: 1218, 置信度: 1.0
2025-08-07 03:01:37,099 - INFO - 投票结果: 选择路径 0, 答案: 14.5, 置信度: 0.5
2025-08-07 03:01:37,101 - INFO - 投票结果: 选择路径 0, 答案: 40, 置信度: 1.0
2025-08-07 03:01:37,103 - INFO - 投票结果: 选择路径 0, 答案: 1210, 置信度: 1.0
2025-08-07 03:01:37,105 - INFO - 投票结果: 选择路径 0, 答案: 50, 置信度: 0.9
2025-08-07 03:01:37,107 - INFO - 投票结果: 选择路径 0, 答案: 12, 置信度: 1.0
2025-08-07 03:01:37,109 - INFO - 投票结果: 选择路径 0, 答案: 3528, 置信度: 1.0
2025-08-07 03:01:37,112 - INFO - 投票结果: 选择路径 0, 答案: 150, 置信度: 0.6
2025-08-07 03:01:37,114 - INFO - 投票结果: 选择路径 0, 答案: 1050, 置信度: 1.0
2025-08-07 03:01:37,116 - INFO - 投票结果: 选择路径 0, 答案: 2304, 置信度: 1.0
2025-08-07 03:01:37,118 - INFO - 投票结果: 选择路径 1, 答案: 110, 置信度: 0.4
2025-08-07 03:01:37,120 - INFO - 投票结果: 选择路径 0, 答案: 70000, 置信度: 0.4
2025-08-07 03:01:37,122 - INFO - 投票结果: 选择路径 0, 答案: 10.93, 置信度: 0.7
2025-08-07 03:01:37,124 - INFO - 投票结果: 选择路径 0, 答案: 32, 置信度: 1.0
2025-08-07 03:01:37,126 - INFO - 投票结果: 选择路径 0, 答案: 120, 置信度: 0.8
2025-08-07 03:01:37,128 - INFO - 投票结果: 选择路径 0, 答案: 29, 置信度: 1.0
2025-08-07 03:01:37,130 - INFO - 投票结果: 选择路径 2, 答案: 200, 置信度: 0.5
2025-08-07 03:01:37,132 - INFO - 投票结果: 选择路径 0, 答案: 80, 置信度: 1.0
2025-08-07 03:01:37,135 - INFO - 投票结果: 选择路径 1, 答案: 200, 置信度: 0.6
2025-08-07 03:01:37,137 - INFO - 投票结果: 选择路径 0, 答案: 2, 置信度: 1.0
2025-08-07 03:01:37,139 - INFO - 投票结果: 选择路径 0, 答案: 9, 置信度: 1.0
2025-08-07 03:01:37,141 - INFO - 投票结果: 选择路径 0, 答案: 100, 置信度: 1.0
2025-08-07 03:01:37,143 - INFO - 投票结果: 选择路径 0, 答案: 40, 置信度: 1.0
2025-08-07 03:01:37,145 - INFO - 投票结果: 选择路径 0, 答案: 250, 置信度: 1.0
2025-08-07 03:01:37,147 - INFO - 投票结果: 选择路径 1, 答案: 5600, 置信度: 0.5
2025-08-07 03:01:37,149 - INFO - 投票结果: 选择路径 0, 答案: 5, 置信度: 0.9
2025-08-07 03:01:37,151 - INFO - 投票结果: 选择路径 0, 答案: 600, 置信度: 1.0
2025-08-07 03:01:37,153 - INFO - 投票结果: 选择路径 0, 答案: 6, 置信度: 1.0
2025-08-07 03:01:37,155 - INFO - 投票结果: 选择路径 0, 答案: 1, 置信度: 1.0
2025-08-07 03:01:37,158 - INFO - 投票结果: 选择路径 0, 答案: 360, 置信度: 0.9
2025-08-07 03:01:37,160 - INFO - 投票结果: 选择路径 0, 答案: 45, 置信度: 1.0
2025-08-07 03:01:37,162 - INFO - 投票结果: 选择路径 0, 答案: 310, 置信度: 1.0
2025-08-07 03:01:37,164 - INFO - 投票结果: 选择路径 2, 答案: 5, 置信度: 0.6
2025-08-07 03:01:37,166 - INFO - 投票结果: 选择路径 0, 答案: 30, 置信度: 1.0
2025-08-07 03:01:37,168 - INFO - 投票结果: 选择路径 0, 答案: 220, 置信度: 1.0
2025-08-07 03:01:37,170 - INFO - 投票结果: 选择路径 0, 答案: 310, 置信度: 1.0
2025-08-07 03:01:37,172 - INFO - 投票结果: 选择路径 3, 答案: 310, 置信度: 0.5
2025-08-07 03:01:37,174 - INFO - 投票结果: 选择路径 0, 答案: 118000, 置信度: 0.8
2025-08-07 03:01:37,176 - INFO - 投票结果: 选择路径 0, 答案: 160, 置信度: 1.0
2025-08-07 03:01:37,178 - INFO - 投票结果: 选择路径 0, 答案: 4, 置信度: 0.6
2025-08-07 03:01:37,180 - INFO - 投票结果: 选择路径 0, 答案: 6, 置信度: 0.9
2025-08-07 03:01:37,182 - INFO - 投票结果: 选择路径 0, 答案: 64, 置信度: 0.6
2025-08-07 03:01:37,185 - INFO - 投票结果: 选择路径 0, 答案: 335, 置信度: 1.0
2025-08-07 03:01:37,187 - INFO - 投票结果: 选择路径 0, 答案: 44, 置信度: 1.0
2025-08-07 03:01:37,189 - INFO - 投票结果: 选择路径 0, 答案: 216, 置信度: 1.0
2025-08-07 03:01:37,191 - INFO - 投票结果: 选择路径 0, 答案: 40, 置信度: 1.0
2025-08-07 03:01:37,193 - INFO - 投票结果: 选择路径 0, 答案: 6, 置信度: 0.7
2025-08-07 03:01:37,195 - INFO - 投票结果: 选择路径 0, 答案: 135, 置信度: 1.0
2025-08-07 03:01:37,197 - INFO - 投票结果: 选择路径 0, 答案: 240, 置信度: 0.8
2025-08-07 03:01:37,199 - INFO - 投票结果: 选择路径 0, 答案: 6, 置信度: 1.0
2025-08-07 03:01:37,201 - INFO - 投票结果: 选择路径 0, 答案: 17, 置信度: 1.0
2025-08-07 03:01:37,203 - INFO - 投票结果: 选择路径 0, 答案: 540, 置信度: 0.4
2025-08-07 03:01:37,205 - INFO - 投票结果: 选择路径 0, 答案: 621, 置信度: 1.0
2025-08-07 03:01:37,207 - INFO - 投票结果: 选择路径 0, 答案: 120, 置信度: 1.0
2025-08-07 03:01:37,210 - INFO - 投票结果: 选择路径 1, 答案: 56, 置信度: 0.7
2025-08-07 03:01:37,212 - INFO - 投票结果: 选择路径 0, 答案: 2, 置信度: 1.0
2025-08-07 03:01:37,214 - INFO - 投票结果: 选择路径 0, 答案: 3, 置信度: 0.9
2025-08-07 03:01:37,216 - INFO - 投票结果: 选择路径 0, 答案: 104, 置信度: 1.0
2025-08-07 03:01:37,218 - INFO - 投票结果: 选择路径 0, 答案: 5, 置信度: 1.0
2025-08-07 03:01:37,220 - INFO - 投票结果: 选择路径 0, 答案: 5, 置信度: 0.7
2025-08-07 03:01:37,222 - INFO - 投票结果: 选择路径 0, 答案: 6, 置信度: 1.0
2025-08-07 03:01:37,224 - INFO - 投票结果: 选择路径 1, 答案: 40, 置信度: 0.6
2025-08-07 03:01:37,226 - INFO - 投票结果: 选择路径 0, 答案: 10, 置信度: 0.9
2025-08-07 03:01:37,228 - INFO - 投票结果: 选择路径 0, 答案: 9, 置信度: 1.0
2025-08-07 03:01:37,230 - INFO - 投票结果: 选择路径 0, 答案: 5, 置信度: 1.0
2025-08-07 03:01:37,233 - INFO - 投票结果: 选择路径 0, 答案: 16, 置信度: 1.0
2025-08-07 03:01:37,235 - INFO - 投票结果: 选择路径 0, 答案: 296, 置信度: 1.0
2025-08-07 03:01:37,237 - INFO - 投票结果: 选择路径 0, 答案: 25, 置信度: 0.7
2025-08-07 03:01:37,239 - INFO - 投票结果: 选择路径 0, 答案: 2, 置信度: 0.5
2025-08-07 03:01:37,241 - INFO - 投票结果: 选择路径 0, 答案: 4, 置信度: 1.0
2025-08-07 03:01:37,243 - INFO - 投票结果: 选择路径 0, 答案: 25, 置信度: 1.0
2025-08-07 03:01:37,245 - INFO - 投票结果: 选择路径 0, 答案: 210, 置信度: 0.9
2025-08-07 03:01:37,247 - INFO - 投票结果: 选择路径 1, 答案: 2, 置信度: 0.6
2025-08-07 03:01:37,249 - INFO - 投票结果: 选择路径 0, 答案: 35, 置信度: 0.7
2025-08-07 03:01:37,251 - INFO - 投票结果: 选择路径 0, 答案: 24, 置信度: 1.0
2025-08-07 03:01:37,253 - INFO - 投票结果: 选择路径 2, 答案: \frac{44}{3}, 置信度: 0.6
2025-08-07 03:01:37,256 - INFO - 投票结果: 选择路径 0, 答案: 69, 置信度: 0.6
2025-08-07 03:01:37,258 - INFO - 投票结果: 选择路径 0, 答案: 168, 置信度: 1.0
2025-08-07 03:01:37,260 - INFO - 投票结果: 选择路径 0, 答案: 20, 置信度: 1.0
2025-08-07 03:01:37,262 - INFO - 投票结果: 选择路径 0, 答案: 4, 置信度: 1.0
2025-08-07 03:01:37,264 - INFO - 投票结果: 选择路径 0, 答案: 1596, 置信度: 1.0
2025-08-07 03:01:37,266 - INFO - 投票结果: 选择路径 0, 答案: 60, 置信度: 0.4
2025-08-07 03:01:37,268 - INFO - 投票结果: 选择路径 0, 答案: 20, 置信度: 1.0
2025-08-07 03:01:37,270 - INFO - 投票结果: 选择路径 0, 答案: 2, 置信度: 1.0
2025-08-07 03:01:37,272 - INFO - 投票结果: 选择路径 0, 答案: 7, 置信度: 0.4
2025-08-07 03:01:37,274 - INFO - 投票结果: 选择路径 0, 答案: 3140, 置信度: 1.0
2025-08-07 03:01:37,276 - INFO - 投票结果: 选择路径 0, 答案: 4, 置信度: 1.0
2025-08-07 03:01:37,279 - INFO - 投票结果: 选择路径 0, 答案: 81, 置信度: 1.0
2025-08-07 03:01:37,281 - INFO - 投票结果: 选择路径 1, 答案: 64, 置信度: 0.7
2025-08-07 03:01:37,283 - INFO - 投票结果: 选择路径 0, 答案: 1400, 置信度: 1.0
2025-08-07 03:01:37,285 - INFO - 投票结果: 选择路径 0, 答案: 20, 置信度: 0.7
2025-08-07 03:01:37,287 - INFO - 投票结果: 选择路径 0, 答案: 30, 置信度: 0.8
2025-08-07 03:01:37,289 - INFO - 投票结果: 选择路径 0, 答案: 26, 置信度: 1.0
2025-08-07 03:01:37,291 - INFO - 投票结果: 选择路径 0, 答案: 13, 置信度: 1.0
2025-08-07 03:01:37,293 - INFO - 投票结果: 选择路径 0, 答案: 623, 置信度: 0.8
2025-08-07 03:01:37,295 - INFO - 投票结果: 选择路径 0, 答案: 92, 置信度: 1.0
2025-08-07 03:01:37,297 - INFO - 投票结果: 选择路径 0, 答案: 20, 置信度: 0.6
2025-08-07 03:01:37,299 - INFO - 投票结果: 选择路径 0, 答案: 55, 置信度: 1.0
2025-08-07 03:01:37,302 - INFO - 投票结果: 选择路径 0, 答案: 90, 置信度: 1.0
2025-08-07 03:01:37,304 - INFO - 投票结果: 选择路径 3, 答案: 75, 置信度: 0.3
2025-08-07 03:01:37,306 - INFO - 投票结果: 选择路径 0, 答案: 10, 置信度: 1.0
2025-08-07 03:01:37,308 - INFO - 投票结果: 选择路径 0, 答案: 70, 置信度: 1.0
2025-08-07 03:01:37,310 - INFO - 投票结果: 选择路径 3, 答案: 4, 置信度: 0.4
2025-08-07 03:01:37,312 - INFO - 投票结果: 选择路径 0, 答案: 2450, 置信度: 0.9
2025-08-07 03:01:37,314 - INFO - 投票结果: 选择路径 0, 答案: 20, 置信度: 0.8
2025-08-07 03:01:37,316 - INFO - 投票结果: 选择路径 0, 答案: 378000, 置信度: 0.7
2025-08-07 03:01:37,318 - INFO - 投票结果: 选择路径 0, 答案: 38, 置信度: 1.0
2025-08-07 03:01:37,320 - INFO - 投票结果: 选择路径 0, 答案: 600, 置信度: 0.5
2025-08-07 03:01:37,322 - INFO - 投票结果: 选择路径 0, 答案: 75, 置信度: 1.0
2025-08-07 03:01:37,324 - INFO - 投票结果: 选择路径 0, 答案: 360, 置信度: 0.8
2025-08-07 03:01:37,326 - INFO - 投票结果: 选择路径 0, 答案: 18, 置信度: 1.0
2025-08-07 03:01:37,329 - INFO - 投票结果: 选择路径 0, 答案: 9500, 置信度: 1.0
2025-08-07 03:01:37,331 - INFO - 投票结果: 选择路径 0, 答案: 7, 置信度: 1.0
2025-08-07 03:01:37,333 - INFO - 投票结果: 选择路径 0, 答案: 336, 置信度: 1.0
2025-08-07 03:01:37,335 - INFO - 投票结果: 选择路径 0, 答案: 48, 置信度: 0.3
2025-08-07 03:01:37,337 - INFO - 投票结果: 选择路径 0, 答案: 78, 置信度: 1.0
2025-08-07 03:01:37,339 - INFO - 投票结果: 选择路径 2, 答案: 155, 置信度: 0.4
2025-08-07 03:01:37,341 - INFO - 投票结果: 选择路径 0, 答案: 15, 置信度: 0.9
2025-08-07 03:01:37,343 - INFO - 投票结果: 选择路径 0, 答案: 375, 置信度: 1.0
2025-08-07 03:01:37,345 - INFO - 投票结果: 选择路径 0, 答案: 54, 置信度: 1.0
2025-08-07 03:01:37,347 - INFO - 投票结果: 选择路径 1, 答案: 6400, 置信度: 0.3
2025-08-07 03:01:37,349 - INFO - 投票结果: 选择路径 0, 答案: 14, 置信度: 0.8
2025-08-07 03:01:37,352 - INFO - 投票结果: 选择路径 0, 答案: 84, 置信度: 1.0
2025-08-07 03:01:37,354 - INFO - 投票结果: 选择路径 0, 答案: 95, 置信度: 0.5
2025-08-07 03:01:37,356 - INFO - 投票结果: 选择路径 0, 答案: 450, 置信度: 1.0
2025-08-07 03:01:37,358 - INFO - 投票结果: 选择路径 0, 答案: 5800, 置信度: 0.5
2025-08-07 03:01:37,360 - INFO - 投票结果: 选择路径 0, 答案: 43, 置信度: 1.0
2025-08-07 03:01:37,362 - INFO - 投票结果: 选择路径 0, 答案: 6, 置信度: 1.0
2025-08-07 03:01:37,364 - INFO - 投票结果: 选择路径 0, 答案: 1200, 置信度: 1.0
2025-08-07 03:01:37,366 - INFO - 投票结果: 选择路径 0, 答案: 24, 置信度: 1.0
2025-08-07 03:01:37,368 - INFO - 投票结果: 选择路径 2, 答案: 13, 置信度: 0.6
2025-08-07 03:01:37,370 - INFO - 投票结果: 选择路径 0, 答案: 28.33, 置信度: 0.6
2025-08-07 03:01:37,372 - INFO - 投票结果: 选择路径 0, 答案: 230, 置信度: 0.7
2025-08-07 03:01:37,374 - INFO - 投票结果: 选择路径 0, 答案: \frac{4}{21}, 置信度: 0.5
2025-08-07 03:01:37,377 - INFO - 投票结果: 选择路径 1, 答案: 40, 置信度: 0.4
2025-08-07 03:01:37,379 - INFO - 投票结果: 选择路径 0, 答案: 14, 置信度: 0.6
2025-08-07 03:01:37,381 - INFO - 投票结果: 选择路径 0, 答案: 20, 置信度: 1.0
2025-08-07 03:01:37,383 - INFO - 投票结果: 选择路径 1, 答案: 180, 置信度: 0.6
2025-08-07 03:01:37,385 - INFO - 投票结果: 选择路径 0, 答案: 3, 置信度: 1.0
2025-08-07 03:01:37,387 - INFO - 投票结果: 选择路径 1, 答案: 102, 置信度: 0.2
2025-08-07 03:01:37,389 - INFO - 投票结果: 选择路径 5, 答案: 64, 置信度: 0.5
2025-08-07 03:01:37,391 - INFO - 投票结果: 选择路径 0, 答案: 48, 置信度: 1.0
2025-08-07 03:01:37,393 - INFO - 投票结果: 选择路径 0, 答案: 4, 置信度: 1.0
2025-08-07 03:01:37,395 - INFO - 投票结果: 选择路径 0, 答案: 14, 置信度: 1.0
2025-08-07 03:01:37,397 - INFO - 投票结果: 选择路径 0, 答案: 28, 置信度: 0.9
2025-08-07 03:01:37,400 - INFO - 投票结果: 选择路径 1, 答案: 13, 置信度: 0.5
2025-08-07 03:01:37,402 - INFO - 投票结果: 选择路径 0, 答案: 144, 置信度: 1.0
2025-08-07 03:01:37,404 - INFO - 投票结果: 选择路径 0, 答案: 560, 置信度: 1.0
2025-08-07 03:01:37,406 - INFO - 投票结果: 选择路径 0, 答案: 428, 置信度: 0.9
2025-08-07 03:01:37,408 - INFO - 投票结果: 选择路径 0, 答案: 665, 置信度: 1.0
2025-08-07 03:01:37,410 - INFO - 投票结果: 选择路径 1, 答案: 5000, 置信度: 0.3
2025-08-07 03:01:37,413 - INFO - 投票结果: 选择路径 0, 答案: 2.5, 置信度: 1.0
2025-08-07 03:01:37,415 - INFO - 投票结果: 选择路径 0, 答案: 90, 置信度: 0.6
2025-08-07 03:01:37,417 - INFO - 投票结果: 选择路径 0, 答案: 570, 置信度: 1.0
2025-08-07 03:01:37,419 - INFO - 投票结果: 选择路径 0, 答案: 5, 置信度: 1.0
2025-08-07 03:01:37,421 - INFO - 投票结果: 选择路径 0, 答案: 88, 置信度: 1.0
2025-08-07 03:01:37,423 - INFO - 投票结果: 选择路径 0, 答案: 160, 置信度: 1.0
2025-08-07 03:01:37,425 - INFO - 投票结果: 选择路径 0, 答案: 6, 置信度: 1.0
2025-08-07 03:01:37,427 - INFO - 投票结果: 选择路径 0, 答案: 6000, 置信度: 1.0
2025-08-07 03:01:37,429 - INFO - 投票结果: 选择路径 0, 答案: 800, 置信度: 0.9
2025-08-07 03:01:37,431 - INFO - 投票结果: 选择路径 0, 答案: 1, 置信度: 1.0
2025-08-07 03:01:37,433 - INFO - 投票结果: 选择路径 0, 答案: 4, 置信度: 0.4
2025-08-07 03:01:37,435 - INFO - 投票结果: 选择路径 0, 答案: 31, 置信度: 0.6
2025-08-07 03:01:37,438 - INFO - 投票结果: 选择路径 0, 答案: 276000, 置信度: 1.0
2025-08-07 03:01:37,440 - INFO - 投票结果: 选择路径 0, 答案: 482, 置信度: 1.0
2025-08-07 03:01:37,442 - INFO - 投票结果: 选择路径 0, 答案: 100, 置信度: 1.0
2025-08-07 03:01:37,444 - INFO - 投票结果: 选择路径 0, 答案: 21, 置信度: 1.0
2025-08-07 03:01:37,446 - INFO - 投票结果: 选择路径 0, 答案: 40, 置信度: 1.0
2025-08-07 03:01:37,448 - INFO - 投票结果: 选择路径 0, 答案: 180000, 置信度: 1.0
2025-08-07 03:01:37,450 - INFO - 投票结果: 选择路径 0, 答案: 14, 置信度: 1.0
2025-08-07 03:01:37,452 - INFO - 投票结果: 选择路径 0, 答案: 54, 置信度: 0.8
2025-08-07 03:01:37,454 - INFO - 投票结果: 选择路径 0, 答案: 5, 置信度: 1.0
2025-08-07 03:01:37,456 - INFO - 投票结果: 选择路径 0, 答案: 48, 置信度: 1.0
2025-08-07 03:01:37,459 - INFO - 投票结果: 选择路径 0, 答案: 3, 置信度: 0.2
2025-08-07 03:01:37,461 - INFO - 投票结果: 选择路径 0, 答案: 22, 置信度: 1.0
2025-08-07 03:01:37,463 - INFO - 投票结果: 选择路径 1, 答案: 12, 置信度: 0.6
2025-08-07 03:01:37,465 - INFO - 投票结果: 选择路径 0, 答案: 18000, 置信度: 1.0
2025-08-07 03:01:37,467 - INFO - 投票结果: 选择路径 0, 答案: 8642, 置信度: 1.0
2025-08-07 03:01:37,469 - INFO - 投票结果: 选择路径 0, 答案: 10, 置信度: 1.0
2025-08-07 03:01:37,471 - INFO - 投票结果: 选择路径 0, 答案: 27, 置信度: 0.6
2025-08-07 03:01:37,473 - INFO - 投票结果: 选择路径 0, 答案: 22, 置信度: 1.0
2025-08-07 03:01:37,475 - INFO - 投票结果: 选择路径 0, 答案: -56.67, 置信度: 0.6
2025-08-07 03:01:37,477 - INFO - 投票结果: 选择路径 0, 答案: 10, 置信度: 1.0
2025-08-07 03:01:37,479 - INFO - 投票结果: 选择路径 0, 答案: 15, 置信度: 1.0
2025-08-07 03:01:37,482 - INFO - 投票结果: 选择路径 0, 答案: 14, 置信度: 1.0
2025-08-07 03:01:37,484 - INFO - 投票结果: 选择路径 0, 答案: 14, 置信度: 1.0
2025-08-07 03:01:37,486 - INFO - 投票结果: 选择路径 0, 答案: 4, 置信度: 1.0
2025-08-07 03:01:37,488 - INFO - 投票结果: 选择路径 0, 答案: 3000, 置信度: 1.0
2025-08-07 03:01:37,490 - INFO - 投票结果: 选择路径 2, 答案: 3, 置信度: 0.4
2025-08-07 03:01:37,492 - INFO - 投票结果: 选择路径 1, 答案: 374, 置信度: 0.4
2025-08-07 03:01:37,494 - INFO - 投票结果: 选择路径 0, 答案: 1080, 置信度: 1.0
2025-08-07 03:01:37,496 - INFO - 投票结果: 选择路径 0, 答案: 84, 置信度: 1.0
2025-08-07 03:01:37,498 - INFO - 投票结果: 选择路径 0, 答案: 91, 置信度: 1.0
2025-08-07 03:01:37,500 - INFO - 投票结果: 选择路径 0, 答案: 18, 置信度: 1.0
2025-08-07 03:01:37,502 - INFO - 投票结果: 选择路径 0, 答案: 180, 置信度: 1.0
2025-08-07 03:01:37,505 - INFO - 投票结果: 选择路径 1, 答案: 350, 置信度: 0.4
2025-08-07 03:01:37,507 - INFO - 投票结果: 选择路径 0, 答案: 4, 置信度: 0.9
2025-08-07 03:01:37,509 - INFO - 投票结果: 选择路径 0, 答案: 129200, 置信度: 1.0
2025-08-07 03:01:37,511 - INFO - 投票结果: 选择路径 0, 答案: 10, 置信度: 1.0
2025-08-07 03:01:37,513 - INFO - 投票结果: 选择路径 0, 答案: 14, 置信度: 1.0
2025-08-07 03:01:37,515 - INFO - 投票结果: 选择路径 0, 答案: 12, 置信度: 1.0
2025-08-07 03:01:37,517 - INFO - 投票结果: 选择路径 0, 答案: 64, 置信度: 0.8
2025-08-07 03:01:37,519 - INFO - 投票结果: 选择路径 0, 答案: 58, 置信度: 1.0
2025-08-07 03:01:37,521 - INFO - 投票结果: 选择路径 0, 答案: 40, 置信度: 0.9
2025-08-07 03:01:37,523 - INFO - 投票结果: 选择路径 0, 答案: 132, 置信度: 1.0
2025-08-07 03:01:37,525 - INFO - 投票结果: 选择路径 0, 答案: 120, 置信度: 1.0
2025-08-07 03:01:37,527 - INFO - 投票结果: 选择路径 0, 答案: 120, 置信度: 1.0
2025-08-07 03:01:37,530 - INFO - 投票结果: 选择路径 0, 答案: 120, 置信度: 1.0
2025-08-07 03:01:37,532 - INFO - 投票结果: 选择路径 0, 答案: 15, 置信度: 1.0
2025-08-07 03:01:37,534 - INFO - 投票结果: 选择路径 0, 答案: 576, 置信度: 1.0
2025-08-07 03:01:37,536 - INFO - 投票结果: 选择路径 0, 答案: 5, 置信度: 1.0
2025-08-07 03:01:37,538 - INFO - 投票结果: 选择路径 0, 答案: 20, 置信度: 1.0
2025-08-07 03:01:37,540 - INFO - 投票结果: 选择路径 0, 答案: 40, 置信度: 1.0
2025-08-07 03:01:37,542 - INFO - 投票结果: 选择路径 0, 答案: 23, 置信度: 1.0
2025-08-07 03:01:37,544 - INFO - 投票结果: 选择路径 0, 答案: 156, 置信度: 1.0
2025-08-07 03:01:37,546 - INFO - 投票结果: 选择路径 1, 答案: 280, 置信度: 0.8
2025-08-07 03:01:37,548 - INFO - 投票结果: 选择路径 0, 答案: 32, 置信度: 0.5
2025-08-07 03:01:37,550 - INFO - 投票结果: 选择路径 0, 答案: 2, 置信度: 1.0
2025-08-07 03:01:37,553 - INFO - 投票结果: 选择路径 0, 答案: 120, 置信度: 1.0
2025-08-07 03:01:37,555 - INFO - 投票结果: 选择路径 1, 答案: 72, 置信度: 0.6
2025-08-07 03:01:37,557 - INFO - 投票结果: 选择路径 0, 答案: 15, 置信度: 1.0
2025-08-07 03:01:37,559 - INFO - 投票结果: 选择路径 0, 答案: 9, 置信度: 1.0
2025-08-07 03:01:37,561 - INFO - 投票结果: 选择路径 0, 答案: 25, 置信度: 1.0
2025-08-07 03:01:37,563 - INFO - 投票结果: 选择路径 0, 答案: 20, 置信度: 1.0
2025-08-07 03:01:37,565 - INFO - 投票结果: 选择路径 0, 答案: 12, 置信度: 0.6
2025-08-07 03:01:37,567 - INFO - 投票结果: 选择路径 0, 答案: 80, 置信度: 1.0
2025-08-07 03:01:37,569 - INFO - 投票结果: 选择路径 0, 答案: 5, 置信度: 1.0
2025-08-07 03:01:37,571 - INFO - 投票结果: 选择路径 1, 答案: 5, 置信度: 0.9
2025-08-07 03:01:37,573 - INFO - 投票结果: 选择路径 0, 答案: 80, 置信度: 1.0
2025-08-07 03:01:37,575 - INFO - 投票结果: 选择路径 0, 答案: 34, 置信度: 0.6
2025-08-07 03:01:37,579 - INFO - 投票结果: 选择路径 0, 答案: 42, 置信度: 1.0
2025-08-07 03:01:37,581 - INFO - 投票结果: 选择路径 0, 答案: 3, 置信度: 1.0
2025-08-07 03:01:37,583 - INFO - 投票结果: 选择路径 0, 答案: 50, 置信度: 1.0
2025-08-07 03:01:37,585 - INFO - 投票结果: 选择路径 0, 答案: 17, 置信度: 1.0
2025-08-07 03:01:37,587 - INFO - 投票结果: 选择路径 0, 答案: 19, 置信度: 0.5
2025-08-07 03:01:37,589 - INFO - 投票结果: 选择路径 0, 答案: 20, 置信度: 1.0
2025-08-07 03:01:37,592 - INFO - 投票结果: 选择路径 0, 答案: 200, 置信度: 0.5
2025-08-07 03:01:37,594 - INFO - 投票结果: 选择路径 0, 答案: 3, 置信度: 0.3
2025-08-07 03:01:37,596 - INFO - 投票结果: 选择路径 0, 答案: 45, 置信度: 1.0
2025-08-07 03:01:37,598 - INFO - 投票结果: 选择路径 0, 答案: 29, 置信度: 1.0
2025-08-07 03:01:37,600 - INFO - 投票结果: 选择路径 0, 答案: 10, 置信度: 1.0
2025-08-07 03:01:37,602 - INFO - 投票结果: 选择路径 0, 答案: 318, 置信度: 0.8
2025-08-07 03:01:37,604 - INFO - 投票结果: 选择路径 0, 答案: 92, 置信度: 1.0
2025-08-07 03:01:37,606 - INFO - 投票结果: 选择路径 0, 答案: 70, 置信度: 1.0
2025-08-07 03:01:37,608 - INFO - 投票结果: 选择路径 0, 答案: 62, 置信度: 1.0
2025-08-07 03:01:37,610 - INFO - 投票结果: 选择路径 0, 答案: 1509, 置信度: 1.0
2025-08-07 03:01:37,612 - INFO - 投票结果: 选择路径 0, 答案: 2, 置信度: 1.0
2025-08-07 03:01:37,615 - INFO - 投票结果: 选择路径 0, 答案: 1, 置信度: 1.0
2025-08-07 03:01:37,617 - INFO - 投票结果: 选择路径 0, 答案: 1170, 置信度: 1.0
2025-08-07 03:01:37,619 - INFO - 投票结果: 选择路径 0, 答案: 28, 置信度: 1.0
2025-08-07 03:01:37,621 - INFO - 投票结果: 选择路径 0, 答案: 20, 置信度: 1.0
2025-08-07 03:01:37,623 - INFO - 投票结果: 选择路径 0, 答案: 20, 置信度: 1.0
2025-08-07 03:01:37,625 - INFO - 投票结果: 选择路径 0, 答案: 65960, 置信度: 0.7
2025-08-07 03:01:37,627 - INFO - 投票结果: 选择路径 0, 答案: 16, 置信度: 0.4
2025-08-07 03:01:37,629 - INFO - 投票结果: 选择路径 0, 答案: 575, 置信度: 1.0
2025-08-07 03:01:37,631 - INFO - 投票结果: 选择路径 0, 答案: 60, 置信度: 1.0
2025-08-07 03:01:37,633 - INFO - 投票结果: 选择路径 0, 答案: 4200, 置信度: 0.8
2025-08-07 03:01:37,636 - INFO - 投票结果: 选择路径 0, 答案: 23, 置信度: 0.4
2025-08-07 03:01:37,638 - INFO - 投票结果: 选择路径 2, 答案: 71, 置信度: 0.7
2025-08-07 03:01:37,640 - INFO - 投票结果: 选择路径 0, 答案: 70, 置信度: 1.0
2025-08-07 03:01:37,642 - INFO - 投票结果: 选择路径 1, 答案: 25, 置信度: 0.9
2025-08-07 03:01:37,644 - INFO - 投票结果: 选择路径 0, 答案: 160, 置信度: 1.0
2025-08-07 03:01:37,646 - INFO - 投票结果: 选择路径 0, 答案: 398, 置信度: 0.8
2025-08-07 03:01:37,648 - INFO - 投票结果: 选择路径 0, 答案: 5, 置信度: 1.0
2025-08-07 03:01:37,650 - INFO - 投票结果: 选择路径 0, 答案: 30000, 置信度: 0.9
2025-08-07 03:01:37,652 - INFO - 投票结果: 选择路径 0, 答案: 39, 置信度: 0.9
2025-08-07 03:01:37,654 - INFO - 投票结果: 选择路径 1, 答案: 10, 置信度: 0.6
2025-08-07 03:01:37,656 - INFO - 投票结果: 选择路径 0, 答案: 4, 置信度: 0.3
2025-08-07 03:01:37,658 - INFO - 投票结果: 选择路径 0, 答案: 40, 置信度: 1.0
2025-08-07 03:01:37,661 - INFO - 投票结果: 选择路径 0, 答案: 100, 置信度: 1.0
2025-08-07 03:01:37,663 - INFO - 投票结果: 选择路径 0, 答案: 60, 置信度: 1.0
2025-08-07 03:01:37,665 - INFO - 投票结果: 选择路径 0, 答案: 100, 置信度: 1.0
2025-08-07 03:01:37,667 - INFO - 投票结果: 选择路径 1, 答案: 72, 置信度: 0.8
2025-08-07 03:01:37,669 - INFO - 投票结果: 选择路径 0, 答案: 20, 置信度: 1.0
2025-08-07 03:01:37,671 - INFO - 投票结果: 选择路径 0, 答案: 6277, 置信度: 1.0
2025-08-07 03:01:37,673 - INFO - 投票结果: 选择路径 0, 答案: 21, 置信度: 0.6
2025-08-07 03:01:37,675 - INFO - 投票结果: 选择路径 0, 答案: 26, 置信度: 1.0
2025-08-07 03:01:37,677 - INFO - 投票结果: 选择路径 1, 答案: \frac{8}{3}, 置信度: 0.2
2025-08-07 03:01:37,679 - INFO - 投票结果: 选择路径 0, 答案: 12, 置信度: 0.9
2025-08-07 03:01:37,681 - INFO - 投票结果: 选择路径 0, 答案: 1, 置信度: 0.1
2025-08-07 03:01:37,684 - INFO - 投票结果: 选择路径 0, 答案: 16, 置信度: 1.0
2025-08-07 03:01:37,686 - INFO - 投票结果: 选择路径 0, 答案: 32, 置信度: 1.0
2025-08-07 03:01:37,688 - INFO - 投票结果: 选择路径 0, 答案: 20, 置信度: 0.8
2025-08-07 03:01:37,690 - INFO - 投票结果: 选择路径 0, 答案: 20, 置信度: 1.0
2025-08-07 03:01:37,692 - INFO - 投票结果: 选择路径 0, 答案: 320, 置信度: 1.0
2025-08-07 03:01:37,694 - INFO - 投票结果: 选择路径 0, 答案: 77, 置信度: 1.0
2025-08-07 03:01:37,696 - INFO - 投票结果: 选择路径 0, 答案: 9, 置信度: 0.9
2025-08-07 03:01:37,698 - INFO - 投票结果: 选择路径 0, 答案: 1, 置信度: 0.7
2025-08-07 03:01:37,700 - INFO - 投票结果: 选择路径 0, 答案: 1248, 置信度: 1.0
2025-08-07 03:01:37,702 - INFO - 投票结果: 选择路径 0, 答案: 15, 置信度: 1.0
2025-08-07 03:01:37,705 - INFO - 投票结果: 选择路径 0, 答案: 16, 置信度: 1.0
2025-08-07 03:01:37,707 - INFO - 投票结果: 选择路径 0, 答案: 2, 置信度: 1.0
2025-08-07 03:01:37,709 - INFO - 投票结果: 选择路径 0, 答案: 70, 置信度: 0.5
2025-08-07 03:01:37,711 - INFO - 投票结果: 选择路径 0, 答案: 60, 置信度: 1.0
2025-08-07 03:01:37,713 - INFO - 投票结果: 选择路径 0, 答案: 300, 置信度: 1.0
2025-08-07 03:01:37,715 - INFO - 投票结果: 选择路径 0, 答案: 84, 置信度: 1.0
2025-08-07 03:01:37,717 - INFO - 投票结果: 选择路径 0, 答案: 0.43, 置信度: 0.3
2025-08-07 03:01:37,719 - INFO - 投票结果: 选择路径 0, 答案: 300, 置信度: 1.0
2025-08-07 03:01:37,722 - INFO - 投票结果: 选择路径 0, 答案: 50, 置信度: 1.0
2025-08-07 03:01:37,724 - INFO - 投票结果: 选择路径 0, 答案: 14, 置信度: 1.0
2025-08-07 03:01:37,726 - INFO - 投票结果: 选择路径 0, 答案: 291, 置信度: 0.8
2025-08-07 03:01:37,728 - INFO - 投票结果: 选择路径 0, 答案: 12, 置信度: 1.0
2025-08-07 03:01:37,730 - INFO - 投票结果: 选择路径 0, 答案: 1240, 置信度: 1.0
2025-08-07 03:01:37,732 - INFO - 投票结果: 选择路径 0, 答案: 8, 置信度: 1.0
2025-08-07 03:01:37,734 - INFO - 投票结果: 选择路径 1, 答案: 107, 置信度: 0.4
2025-08-07 03:01:37,736 - INFO - 投票结果: 选择路径 0, 答案: 2, 置信度: 1.0
2025-08-07 03:01:37,738 - INFO - 投票结果: 选择路径 0, 答案: 2, 置信度: 1.0
2025-08-07 03:01:37,740 - INFO - 投票结果: 选择路径 1, 答案: 252, 置信度: 0.3
2025-08-07 03:01:37,743 - INFO - 投票结果: 选择路径 0, 答案: 160, 置信度: 1.0
2025-08-07 03:01:37,745 - INFO - 投票结果: 选择路径 0, 答案: 1128, 置信度: 0.9
2025-08-07 03:01:37,747 - INFO - 投票结果: 选择路径 0, 答案: 6250, 置信度: 1.0
2025-08-07 03:01:37,749 - INFO - 投票结果: 选择路径 0, 答案: 5, 置信度: 1.0
2025-08-07 03:01:37,751 - INFO - 投票结果: 选择路径 0, 答案: 500, 置信度: 1.0
2025-08-07 03:01:37,753 - INFO - 投票结果: 选择路径 1, 答案: 2, 置信度: 0.6
2025-08-07 03:01:37,755 - INFO - 投票结果: 选择路径 0, 答案: 34, 置信度: 1.0
2025-08-07 03:01:37,757 - INFO - 投票结果: 选择路径 0, 答案: 60, 置信度: 1.0
2025-08-07 03:01:37,759 - INFO - 投票结果: 选择路径 1, 答案: 4, 置信度: 0.4
2025-08-07 03:01:37,761 - INFO - 投票结果: 选择路径 1, 答案: 56, 置信度: 0.8
2025-08-07 03:01:37,763 - INFO - 投票结果: 选择路径 0, 答案: 74, 置信度: 0.8
2025-08-07 03:01:37,766 - INFO - 投票结果: 选择路径 0, 答案: 5, 置信度: 0.9
2025-08-07 03:01:37,768 - INFO - 投票结果: 选择路径 0, 答案: 600, 置信度: 1.0
2025-08-07 03:01:37,770 - INFO - 投票结果: 选择路径 0, 答案: 20, 置信度: 1.0
2025-08-07 03:01:37,772 - INFO - 投票结果: 选择路径 0, 答案: 23, 置信度: 1.0
2025-08-07 03:01:37,774 - INFO - 投票结果: 选择路径 0, 答案: 20, 置信度: 1.0
2025-08-07 03:01:37,776 - INFO - 投票结果: 选择路径 0, 答案: 80, 置信度: 0.6
2025-08-07 03:01:37,778 - INFO - 投票结果: 选择路径 0, 答案: 43, 置信度: 1.0
2025-08-07 03:01:37,780 - INFO - 投票结果: 选择路径 0, 答案: 720, 置信度: 1.0
2025-08-07 03:01:37,782 - INFO - 投票结果: 选择路径 0, 答案: 4, 置信度: 0.8
2025-08-07 03:01:37,784 - INFO - 投票结果: 选择路径 0, 答案: 9, 置信度: 1.0
2025-08-07 03:01:37,786 - INFO - 投票结果: 选择路径 1, 答案: 12, 置信度: 0.5
2025-08-07 03:01:37,788 - INFO - 投票结果: 选择路径 0, 答案: 8, 置信度: 1.0
2025-08-07 03:01:37,791 - INFO - 投票结果: 选择路径 0, 答案: 16, 置信度: 0.8
2025-08-07 03:01:37,793 - INFO - 投票结果: 选择路径 0, 答案: \frac{10}{3}, 置信度: 0.4
2025-08-07 03:01:37,795 - INFO - 投票结果: 选择路径 0, 答案: 47, 置信度: 1.0
2025-08-07 03:01:37,797 - INFO - 投票结果: 选择路径 0, 答案: 240000, 置信度: 1.0
2025-08-07 03:01:37,799 - INFO - 投票结果: 选择路径 0, 答案: 14, 置信度: 0.9
2025-08-07 03:01:37,801 - INFO - 投票结果: 选择路径 0, 答案: 26, 置信度: 1.0
2025-08-07 03:01:37,803 - INFO - 投票结果: 选择路径 1, 答案: 1.67, 置信度: 0.9
2025-08-07 03:01:37,805 - INFO - 投票结果: 选择路径 0, 答案: 15, 置信度: 0.5
2025-08-07 03:01:37,808 - INFO - 投票结果: 选择路径 0, 答案: 5, 置信度: 1.0
2025-08-07 03:01:37,810 - INFO - 投票结果: 选择路径 0, 答案: 5, 置信度: 1.0
2025-08-07 03:01:37,812 - INFO - 投票结果: 选择路径 0, 答案: 260, 置信度: 1.0
2025-08-07 03:01:37,814 - INFO - 投票结果: 选择路径 0, 答案: 67, 置信度: 1.0
2025-08-07 03:01:37,816 - INFO - 投票结果: 选择路径 0, 答案: 144, 置信度: 1.0
2025-08-07 03:01:37,818 - INFO - 投票结果: 选择路径 0, 答案: 75, 置信度: 1.0
2025-08-07 03:01:37,820 - INFO - 投票结果: 选择路径 0, 答案: 3, 置信度: 1.0
2025-08-07 03:01:37,822 - INFO - 投票结果: 选择路径 0, 答案: 4, 置信度: 1.0
2025-08-07 03:01:37,824 - INFO - 投票结果: 选择路径 0, 答案: 2000, 置信度: 1.0
2025-08-07 03:01:37,826 - INFO - 投票结果: 选择路径 0, 答案: 68, 置信度: 0.9
2025-08-07 03:01:37,828 - INFO - 投票结果: 选择路径 0, 答案: 8, 置信度: 1.0
2025-08-07 03:01:37,830 - INFO - 投票结果: 选择路径 0, 答案: 100, 置信度: 1.0
2025-08-07 03:01:37,833 - INFO - 投票结果: 选择路径 0, 答案: 2.5, 置信度: 1.0
2025-08-07 03:01:37,835 - INFO - 投票结果: 选择路径 0, 答案: 460, 置信度: 1.0
2025-08-07 03:01:37,837 - INFO - 投票结果: 选择路径 0, 答案: 10, 置信度: 1.0
2025-08-07 03:01:37,839 - INFO - 投票结果: 选择路径 0, 答案: 750, 置信度: 0.9
2025-08-07 03:01:37,841 - INFO - 投票结果: 选择路径 0, 答案: 255, 置信度: 1.0
2025-08-07 03:01:37,843 - INFO - 投票结果: 选择路径 0, 答案: 240, 置信度: 0.9
2025-08-07 03:01:37,845 - INFO - 投票结果: 选择路径 0, 答案: 50, 置信度: 1.0
2025-08-07 03:01:37,847 - INFO - 投票结果: 选择路径 0, 答案: 60000, 置信度: 1.0
2025-08-07 03:01:37,849 - INFO - 投票结果: 选择路径 0, 答案: 97, 置信度: 0.6
2025-08-07 03:01:37,851 - INFO - 投票结果: 选择路径 0, 答案: 10, 置信度: 0.9
2025-08-07 03:01:37,853 - INFO - 投票结果: 选择路径 0, 答案: 225, 置信度: 0.5
2025-08-07 03:01:37,856 - INFO - 投票结果: 选择路径 0, 答案: 13, 置信度: 1.0
2025-08-07 03:01:37,858 - INFO - 投票结果: 选择路径 0, 答案: 4, 置信度: 0.7
2025-08-07 03:01:37,860 - INFO - 投票结果: 选择路径 1, 答案: 260, 置信度: 0.6
2025-08-07 03:01:37,862 - INFO - 投票结果: 选择路径 0, 答案: 540, 置信度: 1.0
2025-08-07 03:01:37,864 - INFO - 投票结果: 选择路径 0, 答案: 104, 置信度: 1.0
2025-08-07 03:01:37,866 - INFO - 投票结果: 选择路径 0, 答案: 9, 置信度: 0.5
2025-08-07 03:01:37,868 - INFO - 投票结果: 选择路径 0, 答案: 75, 置信度: 1.0
2025-08-07 03:01:37,870 - INFO - 投票结果: 选择路径 0, 答案: 36, 置信度: 0.4
2025-08-07 03:01:37,872 - INFO - 投票结果: 选择路径 0, 答案: 120, 置信度: 0.4
2025-08-07 03:01:37,874 - INFO - 投票结果: 选择路径 0, 答案: 348, 置信度: 0.7
2025-08-07 03:01:37,876 - INFO - 投票结果: 选择路径 0, 答案: 15, 置信度: 0.9
2025-08-07 03:01:37,879 - INFO - 投票结果: 选择路径 0, 答案: 247, 置信度: 1.0
2025-08-07 03:01:37,881 - INFO - 投票结果: 选择路径 2, 答案: 5, 置信度: 0.3
2025-08-07 03:01:37,883 - INFO - 投票结果: 选择路径 0, 答案: 85000, 置信度: 0.9
2025-08-07 03:01:37,885 - INFO - 投票结果: 选择路径 0, 答案: 11, 置信度: 0.3
2025-08-07 03:01:37,887 - INFO - 投票结果: 选择路径 0, 答案: 19, 置信度: 0.9
2025-08-07 03:01:37,889 - INFO - 投票结果: 选择路径 0, 答案: 18, 置信度: 1.0
2025-08-07 03:01:37,891 - INFO - 投票结果: 选择路径 0, 答案: 3, 置信度: 1.0
2025-08-07 03:01:37,893 - INFO - 投票结果: 选择路径 0, 答案: 12, 置信度: 1.0
2025-08-07 03:01:37,896 - INFO - 投票结果: 选择路径 0, 答案: 160000, 置信度: 0.4
2025-08-07 03:01:37,898 - INFO - 投票结果: 选择路径 0, 答案: 50, 置信度: 0.9
2025-08-07 03:01:37,900 - INFO - 投票结果: 选择路径 0, 答案: 76, 置信度: 1.0
2025-08-07 03:01:37,902 - INFO - 投票结果: 选择路径 0, 答案: 10, 置信度: 1.0
2025-08-07 03:01:37,904 - INFO - 投票结果: 选择路径 0, 答案: 17, 置信度: 1.0
2025-08-07 03:01:37,906 - INFO - 投票结果: 选择路径 0, 答案: 44, 置信度: 1.0
2025-08-07 03:01:37,908 - INFO - 投票结果: 选择路径 0, 答案: 4, 置信度: 1.0
2025-08-07 03:01:37,910 - INFO - 投票结果: 选择路径 0, 答案: 3, 置信度: 1.0
2025-08-07 03:01:37,912 - INFO - 投票结果: 选择路径 0, 答案: 40, 置信度: 1.0
2025-08-07 03:01:37,915 - INFO - 投票结果: 选择路径 0, 答案: 15, 置信度: 0.9
2025-08-07 03:01:37,917 - INFO - 投票结果: 选择路径 0, 答案: 10, 置信度: 1.0
2025-08-07 03:01:37,919 - INFO - 投票结果: 选择路径 0, 答案: 16, 置信度: 1.0
2025-08-07 03:01:37,921 - INFO - 投票结果: 选择路径 0, 答案: 28, 置信度: 0.8
2025-08-07 03:01:37,923 - INFO - 投票结果: 选择路径 0, 答案: 64, 置信度: 1.0
2025-08-07 03:01:37,925 - INFO - 投票结果: 选择路径 0, 答案: 1125, 置信度: 1.0
2025-08-07 03:01:37,927 - INFO - 投票结果: 选择路径 0, 答案: 8, 置信度: 1.0
2025-08-07 03:01:37,929 - INFO - 投票结果: 选择路径 0, 答案: 29, 置信度: 1.0
2025-08-07 03:01:37,931 - INFO - 投票结果: 选择路径 0, 答案: 16, 置信度: 1.0
2025-08-07 03:01:37,934 - INFO - 投票结果: 选择路径 0, 答案: 55, 置信度: 0.1
2025-08-07 03:01:37,936 - INFO - 投票结果: 选择路径 1, 答案: 360, 置信度: 0.6
2025-08-07 03:01:37,938 - INFO - 投票结果: 选择路径 0, 答案: 576, 置信度: 0.9
2025-08-07 03:01:37,940 - INFO - 投票结果: 选择路径 0, 答案: 34, 置信度: 1.0
2025-08-07 03:01:37,942 - INFO - 投票结果: 选择路径 0, 答案: 10, 置信度: 1.0
2025-08-07 03:01:37,944 - INFO - 投票结果: 选择路径 0, 答案: 9, 置信度: 1.0
2025-08-07 03:01:37,946 - INFO - 投票结果: 选择路径 0, 答案: 140, 置信度: 1.0
2025-08-07 03:01:37,948 - INFO - 投票结果: 选择路径 0, 答案: 80, 置信度: 0.6
2025-08-07 03:01:37,950 - INFO - 投票结果: 选择路径 0, 答案: 355, 置信度: 0.5
2025-08-07 03:01:37,952 - INFO - 投票结果: 选择路径 0, 答案: 16, 置信度: 1.0
2025-08-07 03:01:37,955 - INFO - 投票结果: 选择路径 0, 答案: 132, 置信度: 1.0
2025-08-07 03:01:37,957 - INFO - 投票结果: 选择路径 0, 答案: 64, 置信度: 1.0
2025-08-07 03:01:37,959 - INFO - 投票结果: 选择路径 1, 答案: 72, 置信度: 0.8
2025-08-07 03:01:37,961 - INFO - 投票结果: 选择路径 0, 答案: 8, 置信度: 1.0
2025-08-07 03:01:37,963 - INFO - 投票结果: 选择路径 0, 答案: 4, 置信度: 1.0
2025-08-07 03:01:37,965 - INFO - 投票结果: 选择路径 0, 答案: 120, 置信度: 1.0
2025-08-07 03:01:37,967 - INFO - 投票结果: 选择路径 0, 答案: 15, 置信度: 1.0
2025-08-07 03:01:37,969 - INFO - 投票结果: 选择路径 0, 答案: 539, 置信度: 0.9
2025-08-07 03:01:37,971 - INFO - 投票结果: 选择路径 6, 答案: 50, 置信度: 0.2
2025-08-07 03:01:37,973 - INFO - 投票结果: 选择路径 0, 答案: 2, 置信度: 1.0
2025-08-07 03:01:37,975 - INFO - 投票结果: 选择路径 0, 答案: 15, 置信度: 1.0
2025-08-07 03:01:37,978 - INFO - 投票结果: 选择路径 0, 答案: 17, 置信度: 0.7
2025-08-07 03:01:37,980 - INFO - 投票结果: 选择路径 2, 答案: 15, 置信度: 0.5
2025-08-07 03:01:37,982 - INFO - 投票结果: 选择路径 0, 答案: 7425, 置信度: 0.6
2025-08-07 03:01:37,984 - INFO - 投票结果: 选择路径 0, 答案: 8, 置信度: 1.0
2025-08-07 03:01:37,986 - INFO - 投票结果: 选择路径 0, 答案: 6, 置信度: 1.0
2025-08-07 03:01:37,988 - INFO - 投票结果: 选择路径 0, 答案: 100, 置信度: 1.0
2025-08-07 03:01:37,990 - INFO - 投票结果: 选择路径 0, 答案: 36, 置信度: 1.0
2025-08-07 03:01:37,992 - INFO - 投票结果: 选择路径 0, 答案: 20, 置信度: 0.9
2025-08-07 03:01:37,994 - INFO - 投票结果: 选择路径 0, 答案: 32, 置信度: 1.0
2025-08-07 03:01:37,996 - INFO - 投票结果: 选择路径 0, 答案: 45, 置信度: 0.7
2025-08-07 03:01:37,998 - INFO - 投票结果: 选择路径 0, 答案: 27, 置信度: 1.0
2025-08-07 03:01:38,001 - INFO - 投票结果: 选择路径 0, 答案: 7.5, 置信度: 1.0
2025-08-07 03:01:38,003 - INFO - 投票结果: 选择路径 0, 答案: 98, 置信度: 1.0
2025-08-07 03:01:38,005 - INFO - 投票结果: 选择路径 0, 答案: 4, 置信度: 0.6
2025-08-07 03:01:38,007 - INFO - 投票结果: 选择路径 0, 答案: 4, 置信度: 0.2
2025-08-07 03:01:38,009 - INFO - 投票结果: 选择路径 0, 答案: 14, 置信度: 0.9
2025-08-07 03:01:38,011 - INFO - 投票结果: 选择路径 0, 答案: 10, 置信度: 1.0
2025-08-07 03:01:38,013 - INFO - 投票结果: 选择路径 2, 答案: 250, 置信度: 0.7
2025-08-07 03:01:38,015 - INFO - 投票结果: 选择路径 0, 答案: 156, 置信度: 0.6
2025-08-07 03:01:38,017 - INFO - 投票结果: 选择路径 0, 答案: 1375, 置信度: 1.0
2025-08-07 03:01:38,019 - INFO - 投票结果: 选择路径 0, 答案: 8, 置信度: 1.0
2025-08-07 03:01:38,022 - INFO - 投票结果: 选择路径 2, 答案: 250, 置信度: 0.4
2025-08-07 03:01:38,024 - INFO - 投票结果: 选择路径 0, 答案: 6, 置信度: 1.0
2025-08-07 03:01:38,026 - INFO - 投票结果: 选择路径 0, 答案: 840, 置信度: 1.0
2025-08-07 03:01:38,028 - INFO - 投票结果: 选择路径 0, 答案: 40, 置信度: 1.0
2025-08-07 03:01:38,030 - INFO - 投票结果: 选择路径 0, 答案: 84, 置信度: 0.3
2025-08-07 03:01:38,032 - INFO - 投票结果: 选择路径 0, 答案: 10, 置信度: 1.0
2025-08-07 03:01:38,034 - INFO - 投票结果: 选择路径 0, 答案: 490, 置信度: 0.6
2025-08-07 03:01:38,036 - INFO - 投票结果: 选择路径 0, 答案: 16, 置信度: 1.0
2025-08-07 03:01:38,038 - INFO - 投票结果: 选择路径 0, 答案: 17, 置信度: 1.0
2025-08-07 03:01:38,040 - INFO - 投票结果: 选择路径 0, 答案: 2, 置信度: 1.0
2025-08-07 03:01:38,043 - INFO - 投票结果: 选择路径 0, 答案: 14, 置信度: 1.0
2025-08-07 03:01:38,045 - INFO - 投票结果: 选择路径 0, 答案: 27, 置信度: 1.0
2025-08-07 03:01:38,047 - INFO - 投票结果: 选择路径 0, 答案: 84, 置信度: 1.0
2025-08-07 03:01:38,049 - INFO - 投票结果: 选择路径 0, 答案: 70, 置信度: 1.0
2025-08-07 03:01:38,051 - INFO - 投票结果: 选择路径 0, 答案: 20, 置信度: 1.0
2025-08-07 03:01:38,053 - INFO - 投票结果: 选择路径 0, 答案: 730, 置信度: 0.6
2025-08-07 03:01:38,055 - INFO - 投票结果: 选择路径 0, 答案: 15, 置信度: 1.0
2025-08-07 03:01:38,057 - INFO - 投票结果: 选择路径 0, 答案: 736, 置信度: 1.0
2025-08-07 03:01:38,059 - INFO - 投票结果: 选择路径 0, 答案: 42, 置信度: 0.8
2025-08-07 03:01:38,061 - INFO - 投票结果: 选择路径 0, 答案: 9, 置信度: 0.9
2025-08-07 03:01:38,064 - INFO - 投票结果: 选择路径 0, 答案: 27, 置信度: 1.0
2025-08-07 03:01:38,066 - INFO - 投票结果: 选择路径 0, 答案: 540, 置信度: 1.0
2025-08-07 03:01:38,068 - INFO - 投票结果: 选择路径 0, 答案: 17, 置信度: 1.0
2025-08-07 03:01:38,070 - INFO - 投票结果: 选择路径 0, 答案: 360, 置信度: 1.0
2025-08-07 03:01:38,072 - INFO - 投票结果: 选择路径 0, 答案: 10800, 置信度: 1.0
2025-08-07 03:01:38,074 - INFO - 投票结果: 选择路径 3, 答案: 26, 置信度: 0.4
2025-08-07 03:01:38,076 - INFO - 投票结果: 选择路径 1, 答案: 99256, 置信度: 0.2
2025-08-07 03:01:38,078 - INFO - 投票结果: 选择路径 0, 答案: 6, 置信度: 1.0
2025-08-07 03:01:38,080 - INFO - 投票结果: 选择路径 0, 答案: 20, 置信度: 0.9
2025-08-07 03:01:38,082 - INFO - 投票结果: 选择路径 0, 答案: 88, 置信度: 1.0
2025-08-07 03:01:38,084 - INFO - 投票结果: 选择路径 0, 答案: 12, 置信度: 1.0
2025-08-07 03:01:38,087 - INFO - 投票结果: 选择路径 0, 答案: 48, 置信度: 0.2
2025-08-07 03:01:38,089 - INFO - 投票结果: 选择路径 1, 答案: 16, 置信度: 0.8
2025-08-07 03:01:38,091 - INFO - 投票结果: 选择路径 0, 答案: 90, 置信度: 0.3
2025-08-07 03:01:38,093 - INFO - 投票结果: 选择路径 0, 答案: 48, 置信度: 0.4
2025-08-07 03:01:38,095 - INFO - 投票结果: 选择路径 0, 答案: 6, 置信度: 1.0
2025-08-07 03:01:38,097 - INFO - 投票结果: 选择路径 0, 答案: 4, 置信度: 1.0
2025-08-07 03:01:38,099 - INFO - 投票结果: 选择路径 0, 答案: 20, 置信度: 1.0
2025-08-07 03:01:38,101 - INFO - 投票结果: 选择路径 0, 答案: 800, 置信度: 1.0
2025-08-07 03:01:38,103 - INFO - 投票结果: 选择路径 0, 答案: 1, 置信度: 1.0
2025-08-07 03:01:38,105 - INFO - 投票结果: 选择路径 0, 答案: 50, 置信度: 1.0
2025-08-07 03:01:38,107 - INFO - 投票结果: 选择路径 1, 答案: 65.56, 置信度: 0.6
2025-08-07 03:01:38,109 - INFO - 投票结果: 选择路径 0, 答案: 7, 置信度: 0.9
2025-08-07 03:01:38,112 - INFO - 投票结果: 选择路径 0, 答案: 63, 置信度: 1.0
2025-08-07 03:01:38,114 - INFO - 投票结果: 选择路径 0, 答案: 9, 置信度: 1.0
2025-08-07 03:01:38,116 - INFO - 投票结果: 选择路径 0, 答案: 42, 置信度: 1.0
2025-08-07 03:01:38,118 - INFO - 投票结果: 选择路径 0, 答案: 5, 置信度: 1.0
2025-08-07 03:01:38,120 - INFO - 投票结果: 选择路径 0, 答案: 240, 置信度: 1.0
2025-08-07 03:01:38,122 - INFO - 投票结果: 选择路径 0, 答案: 1000, 置信度: 1.0
2025-08-07 03:01:38,124 - INFO - 投票结果: 选择路径 0, 答案: 109, 置信度: 1.0
2025-08-07 03:01:38,126 - INFO - 投票结果: 选择路径 0, 答案: 140, 置信度: 1.0
2025-08-07 03:01:38,129 - INFO - 投票结果: 选择路径 0, 答案: 55, 置信度: 1.0
2025-08-07 03:01:38,131 - INFO - 投票结果: 选择路径 0, 答案: 16, 置信度: 1.0
2025-08-07 03:01:38,133 - INFO - 投票结果: 选择路径 0, 答案: 272, 置信度: 0.5
2025-08-07 03:01:38,135 - INFO - 投票结果: 选择路径 0, 答案: 110, 置信度: 1.0
2025-08-07 03:01:38,137 - INFO - 投票结果: 选择路径 0, 答案: 13, 置信度: 1.0
2025-08-07 03:01:38,139 - INFO - 投票结果: 选择路径 0, 答案: 5, 置信度: 1.0
2025-08-07 03:01:38,141 - INFO - 投票结果: 选择路径 0, 答案: 48, 置信度: 1.0
2025-08-07 03:01:38,143 - INFO - 投票结果: 选择路径 0, 答案: 8, 置信度: 1.0
2025-08-07 03:01:38,145 - INFO - 投票结果: 选择路径 0, 答案: 8, 置信度: 1.0
2025-08-07 03:01:38,147 - INFO - 投票结果: 选择路径 0, 答案: 56, 置信度: 1.0
2025-08-07 03:01:38,149 - INFO - 投票结果: 选择路径 0, 答案: 3, 置信度: 1.0
2025-08-07 03:01:38,152 - INFO - 投票结果: 选择路径 0, 答案: 42, 置信度: 1.0
2025-08-07 03:01:38,154 - INFO - 投票结果: 选择路径 0, 答案: 4, 置信度: 0.7
2025-08-07 03:01:38,156 - INFO - 投票结果: 选择路径 0, 答案: 20000, 置信度: 1.0
2025-08-07 03:01:38,158 - INFO - 投票结果: 选择路径 0, 答案: 9, 置信度: 1.0
2025-08-07 03:01:38,160 - INFO - 投票结果: 选择路径 0, 答案: 52, 置信度: 1.0
2025-08-07 03:01:38,162 - INFO - 投票结果: 选择路径 0, 答案: 30, 置信度: 0.8
2025-08-07 03:01:38,164 - INFO - 投票结果: 选择路径 0, 答案: 114000, 置信度: 0.5
2025-08-07 03:01:38,166 - INFO - 投票结果: 选择路径 0, 答案: 45, 置信度: 1.0
2025-08-07 03:01:38,168 - INFO - 投票结果: 选择路径 0, 答案: 1, 置信度: 0.7
2025-08-07 03:01:38,170 - INFO - 投票结果: 选择路径 0, 答案: 5600, 置信度: 1.0
2025-08-07 03:01:38,172 - INFO - 投票结果: 选择路径 0, 答案: 7, 置信度: 1.0
2025-08-07 03:01:38,174 - INFO - 投票结果: 选择路径 0, 答案: 25, 置信度: 1.0
2025-08-07 03:01:38,177 - INFO - 投票结果: 选择路径 0, 答案: -91, 置信度: 0.9
2025-08-07 03:01:38,179 - INFO - 投票结果: 选择路径 0, 答案: 180, 置信度: 1.0
2025-08-07 03:01:38,181 - INFO - 投票结果: 选择路径 0, 答案: 24, 置信度: 0.9
2025-08-07 03:01:38,183 - INFO - 投票结果: 选择路径 0, 答案: 6, 置信度: 1.0
2025-08-07 03:01:38,185 - INFO - 投票结果: 选择路径 0, 答案: 40, 置信度: 1.0
2025-08-07 03:01:38,187 - INFO - 投票结果: 选择路径 0, 答案: -3, 置信度: 1.0
2025-08-07 03:01:38,189 - INFO - 投票结果: 选择路径 0, 答案: 112, 置信度: 0.7
2025-08-07 03:01:38,191 - INFO - 投票结果: 选择路径 0, 答案: 227, 置信度: 1.0
2025-08-07 03:01:38,193 - INFO - 投票结果: 选择路径 0, 答案: 762, 置信度: 1.0
2025-08-07 03:01:38,195 - INFO - 投票结果: 选择路径 0, 答案: 34, 置信度: 1.0
2025-08-07 03:01:38,197 - INFO - 投票结果: 选择路径 0, 答案: 2, 置信度: 1.0
2025-08-07 03:01:38,199 - INFO - 投票结果: 选择路径 0, 答案: 2, 置信度: 1.0
2025-08-07 03:01:38,202 - INFO - 投票结果: 选择路径 1, 答案: 7, 置信度: 0.5
2025-08-07 03:01:38,204 - INFO - 投票结果: 选择路径 0, 答案: 4, 置信度: 1.0
2025-08-07 03:01:38,206 - INFO - 投票结果: 选择路径 0, 答案: 110, 置信度: 1.0
2025-08-07 03:01:38,208 - INFO - 投票结果: 选择路径 0, 答案: 750, 置信度: 1.0
2025-08-07 03:01:38,210 - INFO - 投票结果: 选择路径 0, 答案: 240, 置信度: 0.7
2025-08-07 03:01:38,212 - INFO - 投票结果: 选择路径 1, 答案: 3, 置信度: 0.6
2025-08-07 03:01:38,214 - INFO - 投票结果: 选择路径 0, 答案: 105, 置信度: 0.6
2025-08-07 03:01:38,216 - INFO - 投票结果: 选择路径 0, 答案: 120, 置信度: 1.0
2025-08-07 03:01:38,218 - INFO - 投票结果: 选择路径 0, 答案: 240, 置信度: 1.0
2025-08-07 03:01:38,220 - INFO - 投票结果: 选择路径 1, 答案: 333, 置信度: 0.6
2025-08-07 03:01:38,222 - INFO - 投票结果: 选择路径 0, 答案: 60, 置信度: 1.0
2025-08-07 03:01:38,225 - INFO - 投票结果: 选择路径 0, 答案: 36, 置信度: 0.8
2025-08-07 03:01:38,227 - INFO - 投票结果: 选择路径 0, 答案: 80, 置信度: 0.8
2025-08-07 03:01:38,229 - INFO - 投票结果: 选择路径 0, 答案: 4, 置信度: 0.5
2025-08-07 03:01:38,231 - INFO - 投票结果: 选择路径 0, 答案: 32, 置信度: 1.0
2025-08-07 03:01:38,233 - INFO - 投票结果: 选择路径 0, 答案: 940, 置信度: 0.5
2025-08-07 03:01:38,235 - INFO - 投票结果: 选择路径 0, 答案: 84, 置信度: 1.0
2025-08-07 03:01:38,237 - INFO - 投票结果: 选择路径 0, 答案: 2, 置信度: 1.0
2025-08-07 03:01:38,239 - INFO - 投票结果: 选择路径 0, 答案: 32, 置信度: 1.0
2025-08-07 03:01:38,241 - INFO - 投票结果: 选择路径 0, 答案: 12, 置信度: 0.7
2025-08-07 03:01:38,243 - INFO - 投票结果: 选择路径 0, 答案: 6, 置信度: 1.0
2025-08-07 03:01:38,246 - INFO - 投票结果: 选择路径 0, 答案: 1, 置信度: 0.9
2025-08-07 03:01:38,248 - INFO - 投票结果: 选择路径 0, 答案: 14, 置信度: 1.0
2025-08-07 03:01:38,250 - INFO - 投票结果: 选择路径 0, 答案: 448, 置信度: 0.9
2025-08-07 03:01:38,252 - INFO - 投票结果: 选择路径 0, 答案: 12, 置信度: 1.0
2025-08-07 03:01:38,254 - INFO - 投票结果: 选择路径 0, 答案: 1110, 置信度: 1.0
2025-08-07 03:01:38,256 - INFO - 投票结果: 选择路径 0, 答案: 2, 置信度: 0.7
2025-08-07 03:01:38,258 - INFO - 投票结果: 选择路径 0, 答案: 6, 置信度: 1.0
2025-08-07 03:01:38,260 - INFO - 投票结果: 选择路径 2, 答案: 28, 置信度: 0.6
2025-08-07 03:01:38,262 - INFO - 投票结果: 选择路径 0, 答案: 1200, 置信度: 1.0
2025-08-07 03:01:38,264 - INFO - 投票结果: 选择路径 0, 答案: 32, 置信度: 1.0
2025-08-07 03:01:38,266 - INFO - 投票结果: 选择路径 0, 答案: 60, 置信度: 1.0
2025-08-07 03:01:38,269 - INFO - 投票结果: 选择路径 0, 答案: 90, 置信度: 1.0
2025-08-07 03:01:38,271 - INFO - 投票结果: 选择路径 0, 答案: 104, 置信度: 0.2
2025-08-07 03:01:38,273 - INFO - 投票结果: 选择路径 0, 答案: 270, 置信度: 1.0
2025-08-07 03:01:38,275 - INFO - 投票结果: 选择路径 0, 答案: 56000, 置信度: 1.0
2025-08-07 03:01:38,277 - INFO - 投票结果: 选择路径 0, 答案: 72, 置信度: 1.0
2025-08-07 03:01:38,279 - INFO - 投票结果: 选择路径 0, 答案: 400, 置信度: 0.9
2025-08-07 03:01:38,281 - INFO - 投票结果: 选择路径 0, 答案: 12, 置信度: 1.0
2025-08-07 03:01:38,283 - INFO - 投票结果: 选择路径 0, 答案: 15, 置信度: 1.0
2025-08-07 03:01:38,285 - INFO - 投票结果: 选择路径 0, 答案: 54, 置信度: 0.8
2025-08-07 03:01:38,287 - INFO - 投票结果: 选择路径 0, 答案: 50, 置信度: 0.6
2025-08-07 03:01:38,290 - INFO - 投票结果: 选择路径 0, 答案: 4, 置信度: 0.9
2025-08-07 03:01:38,292 - INFO - 投票结果: 选择路径 0, 答案: 4, 置信度: 1.0
2025-08-07 03:01:38,294 - INFO - 投票结果: 选择路径 0, 答案: 17500, 置信度: 1.0
2025-08-07 03:01:38,296 - INFO - 投票结果: 选择路径 0, 答案: 8, 置信度: 1.0
2025-08-07 03:01:38,298 - INFO - 投票结果: 选择路径 0, 答案: 21, 置信度: 1.0
2025-08-07 03:01:38,300 - INFO - 投票结果: 选择路径 0, 答案: 36, 置信度: 0.3
2025-08-07 03:01:38,302 - INFO - 投票结果: 选择路径 0, 答案: 1, 置信度: 1.0
2025-08-07 03:01:38,304 - INFO - 投票结果: 选择路径 0, 答案: 193, 置信度: 1.0
2025-08-07 03:01:38,306 - INFO - 投票结果: 选择路径 0, 答案: 3, 置信度: 1.0
2025-08-07 03:01:38,308 - INFO - 投票结果: 选择路径 2, 答案: 131250, 置信度: 0.4
2025-08-07 03:01:38,310 - INFO - 投票结果: 选择路径 0, 答案: 24, 置信度: 1.0
2025-08-07 03:01:38,313 - INFO - 投票结果: 选择路径 1, 答案: 31, 置信度: 0.5
2025-08-07 03:01:38,315 - INFO - 投票结果: 选择路径 0, 答案: 490, 置信度: 1.0
2025-08-07 03:01:38,317 - INFO - 投票结果: 选择路径 0, 答案: 5, 置信度: 0.8
2025-08-07 03:01:38,319 - INFO - 投票结果: 选择路径 0, 答案: 60, 置信度: 0.7
2025-08-07 03:01:38,321 - INFO - 投票结果: 选择路径 0, 答案: 17, 置信度: 1.0
2025-08-07 03:01:38,323 - INFO - 投票结果: 选择路径 0, 答案: 6850000, 置信度: 0.6
2025-08-07 03:01:38,325 - INFO - 投票结果: 选择路径 0, 答案: 15, 置信度: 1.0
2025-08-07 03:01:38,327 - INFO - 投票结果: 选择路径 0, 答案: 80, 置信度: 0.8
2025-08-07 03:01:38,329 - INFO - 投票结果: 选择路径 0, 答案: 18, 置信度: 1.0
2025-08-07 03:01:38,331 - INFO - 投票结果: 选择路径 0, 答案: 30, 置信度: 1.0
2025-08-07 03:01:38,333 - INFO - 投票结果: 选择路径 0, 答案: 60, 置信度: 1.0
2025-08-07 03:01:38,335 - INFO - 投票结果: 选择路径 0, 答案: 260, 置信度: 1.0
2025-08-07 03:01:38,338 - INFO - 投票结果: 选择路径 0, 答案: 60, 置信度: 1.0
2025-08-07 03:01:38,340 - INFO - 投票结果: 选择路径 0, 答案: 75, 置信度: 0.9
2025-08-07 03:01:38,342 - INFO - 投票结果: 选择路径 0, 答案: 25, 置信度: 1.0
2025-08-07 03:01:38,344 - INFO - 投票结果: 选择路径 0, 答案: 53, 置信度: 0.5
2025-08-07 03:01:38,346 - INFO - 投票结果: 选择路径 0, 答案: 5, 置信度: 1.0
2025-08-07 03:01:38,348 - INFO - 投票结果: 选择路径 0, 答案: 84, 置信度: 1.0
2025-08-07 03:01:38,350 - INFO - 投票结果: 选择路径 0, 答案: 7, 置信度: 1.0
2025-08-07 03:01:38,352 - INFO - 投票结果: 选择路径 0, 答案: 2, 置信度: 1.0
2025-08-07 03:01:38,354 - INFO - 投票结果: 选择路径 0, 答案: 21, 置信度: 0.7
2025-08-07 03:01:38,356 - INFO - 投票结果: 选择路径 0, 答案: 8, 置信度: 1.0
2025-08-07 03:01:38,359 - INFO - 投票结果: 选择路径 2, 答案: 80, 置信度: 0.4
2025-08-07 03:01:38,361 - INFO - 投票结果: 选择路径 0, 答案: 90000, 置信度: 1.0
2025-08-07 03:01:38,363 - INFO - 投票结果: 选择路径 0, 答案: 2, 置信度: 1.0
2025-08-07 03:01:38,365 - INFO - 投票结果: 选择路径 1, 答案: 100, 置信度: 0.7
2025-08-07 03:01:38,367 - INFO - 投票结果: 选择路径 0, 答案: 17, 置信度: 0.6
2025-08-07 03:01:38,369 - INFO - 投票结果: 选择路径 0, 答案: 100, 置信度: 1.0
2025-08-07 03:01:38,371 - INFO - 投票结果: 选择路径 0, 答案: 30, 置信度: 1.0
2025-08-07 03:01:38,373 - INFO - 投票结果: 选择路径 0, 答案: 8, 置信度: 1.0
2025-08-07 03:01:38,375 - INFO - 投票结果: 选择路径 0, 答案: 31, 置信度: 1.0
2025-08-07 03:01:38,378 - INFO - 投票结果: 选择路径 5, 答案: 48, 置信度: 0.3
2025-08-07 03:01:38,380 - INFO - 投票结果: 选择路径 0, 答案: 180, 置信度: 1.0
2025-08-07 03:01:38,382 - INFO - 投票结果: 选择路径 0, 答案: 3, 置信度: 1.0
2025-08-07 03:01:38,384 - INFO - 投票结果: 选择路径 0, 答案: 5, 置信度: 1.0
2025-08-07 03:01:38,386 - INFO - 投票结果: 选择路径 0, 答案: 5, 置信度: 1.0
2025-08-07 03:01:38,388 - INFO - 投票结果: 选择路径 0, 答案: 130000, 置信度: 1.0
2025-08-07 03:01:38,390 - INFO - 投票结果: 选择路径 0, 答案: 68, 置信度: 0.7
2025-08-07 03:01:38,392 - INFO - 投票结果: 选择路径 0, 答案: 78, 置信度: 0.9
2025-08-07 03:01:38,394 - INFO - 投票结果: 选择路径 0, 答案: 28, 置信度: 1.0
2025-08-07 03:01:38,397 - INFO - 投票结果: 选择路径 0, 答案: 15, 置信度: 1.0
2025-08-07 03:01:38,399 - INFO - 投票结果: 选择路径 0, 答案: 290, 置信度: 0.7
2025-08-07 03:01:38,401 - INFO - 投票结果: 选择路径 1, 答案: 38.89, 置信度: 0.3
2025-08-07 03:01:38,403 - INFO - 投票结果: 选择路径 0, 答案: 2400, 置信度: 0.4
2025-08-07 03:01:38,405 - INFO - 投票结果: 选择路径 0, 答案: 18, 置信度: 1.0
2025-08-07 03:01:38,407 - INFO - 投票结果: 选择路径 0, 答案: 90, 置信度: 1.0
2025-08-07 03:01:38,409 - INFO - 投票结果: 选择路径 0, 答案: 31, 置信度: 0.9
2025-08-07 03:01:38,411 - INFO - 投票结果: 选择路径 1, 答案: 48, 置信度: 0.3
2025-08-07 03:01:38,413 - INFO - 投票结果: 选择路径 0, 答案: 70, 置信度: 0.4
2025-08-07 03:01:38,415 - INFO - 投票结果: 选择路径 0, 答案: 7, 置信度: 1.0
2025-08-07 03:01:38,417 - INFO - 投票结果: 选择路径 0, 答案: 75, 置信度: 1.0
2025-08-07 03:01:38,420 - INFO - 投票结果: 选择路径 0, 答案: 650, 置信度: 1.0
2025-08-07 03:01:38,422 - INFO - 投票结果: 选择路径 0, 答案: 310, 置信度: 0.8
2025-08-07 03:01:38,424 - INFO - 投票结果: 选择路径 0, 答案: 12, 置信度: 0.8
2025-08-07 03:01:38,426 - INFO - 投票结果: 选择路径 0, 答案: 5, 置信度: 1.0
2025-08-07 03:01:38,428 - INFO - 投票结果: 选择路径 0, 答案: 29, 置信度: 0.9
2025-08-07 03:01:38,430 - INFO - 投票结果: 选择路径 0, 答案: 140, 置信度: 1.0
2025-08-07 03:01:38,432 - INFO - 投票结果: 选择路径 0, 答案: 30, 置信度: 1.0
2025-08-07 03:01:38,434 - INFO - 投票结果: 选择路径 0, 答案: 40, 置信度: 0.8
2025-08-07 03:01:38,436 - INFO - 投票结果: 选择路径 0, 答案: 100, 置信度: 1.0
2025-08-07 03:01:38,438 - INFO - 投票结果: 选择路径 0, 答案: 35, 置信度: 1.0
2025-08-07 03:01:38,441 - INFO - 投票结果: 选择路径 0, 答案: 79, 置信度: 1.0
2025-08-07 03:01:38,443 - INFO - 投票结果: 选择路径 0, 答案: 2, 置信度: 0.6
2025-08-07 03:01:38,445 - INFO - 投票结果: 选择路径 0, 答案: 4, 置信度: 1.0
2025-08-07 03:01:38,447 - INFO - 投票结果: 选择路径 0, 答案: 6, 置信度: 1.0
2025-08-07 03:01:38,449 - INFO - 投票结果: 选择路径 0, 答案: 32, 置信度: 1.0
2025-08-07 03:01:38,451 - INFO - 投票结果: 选择路径 0, 答案: 112, 置信度: 1.0
2025-08-07 03:01:38,453 - INFO - 投票结果: 选择路径 0, 答案: 54, 置信度: 0.7
2025-08-07 03:01:38,455 - INFO - 投票结果: 选择路径 0, 答案: 450, 置信度: 0.6
2025-08-07 03:01:38,457 - INFO - 投票结果: 选择路径 0, 答案: 6000, 置信度: 1.0
2025-08-07 03:01:38,459 - INFO - 投票结果: 选择路径 0, 答案: 450, 置信度: 1.0
2025-08-07 03:01:38,462 - INFO - 投票结果: 选择路径 0, 答案: 6, 置信度: 1.0
2025-08-07 03:01:38,464 - INFO - 投票结果: 选择路径 0, 答案: 14, 置信度: 1.0
2025-08-07 03:01:38,466 - INFO - 投票结果: 选择路径 0, 答案: 144, 置信度: 1.0
2025-08-07 03:01:38,468 - INFO - 投票结果: 选择路径 0, 答案: 8, 置信度: 1.0
2025-08-07 03:01:38,470 - INFO - 投票结果: 选择路径 0, 答案: 2125, 置信度: 1.0
2025-08-07 03:01:38,472 - INFO - 投票结果: 选择路径 0, 答案: 65, 置信度: 1.0
2025-08-07 03:01:38,474 - INFO - 投票结果: 选择路径 0, 答案: 13, 置信度: 1.0
2025-08-07 03:01:38,476 - INFO - 投票结果: 选择路径 0, 答案: 40, 置信度: 1.0
2025-08-07 03:01:38,478 - INFO - 投票结果: 选择路径 0, 答案: 133, 置信度: 1.0
2025-08-07 03:01:38,480 - INFO - 投票结果: 选择路径 0, 答案: 100, 置信度: 1.0
2025-08-07 03:01:38,483 - INFO - 投票结果: 选择路径 0, 答案: 350, 置信度: 1.0
2025-08-07 03:01:38,485 - INFO - 投票结果: 选择路径 0, 答案: 44.4, 置信度: 1.0
2025-08-07 03:01:38,487 - INFO - 投票结果: 选择路径 0, 答案: 105, 置信度: 1.0
2025-08-07 03:01:38,489 - INFO - 投票结果: 选择路径 0, 答案: 7, 置信度: 0.7
2025-08-07 03:01:38,491 - INFO - 投票结果: 选择路径 0, 答案: 860, 置信度: 1.0
2025-08-07 03:01:38,493 - INFO - 投票结果: 选择路径 0, 答案: 72, 置信度: 1.0
2025-08-07 03:01:38,495 - INFO - 投票结果: 选择路径 0, 答案: 59, 置信度: 0.4
2025-08-07 03:01:38,497 - INFO - 投票结果: 选择路径 0, 答案: 1, 置信度: 1.0
2025-08-07 03:01:38,499 - INFO - 投票结果: 选择路径 3, 答案: 2, 置信度: 0.4
2025-08-07 03:01:38,502 - INFO - 投票结果: 选择路径 0, 答案: 44, 置信度: 0.4
2025-08-07 03:01:38,504 - INFO - 投票结果: 选择路径 0, 答案: 140, 置信度: 0.8
2025-08-07 03:01:38,591 - INFO - 投票结果: 选择路径 0, 答案: 25, 置信度: 0.4
2025-08-07 03:01:38,596 - INFO - 投票结果: 选择路径 0, 答案: 1800, 置信度: 0.9
2025-08-07 03:01:38,599 - INFO - 投票结果: 选择路径 0, 答案: 25, 置信度: 1.0
2025-08-07 03:01:38,601 - INFO - 投票结果: 选择路径 0, 答案: 147, 置信度: 1.0
2025-08-07 03:01:38,603 - INFO - 投票结果: 选择路径 0, 答案: 10, 置信度: 1.0
2025-08-07 03:01:38,605 - INFO - 投票结果: 选择路径 0, 答案: 25, 置信度: 0.7
2025-08-07 03:01:38,607 - INFO - 投票结果: 选择路径 0, 答案: 32, 置信度: 1.0
2025-08-07 03:01:38,609 - INFO - 投票结果: 选择路径 0, 答案: 276, 置信度: 1.0
2025-08-07 03:01:38,612 - INFO - 投票结果: 选择路径 0, 答案: 32, 置信度: 0.3
2025-08-07 03:01:38,614 - INFO - 投票结果: 选择路径 0, 答案: 30, 置信度: 1.0
2025-08-07 03:01:38,616 - INFO - 投票结果: 选择路径 0, 答案: 280, 置信度: 0.5
2025-08-07 03:01:38,618 - INFO - 投票结果: 选择路径 0, 答案: 8000, 置信度: 0.9
2025-08-07 03:01:38,620 - INFO - 投票结果: 选择路径 1, 答案: 50, 置信度: 0.7
2025-08-07 03:01:38,622 - INFO - 投票结果: 选择路径 3, 答案: 120, 置信度: 0.5
2025-08-07 03:01:38,624 - INFO - 投票结果: 选择路径 0, 答案: 50, 置信度: 1.0
2025-08-07 03:01:38,626 - INFO - 投票结果: 选择路径 0, 答案: 50, 置信度: 1.0
2025-08-07 03:01:38,628 - INFO - 投票结果: 选择路径 0, 答案: 320, 置信度: 1.0
2025-08-07 03:01:38,630 - INFO - 投票结果: 选择路径 0, 答案: 38, 置信度: 1.0
2025-08-07 03:01:38,632 - INFO - 投票结果: 选择路径 3, 答案: 34, 置信度: 0.4
2025-08-07 03:01:38,635 - INFO - 投票结果: 选择路径 0, 答案: 594, 置信度: 1.0
2025-08-07 03:01:38,637 - INFO - 投票结果: 选择路径 4, 答案: 7, 置信度: 0.3
2025-08-07 03:01:38,639 - INFO - 投票结果: 选择路径 0, 答案: 98, 置信度: 1.0
2025-08-07 03:01:38,641 - INFO - 投票结果: 选择路径 0, 答案: 123, 置信度: 1.0
2025-08-07 03:01:38,643 - INFO - 投票结果: 选择路径 0, 答案: 27, 置信度: 1.0
2025-08-07 03:01:38,645 - INFO - 投票结果: 选择路径 0, 答案: 145, 置信度: 1.0
2025-08-07 03:01:38,647 - INFO - 投票结果: 选择路径 0, 答案: 23, 置信度: 1.0
2025-08-07 03:01:38,649 - INFO - 投票结果: 选择路径 0, 答案: 14, 置信度: 0.7
2025-08-07 03:01:38,651 - INFO - 投票结果: 选择路径 0, 答案: 18, 置信度: 0.5
2025-08-07 03:01:38,653 - INFO - 投票结果: 选择路径 0, 答案: 21, 置信度: 1.0
2025-08-07 03:01:38,655 - INFO - 投票结果: 选择路径 0, 答案: 40000, 置信度: 1.0
2025-08-07 03:01:38,658 - INFO - 投票结果: 选择路径 1, 答案: 90, 置信度: 0.5
2025-08-07 03:01:38,660 - INFO - 投票结果: 选择路径 0, 答案: 11050, 置信度: 0.9
2025-08-07 03:01:38,662 - INFO - 投票结果: 选择路径 0, 答案: 1520, 置信度: 1.0
2025-08-07 03:01:38,664 - INFO - 投票结果: 选择路径 0, 答案: 48, 置信度: 0.3
2025-08-07 03:01:38,666 - INFO - 投票结果: 选择路径 0, 答案: 8000, 置信度: 0.6
2025-08-07 03:01:38,668 - INFO - 投票结果: 选择路径 0, 答案: 93, 置信度: 1.0
2025-08-07 03:01:38,670 - INFO - 投票结果: 选择路径 0, 答案: 40, 置信度: 1.0
2025-08-07 03:01:38,672 - INFO - 投票结果: 选择路径 0, 答案: 15, 置信度: 1.0
2025-08-07 03:01:38,674 - INFO - 投票结果: 选择路径 0, 答案: 66, 置信度: 1.0
2025-08-07 03:01:38,676 - INFO - 投票结果: 选择路径 0, 答案: 5, 置信度: 1.0
2025-08-07 03:01:38,678 - INFO - 投票结果: 选择路径 0, 答案: 5, 置信度: 1.0
2025-08-07 03:01:38,681 - INFO - 投票结果: 选择路径 0, 答案: 5, 置信度: 0.5
2025-08-07 03:01:38,683 - INFO - 投票结果: 选择路径 0, 答案: 1430, 置信度: 1.0
2025-08-07 03:01:38,685 - INFO - 投票结果: 选择路径 0, 答案: 36, 置信度: 1.0
2025-08-07 03:01:38,687 - INFO - 投票结果: 选择路径 0, 答案: 80, 置信度: 1.0
2025-08-07 03:01:38,689 - INFO - 投票结果: 选择路径 0, 答案: 29, 置信度: 1.0
2025-08-07 03:01:38,691 - INFO - 投票结果: 选择路径 0, 答案: 122, 置信度: 1.0
2025-08-07 03:01:38,693 - INFO - 投票结果: 选择路径 0, 答案: 60, 置信度: 1.0
2025-08-07 03:01:38,695 - INFO - 投票结果: 选择路径 1, 答案: 145, 置信度: 0.7
2025-08-07 03:01:38,697 - INFO - 投票结果: 选择路径 0, 答案: 21, 置信度: 1.0
2025-08-07 03:01:38,700 - INFO - 投票结果: 选择路径 0, 答案: 45, 置信度: 1.0
2025-08-07 03:01:38,702 - INFO - 投票结果: 选择路径 0, 答案: 273, 置信度: 1.0
2025-08-07 03:01:38,704 - INFO - 投票结果: 选择路径 1, 答案: 12, 置信度: 0.7
2025-08-07 03:01:38,706 - INFO - 投票结果: 选择路径 0, 答案: 5, 置信度: 1.0
2025-08-07 03:01:38,708 - INFO - 投票结果: 选择路径 0, 答案: 1, 置信度: 1.0
2025-08-07 03:01:38,710 - INFO - 投票结果: 选择路径 1, 答案: 2280, 置信度: 0.5
2025-08-07 03:01:38,712 - INFO - 
==================================================
2025-08-07 03:01:38,714 - INFO - 样本 5: Dominick went to his team's changing room and saw half as many robots as helmets and half as many he...
2025-08-07 03:01:38,716 - INFO - 参考答案: If the number of helmets was 20, there were 2 footballs/helmet * 20 helmets = <<20*2=40>>40 footballs
There were half as many robots as helmets, so in total, there were 1 robot/2 helmets * 20 helmets = <<1/2*20=10>>10 robots.
The total number of items in the changing room is 10 robots + 40 footballs + 20 helmets = <<10+40+20=70>>70 items
#### 70
2025-08-07 03:01:38,718 - INFO - 提取参考答案: 70
2025-08-07 03:01:38,720 - INFO - 生成答案: 

Step 1:First, read the problem and identify what we need to find. We need to find the total number of items Dominick saw.

Step 2:Next, set up equations and perform the calculations. Since there wer...
2025-08-07 03:01:38,722 - INFO - 提取答案: 100
2025-08-07 03:01:38,724 - INFO - 投票统计: {'voting_method': 'majority', 'best_answer': '100', 'vote_count': 10, 'total_paths': 10, 'valid_paths': 10, 'confidence': 1.0, 'answer_distribution': {'100': 10}, 'selected_path_idx': 0}
2025-08-07 03:01:38,727 - INFO - ==================================================
2025-08-07 03:01:38,729 - INFO - 
==================================================
2025-08-07 03:01:38,730 - INFO - 样本 9: Joe has $50 to buy an outfit for his new field trip. There is a 30% off sale at the clothing store. ...
2025-08-07 03:01:38,733 - INFO - 参考答案: The price of the two clothing items totals 35 + 25 = <<35+25=60>>60 dollars before discount.
The total sale discount comes to 60 * 0.3 = <<60*0.3=18>>18 dollars.
The final sale price comes to 60 - 18 = <<60-18=42>>42 dollars.
Joe ends up with 50 - 42 = <<50-42=8>>8 dollars change.
#### 8
2025-08-07 03:01:38,735 - INFO - 提取参考答案: 8
2025-08-07 03:01:38,737 - INFO - 生成答案: 

Step 1:First, read the problem and identify what we need to find. We need to find the amount of money Joe will have left after the purchase.

Step 2:Next, set up equations and perform the calculatio...
2025-08-07 03:01:38,739 - INFO - 提取答案: 4.64
2025-08-07 03:01:38,741 - INFO - 投票统计: {'voting_method': 'majority', 'best_answer': '4.64', 'vote_count': 7, 'total_paths': 10, 'valid_paths': 10, 'confidence': 0.7, 'answer_distribution': {'4.64': 7, '4.40': 2, '3.80': 1}, 'selected_path_idx': 0}
2025-08-07 03:01:38,743 - INFO - ==================================================
2025-08-07 03:01:38,745 - INFO - 
==================================================
2025-08-07 03:01:38,747 - INFO - 样本 13: Christina records her mood every day on a calendar. Over the past thirty days of moods, she had twel...
2025-08-07 03:01:38,749 - INFO - 参考答案: Christina had 30 - 12 - 8 = <<30-12-8=10>>10 neutral days in the month.
After the first three 8-day periods, she had 30 - 8 * 3 = 30 - 24 = <<30-8*3=6>>6 days of moods left.
Of those days, 12 - 8 = <<12-8=4>>4 days were good.
After the next 3 days with 2 good days, Christina had 4 - 2 = <<4-2=2>>2 good days left.
#### 2
2025-08-07 03:01:38,751 - INFO - 提取参考答案: 2
2025-08-07 03:01:38,753 - INFO - 生成答案: 

Step 1:First, read the problem and identify what we need to find. We need to find the number of good days left in the month.

Step 2:Next, set up equations and perform the calculations. Christina ha...
2025-08-07 03:01:38,755 - INFO - 提取答案: 15
2025-08-07 03:01:38,757 - INFO - 投票统计: {'voting_method': 'majority', 'best_answer': '15', 'vote_count': 4, 'total_paths': 10, 'valid_paths': 10, 'confidence': 0.4, 'answer_distribution': {'1': 1, '15': 4, '12': 3, '2': 1, '7': 1}, 'selected_path_idx': 1}
2025-08-07 03:01:38,759 - INFO - ==================================================
2025-08-07 03:01:38,761 - INFO - 
==================================================
2025-08-07 03:01:38,763 - INFO - 样本 14: Valerie earns $5000 per month, 1/2 of what her brother earns. If their mother earns twice their comb...
2025-08-07 03:01:38,765 - INFO - 参考答案: Valerie's brother earns 2 * $5000 = $<<2*5000=10000>>10000
Their combined salary is $5000+$10000 = $<<5000+10000=15000>>15000
Their mother earn twice their combined earnings, which is 2*$15000 = $<<2*15000=30000>>30000
The total amount of money they all have is $15000+$30000 = $<<15000+30000=45000>>45000
#### 45000
2025-08-07 03:01:38,767 - INFO - 提取参考答案: 45000
2025-08-07 03:01:38,769 - INFO - 生成答案: 

Step 1:First, read the problem and identify what we need to find. We need to find the total amount of money Valerie, her brother, and their mother have together.

Step 2:Next, set up equations and p...
2025-08-07 03:01:38,772 - INFO - 提取答案: 42000
2025-08-07 03:01:38,774 - INFO - 投票统计: {'voting_method': 'majority', 'best_answer': '42000', 'vote_count': 8, 'total_paths': 10, 'valid_paths': 10, 'confidence': 0.8, 'answer_distribution': {'42000': 8, '45000': 1, '38000': 1}, 'selected_path_idx': 0}
2025-08-07 03:01:38,776 - INFO - ==================================================
2025-08-07 03:01:38,778 - INFO - 
==================================================
2025-08-07 03:01:38,780 - INFO - 样本 21: Tatiana is deciding how much of her weekend she wants to spend playing soccer. She has 7 hours on Sa...
2025-08-07 03:01:38,782 - INFO - 参考答案: She has 12 hours for her activities because 7 + 5 = <<7+5=12>>12
After reading, she has 9 hours left because 12 - 3 = <<12-3=9>>9
She spends 3 hours playing video games because 9 x (1/3) = <<9*(1/3)=3>>3
After video games she has 6 hours left for soccer because 9 - 3 = <<6=6>>6
The proportion of time spend on soccer is .5 because 6 / 12 = <<6/12=.5>>.5
The percentage of time spent on soccer is 50 because .5 x 100 = <<50=50>>50
#### 50
2025-08-07 03:01:38,784 - INFO - 提取参考答案: 50
2025-08-07 03:01:38,786 - INFO - 生成答案: 

Step 1:First, read the problem and identify what we need to find. We need to find the percentage of her weekend that Tatiana spends playing soccer.

Step 2:Next, set up equations and perform the cal...
2025-08-07 03:01:38,788 - INFO - 提取答案: 33.33
2025-08-07 03:01:38,790 - INFO - 投票统计: {'voting_method': 'majority', 'best_answer': '33.33', 'vote_count': 10, 'total_paths': 10, 'valid_paths': 10, 'confidence': 1.0, 'answer_distribution': {'33.33': 10}, 'selected_path_idx': 0}
2025-08-07 03:01:38,793 - INFO - ==================================================
2025-08-07 03:01:38,795 - INFO - 
==================================================
2025-08-07 03:01:38,796 - INFO - 样本 24: There are four schools competing at a basketball tournament. Each school has sent a girls’ basketbal...
2025-08-07 03:01:38,798 - INFO - 参考答案: Each school has sent 1 girls’ basketball team + 1 boys’ basketball team = <<1+1=2>>2 teams.
So each school has sent 2 teams * 5 players per team = <<2*5=10>>10 players.
They have also each sent 2 teams * 1 coach per team = <<2*1=2>>2 coaches.
In total, each school has sent 10 players + 2 coaches = <<10+2=12>>12 people.
Therefore, the schools have sent a total of 12 people per school * 4 schools = <<12*4=48>>48 people.
#### 48
2025-08-07 03:01:38,801 - INFO - 提取参考答案: 48
2025-08-07 03:01:38,803 - INFO - 生成答案: 

Step 1:First, read the problem and identify what we need to find. We need to find the total number of people that all the schools have sent.

Step 2:Next, set up equations and perform the calculatio...
2025-08-07 03:01:38,805 - INFO - 提取答案: 44
2025-08-07 03:01:38,807 - INFO - 投票统计: {'voting_method': 'majority', 'best_answer': '44', 'vote_count': 7, 'total_paths': 10, 'valid_paths': 10, 'confidence': 0.7, 'answer_distribution': {'44': 7, '48': 3}, 'selected_path_idx': 0}
2025-08-07 03:01:38,809 - INFO - ==================================================
2025-08-07 03:01:38,811 - INFO - 
==================================================
2025-08-07 03:01:38,813 - INFO - 样本 25: Tom decides to give his wife an anniversary getaway.  The plane tickets cost $5000 each.  The hotel ...
2025-08-07 03:01:38,815 - INFO - 参考答案: The hotel room is 1500*.2=$<<1500*.2=300>>300 more expensive per night than normal
So they paid 1500+300=$<<1500+300=1800>>1800 per night
That means she paid 1800*3=$<<1800*3=5400>>5400
The plane tickets cost 5000*2=$<<5000*2=10000>>10,000
So the total cost is 10,000+5400=$<<10000+5400=15400>>15,400
#### 15400
2025-08-07 03:01:38,817 - INFO - 提取参考答案: 15400
2025-08-07 03:01:38,819 - INFO - 生成答案: 

Step 1:First, read the problem and identify what we need to find. We need to find the total cost of the trip.

Step 2:Next, set up equations and perform the calculations. The normal price of the hot...
2025-08-07 03:01:38,821 - INFO - 提取答案: 16400
2025-08-07 03:01:38,823 - INFO - 投票统计: {'voting_method': 'majority', 'best_answer': '16400', 'vote_count': 8, 'total_paths': 10, 'valid_paths': 10, 'confidence': 0.8, 'answer_distribution': {'16400': 8, '11800': 2}, 'selected_path_idx': 0}
2025-08-07 03:01:38,825 - INFO - ==================================================
2025-08-07 03:01:38,827 - INFO - 
==================================================
2025-08-07 03:01:38,829 - INFO - 样本 27: A toy manufacturer receives an order for 400 toys. 5 workers are available to work on the order. 2 o...
2025-08-07 03:01:38,831 - INFO - 参考答案: In the first group of workers, each produces 6 toys * 10 hours = <<6*10=60>>60 toys over their shift.
This is a total of 60 toys * 2 workers = <<60*2=120>>120 toys.
In the second group of workers, each produces 4 toys * 10 hours = <<4*10=40>>40 toys over their shift.
This is a total of 40 toys * 2 workers = <<40*2=80>>80 toys.
Together, these two groups produce 120 + 80 = <<120+80=200>>200 toys.
If the order is still short, then all the workers combined have produced 400 ordered toys – 20 remaining toys = <<400-20=380>>380 toys.
This means the fifth worker produced 380 – 200 = <<380-200=180>>180 toys in total.
The fifth worker therefore produced 180 toys / 10 hours = <<180/10=18>>18 toys per hour.
#### 18
2025-08-07 03:01:38,834 - INFO - 提取参考答案: 18
2025-08-07 03:01:38,836 - INFO - 生成答案: 

Step 1:First, read the problem and identify what we need to find. We need to find the number of toys per hour that the fifth worker produces.

Step 2:Next, set up equations and perform the calculati...
2025-08-07 03:01:38,838 - INFO - 提取答案: 36
2025-08-07 03:01:38,840 - INFO - 投票统计: {'voting_method': 'majority', 'best_answer': '36', 'vote_count': 5, 'total_paths': 10, 'valid_paths': 10, 'confidence': 0.5, 'answer_distribution': {'36': 5, '34': 3, '18': 1, '68': 1}, 'selected_path_idx': 0}
2025-08-07 03:01:38,842 - INFO - ==================================================
2025-08-07 03:01:38,844 - INFO - 
==================================================
2025-08-07 03:01:38,846 - INFO - 样本 36: There are four birds at the Caboose. Sally Two is three years older than Granny Red. Granny Red is t...
2025-08-07 03:01:38,848 - INFO - 参考答案: If Sally Thirtytwo is 8 years old, same as Sally four, their total age 8+8 = <<8+8=16>>16 years.
Granny red is two times as old as Sally four, meaning Granny red is 2*8 = <<2*8=16>>16 years old.
Sally Thirtytwo, Sally four, and Sally red are 16+16 = <<32=32>>32 years old.
Sally two is three years older than Granny red, meaning Sally two is 16+3= <<16+3=19>>19 years old.
The four birds have a total age of 32+19 = <<32+19=51>>51 years old.
#### 51
2025-08-07 03:01:38,850 - INFO - 提取参考答案: 51
2025-08-07 03:01:38,852 - INFO - 生成答案: 

Step 1:First, read the problem and identify what we need to find. We need to find the total age of the four birds.

Step 2:Next, set up equations and perform the calculations. Sally Four is 8 years ...
2025-08-07 03:01:38,855 - INFO - 提取答案: 43
2025-08-07 03:01:38,856 - INFO - 投票统计: {'voting_method': 'majority', 'best_answer': '43', 'vote_count': 6, 'total_paths': 10, 'valid_paths': 10, 'confidence': 0.6, 'answer_distribution': {'54': 3, '43': 6, '51': 1}, 'selected_path_idx': 1}
2025-08-07 03:01:38,859 - INFO - ==================================================
2025-08-07 03:01:38,861 - INFO - 
==================================================
2025-08-07 03:01:38,863 - INFO - 样本 39: Marcy makes homemade candles that she markets as 99% guaranteed not to explode. 5% of the more dange...
2025-08-07 03:01:38,865 - INFO - 参考答案: First find what percentage of the candles explode: 100% - 99% = 1%
Then multiply the odds of the candles exploding by the odds of them smelling like wet dog to find the probability of both events happening: 1% * 5% = 0.05%
Then multiply that percentage by the number of candles to find the number of them that have both defects: 0.05% * 50000 candles = <<0.05*.01*50000=25>>25 candles
#### 25
2025-08-07 03:01:38,867 - INFO - 提取参考答案: 25
2025-08-07 03:01:38,869 - INFO - 生成答案: 

Step 1:First, read the problem and identify what we need to find. We need to find the number of candles that both smell like wet dog and explode.

Step 2:Next, set up equations and perform the calcu...
2025-08-07 03:01:38,871 - INFO - 提取答案: 12375000
2025-08-07 03:01:38,873 - INFO - 投票统计: {'voting_method': 'majority', 'best_answer': '12375000', 'vote_count': 4, 'total_paths': 10, 'valid_paths': 10, 'confidence': 0.4, 'answer_distribution': {'12375000': 4, '2000': 1, '2500': 3, '2475': 1, '5': 1}, 'selected_path_idx': 0}
2025-08-07 03:01:38,875 - INFO - ==================================================
2025-08-07 03:01:38,877 - INFO - 
==================================================
2025-08-07 03:01:38,879 - INFO - 样本 43: Marin and his neighbor Nancy each eat 4 apples a day. How many apples do they eat in 30 days?...
2025-08-07 03:01:38,881 - INFO - 参考答案: In one day, Marin and Nancy eat 4 + 1 = <<4+1=5>>5 apples.
In 30 days, they eat 30 * 5 = <<30*5=150>>150 apples.
#### 150
2025-08-07 03:01:38,883 - INFO - 提取参考答案: 150
2025-08-07 03:01:38,885 - INFO - 生成答案: 

Step 1:First, read the problem and identify what we need to find. We need to find the total number of apples that Marin and Nancy eat in 30 days.

Step 2:Next, set up equations and perform the calcu...
2025-08-07 03:01:38,887 - INFO - 提取答案: 240
2025-08-07 03:01:38,889 - INFO - 投票统计: {'voting_method': 'majority', 'best_answer': '240', 'vote_count': 10, 'total_paths': 10, 'valid_paths': 10, 'confidence': 1.0, 'answer_distribution': {'240': 10}, 'selected_path_idx': 0}
2025-08-07 03:01:38,891 - INFO - ==================================================
2025-08-07 03:01:38,893 - INFO - 
==================================================
2025-08-07 03:01:38,895 - INFO - 样本 46: Lana is brewing cups of tea for her friends. She has 27 cups, and she divides these into 3 rows. In ...
2025-08-07 03:01:38,897 - INFO - 参考答案: If there are 15 cups of cinnamon tea, then there are a total of 27 – 15 = <<27-15=12>>12 cups of chamomile or mint tea.
As there are equal amounts of chamomile tea and mint tea, there is a total of 12 cups / 2 = <<12/2=6>>6 cups of mint tea.
Dividing these into rows shows that each row holds 6 / 3 = <<6/3=2>>2 cups of mint tea.
#### 2
2025-08-07 03:01:38,900 - INFO - 提取参考答案: 2
2025-08-07 03:01:38,902 - INFO - 生成答案: 

Step 1:First, read the problem and identify what we need to find. We need to find the number of mint tea cups in each row.

Step 2:Next, set up equations and perform the calculations. Since Lana div...
2025-08-07 03:01:38,904 - INFO - 提取答案: 4
2025-08-07 03:01:38,906 - INFO - 投票统计: {'voting_method': 'majority', 'best_answer': '4', 'vote_count': 8, 'total_paths': 10, 'valid_paths': 10, 'confidence': 0.8, 'answer_distribution': {'2': 1, '1': 1, '4': 8}, 'selected_path_idx': 2}
2025-08-07 03:01:38,908 - INFO - ==================================================
2025-08-07 03:01:38,910 - INFO - 
==================================================
2025-08-07 03:01:38,912 - INFO - 样本 48: A teacher uses a 5-inch piece of chalk to write math equations on a chalkboard for his students. The...
2025-08-07 03:01:38,914 - INFO - 参考答案: The teacher uses 45% of his 5 inch stick of chalk on Monday, or 5 * .45 = <<5*.45=2.25>>2.25 inches.
He is left with 5 - 2.25 = <<5-2.25=2.75>>2.75 inches of chalk.
The next day he will use 20% of 2.75 inches, which is 2.75 * .2 = <<2.75*.2=.55>>.55 inches of chalk used.
That leaves him with 2.75 - .55 = <<2.75-.55=2.2>>2.2 inches of chalk.
The day after that, he will use 2.2 * .2 = <<2.2*.2=.44>>.44 inches of chalk.
That will leave him with 2.2 - .44 = <<2.2-.44=1.76>>1.76 inches of chalk.
Since 1.76 is less than 2 inches, he will recycle this stick in 2 days.
#### 2
2025-08-07 03:01:38,916 - INFO - 提取参考答案: 2
2025-08-07 03:01:38,918 - INFO - 生成答案: 

Step 1:First, read the problem and identify what we need to find. We need to find the number of days the teacher has before he has to recycle the chalk.

Step 2:Next, set up equations and perform th...
2025-08-07 03:01:38,920 - INFO - 提取答案: 5
2025-08-07 03:01:38,922 - INFO - 投票统计: {'voting_method': 'majority', 'best_answer': '5', 'vote_count': 3, 'total_paths': 10, 'valid_paths': 10, 'confidence': 0.3, 'answer_distribution': {'13': 1, '48': 1, '1': 2, '11': 2, '2': 1, '5': 3}, 'selected_path_idx': 6}
2025-08-07 03:01:38,924 - INFO - ==================================================
2025-08-07 03:01:38,926 - INFO - 
==================================================
2025-08-07 03:01:38,928 - INFO - 样本 49: Raymond and Samantha are cousins. Raymond was born 6 years before Samantha. Raymond had a son at the...
2025-08-07 03:01:38,930 - INFO - 参考答案: When Raymond's son was born Samantha was 23 - 6 = <<23-6=17>>17 years old.
Thus it has been 31 - 17 = <<31-17=14>>14 years since Raymond's son was born.
#### 14
2025-08-07 03:01:38,932 - INFO - 提取参考答案: 14
2025-08-07 03:01:38,934 - INFO - 生成答案: 

Step 1:First, read the problem and identify what we need to find. We need to find the number of years ago Raymond's son was born.

Step 2:Next, set up equations and perform the calculations. Since R...
2025-08-07 03:01:38,936 - INFO - 提取答案: 2
2025-08-07 03:01:38,938 - INFO - 投票统计: {'voting_method': 'majority', 'best_answer': '2', 'vote_count': 10, 'total_paths': 10, 'valid_paths': 10, 'confidence': 1.0, 'answer_distribution': {'2': 10}, 'selected_path_idx': 0}
2025-08-07 03:01:38,941 - INFO - ==================================================
2025-08-07 03:01:38,942 - INFO - 
==================================================
2025-08-07 03:01:38,944 - INFO - 样本 52: Jerome had 4 friends who came to visit him on a certain day. The first friend pressed on the doorbel...
2025-08-07 03:01:38,946 - INFO - 参考答案: The second friend pressed on the doorbell 1/4 times more than Jerome's first friend, a total of 1/4*20=<<1/4*20=5>>5 times.
Jerome's second friend pressed on the doorbell 20+5=<<20+5=25>>25
The first two friends pressed on the doorbell 25+20=<<25+20=45>>45 times altogether before Jerome could open the door.
Jerome's third friend pressed on the doorbell 60+10=<<60+10=70>>70 times before Jerome could open the door.
Altogether, Jerome's third and fourth friends pressed on the doorbell 70+60=<<70+60=130>>130 times before Jerome could open.
The number of doorbell rings that Jerome's friend made before Jerome could open the door is 130+45=<<130+45=175>>175 times.
#### 175
2025-08-07 03:01:38,949 - INFO - 提取参考答案: 175
2025-08-07 03:01:38,951 - INFO - 生成答案: 

Step 1:First, read the problem and identify what we need to find. We need to find the total number of doorbell rings.

Step 2:Next, set up equations and perform the calculations. The fourth friend p...
2025-08-07 03:01:38,953 - INFO - 提取答案: 155
2025-08-07 03:01:38,955 - INFO - 投票统计: {'voting_method': 'majority', 'best_answer': '155', 'vote_count': 6, 'total_paths': 10, 'valid_paths': 10, 'confidence': 0.6, 'answer_distribution': {'155': 6, '185': 4}, 'selected_path_idx': 0}
2025-08-07 03:01:38,957 - INFO - ==================================================
2025-08-07 03:01:38,959 - INFO - 
==================================================
2025-08-07 03:01:38,961 - INFO - 样本 59: Finley took part in a 100-meter race.  She started off in first, but then fell back 5 spots.  She th...
2025-08-07 03:01:38,963 - INFO - 参考答案: Finley started off at 1st place but then lost 5 spots, which translates to 1+5= <<1+5=6>>6th place
She then moved ahead two spots, which is expressed as 6-2=<<6-2=4>>4th place
She then fell behind by 3 spots, which is expressed as 4+3=<<4+3=7>>7th place
She finished the race moving ahead 1 spot, which is expressed as 7-1=<<7-1=6>>6th place
#### 6
2025-08-07 03:01:38,965 - INFO - 提取参考答案: 6
2025-08-07 03:01:38,967 - INFO - 生成答案: 

Step 1:First, read the problem and identify what we need to find. We need to find the place that Finley finished in.

Step 2:Next, set up equations and perform the calculations. Finley started in fi...
2025-08-07 03:01:38,969 - INFO - 提取答案: 96
2025-08-07 03:01:38,971 - INFO - 投票统计: {'voting_method': 'majority', 'best_answer': '96', 'vote_count': 4, 'total_paths': 10, 'valid_paths': 10, 'confidence': 0.4, 'answer_distribution': {'6': 2, '96': 4, '4': 1, '12': 1, '8': 1, '99': 1}, 'selected_path_idx': 1}
2025-08-07 03:01:38,973 - INFO - ==================================================
2025-08-07 03:01:38,975 - INFO - 
==================================================
2025-08-07 03:01:38,977 - INFO - 样本 64: Emily can peel 6 shrimp a minute and saute 30 shrimp in 10 minutes. How long will it take her to pee...
2025-08-07 03:01:38,979 - INFO - 参考答案: First find how long it takes Emily to peel the shrimp: 90 shrimp / 6 shrimp/minute = <<90/6=15>>15 minutes
Then find how many batches of shrimp she needs to cook: 90 shrimp / 30 shrimp/batch = <<90/30=3>>3 batches
Then multiply the number of batches by the time per batch to find the total cook time: 3 batches * 10 minutes/batch = <<3*10=30>>30 minutes
Then add the peeling time to find the total time Emily spends: 30 minutes + 15 minutes = <<30+15=45>>45 minutes
#### 45
2025-08-07 03:01:38,982 - INFO - 提取参考答案: 45
2025-08-07 03:01:38,984 - INFO - 生成答案: 

Step 1:First, read the problem and identify what we need to find. We need to find the time it will take Emily to peel and cook 90 shrimp.

Step 2:Next, set up equations and perform the calculations....
2025-08-07 03:01:38,986 - INFO - 提取答案: 18
2025-08-07 03:01:38,988 - INFO - 投票统计: {'voting_method': 'majority', 'best_answer': '18', 'vote_count': 6, 'total_paths': 10, 'valid_paths': 10, 'confidence': 0.6, 'answer_distribution': {'45': 4, '18': 6}, 'selected_path_idx': 2}
2025-08-07 03:01:38,990 - INFO - ==================================================
2025-08-07 03:01:38,992 - INFO - 
==================================================
2025-08-07 03:01:38,994 - INFO - 样本 72: Mr Hezekiah had 20 trucks from his store supplying fertiliser to different farmers in his hometown d...
2025-08-07 03:01:38,996 - INFO - 参考答案: If there were 20 trucks dispatched for delivery, and 1/4 of the total number had mechanical failures, there were 1/4*20 = <<20*1/4=5>>5 failed deliveries.
Out of the 20 trucks dispatched to deliver fertiliser, 20-5 = <<20-5=15>>15 trucks delivered to the farmers.
Since each truck carried 20 tons of fertiliser, the total amount of tons of fertiliser delivered that day was 15*20 = <<15*20=300>>300 tons.
#### 300
2025-08-07 03:01:38,999 - INFO - 提取参考答案: 300
2025-08-07 03:01:39,001 - INFO - 生成答案: 

Step 1:First, read the problem and identify what we need to find. We need to find the total number of tons of fertiliser that reached the farmers that day.

Step 2:Next, set up equations and perform...
2025-08-07 03:01:39,003 - INFO - 提取答案: 100
2025-08-07 03:01:39,005 - INFO - 投票统计: {'voting_method': 'majority', 'best_answer': '100', 'vote_count': 6, 'total_paths': 10, 'valid_paths': 10, 'confidence': 0.6, 'answer_distribution': {'300': 4, '100': 6}, 'selected_path_idx': 1}
2025-08-07 03:01:39,007 - INFO - ==================================================
2025-08-07 03:01:39,009 - INFO - 
==================================================
2025-08-07 03:01:39,011 - INFO - 样本 75: Each sleeve of graham crackers makes the base for 8 large smores.  There are 3 sleeves in a box.  If...
2025-08-07 03:01:39,013 - INFO - 参考答案: Each sleeve makes 8 smores and there are 3 sleeves in a box so a box can make 8*3 = <<8*3=24>>24 smores
There are 9 kids who will eat 2 smores a piece so they will eat 9*2 = <<9*2=18>>18 smores
There are 6 adults who will eat 1 smore a piece so they will eat 6*1 = <<6*1=6>>6 smores
Together the kids will eat 18 and the adults will eat 6 so 18+6 = <<18+6=24>>24 smores
Each box makes 24 smores and together the kids and adults will eat 24 s'mores so they will need 24/24 = <<24/24=1>>1 box of graham crackers
#### 1
2025-08-07 03:01:39,015 - INFO - 提取参考答案: 1
2025-08-07 03:01:39,017 - INFO - 生成答案: 

Step 1:First, read the problem and identify what we need to find. We need to find the number of boxes of graham crackers needed.

Step 2:Next, set up equations and perform the calculations. The tota...
2025-08-07 03:01:39,019 - INFO - 提取答案: 2
2025-08-07 03:01:39,021 - INFO - 投票统计: {'voting_method': 'majority', 'best_answer': '2', 'vote_count': 8, 'total_paths': 10, 'valid_paths': 10, 'confidence': 0.8, 'answer_distribution': {'1': 2, '2': 8}, 'selected_path_idx': 1}
2025-08-07 03:01:39,023 - INFO - ==================================================
2025-08-07 03:01:39,025 - INFO - 
==================================================
2025-08-07 03:01:39,027 - INFO - 样本 76: Rose bought five dozens of eggs for $2.40 a dozen. She will sell it for $1 for 3 eggs. How much will...
2025-08-07 03:01:39,029 - INFO - 参考答案: Rose bought five dozens of eggs for $2.40 x 5 = $<<2.40*5=12>>12.
Five dozens of eggs is equal to 12 x 5 = <<12*5=60>>60 eggs.
So there are 60/3 = <<60/3=20>>20 sets of 3 eggs that Rose will sell.
Thus, the total earnings of Rose for selling the eggs are $1 x 20 = $<<20=20>>20.
Therefore, her profit will be $20 - $12 = $<<20-12=8>>8.
#### 8
2025-08-07 03:01:39,032 - INFO - 提取参考答案: 8
2025-08-07 03:01:39,034 - INFO - 生成答案: 

Step 1:First, read the problem and identify what we need to find. We need to find Rose's profit.

Step 2:Next, set up equations and perform the calculations. Rose bought five dozens of eggs, which i...
2025-08-07 03:01:39,036 - INFO - 提取答案: 48
2025-08-07 03:01:39,038 - INFO - 投票统计: {'voting_method': 'majority', 'best_answer': '48', 'vote_count': 10, 'total_paths': 10, 'valid_paths': 10, 'confidence': 1.0, 'answer_distribution': {'48': 10}, 'selected_path_idx': 0}
2025-08-07 03:01:39,040 - INFO - ==================================================
2025-08-07 03:01:39,042 - INFO - 
==================================================
2025-08-07 03:01:39,044 - INFO - 样本 79: Anna is trying to buy books for her local library. She had a budget of $16, and she has already spen...
2025-08-07 03:01:39,046 - INFO - 参考答案: Anna had already spent some money, so she started the day with $16 – $4 = $<<16-4=12>>12.
She has money left in the budget, so she spent a total of $12 – $2 = $<<12-2=10>>10 on the books.
Therefore each book cost her $10 / 2 = $<<10/2=5>>5.
#### 5
2025-08-07 03:01:39,048 - INFO - 提取参考答案: 5
2025-08-07 03:01:39,050 - INFO - 生成答案: 

Step 1:First, read the problem and identify what we need to find. We need to find the cost of each book.

Step 2:Next, set up equations and perform the calculations. Anna had a budget of $16 and spe...
2025-08-07 03:01:39,052 - INFO - 提取答案: 6
2025-08-07 03:01:39,054 - INFO - 投票统计: {'voting_method': 'majority', 'best_answer': '6', 'vote_count': 6, 'total_paths': 10, 'valid_paths': 10, 'confidence': 0.6, 'answer_distribution': {'6': 6, '2': 2, '4': 2}, 'selected_path_idx': 0}
2025-08-07 03:01:39,056 - INFO - ==================================================
2025-08-07 03:01:39,058 - INFO - 
==================================================
2025-08-07 03:01:39,060 - INFO - 样本 81: Elise has been selling her Dad's collection of 250 books for three years. Each book sells at 20$, an...
2025-08-07 03:01:39,062 - INFO - 参考答案: If her sales in the current year are 45, she sold 45*2 = <<45*2=90>>90 books in the first year.
The total number of books sold in the first and current year is 90+45 = <<90+45=135>>135.
The total number of books sold in the second year is 250 of the original number of books - 135 sold books - 50 unsold books = <<250-135-50=65>>65 books.
If each book sells at 20$, then she earned 20*65 = $<<20*65=1300>>1300 in the second year
#### 1300
2025-08-07 03:01:39,064 - INFO - 提取参考答案: 1300
2025-08-07 03:01:39,066 - INFO - 生成答案: 

Step 1:First, read the problem and identify what we need to find. We need to find the total amount of money Elise earned in the second year.

Step 2:Next, set up equations and perform the calculatio...
2025-08-07 03:01:39,068 - INFO - 提取答案: 1600
2025-08-07 03:01:39,070 - INFO - 投票统计: {'voting_method': 'majority', 'best_answer': '1600', 'vote_count': 3, 'total_paths': 10, 'valid_paths': 10, 'confidence': 0.3, 'answer_distribution': {'2000': 1, '2400': 1, '1200': 1, '5100': 1, '1600': 3, '900': 2, '2700': 1}, 'selected_path_idx': 4}
2025-08-07 03:01:39,073 - INFO - ==================================================
2025-08-07 03:01:39,075 - INFO - 
==================================================
2025-08-07 03:01:39,077 - INFO - 样本 93: Josh decides to try flipping a house.  He buys a house for $80,000 and then puts in $50,000 in repai...
2025-08-07 03:01:39,079 - INFO - 参考答案: The cost of the house and repairs came out to 80,000+50,000=$<<80000+50000=130000>>130,000
He increased the value of the house by 80,000*1.5=<<80000*1.5=120000>>120,000
So the new value of the house is 120,000+80,000=$<<120000+80000=200000>>200,000
So he made a profit of 200,000-130,000=$<<200000-130000=70000>>70,000
#### 70000
2025-08-07 03:01:39,081 - INFO - 提取参考答案: 70000
2025-08-07 03:01:39,083 - INFO - 生成答案: 

Step 1:First, read the problem and identify what we need to find. We need to find the profit Josh made from flipping the house.

Step 2:Next, set up equations and perform the calculations. The value...
2025-08-07 03:01:39,085 - INFO - 提取答案: 43333
2025-08-07 03:01:39,087 - INFO - 投票统计: {'voting_method': 'majority', 'best_answer': '43333', 'vote_count': 7, 'total_paths': 10, 'valid_paths': 10, 'confidence': 0.7, 'answer_distribution': {'70000': 2, '43333': 7, '120000': 1}, 'selected_path_idx': 1}
2025-08-07 03:01:39,089 - INFO - ==================================================
2025-08-07 03:01:39,091 - INFO - 
==================================================
2025-08-07 03:01:39,093 - INFO - 样本 95: There is one set of twins and one set of triplets. One twin is 7 years older than one triplet. If th...
2025-08-07 03:01:39,095 - INFO - 参考答案: Let T = age of triplet
Twin's age = T + <<+7=7>>7
Twin's combined age = 2 * (T + 7)
Triplet's combined age = <<3=3>>3T
2 * (T + 7) + 3T = 44
2T + 14 + 3T = 44
5T + 14 = 44
5T = 30
T = <<6=6>>6
Twin = 6 + 7 = <<6+7=13>>13
The twins are each <<13=13>>13 years old.
#### 13
2025-08-07 03:01:39,097 - INFO - 提取参考答案: 13
2025-08-07 03:01:39,099 - INFO - 生成答案: 

Step 1:First, read the problem and identify what we need to find. We need to find the age of one of the twins.

Step 2:Next, set up equations and perform the calculations. Let's denote the age of th...
2025-08-07 03:01:39,101 - INFO - 提取答案: 20
2025-08-07 03:01:39,103 - INFO - 投票统计: {'voting_method': 'majority', 'best_answer': '20', 'vote_count': 2, 'total_paths': 10, 'valid_paths': 10, 'confidence': 0.2, 'answer_distribution': {'20': 2, '17': 2, '16': 1, '13': 1, '48': 1, '7.4': 1, '11.67': 1, '7': 1}, 'selected_path_idx': 0}
2025-08-07 03:01:39,105 - INFO - ==================================================
2025-08-07 03:01:39,107 - INFO - 
==================================================
2025-08-07 03:01:39,109 - INFO - 样本 98: One meatball sub sandwich contains 4 meatballs.  Sidney ordered 3 less than ten meatball sub sandwic...
2025-08-07 03:01:39,111 - INFO - 参考答案: 3 less than ten meatball sub sandwiches is 10-3=<<10-3=7>>7 sub sandwiches.
After Mark ate 4 of Sidney's meatball sub sandwiches, 7-4=<<7-4=3>>3 remained.
Finally, after Sidney ordered three more sub sandwiches, there were a total of 3+3=<<3+3=6>>6 sub sandwiches.
If each sub sandwich has 4 meatballs, then the remaining sub sandwiches contain a total of 6*4=<<6*4=24>>24 meatballs.
#### 24
2025-08-07 03:01:39,114 - INFO - 提取参考答案: 24
2025-08-07 03:01:39,116 - INFO - 生成答案: 

Step 1:First, read the problem and identify what we need to find. We need to find the number of meatballs in the sub sandwiches that remained.

Step 2:Next, set up equations and perform the calculat...
2025-08-07 03:01:39,118 - INFO - 提取答案: 12
2025-08-07 03:01:39,120 - INFO - 投票统计: {'voting_method': 'majority', 'best_answer': '12', 'vote_count': 10, 'total_paths': 10, 'valid_paths': 10, 'confidence': 1.0, 'answer_distribution': {'12': 10}, 'selected_path_idx': 0}
2025-08-07 03:01:39,122 - INFO - ==================================================
2025-08-07 03:01:39,124 - INFO - 
==================================================
2025-08-07 03:01:39,126 - INFO - 样本 103: Kim sleepwalks, to monitor her sleeping hours, she installs a camera in her room. Kim usually goes t...
2025-08-07 03:01:39,128 - INFO - 参考答案: Out of 24 hours in a day, 10 pm represents 22 hours.
Until 12 p.m. or 24 hours, Kim slept 24 - 22 = <<24-22=2>>2 hours.
In total, Kim usually sleeps 2 + 6 = <<2+6=8>>8 hours a day.
In minutes, Kim usually sleeps 8 * 60 = <<8*60=480>>480 minutes
Kim was sleepwalking for a total of 38 - 15 = <<38-15=23>>23 minutes.
Within her usual sleep routine, Kim was sleepwalking or awake a total of 23 + 5 =<<23+5=28>>28 minutes.
On that day, Kim slept in her bed for 480 - 28 = <<480-28=452>>452 minutes.
#### 452
2025-08-07 03:01:39,130 - INFO - 提取参考答案: 452
2025-08-07 03:01:39,132 - INFO - 生成答案: 

Step 1:First, read the problem and identify what we need to find. We need to find the total number of minutes that Kim slept on her bed that day.

Step 2:Next, set up equations and perform the calcu...
2025-08-07 03:01:39,134 - INFO - 提取答案: 78
2025-08-07 03:01:39,136 - INFO - 投票统计: {'voting_method': 'majority', 'best_answer': '78', 'vote_count': 2, 'total_paths': 10, 'valid_paths': 10, 'confidence': 0.2, 'answer_distribution': {'78': 2, '452': 1, '458': 2, '28': 1, '448': 1, '457': 1, '585': 1, '442': 1}, 'selected_path_idx': 0}
2025-08-07 03:01:39,138 - INFO - ==================================================
2025-08-07 03:01:39,140 - INFO - 
==================================================
2025-08-07 03:01:39,142 - INFO - 样本 106: Sally went to the seashore for vacation.  Her parents gave her $10 to buy whatever she wanted.  At t...
2025-08-07 03:01:39,144 - INFO - 参考答案: Taffy is buying 1 pound for $3 and gets 1 pound half off. So 1/2 off of 1 pound is $3/2 = $1.50+$3.00=$4.50
4 magnets at $0.25 each is 4*.25=$<<4*0.25=1.00>>1.00
When you add all her purchases, $4.50+$1.50+$1.00 = $<<4.5+1.5+1=7.00>>7.00
She had $10 and spent $7 so she had $10-$7 = $<<10-7=3.00>>3.00 left over
#### 3
2025-08-07 03:01:39,146 - INFO - 提取参考答案: 3
2025-08-07 03:01:39,148 - INFO - 生成答案: 

Step 1:First, read the problem and identify what we need to find. We need to find out how much money Sally has left.

Step 2:Next, set up equations and perform the calculations. Sally bought 2 pound...
2025-08-07 03:01:39,151 - INFO - 提取答案: 1.50
2025-08-07 03:01:39,153 - INFO - 投票统计: {'voting_method': 'majority', 'best_answer': '1.50', 'vote_count': 8, 'total_paths': 10, 'valid_paths': 10, 'confidence': 0.8, 'answer_distribution': {'1.50': 8, '48': 1, '0': 1}, 'selected_path_idx': 0}
2025-08-07 03:01:39,155 - INFO - ==================================================
2025-08-07 03:01:39,157 - INFO - 
==================================================
2025-08-07 03:01:39,159 - INFO - 样本 108: Ophelia and Jenna are living in the same apartment building. They each have 2 fewer sofas than chair...
2025-08-07 03:01:39,161 - INFO - 参考答案: If Ophelia has 20 sofas and 2 fewer sofas than chairs, she has 20+2 = <<20+2=22>>22 chairs.
Jenna has 3 times as many chairs as Ophelia, a total of 3*22 = <<3*22=66>>66 chairs
The total number of chairs Ophelia and Jenna have is 66+22 = <<66+22=88>>88
Since Jenna also has 2 fewer sofas than chairs, the total number of sofas she has is 66-2 = <<66-2=64>>64 sofas.
The total number of sofas Ophelia and Jenna have is 64+20 = <<64+20=84>>84 sofas
Together, they have 84 sofas+88 chairs = <<84+88=172>>172
#### 172
2025-08-07 03:01:39,163 - INFO - 提取参考答案: 172
2025-08-07 03:01:39,165 - INFO - 生成答案: 

Step 1:First, read the problem and identify what we need to find. We need to find the total number of sofas and chairs that Ophelia and Jenna have.

Step 2:Next, set up equations and perform the cal...
2025-08-07 03:01:39,167 - INFO - 提取答案: 108
2025-08-07 03:01:39,169 - INFO - 投票统计: {'voting_method': 'majority', 'best_answer': '108', 'vote_count': 10, 'total_paths': 10, 'valid_paths': 10, 'confidence': 1.0, 'answer_distribution': {'108': 10}, 'selected_path_idx': 0}
2025-08-07 03:01:39,171 - INFO - ==================================================
2025-08-07 03:01:39,173 - INFO - 
==================================================
2025-08-07 03:01:39,175 - INFO - 样本 110: Janet goes to the mall and spends $3.50 on ice cream, $7.50 each for movie tickets for herself and h...
2025-08-07 03:01:39,177 - INFO - 参考答案: First calculate the cost of the movie tickets by multiplying the price per ticket by 2: $7.50 * 2 = $<<7.5*2=15.00>>15.00
Then add up all the money Janet spent: $3.50 + $15.00 + $8.50 = $<<3.5+15+8.5=27.00>>27.00
Now subtract Janet's spending from the initial amount of money she had: $40.00 - $27.00 = $<<40-27=13.00>>13.00
#### 13
2025-08-07 03:01:39,179 - INFO - 提取参考答案: 13
2025-08-07 03:01:39,181 - INFO - 生成答案: 

Step 1:First, read the problem and identify what we need to find. We need to find out how many dollars Janet has left.

Step 2:Next, set up equations and perform the calculations. Janet spent $3.50 ...
2025-08-07 03:01:39,183 - INFO - 提取答案: 13.50
2025-08-07 03:01:39,185 - INFO - 投票统计: {'voting_method': 'majority', 'best_answer': '13.50', 'vote_count': 6, 'total_paths': 10, 'valid_paths': 10, 'confidence': 0.6, 'answer_distribution': {'13.50': 6, '12': 4}, 'selected_path_idx': 0}
2025-08-07 03:01:39,188 - INFO - ==================================================
2025-08-07 03:01:39,189 - INFO - 
==================================================
2025-08-07 03:01:39,191 - INFO - 样本 112: After scoring 14 points, Erin now has three times more points than Sara, who scored 8. How many poin...
2025-08-07 03:01:39,193 - INFO - 参考答案: Erin now has three times more points than Sara, which is 3*8= <<3*8=24>>24 more points than Sara.
This means Erin has a total of 8+24 = <<8+24=32>>32 points now.
Before, Erin had 32-14= <<32-14=18>>18 points
#### 18
2025-08-07 03:01:39,196 - INFO - 提取参考答案: 18
2025-08-07 03:01:39,198 - INFO - 生成答案: 

Step 1:First, read the problem and identify what we need to find. We need to find the number of points Erin had before scoring 14 points.

Step 2:Next, set up equations and perform the calculations....
2025-08-07 03:01:39,200 - INFO - 提取答案: 10
2025-08-07 03:01:39,202 - INFO - 投票统计: {'voting_method': 'majority', 'best_answer': '10', 'vote_count': 8, 'total_paths': 10, 'valid_paths': 10, 'confidence': 0.8, 'answer_distribution': {'10': 8, '20': 2}, 'selected_path_idx': 0}
2025-08-07 03:01:39,204 - INFO - ==================================================
2025-08-07 03:01:39,206 - INFO - 
==================================================
2025-08-07 03:01:39,208 - INFO - 样本 113: Colby loves going to the movies and every month his parents give him $150 to spend at the movies. Ti...
2025-08-07 03:01:39,210 - INFO - 参考答案: He has spent $50 on Fri/Sat movies because 5 x 10 = <<50=50>>50
He has spent $56 on movies the rest of the day because 8 x 7 = <<8*7=56>>56
He has spent $16 on popcorn because 2 x 8 = <<16=16>>16
He has spent $8 on candy because 4 x 2 = <<4*2=8>>8
He has spent 130 in total because 50 + 56 + 16 + 8 = <<50+56+16+8=130>>130
He plans to spend $10 on popcorn and candy because 8 + 2 = <<8+2=10>>10
He has $10 left to spend because 150 - 130 - 10 = <<150-130-10=10>>10
He can see 1 movie because 10 / 10 = <<10/10=1>>1
#### 1
2025-08-07 03:01:39,212 - INFO - 提取参考答案: 1
2025-08-07 03:01:39,214 - INFO - 生成答案: 

Step 1:First, read the problem and identify what we need to find. We need to find the number of movies Colby can see.

Step 2:Next, set up equations and perform the calculations. Colby already saw 5...
2025-08-07 03:01:39,216 - INFO - 提取答案: 7
2025-08-07 03:01:39,218 - INFO - 投票统计: {'voting_method': 'majority', 'best_answer': '7', 'vote_count': 8, 'total_paths': 10, 'valid_paths': 10, 'confidence': 0.8, 'answer_distribution': {'7': 8, '23': 2}, 'selected_path_idx': 0}
2025-08-07 03:01:39,220 - INFO - ==================================================
2025-08-07 03:01:39,222 - INFO - 
==================================================
2025-08-07 03:01:39,224 - INFO - 样本 122: In a school activity, fifty-four students are to be separated into six groups of equal size. If the ...
2025-08-07 03:01:39,226 - INFO - 参考答案: There are 54/6 = <<54/6=9>>9 groups formed from the 54 students.
So, 12 - 9 = <<12-9=3>>3 groups more are needed to form.
#### 3
2025-08-07 03:01:39,228 - INFO - 提取参考答案: 3
2025-08-07 03:01:39,230 - INFO - 生成答案: 

Step 1:First, read the problem and identify what we need to find. We need to find the number of additional groups needed to form.

Step 2:Next, set up equations and perform the calculations. Since t...
2025-08-07 03:01:39,232 - INFO - 提取答案: 1
2025-08-07 03:01:39,234 - INFO - 投票统计: {'voting_method': 'majority', 'best_answer': '1', 'vote_count': 4, 'total_paths': 10, 'valid_paths': 10, 'confidence': 0.4, 'answer_distribution': {'7': 1, '0': 1, '1': 4, '6': 2, '11': 1, '2': 1}, 'selected_path_idx': 2}
2025-08-07 03:01:39,237 - INFO - ==================================================
2025-08-07 03:01:39,239 - INFO - 
==================================================
2025-08-07 03:01:39,240 - INFO - 样本 125: Rose is out picking flowers for a vase she wants to fill.  She starts off by picking 3 flowers with ...
2025-08-07 03:01:39,243 - INFO - 参考答案: Rose picks 3*5=<<3*5=15>>15 petals worth of the 5 petal flowers.
Rose then picks 4*6=<<4*6=24>>24 petals worth of the 6 petal flowers.
Rose then picks 5*4=<<5*4=20>>20 petals worth of the 4 petal flowers.
Finally, Rose picks 6*7=<<6*7=42>>42 petals worth of the 7 petal flowers.
Rose carries 15+24+20+42=<<15+24+20+42=101>>101 petals worth of flowers back to the vase.
But the wind blows 5+6+4+7=<<5+6+4+7=22>>22 petals worth of flowers away.
So Rose has 101-22=<<101-22=79>>79 petals worth remaining
#### 79
2025-08-07 03:01:39,245 - INFO - 提取参考答案: 79
2025-08-07 03:01:39,247 - INFO - 生成答案: 

Step 1:First, read the problem and identify what we need to find. We need to find the total number of petals in the flowers that Rose put in the vase.

Step 2:Next, set up equations and perform the ...
2025-08-07 03:01:39,249 - INFO - 提取答案: 101
2025-08-07 03:01:39,251 - INFO - 投票统计: {'voting_method': 'majority', 'best_answer': '101', 'vote_count': 5, 'total_paths': 10, 'valid_paths': 10, 'confidence': 0.5, 'answer_distribution': {'101': 5, '83': 5}, 'selected_path_idx': 0}
2025-08-07 03:01:39,253 - INFO - ==================================================
2025-08-07 03:01:39,255 - INFO - 
==================================================
2025-08-07 03:01:39,257 - INFO - 样本 133: A food caterer was told to prepare gourmet hot dogs for 36 guests. While most people would only eat ...
2025-08-07 03:01:39,259 - INFO - 参考答案: The food caterer prepared an additional 36/2 = <<36/2=18>>18 hot dogs.
Altogether, he prepared 36 + 18 = <<36+18=54>>54 hotdogs.
If 40 people wanted seconds, he would have needed 40 x 2 = <<40*2=80>>80 hot dogs.
80 - 54 = <<80-54=26>>26 people did not get second hotdogs.
#### 26
2025-08-07 03:01:39,261 - INFO - 提取参考答案: 26
2025-08-07 03:01:39,263 - INFO - 生成答案: 

Step 1:First, read the problem and identify what we need to find. We need to find the number of guests who did not get a second hotdog.

Step 2:Next, set up equations and perform the calculations. T...
2025-08-07 03:01:39,265 - INFO - 提取答案: 44
2025-08-07 03:01:39,267 - INFO - 投票统计: {'voting_method': 'majority', 'best_answer': '44', 'vote_count': 4, 'total_paths': 10, 'valid_paths': 10, 'confidence': 0.4, 'answer_distribution': {'22': 3, '44': 4, '18': 1, '4': 2}, 'selected_path_idx': 2}
2025-08-07 03:01:39,270 - INFO - ==================================================
2025-08-07 03:01:39,272 - INFO - 
==================================================
2025-08-07 03:01:39,273 - INFO - 样本 137: Charlie wants to sell beeswax candles.  For every pound of beeswax, he can make 10 tapered candles. ...
2025-08-07 03:01:39,275 - INFO - 参考答案: 1 pound of beeswax and the wick make 10 candles and he wants to make 20 candles so he needs 20/10 = <<20/10=2>>2 pounds of beeswax
1 pound of beeswax costs $10.00 and he needs 2 pounds so his supplies will cost 10*2 = $<<10*2=20.00>>20.00
He wants to sell each candle for $2.00 each and he's selling 20 candles so that's 2*20 = $<<2*20=40.00>>40.00
If he makes $40.00 selling candles and his supplies cost $20.00 then his net profit is 40-20 = $<<40-20=20.00>>20.00
#### 20
2025-08-07 03:01:39,278 - INFO - 提取参考答案: 20
2025-08-07 03:01:39,280 - INFO - 生成答案: 

Step 1:First, read the problem and identify what we need to find. We need to find Charlie's net profit if he makes and sells 20 candles.

Step 2:Next, set up equations and perform the calculations. ...
2025-08-07 03:01:39,282 - INFO - 提取答案: -160
2025-08-07 03:01:39,284 - INFO - 投票统计: {'voting_method': 'majority', 'best_answer': '-160', 'vote_count': 10, 'total_paths': 10, 'valid_paths': 10, 'confidence': 1.0, 'answer_distribution': {'-160': 10}, 'selected_path_idx': 0}
2025-08-07 03:01:39,286 - INFO - ==================================================
2025-08-07 03:01:39,288 - INFO - 
==================================================
2025-08-07 03:01:39,290 - INFO - 样本 143: Wayne and Bernadette are movie stars heading to the premiere of their latest film. Bernadette wants ...
2025-08-07 03:01:39,292 - INFO - 参考答案: Bernadette takes 4 * 4 = <<4*4=16>>16 minutes to get to the theater.
Her ride takes 16 - 4 = <<16-4=12>>12 minutes longer than Wayne’s to get to the theater.
Thus, she should leave 12 + 5 = <<12+5=17>>17 minutes before Wayne to get to the theater 5 minutes sooner than he does.
#### 17
2025-08-07 03:01:39,294 - INFO - 提取参考答案: 17
2025-08-07 03:01:39,296 - INFO - 生成答案: 

Step 1:First, read the problem and identify what we need to find. We need to find out how much earlier Bernadette should leave than Wayne to get to the theater first.

Step 2:Next, set up equations ...
2025-08-07 03:01:39,298 - INFO - 提取答案: 15
2025-08-07 03:01:39,300 - INFO - 投票统计: {'voting_method': 'majority', 'best_answer': '15', 'vote_count': 2, 'total_paths': 10, 'valid_paths': 10, 'confidence': 0.2, 'answer_distribution': {'15': 2, '-17': 1, '11': 2, '5': 2, '9': 2, '25': 1}, 'selected_path_idx': 0}
2025-08-07 03:01:39,303 - INFO - ==================================================
2025-08-07 03:01:39,305 - INFO - 
==================================================
2025-08-07 03:01:39,307 - INFO - 样本 150: Digimon had its 20th anniversary.  When it came out John was twice as old as Jim.  If John is 28 now...
2025-08-07 03:01:39,309 - INFO - 参考答案: When Digimon came out John would have been 28-20=<<28-20=8>>8
So Jim was 8/2=<<8/2=4>>4 years old
That means John is now 4+20=<<4+20=24>>24
#### 24
2025-08-07 03:01:39,311 - INFO - 提取参考答案: 24
2025-08-07 03:01:39,313 - INFO - 生成答案: 

Step 1:First, read the problem and identify what we need to find. We need to find Jim's age.

Step 2:Next, set up equations and perform the calculations. Let's assume Jim's age 20 years ago was x. T...
2025-08-07 03:01:39,315 - INFO - 提取答案: 14
2025-08-07 03:01:39,317 - INFO - 投票统计: {'voting_method': 'majority', 'best_answer': '14', 'vote_count': 6, 'total_paths': 10, 'valid_paths': 10, 'confidence': 0.6, 'answer_distribution': {'14': 6, '24': 4}, 'selected_path_idx': 0}
2025-08-07 03:01:39,319 - INFO - ==================================================
2025-08-07 03:01:39,321 - INFO - 
==================================================
2025-08-07 03:01:39,323 - INFO - 样本 155: Mary is making ice cubes with fruit frozen in them for a cocktail party. She makes some strawberry c...
2025-08-07 03:01:39,325 - INFO - 参考答案: Let s be the number of strawberry cubes and b be the number of blueberry cubes. We know that b = 5s - 4 and s + b = 116.
Substituting the first equation into the second, we get s + 5s - 4 = 116.
Combining like terms, we get 6s - 4 = 116
Adding 4 to both sides, we get 6s = 120
Dividing both sides by 6, we get s = 20
Substituting this value back into the equation b = 5s - 4, we get b = 96
#### 96
2025-08-07 03:01:39,327 - INFO - 提取参考答案: 96
2025-08-07 03:01:39,329 - INFO - 生成答案: 

Step 1:First, read the problem and identify what we need to find. We need to find the number of blueberry cubes Mary makes.

Step 2:Next, set up equations and perform the calculations. Let's say the...
2025-08-07 03:01:39,332 - INFO - 提取答案: 92
2025-08-07 03:01:39,334 - INFO - 投票统计: {'voting_method': 'majority', 'best_answer': '92', 'vote_count': 8, 'total_paths': 10, 'valid_paths': 10, 'confidence': 0.8, 'answer_distribution': {'92': 8, '96': 2}, 'selected_path_idx': 0}
2025-08-07 03:01:39,336 - INFO - ==================================================
2025-08-07 03:01:39,338 - INFO - 
==================================================
2025-08-07 03:01:39,340 - INFO - 样本 156: A family of 6 (2 adults and 4 kids) are to divide a watermelon such that each adult gets a slice tha...
2025-08-07 03:01:39,342 - INFO - 参考答案: Let x be the percentage of watermelon that each adult gets.
Since each kid gets half of what each adult gets, each kid gets x/2 percent of the watermelon
So the watermelon gets split into 2*x and 4*(x/2) parts by percentage
The percentages have to sum up to 100 so 2x+2x = 100 (after simplification)
x = 100/4 = <<100/4=25>>25, which means each adult gets 25% of the watermelon.
#### 25
2025-08-07 03:01:39,344 - INFO - 提取参考答案: 25
2025-08-07 03:01:39,347 - INFO - 生成答案: 

Step 1:First, read the problem and identify what we need to find. We need to find the percentage of the watermelon that each adult gets.

Step 2:Next, set up equations and perform the calculations. ...
2025-08-07 03:01:39,349 - INFO - 提取答案: 33.33
2025-08-07 03:01:39,351 - INFO - 投票统计: {'voting_method': 'majority', 'best_answer': '33.33', 'vote_count': 6, 'total_paths': 10, 'valid_paths': 10, 'confidence': 0.6, 'answer_distribution': {'33.33': 6, '25': 2, '11.11': 1, '22.22': 1}, 'selected_path_idx': 0}
2025-08-07 03:01:39,353 - INFO - ==================================================
2025-08-07 03:01:39,355 - INFO - 
==================================================
2025-08-07 03:01:39,357 - INFO - 样本 157: Peter has twice as many socks as Jack and half times as many dishes as jack. Jack collected twice as...
2025-08-07 03:01:39,359 - INFO - 参考答案: Since Jack collected twice as many dishes as socks, he has 60/2 = <<60/2=30>>30 socks.
In total, he has 30+60 = <<30+60=90>>90 socks and dishes.
Peter has twice as many socks as jack which totals 2*30 = <<2*30=60>>60 socks.
He also has half times as many dishes as Jack which is 1/2*60 = 30 dishes.
In total, he has 60+30 = <<60+30=90>>90 socks and dishes.
The total number of socks and dishes they both have is 90+90 = <<90+90=180>>180
#### 180
2025-08-07 03:01:39,361 - INFO - 提取参考答案: 180
2025-08-07 03:01:39,363 - INFO - 生成答案: 

Step 1:First, read the problem and identify what we need to find. We need to find the total number of socks and dishes they have together.

Step 2:Next, set up equations and perform the calculations...
2025-08-07 03:01:39,365 - INFO - 提取答案: 120
2025-08-07 03:01:39,367 - INFO - 投票统计: {'voting_method': 'majority', 'best_answer': '120', 'vote_count': 10, 'total_paths': 10, 'valid_paths': 10, 'confidence': 1.0, 'answer_distribution': {'120': 10}, 'selected_path_idx': 0}
2025-08-07 03:01:39,369 - INFO - ==================================================
2025-08-07 03:01:39,372 - INFO - 
==================================================
2025-08-07 03:01:39,373 - INFO - 样本 173: A company's HR hires 20 new employees every month to add to its total workforce. If the company's in...
2025-08-07 03:01:39,375 - INFO - 参考答案: If each month the company hire 20 new employees, the total number of employees in the company in the first month is 200 employees + 20 employees = <<200+20=220>>220 employees
If each employee is paid $4000 per month, the total amount of money paid by the employee to its workers in the first month is 220 employees * $4000/employee = $<<220*4000=880000>>880000
In the second month, 20 more workers are hired, bringing the total number of employees to 220 employees + 20 employees = 240 employees
The company pays a total of 240 employees * $4000/employee = $<<240*4000=960000>>960000 in wages for its employees in the second month.
When an additional 20 workers are hired in the third month, the total number of workers become 240 employees + 20 employees = <<240+20=260>>260 employees
In total, the company 260 employees * $4000/employee = $<<260*4000=1040000>>1040000 in wages on the third month.
The total amount of money the company pays to all its employees in the three months is $1040000 + $960000 + $880000 = <<1040000+960000+880000=2880000>>2880000
#### 2880000
2025-08-07 03:01:39,378 - INFO - 提取参考答案: 2880000
2025-08-07 03:01:39,380 - INFO - 生成答案: 

Step 1:First, read the problem and identify what we need to find. We need to find the total amount of money the company pays to its employees after three months.

Step 2:Next, set up equations and p...
2025-08-07 03:01:39,382 - INFO - 提取答案: 1040000
2025-08-07 03:01:39,384 - INFO - 投票统计: {'voting_method': 'majority', 'best_answer': '1040000', 'vote_count': 10, 'total_paths': 10, 'valid_paths': 10, 'confidence': 1.0, 'answer_distribution': {'1040000': 10}, 'selected_path_idx': 0}
2025-08-07 03:01:39,386 - INFO - ==================================================
2025-08-07 03:01:39,388 - INFO - 
==================================================
2025-08-07 03:01:39,390 - INFO - 样本 188: A classroom has a whiteboard which is shared between the 4 teachers who take turns using the classro...
2025-08-07 03:01:39,392 - INFO - 参考答案: In one day, there are a total of 4 teachers * 2 lessons each = <<4*2=8>>8 lessons.
The whiteboard is therefore cleaned 8 lessons * 3 cleans per lesson = <<8*3=24>>24 times.
#### 24
2025-08-07 03:01:39,395 - INFO - 提取参考答案: 24
2025-08-07 03:01:39,397 - INFO - 生成答案: 

Step 1:First, read the problem and identify what we need to find. We need to find the total number of times the whiteboard is cleaned in a day.

Step 2:Next, set up equations and perform the calcula...
2025-08-07 03:01:39,399 - INFO - 提取答案: 72
2025-08-07 03:01:39,401 - INFO - 投票统计: {'voting_method': 'majority', 'best_answer': '72', 'vote_count': 5, 'total_paths': 10, 'valid_paths': 10, 'confidence': 0.5, 'answer_distribution': {'72': 5, '24': 5}, 'selected_path_idx': 0}
2025-08-07 03:01:39,403 - INFO - ==================================================
2025-08-07 03:01:39,405 - INFO - 
==================================================
2025-08-07 03:01:39,407 - INFO - 样本 189: Gunther, the gorilla, had 48 bananas hidden under a fern branch.  When Gunther wasn't looking, Arnol...
2025-08-07 03:01:39,409 - INFO - 参考答案: Half of 48 bananas is 48/2=<<48/2=24>>24 bananas.
Arnold's first act of thievery removes 24 bananas, leaving 48-24=24 bananas.
Starting with the remaining 24 bananas, adding 25 bananas to the pile brings the total to 24+25=<<24+25=49>>49 bananas.
Arnold's second act of thievery resulted in 49-12=<<49-12=37>>37 bananas remaining.
Gunther adds another 6 bananas, resulting in the final number of 37+6=<<37+6=43>>43 bananas.
#### 43
2025-08-07 03:01:39,411 - INFO - 提取参考答案: 43
2025-08-07 03:01:39,413 - INFO - 生成答案: 

Step 1:First, read the problem and identify what we need to find. We need to find the number of bananas that Gunther found in the pile.

Step 2:Next, set up equations and perform the calculations. I...
2025-08-07 03:01:39,415 - INFO - 提取答案: 18
2025-08-07 03:01:39,417 - INFO - 投票统计: {'voting_method': 'majority', 'best_answer': '18', 'vote_count': 6, 'total_paths': 10, 'valid_paths': 10, 'confidence': 0.6, 'answer_distribution': {'18': 6, '43': 4}, 'selected_path_idx': 0}
2025-08-07 03:01:39,419 - INFO - ==================================================
2025-08-07 03:01:39,421 - INFO - 
==================================================
2025-08-07 03:01:39,423 - INFO - 样本 194: James gets 10 new CDs.  Each CD cost $15.  He gets them for 40% off.  He decides he doesn't like 5 o...
2025-08-07 03:01:39,425 - INFO - 参考答案: He got a 15*.4=$<<15*.4=6>>6 discount on each CD
That means each CD cost 15-6=$<<15-6=9>>9
So he paid 10*9=$<<10*9=90>>90
That means he was out 90-40=$<<90-40=50>>50
#### 50
2025-08-07 03:01:39,427 - INFO - 提取参考答案: 50
2025-08-07 03:01:39,429 - INFO - 生成答案: 

Step 1:First, read the problem and identify what we need to find. We need to find out how much money James was out.

Step 2:Next, set up equations and perform the calculations. The total cost of the...
2025-08-07 03:01:39,432 - INFO - 提取答案: 110
2025-08-07 03:01:39,434 - INFO - 投票统计: {'voting_method': 'majority', 'best_answer': '110', 'vote_count': 10, 'total_paths': 10, 'valid_paths': 10, 'confidence': 1.0, 'answer_distribution': {'110': 10}, 'selected_path_idx': 0}
2025-08-07 03:01:39,436 - INFO - ==================================================
2025-08-07 03:01:39,438 - INFO - 
==================================================
2025-08-07 03:01:39,440 - INFO - 样本 200: When Freda cooks canned tomatoes into sauce, they lose half their volume. Each 16 ounce can of tomat...
2025-08-07 03:01:39,442 - INFO - 参考答案: Tomatoes lose half their volume when made into sauce, so Freda started with 32 * 2 = <<32*2=64>>64 ounces of tomatoes.
At 16 ounces per can, she used 64 / 16 = <<64/16=4>>4 cans of tomatoes.
At 3 tomatoes a can, Freda used 3 * 4 = <<3*4=12>>12 tomatoes.
#### 12
2025-08-07 03:01:39,444 - INFO - 提取参考答案: 12
2025-08-07 03:01:39,446 - INFO - 生成答案: 

Step 1:First, read the problem and identify what we need to find. We need to find the number of tomatoes that Freda used.

Step 2:Next, set up equations and perform the calculations. Since the sauce...
2025-08-07 03:01:39,448 - INFO - 提取答案: 11
2025-08-07 03:01:39,450 - INFO - 投票统计: {'voting_method': 'majority', 'best_answer': '11', 'vote_count': 3, 'total_paths': 10, 'valid_paths': 10, 'confidence': 0.3, 'answer_distribution': {'11': 3, '21': 2, '4.5': 1, '3': 2, '4': 1, '6': 1}, 'selected_path_idx': 0}
2025-08-07 03:01:39,452 - INFO - ==================================================
2025-08-07 03:01:39,454 - INFO - 
==================================================
2025-08-07 03:01:39,456 - INFO - 样本 201: For a New Year's resolution, Andy wants to lose 30 lbs. by his birthday, which is July 19th. Today i...
2025-08-07 03:01:39,458 - INFO - 参考答案: January, March, and May have 31 days, February has 28, and April and June have 30, and Andy's birthday is on the 19th day of July. So there are 3 * 31 days + 28 + 2 * 30 days + 19 days = 93 days + 28 + 60 days + 19 days = <<3*31+28+2*30+19=200>>200 days until Andy's birthday.
He wants to lose 30 lbs. At 3500 calories per pound, this is 30 * 3500 = <<30*3500=105000>>105,000 calories total,
To reach his goal, he will have to burn 105,000 calories / 200 days = <<105000/200=525>>525 calories per day more than he consumes.
#### 525
2025-08-07 03:01:39,460 - INFO - 提取参考答案: 525
2025-08-07 03:01:39,462 - INFO - 生成答案: 

Step 1:First, read the problem and identify what we need to find. We need to find the daily calorie deficit that Andy needs to achieve his goal of losing 30 lbs.

Step 2:Next, set up equations and p...
2025-08-07 03:01:39,464 - INFO - 提取答案: 437.5
2025-08-07 03:01:39,466 - INFO - 投票统计: {'voting_method': 'majority', 'best_answer': '437.5', 'vote_count': 2, 'total_paths': 10, 'valid_paths': 10, 'confidence': 0.2, 'answer_distribution': {'1167': 1, '3500': 1, '440': 1, '457': 1, '437.5': 2, '1166.67': 1, '426': 1, '35.7': 1, '500': 1}, 'selected_path_idx': 4}
2025-08-07 03:01:39,469 - INFO - ==================================================
2025-08-07 03:01:39,471 - INFO - 
==================================================
2025-08-07 03:01:39,473 - INFO - 样本 204: An air conditioner cools a room 2 degrees an hour on low and 3 degrees an hour on high. The room wil...
2025-08-07 03:01:39,475 - INFO - 参考答案: The air conditioner ran for 3 hours on low, so the temperature dropped 2 * 3 = <<3*2=6>>6 degrees.
It then ran for 4 hours on high, so the temperature dropped another 3 * 4 = <<3*4=12>>12 degrees.
It was then turned off for 2 hours, so the temperature rose 2 * 2 = <<2*2=4>>4 degrees.
Thus, the final temperature was 6 + 12 - 4 = <<6+12-4=14>>14 degrees lower than the starting temperature.
#### 14
2025-08-07 03:01:39,477 - INFO - 提取参考答案: 14
2025-08-07 03:01:39,479 - INFO - 生成答案: 

Step 1:First, read the problem and identify what we need to find. We need to find the difference between the starting temperature and the final temperature.

Step 2:Next, set up equations and perfor...
2025-08-07 03:01:39,481 - INFO - 提取答案: -2
2025-08-07 03:01:39,483 - INFO - 投票统计: {'voting_method': 'majority', 'best_answer': '-2', 'vote_count': 4, 'total_paths': 10, 'valid_paths': 10, 'confidence': 0.4, 'answer_distribution': {'10': 1, '-2': 4, '14': 4, '2': 1}, 'selected_path_idx': 1}
2025-08-07 03:01:39,485 - INFO - ==================================================
2025-08-07 03:01:39,487 - INFO - 
==================================================
2025-08-07 03:01:39,489 - INFO - 样本 208: Carmen goes to an auction to win an antique desk. She accepts the opening bid of $200 and continues ...
2025-08-07 03:01:39,491 - INFO - 参考答案: 3 other people are bidding on the desk so there are 3 bids * $50 per bid = $<<3*50=150>>150 added to the cost of the desk by other people.
Carmen also has to bid against each person, so she also adds 3 bids * $50 per bid = $<<3*50=150>>150 to the overall cost.
So in these bids, there has been a total of $150 + $150 = $<<150+150=300>>300 added to the initial cost of the desk.
The desk therefore costs $200 opening bid + $300 added cost = $<<200+300=500>>500.
#### 500
2025-08-07 03:01:39,494 - INFO - 提取参考答案: 500
2025-08-07 03:01:39,496 - INFO - 生成答案: 

Step 1:First, read the problem and identify what we need to find. We need to find the total amount of money that Carmen spent on the desk.

Step 2:Next, set up equations and perform the calculations...
2025-08-07 03:01:39,498 - INFO - 提取答案: 1100
2025-08-07 03:01:39,500 - INFO - 投票统计: {'voting_method': 'majority', 'best_answer': '1100', 'vote_count': 7, 'total_paths': 10, 'valid_paths': 10, 'confidence': 0.7, 'answer_distribution': {'350': 2, '1500': 1, '1100': 7}, 'selected_path_idx': 2}
2025-08-07 03:01:39,503 - INFO - ==================================================
2025-08-07 03:01:39,505 - INFO - 
==================================================
2025-08-07 03:01:39,507 - INFO - 样本 216: Bud makes homemade macaroni and cheese once a week.  The pasta costs $1.00 a box, and he spends $3.0...
2025-08-07 03:01:39,509 - INFO - 参考答案: The gruyere cheese is twice the cost of the $3.00 cheddar cheese so it costs 2*3 = $<<2*3=6.00>>6.00
The pasta costs $1.00, the cheddar cheese costs $3.00 and the gruyere cheese is $6.00 for a total of 1+3+6 = $<<1+3+6=10.00>>10.00
There are 52 weeks in a year and he makes this dish once a week so it will cost him 52*10 = $<<52*10=520.00>>520.00 in one year
#### 520
2025-08-07 03:01:39,512 - INFO - 提取参考答案: 520
2025-08-07 03:01:39,514 - INFO - 生成答案: 

Step 1:First, read the problem and identify what we need to find. We need to find the total amount of money Bud spends on making macaroni and cheese in one year.

Step 2:Next, set up equations and p...
2025-08-07 03:01:39,516 - INFO - 提取答案: 3172
2025-08-07 03:01:39,518 - INFO - 投票统计: {'voting_method': 'majority', 'best_answer': '3172', 'vote_count': 9, 'total_paths': 10, 'valid_paths': 10, 'confidence': 0.9, 'answer_distribution': {'3172': 9, '520': 1}, 'selected_path_idx': 0}
2025-08-07 03:01:39,520 - INFO - ==================================================
2025-08-07 03:01:39,522 - INFO - 
==================================================
2025-08-07 03:01:39,524 - INFO - 样本 218: 48 people are riding a bus. On the first stop, 8 passengers get off, and 5 times as many people as t...
2025-08-07 03:01:39,526 - INFO - 参考答案: At the first stop, 5 * 8 = <<5*8=40>>40 passengers get on the bus.
After the first stop the bus has ( 48 - 8 ) + 40 = <<48-8+40=80>>80 passengers.
At the second stop, 21 / 3 = <<21/3=7>>7 passengers get on the bus.
After the second stop there are ( 80 - 21 ) + 7 = <<80-21+7=66>>66 passengers.
#### 66
2025-08-07 03:01:39,528 - INFO - 提取参考答案: 66
2025-08-07 03:01:39,530 - INFO - 生成答案: 

Step 1:First, read the problem and identify what we need to find. We need to find the number of passengers who are riding the bus after the second stop.

Step 2:Next, set up equations and perform th...
2025-08-07 03:01:39,532 - INFO - 提取答案: 122
2025-08-07 03:01:39,534 - INFO - 投票统计: {'voting_method': 'majority', 'best_answer': '122', 'vote_count': 8, 'total_paths': 10, 'valid_paths': 10, 'confidence': 0.8, 'answer_distribution': {'48': 1, '61': 1, '122': 8}, 'selected_path_idx': 2}
2025-08-07 03:01:39,536 - INFO - ==================================================
2025-08-07 03:01:39,538 - INFO - 
==================================================
2025-08-07 03:01:39,540 - INFO - 样本 221: Although Soledad works in a windowless office, she loves the outdoors. She will be on vacation for t...
2025-08-07 03:01:39,542 - INFO - 参考答案: June has 30 days, so Soledad must hike 9,300 miles / 30 days = <<9300/30=310>>310 miles/day
Initially, she wanted to hike 2 times/day * 125 miles/time = <<2*125=250>>250 miles/day
To complete her journey, she must increase her hike by 310 miles/day - 250 miles/day = 60 miles/day
#### 60
2025-08-07 03:01:39,544 - INFO - 提取参考答案: 60
2025-08-07 03:01:39,546 - INFO - 生成答案: 

Step 1:First, read the problem and identify what we need to find. We need to find out how many more miles per day Soledad must hike to complete her journey on time.

Step 2:Next, set up equations an...
2025-08-07 03:01:39,549 - INFO - 提取答案: 185
2025-08-07 03:01:39,551 - INFO - 投票统计: {'voting_method': 'majority', 'best_answer': '185', 'vote_count': 3, 'total_paths': 10, 'valid_paths': 10, 'confidence': 0.3, 'answer_distribution': {'2': 1, '60': 2, '550': 1, '185': 3, '44.4': 1, '306': 1, '7.2': 1}, 'selected_path_idx': 4}
2025-08-07 03:01:39,553 - INFO - ==================================================
2025-08-07 03:01:39,555 - INFO - 
==================================================
2025-08-07 03:01:39,557 - INFO - 样本 222: Maggie's oven is malfunctioning. When she sets it to 450 the actual temperature is 468. If it's off ...
2025-08-07 03:01:39,559 - INFO - 参考答案: The oven off by 18 degrees because 468 - 450 = <<468-450=18>>18
The oven is off by 4% because 18 / 450 x 100 = <<18/450*100=4>>4%
Therefore X + .04X = 520
Therefore 1.04X = 520
The temperature to set it is 500 because 520 / 1.04 = <<520/1.04=500>>500
#### 500
2025-08-07 03:01:39,561 - INFO - 提取参考答案: 500
2025-08-07 03:01:39,563 - INFO - 生成答案: 

Step 1:First, read the problem and identify what we need to find. We need to find the temperature that Maggie should set her oven to if her recipe calls for 520 degrees.

Step 2:Next, set up equatio...
2025-08-07 03:01:39,565 - INFO - 提取答案: 538
2025-08-07 03:01:39,567 - INFO - 投票统计: {'voting_method': 'majority', 'best_answer': '538', 'vote_count': 6, 'total_paths': 10, 'valid_paths': 10, 'confidence': 0.6, 'answer_distribution': {'538': 6, '540': 1, '539': 1, '502': 1, '20.8': 1}, 'selected_path_idx': 0}
2025-08-07 03:01:39,569 - INFO - ==================================================
2025-08-07 03:01:39,571 - INFO - 
==================================================
2025-08-07 03:01:39,573 - INFO - 样本 223: Calvin is making soup for his family for dinner. He has a pot with enough soup to fill four adult's ...
2025-08-07 03:01:39,575 - INFO - 参考答案: Four adult bowls equal eight children’s bowls, so each adult bowl is 8 / 4 = <<8/4=2>>2 children’s bowls.
Calvin and his wife will eat two adult bowls, so they will eat the equivalent of 2 * 2 = <<2*2=4>>4 children’s bowls.
Thus, he, his wife, and their children will eat 4 + 2 = <<4+2=6>>6 children’s bowls at dinner.
After dinner, there will be 8 - 6 = <<8-6=2>>2 children’s bowls left over.
There are 2 children, so each child will be able to eat a bowl of leftover soup for lunch 2 / 2 = <<2/2=1>>1 time.
#### 1
2025-08-07 03:01:39,577 - INFO - 提取参考答案: 1
2025-08-07 03:01:39,579 - INFO - 生成答案: 

Step 1:First, read the problem and identify what we need to find. We need to find how many times each child will be able to have a bowl of soup for lunch from the leftover soup.

Step 2:Next, set up...
2025-08-07 03:01:39,582 - INFO - 提取答案: 6
2025-08-07 03:01:39,583 - INFO - 投票统计: {'voting_method': 'majority', 'best_answer': '6', 'vote_count': 3, 'total_paths': 10, 'valid_paths': 10, 'confidence': 0.3, 'answer_distribution': {'14': 1, '6': 3, '2': 3, '7': 1, '8': 2}, 'selected_path_idx': 1}
2025-08-07 03:01:39,586 - INFO - ==================================================
2025-08-07 03:01:39,588 - INFO - 
==================================================
2025-08-07 03:01:39,590 - INFO - 样本 224: Patty's Plumbing charges $40 to visit a house to make a repair, plus $35 per hour, or part thereof, ...
2025-08-07 03:01:39,592 - INFO - 参考答案: She charged for 3 hours.
The total cost from the hourly rate was 3*35=$<<3*35=105>>105.
She charged 40+105+60=<<40+105+60=205>>205.
#### 205
2025-08-07 03:01:39,594 - INFO - 提取参考答案: 205
2025-08-07 03:01:39,596 - INFO - 生成答案: 

Step 1:First, read the problem and identify what we need to find. We need to find the total amount that Patty charged for the job.

Step 2:Next, set up equations and perform the calculations. The to...
2025-08-07 03:01:39,598 - INFO - 提取答案: 178.75
2025-08-07 03:01:39,600 - INFO - 投票统计: {'voting_method': 'majority', 'best_answer': '178.75', 'vote_count': 5, 'total_paths': 10, 'valid_paths': 10, 'confidence': 0.5, 'answer_distribution': {'178.75': 5, '170': 5}, 'selected_path_idx': 0}
2025-08-07 03:01:39,602 - INFO - ==================================================
2025-08-07 03:01:39,604 - INFO - 
==================================================
2025-08-07 03:01:39,606 - INFO - 样本 225: Katarina has 5 less cookies than Max has. Max has 12 more cookies than the Cookie Monster, and Summe...
2025-08-07 03:01:39,608 - INFO - 参考答案: Max’s has a total of 68+5 = <<68+5=73>>73 cookies.
Cookie Monster’s total amount of cookies is 73-12 = <<73-12=61>>61.
Summer’s total cookie amount is 73+23 = <<73+23=96>>96.
Total amount of cookies 68+73+61+96 = <<68+73+61+96=298>>298.
#### 298
2025-08-07 03:01:39,610 - INFO - 提取参考答案: 298
2025-08-07 03:01:39,612 - INFO - 生成答案: 

Step 1:First, read the problem and identify what we need to find. We need to find the total number of cookies that Katarina, Max, and the Cookie Monster have.

Step 2:Next, set up equations and perf...
2025-08-07 03:01:39,614 - INFO - 提取答案: 226
2025-08-07 03:01:39,616 - INFO - 投票统计: {'voting_method': 'majority', 'best_answer': '226', 'vote_count': 5, 'total_paths': 10, 'valid_paths': 10, 'confidence': 0.5, 'answer_distribution': {'322': 3, '298': 2, '226': 5}, 'selected_path_idx': 2}
2025-08-07 03:01:39,618 - INFO - ==================================================
2025-08-07 03:01:39,620 - INFO - 
==================================================
2025-08-07 03:01:39,622 - INFO - 样本 226: Ada's daily electric consumption is 12 kilowatts per hour. She is planning to add a device that will...
2025-08-07 03:01:39,624 - INFO - 参考答案: Ada's weekly electric consumption before adding the new device is 12 x 7 = <<12*7=84>>84.
So, her weekly electric bill is 84 x $1.50 = $<<84*1.5=126>>126.
Ada's daily electric consumption after adding the new device is 12 + 2 = <<12+2=14>>14.
So her weekly electric consumption after adding the new device is 14 x 7= <<14*7=98>>98 kilowatts per hour.
Ada's new electric bill per week will be 98 x $1.50 = $<<98*1.5=147>>147
Therefore, the difference between the bill before and after she adds the new device is $147 - $126 = $<<147-126=21>>21.
#### 21
2025-08-07 03:01:39,627 - INFO - 提取参考答案: 21
2025-08-07 03:01:39,629 - INFO - 生成答案: 

Step 1:First, read the problem and identify what we need to find. We need to find the difference between Ada's weekly electric bill before and after she adds the new device.

Step 2:Next, set up equ...
2025-08-07 03:01:39,631 - INFO - 提取答案: 63
2025-08-07 03:01:39,633 - INFO - 投票统计: {'voting_method': 'majority', 'best_answer': '63', 'vote_count': 6, 'total_paths': 10, 'valid_paths': 10, 'confidence': 0.6, 'answer_distribution': {'63': 6, '14': 1, '126': 1, '144': 1, '3': 1}, 'selected_path_idx': 0}
2025-08-07 03:01:39,635 - INFO - ==================================================
2025-08-07 03:01:39,637 - INFO - 
==================================================
2025-08-07 03:01:39,639 - INFO - 样本 228: Cole wanted to buy new jeans for a dance contest. At the store, he couldn't decide between tattered ...
2025-08-07 03:01:39,641 - INFO - 参考答案: Cole saved $6 x 1/3 = $<<6*1/3=2>>2 on the jogger jeans.
So, he saved $6 - $2 = $<<6-2=4>>4 on the tattered jeans.
The original price of the jogger jeans is $22 + $2 = $<<22+2=24>>24.
Cole bought the tattered jeans for $<<28=28>>28
Hence, the original price of the tattered jeans is $28 + $4 = $<<28+4=32>>32.
Therefore, jogger jeans originally cost $32 - $24 = $<<32-24=8>>8 more than the tattered jeans.
#### 8
2025-08-07 03:01:39,643 - INFO - 提取参考答案: 8
2025-08-07 03:01:39,645 - INFO - 生成答案: 

Step 1:First, read the problem and identify what we need to find. We need to find how much more jogger jeans originally cost than tattered jeans.

Step 2:Next, set up equations and perform the calcu...
2025-08-07 03:01:39,647 - INFO - 提取答案: 6
2025-08-07 03:01:39,649 - INFO - 投票统计: {'voting_method': 'majority', 'best_answer': '6', 'vote_count': 7, 'total_paths': 10, 'valid_paths': 10, 'confidence': 0.7, 'answer_distribution': {'6': 7, '24': 1, '16': 1, '8': 1}, 'selected_path_idx': 0}
2025-08-07 03:01:39,651 - INFO - ==================================================
2025-08-07 03:01:39,653 - INFO - 
==================================================
2025-08-07 03:01:39,655 - INFO - 样本 231: Jerry has two pools, both with leaks emptying them out at 4 gallons/minute. 4 minutes ago, the big p...
2025-08-07 03:01:39,657 - INFO - 参考答案: First find how many gallons of water flow out of the pools in 4 minutes: 4 gallons/minute * 4 minutes = <<4*4=16>>16 gallons
Let b be the amount of water the big pool has now and s be the amount of water the small pool has. We know that b = 4s, and b + 16 = 2(s + 16)
Substituting the first equation into the second equation, we get 4s + 16 = 2(s + 16)
Multiplying through the parentheses, we get 4s + 16 = 2s + 32
Subtracting 2s from both sides, we get 2s + 16 = 32
Subtracting 16 from both sides, we get 2s = 16
Dividing both sides by 2, we get s = <<8=8>>8
#### 8
2025-08-07 03:01:39,660 - INFO - 提取参考答案: 8
2025-08-07 03:01:39,662 - INFO - 生成答案: 

Step 1:First, read the problem and identify what we need to find. We need to find the amount of water in the small pool now.

Step 2:Next, set up equations and perform the calculations. Let's say th...
2025-08-07 03:01:39,664 - INFO - 提取答案: 0
2025-08-07 03:01:39,666 - INFO - 投票统计: {'voting_method': 'majority', 'best_answer': '0', 'vote_count': 4, 'total_paths': 10, 'valid_paths': 10, 'confidence': 0.4, 'answer_distribution': {'0': 4, '32': 1, '8': 3, '24': 2}, 'selected_path_idx': 0}
2025-08-07 03:01:39,668 - INFO - ==================================================
2025-08-07 03:01:39,670 - INFO - 
==================================================
2025-08-07 03:01:39,672 - INFO - 样本 235: Dennis uses 1 pound of butter for every dozen croissants that he makes.  He needs to make 6 dozen cr...
2025-08-07 03:01:39,674 - INFO - 参考答案: 1 pound of butter makes 1 dozen croissants and he needs to make 6 dozen so he needs 1*6 = <<1*6=6>>6 pounds of butter
The butter is $4.00 a pound and currently on sale for buy one get one half off so every unit of 2 pounds of butter will cost 4*1.5 = $<<4*1.5=6.00>>6.00
He needs 6 pounds of butter and the current promotion is for a unit of 2 pounds of butter so he needs to buy 6/2 = <<6/2=3>>3 units worth of butter
The sale price is $6.00 per 2 pounds of butter and he needs to buy 3 units of butter so 6*3 = $<<6*3=18.00>>18.00 worth of butter
#### 18
2025-08-07 03:01:39,676 - INFO - 提取参考答案: 18
2025-08-07 03:01:39,678 - INFO - 生成答案: 

Step 1:First, read the problem and identify what we need to find. We need to find the total cost of the butter.

Step 2:Next, set up equations and perform the calculations. Since Dennis needs to mak...
2025-08-07 03:01:39,680 - INFO - 提取答案: 12
2025-08-07 03:01:39,682 - INFO - 投票统计: {'voting_method': 'majority', 'best_answer': '12', 'vote_count': 4, 'total_paths': 10, 'valid_paths': 10, 'confidence': 0.4, 'answer_distribution': {'12': 4, '6': 4, '24': 2}, 'selected_path_idx': 0}
2025-08-07 03:01:39,684 - INFO - ==================================================
2025-08-07 03:01:39,686 - INFO - 
==================================================
2025-08-07 03:01:39,688 - INFO - 样本 244: Every day Charisma meditates for 15 minutes when she first wakes up and again before she goes to sle...
2025-08-07 03:01:39,690 - INFO - 参考答案: She meditates for 15 minutes in the morning and 15 minutes at night for a total of 15+15 = <<15+15=30>>30 minutes
She meditates 30 minutes daily so in 7 days/1 week she meditates 30*7 = <<30*7=210>>210 minutes
She meditates 210 minutes in 1 week so in 4 weeks she meditates 210*4 = <<210*4=840>>840 minutes
60 minutes are in an hour so she meditates for 840/60 = <<840/60=14>>14 hours
She practices yoga for 1 hour 5 days a week so that's 1*5 = <<1*5=5>>5 hours
Over 4 weeks she practices yoga for 4*5 = <<4*5=20>>20 hours
She spends 14 hours meditating and 20 hours practicing yoga for a total of 14+20 = <<14+20=34>>34 hours
#### 34
2025-08-07 03:01:39,693 - INFO - 提取参考答案: 34
2025-08-07 03:01:39,695 - INFO - 生成答案: 

Step 1:First, read the problem and identify what we need to find. We need to find the total amount of time Charisma spent on meditation and yoga practice in 4 weeks.

Step 2:Next, set up equations a...
2025-08-07 03:01:39,697 - INFO - 提取答案: 2040
2025-08-07 03:01:39,699 - INFO - 投票统计: {'voting_method': 'majority', 'best_answer': '2040', 'vote_count': 2, 'total_paths': 10, 'valid_paths': 10, 'confidence': 0.2, 'answer_distribution': {'1410': 1, '34': 1, '980': 1, '2040': 2, '154': 2, '2940': 1, '2520': 1, '142': 1}, 'selected_path_idx': 3}
2025-08-07 03:01:39,701 - INFO - ==================================================
2025-08-07 03:01:39,703 - INFO - 
==================================================
2025-08-07 03:01:39,705 - INFO - 样本 245: Jenny goes to the florist to buy some flowers. Roses cost $2 each and $15 for a dozen. If she bought...
2025-08-07 03:01:39,707 - INFO - 参考答案: Jenny has $25 because 5 x 5 = <<5*5=25>>25
She buys 1 dozen roses and 3 single roses because 15 - 12 - 3 = <<15-12-3=0>>0
She spends $6 on the single roses because 3 x 2 = <<3*2=6>>6
She spends $21 on roses because 15 + 6 = <<15+6=21>>21
She gets $4 in change because 25 - 21 = <<25-21=4>>4
She gets 16 quarters because 4 x 4 = <<4*4=16>>16
#### 16
2025-08-07 03:01:39,709 - INFO - 提取参考答案: 16
2025-08-07 03:01:39,711 - INFO - 生成答案: 

Step 1:First, read the problem and identify what we need to find. We need to find the number of quarters that Jenny leaves with.

Step 2:Next, set up equations and perform the calculations. The cost...
2025-08-07 03:01:39,713 - INFO - 提取答案: 100
2025-08-07 03:01:39,715 - INFO - 投票统计: {'voting_method': 'majority', 'best_answer': '100', 'vote_count': 4, 'total_paths': 10, 'valid_paths': 10, 'confidence': 0.4, 'answer_distribution': {'100': 4, '20': 3, '0': 3}, 'selected_path_idx': 0}
2025-08-07 03:01:39,717 - INFO - ==================================================
2025-08-07 03:01:39,719 - INFO - 
==================================================
2025-08-07 03:01:39,721 - INFO - 样本 249: Arnold, Madeline, Camden, and Sarah painted 56 easter eggs. Arnold and Madeline painted the same num...
2025-08-07 03:01:39,723 - INFO - 参考答案: Arnold and Madeline painted 56 - 30 = <<56-30=26>>26 easter eggs.
Arnold and Madeline each painted 26/2 = <<26/2=13>>13 easter eggs.
Sarah painted (30 - 12)/2 = 18/2 = <<(30-12)/2=9>>9 easter eggs.
Camden painted 9 + 12 = <<9+12=21>>21 easter eggs.
Camden painted 21 - 13 = <<21-13=8>>8 eggs more than Arnold.
#### 8
2025-08-07 03:01:39,726 - INFO - 提取参考答案: 8
2025-08-07 03:01:39,728 - INFO - 生成答案: 

Step 1:First, read the problem and identify what we need to find. We need to find the difference between the number of eggs Camden painted and the number of eggs Arnold painted.

Step 2:Next, set up...
2025-08-07 03:01:39,730 - INFO - 提取答案: 7
2025-08-07 03:01:39,732 - INFO - 投票统计: {'voting_method': 'majority', 'best_answer': '7', 'vote_count': 2, 'total_paths': 10, 'valid_paths': 10, 'confidence': 0.2, 'answer_distribution': {'7': 2, '12': 2, '2': 1, '8': 2, '1': 1, '0': 2}, 'selected_path_idx': 0}
2025-08-07 03:01:39,734 - INFO - ==================================================
2025-08-07 03:01:39,736 - INFO - 
==================================================
2025-08-07 03:01:39,738 - INFO - 样本 250: Lauren is a cartoonist.  She can draw 5 large-sized picture scenes per day, or she can draw 6 medium...
2025-08-07 03:01:39,740 - INFO - 参考答案: At 5 small-sized picture scenes per day, 45 small-sized scenes will take 45/5 = <<45/5=9>>9 days.
At 6 medium-sized picture scenes per day, 36 medium-sized scenes will take 36/6 = <<36/6=6>>6 days.
At 7 large-sized picture scenes per day, 49 large-sized scenes will take 49/7 = <<49/7=7>>7 days.
Altogether, the entire project will take 9 + 6 +7 = <<9+6+7=22>>22 days to complete.
#### 22
2025-08-07 03:01:39,742 - INFO - 提取参考答案: 22
2025-08-07 03:01:39,744 - INFO - 生成答案: 

Step 1:First, read the problem and identify what we need to find. We need to find the number of days it will take Lauren to create all of the picture scenes.

Step 2:Next, set up equations and perfo...
2025-08-07 03:01:39,746 - INFO - 提取答案: 9
2025-08-07 03:01:39,748 - INFO - 投票统计: {'voting_method': 'majority', 'best_answer': '9', 'vote_count': 5, 'total_paths': 10, 'valid_paths': 10, 'confidence': 0.5, 'answer_distribution': {'126': 1, '6': 1, '22': 2, '1': 1, '9': 5}, 'selected_path_idx': 4}
2025-08-07 03:01:39,750 - INFO - ==================================================
2025-08-07 03:01:39,752 - INFO - 
==================================================
2025-08-07 03:01:39,754 - INFO - 样本 252: Dave bought a large pack of french fries and ate fourteen before a hungry seagull stole the pack out...
2025-08-07 03:01:39,756 - INFO - 参考答案: Dave ate 14 french fries, so the seagull ate 14 * 1/2 = 14 / 2 = <<14*1/2=7>>7 fries.
The 3 pigeons ate 3 each, so they ate 3 * 3 = <<3*3=9>>9 fries.
The ants took one french fry, so there were 5 + 1 = <<5+1=6>>6 after the racoon took some.
The raccoon left 1/3 behind, so there were 6 * 3 = <<6*3=18>>18 fries before the raccoon took any.
Thus, the pack had 14 + 7 + 9 + 18 = <<14+7+9+18=48>>48 fries in it when Dave bought it.
#### 48
2025-08-07 03:01:39,759 - INFO - 提取参考答案: 48
2025-08-07 03:01:39,761 - INFO - 生成答案: 

Step 1:First, read the problem and identify what we need to find. We need to find the number of french fries that were in the pack when Dave bought it.

Step 2:Next, set up equations and perform the...
2025-08-07 03:01:39,763 - INFO - 提取答案: 45
2025-08-07 03:01:39,765 - INFO - 投票统计: {'voting_method': 'majority', 'best_answer': '45', 'vote_count': 4, 'total_paths': 10, 'valid_paths': 10, 'confidence': 0.4, 'answer_distribution': {'39': 2, '45': 4, '48': 4}, 'selected_path_idx': 1}
2025-08-07 03:01:39,767 - INFO - ==================================================
2025-08-07 03:01:39,769 - INFO - 
==================================================
2025-08-07 03:01:39,771 - INFO - 样本 267: Kenny is selling his Pokemon cards to buy a ticket to an amusement park, which costs $100. He has a ...
2025-08-07 03:01:39,773 - INFO - 参考答案: He made $150 selling the cards because 100 + 50 = <<100+50=150>>150
He sold 100 cards because 150 / 1.5 = <<150/1.5=100>>100
The cards he sold were 2/3 of his collection because 1 - (1/3) = 2/3
He started with 150 cards because 100 / (2/3) = <<100/(2/3)=150>>150
#### 150
2025-08-07 03:01:39,775 - INFO - 提取参考答案: 150
2025-08-07 03:01:39,777 - INFO - 生成答案: 

Step 1:First, read the problem and identify what we need to find. We need to find the number of cards Kenny started with.

Step 2:Next, set up equations and perform the calculations. Let's say Kenny...
2025-08-07 03:01:39,779 - INFO - 提取答案: 100
2025-08-07 03:01:39,781 - INFO - 投票统计: {'voting_method': 'majority', 'best_answer': '100', 'vote_count': 2, 'total_paths': 10, 'valid_paths': 10, 'confidence': 0.2, 'answer_distribution': {'82': 1, '34': 1, '67': 1, '26': 1, '100': 2, '101': 2, '33': 1, '45': 1}, 'selected_path_idx': 4}
2025-08-07 03:01:39,783 - INFO - ==================================================
2025-08-07 03:01:39,785 - INFO - 
==================================================
2025-08-07 03:01:39,787 - INFO - 样本 269: 3 customers were kicked out of the Walmart for refusing to wear masks. A number equals to four times...
2025-08-07 03:01:39,789 - INFO - 参考答案: First quadruple the number of customers kicked out for not wearing masks: 4 * 3 customers = <<4*3=12>>12 customers
Then subtract 5 from this number: 12 customers - 5 customers = 7 customers
Then triple that number to find the number of people kicked out for violence: 7 customers * 3 = <<7*3=21>>21 customers
Then subtract the number of customers kicked out for each known reason to find the number kicked out for other reasons: 50 customers - 3 customers - 21 customers - 7 customers = <<50-3-21-7=19>>19 customers
#### 19
2025-08-07 03:01:39,792 - INFO - 提取参考答案: 19
2025-08-07 03:01:39,794 - INFO - 生成答案: 

Step 1:First, read the problem and identify what we need to find. We need to find the number of people who were kicked out for other reasons.

Step 2:Next, set up equations and perform the calculati...
2025-08-07 03:01:39,796 - INFO - 提取答案: 2
2025-08-07 03:01:39,798 - INFO - 投票统计: {'voting_method': 'majority', 'best_answer': '2', 'vote_count': 5, 'total_paths': 10, 'valid_paths': 10, 'confidence': 0.5, 'answer_distribution': {'8': 1, '2': 5, '0': 2, '': 1, '48': 1}, 'selected_path_idx': 1}
2025-08-07 03:01:39,800 - INFO - ==================================================
2025-08-07 03:01:39,802 - INFO - 
==================================================
2025-08-07 03:01:39,804 - INFO - 样本 278: If Marcy works for the same company for 40 years, she gets an annual pension of $50,000/year. Starti...
2025-08-07 03:01:39,806 - INFO - 参考答案: First find how many years Marcy works after 20 years: 30 years - 20 years = <<30-20=10>>10 years
Then multiply that number by the amount of her pension she gets per year: 10 years * 5% = 50%
Then multiply that percentage by the total amount of the full pension to find how much she gets: $50,000 * 50% = $<<50000*50*.01=25000>>25,000
#### 25000
2025-08-07 03:01:39,808 - INFO - 提取参考答案: 25000
2025-08-07 03:01:39,810 - INFO - 生成答案: 

Step 1:First, read the problem and identify what we need to find. We need to find Marcy's annual pension after she quits after 30 years.

Step 2:Next, set up equations and perform the calculations. ...
2025-08-07 03:01:39,812 - INFO - 提取答案: 100000
2025-08-07 03:01:39,814 - INFO - 投票统计: {'voting_method': 'majority', 'best_answer': '100000', 'vote_count': 9, 'total_paths': 10, 'valid_paths': 10, 'confidence': 0.9, 'answer_distribution': {'100000': 9, '1004072.25': 1}, 'selected_path_idx': 0}
2025-08-07 03:01:39,816 - INFO - ==================================================
2025-08-07 03:01:39,818 - INFO - 
==================================================
2025-08-07 03:01:39,820 - INFO - 样本 280: Michael is replacing the carpet in his bedroom.  The new carpet he's chosen costs $12 per square foo...
2025-08-07 03:01:39,822 - INFO - 参考答案: The room measures 18 * 12 = <<18*12=216>>216 square feet.
The new carpet costs $12 * 216 = $<<12*216=2592>>2,592.
The new carpet padding costs $2 * 216 = $<<2*216=432>>432.
To remove the old carpet, the contractor will charge $4 * 216 = $<<4*216=864>>864.
To install the new carpet, the contractor will charge $34 * 216 = $<<34*216=7344>>7,344.
The total cost will be $864 + $2,592 + $432 + $7,344 = $11,232.
#### 11232
2025-08-07 03:01:39,825 - INFO - 提取参考答案: 11232
2025-08-07 03:01:39,827 - INFO - 生成答案: 

Step 1:First, read the problem and identify what we need to find. We need to find the total cost of replacing the carpet in Michael's bedroom.

Step 2:Next, set up equations and perform the calculat...
2025-08-07 03:01:39,829 - INFO - 提取答案: 10512
2025-08-07 03:01:39,831 - INFO - 投票统计: {'voting_method': 'majority', 'best_answer': '10512', 'vote_count': 4, 'total_paths': 10, 'valid_paths': 10, 'confidence': 0.4, 'answer_distribution': {'10512': 4, '12332': 2, '11232': 2, '11192': 1, '12012': 1}, 'selected_path_idx': 0}
2025-08-07 03:01:39,833 - INFO - ==================================================
2025-08-07 03:01:39,835 - INFO - 
==================================================
2025-08-07 03:01:39,837 - INFO - 样本 293: Elly is organizing her books on the new bookcases her parents bought her. Each of the middle 2 shelv...
2025-08-07 03:01:39,839 - INFO - 参考答案: The bottom shelf can hold 2 * 10 = <<2*10=20>>20 books.
The 2 middle shelves can hold a total of 2 * 10 = <<2*10=20>>20 books.
The top shelf can hold 20 – 5 = <<20-5=15>>15 books.
Each bookcase can hold a total of 20 books + 20 books + 15 books = <<20+20+15=55>>55 books.
To hold all of her books, she needs 110 / 55 = <<110/55=2>>2 bookcases.
#### 2
2025-08-07 03:01:39,841 - INFO - 提取参考答案: 2
2025-08-07 03:01:39,843 - INFO - 生成答案: 

Step 1:First, read the problem and identify what we need to find. We need to find the number of bookcases Elly needs to hold all of her books.

Step 2:Next, set up equations and perform the calculat...
2025-08-07 03:01:39,845 - INFO - 提取答案: 3
2025-08-07 03:01:39,847 - INFO - 投票统计: {'voting_method': 'majority', 'best_answer': '3', 'vote_count': 6, 'total_paths': 10, 'valid_paths': 10, 'confidence': 0.6, 'answer_distribution': {'3': 6, '5': 1, '110': 1, '47.5': 1, '48': 1}, 'selected_path_idx': 0}
2025-08-07 03:01:39,849 - INFO - ==================================================
2025-08-07 03:01:39,851 - INFO - 
==================================================
2025-08-07 03:01:39,853 - INFO - 样本 296: Andy's car fuel efficiency is 10 MPG (miles per gallon). If the current price for regular gas is $3/...
2025-08-07 03:01:39,855 - INFO - 参考答案: Between Monday to Friday there are 5 days
If the one-way distance between his home and office is 5 miles the total round trip distance Andy drives daily is 5*2 = <<5*2=10>>10 miles
That means he drives a total of 10 miles * 5 days = <<10*5=50>>50 miles per week
If his car's fuel efficiency is 10 MPG, then his car is consuming a total of 50 miles / 10 MPG = <<50/10=5>>5 gallons of gas each week
Given that each gallon of gas costs $3, then his car is consuming 5 * $3 = $<<5*3=15>>15 worth of gas each week
#### 15
2025-08-07 03:01:39,858 - INFO - 提取参考答案: 15
2025-08-07 03:01:39,860 - INFO - 生成答案: 

Step 1:First, read the problem and identify what we need to find. We need to find the amount of money Andy's car is consuming per week.

Step 2:Next, set up equations and perform the calculations. T...
2025-08-07 03:01:39,862 - INFO - 提取答案: 7.50
2025-08-07 03:01:39,864 - INFO - 投票统计: {'voting_method': 'majority', 'best_answer': '7.50', 'vote_count': 9, 'total_paths': 10, 'valid_paths': 10, 'confidence': 0.9, 'answer_distribution': {'15': 1, '7.50': 9}, 'selected_path_idx': 1}
2025-08-07 03:01:39,866 - INFO - ==================================================
2025-08-07 03:01:39,868 - INFO - 
==================================================
2025-08-07 03:01:39,870 - INFO - 样本 302: Rob, Royce, and Pedro are contractors getting ready to put a new roof on three homes. If the three h...
2025-08-07 03:01:39,872 - INFO - 参考答案: Let x be the number of cases of shingles for the second house
The first house needs 1/2 x cases of shingles
The third house needs 2(1/2)x=x cases of shingles
250=x+x+(1/2)x
250=(5/2)x
250(2/5)=100=x
The third house needs 100 cases of shingles
#### 100
2025-08-07 03:01:39,874 - INFO - 提取参考答案: 100
2025-08-07 03:01:39,876 - INFO - 生成答案: 

Step 1:First, read the problem and identify what we need to find. We need to find the number of cases of shingles the third house will need.

Step 2:Next, set up equations and perform the calculatio...
2025-08-07 03:01:39,878 - INFO - 提取答案: 143
2025-08-07 03:01:39,880 - INFO - 投票统计: {'voting_method': 'majority', 'best_answer': '143', 'vote_count': 5, 'total_paths': 10, 'valid_paths': 10, 'confidence': 0.5, 'answer_distribution': {'62.5': 1, '28.57': 2, '0': 1, '143': 5, '166': 1}, 'selected_path_idx': 3}
2025-08-07 03:01:39,882 - INFO - ==================================================
2025-08-07 03:01:39,884 - INFO - 
==================================================
2025-08-07 03:01:39,886 - INFO - 样本 304: Tara bought 8 packs of 5 canvas bags for $4 each. She painted them and sold them at a craft fair for...
2025-08-07 03:01:39,888 - INFO - 参考答案: The total number of bags is 8*5 = <<8*5=40>>40
The cost of the 40 bags is 40*4 = <<40*4=160>>160
Tara sold the 40 bags at 8 each earning her 40*8 = <<40*8=320>>320
Her profit was 320-160 = <<320-160=160>>160
#### 160
2025-08-07 03:01:39,891 - INFO - 提取参考答案: 160
2025-08-07 03:01:39,893 - INFO - 生成答案: 

Step 1:First, read the problem and identify what we need to find. We need to find the profit Tara earned on her bags.

Step 2:Next, set up equations and perform the calculations. The total cost of t...
2025-08-07 03:01:39,895 - INFO - 提取答案: 32
2025-08-07 03:01:39,897 - INFO - 投票统计: {'voting_method': 'majority', 'best_answer': '32', 'vote_count': 7, 'total_paths': 10, 'valid_paths': 10, 'confidence': 0.7, 'answer_distribution': {'8': 3, '32': 7}, 'selected_path_idx': 1}
2025-08-07 03:01:39,899 - INFO - ==================================================
2025-08-07 03:01:39,901 - INFO - 
==================================================
2025-08-07 03:01:39,903 - INFO - 样本 314: Ben bought a car for $20000 in 2007. The price of the car depreciates at a constant rate of 21% per ...
2025-08-07 03:01:39,905 - INFO - 参考答案: The price of the car depreciates of 20000 * 21% = $<<20000*21*.01=4200>>4200 per year.
Ben had the car for 2010 - 2007 = <<2010-2007=3>>3 years.
The price of the car depreciates 4200 * 3 = $<<4200*3=12600>>12600 from 2007 to 2010.
So the price of the car in the year 2010 is $20000 - $12600 = $<<20000-12600=7400>>7400.
#### 7400
2025-08-07 03:01:39,907 - INFO - 提取参考答案: 7400
2025-08-07 03:01:39,909 - INFO - 生成答案: 

Step 1:First, read the problem and identify what we need to find. We need to find the price of the car in the year 2010.

Step 2:Next, set up equations and perform the calculations. The price of the...
2025-08-07 03:01:39,911 - INFO - 提取答案: 9796
2025-08-07 03:01:39,913 - INFO - 投票统计: {'voting_method': 'majority', 'best_answer': '9796', 'vote_count': 3, 'total_paths': 10, 'valid_paths': 10, 'confidence': 0.3, 'answer_distribution': {'9796.4': 2, '9852': 1, '9796': 3, '9792': 2, '9816.4': 1, '10080': 1}, 'selected_path_idx': 2}
2025-08-07 03:01:39,915 - INFO - ==================================================
2025-08-07 03:01:39,917 - INFO - 
==================================================
2025-08-07 03:01:39,919 - INFO - 样本 317: At the trip to the county-level scavenger hunt competition, 90 people were required to split into gr...
2025-08-07 03:01:39,921 - INFO - 参考答案: Since the total number of people at the competition was 90, they formed 90/9=<<90/9=10>>10 groups after splitting into 9-person groups.
If 3/5 of the number of groups each had members bringing back 2 seashells each, then 3/5*10=<<3/5*10=6>>6 groups had members bringing back 2 seashells.
Since each group had 9 people, the number of people in the 6 groups, who found 2 seashells each, was 6*9= <<6*9=54>>54.
The total number of seashells the 54 people brought is 54*2=<<54*2=108>>108 seashells.
#### 108
2025-08-07 03:01:39,924 - INFO - 提取参考答案: 108
2025-08-07 03:01:39,926 - INFO - 生成答案: 

Step 1:First, read the problem and identify what we need to find. We need to find the number of seashells that the groups brought.

Step 2:Next, set up equations and perform the calculations. The to...
2025-08-07 03:01:39,928 - INFO - 提取答案: 12
2025-08-07 03:01:39,930 - INFO - 投票统计: {'voting_method': 'majority', 'best_answer': '12', 'vote_count': 10, 'total_paths': 10, 'valid_paths': 10, 'confidence': 1.0, 'answer_distribution': {'12': 10}, 'selected_path_idx': 0}
2025-08-07 03:01:39,932 - INFO - ==================================================
2025-08-07 03:01:39,934 - INFO - 
==================================================
2025-08-07 03:01:39,936 - INFO - 样本 327: Sasha and Julie are best friends playing on opposing basketball teams. The teams have two practice g...
2025-08-07 03:01:39,938 - INFO - 参考答案: In the first game, Sasha scored 14 points, and Julie scored four fewer points: 14-4 = <<14-4=10>>10 points.
In the second game, Sasha scored 6 points fewer than Julie's score in the first game, meaning she scored 10-6=<<10-6=4>>4 points.
Sasha scored 10+4=<<10+4=14>>14 points in the two games.
#### 14
2025-08-07 03:01:39,940 - INFO - 提取参考答案: 14
2025-08-07 03:01:39,942 - INFO - 生成答案: 

Step 1:First, read the problem and identify what we need to find. We need to find the total number of points Sasha scored during both games.

Step 2:Next, set up equations and perform the calculatio...
2025-08-07 03:01:39,944 - INFO - 提取答案: 18
2025-08-07 03:01:39,946 - INFO - 投票统计: {'voting_method': 'majority', 'best_answer': '18', 'vote_count': 10, 'total_paths': 10, 'valid_paths': 10, 'confidence': 1.0, 'answer_distribution': {'18': 10}, 'selected_path_idx': 0}
2025-08-07 03:01:39,948 - INFO - ==================================================
2025-08-07 03:01:39,950 - INFO - 
==================================================
2025-08-07 03:01:39,952 - INFO - 样本 328: Christina is planning a birthday party and needs .75 gift bags per invited guest, because 1/4 of att...
2025-08-07 03:01:39,954 - INFO - 参考答案: She needs 12 gift bags because 16 x .75 = <<16*.75=12>>12
She will spend $24 because 12 x 2 = <<12*2=24>>24
#### 24
2025-08-07 03:01:39,956 - INFO - 提取参考答案: 24
2025-08-07 03:01:39,958 - INFO - 生成答案: 

Step 1:First, read the problem and identify what we need to find. We need to find the total amount of money Christina will spend on gift bags.

Step 2:Next, set up equations and perform the calculat...
2025-08-07 03:01:39,960 - INFO - 提取答案: 18
2025-08-07 03:01:39,962 - INFO - 投票统计: {'voting_method': 'majority', 'best_answer': '18', 'vote_count': 7, 'total_paths': 10, 'valid_paths': 10, 'confidence': 0.7, 'answer_distribution': {'18': 7, '24': 3}, 'selected_path_idx': 0}
2025-08-07 03:01:39,964 - INFO - ==================================================
2025-08-07 03:01:39,966 - INFO - 
==================================================
2025-08-07 03:01:39,968 - INFO - 样本 329: Mrs. Tatiana owns a grocery store that sells different fruits and vegetables, which includes carrots...
2025-08-07 03:01:39,970 - INFO - 参考答案: In the first year, the price of carrots increases by 5/100*120 = $<<5/100*120=6>>6
After 3 years, the price of carrots will increase by $6*3 = $<<6*3=18>>18
The total price of carrots after three years will be 120+18 = $<<120+18=138>>138
#### 138
2025-08-07 03:01:39,972 - INFO - 提取参考答案: 138
2025-08-07 03:01:39,974 - INFO - 生成答案: 

Step 1:First, read the problem and identify what we need to find. We need to find the price of carrots after three years.

Step 2:Next, set up equations and perform the calculations. The price of ca...
2025-08-07 03:01:39,976 - INFO - 提取答案: 139
2025-08-07 03:01:39,978 - INFO - 投票统计: {'voting_method': 'majority', 'best_answer': '139', 'vote_count': 10, 'total_paths': 10, 'valid_paths': 10, 'confidence': 1.0, 'answer_distribution': {'139': 10}, 'selected_path_idx': 0}
2025-08-07 03:01:39,981 - INFO - ==================================================
2025-08-07 03:01:39,983 - INFO - 
==================================================
2025-08-07 03:01:39,985 - INFO - 样本 335: The Llesis family drove and hiked 6 hours to their vacation spot. They drove an average of 50 miles ...
2025-08-07 03:01:39,987 - INFO - 参考答案: Half the average speed of Llesis family driving is 50/2 = <<50/2=25>>25 miles per hour.
Hence, their average speed hiking was 25 - 5 = <<25-5=20>>20 miles per hour.
So, they hiked 20 x 1.5 = <<20*1.5=30>>30 miles.
It took them a total of 6 - 1.5 = <<6-1.5=4.5>>4.5 hours driving.
So, they drove 50 x 4.5 = <<50*4.5=225>>225 miles.
Therefore, their vacation spot was 30 + 225 = <<30+225=255>>255 miles far.
#### 255
2025-08-07 03:01:39,989 - INFO - 提取参考答案: 255
2025-08-07 03:01:39,991 - INFO - 生成答案: 

Step 1:First, read the problem and identify what we need to find. We need to find the distance to their vacation spot.

Step 2:Next, set up equations and perform the calculations. Let's denote the s...
2025-08-07 03:01:39,993 - INFO - 提取答案: 300
2025-08-07 03:01:39,995 - INFO - 投票统计: {'voting_method': 'majority', 'best_answer': '300', 'vote_count': 2, 'total_paths': 10, 'valid_paths': 10, 'confidence': 0.2, 'answer_distribution': {'155': 1, '207': 1, '300': 2, '90': 1, '1230': 1, '442.5': 1, '60': 1, '75': 1, '6': 1}, 'selected_path_idx': 2}
2025-08-07 03:01:39,997 - INFO - ==================================================
2025-08-07 03:01:39,999 - INFO - 
==================================================
2025-08-07 03:01:40,001 - INFO - 样本 336: Candice put 80 post-it notes in her purse before she headed out to her job at the coffee shop.  On h...
2025-08-07 03:01:40,003 - INFO - 参考答案: Let's let x be the number of post-it notes in the package that Candice purchased.
Then, the total number of post-it notes she had when she left the store was 80+x.
And if she used 220 Post-it notes at work and had 23 left, then 80+x=220+23
Subtracting 80 from each side of the equation, we see that x=220+23-80=<<220+23-80=163>>163 Post-it notes.
#### 163
2025-08-07 03:01:40,005 - INFO - 提取参考答案: 163
2025-08-07 03:01:40,007 - INFO - 生成答案: 

Step 1:First, read the problem and identify what we need to find. We need to find the number of Post-it notes in the package that Candice purchased.

Step 2:Next, set up equations and perform the ca...
2025-08-07 03:01:40,009 - INFO - 提取答案: 57
2025-08-07 03:01:40,011 - INFO - 投票统计: {'voting_method': 'majority', 'best_answer': '57', 'vote_count': 9, 'total_paths': 10, 'valid_paths': 10, 'confidence': 0.9, 'answer_distribution': {'57': 9, '197': 1}, 'selected_path_idx': 0}
2025-08-07 03:01:40,013 - INFO - ==================================================
2025-08-07 03:01:40,015 - INFO - 
==================================================
2025-08-07 03:01:40,017 - INFO - 样本 338: Cedar Falls Middle School has students in grades 4 – 7 and each year they are challenged to earn as ...
2025-08-07 03:01:40,019 - INFO - 参考答案: There are 4 grades in the middle school x 10 students = <<4*10=40>>40 students who get to try the escape room.
There will be 40 students / 8 students in a group = <<40/8=5>>5 groups who get to try the escape room.
It will take 5 groups x 45 minutes = <<5*45=225>>225 minutes.
#### 225
2025-08-07 03:01:40,021 - INFO - 提取参考答案: 225
2025-08-07 03:01:40,023 - INFO - 生成答案: 

Step 1:First, read the problem and identify what we need to find. We need to find the total time it takes for everyone to try the escape room.

Step 2:Next, set up equations and perform the calculat...
2025-08-07 03:01:40,026 - INFO - 提取答案: 3600
2025-08-07 03:01:40,028 - INFO - 投票统计: {'voting_method': 'majority', 'best_answer': '3600', 'vote_count': 3, 'total_paths': 10, 'valid_paths': 10, 'confidence': 0.3, 'answer_distribution': {'1800': 1, '180': 2, '168.75': 2, '3600': 3, '225': 2}, 'selected_path_idx': 3}
2025-08-07 03:01:40,030 - INFO - ==================================================
2025-08-07 03:01:40,032 - INFO - 
==================================================
2025-08-07 03:01:40,034 - INFO - 样本 339: A dance studio offers lessons to students. It costs $25 per session to rent the studio plus $1.50 pe...
2025-08-07 03:01:40,036 - INFO - 参考答案: The total earnings from 10 students is $1.50 x 10 = $<<1.50*10=15>>15 per session.
So the total earnings per session is $15 + $25 = $<<15+25=40>>40.
Thus, every week the dance studio earns $40 x 3 = $<<40*3=120>>120.
Therefore, it will earn $120 x 4 = $<<120*4=480>>480 in a month.
#### 480
2025-08-07 03:01:40,038 - INFO - 提取参考答案: 480
2025-08-07 03:01:40,040 - INFO - 生成答案: 

Step 1:First, read the problem and identify what we need to find. We need to find the expected earnings of the dance studio in a month.

Step 2:Next, set up equations and perform the calculations. T...
2025-08-07 03:01:40,042 - INFO - 提取答案: 85
2025-08-07 03:01:40,044 - INFO - 投票统计: {'voting_method': 'majority', 'best_answer': '85', 'vote_count': 4, 'total_paths': 10, 'valid_paths': 10, 'confidence': 0.4, 'answer_distribution': {'85': 4, '480': 1, '220': 2, '720': 1, '0': 1, '320': 1}, 'selected_path_idx': 0}
2025-08-07 03:01:40,046 - INFO - ==================================================
2025-08-07 03:01:40,048 - INFO - 
==================================================
2025-08-07 03:01:40,050 - INFO - 样本 340: Bahati, Azibo, and Dinar each contributed to their team's 45 points. Bahati scored the most points a...
2025-08-07 03:01:40,052 - INFO - 参考答案: Let B = the number of points Bahati scored
Azibo = B - 20
Dinar = B - 10
B + B -20 + B - 10 = 45
3B - 30 = 45;
3B = 75
B = <<25=25>>25
Azibo = 25 - 20 = <<25-20=5>>5 points
Azibo scored 5 points.
#### 5
2025-08-07 03:01:40,054 - INFO - 提取参考答案: 5
2025-08-07 03:01:40,056 - INFO - 生成答案: 

Step 1:First, read the problem and identify what we need to find. We need to find the number of points Azibo scored.

Step 2:Next, set up equations and perform the calculations. Let's say Azibo scor...
2025-08-07 03:01:40,058 - INFO - 提取答案: 11
2025-08-07 03:01:40,060 - INFO - 投票统计: {'voting_method': 'majority', 'best_answer': '11', 'vote_count': 5, 'total_paths': 10, 'valid_paths': 10, 'confidence': 0.5, 'answer_distribution': {'5': 2, '11': 5, '15': 1, '11.67': 1, '45': 1}, 'selected_path_idx': 1}
2025-08-07 03:01:40,063 - INFO - ==================================================
2025-08-07 03:01:40,065 - INFO - 
==================================================
2025-08-07 03:01:40,067 - INFO - 样本 345: 9 out of 10 cheerleaders are 64" tall.  The 10th cheerleader is 60" tall.  If they build a human pyr...
2025-08-07 03:01:40,069 - INFO - 参考答案: All but one cheerleader is 64" tall and these cheerleaders make up the bottom 3 layers of the pyramid. So, when standing on top of each other, they are 64*3 = <<64*3=192>>192" tall
The shortest cheerleader is at the top of the pyramid and is 60" tall so the pyramid is 192+60 = <<252=252>>252" tall
12" are in 1 foot and the pyramid is 252" tall so it's 252/12 = <<252/12=21>>21 feet tall
#### 21
2025-08-07 03:01:40,071 - INFO - 提取参考答案: 21
2025-08-07 03:01:40,073 - INFO - 生成答案: 

Step 1:First, read the problem and identify what we need to find. We need to find the height of the human pyramid.

Step 2:Next, set up equations and perform the calculations. The average height of ...
2025-08-07 03:01:40,075 - INFO - 提取答案: 49
2025-08-07 03:01:40,077 - INFO - 投票统计: {'voting_method': 'majority', 'best_answer': '49', 'vote_count': 2, 'total_paths': 10, 'valid_paths': 10, 'confidence': 0.2, 'answer_distribution': {'49': 2, '8.5333...': 1, '111.6': 2, '9.4': 1, '48.3': 2, '48': 1, '8.76': 1}, 'selected_path_idx': 0}
2025-08-07 03:01:40,079 - INFO - ==================================================
2025-08-07 03:01:40,081 - INFO - 
==================================================
2025-08-07 03:01:40,083 - INFO - 样本 346: Last night Rick killed ten wolves and 15 cougars while hunting. Today Rick killed three times as man...
2025-08-07 03:01:40,085 - INFO - 参考答案: The total number of animals that Rick killed while hunting yesterday is 15+10 = <<15+10=25>>25
Today, Rick killed three fewer cougars than the previous night, a total of 15-3 = <<15-3=12>>12 cougars.
He also killed three times as many wolves as cougars today, a total of 3*12 = <<3*12=36>>36 wolves.
Together, his hunt today yielded 36+12 = <<36+12=48>>48 animals.
In total, he has 48+25 = <<48+25=73>>73 animals from the hunt.
#### 73
2025-08-07 03:01:40,087 - INFO - 提取参考答案: 73
2025-08-07 03:01:40,089 - INFO - 生成答案: 

Step 1:First, read the problem and identify what we need to find. We need to find the total number of animals Rick killed.

Step 2:Next, set up equations and perform the calculations. Let's denote t...
2025-08-07 03:01:40,091 - INFO - 提取答案: 80
2025-08-07 03:01:40,093 - INFO - 投票统计: {'voting_method': 'majority', 'best_answer': '80', 'vote_count': 3, 'total_paths': 10, 'valid_paths': 10, 'confidence': 0.3, 'answer_distribution': {'51': 2, '80': 3, '82': 2, '48': 2, '35': 1}, 'selected_path_idx': 2}
2025-08-07 03:01:40,096 - INFO - ==================================================
2025-08-07 03:01:40,098 - INFO - 
==================================================
2025-08-07 03:01:40,100 - INFO - 样本 349: Three people divided an amount of $1920. The second took $80 more than the first and the third took ...
2025-08-07 03:01:40,102 - INFO - 参考答案: Let X be the amount of what the first took.
The second took X+<<+80=80>>80.
The third took (X+80)*2.
The total amount X + (X+80) + (X+80)*2 = 1920.
X + X + 80 + 2*X + 80*2 = 1920
X*4 + 240 = 1920.
X*4 = 1680.
X = <<420=420>>420.
#### 420
2025-08-07 03:01:40,104 - INFO - 提取参考答案: 420
2025-08-07 03:01:40,106 - INFO - 生成答案: 

Step 1:First, read the problem and identify what we need to find. We need to find the share of the first person.

Step 2:Next, set up equations and perform the calculations. Let's say the first pers...
2025-08-07 03:01:40,108 - INFO - 提取答案: 400
2025-08-07 03:01:40,110 - INFO - 投票统计: {'voting_method': 'majority', 'best_answer': '400', 'vote_count': 7, 'total_paths': 10, 'valid_paths': 10, 'confidence': 0.7, 'answer_distribution': {'420': 3, '400': 7}, 'selected_path_idx': 1}
2025-08-07 03:01:40,112 - INFO - ==================================================
2025-08-07 03:01:40,114 - INFO - 
==================================================
2025-08-07 03:01:40,116 - INFO - 样本 350: The rainstorm flooded the wetlands and washed Phineas Frog 200 yards away from his home in the swamp...
2025-08-07 03:01:40,118 - INFO - 参考答案: Half of 200 yards is 200/2=<<200/2=100>>100 yards.
100 yards at 20 yards per minute is 100/20=<<100/20=5>>5 minutes.
100 yards at 10 yards per minute is 100/10=<<100/10=10>>10 minutes.
In total, it will take Phineas 5+10=<<5+10=15>>15 minutes to return home.
#### 15
2025-08-07 03:01:40,120 - INFO - 提取参考答案: 15
2025-08-07 03:01:40,122 - INFO - 生成答案: 

Step 1:First, read the problem and identify what we need to find. We need to find the time it will take Phineas to return home.

Step 2:Next, set up equations and perform the calculations. Since hal...
2025-08-07 03:01:40,124 - INFO - 提取答案: 30
2025-08-07 03:01:40,126 - INFO - 投票统计: {'voting_method': 'majority', 'best_answer': '30', 'vote_count': 6, 'total_paths': 10, 'valid_paths': 10, 'confidence': 0.6, 'answer_distribution': {'30': 6, '15': 4}, 'selected_path_idx': 0}
2025-08-07 03:01:40,128 - INFO - ==================================================
2025-08-07 03:01:40,130 - INFO - 
==================================================
2025-08-07 03:01:40,132 - INFO - 样本 358: Blake and Kelly are having a contest to see who can run the most in 15 minutes. They decide to do it...
2025-08-07 03:01:40,134 - INFO - 参考答案: Blake runs 200 yards for each back and forth because 100 x 2 = 200
He runs 3000 yards in total because 200 x 15 = <<200*15=3000>>3000
Kelly runs 200 yards at first because 100 x 2 = <<100*2=200>>200
She runs 80 yards each time she does a back and forth to the 40-yard line because 40 x 2 = <<40*2=80>>80
She runs 2720 from these back and forth because 34 x 80 = <<34*80=2720>>2720
She runs 2920 in total because 2720 + 200 = <<2720+200=2920>>2920
Blake won because 3000 > 2920
The winner ran 80 yards more than the loser because 3000 - 2920 = <<3000-2920=80>>80
#### 80
2025-08-07 03:01:40,137 - INFO - 提取参考答案: 80
2025-08-07 03:01:40,139 - INFO - 生成答案: 

Step 1:First, read the problem and identify what we need to find. We need to find the difference between the total distance run by the winner and the loser.

Step 2:Next, set up equations and perfor...
2025-08-07 03:01:40,141 - INFO - 提取答案: 1320
2025-08-07 03:01:40,143 - INFO - 投票统计: {'voting_method': 'majority', 'best_answer': '1320', 'vote_count': 5, 'total_paths': 10, 'valid_paths': 10, 'confidence': 0.5, 'answer_distribution': {'6660': 2, '1320': 5, '1220': 2, '2692': 1}, 'selected_path_idx': 2}
2025-08-07 03:01:40,145 - INFO - ==================================================
2025-08-07 03:01:40,147 - INFO - 
==================================================
2025-08-07 03:01:40,149 - INFO - 样本 360: Thomas withdraws $1000 in 20 dollar bills from the bank account.  He loses 10 bills while getting ho...
2025-08-07 03:01:40,151 - INFO - 参考答案: He withdrew 1000/20=<<1000/20=50>>50 bills
So he has 50-10=<<50-10=40>>40 bills left over
He uses half the bills to pay for something, so he has 40/2=<<40/2=20>>20 bills
He triples his money which gives him 20*3=<<20*3=60>>60 bills
So he has 60*20=$<<60*20=1200>>1200
Converting to 5s means he has 1200/5=<<1200/5=240>>240 bills
#### 240
2025-08-07 03:01:40,153 - INFO - 提取参考答案: 240
2025-08-07 03:01:40,155 - INFO - 生成答案: 

Step 1:First, read the problem and identify what we need to find. We need to find the number of 5 dollar bills Thomas has.

Step 2:Next, set up equations and perform the calculations. Thomas withdra...
2025-08-07 03:01:40,157 - INFO - 提取答案: 12
2025-08-07 03:01:40,159 - INFO - 投票统计: {'voting_method': 'majority', 'best_answer': '12', 'vote_count': 10, 'total_paths': 10, 'valid_paths': 10, 'confidence': 1.0, 'answer_distribution': {'12': 10}, 'selected_path_idx': 0}
2025-08-07 03:01:40,161 - INFO - ==================================================
2025-08-07 03:01:40,163 - INFO - 
==================================================
2025-08-07 03:01:40,165 - INFO - 样本 371: A store offers sandwiches in 3 different package sizes: the first package with 2 sandwiches for $3, ...
2025-08-07 03:01:40,167 - INFO - 参考答案: So the price for 1 sandwich is $3 / 2 sandwiches = $<<3/2=1.5>>1.5/sandwich
Now the price for the package with 8 sandwiches would be $1.5/sandwich * 8 sandwiches = $<<1.5*8=12>>12
#### 12
2025-08-07 03:01:40,169 - INFO - 提取参考答案: 12
2025-08-07 03:01:40,171 - INFO - 生成答案: 

Step 1:First, read the problem and identify what we need to find. We need to find the price of the package with 8 sandwiches.

Step 2:Next, set up equations and perform the calculations. The price o...
2025-08-07 03:01:40,173 - INFO - 提取答案: 4
2025-08-07 03:01:40,175 - INFO - 投票统计: {'voting_method': 'majority', 'best_answer': '4', 'vote_count': 6, 'total_paths': 10, 'valid_paths': 10, 'confidence': 0.6, 'answer_distribution': {'4': 6, '12': 4}, 'selected_path_idx': 0}
2025-08-07 03:01:40,178 - INFO - ==================================================
2025-08-07 03:01:40,180 - INFO - 
==================================================
2025-08-07 03:01:40,181 - INFO - 样本 377: Fern is trying to decide between buying the Widgeteer 3000, which makes 60 widgets an hour, and the ...
2025-08-07 03:01:40,184 - INFO - 参考答案: First find how many more widgets the Widgeteer 3000 makes per hour: 60 widgets/hour - 45 widgets/hour = <<60-45=15>>15 widgets/hour
Then multiply that difference by the number of hours in a day to find the daily difference: 15 widgets/hour * 24 hours/day = <<360=360>>360 widgets/day
Then multiply the daily difference by the number of days in a month to find the monthly difference: 360 widgets/day * 30 days/month = <<360*30=10800>>10,800 widgets/month
Then multiply that number by the cost per widget to find the total earnings difference: 10,800 widgets/month * $6/widget = $<<10800*6=64800>>64,800
#### 64800
2025-08-07 03:01:40,186 - INFO - 提取参考答案: 64800
2025-08-07 03:01:40,188 - INFO - 生成答案: 

Step 1:First, read the problem and identify what we need to find. We need to find the difference in the amount of money Fern will make from the Widgeteer 3000 and the WidgetMaster 9000.

Step 2:Next...
2025-08-07 03:01:40,190 - INFO - 提取答案: 16200
2025-08-07 03:01:40,192 - INFO - 投票统计: {'voting_method': 'majority', 'best_answer': '16200', 'vote_count': 3, 'total_paths': 10, 'valid_paths': 10, 'confidence': 0.3, 'answer_distribution': {'64800': 2, '16200': 3, '18000': 2, '14400': 3}, 'selected_path_idx': 1}
2025-08-07 03:01:40,194 - INFO - ==================================================
2025-08-07 03:01:40,196 - INFO - 
==================================================
2025-08-07 03:01:40,198 - INFO - 样本 382: Debra is monitoring a beehive to see how many bees come and go in a day. She sees 30 bees leave the ...
2025-08-07 03:01:40,200 - INFO - 参考答案: Debra first sees 30 bees leave the hive, then sees 1/2 that many return, 30 x 1/2 = <<30*1/2=15>>15 bees that return and 15 bees that are still away from the hive.
Debra sees twice as many bees as first left the hive--which was 30--fly from the hive in the next 6 hours, 30 x 2 = <<30*2=60>>60 bees that leave the hive.
In total, 30 + 60 = <<30+60=90>>90 bees left the hive.
There were 90 bees total that left the hive - 15 bees that already returned = <<90-15=75>>75 bees that return to the hive in the last 6 hours of the day.
#### 75
2025-08-07 03:01:40,202 - INFO - 提取参考答案: 75
2025-08-07 03:01:40,204 - INFO - 生成答案: 

Step 1:First, read the problem and identify what we need to find. We need to find the number of bees that Debra saw return to the hive in the last 6 hours of the day.

Step 2:Next, set up equations ...
2025-08-07 03:01:40,206 - INFO - 提取答案: 45
2025-08-07 03:01:40,208 - INFO - 投票统计: {'voting_method': 'majority', 'best_answer': '45', 'vote_count': 6, 'total_paths': 10, 'valid_paths': 10, 'confidence': 0.6, 'answer_distribution': {'45': 6, '75': 1, '30': 1, '0': 1, '60': 1}, 'selected_path_idx': 0}
2025-08-07 03:01:40,211 - INFO - ==================================================
2025-08-07 03:01:40,213 - INFO - 
==================================================
2025-08-07 03:01:40,214 - INFO - 样本 384: Two trains leave San Rafael at the same time. They begin traveling westward, both traveling for 80 m...
2025-08-07 03:01:40,216 - INFO - 参考答案: On the first day, the trains covered 2 trains * 80 miles/train = <<2*80=160>>160 miles together.
They also covered 150 miles/train * 2 trains = <<150*2=300>>300 miles together on the second day.
The combined distance the two trains covered in the two days is 300 miles + 160 miles = <<300+160=460>>460 miles
The average distance for the two days is 460 miles / 2 trains = <<460/2=230>>230 miles/train
#### 230
2025-08-07 03:01:40,219 - INFO - 提取参考答案: 230
2025-08-07 03:01:40,221 - INFO - 生成答案: 

Step 1:First, read the problem and identify what we need to find. We need to find the distance covered by each train in the two days.

Step 2:Next, set up equations and perform the calculations. Let...
2025-08-07 03:01:40,223 - INFO - 提取答案: 80
2025-08-07 03:01:40,225 - INFO - 投票统计: {'voting_method': 'majority', 'best_answer': '80', 'vote_count': 5, 'total_paths': 10, 'valid_paths': 10, 'confidence': 0.5, 'answer_distribution': {'80': 5, '230': 3, '160': 1, '48': 1}, 'selected_path_idx': 0}
2025-08-07 03:01:40,227 - INFO - ==================================================
2025-08-07 03:01:40,229 - INFO - 
==================================================
2025-08-07 03:01:40,231 - INFO - 样本 386: The ice cream parlor was offering a deal, buy 2 scoops of ice cream, get 1 scoop free.  Each scoop c...
2025-08-07 03:01:40,233 - INFO - 参考答案: Each scoop cost $1.50. If she buys 2, she gets one free. So it will cost her 2 * 1.50 = $<<2*1.50=3.00>>3.00 for thee scoops total.
If you break it down, 3 scoops of ice cream cost $3.00 so 3/3 = $<<3/3=1.00>>1.00 per scoop
Erin has $6.00 and each scoop ends up costing $1.00 each then 6/1 = <<6/1=6>>6 scoops total
#### 6
2025-08-07 03:01:40,235 - INFO - 提取参考答案: 6
2025-08-07 03:01:40,237 - INFO - 生成答案: 

Step 1:First, read the problem and identify what we need to find. We need to find the number of scoops of ice cream Erin should buy.

Step 2:Next, set up equations and perform the calculations. Sinc...
2025-08-07 03:01:40,239 - INFO - 提取答案: 4
2025-08-07 03:01:40,241 - INFO - 投票统计: {'voting_method': 'majority', 'best_answer': '4', 'vote_count': 4, 'total_paths': 10, 'valid_paths': 10, 'confidence': 0.4, 'answer_distribution': {'3': 3, '4': 4, '5': 2, '2': 1}, 'selected_path_idx': 1}
2025-08-07 03:01:40,243 - INFO - ==================================================
2025-08-07 03:01:40,245 - INFO - 
==================================================
2025-08-07 03:01:40,247 - INFO - 样本 387: Watson works a 10-hour shift each day, five days a week. He earns $10 per hour and gets a $300 bonus...
2025-08-07 03:01:40,249 - INFO - 参考答案: In a day, Watson makes 10 * 10 = $<<10*10=100>>100
If he works five days a week, the total number of days for the whole month is 5 * 4= <<5*4=20>>20 days.
Since he makes $100 per day, the total amount for the whole month is 20 * 100= $<<20*100=2000>>2000.
He also got a 300 * 4 = $<<300*4=1200>>1200 bonus because the company performed well in all the weeks of April.
At the end of April, he earned 2000 +1200 = $<<2000+1200=3200>>3200.
#### 3200
2025-08-07 03:01:40,251 - INFO - 提取参考答案: 3200
2025-08-07 03:01:40,253 - INFO - 生成答案: 

Step 1:First, read the problem and identify what we need to find. We need to find the total amount of money Watson made in April.

Step 2:Next, set up equations and perform the calculations. Since W...
2025-08-07 03:01:40,255 - INFO - 提取答案: 800
2025-08-07 03:01:40,257 - INFO - 投票统计: {'voting_method': 'majority', 'best_answer': '800', 'vote_count': 6, 'total_paths': 10, 'valid_paths': 10, 'confidence': 0.6, 'answer_distribution': {'1700': 2, '24000': 1, '800': 6, '15000': 1}, 'selected_path_idx': 2}
2025-08-07 03:01:40,260 - INFO - ==================================================
2025-08-07 03:01:40,262 - INFO - 
==================================================
2025-08-07 03:01:40,263 - INFO - 样本 391: Jordan wanted to surprise her mom with a homemade birthday cake.  From reading the instructions, she...
2025-08-07 03:01:40,265 - INFO - 参考答案: 1 hour is 60 minutes so we know that 2 hours to cool the cake is the same as 2*60 so <<2*60=120>>120 min
It will take Jordan 20 min to make the batter, 30 to bake, 120 to cool and 10 to frost so the cake will take 20 +30 +120 +10 = <<20+30+120+10=180>>180 minutes total
Jordan needs to convert 180 minutes to hours so 180/60 = <<180/60=3>>3 hours
If the cake needs to be finished by 5:00 pm and it will take 3 hours total to make then 5-3 = <<5-3=2>>2:00 pm is the latest she can start making the cake
#### 2
2025-08-07 03:01:40,268 - INFO - 提取参考答案: 2
2025-08-07 03:01:40,270 - INFO - 生成答案: 

Step 1:First, read the problem and identify what we need to find. We need to find the latest time of day that Jordan can start making the cake to be ready to serve it at 5:00 pm.

Step 2:Next, set u...
2025-08-07 03:01:40,272 - INFO - 提取答案: 2:00p
2025-08-07 03:01:40,274 - INFO - 投票统计: {'voting_method': 'majority', 'best_answer': '2:00p', 'vote_count': 7, 'total_paths': 10, 'valid_paths': 10, 'confidence': 0.7, 'answer_distribution': {'2:00p': 7, '2:00': 3}, 'selected_path_idx': 0}
2025-08-07 03:01:40,276 - INFO - ==================================================
2025-08-07 03:01:40,278 - INFO - 
==================================================
2025-08-07 03:01:40,280 - INFO - 样本 396: Sadie slept 8 hours on Monday. For the next two days, she slept 2 hours less, each, because she had ...
2025-08-07 03:01:40,282 - INFO - 参考答案: If on Monday she slept 8 hours, then she slept 8-2 = <<8-2=6>>6 hours on each of the next two days.
The total number of hours slept for the two days will be 6*2 = <<6*2=12>>12 hours.
If she slept 1 hour more for the rest of the week each day, then each day she slept 6+1 = <<6+1=7>>7 hours.
The total for the rest of the week will be 4*7 = <<4*7=28>>28 hours.
The total number of hours slept for the whole week will be 8+12+28 = <<8+12+28=48>>48 hours.
#### 48
2025-08-07 03:01:40,284 - INFO - 提取参考答案: 48
2025-08-07 03:01:40,286 - INFO - 生成答案: 

Step 1:First, read the problem and identify what we need to find. We need to find the total number of hours Sadie slept throughout the week.

Step 2:Next, set up equations and perform the calculatio...
2025-08-07 03:01:40,288 - INFO - 提取答案: 55
2025-08-07 03:01:40,290 - INFO - 投票统计: {'voting_method': 'majority', 'best_answer': '55', 'vote_count': 7, 'total_paths': 10, 'valid_paths': 10, 'confidence': 0.7, 'answer_distribution': {'55': 7, '40': 3}, 'selected_path_idx': 0}
2025-08-07 03:01:40,293 - INFO - ==================================================
2025-08-07 03:01:40,295 - INFO - 
==================================================
2025-08-07 03:01:40,296 - INFO - 样本 399: Ronnie was given $5 while Rissa was given thrice as much. After each of them had given an equal amou...
2025-08-07 03:01:40,298 - INFO - 参考答案: Rissa was given $5 x 3 = $<<5*3=15>>15.
After Rissa had given an amount to her sister, she has $15 x 4/5 = $<<15*4/5=12>>12 left.
This means she has given $15 - $12 = $<<15-12=3>>3.
Since Ronnie had given the same amount as Rissa, then Ronnie is left with $5 - $3 = $<<5-3=2>>2.
#### 2
2025-08-07 03:01:40,301 - INFO - 提取参考答案: 2
2025-08-07 03:01:40,303 - INFO - 生成答案: 

Step 1:First, read the problem and identify what we need to find. We need to find out how much money Ronnie has left.

Step 2:Next, set up equations and perform the calculations. Let's say Ronnie wa...
2025-08-07 03:01:40,305 - INFO - 提取答案: 0
2025-08-07 03:01:40,307 - INFO - 投票统计: {'voting_method': 'majority', 'best_answer': '0', 'vote_count': 3, 'total_paths': 10, 'valid_paths': 10, 'confidence': 0.3, 'answer_distribution': {'12': 2, '\\frac{2x}{5}': 1, '0': 3, '2': 1, '3': 1, '5': 1, '4x/5': 1}, 'selected_path_idx': 2}
2025-08-07 03:01:40,309 - INFO - ==================================================
2025-08-07 03:01:40,311 - INFO - 
==================================================
2025-08-07 03:01:40,313 - INFO - 样本 401: John drinks a bottle of water every half hour.  A normal sudoku puzzle takes him 45 minutes.  An ext...
2025-08-07 03:01:40,315 - INFO - 参考答案: He drinks a bottle of water every 60/2=<<60/2=30>>30 minutes
It takes him 45*4=<<45*4=180>>180 minutes to solve an extreme sudoku
So he drinks 180/30=<<180/30=6>>6 bottles in that time
#### 6
2025-08-07 03:01:40,317 - INFO - 提取参考答案: 6
2025-08-07 03:01:40,319 - INFO - 生成答案: 

Step 1:First, read the problem and identify what we need to find. We need to find the number of bottles of water John drinks in the time it takes to solve the sudoku puzzle.

Step 2:Next, set up equ...
2025-08-07 03:01:40,321 - INFO - 提取答案: 7.5
2025-08-07 03:01:40,323 - INFO - 投票统计: {'voting_method': 'majority', 'best_answer': '7.5', 'vote_count': 4, 'total_paths': 10, 'valid_paths': 10, 'confidence': 0.4, 'answer_distribution': {'7.5': 4, '6': 2, '360': 1, '15': 1, '7': 2}, 'selected_path_idx': 0}
2025-08-07 03:01:40,325 - INFO - ==================================================
2025-08-07 03:01:40,327 - INFO - 
==================================================
2025-08-07 03:01:40,329 - INFO - 样本 403: Comet Halley orbits the sun every 75 years. Bill's dad saw the Comet when he was 30 years old. Bill ...
2025-08-07 03:01:40,331 - INFO - 参考答案: Bill saw the Comet for the second time when he was 30 years * 3= <<30*3=90>>90 years old.
Comet Halley can be seen every 75 years, so Bill saw the comet for the first time when he was 90 years - 75 years = <<90-75=15>>15 years old.
#### 15
2025-08-07 03:01:40,333 - INFO - 提取参考答案: 15
2025-08-07 03:01:40,335 - INFO - 生成答案: 

Step 1:First, read the problem and identify what we need to find. We need to find Bill's age when he saw the Comet for the first time.

Step 2:Next, set up equations and perform the calculations. Le...
2025-08-07 03:01:40,337 - INFO - 提取答案: 37.5
2025-08-07 03:01:40,339 - INFO - 投票统计: {'voting_method': 'majority', 'best_answer': '37.5', 'vote_count': 2, 'total_paths': 10, 'valid_paths': 10, 'confidence': 0.2, 'answer_distribution': {'30': 1, '240': 1, '37.5': 2, '5': 1, '45': 1, '15': 1, '60': 1, '165': 1, '112.5': 1}, 'selected_path_idx': 2}
2025-08-07 03:01:40,342 - INFO - ==================================================
2025-08-07 03:01:40,344 - INFO - 
==================================================
2025-08-07 03:01:40,346 - INFO - 样本 406: Susan orders 3 magazines that send 12 issues a year.  She has 1 magazine that sends 6 issues a year....
2025-08-07 03:01:40,348 - INFO - 参考答案: She has 3 magazines that send 12 issues so that’s 3*12 = <<3*12=36>>36 issues
Her last magazine sends her 4 times the amount of the 6 issue magazine so that’s 4*6 = <<4*6=24>>24 issues
All total she receives 36+24+6 = <<36+24+6=66>>66 magazine issues a year
#### 66
2025-08-07 03:01:40,350 - INFO - 提取参考答案: 66
2025-08-07 03:01:40,352 - INFO - 生成答案: 

Step 1:First, read the problem and identify what we need to find. We need to find the total number of magazines Susan receives every year.

Step 2:Next, set up equations and perform the calculations...
2025-08-07 03:01:40,354 - INFO - 提取答案: 5
2025-08-07 03:01:40,356 - INFO - 投票统计: {'voting_method': 'majority', 'best_answer': '5', 'vote_count': 10, 'total_paths': 10, 'valid_paths': 10, 'confidence': 1.0, 'answer_distribution': {'5': 10}, 'selected_path_idx': 0}
2025-08-07 03:01:40,358 - INFO - ==================================================
2025-08-07 03:01:40,360 - INFO - 
==================================================
2025-08-07 03:01:40,362 - INFO - 样本 417: An interior design firm offers installation for $129.00.  It includes hanging 4 mirrors, 2 shelves, ...
2025-08-07 03:01:40,364 - INFO - 参考答案: The service includes 4 mirrors and she has 6 so that's 6-4 = <<6-4=2>>2 extra mirrors
An additional item is an extra $15.00 so that's 2*15 = $30.00
The service includes 1 chandelier and she has 2 so that's 2-1 = 1 extra chandelier
An additional item is an extra $15.00 so that's 1*15 = $<<1*15=15.00>>15.00
The service includes 10 pictures and she has 20 to that's 20-10 = <<20-10=10>>10 extra pictures
An additional item is an extra $15.00 so that's 10*15 = $<<10*15=150.00>>150.00
The service costs $129.00 and the extra mirrors are $30.00, the chandelier is $15.00 and the pictures are $150.00 for a total of 129+30+15+150 = $<<129+30+15+150=324.00>>324.00
#### 324
2025-08-07 03:01:40,366 - INFO - 提取参考答案: 324
2025-08-07 03:01:40,368 - INFO - 生成答案: 

Step 1:First, read the problem and identify what we need to find. We need to find the total cost of installing the items for Angela.

Step 2:Next, set up equations and perform the calculations. The ...
2025-08-07 03:01:40,371 - INFO - 提取答案: 549
2025-08-07 03:01:40,373 - INFO - 投票统计: {'voting_method': 'majority', 'best_answer': '549', 'vote_count': 10, 'total_paths': 10, 'valid_paths': 10, 'confidence': 1.0, 'answer_distribution': {'549': 10}, 'selected_path_idx': 0}
2025-08-07 03:01:40,375 - INFO - ==================================================
2025-08-07 03:01:40,377 - INFO - 
==================================================
2025-08-07 03:01:40,379 - INFO - 样本 424: Theo has $6000 he wishes to spend on his upcoming business trip to South Africa. He buys 6 business ...
2025-08-07 03:01:40,381 - INFO - 参考答案: Theo buys business suits for 6 suits * $100/suit = $<<6*100=600>>600.
Theo buys suitcases for 3 suitcases * $50/suitcase = $<<3*50=150>>150.
Theo buys a flight ticket that costs $700 + 5 * $100 = $<<700+5*100=1200>>1200.
Theo can spend $6000 - $600 - $150 - $1200 - $2000 = $<<6000-600-150-1200-2000=2050>>2050 on gifts for his friends.
#### 2050
2025-08-07 03:01:40,383 - INFO - 提取参考答案: 2050
2025-08-07 03:01:40,385 - INFO - 生成答案: 

Step 1:First, read the problem and identify what we need to find. We need to find the amount of money that Theo has to spend on buying gifts for his business partners in South Africa.

Step 2:Next, ...
2025-08-07 03:01:40,387 - INFO - 提取答案: 1950
2025-08-07 03:01:40,389 - INFO - 投票统计: {'voting_method': 'majority', 'best_answer': '1950', 'vote_count': 8, 