2025-08-06 03:06:01,658 - INFO - 配置文件验证通过
2025-08-06 03:06:01,660 - INFO - 随机种子已设置为: 42
2025-08-06 03:06:01,662 - INFO - 使用已提供的模型实例: Llama-3.2-3B-Instruct
2025-08-06 03:06:01,663 - INFO - 加载数据集: GSM8k_test
2025-08-06 03:06:01,664 - INFO - 随机种子已设置为: 42
2025-08-06 03:06:01,671 - INFO - 数据集加载完成，共 1319 条数据，已打乱顺序
2025-08-06 03:06:01,672 - INFO - 使用投票机制，每个问题生成 10 条路径
2025-08-06 03:06:01,673 - INFO - 批量生成模式：为 1319 个问题各生成 10 条路径
2025-08-06 03:06:01,675 - INFO - 开始CoT生成，共4个步骤:
2025-08-06 03:06:01,676 - INFO - 开始CoT步骤 1，min_p=0.6
2025-08-06 03:06:04,019 - INFO - 开始CoT步骤 2，min_p=0.2
2025-08-06 03:06:16,068 - INFO - 开始CoT步骤 3，min_p=0.6
2025-08-06 03:06:26,696 - INFO - 开始CoT步骤 4，min_p=0.9
2025-08-06 03:06:30,370 - INFO - CoT生成完成，共 1319 条CoT
2025-08-06 03:06:30,390 - INFO - 开始CoT生成，共4个步骤:
2025-08-06 03:06:30,392 - INFO - 开始CoT步骤 1，min_p=0.6
2025-08-06 03:06:33,009 - INFO - 开始CoT步骤 2，min_p=0.2
2025-08-06 03:06:44,746 - INFO - 开始CoT步骤 3，min_p=0.6
2025-08-06 03:06:55,515 - INFO - 开始CoT步骤 4，min_p=0.9
2025-08-06 03:07:00,545 - INFO - CoT生成完成，共 1319 条CoT
2025-08-06 03:07:00,565 - INFO - 开始CoT生成，共4个步骤:
2025-08-06 03:07:00,567 - INFO - 开始CoT步骤 1，min_p=0.6
2025-08-06 03:07:02,900 - INFO - 开始CoT步骤 2，min_p=0.2
2025-08-06 03:07:14,887 - INFO - 开始CoT步骤 3，min_p=0.6
2025-08-06 03:07:25,863 - INFO - 开始CoT步骤 4，min_p=0.9
2025-08-06 03:07:29,559 - INFO - CoT生成完成，共 1319 条CoT
2025-08-06 03:07:29,579 - INFO - 开始CoT生成，共4个步骤:
2025-08-06 03:07:29,581 - INFO - 开始CoT步骤 1，min_p=0.6
2025-08-06 03:07:32,251 - INFO - 开始CoT步骤 2，min_p=0.2
2025-08-06 03:07:44,224 - INFO - 开始CoT步骤 3，min_p=0.6
2025-08-06 03:07:54,801 - INFO - 开始CoT步骤 4，min_p=0.9
2025-08-06 03:07:59,859 - INFO - CoT生成完成，共 1319 条CoT
2025-08-06 03:07:59,879 - INFO - 开始CoT生成，共4个步骤:
2025-08-06 03:07:59,881 - INFO - 开始CoT步骤 1，min_p=0.6
2025-08-06 03:08:02,160 - INFO - 开始CoT步骤 2，min_p=0.2
2025-08-06 03:08:13,897 - INFO - 开始CoT步骤 3，min_p=0.6
2025-08-06 03:08:24,619 - INFO - 开始CoT步骤 4，min_p=0.9
2025-08-06 03:08:29,616 - INFO - CoT生成完成，共 1319 条CoT
2025-08-06 03:08:29,637 - INFO - 开始CoT生成，共4个步骤:
2025-08-06 03:08:29,639 - INFO - 开始CoT步骤 1，min_p=0.6
2025-08-06 03:08:31,925 - INFO - 开始CoT步骤 2，min_p=0.2
2025-08-06 03:08:43,952 - INFO - 开始CoT步骤 3，min_p=0.6
2025-08-06 03:08:54,943 - INFO - 开始CoT步骤 4，min_p=0.9
2025-08-06 03:08:59,406 - INFO - CoT生成完成，共 1319 条CoT
2025-08-06 03:08:59,428 - INFO - 开始CoT生成，共4个步骤:
2025-08-06 03:08:59,430 - INFO - 开始CoT步骤 1，min_p=0.6
2025-08-06 03:09:01,812 - INFO - 开始CoT步骤 2，min_p=0.2
2025-08-06 03:09:13,796 - INFO - 开始CoT步骤 3，min_p=0.6
2025-08-06 03:09:24,600 - INFO - 开始CoT步骤 4，min_p=0.9
2025-08-06 03:09:29,762 - INFO - CoT生成完成，共 1319 条CoT
2025-08-06 03:09:29,782 - INFO - 开始CoT生成，共4个步骤:
2025-08-06 03:09:29,783 - INFO - 开始CoT步骤 1，min_p=0.6
2025-08-06 03:09:32,089 - INFO - 开始CoT步骤 2，min_p=0.2
2025-08-06 03:09:44,066 - INFO - 开始CoT步骤 3，min_p=0.6
2025-08-06 03:09:55,142 - INFO - 开始CoT步骤 4，min_p=0.9
2025-08-06 03:10:00,012 - INFO - CoT生成完成，共 1319 条CoT
2025-08-06 03:10:00,032 - INFO - 开始CoT生成，共4个步骤:
2025-08-06 03:10:00,034 - INFO - 开始CoT步骤 1，min_p=0.6
2025-08-06 03:10:02,732 - INFO - 开始CoT步骤 2，min_p=0.2
2025-08-06 03:10:14,528 - INFO - 开始CoT步骤 3，min_p=0.6
2025-08-06 03:10:25,312 - INFO - 开始CoT步骤 4，min_p=0.9
2025-08-06 03:10:30,373 - INFO - CoT生成完成，共 1319 条CoT
2025-08-06 03:10:30,392 - INFO - 开始CoT生成，共4个步骤:
2025-08-06 03:10:30,394 - INFO - 开始CoT步骤 1，min_p=0.6
2025-08-06 03:10:32,692 - INFO - 开始CoT步骤 2，min_p=0.2
2025-08-06 03:10:44,823 - INFO - 开始CoT步骤 3，min_p=0.6
2025-08-06 03:10:55,854 - INFO - 开始CoT步骤 4，min_p=0.9
2025-08-06 03:11:00,626 - INFO - CoT生成完成，共 1319 条CoT
2025-08-06 03:11:00,647 - INFO - 批量生成完成：共生成 1319 组路径，每组 10 条
2025-08-06 03:11:00,649 - INFO - 投票结果: 选择路径 1, 答案: 52, 置信度: 0.9
2025-08-06 03:11:00,649 - INFO - 投票结果: 选择路径 0, 答案: 5, 置信度: 1.0
2025-08-06 03:11:00,650 - INFO - 投票结果: 选择路径 1, 答案: 83, 置信度: 0.8
2025-08-06 03:11:00,651 - INFO - 投票结果: 选择路径 0, 答案: 10, 置信度: 1.0
2025-08-06 03:11:00,652 - INFO - 投票结果: 选择路径 0, 答案: 70, 置信度: 0.7
2025-08-06 03:11:00,652 - INFO - 投票结果: 选择路径 0, 答案: 36, 置信度: 0.8
2025-08-06 03:11:00,653 - INFO - 投票结果: 选择路径 0, 答案: 48, 置信度: 1.0
2025-08-06 03:11:00,654 - INFO - 投票结果: 选择路径 0, 答案: 16, 置信度: 1.0
2025-08-06 03:11:00,654 - INFO - 投票结果: 选择路径 1, 答案: 4.64, 置信度: 0.3
2025-08-06 03:11:00,655 - INFO - 投票结果: 选择路径 0, 答案: 48, 置信度: 1.0
2025-08-06 03:11:00,656 - INFO - 投票结果: 选择路径 0, 答案: 90, 置信度: 1.0
2025-08-06 03:11:00,657 - INFO - 投票结果: 选择路径 0, 答案: 10, 置信度: 1.0
2025-08-06 03:11:00,657 - INFO - 投票结果: 选择路径 1, 答案: 1, 置信度: 0.3
2025-08-06 03:11:00,658 - INFO - 投票结果: 选择路径 6, 答案: 38000, 置信度: 0.4
2025-08-06 03:11:00,659 - INFO - 投票结果: 选择路径 0, 答案: 18, 置信度: 0.7
2025-08-06 03:11:00,659 - INFO - 投票结果: 选择路径 0, 答案: 140, 置信度: 1.0
2025-08-06 03:11:00,660 - INFO - 投票结果: 选择路径 0, 答案: 17, 置信度: 0.8
2025-08-06 03:11:00,661 - INFO - 投票结果: 选择路径 0, 答案: 68, 置信度: 0.9
2025-08-06 03:11:00,662 - INFO - 投票结果: 选择路径 0, 答案: 8, 置信度: 1.0
2025-08-06 03:11:00,662 - INFO - 投票结果: 选择路径 0, 答案: 14, 置信度: 1.0
2025-08-06 03:11:00,663 - INFO - 投票结果: 选择路径 0, 答案: 50, 置信度: 0.5
2025-08-06 03:11:00,664 - INFO - 投票结果: 选择路径 0, 答案: 100, 置信度: 1.0
2025-08-06 03:11:00,664 - INFO - 投票结果: 选择路径 0, 答案: 125, 置信度: 0.6
2025-08-06 03:11:00,665 - INFO - 投票结果: 选择路径 1, 答案: 48, 置信度: 0.7
2025-08-06 03:11:00,666 - INFO - 投票结果: 选择路径 0, 答案: 16400, 置信度: 0.6
2025-08-06 03:11:00,667 - INFO - 投票结果: 选择路径 0, 答案: 250, 置信度: 1.0
2025-08-06 03:11:00,667 - INFO - 投票结果: 选择路径 0, 答案: 36, 置信度: 0.4
2025-08-06 03:11:00,668 - INFO - 投票结果: 选择路径 0, 答案: 1490, 置信度: 0.8
2025-08-06 03:11:00,669 - INFO - 投票结果: 选择路径 0, 答案: 11, 置信度: 0.9
2025-08-06 03:11:00,670 - INFO - 投票结果: 选择路径 0, 答案: 106, 置信度: 0.5
2025-08-06 03:11:00,670 - INFO - 投票结果: 选择路径 3, 答案: 84, 置信度: 0.4
2025-08-06 03:11:00,671 - INFO - 投票结果: 选择路径 0, 答案: 15, 置信度: 1.0
2025-08-06 03:11:00,672 - INFO - 投票结果: 选择路径 0, 答案: 4, 置信度: 1.0
2025-08-06 03:11:00,673 - INFO - 投票结果: 选择路径 0, 答案: 82, 置信度: 0.7
2025-08-06 03:11:00,673 - INFO - 投票结果: 选择路径 0, 答案: 2, 置信度: 0.7
2025-08-06 03:11:00,674 - INFO - 投票结果: 选择路径 0, 答案: 51, 置信度: 0.8
2025-08-06 03:11:00,675 - INFO - 投票结果: 选择路径 0, 答案: 4, 置信度: 0.8
2025-08-06 03:11:00,675 - INFO - 投票结果: 选择路径 2, 答案: 100, 置信度: 0.8
2025-08-06 03:11:00,676 - INFO - 投票结果: 选择路径 2, 答案: 125, 置信度: 0.3
2025-08-06 03:11:00,677 - INFO - 投票结果: 选择路径 0, 答案: 188, 置信度: 1.0
2025-08-06 03:11:00,678 - INFO - 投票结果: 选择路径 1, 答案: 30, 置信度: 0.9
2025-08-06 03:11:00,678 - INFO - 投票结果: 选择路径 0, 答案: 30, 置信度: 1.0
2025-08-06 03:11:00,679 - INFO - 投票结果: 选择路径 0, 答案: 240, 置信度: 1.0
2025-08-06 03:11:00,680 - INFO - 投票结果: 选择路径 0, 答案: 7, 置信度: 1.0
2025-08-06 03:11:00,681 - INFO - 投票结果: 选择路径 0, 答案: 350, 置信度: 0.3
2025-08-06 03:11:00,681 - INFO - 投票结果: 选择路径 0, 答案: 4, 置信度: 0.6
2025-08-06 03:11:00,682 - INFO - 投票结果: 选择路径 0, 答案: 36, 置信度: 0.9
2025-08-06 03:11:00,683 - INFO - 投票结果: 选择路径 2, 答案: 3, 置信度: 0.3
2025-08-06 03:11:00,683 - INFO - 投票结果: 选择路径 1, 答案: 2, 置信度: 0.7
2025-08-06 03:11:00,684 - INFO - 投票结果: 选择路径 0, 答案: 33, 置信度: 1.0
2025-08-06 03:11:00,685 - INFO - 投票结果: 选择路径 0, 答案: 21, 置信度: 1.0
2025-08-06 03:11:00,686 - INFO - 投票结果: 选择路径 3, 答案: 185, 置信度: 0.4
2025-08-06 03:11:00,686 - INFO - 投票结果: 选择路径 0, 答案: 60, 置信度: 1.0
2025-08-06 03:11:00,687 - INFO - 投票结果: 选择路径 0, 答案: 49, 置信度: 0.6
2025-08-06 03:11:00,688 - INFO - 投票结果: 选择路径 1, 答案: 2100, 置信度: 0.3
2025-08-06 03:11:00,688 - INFO - 投票结果: 选择路径 2, 答案: 27, 置信度: 0.7
2025-08-06 03:11:00,689 - INFO - 投票结果: 选择路径 0, 答案: 16, 置信度: 0.5
2025-08-06 03:11:00,690 - INFO - 投票结果: 选择路径 0, 答案: 49, 置信度: 0.8
2025-08-06 03:11:00,690 - INFO - 投票结果: 选择路径 0, 答案: 6, 置信度: 0.8
2025-08-06 03:11:00,691 - INFO - 投票结果: 选择路径 1, 答案: 32, 置信度: 0.8
2025-08-06 03:11:00,692 - INFO - 投票结果: 选择路径 0, 答案: 168, 置信度: 0.2
2025-08-06 03:11:00,693 - INFO - 投票结果: 选择路径 0, 答案: 225, 置信度: 1.0
2025-08-06 03:11:00,693 - INFO - 投票结果: 选择路径 0, 答案: 50, 置信度: 1.0
2025-08-06 03:11:00,694 - INFO - 投票结果: 选择路径 0, 答案: 18, 置信度: 0.4
2025-08-06 03:11:00,695 - INFO - 投票结果: 选择路径 0, 答案: 7, 置信度: 1.0
2025-08-06 03:11:00,695 - INFO - 投票结果: 选择路径 1, 答案: 800, 置信度: 0.8
2025-08-06 03:11:00,696 - INFO - 投票结果: 选择路径 0, 答案: 22, 置信度: 1.0
2025-08-06 03:11:00,697 - INFO - 投票结果: 选择路径 0, 答案: 235, 置信度: 0.8
2025-08-06 03:11:00,698 - INFO - 投票结果: 选择路径 0, 答案: 3, 置信度: 1.0
2025-08-06 03:11:00,698 - INFO - 投票结果: 选择路径 2, 答案: 4.5, 置信度: 0.3
2025-08-06 03:11:00,699 - INFO - 投票结果: 选择路径 0, 答案: 3000, 置信度: 0.9
2025-08-06 03:11:00,700 - INFO - 投票结果: 选择路径 0, 答案: 300, 置信度: 0.8
2025-08-06 03:11:00,701 - INFO - 投票结果: 选择路径 0, 答案: 20, 置信度: 0.8
2025-08-06 03:11:00,701 - INFO - 投票结果: 选择路径 0, 答案: 130, 置信度: 1.0
2025-08-06 03:11:00,702 - INFO - 投票结果: 选择路径 0, 答案: 1, 置信度: 0.7
2025-08-06 03:11:00,703 - INFO - 投票结果: 选择路径 3, 答案: 8, 置信度: 0.5
2025-08-06 03:11:00,703 - INFO - 投票结果: 选择路径 0, 答案: 50, 置信度: 0.6
2025-08-06 03:11:00,704 - INFO - 投票结果: 选择路径 4, 答案: 3, 置信度: 0.4
2025-08-06 03:11:00,705 - INFO - 投票结果: 选择路径 1, 答案: 5, 置信度: 0.6
2025-08-06 03:11:00,706 - INFO - 投票结果: 选择路径 0, 答案: 110, 置信度: 1.0
2025-08-06 03:11:00,706 - INFO - 投票结果: 选择路径 0, 答案: 700, 置信度: 0.1
2025-08-06 03:11:00,707 - INFO - 投票结果: 选择路径 0, 答案: 16, 置信度: 1.0
2025-08-06 03:11:00,708 - INFO - 投票结果: 选择路径 0, 答案: 80, 置信度: 1.0
2025-08-06 03:11:00,709 - INFO - 投票结果: 选择路径 0, 答案: 45, 置信度: 0.9
2025-08-06 03:11:00,709 - INFO - 投票结果: 选择路径 0, 答案: 36, 置信度: 1.0
2025-08-06 03:11:00,710 - INFO - 投票结果: 选择路径 2, 答案: 5, 置信度: 0.4
2025-08-06 03:11:00,711 - INFO - 投票结果: 选择路径 5, 答案: 6, 置信度: 0.4
2025-08-06 03:11:00,711 - INFO - 投票结果: 选择路径 0, 答案: 36, 置信度: 1.0
2025-08-06 03:11:00,712 - INFO - 投票结果: 选择路径 0, 答案: 60, 置信度: 0.7
2025-08-06 03:11:00,713 - INFO - 投票结果: 选择路径 0, 答案: 9, 置信度: 1.0
2025-08-06 03:11:00,714 - INFO - 投票结果: 选择路径 0, 答案: 1, 置信度: 1.0
2025-08-06 03:11:00,714 - INFO - 投票结果: 选择路径 0, 答案: 30, 置信度: 0.9
2025-08-06 03:11:00,715 - INFO - 投票结果: 选择路径 3, 答案: 195000, 置信度: 0.2
2025-08-06 03:11:00,716 - INFO - 投票结果: 选择路径 0, 答案: 34, 置信度: 1.0
2025-08-06 03:11:00,716 - INFO - 投票结果: 选择路径 2, 答案: 18.5, 置信度: 0.2
2025-08-06 03:11:00,717 - INFO - 投票结果: 选择路径 0, 答案: 306, 置信度: 1.0
2025-08-06 03:11:00,718 - INFO - 投票结果: 选择路径 0, 答案: 55, 置信度: 0.8
2025-08-06 03:11:00,719 - INFO - 投票结果: 选择路径 0, 答案: 12, 置信度: 0.8
2025-08-06 03:11:00,719 - INFO - 投票结果: 选择路径 0, 答案: 75, 置信度: 1.0
2025-08-06 03:11:00,720 - INFO - 投票结果: 选择路径 2, 答案: 24, 置信度: 0.4
2025-08-06 03:11:00,721 - INFO - 投票结果: 选择路径 0, 答案: 50, 置信度: 0.7
2025-08-06 03:11:00,722 - INFO - 投票结果: 选择路径 0, 答案: 110, 置信度: 1.0
2025-08-06 03:11:00,722 - INFO - 投票结果: 选择路径 1, 答案: 452, 置信度: 0.2
2025-08-06 03:11:00,723 - INFO - 投票结果: 选择路径 0, 答案: 30, 置信度: 1.0
2025-08-06 03:11:00,724 - INFO - 投票结果: 选择路径 0, 答案: 80, 置信度: 1.0
2025-08-06 03:11:00,724 - INFO - 投票结果: 选择路径 3, 答案: 0, 置信度: 0.3
2025-08-06 03:11:00,725 - INFO - 投票结果: 选择路径 0, 答案: 120, 置信度: 1.0
2025-08-06 03:11:00,726 - INFO - 投票结果: 选择路径 1, 答案: 108, 置信度: 0.5
2025-08-06 03:11:00,727 - INFO - 投票结果: 选择路径 0, 答案: 70, 置信度: 1.0
2025-08-06 03:11:00,727 - INFO - 投票结果: 选择路径 0, 答案: 20.50, 置信度: 0.7
2025-08-06 03:11:00,728 - INFO - 投票结果: 选择路径 0, 答案: 150, 置信度: 1.0
2025-08-06 03:11:00,729 - INFO - 投票结果: 选择路径 1, 答案: 10, 置信度: 0.6
2025-08-06 03:11:00,730 - INFO - 投票结果: 选择路径 0, 答案: 2, 置信度: 0.3
2025-08-06 03:11:00,730 - INFO - 投票结果: 选择路径 0, 答案: 250, 置信度: 0.9
2025-08-06 03:11:00,731 - INFO - 投票结果: 选择路径 0, 答案: 3, 置信度: 1.0
2025-08-06 03:11:00,732 - INFO - 投票结果: 选择路径 0, 答案: 15, 置信度: 1.0
2025-08-06 03:11:00,732 - INFO - 投票结果: 选择路径 0, 答案: 12, 置信度: 1.0
2025-08-06 03:11:00,733 - INFO - 投票结果: 选择路径 0, 答案: 60, 置信度: 1.0
2025-08-06 03:11:00,734 - INFO - 投票结果: 选择路径 0, 答案: 3, 置信度: 1.0
2025-08-06 03:11:00,734 - INFO - 投票结果: 选择路径 0, 答案: 10.50, 置信度: 0.4
2025-08-06 03:11:00,735 - INFO - 投票结果: 选择路径 0, 答案: 140000, 置信度: 1.0
2025-08-06 03:11:00,736 - INFO - 投票结果: 选择路径 1, 答案: 6, 置信度: 0.4
2025-08-06 03:11:00,737 - INFO - 投票结果: 选择路径 0, 答案: 2400, 置信度: 0.9
2025-08-06 03:11:00,737 - INFO - 投票结果: 选择路径 0, 答案: 4, 置信度: 1.0
2025-08-06 03:11:00,738 - INFO - 投票结果: 选择路径 4, 答案: 83, 置信度: 0.3
2025-08-06 03:11:00,739 - INFO - 投票结果: 选择路径 0, 答案: 300, 置信度: 1.0
2025-08-06 03:11:00,740 - INFO - 投票结果: 选择路径 0, 答案: 91, 置信度: 1.0
2025-08-06 03:11:00,740 - INFO - 投票结果: 选择路径 0, 答案: 8, 置信度: 0.9
2025-08-06 03:11:00,741 - INFO - 投票结果: 选择路径 0, 答案: 120, 置信度: 1.0
2025-08-06 03:11:00,742 - INFO - 投票结果: 选择路径 0, 答案: 350, 置信度: 1.0
2025-08-06 03:11:00,743 - INFO - 投票结果: 选择路径 0, 答案: 2600, 置信度: 1.0
2025-08-06 03:11:00,743 - INFO - 投票结果: 选择路径 0, 答案: 10, 置信度: 0.9
2025-08-06 03:11:00,744 - INFO - 投票结果: 选择路径 1, 答案: 22, 置信度: 0.6
2025-08-06 03:11:00,745 - INFO - 投票结果: 选择路径 0, 答案: 7, 置信度: 0.7
2025-08-06 03:11:00,746 - INFO - 投票结果: 选择路径 2, 答案: 31, 置信度: 0.5
2025-08-06 03:11:00,746 - INFO - 投票结果: 选择路径 0, 答案: 975, 置信度: 0.8
2025-08-06 03:11:00,747 - INFO - 投票结果: 选择路径 0, 答案: 20, 置信度: 0.5
2025-08-06 03:11:00,748 - INFO - 投票结果: 选择路径 0, 答案: 120, 置信度: 0.9
2025-08-06 03:11:00,748 - INFO - 投票结果: 选择路径 0, 答案: 220, 置信度: 1.0
2025-08-06 03:11:00,749 - INFO - 投票结果: 选择路径 0, 答案: 87, 置信度: 1.0
2025-08-06 03:11:00,750 - INFO - 投票结果: 选择路径 0, 答案: 300, 置信度: 1.0
2025-08-06 03:11:00,750 - INFO - 投票结果: 选择路径 0, 答案: 30, 置信度: 0.8
2025-08-06 03:11:00,751 - INFO - 投票结果: 选择路径 0, 答案: 21, 置信度: 0.5
2025-08-06 03:11:00,752 - INFO - 投票结果: 选择路径 0, 答案: 16, 置信度: 1.0
2025-08-06 03:11:00,753 - INFO - 投票结果: 选择路径 0, 答案: 7, 置信度: 1.0
2025-08-06 03:11:00,754 - INFO - 投票结果: 选择路径 2, 答案: 81, 置信度: 0.3
2025-08-06 03:11:00,754 - INFO - 投票结果: 选择路径 0, 答案: 5, 置信度: 0.9
2025-08-06 03:11:00,755 - INFO - 投票结果: 选择路径 0, 答案: 9, 置信度: 0.9
2025-08-06 03:11:00,756 - INFO - 投票结果: 选择路径 0, 答案: 10, 置信度: 1.0
2025-08-06 03:11:00,757 - INFO - 投票结果: 选择路径 5, 答案: 24, 置信度: 0.4
2025-08-06 03:11:00,757 - INFO - 投票结果: 选择路径 0, 答案: 5, 置信度: 0.8
2025-08-06 03:11:00,758 - INFO - 投票结果: 选择路径 0, 答案: 50, 置信度: 1.0
2025-08-06 03:11:00,759 - INFO - 投票结果: 选择路径 0, 答案: 48, 置信度: 0.8
2025-08-06 03:11:00,760 - INFO - 投票结果: 选择路径 0, 答案: 25, 置信度: 1.0
2025-08-06 03:11:00,760 - INFO - 投票结果: 选择路径 0, 答案: 96, 置信度: 0.6
2025-08-06 03:11:00,761 - INFO - 投票结果: 选择路径 1, 答案: 33.33, 置信度: 0.6
2025-08-06 03:11:00,762 - INFO - 投票结果: 选择路径 0, 答案: 180, 置信度: 0.7
2025-08-06 03:11:00,762 - INFO - 投票结果: 选择路径 0, 答案: 21, 置信度: 1.0
2025-08-06 03:11:00,763 - INFO - 投票结果: 选择路径 0, 答案: 1200, 置信度: 1.0
2025-08-06 03:11:00,764 - INFO - 投票结果: 选择路径 0, 答案: 255, 置信度: 0.9
2025-08-06 03:11:00,765 - INFO - 投票结果: 选择路径 0, 答案: 4, 置信度: 0.9
2025-08-06 03:11:00,765 - INFO - 投票结果: 选择路径 0, 答案: 10, 置信度: 1.0
2025-08-06 03:11:00,766 - INFO - 投票结果: 选择路径 0, 答案: 700, 置信度: 0.8
2025-08-06 03:11:00,767 - INFO - 投票结果: 选择路径 0, 答案: 38, 置信度: 1.0
2025-08-06 03:11:00,767 - INFO - 投票结果: 选择路径 0, 答案: 32, 置信度: 0.9
2025-08-06 03:11:00,768 - INFO - 投票结果: 选择路径 0, 答案: 30, 置信度: 0.9
2025-08-06 03:11:00,769 - INFO - 投票结果: 选择路径 0, 答案: 16, 置信度: 1.0
2025-08-06 03:11:00,770 - INFO - 投票结果: 选择路径 0, 答案: 40, 置信度: 1.0
2025-08-06 03:11:00,770 - INFO - 投票结果: 选择路径 0, 答案: 288, 置信度: 1.0
2025-08-06 03:11:00,771 - INFO - 投票结果: 选择路径 0, 答案: 1100, 置信度: 0.9
2025-08-06 03:11:00,772 - INFO - 投票结果: 选择路径 0, 答案: 20, 置信度: 1.0
2025-08-06 03:11:00,773 - INFO - 投票结果: 选择路径 1, 答案: 2, 置信度: 0.8
2025-08-06 03:11:00,773 - INFO - 投票结果: 选择路径 0, 答案: 1040000, 置信度: 0.9
2025-08-06 03:11:00,774 - INFO - 投票结果: 选择路径 0, 答案: 9, 置信度: 0.9
2025-08-06 03:11:00,775 - INFO - 投票结果: 选择路径 0, 答案: 132, 置信度: 1.0
2025-08-06 03:11:00,775 - INFO - 投票结果: 选择路径 0, 答案: 93, 置信度: 1.0
2025-08-06 03:11:00,776 - INFO - 投票结果: 选择路径 0, 答案: 4, 置信度: 1.0
2025-08-06 03:11:00,777 - INFO - 投票结果: 选择路径 0, 答案: 85, 置信度: 0.5
2025-08-06 03:11:00,778 - INFO - 投票结果: 选择路径 1, 答案: 33, 置信度: 0.9
2025-08-06 03:11:00,778 - INFO - 投票结果: 选择路径 0, 答案: 12, 置信度: 1.0
2025-08-06 03:11:00,779 - INFO - 投票结果: 选择路径 0, 答案: 7200, 置信度: 1.0
2025-08-06 03:11:00,780 - INFO - 投票结果: 选择路径 0, 答案: 60, 置信度: 1.0
2025-08-06 03:11:00,780 - INFO - 投票结果: 选择路径 0, 答案: 44, 置信度: 0.9
2025-08-06 03:11:00,781 - INFO - 投票结果: 选择路径 0, 答案: 113, 置信度: 0.8
2025-08-06 03:11:00,782 - INFO - 投票结果: 选择路径 2, 答案: 43500, 置信度: 0.6
2025-08-06 03:11:00,782 - INFO - 投票结果: 选择路径 0, 答案: 720, 置信度: 1.0
2025-08-06 03:11:00,783 - INFO - 投票结果: 选择路径 0, 答案: 50, 置信度: 1.0
2025-08-06 03:11:00,784 - INFO - 投票结果: 选择路径 0, 答案: 24, 置信度: 1.0
2025-08-06 03:11:00,784 - INFO - 投票结果: 选择路径 0, 答案: 43, 置信度: 0.9
2025-08-06 03:11:00,785 - INFO - 投票结果: 选择路径 0, 答案: 30, 置信度: 1.0
2025-08-06 03:11:00,786 - INFO - 投票结果: 选择路径 0, 答案: 23, 置信度: 0.5
2025-08-06 03:11:00,787 - INFO - 投票结果: 选择路径 0, 答案: 251, 置信度: 0.9
2025-08-06 03:11:00,787 - INFO - 投票结果: 选择路径 0, 答案: 35, 置信度: 1.0
2025-08-06 03:11:00,788 - INFO - 投票结果: 选择路径 0, 答案: 110, 置信度: 0.6
2025-08-06 03:11:00,789 - INFO - 投票结果: 选择路径 0, 答案: 82, 置信度: 1.0
2025-08-06 03:11:00,789 - INFO - 投票结果: 选择路径 0, 答案: 2100, 置信度: 0.7
2025-08-06 03:11:00,790 - INFO - 投票结果: 选择路径 2, 答案: 3, 置信度: 0.7
2025-08-06 03:11:00,791 - INFO - 投票结果: 选择路径 0, 答案: 12, 置信度: 0.9
2025-08-06 03:11:00,792 - INFO - 投票结果: 选择路径 1, 答案: 6, 置信度: 0.6
2025-08-06 03:11:00,792 - INFO - 投票结果: 选择路径 0, 答案: 12, 置信度: 0.8
2025-08-06 03:11:00,793 - INFO - 投票结果: 选择路径 0, 答案: 19, 置信度: 0.1
2025-08-06 03:11:00,794 - INFO - 投票结果: 选择路径 0, 答案: 27, 置信度: 1.0
2025-08-06 03:11:00,794 - INFO - 投票结果: 选择路径 0, 答案: 360, 置信度: 1.0
2025-08-06 03:11:00,795 - INFO - 投票结果: 选择路径 3, 答案: 14, 置信度: 0.4
2025-08-06 03:11:00,796 - INFO - 投票结果: 选择路径 0, 答案: 694, 置信度: 0.9
2025-08-06 03:11:00,797 - INFO - 投票结果: 选择路径 0, 答案: 3, 置信度: 1.0
2025-08-06 03:11:00,797 - INFO - 投票结果: 选择路径 0, 答案: 360, 置信度: 0.9
2025-08-06 03:11:00,798 - INFO - 投票结果: 选择路径 4, 答案: 400, 置信度: 0.2
2025-08-06 03:11:00,799 - INFO - 投票结果: 选择路径 0, 答案: 20, 置信度: 1.0
2025-08-06 03:11:00,799 - INFO - 投票结果: 选择路径 0, 答案: 3360, 置信度: 1.0
2025-08-06 03:11:00,800 - INFO - 投票结果: 选择路径 1, 答案: 39, 置信度: 0.7
2025-08-06 03:11:00,801 - INFO - 投票结果: 选择路径 1, 答案: 12, 置信度: 0.9
2025-08-06 03:11:00,802 - INFO - 投票结果: 选择路径 0, 答案: 215, 置信度: 1.0
2025-08-06 03:11:00,802 - INFO - 投票结果: 选择路径 0, 答案: 4, 置信度: 0.2
2025-08-06 03:11:00,803 - INFO - 投票结果: 选择路径 0, 答案: 9, 置信度: 1.0
2025-08-06 03:11:00,804 - INFO - 投票结果: 选择路径 0, 答案: 520, 置信度: 0.7
2025-08-06 03:11:00,805 - INFO - 投票结果: 选择路径 0, 答案: 62, 置信度: 0.7
2025-08-06 03:11:00,805 - INFO - 投票结果: 选择路径 0, 答案: 59, 置信度: 0.3
2025-08-06 03:11:00,806 - INFO - 投票结果: 选择路径 0, 答案: 120, 置信度: 1.0
2025-08-06 03:11:00,807 - INFO - 投票结果: 选择路径 0, 答案: 15, 置信度: 1.0
2025-08-06 03:11:00,807 - INFO - 投票结果: 选择路径 1, 答案: 60, 置信度: 0.4
2025-08-06 03:11:00,808 - INFO - 投票结果: 选择路径 1, 答案: 520, 置信度: 0.2
2025-08-06 03:11:00,809 - INFO - 投票结果: 选择路径 1, 答案: 2, 置信度: 0.3
2025-08-06 03:11:00,810 - INFO - 投票结果: 选择路径 1, 答案: 178.25, 置信度: 0.4
2025-08-06 03:11:00,810 - INFO - 投票结果: 选择路径 0, 答案: 202, 置信度: 0.7
2025-08-06 03:11:00,811 - INFO - 投票结果: 选择路径 0, 答案: 21, 置信度: 0.5
2025-08-06 03:11:00,812 - INFO - 投票结果: 选择路径 1, 答案: 10, 置信度: 0.8
2025-08-06 03:11:00,813 - INFO - 投票结果: 选择路径 0, 答案: 6, 置信度: 0.5
2025-08-06 03:11:00,814 - INFO - 投票结果: 选择路径 0, 答案: 43200, 置信度: 0.9
2025-08-06 03:11:00,814 - INFO - 投票结果: 选择路径 0, 答案: 10, 置信度: 1.0
2025-08-06 03:11:00,815 - INFO - 投票结果: 选择路径 0, 答案: 8, 置信度: 0.5
2025-08-06 03:11:00,816 - INFO - 投票结果: 选择路径 3, 答案: 36, 置信度: 0.3
2025-08-06 03:11:00,816 - INFO - 投票结果: 选择路径 0, 答案: 160, 置信度: 0.6
2025-08-06 03:11:00,817 - INFO - 投票结果: 选择路径 0, 答案: 40, 置信度: 1.0
2025-08-06 03:11:00,818 - INFO - 投票结果: 选择路径 0, 答案: 12, 置信度: 0.4
2025-08-06 03:11:00,819 - INFO - 投票结果: 选择路径 5, 答案: 36, 置信度: 0.5
2025-08-06 03:11:00,819 - INFO - 投票结果: 选择路径 0, 答案: 36, 置信度: 1.0
2025-08-06 03:11:00,820 - INFO - 投票结果: 选择路径 0, 答案: 9, 置信度: 1.0
2025-08-06 03:11:00,821 - INFO - 投票结果: 选择路径 0, 答案: 16, 置信度: 1.0
2025-08-06 03:11:00,822 - INFO - 投票结果: 选择路径 0, 答案: 60, 置信度: 1.0
2025-08-06 03:11:00,822 - INFO - 投票结果: 选择路径 0, 答案: 4, 置信度: 1.0
2025-08-06 03:11:00,823 - INFO - 投票结果: 选择路径 0, 答案: 3, 置信度: 1.0
2025-08-06 03:11:00,824 - INFO - 投票结果: 选择路径 0, 答案: 100, 置信度: 1.0
2025-08-06 03:11:00,824 - INFO - 投票结果: 选择路径 3, 答案: 2040, 置信度: 0.4
2025-08-06 03:11:00,825 - INFO - 投票结果: 选择路径 1, 答案: 20, 置信度: 0.4
2025-08-06 03:11:00,826 - INFO - 投票结果: 选择路径 0, 答案: 29, 置信度: 1.0
2025-08-06 03:11:00,826 - INFO - 投票结果: 选择路径 0, 答案: 80, 置信度: 0.4
2025-08-06 03:11:00,827 - INFO - 投票结果: 选择路径 0, 答案: 23, 置信度: 1.0
2025-08-06 03:11:00,828 - INFO - 投票结果: 选择路径 0, 答案: 8, 置信度: 0.4
2025-08-06 03:11:00,829 - INFO - 投票结果: 选择路径 1, 答案: 9, 置信度: 0.6
2025-08-06 03:11:00,829 - INFO - 投票结果: 选择路径 2, 答案: 156, 置信度: 0.4
2025-08-06 03:11:00,830 - INFO - 投票结果: 选择路径 3, 答案: 48, 置信度: 0.4
2025-08-06 03:11:00,831 - INFO - 投票结果: 选择路径 0, 答案: 10, 置信度: 1.0
2025-08-06 03:11:00,832 - INFO - 投票结果: 选择路径 0, 答案: 8, 置信度: 1.0
2025-08-06 03:11:00,832 - INFO - 投票结果: 选择路径 0, 答案: 32, 置信度: 1.0
2025-08-06 03:11:00,833 - INFO - 投票结果: 选择路径 0, 答案: 48, 置信度: 0.8
2025-08-06 03:11:00,834 - INFO - 投票结果: 选择路径 0, 答案: 500, 置信度: 1.0
2025-08-06 03:11:00,834 - INFO - 投票结果: 选择路径 0, 答案: 8, 置信度: 1.0
2025-08-06 03:11:00,835 - INFO - 投票结果: 选择路径 0, 答案: 6, 置信度: 0.5
2025-08-06 03:11:00,836 - INFO - 投票结果: 选择路径 0, 答案: -10, 置信度: 1.0
2025-08-06 03:11:00,837 - INFO - 投票结果: 选择路径 0, 答案: 5, 置信度: 0.8
2025-08-06 03:11:00,837 - INFO - 投票结果: 选择路径 0, 答案: 8, 置信度: 1.0
2025-08-06 03:11:00,838 - INFO - 投票结果: 选择路径 0, 答案: 34, 置信度: 1.0
2025-08-06 03:11:00,839 - INFO - 投票结果: 选择路径 0, 答案: 30, 置信度: 0.7
2025-08-06 03:11:00,839 - INFO - 投票结果: 选择路径 0, 答案: 1000, 置信度: 1.0
2025-08-06 03:11:00,840 - INFO - 投票结果: 选择路径 1, 答案: 6, 置信度: 0.7
2025-08-06 03:11:00,841 - INFO - 投票结果: 选择路径 0, 答案: 50, 置信度: 0.3
2025-08-06 03:11:00,842 - INFO - 投票结果: 选择路径 0, 答案: 1920, 置信度: 1.0
2025-08-06 03:11:00,843 - INFO - 投票结果: 选择路径 2, 答案: 19, 置信度: 0.2
2025-08-06 03:11:00,843 - INFO - 投票结果: 选择路径 0, 答案: 50, 置信度: 1.0
2025-08-06 03:11:00,844 - INFO - 投票结果: 选择路径 0, 答案: 2000, 置信度: 0.3
2025-08-06 03:11:00,845 - INFO - 投票结果: 选择路径 0, 答案: 5, 置信度: 1.0
2025-08-06 03:11:00,845 - INFO - 投票结果: 选择路径 0, 答案: 10, 置信度: 0.9
2025-08-06 03:11:00,846 - INFO - 投票结果: 选择路径 0, 答案: 7, 置信度: 1.0
2025-08-06 03:11:00,847 - INFO - 投票结果: 选择路径 0, 答案: 20, 置信度: 1.0
2025-08-06 03:11:00,848 - INFO - 投票结果: 选择路径 0, 答案: 43, 置信度: 0.4
2025-08-06 03:11:00,848 - INFO - 投票结果: 选择路径 0, 答案: 9, 置信度: 0.7
2025-08-06 03:11:00,849 - INFO - 投票结果: 选择路径 1, 答案: 131445, 置信度: 0.2
2025-08-06 03:11:00,850 - INFO - 投票结果: 选择路径 0, 答案: 120, 置信度: 1.0
2025-08-06 03:11:00,850 - INFO - 投票结果: 选择路径 0, 答案: 11052, 置信度: 0.1
2025-08-06 03:11:00,851 - INFO - 投票结果: 选择路径 0, 答案: 12, 置信度: 0.4
2025-08-06 03:11:00,852 - INFO - 投票结果: 选择路径 0, 答案: 595, 置信度: 0.8
2025-08-06 03:11:00,853 - INFO - 投票结果: 选择路径 0, 答案: 110, 置信度: 1.0
2025-08-06 03:11:00,854 - INFO - 投票结果: 选择路径 0, 答案: 4800, 置信度: 1.0
2025-08-06 03:11:00,854 - INFO - 投票结果: 选择路径 2, 答案: 140, 置信度: 0.7
2025-08-06 03:11:00,855 - INFO - 投票结果: 选择路径 0, 答案: 34, 置信度: 0.8
2025-08-06 03:11:00,856 - INFO - 投票结果: 选择路径 0, 答案: 10, 置信度: 0.8
2025-08-06 03:11:00,857 - INFO - 投票结果: 选择路径 2, 答案: 2450, 置信度: 0.4
2025-08-06 03:11:00,858 - INFO - 投票结果: 选择路径 0, 答案: 30, 置信度: 1.0
2025-08-06 03:11:00,858 - INFO - 投票结果: 选择路径 2, 答案: 224000, 置信度: 0.5
2025-08-06 03:11:00,859 - INFO - 投票结果: 选择路径 0, 答案: 168, 置信度: 1.0
2025-08-06 03:11:00,860 - INFO - 投票结果: 选择路径 0, 答案: 120, 置信度: 0.9
2025-08-06 03:11:00,861 - INFO - 投票结果: 选择路径 0, 答案: 3, 置信度: 0.6
2025-08-06 03:11:00,861 - INFO - 投票结果: 选择路径 0, 答案: 20, 置信度: 0.9
2025-08-06 03:11:00,862 - INFO - 投票结果: 选择路径 0, 答案: 4, 置信度: 0.8
2025-08-06 03:11:00,863 - INFO - 投票结果: 选择路径 0, 答案: 15, 置信度: 0.4
2025-08-06 03:11:00,864 - INFO - 投票结果: 选择路径 0, 答案: 8, 置信度: 1.0
2025-08-06 03:11:00,864 - INFO - 投票结果: 选择路径 0, 答案: 308, 置信度: 1.0
2025-08-06 03:11:00,865 - INFO - 投票结果: 选择路径 0, 答案: 187, 置信度: 1.0
2025-08-06 03:11:00,866 - INFO - 投票结果: 选择路径 0, 答案: 123, 置信度: 0.7
2025-08-06 03:11:00,866 - INFO - 投票结果: 选择路径 0, 答案: 2, 置信度: 0.4
2025-08-06 03:11:00,867 - INFO - 投票结果: 选择路径 1, 答案: 100, 置信度: 0.4
2025-08-06 03:11:00,868 - INFO - 投票结果: 选择路径 0, 答案: 14000, 置信度: 1.0
2025-08-06 03:11:00,869 - INFO - 投票结果: 选择路径 0, 答案: 32, 置信度: 0.4
2025-08-06 03:11:00,869 - INFO - 投票结果: 选择路径 0, 答案: 7, 置信度: 0.8
2025-08-06 03:11:00,870 - INFO - 投票结果: 选择路径 0, 答案: 480, 置信度: 0.9
2025-08-06 03:11:00,871 - INFO - 投票结果: 选择路径 0, 答案: 2, 置信度: 1.0
2025-08-06 03:11:00,871 - INFO - 投票结果: 选择路径 0, 答案: 45, 置信度: 0.8
2025-08-06 03:11:00,872 - INFO - 投票结果: 选择路径 0, 答案: 31, 置信度: 1.0
2025-08-06 03:11:00,873 - INFO - 投票结果: 选择路径 0, 答案: 10, 置信度: 0.4
2025-08-06 03:11:00,874 - INFO - 投票结果: 选择路径 0, 答案: 18, 置信度: 1.0
2025-08-06 03:11:00,874 - INFO - 投票结果: 选择路径 2, 答案: 6, 置信度: 0.6
2025-08-06 03:11:00,875 - INFO - 投票结果: 选择路径 0, 答案: 93000, 置信度: 1.0
2025-08-06 03:11:00,876 - INFO - 投票结果: 选择路径 0, 答案: 9906.38, 置信度: 0.1
2025-08-06 03:11:00,876 - INFO - 投票结果: 选择路径 0, 答案: 150, 置信度: 1.0
2025-08-06 03:11:00,877 - INFO - 投票结果: 选择路径 0, 答案: 220, 置信度: 1.0
2025-08-06 03:11:00,878 - INFO - 投票结果: 选择路径 0, 答案: 12, 置信度: 1.0
2025-08-06 03:11:00,879 - INFO - 投票结果: 选择路径 0, 答案: 71, 置信度: 1.0
2025-08-06 03:11:00,879 - INFO - 投票结果: 选择路径 0, 答案: 8, 置信度: 1.0
2025-08-06 03:11:00,880 - INFO - 投票结果: 选择路径 1, 答案: 0, 置信度: 0.2
2025-08-06 03:11:00,881 - INFO - 投票结果: 选择路径 0, 答案: 53, 置信度: 1.0
2025-08-06 03:11:00,881 - INFO - 投票结果: 选择路径 0, 答案: 31800, 置信度: 1.0
2025-08-06 03:11:00,882 - INFO - 投票结果: 选择路径 0, 答案: 4, 置信度: 0.8
2025-08-06 03:11:00,883 - INFO - 投票结果: 选择路径 0, 答案: 12, 置信度: 0.9
2025-08-06 03:11:00,883 - INFO - 投票结果: 选择路径 0, 答案: 10, 置信度: 1.0
2025-08-06 03:11:00,884 - INFO - 投票结果: 选择路径 0, 答案: 2800, 置信度: 0.3
2025-08-06 03:11:00,885 - INFO - 投票结果: 选择路径 0, 答案: 18, 置信度: 1.0
2025-08-06 03:11:00,886 - INFO - 投票结果: 选择路径 0, 答案: 24, 置信度: 0.5
2025-08-06 03:11:00,886 - INFO - 投票结果: 选择路径 0, 答案: 139, 置信度: 0.8
2025-08-06 03:11:00,887 - INFO - 投票结果: 选择路径 0, 答案: 36, 置信度: 0.8
2025-08-06 03:11:00,888 - INFO - 投票结果: 选择路径 0, 答案: 6, 置信度: 0.6
2025-08-06 03:11:00,889 - INFO - 投票结果: 选择路径 0, 答案: 12, 置信度: 1.0
2025-08-06 03:11:00,889 - INFO - 投票结果: 选择路径 0, 答案: 78, 置信度: 0.7
2025-08-06 03:11:00,890 - INFO - 投票结果: 选择路径 0, 答案: 3, 置信度: 0.9
2025-08-06 03:11:00,891 - INFO - 投票结果: 选择路径 0, 答案: 33.75, 置信度: 0.2
2025-08-06 03:11:00,891 - INFO - 投票结果: 选择路径 2, 答案: 163, 置信度: 0.6
2025-08-06 03:11:00,892 - INFO - 投票结果: 选择路径 0, 答案: 90, 置信度: 1.0
2025-08-06 03:11:00,893 - INFO - 投票结果: 选择路径 0, 答案: 225, 置信度: 0.5
2025-08-06 03:11:00,894 - INFO - 投票结果: 选择路径 3, 答案: 360, 置信度: 0.2
2025-08-06 03:11:00,894 - INFO - 投票结果: 选择路径 0, 答案: 5, 置信度: 0.9
2025-08-06 03:11:00,895 - INFO - 投票结果: 选择路径 0, 答案: 90, 置信度: 1.0
2025-08-06 03:11:00,896 - INFO - 投票结果: 选择路径 0, 答案: 42, 置信度: 0.9
2025-08-06 03:11:00,897 - INFO - 投票结果: 选择路径 0, 答案: 162, 置信度: 1.0
2025-08-06 03:11:00,897 - INFO - 投票结果: 选择路径 0, 答案: 9, 置信度: 0.9
2025-08-06 03:11:00,898 - INFO - 投票结果: 选择路径 1, 答案: 48, 置信度: 0.5
2025-08-06 03:11:00,899 - INFO - 投票结果: 选择路径 0, 答案: 57, 置信度: 0.3
2025-08-06 03:11:00,899 - INFO - 投票结果: 选择路径 0, 答案: 14000, 置信度: 0.8
2025-08-06 03:11:00,900 - INFO - 投票结果: 选择路径 0, 答案: 45, 置信度: 1.0
2025-08-06 03:11:00,901 - INFO - 投票结果: 选择路径 0, 答案: 420, 置信度: 0.9
2025-08-06 03:11:00,902 - INFO - 投票结果: 选择路径 1, 答案: 15, 置信度: 0.9
2025-08-06 03:11:00,902 - INFO - 投票结果: 选择路径 0, 答案: 30, 置信度: 1.0
2025-08-06 03:11:00,903 - INFO - 投票结果: 选择路径 0, 答案: 280, 置信度: 1.0
2025-08-06 03:11:00,904 - INFO - 投票结果: 选择路径 0, 答案: 5, 置信度: 0.7
2025-08-06 03:11:00,904 - INFO - 投票结果: 选择路径 0, 答案: 135, 置信度: 0.9
2025-08-06 03:11:00,905 - INFO - 投票结果: 选择路径 0, 答案: 67, 置信度: 1.0
2025-08-06 03:11:00,906 - INFO - 投票结果: 选择路径 0, 答案: 1260, 置信度: 1.0
2025-08-06 03:11:00,906 - INFO - 投票结果: 选择路径 0, 答案: 80, 置信度: 1.0
2025-08-06 03:11:00,907 - INFO - 投票结果: 选择路径 3, 答案: 1220, 置信度: 0.2
2025-08-06 03:11:00,908 - INFO - 投票结果: 选择路径 0, 答案: 15, 置信度: 1.0
2025-08-06 03:11:00,909 - INFO - 投票结果: 选择路径 0, 答案: 12, 置信度: 0.8
2025-08-06 03:11:00,909 - INFO - 投票结果: 选择路径 0, 答案: 15, 置信度: 1.0
2025-08-06 03:11:00,910 - INFO - 投票结果: 选择路径 0, 答案: 221, 置信度: 1.0
2025-08-06 03:11:00,911 - INFO - 投票结果: 选择路径 0, 答案: 5, 置信度: 1.0
2025-08-06 03:11:00,911 - INFO - 投票结果: 选择路径 2, 答案: 11, 置信度: 0.5
2025-08-06 03:11:00,912 - INFO - 投票结果: 选择路径 0, 答案: 8400, 置信度: 0.8
2025-08-06 03:11:00,913 - INFO - 投票结果: 选择路径 0, 答案: 3000, 置信度: 0.5
2025-08-06 03:11:00,914 - INFO - 投票结果: 选择路径 0, 答案: 60, 置信度: 0.9
2025-08-06 03:11:00,914 - INFO - 投票结果: 选择路径 0, 答案: 826, 置信度: 0.3
2025-08-06 03:11:00,915 - INFO - 投票结果: 选择路径 0, 答案: 20, 置信度: 0.9
2025-08-06 03:11:00,916 - INFO - 投票结果: 选择路径 1, 答案: 6, 置信度: 0.6
2025-08-06 03:11:00,916 - INFO - 投票结果: 选择路径 0, 答案: 12, 置信度: 0.8
2025-08-06 03:11:00,917 - INFO - 投票结果: 选择路径 0, 答案: 480, 置信度: 1.0
2025-08-06 03:11:00,918 - INFO - 投票结果: 选择路径 1, 答案: 14400, 置信度: 0.6
2025-08-06 03:11:00,918 - INFO - 投票结果: 选择路径 0, 答案: 3, 置信度: 1.0
2025-08-06 03:11:00,919 - INFO - 投票结果: 选择路径 0, 答案: 250, 置信度: 0.9
2025-08-06 03:11:00,920 - INFO - 投票结果: 选择路径 0, 答案: 168, 置信度: 0.9
2025-08-06 03:11:00,921 - INFO - 投票结果: 选择路径 0, 答案: 64800, 置信度: 0.3
2025-08-06 03:11:00,921 - INFO - 投票结果: 选择路径 0, 答案: 120, 置信度: 0.7
2025-08-06 03:11:00,922 - INFO - 投票结果: 选择路径 0, 答案: 270, 置信度: 1.0
2025-08-06 03:11:00,923 - INFO - 投票结果: 选择路径 0, 答案: 26, 置信度: 1.0
2025-08-06 03:11:00,923 - INFO - 投票结果: 选择路径 0, 答案: 20, 置信度: 0.7
2025-08-06 03:11:00,924 - INFO - 投票结果: 选择路径 1, 答案: 15, 置信度: 0.4
2025-08-06 03:11:00,925 - INFO - 投票结果: 选择路径 0, 答案: 101, 置信度: 1.0
2025-08-06 03:11:00,926 - INFO - 投票结果: 选择路径 2, 答案: 230, 置信度: 0.6
2025-08-06 03:11:00,926 - INFO - 投票结果: 选择路径 0, 答案: 85, 置信度: 1.0
2025-08-06 03:11:00,927 - INFO - 投票结果: 选择路径 0, 答案: 4, 置信度: 0.6
2025-08-06 03:11:00,928 - INFO - 投票结果: 选择路径 4, 答案: 3200, 置信度: 0.3
2025-08-06 03:11:00,928 - INFO - 投票结果: 选择路径 0, 答案: 300, 置信度: 1.0
2025-08-06 03:11:00,929 - INFO - 投票结果: 选择路径 0, 答案: 31, 置信度: 1.0
2025-08-06 03:11:00,930 - INFO - 投票结果: 选择路径 0, 答案: 12, 置信度: 1.0
2025-08-06 03:11:00,931 - INFO - 投票结果: 选择路径 0, 答案: 2:00p, 置信度: 0.8
2025-08-06 03:11:00,931 - INFO - 投票结果: 选择路径 0, 答案: 3, 置信度: 1.0
2025-08-06 03:11:00,932 - INFO - 投票结果: 选择路径 2, 答案: 10, 置信度: 0.3
2025-08-06 03:11:00,933 - INFO - 投票结果: 选择路径 0, 答案: 45, 置信度: 1.0
2025-08-06 03:11:00,933 - INFO - 投票结果: 选择路径 0, 答案: 200, 置信度: 0.9
2025-08-06 03:11:00,934 - INFO - 投票结果: 选择路径 3, 答案: 34, 置信度: 0.3
2025-08-06 03:11:00,935 - INFO - 投票结果: 选择路径 0, 答案: 10, 置信度: 0.9
2025-08-06 03:11:00,935 - INFO - 投票结果: 选择路径 0, 答案: 98, 置信度: 0.8
2025-08-06 03:11:00,936 - INFO - 投票结果: 选择路径 3, 答案: 4, 置信度: 0.3
2025-08-06 03:11:00,937 - INFO - 投票结果: 选择路径 2, 答案: 45, 置信度: 0.4
2025-08-06 03:11:00,938 - INFO - 投票结果: 选择路径 1, 答案: 6, 置信度: 0.4
2025-08-06 03:11:00,938 - INFO - 投票结果: 选择路径 0, 答案: 8, 置信度: 0.8
2025-08-06 03:11:00,939 - INFO - 投票结果: 选择路径 0, 答案: 5, 置信度: 0.2
2025-08-06 03:11:00,940 - INFO - 投票结果: 选择路径 0, 答案: 70, 置信度: 1.0
2025-08-06 03:11:00,941 - INFO - 投票结果: 选择路径 0, 答案: 294, 置信度: 0.8
2025-08-06 03:11:00,941 - INFO - 投票结果: 选择路径 1, 答案: 42, 置信度: 0.3
2025-08-06 03:11:00,942 - INFO - 投票结果: 选择路径 0, 答案: 13, 置信度: 1.0
2025-08-06 03:11:00,943 - INFO - 投票结果: 选择路径 0, 答案: 195, 置信度: 1.0
2025-08-06 03:11:00,943 - INFO - 投票结果: 选择路径 0, 答案: 7, 置信度: 1.0
2025-08-06 03:11:00,944 - INFO - 投票结果: 选择路径 0, 答案: 1875, 置信度: 0.7
2025-08-06 03:11:00,945 - INFO - 投票结果: 选择路径 0, 答案: 385000, 置信度: 1.0
2025-08-06 03:11:00,946 - INFO - 投票结果: 选择路径 0, 答案: 85, 置信度: 1.0
2025-08-06 03:11:00,946 - INFO - 投票结果: 选择路径 0, 答案: 27, 置信度: 0.8
2025-08-06 03:11:00,947 - INFO - 投票结果: 选择路径 0, 答案: 159, 置信度: 1.0
2025-08-06 03:11:00,948 - INFO - 投票结果: 选择路径 0, 答案: 25, 置信度: 1.0
2025-08-06 03:11:00,948 - INFO - 投票结果: 选择路径 0, 答案: 720, 置信度: 1.0
2025-08-06 03:11:00,949 - INFO - 投票结果: 选择路径 0, 答案: 549, 置信度: 0.6
2025-08-06 03:11:00,950 - INFO - 投票结果: 选择路径 0, 答案: 7, 置信度: 0.8
2025-08-06 03:11:00,950 - INFO - 投票结果: 选择路径 0, 答案: 25, 置信度: 0.5
2025-08-06 03:11:00,951 - INFO - 投票结果: 选择路径 1, 答案: 90, 置信度: 0.5
2025-08-06 03:11:00,952 - INFO - 投票结果: 选择路径 0, 答案: 2, 置信度: 0.9
2025-08-06 03:11:00,953 - INFO - 投票结果: 选择路径 1, 答案: 22, 置信度: 0.5
2025-08-06 03:11:00,953 - INFO - 投票结果: 选择路径 0, 答案: 40, 置信度: 0.6
2025-08-06 03:11:00,954 - INFO - 投票结果: 选择路径 0, 答案: 2050, 置信度: 0.3
2025-08-06 03:11:00,955 - INFO - 投票结果: 选择路径 0, 答案: 116, 置信度: 0.2
2025-08-06 03:11:00,955 - INFO - 投票结果: 选择路径 0, 答案: 10, 置信度: 0.9
2025-08-06 03:11:00,956 - INFO - 投票结果: 选择路径 0, 答案: 36, 置信度: 0.3
2025-08-06 03:11:00,957 - INFO - 投票结果: 选择路径 0, 答案: 17, 置信度: 0.8
2025-08-06 03:11:00,958 - INFO - 投票结果: 选择路径 2, 答案: 50, 置信度: 0.7
2025-08-06 03:11:00,959 - INFO - 投票结果: 选择路径 0, 答案: 96, 置信度: 0.8
2025-08-06 03:11:00,959 - INFO - 投票结果: 选择路径 1, 答案: 280, 置信度: 0.8
2025-08-06 03:11:00,960 - INFO - 投票结果: 选择路径 4, 答案: 35, 置信度: 0.2
2025-08-06 03:11:00,961 - INFO - 投票结果: 选择路径 0, 答案: 142, 置信度: 1.0
2025-08-06 03:11:00,962 - INFO - 投票结果: 选择路径 1, 答案: 5, 置信度: 0.5
2025-08-06 03:11:00,963 - INFO - 投票结果: 选择路径 1, 答案: 95, 置信度: 0.9
2025-08-06 03:11:00,963 - INFO - 投票结果: 选择路径 0, 答案: 175, 置信度: 1.0
2025-08-06 03:11:00,964 - INFO - 投票结果: 选择路径 0, 答案: 20, 置信度: 0.9
2025-08-06 03:11:00,965 - INFO - 投票结果: 选择路径 0, 答案: 15, 置信度: 1.0
2025-08-06 03:11:00,966 - INFO - 投票结果: 选择路径 0, 答案: 370, 置信度: 0.8
2025-08-06 03:11:00,967 - INFO - 投票结果: 选择路径 0, 答案: 2, 置信度: 0.5
2025-08-06 03:11:00,967 - INFO - 投票结果: 选择路径 0, 答案: 2, 置信度: 1.0
2025-08-06 03:11:00,968 - INFO - 投票结果: 选择路径 0, 答案: 120, 置信度: 0.3
2025-08-06 03:11:00,969 - INFO - 投票结果: 选择路径 0, 答案: 70, 置信度: 1.0
2025-08-06 03:11:00,970 - INFO - 投票结果: 选择路径 0, 答案: 17000, 置信度: 0.7
2025-08-06 03:11:00,970 - INFO - 投票结果: 选择路径 1, 答案: 57, 置信度: 0.9
2025-08-06 03:11:00,971 - INFO - 投票结果: 选择路径 0, 答案: 1260, 置信度: 0.8
2025-08-06 03:11:00,972 - INFO - 投票结果: 选择路径 0, 答案: 4500, 置信度: 1.0
2025-08-06 03:11:00,973 - INFO - 投票结果: 选择路径 2, 答案: 5, 置信度: 0.6
2025-08-06 03:11:00,973 - INFO - 投票结果: 选择路径 0, 答案: 360, 置信度: 1.0
2025-08-06 03:11:00,974 - INFO - 投票结果: 选择路径 0, 答案: 50, 置信度: 0.6
2025-08-06 03:11:00,975 - INFO - 投票结果: 选择路径 1, 答案: 5700, 置信度: 0.5
2025-08-06 03:11:00,975 - INFO - 投票结果: 选择路径 0, 答案: 2, 置信度: 0.7
2025-08-06 03:11:00,976 - INFO - 投票结果: 选择路径 0, 答案: 7.17, 置信度: 0.5
2025-08-06 03:11:00,977 - INFO - 投票结果: 选择路径 0, 答案: 5760, 置信度: 1.0
2025-08-06 03:11:00,977 - INFO - 投票结果: 选择路径 0, 答案: 35, 置信度: 1.0
2025-08-06 03:11:00,978 - INFO - 投票结果: 选择路径 0, 答案: 27, 置信度: 0.3
2025-08-06 03:11:00,979 - INFO - 投票结果: 选择路径 0, 答案: 7, 置信度: 0.8
2025-08-06 03:11:00,979 - INFO - 投票结果: 选择路径 0, 答案: 3, 置信度: 1.0
2025-08-06 03:11:00,980 - INFO - 投票结果: 选择路径 3, 答案: 154, 置信度: 0.2
2025-08-06 03:11:00,981 - INFO - 投票结果: 选择路径 0, 答案: 280, 置信度: 0.6
2025-08-06 03:11:00,982 - INFO - 投票结果: 选择路径 0, 答案: 16, 置信度: 0.5
2025-08-06 03:11:00,983 - INFO - 投票结果: 选择路径 0, 答案: 10, 置信度: 1.0
2025-08-06 03:11:00,983 - INFO - 投票结果: 选择路径 0, 答案: 101, 置信度: 1.0
2025-08-06 03:11:00,984 - INFO - 投票结果: 选择路径 0, 答案: 12, 置信度: 0.9
2025-08-06 03:11:00,985 - INFO - 投票结果: 选择路径 0, 答案: 78, 置信度: 1.0
2025-08-06 03:11:00,985 - INFO - 投票结果: 选择路径 0, 答案: 16, 置信度: 1.0
2025-08-06 03:11:00,986 - INFO - 投票结果: 选择路径 1, 答案: 8, 置信度: 0.7
2025-08-06 03:11:00,987 - INFO - 投票结果: 选择路径 0, 答案: 20, 置信度: 0.9
2025-08-06 03:11:00,987 - INFO - 投票结果: 选择路径 1, 答案: 280, 置信度: 0.6
2025-08-06 03:11:00,988 - INFO - 投票结果: 选择路径 1, 答案: 47.25, 置信度: 0.6
2025-08-06 03:11:00,989 - INFO - 投票结果: 选择路径 0, 答案: 105, 置信度: 0.8
2025-08-06 03:11:00,990 - INFO - 投票结果: 选择路径 0, 答案: 58, 置信度: 0.7
2025-08-06 03:11:00,990 - INFO - 投票结果: 选择路径 0, 答案: 6, 置信度: 0.9
2025-08-06 03:11:00,991 - INFO - 投票结果: 选择路径 0, 答案: 180, 置信度: 0.3
2025-08-06 03:11:00,992 - INFO - 投票结果: 选择路径 0, 答案: 770, 置信度: 0.9
2025-08-06 03:11:00,992 - INFO - 投票结果: 选择路径 0, 答案: 28, 置信度: 1.0
2025-08-06 03:11:00,993 - INFO - 投票结果: 选择路径 1, 答案: 25, 置信度: 0.4
2025-08-06 03:11:00,994 - INFO - 投票结果: 选择路径 0, 答案: 1630, 置信度: 0.9
2025-08-06 03:11:00,994 - INFO - 投票结果: 选择路径 1, 答案: 55, 置信度: 0.8
2025-08-06 03:11:00,995 - INFO - 投票结果: 选择路径 2, 答案: 40, 置信度: 0.7
2025-08-06 03:11:00,996 - INFO - 投票结果: 选择路径 0, 答案: 11, 置信度: 1.0
2025-08-06 03:11:00,997 - INFO - 投票结果: 选择路径 0, 答案: 3, 置信度: 1.0
2025-08-06 03:11:00,997 - INFO - 投票结果: 选择路径 0, 答案: 20, 置信度: 0.8
2025-08-06 03:11:00,998 - INFO - 投票结果: 选择路径 0, 答案: 15, 置信度: 0.9
2025-08-06 03:11:00,999 - INFO - 投票结果: 选择路径 0, 答案: 300, 置信度: 0.5
2025-08-06 03:11:00,999 - INFO - 投票结果: 选择路径 0, 答案: 70, 置信度: 1.0
2025-08-06 03:11:01,000 - INFO - 投票结果: 选择路径 0, 答案: 63, 置信度: 0.8
2025-08-06 03:11:01,001 - INFO - 投票结果: 选择路径 0, 答案: 14, 置信度: 0.9
2025-08-06 03:11:01,002 - INFO - 投票结果: 选择路径 0, 答案: 11, 置信度: 1.0
2025-08-06 03:11:01,003 - INFO - 投票结果: 选择路径 0, 答案: 153, 置信度: 0.6
2025-08-06 03:11:01,003 - INFO - 投票结果: 选择路径 0, 答案: 15, 置信度: 1.0
2025-08-06 03:11:01,004 - INFO - 投票结果: 选择路径 2, 答案: 110, 置信度: 0.3
2025-08-06 03:11:01,005 - INFO - 投票结果: 选择路径 0, 答案: 175, 置信度: 0.6
2025-08-06 03:11:01,006 - INFO - 投票结果: 选择路径 1, 答案: 600, 置信度: 0.7
2025-08-06 03:11:01,006 - INFO - 投票结果: 选择路径 0, 答案: 20, 置信度: 0.9
2025-08-06 03:11:01,007 - INFO - 投票结果: 选择路径 0, 答案: 12, 置信度: 1.0
2025-08-06 03:11:01,008 - INFO - 投票结果: 选择路径 0, 答案: 87, 置信度: 0.9
2025-08-06 03:11:01,009 - INFO - 投票结果: 选择路径 0, 答案: 54, 置信度: 0.7
2025-08-06 03:11:01,009 - INFO - 投票结果: 选择路径 0, 答案: 10, 置信度: 0.9
2025-08-06 03:11:01,010 - INFO - 投票结果: 选择路径 0, 答案: 18, 置信度: 1.0
2025-08-06 03:11:01,011 - INFO - 投票结果: 选择路径 0, 答案: 230, 置信度: 1.0
2025-08-06 03:11:01,012 - INFO - 投票结果: 选择路径 1, 答案: 5, 置信度: 0.5
2025-08-06 03:11:01,012 - INFO - 投票结果: 选择路径 0, 答案: 1198, 置信度: 0.6
2025-08-06 03:11:01,013 - INFO - 投票结果: 选择路径 0, 答案: 2325, 置信度: 1.0
2025-08-06 03:11:01,014 - INFO - 投票结果: 选择路径 0, 答案: 80, 置信度: 1.0
2025-08-06 03:11:01,015 - INFO - 投票结果: 选择路径 0, 答案: 880, 置信度: 0.9
2025-08-06 03:11:01,015 - INFO - 投票结果: 选择路径 0, 答案: 5, 置信度: 1.0
2025-08-06 03:11:01,016 - INFO - 投票结果: 选择路径 0, 答案: 45, 置信度: 0.9
2025-08-06 03:11:01,017 - INFO - 投票结果: 选择路径 0, 答案: 75, 置信度: 1.0
2025-08-06 03:11:01,018 - INFO - 投票结果: 选择路径 0, 答案: 4, 置信度: 0.5
2025-08-06 03:11:01,018 - INFO - 投票结果: 选择路径 0, 答案: 350, 置信度: 1.0
2025-08-06 03:11:01,019 - INFO - 投票结果: 选择路径 0, 答案: 200, 置信度: 0.8
2025-08-06 03:11:01,020 - INFO - 投票结果: 选择路径 0, 答案: 1000, 置信度: 0.8
2025-08-06 03:11:01,020 - INFO - 投票结果: 选择路径 0, 答案: 21, 置信度: 1.0
2025-08-06 03:11:01,021 - INFO - 投票结果: 选择路径 0, 答案: 19, 置信度: 1.0
2025-08-06 03:11:01,022 - INFO - 投票结果: 选择路径 0, 答案: 13, 置信度: 1.0
2025-08-06 03:11:01,023 - INFO - 投票结果: 选择路径 0, 答案: 10, 置信度: 0.5
2025-08-06 03:11:01,023 - INFO - 投票结果: 选择路径 0, 答案: 440, 置信度: 0.8
2025-08-06 03:11:01,024 - INFO - 投票结果: 选择路径 0, 答案: 48, 置信度: 1.0
2025-08-06 03:11:01,025 - INFO - 投票结果: 选择路径 3, 答案: 39, 置信度: 0.5
2025-08-06 03:11:01,025 - INFO - 投票结果: 选择路径 1, 答案: 16, 置信度: 0.3
2025-08-06 03:11:01,026 - INFO - 投票结果: 选择路径 0, 答案: 22, 置信度: 1.0
2025-08-06 03:11:01,027 - INFO - 投票结果: 选择路径 0, 答案: 57500, 置信度: 1.0
2025-08-06 03:11:01,027 - INFO - 投票结果: 选择路径 0, 答案: 35, 置信度: 1.0
2025-08-06 03:11:01,028 - INFO - 投票结果: 选择路径 0, 答案: 26, 置信度: 1.0
2025-08-06 03:11:01,029 - INFO - 投票结果: 选择路径 2, 答案: 19, 置信度: 0.4
2025-08-06 03:11:01,030 - INFO - 投票结果: 选择路径 0, 答案: 27000, 置信度: 0.9
2025-08-06 03:11:01,030 - INFO - 投票结果: 选择路径 0, 答案: 157, 置信度: 1.0
2025-08-06 03:11:01,031 - INFO - 投票结果: 选择路径 0, 答案: 14, 置信度: 0.9
2025-08-06 03:11:01,032 - INFO - 投票结果: 选择路径 0, 答案: 26, 置信度: 1.0
2025-08-06 03:11:01,032 - INFO - 投票结果: 选择路径 0, 答案: 48, 置信度: 0.1
2025-08-06 03:11:01,033 - INFO - 投票结果: 选择路径 0, 答案: 12, 置信度: 1.0
2025-08-06 03:11:01,034 - INFO - 投票结果: 选择路径 2, 答案: 11, 置信度: 0.5
2025-08-06 03:11:01,034 - INFO - 投票结果: 选择路径 0, 答案: 366, 置信度: 1.0
2025-08-06 03:11:01,035 - INFO - 投票结果: 选择路径 0, 答案: 195, 置信度: 0.7
2025-08-06 03:11:01,036 - INFO - 投票结果: 选择路径 0, 答案: 90, 置信度: 1.0
2025-08-06 03:11:01,037 - INFO - 投票结果: 选择路径 2, 答案: 10, 置信度: 0.6
2025-08-06 03:11:01,037 - INFO - 投票结果: 选择路径 0, 答案: 400, 置信度: 1.0
2025-08-06 03:11:01,038 - INFO - 投票结果: 选择路径 0, 答案: 6, 置信度: 0.5
2025-08-06 03:11:01,039 - INFO - 投票结果: 选择路径 0, 答案: 17, 置信度: 1.0
2025-08-06 03:11:01,039 - INFO - 投票结果: 选择路径 0, 答案: 80, 置信度: 0.4
2025-08-06 03:11:01,040 - INFO - 投票结果: 选择路径 1, 答案: 11, 置信度: 0.5
2025-08-06 03:11:01,041 - INFO - 投票结果: 选择路径 0, 答案: 44, 置信度: 1.0
2025-08-06 03:11:01,041 - INFO - 投票结果: 选择路径 2, 答案: 48, 置信度: 0.5
2025-08-06 03:11:01,042 - INFO - 投票结果: 选择路径 0, 答案: 27, 置信度: 1.0
2025-08-06 03:11:01,043 - INFO - 投票结果: 选择路径 2, 答案: 120, 置信度: 0.6
2025-08-06 03:11:01,044 - INFO - 投票结果: 选择路径 0, 答案: 12, 置信度: 0.9
2025-08-06 03:11:01,044 - INFO - 投票结果: 选择路径 0, 答案: 5, 置信度: 1.0
2025-08-06 03:11:01,045 - INFO - 投票结果: 选择路径 0, 答案: 36, 置信度: 0.6
2025-08-06 03:11:01,046 - INFO - 投票结果: 选择路径 0, 答案: 9, 置信度: 1.0
2025-08-06 03:11:01,047 - INFO - 投票结果: 选择路径 0, 答案: 2, 置信度: 1.0
2025-08-06 03:11:01,047 - INFO - 投票结果: 选择路径 0, 答案: 38, 置信度: 0.5
2025-08-06 03:11:01,048 - INFO - 投票结果: 选择路径 0, 答案: 70, 置信度: 1.0
2025-08-06 03:11:01,049 - INFO - 投票结果: 选择路径 0, 答案: 3160, 置信度: 0.4
2025-08-06 03:11:01,050 - INFO - 投票结果: 选择路径 0, 答案: 3200, 置信度: 1.0
2025-08-06 03:11:01,051 - INFO - 投票结果: 选择路径 2, 答案: 142, 置信度: 0.5
2025-08-06 03:11:01,051 - INFO - 投票结果: 选择路径 0, 答案: 90, 置信度: 1.0
2025-08-06 03:11:01,052 - INFO - 投票结果: 选择路径 1, 答案: 200, 置信度: 0.9
2025-08-06 03:11:01,053 - INFO - 投票结果: 选择路径 0, 答案: 330000, 置信度: 0.8
2025-08-06 03:11:01,054 - INFO - 投票结果: 选择路径 0, 答案: 9, 置信度: 1.0
2025-08-06 03:11:01,054 - INFO - 投票结果: 选择路径 0, 答案: 10, 置信度: 1.0
2025-08-06 03:11:01,055 - INFO - 投票结果: 选择路径 0, 答案: 44, 置信度: 0.4
2025-08-06 03:11:01,056 - INFO - 投票结果: 选择路径 0, 答案: 700, 置信度: 0.9
2025-08-06 03:11:01,057 - INFO - 投票结果: 选择路径 0, 答案: 12, 置信度: 1.0
2025-08-06 03:11:01,058 - INFO - 投票结果: 选择路径 0, 答案: 3, 置信度: 0.8
2025-08-06 03:11:01,058 - INFO - 投票结果: 选择路径 0, 答案: 320, 置信度: 0.8
2025-08-06 03:11:01,059 - INFO - 投票结果: 选择路径 0, 答案: 59, 置信度: 0.4
2025-08-06 03:11:01,060 - INFO - 投票结果: 选择路径 0, 答案: 50, 置信度: 0.9
2025-08-06 03:11:01,061 - INFO - 投票结果: 选择路径 0, 答案: 50, 置信度: 0.9
2025-08-06 03:11:01,061 - INFO - 投票结果: 选择路径 6, 答案: 2050, 置信度: 0.2
2025-08-06 03:11:01,062 - INFO - 投票结果: 选择路径 0, 答案: 12, 置信度: 0.3
2025-08-06 03:11:01,063 - INFO - 投票结果: 选择路径 1, 答案: 2640, 置信度: 0.9
2025-08-06 03:11:01,064 - INFO - 投票结果: 选择路径 0, 答案: 98, 置信度: 0.9
2025-08-06 03:11:01,064 - INFO - 投票结果: 选择路径 0, 答案: 19, 置信度: 1.0
2025-08-06 03:11:01,065 - INFO - 投票结果: 选择路径 0, 答案: 21, 置信度: 1.0
2025-08-06 03:11:01,066 - INFO - 投票结果: 选择路径 0, 答案: 5, 置信度: 0.9
2025-08-06 03:11:01,066 - INFO - 投票结果: 选择路径 0, 答案: 30, 置信度: 1.0
2025-08-06 03:11:01,067 - INFO - 投票结果: 选择路径 0, 答案: 34, 置信度: 0.9
2025-08-06 03:11:01,068 - INFO - 投票结果: 选择路径 2, 答案: 48, 置信度: 0.4
2025-08-06 03:11:01,069 - INFO - 投票结果: 选择路径 0, 答案: 7, 置信度: 1.0
2025-08-06 03:11:01,069 - INFO - 投票结果: 选择路径 0, 答案: 50, 置信度: 1.0
2025-08-06 03:11:01,070 - INFO - 投票结果: 选择路径 0, 答案: 25, 置信度: 0.9
2025-08-06 03:11:01,071 - INFO - 投票结果: 选择路径 0, 答案: 500, 置信度: 1.0
2025-08-06 03:11:01,071 - INFO - 投票结果: 选择路径 0, 答案: 300, 置信度: 1.0
2025-08-06 03:11:01,072 - INFO - 投票结果: 选择路径 0, 答案: 842, 置信度: 1.0
2025-08-06 03:11:01,073 - INFO - 投票结果: 选择路径 0, 答案: 600, 置信度: 0.5
2025-08-06 03:11:01,074 - INFO - 投票结果: 选择路径 0, 答案: 180, 置信度: 0.5
2025-08-06 03:11:01,074 - INFO - 投票结果: 选择路径 0, 答案: 32, 置信度: 0.9
2025-08-06 03:11:01,075 - INFO - 投票结果: 选择路径 0, 答案: 15, 置信度: 1.0
2025-08-06 03:11:01,076 - INFO - 投票结果: 选择路径 0, 答案: 243, 置信度: 0.9
2025-08-06 03:11:01,076 - INFO - 投票结果: 选择路径 0, 答案: 60, 置信度: 0.4
2025-08-06 03:11:01,077 - INFO - 投票结果: 选择路径 0, 答案: 1218, 置信度: 1.0
2025-08-06 03:11:01,078 - INFO - 投票结果: 选择路径 0, 答案: 16, 置信度: 0.7
2025-08-06 03:11:01,079 - INFO - 投票结果: 选择路径 0, 答案: 40, 置信度: 0.8
2025-08-06 03:11:01,079 - INFO - 投票结果: 选择路径 0, 答案: 1210, 置信度: 1.0
2025-08-06 03:11:01,080 - INFO - 投票结果: 选择路径 0, 答案: 50, 置信度: 0.6
2025-08-06 03:11:01,081 - INFO - 投票结果: 选择路径 0, 答案: 12, 置信度: 0.8
2025-08-06 03:11:01,081 - INFO - 投票结果: 选择路径 0, 答案: 3528, 置信度: 0.9
2025-08-06 03:11:01,082 - INFO - 投票结果: 选择路径 1, 答案: 150, 置信度: 0.4
2025-08-06 03:11:01,083 - INFO - 投票结果: 选择路径 0, 答案: 1050, 置信度: 1.0
2025-08-06 03:11:01,084 - INFO - 投票结果: 选择路径 0, 答案: 2304, 置信度: 1.0
2025-08-06 03:11:01,084 - INFO - 投票结果: 选择路径 5, 答案: 115, 置信度: 0.3
2025-08-06 03:11:01,085 - INFO - 投票结果: 选择路径 0, 答案: 10000, 置信度: 0.6
2025-08-06 03:11:01,086 - INFO - 投票结果: 选择路径 0, 答案: 410, 置信度: 0.9
2025-08-06 03:11:01,086 - INFO - 投票结果: 选择路径 0, 答案: 32, 置信度: 1.0
2025-08-06 03:11:01,087 - INFO - 投票结果: 选择路径 1, 答案: 120, 置信度: 0.7
2025-08-06 03:11:01,088 - INFO - 投票结果: 选择路径 0, 答案: 29, 置信度: 0.6
2025-08-06 03:11:01,089 - INFO - 投票结果: 选择路径 3, 答案: 140, 置信度: 0.3
2025-08-06 03:11:01,089 - INFO - 投票结果: 选择路径 0, 答案: 80, 置信度: 0.7
2025-08-06 03:11:01,090 - INFO - 投票结果: 选择路径 1, 答案: 200, 置信度: 0.4
2025-08-06 03:11:01,091 - INFO - 投票结果: 选择路径 0, 答案: 2, 置信度: 1.0
2025-08-06 03:11:01,092 - INFO - 投票结果: 选择路径 0, 答案: 9, 置信度: 0.8
2025-08-06 03:11:01,092 - INFO - 投票结果: 选择路径 0, 答案: 100, 置信度: 1.0
2025-08-06 03:11:01,093 - INFO - 投票结果: 选择路径 0, 答案: 40, 置信度: 0.9
2025-08-06 03:11:01,094 - INFO - 投票结果: 选择路径 1, 答案: 250, 置信度: 0.6
2025-08-06 03:11:01,095 - INFO - 投票结果: 选择路径 0, 答案: 5600, 置信度: 0.6
2025-08-06 03:11:01,095 - INFO - 投票结果: 选择路径 0, 答案: 5, 置信度: 0.9
2025-08-06 03:11:01,096 - INFO - 投票结果: 选择路径 0, 答案: 600, 置信度: 1.0
2025-08-06 03:11:01,097 - INFO - 投票结果: 选择路径 0, 答案: 6, 置信度: 1.0
2025-08-06 03:11:01,097 - INFO - 投票结果: 选择路径 0, 答案: 1, 置信度: 1.0
2025-08-06 03:11:01,098 - INFO - 投票结果: 选择路径 0, 答案: 360, 置信度: 0.7
2025-08-06 03:11:01,099 - INFO - 投票结果: 选择路径 0, 答案: 45, 置信度: 1.0
2025-08-06 03:11:01,099 - INFO - 投票结果: 选择路径 0, 答案: 310, 置信度: 1.0
2025-08-06 03:11:01,100 - INFO - 投票结果: 选择路径 2, 答案: 6, 置信度: 0.5
2025-08-06 03:11:01,101 - INFO - 投票结果: 选择路径 0, 答案: 30, 置信度: 1.0
2025-08-06 03:11:01,102 - INFO - 投票结果: 选择路径 0, 答案: 220, 置信度: 1.0
2025-08-06 03:11:01,102 - INFO - 投票结果: 选择路径 0, 答案: 310, 置信度: 1.0
2025-08-06 03:11:01,103 - INFO - 投票结果: 选择路径 0, 答案: 250, 置信度: 0.8
2025-08-06 03:11:01,104 - INFO - 投票结果: 选择路径 0, 答案: 118000, 置信度: 0.6
2025-08-06 03:11:01,105 - INFO - 投票结果: 选择路径 0, 答案: 160, 置信度: 1.0
2025-08-06 03:11:01,105 - INFO - 投票结果: 选择路径 0, 答案: 4, 置信度: 0.9
2025-08-06 03:11:01,106 - INFO - 投票结果: 选择路径 0, 答案: 6, 置信度: 1.0
2025-08-06 03:11:01,107 - INFO - 投票结果: 选择路径 0, 答案: 64, 置信度: 0.5
2025-08-06 03:11:01,108 - INFO - 投票结果: 选择路径 0, 答案: 335, 置信度: 1.0
2025-08-06 03:11:01,108 - INFO - 投票结果: 选择路径 0, 答案: 44, 置信度: 0.8
2025-08-06 03:11:01,109 - INFO - 投票结果: 选择路径 0, 答案: 216, 置信度: 1.0
2025-08-06 03:11:01,110 - INFO - 投票结果: 选择路径 0, 答案: 40, 置信度: 1.0
2025-08-06 03:11:01,111 - INFO - 投票结果: 选择路径 2, 答案: 6, 置信度: 0.4
2025-08-06 03:11:01,111 - INFO - 投票结果: 选择路径 0, 答案: 135, 置信度: 0.5
2025-08-06 03:11:01,112 - INFO - 投票结果: 选择路径 0, 答案: 16, 置信度: 0.7
2025-08-06 03:11:01,113 - INFO - 投票结果: 选择路径 0, 答案: 6, 置信度: 1.0
2025-08-06 03:11:01,114 - INFO - 投票结果: 选择路径 2, 答案: 17, 置信度: 0.8
2025-08-06 03:11:01,115 - INFO - 投票结果: 选择路径 0, 答案: 540, 置信度: 0.9
2025-08-06 03:11:01,115 - INFO - 投票结果: 选择路径 0, 答案: 621, 置信度: 0.9
2025-08-06 03:11:01,116 - INFO - 投票结果: 选择路径 0, 答案: 120, 置信度: 0.9
2025-08-06 03:11:01,117 - INFO - 投票结果: 选择路径 0, 答案: 56, 置信度: 0.7
2025-08-06 03:11:01,117 - INFO - 投票结果: 选择路径 0, 答案: 2, 置信度: 1.0
2025-08-06 03:11:01,118 - INFO - 投票结果: 选择路径 0, 答案: 3, 置信度: 1.0
2025-08-06 03:11:01,119 - INFO - 投票结果: 选择路径 0, 答案: 104, 置信度: 0.9
2025-08-06 03:11:01,119 - INFO - 投票结果: 选择路径 0, 答案: 5, 置信度: 1.0
2025-08-06 03:11:01,120 - INFO - 投票结果: 选择路径 1, 答案: 11, 置信度: 0.3
2025-08-06 03:11:01,121 - INFO - 投票结果: 选择路径 0, 答案: 6, 置信度: 1.0
2025-08-06 03:11:01,122 - INFO - 投票结果: 选择路径 1, 答案: 63.33, 置信度: 0.4
2025-08-06 03:11:01,122 - INFO - 投票结果: 选择路径 0, 答案: 10, 置信度: 1.0
2025-08-06 03:11:01,123 - INFO - 投票结果: 选择路径 0, 答案: 9, 置信度: 0.7
2025-08-06 03:11:01,124 - INFO - 投票结果: 选择路径 0, 答案: 5, 置信度: 1.0
2025-08-06 03:11:01,124 - INFO - 投票结果: 选择路径 0, 答案: 16, 置信度: 0.9
2025-08-06 03:11:01,125 - INFO - 投票结果: 选择路径 1, 答案: 296, 置信度: 0.9
2025-08-06 03:11:01,126 - INFO - 投票结果: 选择路径 3, 答案: 375, 置信度: 0.5
2025-08-06 03:11:01,126 - INFO - 投票结果: 选择路径 3, 答案: 2, 置信度: 0.5
2025-08-06 03:11:01,127 - INFO - 投票结果: 选择路径 0, 答案: 4, 置信度: 0.9
2025-08-06 03:11:01,128 - INFO - 投票结果: 选择路径 0, 答案: 25, 置信度: 1.0
2025-08-06 03:11:01,129 - INFO - 投票结果: 选择路径 3, 答案: 370, 置信度: 0.3
2025-08-06 03:11:01,129 - INFO - 投票结果: 选择路径 0, 答案: 2, 置信度: 0.5
2025-08-06 03:11:01,130 - INFO - 投票结果: 选择路径 0, 答案: 35, 置信度: 0.8
2025-08-06 03:11:01,131 - INFO - 投票结果: 选择路径 0, 答案: 24, 置信度: 1.0
2025-08-06 03:11:01,131 - INFO - 投票结果: 选择路径 1, 答案: \frac{44}{3}, 置信度: 0.3
2025-08-06 03:11:01,132 - INFO - 投票结果: 选择路径 0, 答案: 69, 置信度: 0.7
2025-08-06 03:11:01,133 - INFO - 投票结果: 选择路径 0, 答案: 168, 置信度: 1.0
2025-08-06 03:11:01,134 - INFO - 投票结果: 选择路径 0, 答案: 20, 置信度: 1.0
2025-08-06 03:11:01,134 - INFO - 投票结果: 选择路径 0, 答案: 4, 置信度: 1.0
2025-08-06 03:11:01,135 - INFO - 投票结果: 选择路径 0, 答案: 1596, 置信度: 0.7
2025-08-06 03:11:01,136 - INFO - 投票结果: 选择路径 0, 答案: 150, 置信度: 0.5
2025-08-06 03:11:01,136 - INFO - 投票结果: 选择路径 0, 答案: 20, 置信度: 0.7
2025-08-06 03:11:01,137 - INFO - 投票结果: 选择路径 0, 答案: 2, 置信度: 0.9
2025-08-06 03:11:01,138 - INFO - 投票结果: 选择路径 1, 答案: 14, 置信度: 0.5
2025-08-06 03:11:01,138 - INFO - 投票结果: 选择路径 1, 答案: 3140, 置信度: 0.7
2025-08-06 03:11:01,139 - INFO - 投票结果: 选择路径 0, 答案: 4, 置信度: 1.0
2025-08-06 03:11:01,140 - INFO - 投票结果: 选择路径 0, 答案: 81, 置信度: 1.0
2025-08-06 03:11:01,140 - INFO - 投票结果: 选择路径 2, 答案: 64, 置信度: 0.3
2025-08-06 03:11:01,141 - INFO - 投票结果: 选择路径 0, 答案: 1400, 置信度: 0.8
2025-08-06 03:11:01,142 - INFO - 投票结果: 选择路径 0, 答案: 16.67, 置信度: 0.2
2025-08-06 03:11:01,143 - INFO - 投票结果: 选择路径 1, 答案: 30, 置信度: 0.6
2025-08-06 03:11:01,143 - INFO - 投票结果: 选择路径 0, 答案: 26, 置信度: 1.0
2025-08-06 03:11:01,144 - INFO - 投票结果: 选择路径 0, 答案: 13, 置信度: 0.9
2025-08-06 03:11:01,145 - INFO - 投票结果: 选择路径 0, 答案: 623, 置信度: 0.6
2025-08-06 03:11:01,145 - INFO - 投票结果: 选择路径 0, 答案: 92, 置信度: 1.0
2025-08-06 03:11:01,146 - INFO - 投票结果: 选择路径 0, 答案: 20, 置信度: 0.5
2025-08-06 03:11:01,147 - INFO - 投票结果: 选择路径 0, 答案: 55, 置信度: 1.0
2025-08-06 03:11:01,147 - INFO - 投票结果: 选择路径 0, 答案: 90, 置信度: 1.0
2025-08-06 03:11:01,148 - INFO - 投票结果: 选择路径 1, 答案: 75, 置信度: 0.5
2025-08-06 03:11:01,149 - INFO - 投票结果: 选择路径 0, 答案: 10, 置信度: 1.0
2025-08-06 03:11:01,150 - INFO - 投票结果: 选择路径 0, 答案: 70, 置信度: 1.0
2025-08-06 03:11:01,150 - INFO - 投票结果: 选择路径 4, 答案: 4, 置信度: 0.5
2025-08-06 03:11:01,151 - INFO - 投票结果: 选择路径 0, 答案: 2450, 置信度: 0.6
2025-08-06 03:11:01,152 - INFO - 投票结果: 选择路径 1, 答案: 18, 置信度: 0.3
2025-08-06 03:11:01,152 - INFO - 投票结果: 选择路径 1, 答案: 372000, 置信度: 0.4
2025-08-06 03:11:01,153 - INFO - 投票结果: 选择路径 0, 答案: 38, 置信度: 1.0
2025-08-06 03:11:01,154 - INFO - 投票结果: 选择路径 0, 答案: 300, 置信度: 0.9
2025-08-06 03:11:01,155 - INFO - 投票结果: 选择路径 1, 答案: 75, 置信度: 0.8
2025-08-06 03:11:01,155 - INFO - 投票结果: 选择路径 1, 答案: 360, 置信度: 0.4
2025-08-06 03:11:01,156 - INFO - 投票结果: 选择路径 0, 答案: 18, 置信度: 0.6
2025-08-06 03:11:01,157 - INFO - 投票结果: 选择路径 1, 答案: 9500, 置信度: 0.8
2025-08-06 03:11:01,157 - INFO - 投票结果: 选择路径 0, 答案: 7, 置信度: 1.0
2025-08-06 03:11:01,158 - INFO - 投票结果: 选择路径 0, 答案: 336, 置信度: 1.0
2025-08-06 03:11:01,159 - INFO - 投票结果: 选择路径 1, 答案: 71.663616, 置信度: 0.2
2025-08-06 03:11:01,159 - INFO - 投票结果: 选择路径 0, 答案: 78, 置信度: 1.0
2025-08-06 03:11:01,160 - INFO - 投票结果: 选择路径 0, 答案: 155, 置信度: 0.4
2025-08-06 03:11:01,161 - INFO - 投票结果: 选择路径 1, 答案: 15, 置信度: 0.6
2025-08-06 03:11:01,162 - INFO - 投票结果: 选择路径 0, 答案: 375, 置信度: 0.9
2025-08-06 03:11:01,162 - INFO - 投票结果: 选择路径 0, 答案: 54, 置信度: 0.7
2025-08-06 03:11:01,163 - INFO - 投票结果: 选择路径 2, 答案: 6400, 置信度: 0.6
2025-08-06 03:11:01,164 - INFO - 投票结果: 选择路径 0, 答案: 14, 置信度: 0.8
2025-08-06 03:11:01,164 - INFO - 投票结果: 选择路径 1, 答案: 7, 置信度: 0.6
2025-08-06 03:11:01,165 - INFO - 投票结果: 选择路径 0, 答案: 100, 置信度: 0.7
2025-08-06 03:11:01,166 - INFO - 投票结果: 选择路径 0, 答案: 450, 置信度: 0.6
2025-08-06 03:11:01,166 - INFO - 投票结果: 选择路径 0, 答案: 5800, 置信度: 0.4
2025-08-06 03:11:01,167 - INFO - 投票结果: 选择路径 3, 答案: 43, 置信度: 0.4
2025-08-06 03:11:01,168 - INFO - 投票结果: 选择路径 0, 答案: 6, 置信度: 1.0
2025-08-06 03:11:01,169 - INFO - 投票结果: 选择路径 0, 答案: 1200, 置信度: 0.7
2025-08-06 03:11:01,169 - INFO - 投票结果: 选择路径 0, 答案: 24, 置信度: 0.8
2025-08-06 03:11:01,170 - INFO - 投票结果: 选择路径 1, 答案: 14, 置信度: 0.7
2025-08-06 03:11:01,171 - INFO - 投票结果: 选择路径 2, 答案: 28.33, 置信度: 0.4
2025-08-06 03:11:01,171 - INFO - 投票结果: 选择路径 0, 答案: 230, 置信度: 0.7
2025-08-06 03:11:01,172 - INFO - 投票结果: 选择路径 1, 答案: 20, 置信度: 0.3
2025-08-06 03:11:01,173 - INFO - 投票结果: 选择路径 1, 答案: 40, 置信度: 0.7
2025-08-06 03:11:01,174 - INFO - 投票结果: 选择路径 1, 答案: 14, 置信度: 0.8
2025-08-06 03:11:01,174 - INFO - 投票结果: 选择路径 0, 答案: 20, 置信度: 1.0
2025-08-06 03:11:01,175 - INFO - 投票结果: 选择路径 2, 答案: 180, 置信度: 0.4
2025-08-06 03:11:01,176 - INFO - 投票结果: 选择路径 0, 答案: 3, 置信度: 1.0
2025-08-06 03:11:01,176 - INFO - 投票结果: 选择路径 2, 答案: 102, 置信度: 0.2
2025-08-06 03:11:01,177 - INFO - 投票结果: 选择路径 0, 答案: 64, 置信度: 0.8
2025-08-06 03:11:01,178 - INFO - 投票结果: 选择路径 0, 答案: 48, 置信度: 1.0
2025-08-06 03:11:01,178 - INFO - 投票结果: 选择路径 0, 答案: 4, 置信度: 1.0
2025-08-06 03:11:01,179 - INFO - 投票结果: 选择路径 1, 答案: 14, 置信度: 0.9
2025-08-06 03:11:01,180 - INFO - 投票结果: 选择路径 0, 答案: 5600, 置信度: 0.3
2025-08-06 03:11:01,180 - INFO - 投票结果: 选择路径 0, 答案: 15, 置信度: 0.3
2025-08-06 03:11:01,181 - INFO - 投票结果: 选择路径 0, 答案: 144, 置信度: 0.8
2025-08-06 03:11:01,182 - INFO - 投票结果: 选择路径 2, 答案: 560, 置信度: 0.5
2025-08-06 03:11:01,183 - INFO - 投票结果: 选择路径 0, 答案: 428, 置信度: 1.0
2025-08-06 03:11:01,183 - INFO - 投票结果: 选择路径 0, 答案: 665, 置信度: 1.0
2025-08-06 03:11:01,184 - INFO - 投票结果: 选择路径 0, 答案: 7500, 置信度: 0.4
2025-08-06 03:11:01,185 - INFO - 投票结果: 选择路径 0, 答案: 2.5, 置信度: 0.7
2025-08-06 03:11:01,185 - INFO - 投票结果: 选择路径 0, 答案: 90, 置信度: 0.7
2025-08-06 03:11:01,186 - INFO - 投票结果: 选择路径 0, 答案: 570, 置信度: 1.0
2025-08-06 03:11:01,187 - INFO - 投票结果: 选择路径 0, 答案: 5, 置信度: 1.0
2025-08-06 03:11:01,187 - INFO - 投票结果: 选择路径 1, 答案: 86, 置信度: 0.6
2025-08-06 03:11:01,188 - INFO - 投票结果: 选择路径 0, 答案: 160, 置信度: 1.0
2025-08-06 03:11:01,189 - INFO - 投票结果: 选择路径 0, 答案: 6, 置信度: 1.0
2025-08-06 03:11:01,191 - INFO - 投票结果: 选择路径 1, 答案: 6000, 置信度: 0.7
2025-08-06 03:11:01,191 - INFO - 投票结果: 选择路径 0, 答案: 800, 置信度: 0.6
2025-08-06 03:11:01,192 - INFO - 投票结果: 选择路径 0, 答案: 1, 置信度: 1.0
2025-08-06 03:11:01,193 - INFO - 投票结果: 选择路径 0, 答案: 4, 置信度: 0.5
2025-08-06 03:11:01,194 - INFO - 投票结果: 选择路径 0, 答案: 31, 置信度: 0.8
2025-08-06 03:11:01,194 - INFO - 投票结果: 选择路径 0, 答案: 276000, 置信度: 1.0
2025-08-06 03:11:01,195 - INFO - 投票结果: 选择路径 0, 答案: 482, 置信度: 1.0
2025-08-06 03:11:01,196 - INFO - 投票结果: 选择路径 0, 答案: 100, 置信度: 1.0
2025-08-06 03:11:01,196 - INFO - 投票结果: 选择路径 0, 答案: 21, 置信度: 0.9
2025-08-06 03:11:01,197 - INFO - 投票结果: 选择路径 0, 答案: 40, 置信度: 1.0
2025-08-06 03:11:01,198 - INFO - 投票结果: 选择路径 0, 答案: 180000, 置信度: 1.0
2025-08-06 03:11:01,198 - INFO - 投票结果: 选择路径 0, 答案: 14, 置信度: 0.8
2025-08-06 03:11:01,199 - INFO - 投票结果: 选择路径 0, 答案: 54, 置信度: 0.7
2025-08-06 03:11:01,200 - INFO - 投票结果: 选择路径 2, 答案: 5, 置信度: 0.7
2025-08-06 03:11:01,201 - INFO - 投票结果: 选择路径 0, 答案: 48, 置信度: 0.9
2025-08-06 03:11:01,201 - INFO - 投票结果: 选择路径 0, 答案: 390, 置信度: 0.4
2025-08-06 03:11:01,202 - INFO - 投票结果: 选择路径 0, 答案: 22, 置信度: 1.0
2025-08-06 03:11:01,203 - INFO - 投票结果: 选择路径 0, 答案: 12, 置信度: 0.7
2025-08-06 03:11:01,203 - INFO - 投票结果: 选择路径 1, 答案: 18000, 置信度: 0.8
2025-08-06 03:11:01,204 - INFO - 投票结果: 选择路径 0, 答案: 8642, 置信度: 0.8
2025-08-06 03:11:01,205 - INFO - 投票结果: 选择路径 0, 答案: 10, 置信度: 0.8
2025-08-06 03:11:01,205 - INFO - 投票结果: 选择路径 0, 答案: 9, 置信度: 0.4
2025-08-06 03:11:01,206 - INFO - 投票结果: 选择路径 0, 答案: 22, 置信度: 1.0
2025-08-06 03:11:01,207 - INFO - 投票结果: 选择路径 1, 答案: 61, 置信度: 0.4
2025-08-06 03:11:01,207 - INFO - 投票结果: 选择路径 0, 答案: 10, 置信度: 0.7
2025-08-06 03:11:01,208 - INFO - 投票结果: 选择路径 0, 答案: 15, 置信度: 0.8
2025-08-06 03:11:01,209 - INFO - 投票结果: 选择路径 0, 答案: 14, 置信度: 1.0
2025-08-06 03:11:01,210 - INFO - 投票结果: 选择路径 0, 答案: 14, 置信度: 1.0
2025-08-06 03:11:01,210 - INFO - 投票结果: 选择路径 0, 答案: 4, 置信度: 1.0
2025-08-06 03:11:01,211 - INFO - 投票结果: 选择路径 0, 答案: 3000, 置信度: 0.6
2025-08-06 03:11:01,212 - INFO - 投票结果: 选择路径 0, 答案: 4, 置信度: 0.6
2025-08-06 03:11:01,212 - INFO - 投票结果: 选择路径 3, 答案: 446, 置信度: 0.4
2025-08-06 03:11:01,213 - INFO - 投票结果: 选择路径 0, 答案: 1080, 置信度: 0.9
2025-08-06 03:11:01,214 - INFO - 投票结果: 选择路径 2, 答案: 84, 置信度: 0.5
2025-08-06 03:11:01,215 - INFO - 投票结果: 选择路径 0, 答案: 91, 置信度: 0.8
2025-08-06 03:11:01,216 - INFO - 投票结果: 选择路径 0, 答案: 18, 置信度: 0.6
2025-08-06 03:11:01,217 - INFO - 投票结果: 选择路径 0, 答案: 180, 置信度: 1.0
2025-08-06 03:11:01,218 - INFO - 投票结果: 选择路径 1, 答案: 350, 置信度: 0.4
2025-08-06 03:11:01,218 - INFO - 投票结果: 选择路径 0, 答案: 6, 置信度: 0.3
2025-08-06 03:11:01,219 - INFO - 投票结果: 选择路径 0, 答案: 129200, 置信度: 1.0
2025-08-06 03:11:01,220 - INFO - 投票结果: 选择路径 0, 答案: 10, 置信度: 1.0
2025-08-06 03:11:01,220 - INFO - 投票结果: 选择路径 0, 答案: 14, 置信度: 0.9
2025-08-06 03:11:01,221 - INFO - 投票结果: 选择路径 0, 答案: 12, 置信度: 1.0
2025-08-06 03:11:01,222 - INFO - 投票结果: 选择路径 0, 答案: 68, 置信度: 0.6
2025-08-06 03:11:01,223 - INFO - 投票结果: 选择路径 0, 答案: 58, 置信度: 1.0
2025-08-06 03:11:01,223 - INFO - 投票结果: 选择路径 0, 答案: 40, 置信度: 0.9
2025-08-06 03:11:01,224 - INFO - 投票结果: 选择路径 1, 答案: 132, 置信度: 0.9
2025-08-06 03:11:01,225 - INFO - 投票结果: 选择路径 0, 答案: 120, 置信度: 1.0
2025-08-06 03:11:01,225 - INFO - 投票结果: 选择路径 0, 答案: 120, 置信度: 0.9
2025-08-06 03:11:01,226 - INFO - 投票结果: 选择路径 0, 答案: 120, 置信度: 0.8
2025-08-06 03:11:01,227 - INFO - 投票结果: 选择路径 0, 答案: 15, 置信度: 1.0
2025-08-06 03:11:01,227 - INFO - 投票结果: 选择路径 0, 答案: 576, 置信度: 1.0
2025-08-06 03:11:01,228 - INFO - 投票结果: 选择路径 0, 答案: 5, 置信度: 0.9
2025-08-06 03:11:01,229 - INFO - 投票结果: 选择路径 0, 答案: 20, 置信度: 0.9
2025-08-06 03:11:01,230 - INFO - 投票结果: 选择路径 0, 答案: 40, 置信度: 0.7
2025-08-06 03:11:01,230 - INFO - 投票结果: 选择路径 0, 答案: 23, 置信度: 0.9
2025-08-06 03:11:01,231 - INFO - 投票结果: 选择路径 1, 答案: 156, 置信度: 0.9
2025-08-06 03:11:01,232 - INFO - 投票结果: 选择路径 1, 答案: 280, 置信度: 0.4
2025-08-06 03:11:01,232 - INFO - 投票结果: 选择路径 1, 答案: 4, 置信度: 0.6
2025-08-06 03:11:01,233 - INFO - 投票结果: 选择路径 0, 答案: 2, 置信度: 1.0
2025-08-06 03:11:01,234 - INFO - 投票结果: 选择路径 0, 答案: 120, 置信度: 1.0
2025-08-06 03:11:01,235 - INFO - 投票结果: 选择路径 0, 答案: 52, 置信度: 0.3
2025-08-06 03:11:01,235 - INFO - 投票结果: 选择路径 0, 答案: 15, 置信度: 1.0
2025-08-06 03:11:01,236 - INFO - 投票结果: 选择路径 0, 答案: 9, 置信度: 1.0
2025-08-06 03:11:01,237 - INFO - 投票结果: 选择路径 2, 答案: 120, 置信度: 0.3
2025-08-06 03:11:01,237 - INFO - 投票结果: 选择路径 1, 答案: 20, 置信度: 0.8
2025-08-06 03:11:01,238 - INFO - 投票结果: 选择路径 0, 答案: 30, 置信度: 0.8
2025-08-06 03:11:01,239 - INFO - 投票结果: 选择路径 0, 答案: 80, 置信度: 0.8
2025-08-06 03:11:01,239 - INFO - 投票结果: 选择路径 0, 答案: 5, 置信度: 1.0
2025-08-06 03:11:01,240 - INFO - 投票结果: 选择路径 0, 答案: 5, 置信度: 0.9
2025-08-06 03:11:01,241 - INFO - 投票结果: 选择路径 0, 答案: 80, 置信度: 1.0
2025-08-06 03:11:01,242 - INFO - 投票结果: 选择路径 0, 答案: 38, 置信度: 0.9
2025-08-06 03:11:01,242 - INFO - 投票结果: 选择路径 0, 答案: 42, 置信度: 0.8
2025-08-06 03:11:01,243 - INFO - 投票结果: 选择路径 0, 答案: 3, 置信度: 1.0
2025-08-06 03:11:01,244 - INFO - 投票结果: 选择路径 0, 答案: 50, 置信度: 1.0
2025-08-06 03:11:01,244 - INFO - 投票结果: 选择路径 0, 答案: 17, 置信度: 1.0
2025-08-06 03:11:01,245 - INFO - 投票结果: 选择路径 5, 答案: 17, 置信度: 0.2
2025-08-06 03:11:01,246 - INFO - 投票结果: 选择路径 0, 答案: 20, 置信度: 0.6
2025-08-06 03:11:01,246 - INFO - 投票结果: 选择路径 1, 答案: 170, 置信度: 0.3
2025-08-06 03:11:01,247 - INFO - 投票结果: 选择路径 0, 答案: 20, 置信度: 0.3
2025-08-06 03:11:01,248 - INFO - 投票结果: 选择路径 0, 答案: 45, 置信度: 0.8
2025-08-06 03:11:01,249 - INFO - 投票结果: 选择路径 0, 答案: 11, 置信度: 0.7
2025-08-06 03:11:01,249 - INFO - 投票结果: 选择路径 0, 答案: 10, 置信度: 1.0
2025-08-06 03:11:01,250 - INFO - 投票结果: 选择路径 0, 答案: 318, 置信度: 0.4
2025-08-06 03:11:01,251 - INFO - 投票结果: 选择路径 2, 答案: 92, 置信度: 0.6
2025-08-06 03:11:01,251 - INFO - 投票结果: 选择路径 0, 答案: 70, 置信度: 1.0
2025-08-06 03:11:01,252 - INFO - 投票结果: 选择路径 0, 答案: 62, 置信度: 0.6
2025-08-06 03:11:01,253 - INFO - 投票结果: 选择路径 0, 答案: 1509, 置信度: 1.0
2025-08-06 03:11:01,253 - INFO - 投票结果: 选择路径 0, 答案: 2, 置信度: 1.0
2025-08-06 03:11:01,254 - INFO - 投票结果: 选择路径 0, 答案: 1, 置信度: 1.0
2025-08-06 03:11:01,255 - INFO - 投票结果: 选择路径 0, 答案: 1170, 置信度: 1.0
2025-08-06 03:11:01,256 - INFO - 投票结果: 选择路径 0, 答案: 28, 置信度: 0.7
2025-08-06 03:11:01,256 - INFO - 投票结果: 选择路径 0, 答案: 20, 置信度: 1.0
2025-08-06 03:11:01,257 - INFO - 投票结果: 选择路径 0, 答案: 20, 置信度: 1.0
2025-08-06 03:11:01,258 - INFO - 投票结果: 选择路径 2, 答案: 65960, 置信度: 0.4
2025-08-06 03:11:01,258 - INFO - 投票结果: 选择路径 0, 答案: 16, 置信度: 0.4
2025-08-06 03:11:01,259 - INFO - 投票结果: 选择路径 0, 答案: 575, 置信度: 0.7
2025-08-06 03:11:01,260 - INFO - 投票结果: 选择路径 0, 答案: 60, 置信度: 0.9
2025-08-06 03:11:01,260 - INFO - 投票结果: 选择路径 1, 答案: 4200, 置信度: 0.6
2025-08-06 03:11:01,261 - INFO - 投票结果: 选择路径 1, 答案: 24, 置信度: 0.5
2025-08-06 03:11:01,262 - INFO - 投票结果: 选择路径 3, 答案: 71, 置信度: 0.6
2025-08-06 03:11:01,263 - INFO - 投票结果: 选择路径 1, 答案: 70, 置信度: 0.7
2025-08-06 03:11:01,263 - INFO - 投票结果: 选择路径 0, 答案: 25, 置信度: 0.8
2025-08-06 03:11:01,264 - INFO - 投票结果: 选择路径 0, 答案: 160, 置信度: 0.9
2025-08-06 03:11:01,265 - INFO - 投票结果: 选择路径 0, 答案: 398, 置信度: 0.7
2025-08-06 03:11:01,265 - INFO - 投票结果: 选择路径 0, 答案: 5, 置信度: 1.0
2025-08-06 03:11:01,266 - INFO - 投票结果: 选择路径 0, 答案: 42000, 置信度: 0.9
2025-08-06 03:11:01,267 - INFO - 投票结果: 选择路径 1, 答案: 39, 置信度: 0.6
2025-08-06 03:11:01,267 - INFO - 投票结果: 选择路径 0, 答案: 20, 置信度: 0.6
2025-08-06 03:11:01,268 - INFO - 投票结果: 选择路径 2, 答案: 4, 置信度: 0.5
2025-08-06 03:11:01,269 - INFO - 投票结果: 选择路径 0, 答案: 40, 置信度: 0.9
2025-08-06 03:11:01,270 - INFO - 投票结果: 选择路径 0, 答案: 100, 置信度: 1.0
2025-08-06 03:11:01,270 - INFO - 投票结果: 选择路径 0, 答案: 60, 置信度: 1.0
2025-08-06 03:11:01,271 - INFO - 投票结果: 选择路径 0, 答案: 100, 置信度: 1.0
2025-08-06 03:11:01,272 - INFO - 投票结果: 选择路径 0, 答案: 72, 置信度: 0.8
2025-08-06 03:11:01,272 - INFO - 投票结果: 选择路径 0, 答案: 20, 置信度: 1.0
2025-08-06 03:11:01,273 - INFO - 投票结果: 选择路径 1, 答案: 6277, 置信度: 0.7
2025-08-06 03:11:01,274 - INFO - 投票结果: 选择路径 0, 答案: 9, 置信度: 0.2
2025-08-06 03:11:01,274 - INFO - 投票结果: 选择路径 0, 答案: 26, 置信度: 1.0
2025-08-06 03:11:01,275 - INFO - 投票结果: 选择路径 1, 答案: 45, 置信度: 0.2
2025-08-06 03:11:01,276 - INFO - 投票结果: 选择路径 0, 答案: 12, 置信度: 1.0
2025-08-06 03:11:01,276 - INFO - 投票结果: 选择路径 5, 答案: 240, 置信度: 0.2
2025-08-06 03:11:01,277 - INFO - 投票结果: 选择路径 0, 答案: 20, 置信度: 0.5
2025-08-06 03:11:01,278 - INFO - 投票结果: 选择路径 0, 答案: 32, 置信度: 0.9
2025-08-06 03:11:01,278 - INFO - 投票结果: 选择路径 0, 答案: 20, 置信度: 0.9
2025-08-06 03:11:01,279 - INFO - 投票结果: 选择路径 0, 答案: 20, 置信度: 1.0
2025-08-06 03:11:01,280 - INFO - 投票结果: 选择路径 0, 答案: 320, 置信度: 1.0
2025-08-06 03:11:01,281 - INFO - 投票结果: 选择路径 0, 答案: 77, 置信度: 1.0
2025-08-06 03:11:01,281 - INFO - 投票结果: 选择路径 0, 答案: 9, 置信度: 0.7
2025-08-06 03:11:01,282 - INFO - 投票结果: 选择路径 0, 答案: 1, 置信度: 0.6
2025-08-06 03:11:01,283 - INFO - 投票结果: 选择路径 0, 答案: 1248, 置信度: 0.5
2025-08-06 03:11:01,283 - INFO - 投票结果: 选择路径 0, 答案: 15, 置信度: 0.9
2025-08-06 03:11:01,284 - INFO - 投票结果: 选择路径 0, 答案: 16, 置信度: 0.9
2025-08-06 03:11:01,285 - INFO - 投票结果: 选择路径 0, 答案: 2, 置信度: 1.0
2025-08-06 03:11:01,285 - INFO - 投票结果: 选择路径 0, 答案: 70, 置信度: 0.2
2025-08-06 03:11:01,286 - INFO - 投票结果: 选择路径 0, 答案: 60, 置信度: 1.0
2025-08-06 03:11:01,287 - INFO - 投票结果: 选择路径 0, 答案: 450, 置信度: 0.3
2025-08-06 03:11:01,287 - INFO - 投票结果: 选择路径 0, 答案: 84, 置信度: 0.9
2025-08-06 03:11:01,288 - INFO - 投票结果: 选择路径 2, 答案: 100, 置信度: 0.2
2025-08-06 03:11:01,289 - INFO - 投票结果: 选择路径 1, 答案: 300, 置信度: 0.9
2025-08-06 03:11:01,290 - INFO - 投票结果: 选择路径 0, 答案: 50, 置信度: 1.0
2025-08-06 03:11:01,290 - INFO - 投票结果: 选择路径 0, 答案: 14, 置信度: 0.9
2025-08-06 03:11:01,291 - INFO - 投票结果: 选择路径 0, 答案: 291, 置信度: 0.3
2025-08-06 03:11:01,292 - INFO - 投票结果: 选择路径 0, 答案: 12, 置信度: 1.0
2025-08-06 03:11:01,293 - INFO - 投票结果: 选择路径 0, 答案: 1240, 置信度: 1.0
2025-08-06 03:11:01,293 - INFO - 投票结果: 选择路径 0, 答案: 8, 置信度: 1.0
2025-08-06 03:11:01,294 - INFO - 投票结果: 选择路径 4, 答案: 107, 置信度: 0.3
2025-08-06 03:11:01,295 - INFO - 投票结果: 选择路径 1, 答案: 2, 置信度: 0.4
2025-08-06 03:11:01,295 - INFO - 投票结果: 选择路径 0, 答案: 2, 置信度: 1.0
2025-08-06 03:11:01,296 - INFO - 投票结果: 选择路径 4, 答案: 268, 置信度: 0.4
2025-08-06 03:11:01,297 - INFO - 投票结果: 选择路径 0, 答案: 160, 置信度: 1.0
2025-08-06 03:11:01,297 - INFO - 投票结果: 选择路径 0, 答案: 1128, 置信度: 0.5
2025-08-06 03:11:01,298 - INFO - 投票结果: 选择路径 0, 答案: 6250, 置信度: 1.0
2025-08-06 03:11:01,299 - INFO - 投票结果: 选择路径 0, 答案: 5, 置信度: 1.0
2025-08-06 03:11:01,299 - INFO - 投票结果: 选择路径 0, 答案: 500, 置信度: 1.0
2025-08-06 03:11:01,300 - INFO - 投票结果: 选择路径 0, 答案: 6, 置信度: 0.4
2025-08-06 03:11:01,301 - INFO - 投票结果: 选择路径 0, 答案: 34, 置信度: 1.0
2025-08-06 03:11:01,302 - INFO - 投票结果: 选择路径 0, 答案: 60, 置信度: 0.9
2025-08-06 03:11:01,302 - INFO - 投票结果: 选择路径 3, 答案: 4, 置信度: 0.3
2025-08-06 03:11:01,303 - INFO - 投票结果: 选择路径 0, 答案: 56, 置信度: 0.6
2025-08-06 03:11:01,304 - INFO - 投票结果: 选择路径 0, 答案: 74, 置信度: 1.0
2025-08-06 03:11:01,304 - INFO - 投票结果: 选择路径 0, 答案: 5, 置信度: 0.9
2025-08-06 03:11:01,305 - INFO - 投票结果: 选择路径 0, 答案: 600, 置信度: 0.9
2025-08-06 03:11:01,306 - INFO - 投票结果: 选择路径 2, 答案: 20, 置信度: 0.6
2025-08-06 03:11:01,306 - INFO - 投票结果: 选择路径 0, 答案: 23, 置信度: 1.0
2025-08-06 03:11:01,307 - INFO - 投票结果: 选择路径 0, 答案: 20, 置信度: 1.0
2025-08-06 03:11:01,308 - INFO - 投票结果: 选择路径 1, 答案: 80, 置信度: 0.8
2025-08-06 03:11:01,308 - INFO - 投票结果: 选择路径 0, 答案: 43, 置信度: 0.9
2025-08-06 03:11:01,309 - INFO - 投票结果: 选择路径 0, 答案: 720, 置信度: 1.0
2025-08-06 03:11:01,310 - INFO - 投票结果: 选择路径 0, 答案: 4, 置信度: 0.9
2025-08-06 03:11:01,310 - INFO - 投票结果: 选择路径 0, 答案: 9, 置信度: 1.0
2025-08-06 03:11:01,311 - INFO - 投票结果: 选择路径 2, 答案: 40, 置信度: 0.2
2025-08-06 03:11:01,312 - INFO - 投票结果: 选择路径 0, 答案: 8, 置信度: 1.0
2025-08-06 03:11:01,313 - INFO - 投票结果: 选择路径 1, 答案: 16, 置信度: 0.5
2025-08-06 03:11:01,313 - INFO - 投票结果: 选择路径 0, 答案: 4, 置信度: 0.4
2025-08-06 03:11:01,314 - INFO - 投票结果: 选择路径 0, 答案: 47, 置信度: 0.9
2025-08-06 03:11:01,315 - INFO - 投票结果: 选择路径 0, 答案: 240000, 置信度: 0.8
2025-08-06 03:11:01,315 - INFO - 投票结果: 选择路径 0, 答案: 14, 置信度: 0.6
2025-08-06 03:11:01,316 - INFO - 投票结果: 选择路径 0, 答案: 26, 置信度: 1.0
2025-08-06 03:11:01,317 - INFO - 投票结果: 选择路径 1, 答案: 2.67, 置信度: 0.4
2025-08-06 03:11:01,317 - INFO - 投票结果: 选择路径 0, 答案: 25, 置信度: 0.4
2025-08-06 03:11:01,318 - INFO - 投票结果: 选择路径 1, 答案: 5, 置信度: 0.6
2025-08-06 03:11:01,319 - INFO - 投票结果: 选择路径 0, 答案: 5, 置信度: 1.0
2025-08-06 03:11:01,319 - INFO - 投票结果: 选择路径 2, 答案: 260, 置信度: 0.5
2025-08-06 03:11:01,320 - INFO - 投票结果: 选择路径 0, 答案: 67, 置信度: 0.8
2025-08-06 03:11:01,321 - INFO - 投票结果: 选择路径 0, 答案: 144, 置信度: 0.9
2025-08-06 03:11:01,322 - INFO - 投票结果: 选择路径 1, 答案: 75, 置信度: 0.8
2025-08-06 03:11:01,322 - INFO - 投票结果: 选择路径 0, 答案: 3, 置信度: 1.0
2025-08-06 03:11:01,323 - INFO - 投票结果: 选择路径 0, 答案: 4, 置信度: 1.0
2025-08-06 03:11:01,324 - INFO - 投票结果: 选择路径 0, 答案: 2000, 置信度: 1.0
2025-08-06 03:11:01,325 - INFO - 投票结果: 选择路径 2, 答案: 68, 置信度: 0.4
2025-08-06 03:11:01,325 - INFO - 投票结果: 选择路径 0, 答案: 8, 置信度: 1.0
2025-08-06 03:11:01,326 - INFO - 投票结果: 选择路径 0, 答案: 100, 置信度: 1.0
2025-08-06 03:11:01,327 - INFO - 投票结果: 选择路径 0, 答案: 60, 置信度: 0.5
2025-08-06 03:11:01,327 - INFO - 投票结果: 选择路径 0, 答案: 460, 置信度: 1.0
2025-08-06 03:11:01,328 - INFO - 投票结果: 选择路径 0, 答案: 10, 置信度: 0.6
2025-08-06 03:11:01,329 - INFO - 投票结果: 选择路径 0, 答案: 750, 置信度: 0.9
2025-08-06 03:11:01,329 - INFO - 投票结果: 选择路径 0, 答案: 255, 置信度: 1.0
2025-08-06 03:11:01,330 - INFO - 投票结果: 选择路径 0, 答案: 240, 置信度: 0.8
2025-08-06 03:11:01,331 - INFO - 投票结果: 选择路径 0, 答案: 50, 置信度: 1.0
2025-08-06 03:11:01,331 - INFO - 投票结果: 选择路径 0, 答案: 60000, 置信度: 1.0
2025-08-06 03:11:01,332 - INFO - 投票结果: 选择路径 0, 答案: 97, 置信度: 0.5
2025-08-06 03:11:01,333 - INFO - 投票结果: 选择路径 3, 答案: 70, 置信度: 0.2
2025-08-06 03:11:01,334 - INFO - 投票结果: 选择路径 2, 答案: 75, 置信度: 0.4
2025-08-06 03:11:01,334 - INFO - 投票结果: 选择路径 0, 答案: 13, 置信度: 1.0
2025-08-06 03:11:01,335 - INFO - 投票结果: 选择路径 0, 答案: 4, 置信度: 0.9
2025-08-06 03:11:01,336 - INFO - 投票结果: 选择路径 3, 答案: 210, 置信度: 0.2
2025-08-06 03:11:01,336 - INFO - 投票结果: 选择路径 0, 答案: 540, 置信度: 1.0
2025-08-06 03:11:01,337 - INFO - 投票结果: 选择路径 0, 答案: 104, 置信度: 1.0
2025-08-06 03:11:01,338 - INFO - 投票结果: 选择路径 1, 答案: 27, 置信度: 0.6
2025-08-06 03:11:01,338 - INFO - 投票结果: 选择路径 0, 答案: 75, 置信度: 1.0
2025-08-06 03:11:01,339 - INFO - 投票结果: 选择路径 1, 答案: 75, 置信度: 0.3
2025-08-06 03:11:01,340 - INFO - 投票结果: 选择路径 0, 答案: 120, 置信度: 0.7
2025-08-06 03:11:01,340 - INFO - 投票结果: 选择路径 0, 答案: 348, 置信度: 0.4
2025-08-06 03:11:01,341 - INFO - 投票结果: 选择路径 0, 答案: 15, 置信度: 0.9
2025-08-06 03:11:01,342 - INFO - 投票结果: 选择路径 0, 答案: 247, 置信度: 0.5
2025-08-06 03:11:01,343 - INFO - 投票结果: 选择路径 2, 答案: 12, 置信度: 0.5
2025-08-06 03:11:01,343 - INFO - 投票结果: 选择路径 0, 答案: 85000, 置信度: 0.9
2025-08-06 03:11:01,344 - INFO - 投票结果: 选择路径 1, 答案: 20, 置信度: 0.4
2025-08-06 03:11:01,345 - INFO - 投票结果: 选择路径 0, 答案: 19, 置信度: 0.4
2025-08-06 03:11:01,346 - INFO - 投票结果: 选择路径 0, 答案: 18, 置信度: 1.0
2025-08-06 03:11:01,347 - INFO - 投票结果: 选择路径 0, 答案: 3, 置信度: 1.0
2025-08-06 03:11:01,347 - INFO - 投票结果: 选择路径 0, 答案: 12, 置信度: 1.0
2025-08-06 03:11:01,348 - INFO - 投票结果: 选择路径 0, 答案: 160000, 置信度: 0.9
2025-08-06 03:11:01,349 - INFO - 投票结果: 选择路径 0, 答案: 50, 置信度: 0.9
2025-08-06 03:11:01,349 - INFO - 投票结果: 选择路径 0, 答案: 76, 置信度: 1.0
2025-08-06 03:11:01,350 - INFO - 投票结果: 选择路径 0, 答案: 10, 置信度: 1.0
2025-08-06 03:11:01,351 - INFO - 投票结果: 选择路径 0, 答案: 17, 置信度: 0.8
2025-08-06 03:11:01,351 - INFO - 投票结果: 选择路径 0, 答案: 44, 置信度: 1.0
2025-08-06 03:11:01,352 - INFO - 投票结果: 选择路径 0, 答案: 76, 置信度: 0.7
2025-08-06 03:11:01,353 - INFO - 投票结果: 选择路径 0, 答案: 3, 置信度: 1.0
2025-08-06 03:11:01,353 - INFO - 投票结果: 选择路径 0, 答案: 40, 置信度: 0.9
2025-08-06 03:11:01,354 - INFO - 投票结果: 选择路径 0, 答案: 15, 置信度: 0.9
2025-08-06 03:11:01,355 - INFO - 投票结果: 选择路径 0, 答案: 10, 置信度: 0.8
2025-08-06 03:11:01,355 - INFO - 投票结果: 选择路径 0, 答案: 16, 置信度: 1.0
2025-08-06 03:11:01,356 - INFO - 投票结果: 选择路径 0, 答案: 28, 置信度: 1.0
2025-08-06 03:11:01,357 - INFO - 投票结果: 选择路径 0, 答案: 64, 置信度: 0.9
2025-08-06 03:11:01,358 - INFO - 投票结果: 选择路径 0, 答案: 1125, 置信度: 1.0
2025-08-06 03:11:01,358 - INFO - 投票结果: 选择路径 0, 答案: 8, 置信度: 1.0
2025-08-06 03:11:01,359 - INFO - 投票结果: 选择路径 0, 答案: 29, 置信度: 1.0
2025-08-06 03:11:01,360 - INFO - 投票结果: 选择路径 0, 答案: 16, 置信度: 1.0
2025-08-06 03:11:01,360 - INFO - 投票结果: 选择路径 1, 答案: 225, 置信度: 0.4
2025-08-06 03:11:01,361 - INFO - 投票结果: 选择路径 2, 答案: 360, 置信度: 0.3
2025-08-06 03:11:01,362 - INFO - 投票结果: 选择路径 0, 答案: 576, 置信度: 0.9
2025-08-06 03:11:01,362 - INFO - 投票结果: 选择路径 0, 答案: 34, 置信度: 0.9
2025-08-06 03:11:01,363 - INFO - 投票结果: 选择路径 0, 答案: 10, 置信度: 1.0
2025-08-06 03:11:01,364 - INFO - 投票结果: 选择路径 0, 答案: 9, 置信度: 0.4
2025-08-06 03:11:01,364 - INFO - 投票结果: 选择路径 0, 答案: 140, 置信度: 1.0
2025-08-06 03:11:01,365 - INFO - 投票结果: 选择路径 2, 答案: 40, 置信度: 0.2
2025-08-06 03:11:01,366 - INFO - 投票结果: 选择路径 0, 答案: 475, 置信度: 0.2
2025-08-06 03:11:01,367 - INFO - 投票结果: 选择路径 0, 答案: 16, 置信度: 1.0
2025-08-06 03:11:01,367 - INFO - 投票结果: 选择路径 0, 答案: 132, 置信度: 1.0
2025-08-06 03:11:01,368 - INFO - 投票结果: 选择路径 0, 答案: 64, 置信度: 1.0
2025-08-06 03:11:01,369 - INFO - 投票结果: 选择路径 0, 答案: 72, 置信度: 0.8
2025-08-06 03:11:01,369 - INFO - 投票结果: 选择路径 0, 答案: 8, 置信度: 1.0
2025-08-06 03:11:01,370 - INFO - 投票结果: 选择路径 0, 答案: 4, 置信度: 1.0
2025-08-06 03:11:01,371 - INFO - 投票结果: 选择路径 0, 答案: 120, 置信度: 1.0
2025-08-06 03:11:01,371 - INFO - 投票结果: 选择路径 0, 答案: 15, 置信度: 0.9
2025-08-06 03:11:01,372 - INFO - 投票结果: 选择路径 0, 答案: 539, 置信度: 0.9
2025-08-06 03:11:01,373 - INFO - 投票结果: 选择路径 3, 答案: 5, 置信度: 0.2
2025-08-06 03:11:01,374 - INFO - 投票结果: 选择路径 0, 答案: 2, 置信度: 1.0
2025-08-06 03:11:01,374 - INFO - 投票结果: 选择路径 0, 答案: 15, 置信度: 0.9
2025-08-06 03:11:01,375 - INFO - 投票结果: 选择路径 0, 答案: 17, 置信度: 0.5
2025-08-06 03:11:01,376 - INFO - 投票结果: 选择路径 0, 答案: 15, 置信度: 0.4
2025-08-06 03:11:01,376 - INFO - 投票结果: 选择路径 0, 答案: 495, 置信度: 0.4
2025-08-06 03:11:01,377 - INFO - 投票结果: 选择路径 0, 答案: 8, 置信度: 1.0
2025-08-06 03:11:01,378 - INFO - 投票结果: 选择路径 2, 答案: 6, 置信度: 0.3
2025-08-06 03:11:01,378 - INFO - 投票结果: 选择路径 0, 答案: 100, 置信度: 1.0
2025-08-06 03:11:01,379 - INFO - 投票结果: 选择路径 0, 答案: 36, 置信度: 1.0
2025-08-06 03:11:01,380 - INFO - 投票结果: 选择路径 0, 答案: 20, 置信度: 0.5
2025-08-06 03:11:01,381 - INFO - 投票结果: 选择路径 0, 答案: 32, 置信度: 1.0
2025-08-06 03:11:01,381 - INFO - 投票结果: 选择路径 0, 答案: 45, 置信度: 0.6
2025-08-06 03:11:01,382 - INFO - 投票结果: 选择路径 0, 答案: 27, 置信度: 1.0
2025-08-06 03:11:01,383 - INFO - 投票结果: 选择路径 0, 答案: 7.5, 置信度: 0.9
2025-08-06 03:11:01,383 - INFO - 投票结果: 选择路径 0, 答案: 98, 置信度: 1.0
2025-08-06 03:11:01,384 - INFO - 投票结果: 选择路径 0, 答案: 4, 置信度: 0.8
2025-08-06 03:11:01,385 - INFO - 投票结果: 选择路径 5, 答案: 6, 置信度: 0.3
2025-08-06 03:11:01,386 - INFO - 投票结果: 选择路径 0, 答案: 30, 置信度: 0.6
2025-08-06 03:11:01,386 - INFO - 投票结果: 选择路径 0, 答案: 10, 置信度: 1.0
2025-08-06 03:11:01,387 - INFO - 投票结果: 选择路径 0, 答案: 250, 置信度: 0.5
2025-08-06 03:11:01,388 - INFO - 投票结果: 选择路径 0, 答案: 312, 置信度: 0.8
2025-08-06 03:11:01,388 - INFO - 投票结果: 选择路径 0, 答案: 1375, 置信度: 1.0
2025-08-06 03:11:01,389 - INFO - 投票结果: 选择路径 0, 答案: 8, 置信度: 1.0
2025-08-06 03:11:01,390 - INFO - 投票结果: 选择路径 2, 答案: 25000, 置信度: 0.3
2025-08-06 03:11:01,390 - INFO - 投票结果: 选择路径 0, 答案: 6, 置信度: 1.0
2025-08-06 03:11:01,391 - INFO - 投票结果: 选择路径 0, 答案: 840, 置信度: 1.0
2025-08-06 03:11:01,392 - INFO - 投票结果: 选择路径 0, 答案: 40, 置信度: 0.9
2025-08-06 03:11:01,392 - INFO - 投票结果: 选择路径 1, 答案: 72, 置信度: 0.3
2025-08-06 03:11:01,393 - INFO - 投票结果: 选择路径 0, 答案: 10, 置信度: 0.6
2025-08-06 03:11:01,394 - INFO - 投票结果: 选择路径 1, 答案: 3430, 置信度: 0.4
2025-08-06 03:11:01,394 - INFO - 投票结果: 选择路径 0, 答案: 16, 置信度: 1.0
2025-08-06 03:11:01,395 - INFO - 投票结果: 选择路径 0, 答案: 17, 置信度: 1.0
2025-08-06 03:11:01,396 - INFO - 投票结果: 选择路径 1, 答案: 2, 置信度: 0.9
2025-08-06 03:11:01,397 - INFO - 投票结果: 选择路径 0, 答案: 14, 置信度: 0.7
2025-08-06 03:11:01,397 - INFO - 投票结果: 选择路径 0, 答案: 27, 置信度: 0.9
2025-08-06 03:11:01,398 - INFO - 投票结果: 选择路径 0, 答案: 84, 置信度: 1.0
2025-08-06 03:11:01,399 - INFO - 投票结果: 选择路径 0, 答案: 70, 置信度: 0.9
2025-08-06 03:11:01,399 - INFO - 投票结果: 选择路径 0, 答案: 20, 置信度: 1.0
2025-08-06 03:11:01,400 - INFO - 投票结果: 选择路径 3, 答案: 802, 置信度: 0.2
2025-08-06 03:11:01,401 - INFO - 投票结果: 选择路径 1, 答案: 15, 置信度: 0.4
2025-08-06 03:11:01,402 - INFO - 投票结果: 选择路径 0, 答案: 736, 置信度: 0.9
2025-08-06 03:11:01,403 - INFO - 投票结果: 选择路径 0, 答案: 42, 置信度: 1.0
2025-08-06 03:11:01,403 - INFO - 投票结果: 选择路径 0, 答案: 5, 置信度: 0.4
2025-08-06 03:11:01,404 - INFO - 投票结果: 选择路径 0, 答案: 34, 置信度: 0.5
2025-08-06 03:11:01,405 - INFO - 投票结果: 选择路径 2, 答案: 465, 置信度: 0.4
2025-08-06 03:11:01,406 - INFO - 投票结果: 选择路径 0, 答案: 7, 置信度: 0.4
2025-08-06 03:11:01,406 - INFO - 投票结果: 选择路径 0, 答案: 360, 置信度: 1.0
2025-08-06 03:11:01,407 - INFO - 投票结果: 选择路径 3, 答案: 10800, 置信度: 0.6
2025-08-06 03:11:01,408 - INFO - 投票结果: 选择路径 0, 答案: 26, 置信度: 0.1
2025-08-06 03:11:01,408 - INFO - 投票结果: 选择路径 0, 答案: 99356, 置信度: 0.1
2025-08-06 03:11:01,409 - INFO - 投票结果: 选择路径 0, 答案: 6, 置信度: 0.8
2025-08-06 03:11:01,410 - INFO - 投票结果: 选择路径 0, 答案: 20, 置信度: 0.3
2025-08-06 03:11:01,410 - INFO - 投票结果: 选择路径 0, 答案: 88, 置信度: 1.0
2025-08-06 03:11:01,411 - INFO - 投票结果: 选择路径 0, 答案: 12, 置信度: 1.0
2025-08-06 03:11:01,412 - INFO - 投票结果: 选择路径 0, 答案: 4, 置信度: 0.3
2025-08-06 03:11:01,413 - INFO - 投票结果: 选择路径 0, 答案: 24, 置信度: 0.4
2025-08-06 03:11:01,413 - INFO - 投票结果: 选择路径 0, 答案: 2, 置信度: 0.3
2025-08-06 03:11:01,414 - INFO - 投票结果: 选择路径 0, 答案: 50, 置信度: 0.4
2025-08-06 03:11:01,415 - INFO - 投票结果: 选择路径 0, 答案: 6, 置信度: 1.0
2025-08-06 03:11:01,415 - INFO - 投票结果: 选择路径 0, 答案: 4, 置信度: 1.0
2025-08-06 03:11:01,416 - INFO - 投票结果: 选择路径 0, 答案: 20, 置信度: 0.9
2025-08-06 03:11:01,417 - INFO - 投票结果: 选择路径 0, 答案: 800, 置信度: 1.0
2025-08-06 03:11:01,417 - INFO - 投票结果: 选择路径 0, 答案: 1, 置信度: 1.0
2025-08-06 03:11:01,418 - INFO - 投票结果: 选择路径 0, 答案: 50, 置信度: 1.0
2025-08-06 03:11:01,419 - INFO - 投票结果: 选择路径 0, 答案: 72.22, 置信度: 0.4
2025-08-06 03:11:01,420 - INFO - 投票结果: 选择路径 1, 答案: 7, 置信度: 0.7
2025-08-06 03:11:01,420 - INFO - 投票结果: 选择路径 0, 答案: 63, 置信度: 1.0
2025-08-06 03:11:01,421 - INFO - 投票结果: 选择路径 1, 答案: 9, 置信度: 0.9
2025-08-06 03:11:01,422 - INFO - 投票结果: 选择路径 0, 答案: 42, 置信度: 0.7
2025-08-06 03:11:01,422 - INFO - 投票结果: 选择路径 0, 答案: 5, 置信度: 0.6
2025-08-06 03:11:01,423 - INFO - 投票结果: 选择路径 0, 答案: 240, 置信度: 0.9
2025-08-06 03:11:01,424 - INFO - 投票结果: 选择路径 0, 答案: 1000, 置信度: 0.9
2025-08-06 03:11:01,425 - INFO - 投票结果: 选择路径 0, 答案: 109, 置信度: 1.0
2025-08-06 03:11:01,425 - INFO - 投票结果: 选择路径 0, 答案: 140, 置信度: 0.8
2025-08-06 03:11:01,426 - INFO - 投票结果: 选择路径 0, 答案: 55, 置信度: 1.0
2025-08-06 03:11:01,427 - INFO - 投票结果: 选择路径 0, 答案: 16, 置信度: 1.0
2025-08-06 03:11:01,427 - INFO - 投票结果: 选择路径 1, 答案: 112, 置信度: 0.4
2025-08-06 03:11:01,428 - INFO - 投票结果: 选择路径 0, 答案: 110, 置信度: 1.0
2025-08-06 03:11:01,429 - INFO - 投票结果: 选择路径 0, 答案: 13, 置信度: 1.0
2025-08-06 03:11:01,429 - INFO - 投票结果: 选择路径 0, 答案: 7, 置信度: 0.3
2025-08-06 03:11:01,430 - INFO - 投票结果: 选择路径 0, 答案: 48, 置信度: 1.0
2025-08-06 03:11:01,431 - INFO - 投票结果: 选择路径 0, 答案: 8, 置信度: 1.0
2025-08-06 03:11:01,432 - INFO - 投票结果: 选择路径 0, 答案: 8, 置信度: 0.6
2025-08-06 03:11:01,432 - INFO - 投票结果: 选择路径 0, 答案: 56, 置信度: 0.9
2025-08-06 03:11:01,433 - INFO - 投票结果: 选择路径 0, 答案: 3, 置信度: 1.0
2025-08-06 03:11:01,434 - INFO - 投票结果: 选择路径 0, 答案: 34, 置信度: 0.7
2025-08-06 03:11:01,434 - INFO - 投票结果: 选择路径 0, 答案: 4, 置信度: 0.7
2025-08-06 03:11:01,435 - INFO - 投票结果: 选择路径 0, 答案: 20000, 置信度: 1.0
2025-08-06 03:11:01,436 - INFO - 投票结果: 选择路径 2, 答案: 9, 置信度: 0.5
2025-08-06 03:11:01,437 - INFO - 投票结果: 选择路径 0, 答案: 52, 置信度: 1.0
2025-08-06 03:11:01,437 - INFO - 投票结果: 选择路径 0, 答案: 10, 置信度: 0.3
2025-08-06 03:11:01,438 - INFO - 投票结果: 选择路径 4, 答案: 110000, 置信度: 0.3
2025-08-06 03:11:01,439 - INFO - 投票结果: 选择路径 0, 答案: 45, 置信度: 1.0
2025-08-06 03:11:01,439 - INFO - 投票结果: 选择路径 0, 答案: 1, 置信度: 0.7
2025-08-06 03:11:01,440 - INFO - 投票结果: 选择路径 0, 答案: 5600, 置信度: 0.8
2025-08-06 03:11:01,441 - INFO - 投票结果: 选择路径 0, 答案: 7, 置信度: 1.0
2025-08-06 03:11:01,441 - INFO - 投票结果: 选择路径 0, 答案: 25, 置信度: 1.0
2025-08-06 03:11:01,442 - INFO - 投票结果: 选择路径 0, 答案: -91, 置信度: 0.5
2025-08-06 03:11:01,443 - INFO - 投票结果: 选择路径 0, 答案: 180, 置信度: 0.6
2025-08-06 03:11:01,443 - INFO - 投票结果: 选择路径 1, 答案: 24, 置信度: 0.6
2025-08-06 03:11:01,444 - INFO - 投票结果: 选择路径 0, 答案: 6, 置信度: 0.6
2025-08-06 03:11:01,445 - INFO - 投票结果: 选择路径 2, 答案: 40, 置信度: 0.8
2025-08-06 03:11:01,446 - INFO - 投票结果: 选择路径 0, 答案: -3, 置信度: 0.8
2025-08-06 03:11:01,447 - INFO - 投票结果: 选择路径 0, 答案: 224, 置信度: 0.6
2025-08-06 03:11:01,447 - INFO - 投票结果: 选择路径 0, 答案: 227, 置信度: 0.9
2025-08-06 03:11:01,448 - INFO - 投票结果: 选择路径 0, 答案: 762, 置信度: 1.0
2025-08-06 03:11:01,449 - INFO - 投票结果: 选择路径 0, 答案: 34, 置信度: 0.9
2025-08-06 03:11:01,450 - INFO - 投票结果: 选择路径 0, 答案: 2, 置信度: 0.9
2025-08-06 03:11:01,451 - INFO - 投票结果: 选择路径 0, 答案: 2, 置信度: 0.8
2025-08-06 03:11:01,452 - INFO - 投票结果: 选择路径 1, 答案: 23, 置信度: 0.2
2025-08-06 03:11:01,452 - INFO - 投票结果: 选择路径 0, 答案: 4, 置信度: 1.0
2025-08-06 03:11:01,453 - INFO - 投票结果: 选择路径 1, 答案: 110, 置信度: 0.7
2025-08-06 03:11:01,454 - INFO - 投票结果: 选择路径 0, 答案: 750, 置信度: 1.0
2025-08-06 03:11:01,455 - INFO - 投票结果: 选择路径 0, 答案: 240, 置信度: 0.7
2025-08-06 03:11:01,455 - INFO - 投票结果: 选择路径 0, 答案: 300, 置信度: 0.4
2025-08-06 03:11:01,456 - INFO - 投票结果: 选择路径 1, 答案: 105, 置信度: 0.6
2025-08-06 03:11:01,457 - INFO - 投票结果: 选择路径 0, 答案: 120, 置信度: 0.7
2025-08-06 03:11:01,458 - INFO - 投票结果: 选择路径 0, 答案: 240, 置信度: 0.8
2025-08-06 03:11:01,458 - INFO - 投票结果: 选择路径 0, 答案: 4000, 置信度: 0.8
2025-08-06 03:11:01,459 - INFO - 投票结果: 选择路径 0, 答案: 60, 置信度: 0.9
2025-08-06 03:11:01,460 - INFO - 投票结果: 选择路径 1, 答案: 36, 置信度: 0.5
2025-08-06 03:11:01,460 - INFO - 投票结果: 选择路径 0, 答案: 80, 置信度: 0.9
2025-08-06 03:11:01,461 - INFO - 投票结果: 选择路径 0, 答案: 4, 置信度: 0.3
2025-08-06 03:11:01,462 - INFO - 投票结果: 选择路径 0, 答案: 32, 置信度: 0.9
2025-08-06 03:11:01,462 - INFO - 投票结果: 选择路径 0, 答案: 940, 置信度: 0.7
2025-08-06 03:11:01,463 - INFO - 投票结果: 选择路径 0, 答案: 84, 置信度: 1.0
2025-08-06 03:11:01,464 - INFO - 投票结果: 选择路径 1, 答案: 2, 置信度: 0.7
2025-08-06 03:11:01,465 - INFO - 投票结果: 选择路径 0, 答案: 32, 置信度: 1.0
2025-08-06 03:11:01,465 - INFO - 投票结果: 选择路径 1, 答案: 12, 置信度: 0.5
2025-08-06 03:11:01,466 - INFO - 投票结果: 选择路径 2, 答案: 6, 置信度: 0.6
2025-08-06 03:11:01,467 - INFO - 投票结果: 选择路径 0, 答案: 1, 置信度: 0.4
2025-08-06 03:11:01,467 - INFO - 投票结果: 选择路径 0, 答案: 14, 置信度: 1.0
2025-08-06 03:11:01,468 - INFO - 投票结果: 选择路径 0, 答案: 448, 置信度: 0.7
2025-08-06 03:11:01,469 - INFO - 投票结果: 选择路径 0, 答案: 12, 置信度: 1.0
2025-08-06 03:11:01,469 - INFO - 投票结果: 选择路径 0, 答案: 1110, 置信度: 0.6
2025-08-06 03:11:01,470 - INFO - 投票结果: 选择路径 1, 答案: 2, 置信度: 0.4
2025-08-06 03:11:01,471 - INFO - 投票结果: 选择路径 0, 答案: 6, 置信度: 1.0
2025-08-06 03:11:01,471 - INFO - 投票结果: 选择路径 0, 答案: 28, 置信度: 0.7
2025-08-06 03:11:01,472 - INFO - 投票结果: 选择路径 0, 答案: 18000, 置信度: 0.4
2025-08-06 03:11:01,473 - INFO - 投票结果: 选择路径 0, 答案: 32, 置信度: 1.0
2025-08-06 03:11:01,474 - INFO - 投票结果: 选择路径 0, 答案: 60, 置信度: 0.9
2025-08-06 03:11:01,474 - INFO - 投票结果: 选择路径 0, 答案: 90, 置信度: 1.0
2025-08-06 03:11:01,475 - INFO - 投票结果: 选择路径 0, 答案: 77, 置信度: 0.3
2025-08-06 03:11:01,476 - INFO - 投票结果: 选择路径 0, 答案: 270, 置信度: 1.0
2025-08-06 03:11:01,477 - INFO - 投票结果: 选择路径 0, 答案: 5600, 置信度: 0.5
2025-08-06 03:11:01,477 - INFO - 投票结果: 选择路径 2, 答案: 72, 置信度: 0.6
2025-08-06 03:11:01,478 - INFO - 投票结果: 选择路径 0, 答案: 400, 置信度: 0.9
2025-08-06 03:11:01,479 - INFO - 投票结果: 选择路径 0, 答案: 12, 置信度: 0.8
2025-08-06 03:11:01,479 - INFO - 投票结果: 选择路径 1, 答案: 15, 置信度: 0.4
2025-08-06 03:11:01,480 - INFO - 投票结果: 选择路径 6, 答案: 54, 置信度: 0.3
2025-08-06 03:11:01,481 - INFO - 投票结果: 选择路径 0, 答案: 75, 置信度: 0.4
2025-08-06 03:11:01,481 - INFO - 投票结果: 选择路径 0, 答案: 4, 置信度: 1.0
2025-08-06 03:11:01,482 - INFO - 投票结果: 选择路径 0, 答案: 4, 置信度: 1.0
2025-08-06 03:11:01,483 - INFO - 投票结果: 选择路径 1, 答案: 17500, 置信度: 0.9
2025-08-06 03:11:01,483 - INFO - 投票结果: 选择路径 0, 答案: 8, 置信度: 1.0
2025-08-06 03:11:01,484 - INFO - 投票结果: 选择路径 0, 答案: 21, 置信度: 0.8
2025-08-06 03:11:01,485 - INFO - 投票结果: 选择路径 0, 答案: 36, 置信度: 0.3
2025-08-06 03:11:01,486 - INFO - 投票结果: 选择路径 0, 答案: 1, 置信度: 1.0
2025-08-06 03:11:01,486 - INFO - 投票结果: 选择路径 0, 答案: 193, 置信度: 1.0
2025-08-06 03:11:01,487 - INFO - 投票结果: 选择路径 0, 答案: 3, 置信度: 0.8
2025-08-06 03:11:01,488 - INFO - 投票结果: 选择路径 1, 答案: 131250, 置信度: 0.4
2025-08-06 03:11:01,488 - INFO - 投票结果: 选择路径 0, 答案: 24, 置信度: 1.0
2025-08-06 03:11:01,489 - INFO - 投票结果: 选择路径 6, 答案: 31, 置信度: 0.2
2025-08-06 03:11:01,490 - INFO - 投票结果: 选择路径 0, 答案: 490, 置信度: 1.0
2025-08-06 03:11:01,490 - INFO - 投票结果: 选择路径 0, 答案: 13, 置信度: 0.2
2025-08-06 03:11:01,491 - INFO - 投票结果: 选择路径 0, 答案: 60, 置信度: 0.8
2025-08-06 03:11:01,492 - INFO - 投票结果: 选择路径 0, 答案: 17, 置信度: 1.0
2025-08-06 03:11:01,493 - INFO - 投票结果: 选择路径 2, 答案: 6850000, 置信度: 0.4
2025-08-06 03:11:01,493 - INFO - 投票结果: 选择路径 0, 答案: 15, 置信度: 1.0
2025-08-06 03:11:01,494 - INFO - 投票结果: 选择路径 1, 答案: 80, 置信度: 0.6
2025-08-06 03:11:01,495 - INFO - 投票结果: 选择路径 0, 答案: 18, 置信度: 1.0
2025-08-06 03:11:01,495 - INFO - 投票结果: 选择路径 0, 答案: 30, 置信度: 1.0
2025-08-06 03:11:01,496 - INFO - 投票结果: 选择路径 0, 答案: 60, 置信度: 0.8
2025-08-06 03:11:01,497 - INFO - 投票结果: 选择路径 0, 答案: 260, 置信度: 1.0
2025-08-06 03:11:01,498 - INFO - 投票结果: 选择路径 0, 答案: 60, 置信度: 1.0
2025-08-06 03:11:01,498 - INFO - 投票结果: 选择路径 0, 答案: 75, 置信度: 0.7
2025-08-06 03:11:01,499 - INFO - 投票结果: 选择路径 0, 答案: 25, 置信度: 1.0
2025-08-06 03:11:01,499 - INFO - 投票结果: 选择路径 0, 答案: 99, 置信度: 0.3
2025-08-06 03:11:01,500 - INFO - 投票结果: 选择路径 0, 答案: 5, 置信度: 1.0
2025-08-06 03:11:01,501 - INFO - 投票结果: 选择路径 1, 答案: 84, 置信度: 0.6
2025-08-06 03:11:01,502 - INFO - 投票结果: 选择路径 0, 答案: 7, 置信度: 0.9
2025-08-06 03:11:01,502 - INFO - 投票结果: 选择路径 0, 答案: 2, 置信度: 1.0
2025-08-06 03:11:01,503 - INFO - 投票结果: 选择路径 1, 答案: 21, 置信度: 0.7
2025-08-06 03:11:01,504 - INFO - 投票结果: 选择路径 0, 答案: 8, 置信度: 0.9
2025-08-06 03:11:01,504 - INFO - 投票结果: 选择路径 3, 答案: 60, 置信度: 0.2
2025-08-06 03:11:01,505 - INFO - 投票结果: 选择路径 0, 答案: 90000, 置信度: 1.0
2025-08-06 03:11:01,506 - INFO - 投票结果: 选择路径 0, 答案: 2, 置信度: 1.0
2025-08-06 03:11:01,507 - INFO - 投票结果: 选择路径 0, 答案: 40, 置信度: 0.5
2025-08-06 03:11:01,507 - INFO - 投票结果: 选择路径 0, 答案: 17, 置信度: 0.5
2025-08-06 03:11:01,508 - INFO - 投票结果: 选择路径 0, 答案: 100, 置信度: 1.0
2025-08-06 03:11:01,509 - INFO - 投票结果: 选择路径 0, 答案: 30, 置信度: 1.0
2025-08-06 03:11:01,509 - INFO - 投票结果: 选择路径 0, 答案: 8, 置信度: 1.0
2025-08-06 03:11:01,510 - INFO - 投票结果: 选择路径 0, 答案: 31, 置信度: 0.9
2025-08-06 03:11:01,511 - INFO - 投票结果: 选择路径 2, 答案: 120000, 置信度: 0.3
2025-08-06 03:11:01,512 - INFO - 投票结果: 选择路径 0, 答案: 180, 置信度: 1.0
2025-08-06 03:11:01,512 - INFO - 投票结果: 选择路径 0, 答案: 3, 置信度: 1.0
2025-08-06 03:11:01,513 - INFO - 投票结果: 选择路径 1, 答案: 5, 置信度: 0.5
2025-08-06 03:11:01,514 - INFO - 投票结果: 选择路径 0, 答案: 5, 置信度: 1.0
2025-08-06 03:11:01,514 - INFO - 投票结果: 选择路径 0, 答案: 130000, 置信度: 0.8
2025-08-06 03:11:01,515 - INFO - 投票结果: 选择路径 1, 答案: 68, 置信度: 0.5
2025-08-06 03:11:01,516 - INFO - 投票结果: 选择路径 0, 答案: 78, 置信度: 0.7
2025-08-06 03:11:01,516 - INFO - 投票结果: 选择路径 0, 答案: 28, 置信度: 1.0
2025-08-06 03:11:01,517 - INFO - 投票结果: 选择路径 0, 答案: 15, 置信度: 1.0
2025-08-06 03:11:01,518 - INFO - 投票结果: 选择路径 1, 答案: 320, 置信度: 0.4
2025-08-06 03:11:01,518 - INFO - 投票结果: 选择路径 0, 答案: 38.89, 置信度: 0.3
2025-08-06 03:11:01,519 - INFO - 投票结果: 选择路径 3, 答案: 2400, 置信度: 0.4
2025-08-06 03:11:01,520 - INFO - 投票结果: 选择路径 0, 答案: 18, 置信度: 0.9
2025-08-06 03:11:01,521 - INFO - 投票结果: 选择路径 0, 答案: 90, 置信度: 1.0
2025-08-06 03:11:01,521 - INFO - 投票结果: 选择路径 0, 答案: 31, 置信度: 0.9
2025-08-06 03:11:01,522 - INFO - 投票结果: 选择路径 1, 答案: 1600, 置信度: 0.3
2025-08-06 03:11:01,523 - INFO - 投票结果: 选择路径 0, 答案: 180, 置信度: 0.4
2025-08-06 03:11:01,523 - INFO - 投票结果: 选择路径 0, 答案: 7, 置信度: 1.0
2025-08-06 03:11:01,524 - INFO - 投票结果: 选择路径 1, 答案: 75, 置信度: 0.6
2025-08-06 03:11:01,525 - INFO - 投票结果: 选择路径 0, 答案: 650, 置信度: 1.0
2025-08-06 03:11:01,526 - INFO - 投票结果: 选择路径 0, 答案: 310, 置信度: 0.6
2025-08-06 03:11:01,526 - INFO - 投票结果: 选择路径 0, 答案: 12, 置信度: 0.8
2025-08-06 03:11:01,527 - INFO - 投票结果: 选择路径 0, 答案: 5, 置信度: 1.0
2025-08-06 03:11:01,528 - INFO - 投票结果: 选择路径 0, 答案: 29, 置信度: 0.7
2025-08-06 03:11:01,528 - INFO - 投票结果: 选择路径 0, 答案: 140, 置信度: 0.5
2025-08-06 03:11:01,529 - INFO - 投票结果: 选择路径 0, 答案: 30, 置信度: 1.0
2025-08-06 03:11:01,530 - INFO - 投票结果: 选择路径 0, 答案: 40, 置信度: 0.7
2025-08-06 03:11:01,530 - INFO - 投票结果: 选择路径 0, 答案: 100, 置信度: 1.0
2025-08-06 03:11:01,531 - INFO - 投票结果: 选择路径 0, 答案: 35, 置信度: 1.0
2025-08-06 03:11:01,532 - INFO - 投票结果: 选择路径 0, 答案: 79, 置信度: 1.0
2025-08-06 03:11:01,532 - INFO - 投票结果: 选择路径 5, 答案: 1, 置信度: 0.2
2025-08-06 03:11:01,533 - INFO - 投票结果: 选择路径 0, 答案: 4, 置信度: 1.0
2025-08-06 03:11:01,534 - INFO - 投票结果: 选择路径 0, 答案: 6, 置信度: 0.9
2025-08-06 03:11:01,534 - INFO - 投票结果: 选择路径 0, 答案: 32, 置信度: 1.0
2025-08-06 03:11:01,535 - INFO - 投票结果: 选择路径 0, 答案: 112, 置信度: 1.0
2025-08-06 03:11:01,536 - INFO - 投票结果: 选择路径 2, 答案: 54, 置信度: 0.4
2025-08-06 03:11:01,537 - INFO - 投票结果: 选择路径 0, 答案: 450, 置信度: 1.0
2025-08-06 03:11:01,537 - INFO - 投票结果: 选择路径 1, 答案: 6000, 置信度: 0.4
2025-08-06 03:11:01,538 - INFO - 投票结果: 选择路径 0, 答案: 450, 置信度: 0.9
2025-08-06 03:11:01,539 - INFO - 投票结果: 选择路径 0, 答案: 6, 置信度: 1.0
2025-08-06 03:11:01,539 - INFO - 投票结果: 选择路径 0, 答案: 8, 置信度: 0.2
2025-08-06 03:11:01,540 - INFO - 投票结果: 选择路径 0, 答案: 144, 置信度: 1.0
2025-08-06 03:11:01,541 - INFO - 投票结果: 选择路径 0, 答案: 8, 置信度: 0.9
2025-08-06 03:11:01,541 - INFO - 投票结果: 选择路径 0, 答案: 2125, 置信度: 0.9
2025-08-06 03:11:01,542 - INFO - 投票结果: 选择路径 2, 答案: 130, 置信度: 0.6
2025-08-06 03:11:01,543 - INFO - 投票结果: 选择路径 0, 答案: 13, 置信度: 1.0
2025-08-06 03:11:01,543 - INFO - 投票结果: 选择路径 0, 答案: 112, 置信度: 0.8
2025-08-06 03:11:01,544 - INFO - 投票结果: 选择路径 0, 答案: 133, 置信度: 1.0
2025-08-06 03:11:01,545 - INFO - 投票结果: 选择路径 0, 答案: 100, 置信度: 1.0
2025-08-06 03:11:01,545 - INFO - 投票结果: 选择路径 0, 答案: 350, 置信度: 1.0
2025-08-06 03:11:01,546 - INFO - 投票结果: 选择路径 1, 答案: 44.4, 置信度: 0.7
2025-08-06 03:11:01,547 - INFO - 投票结果: 选择路径 0, 答案: 105, 置信度: 0.9
2025-08-06 03:11:01,548 - INFO - 投票结果: 选择路径 0, 答案: 7, 置信度: 0.7
2025-08-06 03:11:01,548 - INFO - 投票结果: 选择路径 0, 答案: 860, 置信度: 1.0
2025-08-06 03:11:01,549 - INFO - 投票结果: 选择路径 0, 答案: 72, 置信度: 1.0
2025-08-06 03:11:01,550 - INFO - 投票结果: 选择路径 0, 答案: 50, 置信度: 0.4
2025-08-06 03:11:01,550 - INFO - 投票结果: 选择路径 0, 答案: 1, 置信度: 1.0
2025-08-06 03:11:01,551 - INFO - 投票结果: 选择路径 1, 答案: 1, 置信度: 0.6
2025-08-06 03:11:01,552 - INFO - 投票结果: 选择路径 1, 答案: 36, 置信度: 0.5
2025-08-06 03:11:01,553 - INFO - 投票结果: 选择路径 0, 答案: 140, 置信度: 0.8
2025-08-06 03:11:01,553 - INFO - 投票结果: 选择路径 0, 答案: 20, 置信度: 0.7
2025-08-06 03:11:01,554 - INFO - 投票结果: 选择路径 0, 答案: 1800, 置信度: 0.8
2025-08-06 03:11:01,555 - INFO - 投票结果: 选择路径 1, 答案: 25, 置信度: 0.5
2025-08-06 03:11:01,555 - INFO - 投票结果: 选择路径 0, 答案: 147, 置信度: 1.0
2025-08-06 03:11:01,556 - INFO - 投票结果: 选择路径 0, 答案: 10, 置信度: 1.0
2025-08-06 03:11:01,557 - INFO - 投票结果: 选择路径 0, 答案: 25, 置信度: 0.8
2025-08-06 03:11:01,557 - INFO - 投票结果: 选择路径 0, 答案: 32, 置信度: 0.9
2025-08-06 03:11:01,558 - INFO - 投票结果: 选择路径 0, 答案: 276, 置信度: 1.0
2025-08-06 03:11:01,559 - INFO - 投票结果: 选择路径 1, 答案: 96, 置信度: 0.4
2025-08-06 03:11:01,559 - INFO - 投票结果: 选择路径 0, 答案: 30, 置信度: 1.0
2025-08-06 03:11:01,560 - INFO - 投票结果: 选择路径 0, 答案: 56, 置信度: 0.5
2025-08-06 03:11:01,561 - INFO - 投票结果: 选择路径 0, 答案: 8000, 置信度: 0.9
2025-08-06 03:11:01,562 - INFO - 投票结果: 选择路径 0, 答案: 50, 置信度: 0.5
2025-08-06 03:11:01,562 - INFO - 投票结果: 选择路径 1, 答案: 84, 置信度: 0.5
2025-08-06 03:11:01,563 - INFO - 投票结果: 选择路径 0, 答案: 50, 置信度: 0.9
2025-08-06 03:11:01,564 - INFO - 投票结果: 选择路径 0, 答案: 50, 置信度: 1.0
2025-08-06 03:11:01,564 - INFO - 投票结果: 选择路径 0, 答案: 320, 置信度: 0.8
2025-08-06 03:11:01,565 - INFO - 投票结果: 选择路径 0, 答案: 38, 置信度: 1.0
2025-08-06 03:11:01,566 - INFO - 投票结果: 选择路径 0, 答案: 34, 置信度: 0.6
2025-08-06 03:11:01,566 - INFO - 投票结果: 选择路径 0, 答案: 594, 置信度: 0.9
2025-08-06 03:11:01,567 - INFO - 投票结果: 选择路径 1, 答案: 36, 置信度: 0.2
2025-08-06 03:11:01,568 - INFO - 投票结果: 选择路径 0, 答案: 98, 置信度: 0.9
2025-08-06 03:11:01,569 - INFO - 投票结果: 选择路径 0, 答案: 123, 置信度: 1.0
2025-08-06 03:11:01,569 - INFO - 投票结果: 选择路径 0, 答案: 27, 置信度: 1.0
2025-08-06 03:11:01,570 - INFO - 投票结果: 选择路径 0, 答案: 145, 置信度: 1.0
2025-08-06 03:11:01,571 - INFO - 投票结果: 选择路径 0, 答案: 23, 置信度: 0.9
2025-08-06 03:11:01,571 - INFO - 投票结果: 选择路径 0, 答案: 14, 置信度: 0.9
2025-08-06 03:11:01,572 - INFO - 投票结果: 选择路径 0, 答案: 18, 置信度: 0.6
2025-08-06 03:11:01,573 - INFO - 投票结果: 选择路径 0, 答案: 21, 置信度: 1.0
2025-08-06 03:11:01,573 - INFO - 投票结果: 选择路径 0, 答案: 40000, 置信度: 1.0
2025-08-06 03:11:01,574 - INFO - 投票结果: 选择路径 1, 答案: 90, 置信度: 0.5
2025-08-06 03:11:01,575 - INFO - 投票结果: 选择路径 0, 答案: 11050, 置信度: 0.7
2025-08-06 03:11:01,575 - INFO - 投票结果: 选择路径 0, 答案: 1520, 置信度: 1.0
2025-08-06 03:11:01,576 - INFO - 投票结果: 选择路径 0, 答案: 32, 置信度: 0.7
2025-08-06 03:11:01,577 - INFO - 投票结果: 选择路径 2, 答案: 2000, 置信度: 0.6
2025-08-06 03:11:01,578 - INFO - 投票结果: 选择路径 0, 答案: 93, 置信度: 1.0
2025-08-06 03:11:01,578 - INFO - 投票结果: 选择路径 0, 答案: 40, 置信度: 0.7
2025-08-06 03:11:01,579 - INFO - 投票结果: 选择路径 0, 答案: 15, 置信度: 1.0
2025-08-06 03:11:01,580 - INFO - 投票结果: 选择路径 0, 答案: 66, 置信度: 1.0
2025-08-06 03:11:01,580 - INFO - 投票结果: 选择路径 0, 答案: 5, 置信度: 1.0
2025-08-06 03:11:01,581 - INFO - 投票结果: 选择路径 0, 答案: 5, 置信度: 1.0
2025-08-06 03:11:01,582 - INFO - 投票结果: 选择路径 0, 答案: 0.5, 置信度: 0.7
2025-08-06 03:11:01,582 - INFO - 投票结果: 选择路径 0, 答案: 1430, 置信度: 1.0
2025-08-06 03:11:01,583 - INFO - 投票结果: 选择路径 0, 答案: 36, 置信度: 1.0
2025-08-06 03:11:01,584 - INFO - 投票结果: 选择路径 0, 答案: 80, 置信度: 1.0
2025-08-06 03:11:01,584 - INFO - 投票结果: 选择路径 0, 答案: 29, 置信度: 0.9
2025-08-06 03:11:01,585 - INFO - 投票结果: 选择路径 0, 答案: 122, 置信度: 0.9
2025-08-06 03:11:01,586 - INFO - 投票结果: 选择路径 0, 答案: 60, 置信度: 1.0
2025-08-06 03:11:01,587 - INFO - 投票结果: 选择路径 0, 答案: 145, 置信度: 0.5
2025-08-06 03:11:01,587 - INFO - 投票结果: 选择路径 0, 答案: 21, 置信度: 1.0
2025-08-06 03:11:01,588 - INFO - 投票结果: 选择路径 0, 答案: 45, 置信度: 0.8
2025-08-06 03:11:01,589 - INFO - 投票结果: 选择路径 0, 答案: 273, 置信度: 1.0
2025-08-06 03:11:01,589 - INFO - 投票结果: 选择路径 1, 答案: 12, 置信度: 0.8
2025-08-06 03:11:01,590 - INFO - 投票结果: 选择路径 0, 答案: 5, 置信度: 0.6
2025-08-06 03:11:01,591 - INFO - 投票结果: 选择路径 0, 答案: 1, 置信度: 1.0
2025-08-06 03:11:01,591 - INFO - 投票结果: 选择路径 0, 答案: 1880, 置信度: 0.5
2025-08-06 03:11:01,592 - INFO - 
==================================================
2025-08-06 03:11:01,593 - INFO - 样本 9: Joe has $50 to buy an outfit for his new field trip. There is a 30% off sale at the clothing store. ...
2025-08-06 03:11:01,593 - INFO - 参考答案: The price of the two clothing items totals 35 + 25 = <<35+25=60>>60 dollars before discount.
The total sale discount comes to 60 * 0.3 = <<60*0.3=18>>18 dollars.
The final sale price comes to 60 - 18 = <<60-18=42>>42 dollars.
Joe ends up with 50 - 42 = <<50-42=8>>8 dollars change.
#### 8
2025-08-06 03:11:01,594 - INFO - 提取参考答案: 8
2025-08-06 03:11:01,595 - INFO - 生成答案: 

Step 1:First, read the problem and identify what we need to find. We need to find the amount of money Joe will have left after the purchase.

Step 2:Next, set up equations and perform the calculatio...
2025-08-06 03:11:01,595 - INFO - 提取答案: 4.64
2025-08-06 03:11:01,596 - INFO - 投票统计: {'voting_method': 'majority', 'best_answer': '4.64', 'vote_count': 3, 'total_paths': 10, 'valid_paths': 10, 'confidence': 0.3, 'answer_distribution': {'1.40': 1, '4.64': 3, 'Notenouhoney': 1, '5.50': 1, '5.06': 1, '4.40': 1, '6.7': 1, '0': 1}, 'selected_path_idx': 1}
2025-08-06 03:11:01,597 - INFO - ==================================================
2025-08-06 03:11:01,597 - INFO - 
==================================================
2025-08-06 03:11:01,598 - INFO - 样本 13: Christina records her mood every day on a calendar. Over the past thirty days of moods, she had twel...
2025-08-06 03:11:01,598 - INFO - 参考答案: Christina had 30 - 12 - 8 = <<30-12-8=10>>10 neutral days in the month.
After the first three 8-day periods, she had 30 - 8 * 3 = 30 - 24 = <<30-8*3=6>>6 days of moods left.
Of those days, 12 - 8 = <<12-8=4>>4 days were good.
After the next 3 days with 2 good days, Christina had 4 - 2 = <<4-2=2>>2 good days left.
#### 2
2025-08-06 03:11:01,599 - INFO - 提取参考答案: 2
2025-08-06 03:11:01,600 - INFO - 生成答案: 

Step 1:First, read the problem and identify what we need to find. We need to find the number of good days left in the month.

Step 2:Next, set up equations and perform the calculations. We know that...
2025-08-06 03:11:01,600 - INFO - 提取答案: 1
2025-08-06 03:11:01,601 - INFO - 投票统计: {'voting_method': 'majority', 'best_answer': '1', 'vote_count': 3, 'total_paths': 10, 'valid_paths': 10, 'confidence': 0.3, 'answer_distribution': {'2': 1, '1': 3, '0': 2, '16': 1, '11': 1, '7': 2}, 'selected_path_idx': 1}
2025-08-06 03:11:01,602 - INFO - ==================================================
2025-08-06 03:11:01,602 - INFO - 
==================================================
2025-08-06 03:11:01,603 - INFO - 样本 14: Valerie earns $5000 per month, 1/2 of what her brother earns. If their mother earns twice their comb...
2025-08-06 03:11:01,603 - INFO - 参考答案: Valerie's brother earns 2 * $5000 = $<<2*5000=10000>>10000
Their combined salary is $5000+$10000 = $<<5000+10000=15000>>15000
Their mother earn twice their combined earnings, which is 2*$15000 = $<<2*15000=30000>>30000
The total amount of money they all have is $15000+$30000 = $<<15000+30000=45000>>45000
#### 45000
2025-08-06 03:11:01,604 - INFO - 提取参考答案: 45000
2025-08-06 03:11:01,605 - INFO - 生成答案: 

Step 1:First, read the problem and identify what we need to find. We need to find the total amount of money Valerie, her brother, and their mother have together.

Step 2:Next, set up equations and p...
2025-08-06 03:11:01,606 - INFO - 提取答案: 38000
2025-08-06 03:11:01,606 - INFO - 投票统计: {'voting_method': 'majority', 'best_answer': '38000', 'vote_count': 4, 'total_paths': 10, 'valid_paths': 10, 'confidence': 0.4, 'answer_distribution': {'42000': 2, '50000': 1, '45000': 2, '40000': 1, '38000': 4}, 'selected_path_idx': 6}
2025-08-06 03:11:01,607 - INFO - ==================================================
2025-08-06 03:11:01,608 - INFO - 
==================================================
2025-08-06 03:11:01,608 - INFO - 样本 25: Tom decides to give his wife an anniversary getaway.  The plane tickets cost $5000 each.  The hotel ...
2025-08-06 03:11:01,609 - INFO - 参考答案: The hotel room is 1500*.2=$<<1500*.2=300>>300 more expensive per night than normal
So they paid 1500+300=$<<1500+300=1800>>1800 per night
That means she paid 1800*3=$<<1800*3=5400>>5400
The plane tickets cost 5000*2=$<<5000*2=10000>>10,000
So the total cost is 10,000+5400=$<<10000+5400=15400>>15,400
#### 15400
2025-08-06 03:11:01,610 - INFO - 提取参考答案: 15400
2025-08-06 03:11:01,610 - INFO - 生成答案: 

Step 1:First, read the problem and identify what we need to find. We need to find the total cost of the trip.

Step 2:Next, set up equations and perform the calculations. The hotel room rate is 20% ...
2025-08-06 03:11:01,611 - INFO - 提取答案: 16400
2025-08-06 03:11:01,612 - INFO - 投票统计: {'voting_method': 'majority', 'best_answer': '16400', 'vote_count': 6, 'total_paths': 10, 'valid_paths': 10, 'confidence': 0.6, 'answer_distribution': {'16400': 6, '7400': 1, '10400': 1, '20100': 1, '15400': 1}, 'selected_path_idx': 0}
2025-08-06 03:11:01,613 - INFO - ==================================================
2025-08-06 03:11:01,613 - INFO - 
==================================================
2025-08-06 03:11:01,614 - INFO - 样本 27: A toy manufacturer receives an order for 400 toys. 5 workers are available to work on the order. 2 o...
2025-08-06 03:11:01,615 - INFO - 参考答案: In the first group of workers, each produces 6 toys * 10 hours = <<6*10=60>>60 toys over their shift.
This is a total of 60 toys * 2 workers = <<60*2=120>>120 toys.
In the second group of workers, each produces 4 toys * 10 hours = <<4*10=40>>40 toys over their shift.
This is a total of 40 toys * 2 workers = <<40*2=80>>80 toys.
Together, these two groups produce 120 + 80 = <<120+80=200>>200 toys.
If the order is still short, then all the workers combined have produced 400 ordered toys – 20 remaining toys = <<400-20=380>>380 toys.
This means the fifth worker produced 380 – 200 = <<380-200=180>>180 toys in total.
The fifth worker therefore produced 180 toys / 10 hours = <<180/10=18>>18 toys per hour.
#### 18
2025-08-06 03:11:01,615 - INFO - 提取参考答案: 18
2025-08-06 03:11:01,616 - INFO - 生成答案: 

Step 1:First, read the problem and identify what we need to find. We need to find the number of toys per hour that the fifth worker produces.

Step 2:Next, set up equations and perform the calculati...
2025-08-06 03:11:01,617 - INFO - 提取答案: 36
2025-08-06 03:11:01,617 - INFO - 投票统计: {'voting_method': 'majority', 'best_answer': '36', 'vote_count': 4, 'total_paths': 10, 'valid_paths': 10, 'confidence': 0.4, 'answer_distribution': {'36': 4, '18': 4, '22.22': 1, '4': 1}, 'selected_path_idx': 0}
2025-08-06 03:11:01,618 - INFO - ==================================================
2025-08-06 03:11:01,619 - INFO - 
==================================================
2025-08-06 03:11:01,619 - INFO - 样本 31: Sean is practicing for his role in a theater production. He has to memorize his lines for two scenes...
2025-08-06 03:11:01,620 - INFO - 参考答案: The first scene has twice the number of lines as his solo song, so it has 2 * 54 = <<2*54=108>>108 lines.
A third of them are Sean’s lines, so he has to memorize 108 / 3 = <<108/3=36>>36 lines.
The second scene has 54 + 6 = <<54+6=60>>60 lines.
Four fifths of the second scene’s lines are Sean’s, so he has to memorize 4 * 60 / 5 = 4 * 12 = <<4*60/5=48>>48 lines.
Sean has to memorize his entire solo song, so he has to memorize 54 + 36 + 48 = <<54+36+48=138>>138 lines in all.
#### 138
2025-08-06 03:11:01,621 - INFO - 提取参考答案: 138
2025-08-06 03:11:01,621 - INFO - 生成答案: 

Step 1:First, read the problem and identify what we need to find. We need to find the total number of lines Sean has to memorize.

Step 2:Next, set up equations and perform the calculations. Let x b...
2025-08-06 03:11:01,622 - INFO - 提取答案: 84
2025-08-06 03:11:01,623 - INFO - 投票统计: {'voting_method': 'majority', 'best_answer': '84', 'vote_count': 4, 'total_paths': 10, 'valid_paths': 10, 'confidence': 0.4, 'answer_distribution': {'138': 3, '222': 1, '84': 4, '20': 1, '87': 1}, 'selected_path_idx': 3}
2025-08-06 03:11:01,623 - INFO - ==================================================
2025-08-06 03:11:01,624 - INFO - 
==================================================
2025-08-06 03:11:01,625 - INFO - 样本 39: Marcy makes homemade candles that she markets as 99% guaranteed not to explode. 5% of the more dange...
2025-08-06 03:11:01,626 - INFO - 参考答案: First find what percentage of the candles explode: 100% - 99% = 1%
Then multiply the odds of the candles exploding by the odds of them smelling like wet dog to find the probability of both events happening: 1% * 5% = 0.05%
Then multiply that percentage by the number of candles to find the number of them that have both defects: 0.05% * 50000 candles = <<0.05*.01*50000=25>>25 candles
#### 25
2025-08-06 03:11:01,626 - INFO - 提取参考答案: 25
2025-08-06 03:11:01,627 - INFO - 生成答案: 

Step 1:First, read the problem and identify what we need to find. We need to find the number of candles that both smell like wet dog and explode.

Step 2:Next, set up equations and perform the calcu...
2025-08-06 03:11:01,627 - INFO - 提取答案: 125
2025-08-06 03:11:01,628 - INFO - 投票统计: {'voting_method': 'majority', 'best_answer': '125', 'vote_count': 3, 'total_paths': 10, 'valid_paths': 10, 'confidence': 0.3, 'answer_distribution': {'2500': 2, '25': 1, '125': 3, '2475': 2, '250': 1, '0': 1}, 'selected_path_idx': 2}
2025-08-06 03:11:01,629 - INFO - ==================================================
2025-08-06 03:11:01,629 - INFO - 
==================================================
2025-08-06 03:11:01,630 - INFO - 样本 43: Marin and his neighbor Nancy each eat 4 apples a day. How many apples do they eat in 30 days?...
2025-08-06 03:11:01,631 - INFO - 参考答案: In one day, Marin and Nancy eat 4 + 1 = <<4+1=5>>5 apples.
In 30 days, they eat 30 * 5 = <<30*5=150>>150 apples.
#### 150
2025-08-06 03:11:01,631 - INFO - 提取参考答案: 150
2025-08-06 03:11:01,632 - INFO - 生成答案: 

Step 1:First, read the problem and identify what we need to find. We need to find the total number of apples that Marin and Nancy eat in 30 days.

Step 2:Next, set up equations and perform the calcu...
2025-08-06 03:11:01,632 - INFO - 提取答案: 240
2025-08-06 03:11:01,633 - INFO - 投票统计: {'voting_method': 'majority', 'best_answer': '240', 'vote_count': 10, 'total_paths': 10, 'valid_paths': 10, 'confidence': 1.0, 'answer_distribution': {'240': 10}, 'selected_path_idx': 0}
2025-08-06 03:11:01,634 - INFO - ==================================================
2025-08-06 03:11:01,634 - INFO - 
==================================================
2025-08-06 03:11:01,635 - INFO - 样本 46: Lana is brewing cups of tea for her friends. She has 27 cups, and she divides these into 3 rows. In ...
2025-08-06 03:11:01,636 - INFO - 参考答案: If there are 15 cups of cinnamon tea, then there are a total of 27 – 15 = <<27-15=12>>12 cups of chamomile or mint tea.
As there are equal amounts of chamomile tea and mint tea, there is a total of 12 cups / 2 = <<12/2=6>>6 cups of mint tea.
Dividing these into rows shows that each row holds 6 / 3 = <<6/3=2>>2 cups of mint tea.
#### 2
2025-08-06 03:11:01,636 - INFO - 提取参考答案: 2
2025-08-06 03:11:01,637 - INFO - 生成答案: 

Step 1:First, read the problem and identify what we need to find. We need to find the number of mint tea cups in each row.

Step 2:Next, set up equations and perform the calculations. The total numb...
2025-08-06 03:11:01,638 - INFO - 提取答案: 4
2025-08-06 03:11:01,638 - INFO - 投票统计: {'voting_method': 'majority', 'best_answer': '4', 'vote_count': 6, 'total_paths': 10, 'valid_paths': 10, 'confidence': 0.6, 'answer_distribution': {'4': 6, '5': 1, '2': 1, '9': 1, 'Nosolution': 1}, 'selected_path_idx': 0}
2025-08-06 03:11:01,639 - INFO - ==================================================
2025-08-06 03:11:01,639 - INFO - 
==================================================
2025-08-06 03:11:01,640 - INFO - 样本 48: A teacher uses a 5-inch piece of chalk to write math equations on a chalkboard for his students. The...
2025-08-06 03:11:01,641 - INFO - 参考答案: The teacher uses 45% of his 5 inch stick of chalk on Monday, or 5 * .45 = <<5*.45=2.25>>2.25 inches.
He is left with 5 - 2.25 = <<5-2.25=2.75>>2.75 inches of chalk.
The next day he will use 20% of 2.75 inches, which is 2.75 * .2 = <<2.75*.2=.55>>.55 inches of chalk used.
That leaves him with 2.75 - .55 = <<2.75-.55=2.2>>2.2 inches of chalk.
The day after that, he will use 2.2 * .2 = <<2.2*.2=.44>>.44 inches of chalk.
That will leave him with 2.2 - .44 = <<2.2-.44=1.76>>1.76 inches of chalk.
Since 1.76 is less than 2 inches, he will recycle this stick in 2 days.
#### 2
2025-08-06 03:11:01,641 - INFO - 提取参考答案: 2
2025-08-06 03:11:01,642 - INFO - 生成答案: 

Step 1:First, read the problem and identify what we need to find. We need to find the number of days the teacher can use the chalk before he has to recycle it.

Step 2:Next, set up equations and per...
2025-08-06 03:11:01,643 - INFO - 提取答案: 3
2025-08-06 03:11:01,643 - INFO - 投票统计: {'voting_method': 'majority', 'best_answer': '3', 'vote_count': 3, 'total_paths': 10, 'valid_paths': 10, 'confidence': 0.3, 'answer_distribution': {'14': 2, '4': 1, '3': 3, '1': 1, '2': 1, '25': 1, '13': 1}, 'selected_path_idx': 2}
2025-08-06 03:11:01,644 - INFO - ==================================================
2025-08-06 03:11:01,644 - INFO - 
==================================================
2025-08-06 03:11:01,645 - INFO - 样本 49: Raymond and Samantha are cousins. Raymond was born 6 years before Samantha. Raymond had a son at the...
2025-08-06 03:11:01,646 - INFO - 参考答案: When Raymond's son was born Samantha was 23 - 6 = <<23-6=17>>17 years old.
Thus it has been 31 - 17 = <<31-17=14>>14 years since Raymond's son was born.
#### 14
2025-08-06 03:11:01,646 - INFO - 提取参考答案: 14
2025-08-06 03:11:01,647 - INFO - 生成答案: 

Step 1:First, read the problem and identify what we need to find. We need to find the number of years ago that Raymond's son was born.

Step 2:Next, set up equations and perform the calculations. Sa...
2025-08-06 03:11:01,647 - INFO - 提取答案: 2
2025-08-06 03:11:01,648 - INFO - 投票统计: {'voting_method': 'majority', 'best_answer': '2', 'vote_count': 7, 'total_paths': 10, 'valid_paths': 10, 'confidence': 0.7, 'answer_distribution': {'6': 1, '2': 7, '4': 1, '0': 1}, 'selected_path_idx': 1}
2025-08-06 03:11:01,649 - INFO - ==================================================
2025-08-06 03:11:01,649 - INFO - 
==================================================
2025-08-06 03:11:01,650 - INFO - 样本 52: Jerome had 4 friends who came to visit him on a certain day. The first friend pressed on the doorbel...
2025-08-06 03:11:01,651 - INFO - 参考答案: The second friend pressed on the doorbell 1/4 times more than Jerome's first friend, a total of 1/4*20=<<1/4*20=5>>5 times.
Jerome's second friend pressed on the doorbell 20+5=<<20+5=25>>25
The first two friends pressed on the doorbell 25+20=<<25+20=45>>45 times altogether before Jerome could open the door.
Jerome's third friend pressed on the doorbell 60+10=<<60+10=70>>70 times before Jerome could open the door.
Altogether, Jerome's third and fourth friends pressed on the doorbell 70+60=<<70+60=130>>130 times before Jerome could open.
The number of doorbell rings that Jerome's friend made before Jerome could open the door is 130+45=<<130+45=175>>175 times.
#### 175
2025-08-06 03:11:01,652 - INFO - 提取参考答案: 175
2025-08-06 03:11:01,652 - INFO - 生成答案: 

Step 1:First, read the problem and identify what we need to find. We need to find the total number of doorbell rings.

Step 2:Next, set up equations and perform the calculations. The fourth friend p...
2025-08-06 03:11:01,653 - INFO - 提取答案: 185
2025-08-06 03:11:01,654 - INFO - 投票统计: {'voting_method': 'majority', 'best_answer': '185', 'vote_count': 4, 'total_paths': 10, 'valid_paths': 10, 'confidence': 0.4, 'answer_distribution': {'155': 1, '645': 1, '97': 1, '185': 4, '115': 1, '705': 1, '175': 1}, 'selected_path_idx': 3}
2025-08-06 03:11:01,654 - INFO - ==================================================
2025-08-06 03:11:01,655 - INFO - 
==================================================
2025-08-06 03:11:01,656 - INFO - 样本 55: John decides to buy new phones for him, his 2 kids, and his wife.  Each phone after the first 2 is h...
2025-08-06 03:11:01,656 - INFO - 参考答案: He bought 1+2+1=<<1+2+1=4>>4 phones
2 of the phones cost 600 so their cost is 2*600=$<<2*600=1200>>1200
The other two phones cost 600/2=$<<600/2=300>>300
So they cost 300*2=$<<300*2=600>>600
So the total cost is 1200+600=$<<1200+600=1800>>1800
#### 1800
2025-08-06 03:11:01,657 - INFO - 提取参考答案: 1800
2025-08-06 03:11:01,658 - INFO - 生成答案: 

Step 1:First, read the problem and identify what we need to find. We need to find the total amount John paid for the new phones.

Step 2:Next, set up equations and perform the calculations. The cost...
2025-08-06 03:11:01,658 - INFO - 提取答案: 2100
2025-08-06 03:11:01,659 - INFO - 投票统计: {'voting_method': 'majority', 'best_answer': '2100', 'vote_count': 3, 'total_paths': 10, 'valid_paths': 10, 'confidence': 0.3, 'answer_distribution': {'1800': 2, '2100': 3, '1225': 1, '1500': 1, '1125': 1, '1200': 1, '1050': 1}, 'selected_path_idx': 1}
2025-08-06 03:11:01,660 - INFO - ==================================================
2025-08-06 03:11:01,661 - INFO - 
==================================================
2025-08-06 03:11:01,661 - INFO - 样本 64: Emily can peel 6 shrimp a minute and saute 30 shrimp in 10 minutes. How long will it take her to pee...
2025-08-06 03:11:01,662 - INFO - 参考答案: First find how long it takes Emily to peel the shrimp: 90 shrimp / 6 shrimp/minute = <<90/6=15>>15 minutes
Then find how many batches of shrimp she needs to cook: 90 shrimp / 30 shrimp/batch = <<90/30=3>>3 batches
Then multiply the number of batches by the time per batch to find the total cook time: 3 batches * 10 minutes/batch = <<3*10=30>>30 minutes
Then add the peeling time to find the total time Emily spends: 30 minutes + 15 minutes = <<30+15=45>>45 minutes
#### 45
2025-08-06 03:11:01,663 - INFO - 提取参考答案: 45
2025-08-06 03:11:01,663 - INFO - 生成答案: 

Step 1:First, read the problem and identify what we need to find. We need to find the time it will take Emily to peel and cook 90 shrimp.

Step 2:Next, set up equations and perform the calculations....
2025-08-06 03:11:01,664 - INFO - 提取答案: 18
2025-08-06 03:11:01,664 - INFO - 投票统计: {'voting_method': 'majority', 'best_answer': '18', 'vote_count': 4, 'total_paths': 10, 'valid_paths': 10, 'confidence': 0.4, 'answer_distribution': {'18': 4, '45': 1, '10': 1, '30': 1, '20': 1, '15': 1, '25': 1}, 'selected_path_idx': 0}
2025-08-06 03:11:01,665 - INFO - ==================================================
2025-08-06 03:11:01,666 - INFO - 
==================================================
2025-08-06 03:11:01,666 - INFO - 样本 70: Millie decides to open a lemonade stand. She spends $18 to buy enough supplies to make 3 pitchers of...
2025-08-06 03:11:01,667 - INFO - 参考答案: She has enough supplies to make 3 * 12 = <<3*12=36>>36 cups of lemonade.
She sells all of the lemonade for 36 * $1 = $<<36*1=36>>36.
Her total profit for selling the lemonade is $36 - $18 = $<<36-18=18>>18.
It will take Millie 36 / 4 = <<36/4=9>>9 hours of work to sell all of the lemonade.
Her hourly profit is $18 / 9 hours = $<<18/9=2>>2 per hour.
#### 2
2025-08-06 03:11:01,668 - INFO - 提取参考答案: 2
2025-08-06 03:11:01,668 - INFO - 生成答案: 

Step 1:First, read the problem and identify what we need to find. We need to find the profit Millie will make per hour.

Step 2:Next, set up equations and perform the calculations. Millie buys suppl...
2025-08-06 03:11:01,669 - INFO - 提取答案: 4.5
2025-08-06 03:11:01,670 - INFO - 投票统计: {'voting_method': 'majority', 'best_answer': '4.5', 'vote_count': 3, 'total_paths': 10, 'valid_paths': 10, 'confidence': 0.3, 'answer_distribution': {'-14': 2, '21': 1, '4.5': 3, '2': 1, '18': 1, '4': 1, '32': 1}, 'selected_path_idx': 2}
2025-08-06 03:11:01,670 - INFO - ==================================================
2025-08-06 03:11:01,671 - INFO - 
==================================================
2025-08-06 03:11:01,672 - INFO - 样本 81: Elise has been selling her Dad's collection of 250 books for three years. Each book sells at 20$, an...
2025-08-06 03:11:01,672 - INFO - 参考答案: If her sales in the current year are 45, she sold 45*2 = <<45*2=90>>90 books in the first year.
The total number of books sold in the first and current year is 90+45 = <<90+45=135>>135.
The total number of books sold in the second year is 250 of the original number of books - 135 sold books - 50 unsold books = <<250-135-50=65>>65 books.
If each book sells at 20$, then she earned 20*65 = $<<20*65=1300>>1300 in the second year
#### 1300
2025-08-06 03:11:01,673 - INFO - 提取参考答案: 1300
2025-08-06 03:11:01,674 - INFO - 生成答案: 

Step 1:First, read the problem and identify what we need to find. We need to find the total amount of money Elise earned in the second year.

Step 2:Next, set up equations and perform the calculatio...
2025-08-06 03:11:01,675 - INFO - 提取答案: 700
2025-08-06 03:11:01,675 - INFO - 投票统计: {'voting_method': 'majority', 'best_answer': '700', 'vote_count': 1, 'total_paths': 10, 'valid_paths': 10, 'confidence': 0.1, 'answer_distribution': {'700': 1, '2660': 1, '2300': 1, '1000': 1, '1300': 1, '80': 1, '900': 1, '1500': 1, '1320': 1, '1800': 1}, 'selected_path_idx': 0}
2025-08-06 03:11:01,676 - INFO - ==================================================
2025-08-06 03:11:01,676 - INFO - 
==================================================
2025-08-06 03:11:01,677 - INFO - 样本 87: The local firefighters are doing a “fill the boot” fundraiser. Their goal is to raise $6300. After t...
2025-08-06 03:11:01,678 - INFO - 参考答案: The fireman raise 2100 / 3 = $<<2100/3=700>>700 per hour.
They have to fundraise for 6300 / 700 = <<6300/700=9>>9 hours.
#### 9
2025-08-06 03:11:01,678 - INFO - 提取参考答案: 9
2025-08-06 03:11:01,679 - INFO - 生成答案: 

Step 1:First, read the problem and identify what we need to find. We need to find the total number of hours the firefighters have to fundraise to reach their goal.

Step 2:Next, set up equations and...
2025-08-06 03:11:01,680 - INFO - 提取答案: 6
2025-08-06 03:11:01,680 - INFO - 投票统计: {'voting_method': 'majority', 'best_answer': '6', 'vote_count': 4, 'total_paths': 10, 'valid_paths': 10, 'confidence': 0.4, 'answer_distribution': {'3': 2, '9': 2, '17': 1, '6': 4, '4': 1}, 'selected_path_idx': 5}
2025-08-06 03:11:01,681 - INFO - ==================================================
2025-08-06 03:11:01,682 - INFO - 
==================================================
2025-08-06 03:11:01,682 - INFO - 样本 93: Josh decides to try flipping a house.  He buys a house for $80,000 and then puts in $50,000 in repai...
2025-08-06 03:11:01,683 - INFO - 参考答案: The cost of the house and repairs came out to 80,000+50,000=$<<80000+50000=130000>>130,000
He increased the value of the house by 80,000*1.5=<<80000*1.5=120000>>120,000
So the new value of the house is 120,000+80,000=$<<120000+80000=200000>>200,000
So he made a profit of 200,000-130,000=$<<200000-130000=70000>>70,000
#### 70000
2025-08-06 03:11:01,683 - INFO - 提取参考答案: 70000
2025-08-06 03:11:01,684 - INFO - 生成答案: 

Step 1:First, read the problem and identify what we need to find. We need to find the profit Josh made by flipping the house.

Step 2:Next, set up equations and perform the calculations. The origina...
2025-08-06 03:11:01,685 - INFO - 提取答案: 195000
2025-08-06 03:11:01,685 - INFO - 投票统计: {'voting_method': 'majority', 'best_answer': '195000', 'vote_count': 2, 'total_paths': 10, 'valid_paths': 10, 'confidence': 0.2, 'answer_distribution': {'70000': 1, '78000': 1, '-10000': 1, '195000': 2, '10000': 1, '50000': 2, '12000': 1, '3333.33': 1}, 'selected_path_idx': 3}
2025-08-06 03:11:01,686 - INFO - ==================================================
2025-08-06 03:11:01,687 - INFO - 
==================================================
2025-08-06 03:11:01,687 - INFO - 样本 95: There is one set of twins and one set of triplets. One twin is 7 years older than one triplet. If th...
2025-08-06 03:11:01,688 - INFO - 参考答案: Let T = age of triplet
Twin's age = T + <<+7=7>>7
Twin's combined age = 2 * (T + 7)
Triplet's combined age = <<3=3>>3T
2 * (T + 7) + 3T = 44
2T + 14 + 3T = 44
5T + 14 = 44
5T = 30
T = <<6=6>>6
Twin = 6 + 7 = <<6+7=13>>13
The twins are each <<13=13>>13 years old.
#### 13
2025-08-06 03:11:01,688 - INFO - 提取参考答案: 13
2025-08-06 03:11:01,689 - INFO - 生成答案: 

Step 1:First, read the problem and identify what we need to find. We need to find the age of one of the twins.

Step 2:Next, set up equations and perform the calculations. Let x be the age of one tr...
2025-08-06 03:11:01,690 - INFO - 提取答案: 18.5
2025-08-06 03:11:01,690 - INFO - 投票统计: {'voting_method': 'majority', 'best_answer': '18.5', 'vote_count': 2, 'total_paths': 10, 'valid_paths': 10, 'confidence': 0.2, 'answer_distribution': {'11': 1, '6': 1, '18.5': 2, '25.5': 1, '10': 2, '7.5': 1, '17': 1, '12': 1}, 'selected_path_idx': 2}
2025-08-06 03:11:01,691 - INFO - ==================================================
2025-08-06 03:11:01,692 - INFO - 
==================================================
2025-08-06 03:11:01,692 - INFO - 样本 98: One meatball sub sandwich contains 4 meatballs.  Sidney ordered 3 less than ten meatball sub sandwic...
2025-08-06 03:11:01,693 - INFO - 参考答案: 3 less than ten meatball sub sandwiches is 10-3=<<10-3=7>>7 sub sandwiches.
After Mark ate 4 of Sidney's meatball sub sandwiches, 7-4=<<7-4=3>>3 remained.
Finally, after Sidney ordered three more sub sandwiches, there were a total of 3+3=<<3+3=6>>6 sub sandwiches.
If each sub sandwich has 4 meatballs, then the remaining sub sandwiches contain a total of 6*4=<<6*4=24>>24 meatballs.
#### 24
2025-08-06 03:11:01,694 - INFO - 提取参考答案: 24
2025-08-06 03:11:01,694 - INFO - 生成答案: 

Step 1:First, read the problem and identify what we need to find. We need to find the number of meatballs in the sub sandwiches that remained.

Step 2:Next, set up equations and perform the calculat...
2025-08-06 03:11:01,695 - INFO - 提取答案: 12
2025-08-06 03:11:01,695 - INFO - 投票统计: {'voting_method': 'majority', 'best_answer': '12', 'vote_count': 8, 'total_paths': 10, 'valid_paths': 10, 'confidence': 0.8, 'answer_distribution': {'12': 8, '24': 2}, 'selected_path_idx': 0}
2025-08-06 03:11:01,696 - INFO - ==================================================
2025-08-06 03:11:01,697 - INFO - 
==================================================
2025-08-06 03:11:01,697 - INFO - 样本 106: Sally went to the seashore for vacation.  Her parents gave her $10 to buy whatever she wanted.  At t...
2025-08-06 03:11:01,698 - INFO - 参考答案: Taffy is buying 1 pound for $3 and gets 1 pound half off. So 1/2 off of 1 pound is $3/2 = $1.50+$3.00=$4.50
4 magnets at $0.25 each is 4*.25=$<<4*0.25=1.00>>1.00
When you add all her purchases, $4.50+$1.50+$1.00 = $<<4.5+1.5+1=7.00>>7.00
She had $10 and spent $7 so she had $10-$7 = $<<10-7=3.00>>3.00 left over
#### 3
2025-08-06 03:11:01,699 - INFO - 提取参考答案: 3
2025-08-06 03:11:01,699 - INFO - 生成答案: 

Step 1:First, read the problem and identify what we need to find. We need to find out how much money Sally has left.

Step 2:Next, set up equations and perform the calculations. Sally bought 2 pound...
2025-08-06 03:11:01,700 - INFO - 提取答案: 0
2025-08-06 03:11:01,704 - INFO - 投票统计: {'voting_method': 'majority', 'best_answer': '0', 'vote_count': 3, 'total_paths': 10, 'valid_paths': 10, 'confidence': 0.3, 'answer_distribution': {'3': 2, '1.50': 1, '4': 2, '0': 3, '-1.5': 1, '-1.50': 1}, 'selected_path_idx': 3}
2025-08-06 03:11:01,705 - INFO - ==================================================
2025-08-06 03:11:01,705 - INFO - 
==================================================
2025-08-06 03:11:01,706 - INFO - 样本 108: Ophelia and Jenna are living in the same apartment building. They each have 2 fewer sofas than chair...
2025-08-06 03:11:01,706 - INFO - 参考答案: If Ophelia has 20 sofas and 2 fewer sofas than chairs, she has 20+2 = <<20+2=22>>22 chairs.
Jenna has 3 times as many chairs as Ophelia, a total of 3*22 = <<3*22=66>>66 chairs
The total number of chairs Ophelia and Jenna have is 66+22 = <<66+22=88>>88
Since Jenna also has 2 fewer sofas than chairs, the total number of sofas she has is 66-2 = <<66-2=64>>64 sofas.
The total number of sofas Ophelia and Jenna have is 64+20 = <<64+20=84>>84 sofas
Together, they have 84 sofas+88 chairs = <<84+88=172>>172
#### 172
2025-08-06 03:11:01,707 - INFO - 提取参考答案: 172
2025-08-06 03:11:01,708 - INFO - 生成答案: 

Step 1:First, read the problem and identify what we need to find. We need to find the total number of sofas and chairs that Ophelia and Jenna have.

Step 2:Next, set up equations and perform the cal...
2025-08-06 03:11:01,708 - INFO - 提取答案: 108
2025-08-06 03:11:01,709 - INFO - 投票统计: {'voting_method': 'majority', 'best_answer': '108', 'vote_count': 5, 'total_paths': 10, 'valid_paths': 10, 'confidence': 0.5, 'answer_distribution': {'172': 2, '108': 5, '110': 1, '86': 1, '92': 1}, 'selected_path_idx': 1}
2025-08-06 03:11:01,710 - INFO - ==================================================
2025-08-06 03:11:01,710 - INFO - 
==================================================
2025-08-06 03:11:01,711 - INFO - 样本 110: Janet goes to the mall and spends $3.50 on ice cream, $7.50 each for movie tickets for herself and h...
2025-08-06 03:11:01,711 - INFO - 参考答案: First calculate the cost of the movie tickets by multiplying the price per ticket by 2: $7.50 * 2 = $<<7.5*2=15.00>>15.00
Then add up all the money Janet spent: $3.50 + $15.00 + $8.50 = $<<3.5+15+8.5=27.00>>27.00
Now subtract Janet's spending from the initial amount of money she had: $40.00 - $27.00 = $<<40-27=13.00>>13.00
#### 13
2025-08-06 03:11:01,712 - INFO - 提取参考答案: 13
2025-08-06 03:11:01,713 - INFO - 生成答案: 

Step 1:First, read the problem and identify what we need to find. We need to find the amount of money Janet has left after her purchases.

Step 2:Next, set up equations and perform the calculations....
2025-08-06 03:11:01,713 - INFO - 提取答案: 20.50
2025-08-06 03:11:01,714 - INFO - 投票统计: {'voting_method': 'majority', 'best_answer': '20.50', 'vote_count': 7, 'total_paths': 10, 'valid_paths': 10, 'confidence': 0.7, 'answer_distribution': {'20.50': 7, '13.50': 2, '13': 1}, 'selected_path_idx': 0}
2025-08-06 03:11:01,715 - INFO - ==================================================
2025-08-06 03:11:01,716 - INFO - 
==================================================
2025-08-06 03:11:01,717 - INFO - 样本 112: After scoring 14 points, Erin now has three times more points than Sara, who scored 8. How many poin...
2025-08-06 03:11:01,718 - INFO - 参考答案: Erin now has three times more points than Sara, which is 3*8= <<3*8=24>>24 more points than Sara.
This means Erin has a total of 8+24 = <<8+24=32>>32 points now.
Before, Erin had 32-14= <<32-14=18>>18 points
#### 18
2025-08-06 03:11:01,719 - INFO - 提取参考答案: 18
2025-08-06 03:11:01,720 - INFO - 生成答案: 

Step 1:First, read the problem and identify what we need to find. We need to find the number of points Erin had before scoring 14 points.

Step 2:Next, set up equations and perform the calculations....
2025-08-06 03:11:01,721 - INFO - 提取答案: 10
2025-08-06 03:11:01,722 - INFO - 投票统计: {'voting_method': 'majority', 'best_answer': '10', 'vote_count': 6, 'total_paths': 10, 'valid_paths': 10, 'confidence': 0.6, 'answer_distribution': {'20': 1, '10': 6, '14': 1, '3': 1, '22': 1}, 'selected_path_idx': 1}
2025-08-06 03:11:01,723 - INFO - ==================================================
2025-08-06 03:11:01,723 - INFO - 
==================================================
2025-08-06 03:11:01,724 - INFO - 样本 113: Colby loves going to the movies and every month his parents give him $150 to spend at the movies. Ti...
2025-08-06 03:11:01,724 - INFO - 参考答案: He has spent $50 on Fri/Sat movies because 5 x 10 = <<50=50>>50
He has spent $56 on movies the rest of the day because 8 x 7 = <<8*7=56>>56
He has spent $16 on popcorn because 2 x 8 = <<16=16>>16
He has spent $8 on candy because 4 x 2 = <<4*2=8>>8
He has spent 130 in total because 50 + 56 + 16 + 8 = <<50+56+16+8=130>>130
He plans to spend $10 on popcorn and candy because 8 + 2 = <<8+2=10>>10
He has $10 left to spend because 150 - 130 - 10 = <<150-130-10=10>>10
He can see 1 movie because 10 / 10 = <<10/10=1>>1
#### 1
2025-08-06 03:11:01,725 - INFO - 提取参考答案: 1
2025-08-06 03:11:01,726 - INFO - 生成答案: 

Step 1:First, read the problem and identify what we need to find. We need to find the number of movies Colby can see that night.

Step 2:Next, set up equations and perform the calculations. Colby's ...
2025-08-06 03:11:01,726 - INFO - 提取答案: 2
2025-08-06 03:11:01,727 - INFO - 投票统计: {'voting_method': 'majority', 'best_answer': '2', 'vote_count': 3, 'total_paths': 10, 'valid_paths': 10, 'confidence': 0.3, 'answer_distribution': {'2': 3, '8': 1, '12': 2, '6': 1, '17': 1, '7': 1, '4': 1}, 'selected_path_idx': 0}
2025-08-06 03:11:01,728 - INFO - ==================================================
2025-08-06 03:11:01,728 - INFO - 
==================================================
2025-08-06 03:11:01,729 - INFO - 样本 120: Jason was told he could earn $3.00 for doing his laundry,  $1.50 for cleaning his room, $0.75 for ta...
2025-08-06 03:11:01,730 - INFO - 参考答案: Jason emptied the dishwasher 6 times at $0.50 each so he made 6*.50=$<<6*.50=3.00>>3.00
Jason did his laundry 1 time at $3.00 so he made 1*3 = $<<1*3=3.00>>3.00
Jason took the trash out 2 times at $0.75 each so he made 2*.75 = $<<2*.75=1.50>>1.50
Jason cleaned his room 1 time at $1.50 each so he made 1*1.50 = $<<1*1.50=1.50>>1.50
Jason made 3+1.50+1.50+3 = $<<3+1.5+1.5+3=9.00>>9.00
#### 9
2025-08-06 03:11:01,730 - INFO - 提取参考答案: 9
2025-08-06 03:11:01,731 - INFO - 生成答案: 

Step 1:First, read the problem and identify what we need to find. We need to find the total amount of money Jason earned in a two-week period.

Step 2:Next, set up equations and perform the calculat...
2025-08-06 03:11:01,731 - INFO - 提取答案: 10.50
2025-08-06 03:11:01,732 - INFO - 投票统计: {'voting_method': 'majority', 'best_answer': '10.50', 'vote_count': 4, 'total_paths': 10, 'valid_paths': 10, 'confidence': 0.4, 'answer_distribution': {'10.50': 4, '9': 4, '13.50': 1, '7': 1}, 'selected_path_idx': 0}
2025-08-06 03:11:01,733 - INFO - ==================================================
2025-08-06 03:11:01,733 - INFO - 
==================================================
2025-08-06 03:11:01,734 - INFO - 样本 122: In a school activity, fifty-four students are to be separated into six groups of equal size. If the ...
2025-08-06 03:11:01,734 - INFO - 参考答案: There are 54/6 = <<54/6=9>>9 groups formed from the 54 students.
So, 12 - 9 = <<12-9=3>>3 groups more are needed to form.
#### 3
2025-08-06 03:11:01,735 - INFO - 提取参考答案: 3
2025-08-06 03:11:01,735 - INFO - 生成答案: 

Step 1:First, read the problem and identify what we need to find. We need to find the number of additional groups needed to form the required 12 groups.

Step 2:Next, set up equations and perform th...
2025-08-06 03:11:01,736 - INFO - 提取答案: 6
2025-08-06 03:11:01,737 - INFO - 投票统计: {'voting_method': 'majority', 'best_answer': '6', 'vote_count': 4, 'total_paths': 10, 'valid_paths': 10, 'confidence': 0.4, 'answer_distribution': {'5': 1, '6': 4, '1': 1, '0': 1, '18': 1, '11': 1, '3': 1}, 'selected_path_idx': 1}
2025-08-06 03:11:01,737 - INFO - ==================================================
2025-08-06 03:11:01,738 - INFO - 
==================================================
2025-08-06 03:11:01,739 - INFO - 样本 125: Rose is out picking flowers for a vase she wants to fill.  She starts off by picking 3 flowers with ...
2025-08-06 03:11:01,740 - INFO - 参考答案: Rose picks 3*5=<<3*5=15>>15 petals worth of the 5 petal flowers.
Rose then picks 4*6=<<4*6=24>>24 petals worth of the 6 petal flowers.
Rose then picks 5*4=<<5*4=20>>20 petals worth of the 4 petal flowers.
Finally, Rose picks 6*7=<<6*7=42>>42 petals worth of the 7 petal flowers.
Rose carries 15+24+20+42=<<15+24+20+42=101>>101 petals worth of flowers back to the vase.
But the wind blows 5+6+4+7=<<5+6+4+7=22>>22 petals worth of flowers away.
So Rose has 101-22=<<101-22=79>>79 petals worth remaining
#### 79
2025-08-06 03:11:01,741 - INFO - 提取参考答案: 79
2025-08-06 03:11:01,742 - INFO - 生成答案: 

Step 1:First, read the problem and identify what we need to find. We need to find the total number of petals on the flowers in the vase.

Step 2:Next, set up equations and perform the calculations. ...
2025-08-06 03:11:01,743 - INFO - 提取答案: 83
2025-08-06 03:11:01,744 - INFO - 投票统计: {'voting_method': 'majority', 'best_answer': '83', 'vote_count': 3, 'total_paths': 10, 'valid_paths': 10, 'confidence': 0.3, 'answer_distribution': {'103': 1, '68': 1, '101': 2, '83': 3, '79': 1, '96': 1, '90': 1}, 'selected_path_idx': 4}
2025-08-06 03:11:01,745 - INFO - ==================================================
2025-08-06 03:11:01,746 - INFO - 
==================================================
2025-08-06 03:11:01,747 - INFO - 样本 133: A food caterer was told to prepare gourmet hot dogs for 36 guests. While most people would only eat ...
2025-08-06 03:11:01,748 - INFO - 参考答案: The food caterer prepared an additional 36/2 = <<36/2=18>>18 hot dogs.
Altogether, he prepared 36 + 18 = <<36+18=54>>54 hotdogs.
If 40 people wanted seconds, he would have needed 40 x 2 = <<40*2=80>>80 hot dogs.
80 - 54 = <<80-54=26>>26 people did not get second hotdogs.
#### 26
2025-08-06 03:11:01,749 - INFO - 提取参考答案: 26
2025-08-06 03:11:01,750 - INFO - 生成答案: 

Step 1:First, read the problem and identify what we need to find. We need to find the number of guests who did not get a second hotdog.

Step 2:Next, set up equations and perform the calculations. T...
2025-08-06 03:11:01,751 - INFO - 提取答案: 22
2025-08-06 03:11:01,752 - INFO - 投票统计: {'voting_method': 'majority', 'best_answer': '22', 'vote_count': 6, 'total_paths': 10, 'valid_paths': 10, 'confidence': 0.6, 'answer_distribution': {'31': 1, '22': 6, '44': 1, '2': 1, '18': 1}, 'selected_path_idx': 1}
2025-08-06 03:11:01,753 - INFO - ==================================================
2025-08-06 03:11:01,754 - INFO - 
==================================================
2025-08-06 03:11:01,755 - INFO - 样本 143: Wayne and Bernadette are movie stars heading to the premiere of their latest film. Bernadette wants ...
2025-08-06 03:11:01,756 - INFO - 参考答案: Bernadette takes 4 * 4 = <<4*4=16>>16 minutes to get to the theater.
Her ride takes 16 - 4 = <<16-4=12>>12 minutes longer than Wayne’s to get to the theater.
Thus, she should leave 12 + 5 = <<12+5=17>>17 minutes before Wayne to get to the theater 5 minutes sooner than he does.
#### 17
2025-08-06 03:11:01,757 - INFO - 提取参考答案: 17
2025-08-06 03:11:01,758 - INFO - 生成答案: 

Step 1:First, read the problem and identify what we need to find. We need to find the difference in the time that Bernadette and Wayne should leave to get to the theater first.

Step 2:Next, set up ...
2025-08-06 03:11:01,759 - INFO - 提取答案: 21
2025-08-06 03:11:01,760 - INFO - 投票统计: {'voting_method': 'majority', 'best_answer': '21', 'vote_count': 5, 'total_paths': 10, 'valid_paths': 10, 'confidence': 0.5, 'answer_distribution': {'21': 5, '2.8': 1, '5': 1, '12': 1, '16': 1, '13': 1}, 'selected_path_idx': 0}
2025-08-06 03:11:01,761 - INFO - ==================================================
2025-08-06 03:11:01,763 - INFO - 
==================================================
2025-08-06 03:11:01,764 - INFO - 样本 156: A family of 6 (2 adults and 4 kids) are to divide a watermelon such that each adult gets a slice tha...
2025-08-06 03:11:01,765 - INFO - 参考答案: Let x be the percentage of watermelon that each adult gets.
Since each kid gets half of what each adult gets, each kid gets x/2 percent of the watermelon
So the watermelon gets split into 2*x and 4*(x/2) parts by percentage
The percentages have to sum up to 100 so 2x+2x = 100 (after simplification)
x = 100/4 = <<100/4=25>>25, which means each adult gets 25% of the watermelon.
#### 25
2025-08-06 03:11:01,766 - INFO - 提取参考答案: 25
2025-08-06 03:11:01,767 - INFO - 生成答案: 

Step 1:First, read the problem and identify what we need to find. We need to find the percentage of the watermelon that each adult gets.

Step 2:Next, set up equations and perform the calculations. ...
2025-08-06 03:11:01,768 - INFO - 提取答案: 33.33
2025-08-06 03:11:01,769 - INFO - 投票统计: {'voting_method': 'majority', 'best_answer': '33.33', 'vote_count': 6, 'total_paths': 10, 'valid_paths': 10, 'confidence': 0.6, 'answer_distribution': {'75': 1, '33.33': 6, '20': 1, '50': 1, '22.22': 1}, 'selected_path_idx': 1}
2025-08-06 03:11:01,769 - INFO - ==================================================
2025-08-06 03:11:01,770 - INFO - 
==================================================
2025-08-06 03:11:01,771 - INFO - 样本 173: A company's HR hires 20 new employees every month to add to its total workforce. If the company's in...
2025-08-06 03:11:01,771 - INFO - 参考答案: If each month the company hire 20 new employees, the total number of employees in the company in the first month is 200 employees + 20 employees = <<200+20=220>>220 employees
If each employee is paid $4000 per month, the total amount of money paid by the employee to its workers in the first month is 220 employees * $4000/employee = $<<220*4000=880000>>880000
In the second month, 20 more workers are hired, bringing the total number of employees to 220 employees + 20 employees = 240 employees
The company pays a total of 240 employees * $4000/employee = $<<240*4000=960000>>960000 in wages for its employees in the second month.
When an additional 20 workers are hired in the third month, the total number of workers become 240 employees + 20 employees = <<240+20=260>>260 employees
In total, the company 260 employees * $4000/employee = $<<260*4000=1040000>>1040000 in wages on the third month.
The total amount of money the company pays to all its employees in the three months is $1040000 + $960000 + $880000 = <<1040000+960000+880000=2880000>>2880000
#### 2880000
2025-08-06 03:11:01,772 - INFO - 提取参考答案: 2880000
2025-08-06 03:11:01,773 - INFO - 生成答案: 

Step 1:First, read the problem and identify what we need to find. We need to find the total amount of money the company pays to its employees after three months.

Step 2:Next, set up equations and p...
2025-08-06 03:11:01,773 - INFO - 提取答案: 1040000
2025-08-06 03:11:01,774 - INFO - 投票统计: {'voting_method': 'majority', 'best_answer': '1040000', 'vote_count': 9, 'total_paths': 10, 'valid_paths': 10, 'confidence': 0.9, 'answer_distribution': {'1040000': 9, '3120000': 1}, 'selected_path_idx': 0}
2025-08-06 03:11:01,775 - INFO - ==================================================
2025-08-06 03:11:01,775 - INFO - 
==================================================
2025-08-06 03:11:01,776 - INFO - 样本 194: James gets 10 new CDs.  Each CD cost $15.  He gets them for 40% off.  He decides he doesn't like 5 o...
2025-08-06 03:11:01,777 - INFO - 参考答案: He got a 15*.4=$<<15*.4=6>>6 discount on each CD
That means each CD cost 15-6=$<<15-6=9>>9
So he paid 10*9=$<<10*9=90>>90
That means he was out 90-40=$<<90-40=50>>50
#### 50
2025-08-06 03:11:01,777 - INFO - 提取参考答案: 50
2025-08-06 03:11:01,778 - INFO - 生成答案: 

Step 1:First, read the problem and identify what we need to find. We need to find the amount of money James was out.

Step 2:Next, set up equations and perform the calculations. James bought 10 new ...
2025-08-06 03:11:01,779 - INFO - 提取答案: 110
2025-08-06 03:11:01,779 - INFO - 投票统计: {'voting_method': 'majority', 'best_answer': '110', 'vote_count': 6, 'total_paths': 10, 'valid_paths': 10, 'confidence': 0.6, 'answer_distribution': {'110': 6, '88': 1, '190': 1, '-55': 1, '10': 1}, 'selected_path_idx': 0}
2025-08-06 03:11:01,780 - INFO - ==================================================
2025-08-06 03:11:01,780 - INFO - 
==================================================
2025-08-06 03:11:01,781 - INFO - 样本 199: Vicki is planning a pop concert at her high school. The show will be 2 hours. She is allowing each g...
2025-08-06 03:11:01,782 - INFO - 参考答案: First, we should convert the 2 hours of showtime into minutes for our calculations. Since there are 60 minutes in 1 hour, the show will be 2 x 60 = <<2*60=120>>120 minutes.
Of those 120 minutes, 10 will be used for intermission, so 120 – 10 = <<120-10=110>>110 minutes for performances.
Each group will use 2 minutes to get on stage + 6 minutes to perform + 2 minutes to exit the stage = <<2+6+2=10>>10 minutes of show time.
Of the 110 minutes of performances, 10 are used per group, so 110 minutes / 10 = <<110/10=11>>11 groups can perform.
#### 11
2025-08-06 03:11:01,782 - INFO - 提取参考答案: 11
2025-08-06 03:11:01,783 - INFO - 生成答案: 

Step 1:First, read the problem and identify what we need to find. We need to find the number of groups that can perform in the concert.

Step 2:Next, set up equations and perform the calculations. T...
2025-08-06 03:11:01,783 - INFO - 提取答案: 6
2025-08-06 03:11:01,784 - INFO - 投票统计: {'voting_method': 'majority', 'best_answer': '6', 'vote_count': 6, 'total_paths': 10, 'valid_paths': 10, 'confidence': 0.6, 'answer_distribution': {'11': 4, '6': 6}, 'selected_path_idx': 1}
2025-08-06 03:11:01,785 - INFO - ==================================================
2025-08-06 03:11:01,785 - INFO - 
==================================================
2025-08-06 03:11:01,786 - INFO - 样本 201: For a New Year's resolution, Andy wants to lose 30 lbs. by his birthday, which is July 19th. Today i...
2025-08-06 03:11:01,786 - INFO - 参考答案: January, March, and May have 31 days, February has 28, and April and June have 30, and Andy's birthday is on the 19th day of July. So there are 3 * 31 days + 28 + 2 * 30 days + 19 days = 93 days + 28 + 60 days + 19 days = <<3*31+28+2*30+19=200>>200 days until Andy's birthday.
He wants to lose 30 lbs. At 3500 calories per pound, this is 30 * 3500 = <<30*3500=105000>>105,000 calories total,
To reach his goal, he will have to burn 105,000 calories / 200 days = <<105000/200=525>>525 calories per day more than he consumes.
#### 525
2025-08-06 03:11:01,787 - INFO - 提取参考答案: 525
2025-08-06 03:11:01,788 - INFO - 生成答案: 

Step 1:First, read the problem and identify what we need to find. We need to find the daily calorie deficit needed by Andy to reach his goal.

Step 2:Next, set up equations and perform the calculati...
2025-08-06 03:11:01,788 - INFO - 提取答案: 19
2025-08-06 03:11:01,789 - INFO - 投票统计: {'voting_method': 'majority', 'best_answer': '19', 'vote_count': 1, 'total_paths': 10, 'valid_paths': 10, 'confidence': 0.1, 'answer_distribution': {'19': 1, '500': 1, '531.53': 1, '523': 1, '5250': 1, '945000': 1, '3500': 1, '495': 1, '496': 1, '2750': 1}, 'selected_path_idx': 0}
2025-08-06 03:11:01,790 - INFO - ==================================================
2025-08-06 03:11:01,790 - INFO - 
==================================================
2025-08-06 03:11:01,791 - INFO - 样本 208: Carmen goes to an auction to win an antique desk. She accepts the opening bid of $200 and continues ...
2025-08-06 03:11:01,791 - INFO - 参考答案: 3 other people are bidding on the desk so there are 3 bids * $50 per bid = $<<3*50=150>>150 added to the cost of the desk by other people.
Carmen also has to bid against each person, so she also adds 3 bids * $50 per bid = $<<3*50=150>>150 to the overall cost.
So in these bids, there has been a total of $150 + $150 = $<<150+150=300>>300 added to the initial cost of the desk.
The desk therefore costs $200 opening bid + $300 added cost = $<<200+300=500>>500.
#### 500
2025-08-06 03:11:01,792 - INFO - 提取参考答案: 500
2025-08-06 03:11:01,793 - INFO - 生成答案: 

Step 1:First, read the problem and identify what we need to find. We need to find the total amount of money that Carmen spent on the desk.

Step 2:Next, set up equations and perform the calculations...
2025-08-06 03:11:01,793 - INFO - 提取答案: 400
2025-08-06 03:11:01,794 - INFO - 投票统计: {'voting_method': 'majority', 'best_answer': '400', 'vote_count': 2, 'total_paths': 10, 'valid_paths': 10, 'confidence': 0.2, 'answer_distribution': {'200': 1, '350': 1, '600': 1, '600+50x': 1, '400': 2, '1300': 1, '1600': 1, '100': 1, '1100': 1}, 'selected_path_idx': 4}
2025-08-06 03:11:01,795 - INFO - ==================================================
2025-08-06 03:11:01,796 - INFO - 
==================================================
2025-08-06 03:11:01,796 - INFO - 样本 218: 48 people are riding a bus. On the first stop, 8 passengers get off, and 5 times as many people as t...
2025-08-06 03:11:01,797 - INFO - 参考答案: At the first stop, 5 * 8 = <<5*8=40>>40 passengers get on the bus.
After the first stop the bus has ( 48 - 8 ) + 40 = <<48-8+40=80>>80 passengers.
At the second stop, 21 / 3 = <<21/3=7>>7 passengers get on the bus.
After the second stop there are ( 80 - 21 ) + 7 = <<80-21+7=66>>66 passengers.
#### 66
2025-08-06 03:11:01,797 - INFO - 提取参考答案: 66
2025-08-06 03:11:01,798 - INFO - 生成答案: 

Step 1:First, read the problem and identify what we need to find. We need to find the number of passengers who are riding the bus after the second stop.

Step 2:Next, set up equations and perform th...
2025-08-06 03:11:01,799 - INFO - 提取答案: 59
2025-08-06 03:11:01,799 - INFO - 投票统计: {'voting_method': 'majority', 'best_answer': '59', 'vote_count': 3, 'total_paths': 10, 'valid_paths': 10, 'confidence': 0.3, 'answer_distribution': {'59': 3, '67': 1, '83': 1, '66': 2, '64': 1, '61': 1, '116': 1}, 'selected_path_idx': 0}
2025-08-06 03:11:01,800 - INFO - ==================================================
2025-08-06 03:11:01,801 - INFO - 
==================================================
2025-08-06 03:11:01,801 - INFO - 样本 222: Maggie's oven is malfunctioning. When she sets it to 450 the actual temperature is 468. If it's off ...
2025-08-06 03:11:01,802 - INFO - 参考答案: The oven off by 18 degrees because 468 - 450 = <<468-450=18>>18
The oven is off by 4% because 18 / 450 x 100 = <<18/450*100=4>>4%
Therefore X + .04X = 520
Therefore 1.04X = 520
The temperature to set it is 500 because 520 / 1.04 = <<520/1.04=500>>500
#### 500
2025-08-06 03:11:01,802 - INFO - 提取参考答案: 500
2025-08-06 03:11:01,803 - INFO - 生成答案: 

Step 1:First, read the problem and identify what we need to find. We need to find the temperature that Maggie should set her oven to.

Step 2:Next, set up equations and perform the calculations. The...
2025-08-06 03:11:01,804 - INFO - 提取答案: 520
2025-08-06 03:11:01,804 - INFO - 投票统计: {'voting_method': 'majority', 'best_answer': '520', 'vote_count': 2, 'total_paths': 10, 'valid_paths': 10, 'confidence': 0.2, 'answer_distribution': {'540.8': 1, '520': 2, '614': 1, '48': 1, '538': 1, '449.2': 1, '540': 1, '540.4': 1, '450': 1}, 'selected_path_idx': 1}
2025-08-06 03:11:01,805 - INFO - ==================================================
2025-08-06 03:11:01,805 - INFO - 
==================================================
2025-08-06 03:11:01,806 - INFO - 样本 223: Calvin is making soup for his family for dinner. He has a pot with enough soup to fill four adult's ...
2025-08-06 03:11:01,807 - INFO - 参考答案: Four adult bowls equal eight children’s bowls, so each adult bowl is 8 / 4 = <<8/4=2>>2 children’s bowls.
Calvin and his wife will eat two adult bowls, so they will eat the equivalent of 2 * 2 = <<2*2=4>>4 children’s bowls.
Thus, he, his wife, and their children will eat 4 + 2 = <<4+2=6>>6 children’s bowls at dinner.
After dinner, there will be 8 - 6 = <<8-6=2>>2 children’s bowls left over.
There are 2 children, so each child will be able to eat a bowl of leftover soup for lunch 2 / 2 = <<2/2=1>>1 time.
#### 1
2025-08-06 03:11:01,807 - INFO - 提取参考答案: 1
2025-08-06 03:11:01,808 - INFO - 生成答案: 

Step 1:First, read the problem and identify what we need to find. We need to find out how many times each child can have a bowl of soup for lunch from the leftover soup.

Step 2:Next, set up equatio...
2025-08-06 03:11:01,809 - INFO - 提取答案: 2
2025-08-06 03:11:01,809 - INFO - 投票统计: {'voting_method': 'majority', 'best_answer': '2', 'vote_count': 3, 'total_paths': 10, 'valid_paths': 10, 'confidence': 0.3, 'answer_distribution': {'6': 1, '2': 3, '3': 1, '0': 1, '1': 1, '4': 2, '5': 1}, 'selected_path_idx': 1}
2025-08-06 03:11:01,810 - INFO - ==================================================
2025-08-06 03:11:01,810 - INFO - 
==================================================
2025-08-06 03:11:01,811 - INFO - 样本 224: Patty's Plumbing charges $40 to visit a house to make a repair, plus $35 per hour, or part thereof, ...
2025-08-06 03:11:01,812 - INFO - 参考答案: She charged for 3 hours.
The total cost from the hourly rate was 3*35=$<<3*35=105>>105.
She charged 40+105+60=<<40+105+60=205>>205.
#### 205
2025-08-06 03:11:01,812 - INFO - 提取参考答案: 205
2025-08-06 03:11:01,813 - INFO - 生成答案: 

Step 1:First, read the problem and identify what we need to find. We need to find the total amount that Patty charged for the job.

Step 2:Next, set up equations and perform the calculations. The la...
2025-08-06 03:11:01,813 - INFO - 提取答案: 178.25
2025-08-06 03:11:01,814 - INFO - 投票统计: {'voting_method': 'majority', 'best_answer': '178.25', 'vote_count': 4, 'total_paths': 10, 'valid_paths': 10, 'confidence': 0.4, 'answer_distribution': {'170': 2, '178.25': 4, '108': 1, '135': 1, '150': 1, '178.75': 1}, 'selected_path_idx': 1}
2025-08-06 03:11:01,815 - INFO - ==================================================
2025-08-06 03:11:01,815 - INFO - 
==================================================
2025-08-06 03:11:01,816 - INFO - 样本 225: Katarina has 5 less cookies than Max has. Max has 12 more cookies than the Cookie Monster, and Summe...
2025-08-06 03:11:01,816 - INFO - 参考答案: Max’s has a total of 68+5 = <<68+5=73>>73 cookies.
Cookie Monster’s total amount of cookies is 73-12 = <<73-12=61>>61.
Summer’s total cookie amount is 73+23 = <<73+23=96>>96.
Total amount of cookies 68+73+61+96 = <<68+73+61+96=298>>298.
#### 298
2025-08-06 03:11:01,817 - INFO - 提取参考答案: 298
2025-08-06 03:11:01,818 - INFO - 生成答案: 

Step 1:First, read the problem and identify what we need to find. We need to find the total number of cookies that Katarina, Max, and the Cookie Monster have.

Step 2:Next, set up equations and perf...
2025-08-06 03:11:01,818 - INFO - 提取答案: 202
2025-08-06 03:11:01,819 - INFO - 投票统计: {'voting_method': 'majority', 'best_answer': '202', 'vote_count': 7, 'total_paths': 10, 'valid_paths': 10, 'confidence': 0.7, 'answer_distribution': {'202': 7, '254': 1, '298': 1, '230': 1}, 'selected_path_idx': 0}
2025-08-06 03:11:01,820 - INFO - ==================================================
2025-08-06 03:11:01,820 - INFO - 
==================================================
2025-08-06 03:11:01,821 - INFO - 样本 228: Cole wanted to buy new jeans for a dance contest. At the store, he couldn't decide between tattered ...
2025-08-06 03:11:01,821 - INFO - 参考答案: Cole saved $6 x 1/3 = $<<6*1/3=2>>2 on the jogger jeans.
So, he saved $6 - $2 = $<<6-2=4>>4 on the tattered jeans.
The original price of the jogger jeans is $22 + $2 = $<<22+2=24>>24.
Cole bought the tattered jeans for $<<28=28>>28
Hence, the original price of the tattered jeans is $28 + $4 = $<<28+4=32>>32.
Therefore, jogger jeans originally cost $32 - $24 = $<<32-24=8>>8 more than the tattered jeans.
#### 8
2025-08-06 03:11:01,822 - INFO - 提取参考答案: 8
2025-08-06 03:11:01,823 - INFO - 生成答案: 

Step 1:First, read the problem and identify what we need to find. We need to find the difference in the original prices of the jogger jeans and the tattered jeans.

Step 2:Next, set up equations and...
2025-08-06 03:11:01,823 - INFO - 提取答案: 6
2025-08-06 03:11:01,824 - INFO - 投票统计: {'voting_method': 'majority', 'best_answer': '6', 'vote_count': 5, 'total_paths': 10, 'valid_paths': 10, 'confidence': 0.5, 'answer_distribution': {'6': 5, '3': 1, '0': 2, '36': 1, '20': 1}, 'selected_path_idx': 0}
2025-08-06 03:11:01,825 - INFO - ==================================================
2025-08-06 03:11:01,825 - INFO - 
==================================================
2025-08-06 03:11:01,826 - INFO - 样本 235: Dennis uses 1 pound of butter for every dozen croissants that he makes.  He needs to make 6 dozen cr...
2025-08-06 03:11:01,826 - INFO - 参考答案: 1 pound of butter makes 1 dozen croissants and he needs to make 6 dozen so he needs 1*6 = <<1*6=6>>6 pounds of butter
The butter is $4.00 a pound and currently on sale for buy one get one half off so every unit of 2 pounds of butter will cost 4*1.5 = $<<4*1.5=6.00>>6.00
He needs 6 pounds of butter and the current promotion is for a unit of 2 pounds of butter so he needs to buy 6/2 = <<6/2=3>>3 units worth of butter
The sale price is $6.00 per 2 pounds of butter and he needs to buy 3 units of butter so 6*3 = $<<6*3=18.00>>18.00 worth of butter
#### 18
2025-08-06 03:11:01,827 - INFO - 提取参考答案: 18
2025-08-06 03:11:01,828 - INFO - 生成答案: 

Step 1:First, read the problem and identify what we need to find. We need to find the cost of purchasing 6 pounds of butter.

Step 2:Next, set up equations and perform the calculations. Since Dennis...
2025-08-06 03:11:01,828 - INFO - 提取答案: 12
2025-08-06 03:11:01,829 - INFO - 投票统计: {'voting_method': 'majority', 'best_answer': '12', 'vote_count': 4, 'total_paths': 10, 'valid_paths': 10, 'confidence': 0.4, 'answer_distribution': {'12': 4, '21': 1, '24': 1, '8': 1, '18': 1, '14': 1, '6': 1}, 'selected_path_idx': 0}
2025-08-06 03:11:01,830 - INFO - ==================================================
2025-08-06 03:11:01,830 - INFO - 
==================================================
2025-08-06 03:11:01,831 - INFO - 样本 236: Heather bought a jumbo bag of raisins with 27 cups of raisins in it. She wants to make oatmeal cooki...
2025-08-06 03:11:01,831 - INFO - 参考答案: Heather will have 27 / 3 = <<27/3=9>>9 cups of raisins for oatmeal cookies after dividing the bag.
Thus, she will be able to make (9/3) * 4 = <<9/3*4=12>>12 batches of oatmeal cookies.
#### 12
2025-08-06 03:11:01,832 - INFO - 提取参考答案: 12
2025-08-06 03:11:01,833 - INFO - 生成答案: 

Step 1:First, read the problem and identify what we need to find. We need to find the number of batches of oatmeal cookies that Heather can make.

Step 2:Next, set up equations and perform the calcu...
2025-08-06 03:11:01,833 - INFO - 提取答案: 36
2025-08-06 03:11:01,834 - INFO - 投票统计: {'voting_method': 'majority', 'best_answer': '36', 'vote_count': 5, 'total_paths': 10, 'valid_paths': 10, 'confidence': 0.5, 'answer_distribution': {'12': 2, '3': 1, '6': 1, '7': 1, '36': 5}, 'selected_path_idx': 5}
2025-08-06 03:11:01,834 - INFO - ==================================================
2025-08-06 03:11:01,835 - INFO - 
==================================================
2025-08-06 03:11:01,836 - INFO - 样本 244: Every day Charisma meditates for 15 minutes when she first wakes up and again before she goes to sle...
2025-08-06 03:11:01,837 - INFO - 参考答案: She meditates for 15 minutes in the morning and 15 minutes at night for a total of 15+15 = <<15+15=30>>30 minutes
She meditates 30 minutes daily so in 7 days/1 week she meditates 30*7 = <<30*7=210>>210 minutes
She meditates 210 minutes in 1 week so in 4 weeks she meditates 210*4 = <<210*4=840>>840 minutes
60 minutes are in an hour so she meditates for 840/60 = <<840/60=14>>14 hours
She practices yoga for 1 hour 5 days a week so that's 1*5 = <<1*5=5>>5 hours
Over 4 weeks she practices yoga for 4*5 = <<4*5=20>>20 hours
She spends 14 hours meditating and 20 hours practicing yoga for a total of 14+20 = <<14+20=34>>34 hours
#### 34
2025-08-06 03:11:01,837 - INFO - 提取参考答案: 34
2025-08-06 03:11:01,838 - INFO - 生成答案: 

Step 1:First, read the problem and identify what we need to find. We need to find the total amount of time Charisma spent on meditation and yoga practice in 4 weeks.

Step 2:Next, set up equations a...
2025-08-06 03:11:01,838 - INFO - 提取答案: 2040
2025-08-06 03:11:01,839 - INFO - 投票统计: {'voting_method': 'majority', 'best_answer': '2040', 'vote_count': 4, 'total_paths': 10, 'valid_paths': 10, 'confidence': 0.4, 'answer_distribution': {'34': 1, '420': 1, '30': 1, '2040': 4, '1410': 1, '22': 1, '1320': 1}, 'selected_path_idx': 3}
2025-08-06 03:11:01,840 - INFO - ==================================================
2025-08-06 03:11:01,841 - INFO - 
==================================================
2025-08-06 03:11:01,841 - INFO - 样本 245: Jenny goes to the florist to buy some flowers. Roses cost $2 each and $15 for a dozen. If she bought...
2025-08-06 03:11:01,842 - INFO - 参考答案: Jenny has $25 because 5 x 5 = <<5*5=25>>25
She buys 1 dozen roses and 3 single roses because 15 - 12 - 3 = <<15-12-3=0>>0
She spends $6 on the single roses because 3 x 2 = <<3*2=6>>6
She spends $21 on roses because 15 + 6 = <<15+6=21>>21
She gets $4 in change because 25 - 21 = <<25-21=4>>4
She gets 16 quarters because 4 x 4 = <<4*4=16>>16
#### 16
2025-08-06 03:11:01,842 - INFO - 提取参考答案: 16
2025-08-06 03:11:01,843 - INFO - 生成答案: 

Step 1:First, read the problem and identify what we need to find. We need to find the number of quarters Jenny leaves with.

Step 2:Next, set up equations and perform the calculations. Jenny bought ...
2025-08-06 03:11:01,844 - INFO - 提取答案: 20
2025-08-06 03:11:01,844 - INFO - 投票统计: {'voting_method': 'majority', 'best_answer': '20', 'vote_count': 4, 'total_paths': 10, 'valid_paths': 10, 'confidence': 0.4, 'answer_distribution': {'60': 1, '20': 4, '1': 1, '80': 1, '40': 2, '0': 1}, 'selected_path_idx': 1}
2025-08-06 03:11:01,845 - INFO - ==================================================
2025-08-06 03:11:01,845 - INFO - 
==================================================
2025-08-06 03:11:01,846 - INFO - 样本 247: Last month, Tasha made $80 from selling lemonade and mowing lawns. The first week, she mowed Kamala'...
2025-08-06 03:11:01,847 - INFO - 参考答案: At Kamala's Tasha made three times what she made mowing Joe's lawn, which gives 3 * 6 = <<3*6=18>>18 dollars
Since the lawn mowing sessions at Alba's were 5 times those at Joe's Tasha also made 5 * 6 = <<5*6=30>>30 dollars.
Adding up all the money earned from lawn mowing gives 6 + 18 + 30 = <<6+18+30=54>>54 dollars
Subtracting the lawn mowing money from the total amount gives us 80 - 54 = <<80-54=26>>26 dollars
Tasha therefore made 26 dollars selling lemonade.
#### 26
2025-08-06 03:11:01,847 - INFO - 提取参考答案: 26
2025-08-06 03:11:01,848 - INFO - 生成答案: 

Step 1:First, read the problem and identify what we need to find. We need to find the amount of money Tasha made from selling lemonade.

Step 2:Next, set up equations and perform the calculations. L...
2025-08-06 03:11:01,849 - INFO - 提取答案: 80
2025-08-06 03:11:01,849 - INFO - 投票统计: {'voting_method': 'majority', 'best_answer': '80', 'vote_count': 4, 'total_paths': 10, 'valid_paths': 10, 'confidence': 0.4, 'answer_distribution': {'80': 4, '80-6x': 1, '62': 1, '40': 1, '26': 1, '52.25': 1, '61.33': 1}, 'selected_path_idx': 0}
2025-08-06 03:11:01,850 - INFO - ==================================================
2025-08-06 03:11:01,851 - INFO - 
==================================================
2025-08-06 03:11:01,851 - INFO - 样本 250: Lauren is a cartoonist.  She can draw 5 large-sized picture scenes per day, or she can draw 6 medium...
2025-08-06 03:11:01,852 - INFO - 参考答案: At 5 small-sized picture scenes per day, 45 small-sized scenes will take 45/5 = <<45/5=9>>9 days.
At 6 medium-sized picture scenes per day, 36 medium-sized scenes will take 36/6 = <<36/6=6>>6 days.
At 7 large-sized picture scenes per day, 49 large-sized scenes will take 49/7 = <<49/7=7>>7 days.
Altogether, the entire project will take 9 + 6 +7 = <<9+6+7=22>>22 days to complete.
#### 22
2025-08-06 03:11:01,853 - INFO - 提取参考答案: 22
2025-08-06 03:11:01,853 - INFO - 生成答案: 

Step 1:First, read the problem and identify what we need to find. We need to find the number of days it will take for Lauren to create all of the picture scenes.

Step 2:Next, set up equations and p...
2025-08-06 03:11:01,854 - INFO - 提取答案: 9
2025-08-06 03:11:01,854 - INFO - 投票统计: {'voting_method': 'majority', 'best_answer': '9', 'vote_count': 6, 'total_paths': 10, 'valid_paths': 10, 'confidence': 0.6, 'answer_distribution': {'32': 1, '9': 6, '15': 1, '126': 2}, 'selected_path_idx': 1}
2025-08-06 03:11:01,855 - INFO - ==================================================
2025-08-06 03:11:01,856 - INFO - 
==================================================
2025-08-06 03:11:01,857 - INFO - 样本 267: Kenny is selling his Pokemon cards to buy a ticket to an amusement park, which costs $100. He has a ...
2025-08-06 03:11:01,858 - INFO - 参考答案: He made $150 selling the cards because 100 + 50 = <<100+50=150>>150
He sold 100 cards because 150 / 1.5 = <<150/1.5=100>>100
The cards he sold were 2/3 of his collection because 1 - (1/3) = 2/3
He started with 150 cards because 100 / (2/3) = <<100/(2/3)=150>>150
#### 150
2025-08-06 03:11:01,859 - INFO - 提取参考答案: 150
2025-08-06 03:11:01,860 - INFO - 生成答案: 

Step 1:First, read the problem and identify what we need to find. We need to find the number of cards Kenny started with.

Step 2:Next, set up equations and perform the calculations. Let's say Kenny...
2025-08-06 03:11:01,861 - INFO - 提取答案: 50
2025-08-06 03:11:01,862 - INFO - 投票统计: {'voting_method': 'majority', 'best_answer': '50', 'vote_count': 3, 'total_paths': 10, 'valid_paths': 10, 'confidence': 0.3, 'answer_distribution': {'50': 3, '100': 2, '75': 2, '150': 1, '20': 1, '60': 1}, 'selected_path_idx': 0}
2025-08-06 03:11:01,863 - INFO - ==================================================
2025-08-06 03:11:01,864 - INFO - 
==================================================
2025-08-06 03:11:01,865 - INFO - 样本 271: Candy has a chair rental business. During the weekdays, 60 chairs are rented each day; but during we...
2025-08-06 03:11:01,866 - INFO - 参考答案: During weekdays, a total of 60 x 5 = <<60*5=300>>300 chairs are rented.
During the weekends, a total of 100 x 2 = <<100*2=200>>200 chairs are rented.
In a week, 300 + 200 = <<300+200=500>>500 chairs are rented.
Since there are 4 weeks in a month, 500 x 4 = <<500*4=2000>>2000 chairs are rented in a month.
Thus, a total of 2000 x 2 = <<2000*2=4000>>4000 chairs are rented in two months.
#### 4000
2025-08-06 03:11:01,867 - INFO - 提取参考答案: 4000
2025-08-06 03:11:01,868 - INFO - 生成答案: 

Step 1:First, read the problem and identify what we need to find. We need to find the total number of chairs that Candy will be able to rent out in two 4-week months.

Step 2:Next, set up equations ...
2025-08-06 03:11:01,869 - INFO - 提取答案: 2000
2025-08-06 03:11:01,870 - INFO - 投票统计: {'voting_method': 'majority', 'best_answer': '2000', 'vote_count': 3, 'total_paths': 10, 'valid_paths': 10, 'confidence': 0.3, 'answer_distribution': {'2000': 3, '4000': 3, '1840': 1, '6880': 1, '28000': 1, '1000': 1}, 'selected_path_idx': 0}
2025-08-06 03:11:01,871 - INFO - ==================================================
2025-08-06 03:11:01,872 - INFO - 
==================================================
2025-08-06 03:11:01,873 - INFO - 样本 276: Erica made 20 Valentine's cards to pass out.  Her dad brought her 2 boxes of pre-made Valentine's ca...
2025-08-06 03:11:01,874 - INFO - 参考答案: Her dad gave her 2 boxes of 15 cards so 2*15 = <<2*15=30>>30
She made 20, was given 30 and received 17 so 20+30+17 = <<20+30+17=67>>67 cards
She passed out 24 and gave 5 cards to family and friends so she gave away 24+5 = <<24+5=29>>29 cards
She had 67 cards and gave away 29 cards so 67-29 = <<67-29=38>>38 cards left
#### 38
2025-08-06 03:11:01,875 - INFO - 提取参考答案: 38
2025-08-06 03:11:01,876 - INFO - 生成答案: 

Step 1:First, read the problem and identify what we need to find. We need to find the number of Valentine's Day cards Erica now has.

Step 2:Next, set up equations and perform the calculations. Eric...
2025-08-06 03:11:01,877 - INFO - 提取答案: 43
2025-08-06 03:11:01,878 - INFO - 投票统计: {'voting_method': 'majority', 'best_answer': '43', 'vote_count': 4, 'total_paths': 10, 'valid_paths': 10, 'confidence': 0.4, 'answer_distribution': {'43': 4, '38': 4, '21': 1, '34': 1}, 'selected_path_idx': 0}
2025-08-06 03:11:01,879 - INFO - ==================================================
2025-08-06 03:11:01,880 - INFO - 
==================================================
2025-08-06 03:11:01,881 - INFO - 样本 278: If Marcy works for the same company for 40 years, she gets an annual pension of $50,000/year. Starti...
2025-08-06 03:11:01,882 - INFO - 参考答案: First find how many years Marcy works after 20 years: 30 years - 20 years = <<30-20=10>>10 years
Then multiply that number by the amount of her pension she gets per year: 10 years * 5% = 50%
Then multiply that percentage by the total amount of the full pension to find how much she gets: $50,000 * 50% = $<<50000*50*.01=25000>>25,000
#### 25000
2025-08-06 03:11:01,883 - INFO - 提取参考答案: 25000
2025-08-06 03:11:01,884 - INFO - 生成答案: 

Step 1:First, read the problem and identify what we need to find. We need to find the annual pension that Marcy will receive after quitting the company after 30 years.

Step 2:Next, set up equations...
2025-08-06 03:11:01,885 - INFO - 提取答案: 131445
2025-08-06 03:11:01,886 - INFO - 投票统计: {'voting_method': 'majority', 'best_answer': '131445', 'vote_count': 2, 'total_paths': 10, 'valid_paths': 10, 'confidence': 0.2, 'answer_distribution': {'3500000': 1, '131445': 2, '1002500': 1, '1550000': 1, '52500': 1, '48': 1, '4072': 1, '105000': 1, '62872.50': 1}, 'selected_path_idx': 1}
2025-08-06 03:11:01,887 - INFO - ==================================================
2025-08-06 03:11:01,888 - INFO - 
==================================================
2025-08-06 03:11:01,889 - INFO - 样本 280: Michael is replacing the carpet in his bedroom.  The new carpet he's chosen costs $12 per square foo...
2025-08-06 03:11:01,889 - INFO - 参考答案: The room measures 18 * 12 = <<18*12=216>>216 square feet.
The new carpet costs $12 * 216 = $<<12*216=2592>>2,592.
The new carpet padding costs $2 * 216 = $<<2*216=432>>432.
To remove the old carpet, the contractor will charge $4 * 216 = $<<4*216=864>>864.
To install the new carpet, the contractor will charge $34 * 216 = $<<34*216=7344>>7,344.
The total cost will be $864 + $2,592 + $432 + $7,344 = $11,232.
#### 11232
2025-08-06 03:11:01,891 - INFO - 提取参考答案: 11232
2025-08-06 03:11:01,892 - INFO - 生成答案: 

Step 1:First, read the problem and identify what we need to find. We need to find the total cost of replacing the carpet in Michael's bedroom.

Step 2:Next, set up equations and perform the calculat...
2025-08-06 03:11:01,893 - INFO - 提取答案: 11052
2025-08-06 03:11:01,894 - INFO - 投票统计: {'voting_method': 'majority', 'best_answer': '11052', 'vote_count': 1, 'total_paths': 10, 'valid_paths': 10, 'confidence': 0.1, 'answer_distribution': {'11052': 1, '10232': 1, '11976': 1, '10032': 1, '11512': 1, '9632': 1, '11192': 1, '10512': 1, '216': 1, '11432': 1}, 'selected_path_idx': 0}
2025-08-06 03:11:01,895 - INFO - ==================================================
2025-08-06 03:11:01,896 - INFO - 
==================================================
2025-08-06 03:11:01,897 - INFO - 样本 281: Milo is making a mosaic with chips of glass. It takes twelve glass chips to make every square inch o...
2025-08-06 03:11:01,897 - INFO - 参考答案: Milo has two bags of glass chips, so he has 72 * 2 = <<72*2=144>>144 chips.
With those, he can make 144 / 12 = <<144/12=12>>12 square inches of mosaic.
Thus, Milo can make his 3 inch tall mosaic 12 / 3 = <<12/3=4>>4 inches long.
#### 4
2025-08-06 03:11:01,898 - INFO - 提取参考答案: 4
2025-08-06 03:11:01,899 - INFO - 生成答案: 

Step 1:First, read the problem and identify what we need to find. We need to find the length of the mosaic that Milo can make.

Step 2:Next, set up equations and perform the calculations. The area o...
2025-08-06 03:11:01,900 - INFO - 提取答案: 12
2025-08-06 03:11:01,901 - INFO - 投票统计: {'voting_method': 'majority', 'best_answer': '12', 'vote_count': 4, 'total_paths': 10, 'valid_paths': 10, 'confidence': 0.4, 'answer_distribution': {'12': 4, '4': 4, '36': 1, '18': 1}, 'selected_path_idx': 0}
2025-08-06 03:11:01,902 - INFO - ==================================================
2025-08-06 03:11:01,904 - INFO - 
==================================================
2025-08-06 03:11:01,905 - INFO - 样本 293: Elly is organizing her books on the new bookcases her parents bought her. Each of the middle 2 shelv...
2025-08-06 03:11:01,906 - INFO - 参考答案: The bottom shelf can hold 2 * 10 = <<2*10=20>>20 books.
The 2 middle shelves can hold a total of 2 * 10 = <<2*10=20>>20 books.
The top shelf can hold 20 – 5 = <<20-5=15>>15 books.
Each bookcase can hold a total of 20 books + 20 books + 15 books = <<20+20+15=55>>55 books.
To hold all of her books, she needs 110 / 55 = <<110/55=2>>2 bookcases.
#### 2
2025-08-06 03:11:01,907 - INFO - 提取参考答案: 2
2025-08-06 03:11:01,908 - INFO - 生成答案: 

Step 1:First, read the problem and identify what we need to find. We need to find the number of bookcases Elly needs to hold all of her books.

Step 2:Next, set up equations and perform the calculat...
2025-08-06 03:11:01,909 - INFO - 提取答案: 3
2025-08-06 03:11:01,909 - INFO - 投票统计: {'voting_method': 'majority', 'best_answer': '3', 'vote_count': 6, 'total_paths': 10, 'valid_paths': 10, 'confidence': 0.6, 'answer_distribution': {'3': 6, '11': 1, '110': 2, '5': 1}, 'selected_path_idx': 0}
2025-08-06 03:11:01,910 - INFO - ==================================================
2025-08-06 03:11:01,911 - INFO - 
==================================================
2025-08-06 03:11:01,912 - INFO - 样本 301: Nate's dog can dig six holes a day. He digs for 14 days while Nate is on vacation. When Nate gets ho...
2025-08-06 03:11:01,913 - INFO - 参考答案: First find the number of holes the dog digs while Nate is on vacation: 14 days * 6 holes/day = <<14*6=84>>84 holes
Then find the net number of holes Nate fill in each day: 9 holes/day - 6 holes/day = <<9-6=3>>3 holes/day
Then divide the total number of holes by the daily decrease in the number of holes to find the number of days Nate spends filling in holes: 84 holes / 3 holes/day = <<84/3=28>>28 days
Then divide the number of days by the number of days per week to convert the answer to weeks: 28 days / 7 days/week = <<28/7=4>>4 weeks
#### 4
2025-08-06 03:11:01,914 - INFO - 提取参考答案: 4
2025-08-06 03:11:01,915 - INFO - 生成答案: 

Step 1:First, read the problem and identify what we need to find. We need to find the number of weeks it takes Nate to fill in all the holes.

Step 2:Next, set up equations and perform the calculati...
2025-08-06 03:11:01,916 - INFO - 提取答案: 2
2025-08-06 03:11:01,917 - INFO - 投票统计: {'voting_method': 'majority', 'best_answer': '2', 'vote_count': 4, 'total_paths': 10, 'valid_paths': 10, 'confidence': 0.4, 'answer_distribution': {'2': 4, '1': 1, '42': 1, '70': 1, '4': 2, '5': 1}, 'selected_path_idx': 0}
2025-08-06 03:11:01,918 - INFO - ==================================================
2025-08-06 03:11:01,918 - INFO - 
==================================================
2025-08-06 03:11:01,919 - INFO - 样本 304: Tara bought 8 packs of 5 canvas bags for $4 each. She painted them and sold them at a craft fair for...
2025-08-06 03:11:01,919 - INFO - 参考答案: The total number of bags is 8*5 = <<8*5=40>>40
The cost of the 40 bags is 40*4 = <<40*4=160>>160
Tara sold the 40 bags at 8 each earning her 40*8 = <<40*8=320>>320
Her profit was 320-160 = <<320-160=160>>160
#### 160
2025-08-06 03:11:01,920 - INFO - 提取参考答案: 160
2025-08-06 03:11:01,921 - INFO - 生成答案: 

Step 1:First, read the problem and identify what we need to find. We need to find the profit Tara earned on her bags.

Step 2:Next, set up equations and perform the calculations. The cost of the bag...
2025-08-06 03:11:01,921 - INFO - 提取答案: 32
2025-08-06 03:11:01,922 - INFO - 投票统计: {'voting_method': 'majority', 'best_answer': '32', 'vote_count': 4, 'total_paths': 10, 'valid_paths': 10, 'confidence': 0.4, 'answer_distribution': {'32': 4, '288': 1, '160': 4, '8': 1}, 'selected_path_idx': 0}
2025-08-06 03:11:01,922 - INFO - ==================================================
2025-08-06 03:11:01,923 - INFO - 
==================================================
2025-08-06 03:11:01,924 - INFO - 样本 314: Ben bought a car for $20000 in 2007. The price of the car depreciates at a constant rate of 21% per ...
2025-08-06 03:11:01,924 - INFO - 参考答案: The price of the car depreciates of 20000 * 21% = $<<20000*21*.01=4200>>4200 per year.
Ben had the car for 2010 - 2007 = <<2010-2007=3>>3 years.
The price of the car depreciates 4200 * 3 = $<<4200*3=12600>>12600 from 2007 to 2010.
So the price of the car in the year 2010 is $20000 - $12600 = $<<20000-12600=7400>>7400.
#### 7400
2025-08-06 03:11:01,925 - INFO - 提取参考答案: 7400
2025-08-06 03:11:01,926 - INFO - 生成答案: 

Step 1:First, read the problem and identify what we need to find. We need to find the price of the car in the year 2010.

Step 2:Next, set up equations and perform the calculations. The price of the...
2025-08-06 03:11:01,926 - INFO - 提取答案: 9906.38
2025-08-06 03:11:01,927 - INFO - 投票统计: {'voting_method': 'majority', 'best_answer': '9906.38', 'vote_count': 1, 'total_paths': 10, 'valid_paths': 10, 'confidence': 0.1, 'answer_distribution': {'9906.38': 1, '9839': 1, '9886.3': 1, '9819.58': 1, '10628.82': 1, '9792': 1, '9856.16': 1, '10240': 1, '9960': 1, '9811.04': 1}, 'selected_path_idx': 0}
2025-08-06 03:11:01,927 - INFO - ==================================================
2025-08-06 03:11:01,928 - INFO - 
==================================================
2025-08-06 03:11:01,929 - INFO - 样本 317: At the trip to the county-level scavenger hunt competition, 90 people were required to split into gr...
2025-08-06 03:11:01,929 - INFO - 参考答案: Since the total number of people at the competition was 90, they formed 90/9=<<90/9=10>>10 groups after splitting into 9-person groups.
If 3/5 of the number of groups each had members bringing back 2 seashells each, then 3/5*10=<<3/5*10=6>>6 groups had members bringing back 2 seashells.
Since each group had 9 people, the number of people in the 6 groups, who found 2 seashells each, was 6*9= <<6*9=54>>54.
The total number of seashells the 54 people brought is 54*2=<<54*2=108>>108 seashells.
#### 108
2025-08-06 03:11:01,930 - INFO - 提取参考答案: 108
2025-08-06 03:11:01,931 - INFO - 生成答案: 

Step 1:First, read the problem and identify what we need to find. We need to find the number of seashells that the groups brought back.

Step 2:Next, set up equations and perform the calculations. T...
2025-08-06 03:11:01,931 - INFO - 提取答案: 12
2025-08-06 03:11:01,932 - INFO - 投票统计: {'voting_method': 'majority', 'best_answer': '12', 'vote_count': 10, 'total_paths': 10, 'valid_paths': 10, 'confidence': 1.0, 'answer_distribution': {'12': 10}, 'selected_path_idx': 0}
2025-08-06 03:11:01,932 - INFO - ==================================================
2025-08-06 03:11:01,933 - INFO - 
==================================================
2025-08-06 03:11:01,934 - INFO - 样本 320: Ava and Emma want to know who is better at the new video game Ava got for her birthday. They are eac...
2025-08-06 03:11:01,934 - INFO - 参考答案: For jumping on enemies, Emma earns 8 * 10 = <<8*10=80>>80 fewer points than Ava.
For collecting berries, Emma earns 3 * 5 = <<3*5=15>>15 fewer points than Ava.
For finishing the level faster, Emma earns 4 * 30 = <<4*30=120>>120 more points than Ava.
Overall, Emma has 120 – 80 - 15 = <<120-80-15=25>>25 more points than Ava.
#### 25
2025-08-06 03:11:01,935 - INFO - 提取参考答案: 25
2025-08-06 03:11:01,936 - INFO - 生成答案: 

Step 1:First, read the problem and identify what we need to find. We need to find the difference between Ava's and Emma's scores.

Step 2:Next, set up equations and perform the calculations. Let's a...
2025-08-06 03:11:01,936 - INFO - 提取答案: 0
2025-08-06 03:11:01,937 - INFO - 投票统计: {'voting_method': 'majority', 'best_answer': '0', 'vote_count': 2, 'total_paths': 10, 'valid_paths': 10, 'confidence': 0.2, 'answer_distribution': {'48': 1, '0': 2, '15': 1, '65': 1, '-15': 1, '25': 1, '95': 1, '-25': 1, '60': 1}, 'selected_path_idx': 1}
2025-08-06 03:11:01,938 - INFO - ==================================================
2025-08-06 03:11:01,938 - INFO - 
==================================================
2025-08-06 03:11:01,939 - INFO - 样本 327: Sasha and Julie are best friends playing on opposing basketball teams. The teams have two practice g...
2025-08-06 03:11:01,939 - INFO - 参考答案: In the first game, Sasha scored 14 points, and Julie scored four fewer points: 14-4 = <<14-4=10>>10 points.
In the second game, Sasha scored 6 points fewer than Julie's score in the first game, meaning she scored 10-6=<<10-6=4>>4 points.
Sasha scored 10+4=<<10+4=14>>14 points in the two games.
#### 14
2025-08-06 03:11:01,940 - INFO - 提取参考答案: 14
2025-08-06 03:11:01,941 - INFO - 生成答案: 

Step 1:First, read the problem and identify what we need to find. We need to find the total number of points Sasha scored during both games.

Step 2:Next, set up equations and perform the calculatio...
2025-08-06 03:11:01,941 - INFO - 提取答案: 18
2025-08-06 03:11:01,942 - INFO - 投票统计: {'voting_method': 'majority', 'best_answer': '18', 'vote_count': 10, 'total_paths': 10, 'valid_paths': 10, 'confidence': 1.0, 'answer_distribution': {'18': 10}, 'selected_path_idx': 0}
2025-08-06 03:11:01,942 - INFO - ==================================================
2025-08-06 03:11:01,943 - INFO - 
==================================================
2025-08-06 03:11:01,943 - INFO - 样本 329: Mrs. Tatiana owns a grocery store that sells different fruits and vegetables, which includes carrots...
2025-08-06 03:11:01,944 - INFO - 参考答案: In the first year, the price of carrots increases by 5/100*120 = $<<5/100*120=6>>6
After 3 years, the price of carrots will increase by $6*3 = $<<6*3=18>>18
The total price of carrots after three years will be 120+18 = $<<120+18=138>>138
#### 138
2025-08-06 03:11:01,945 - INFO - 提取参考答案: 138
2025-08-06 03:11:01,945 - INFO - 生成答案: 

Step 1:First, read the problem and identify what we need to find. We need to find the price of carrots after three years.

Step 2:Next, set up equations and perform the calculations. The price of ca...
2025-08-06 03:11:01,946 - INFO - 提取答案: 139
2025-08-06 03:11:01,947 - INFO - 投票统计: {'voting_method': 'majority', 'best_answer': '139', 'vote_count': 8, 'total_paths': 10, 'valid_paths': 10, 'confidence': 0.8, 'answer_distribution': {'139': 8, '141': 1, '140': 1}, 'selected_path_idx': 0}
2025-08-06 03:11:01,947 - INFO - ==================================================
2025-08-06 03:11:01,948 - INFO - 
==================================================
2025-08-06 03:11:01,948 - INFO - 样本 335: The Llesis family drove and hiked 6 hours to their vacation spot. They drove an average of 50 miles ...
2025-08-06 03:11:01,949 - INFO - 参考答案: Half the average speed of Llesis family driving is 50/2 = <<50/2=25>>25 miles per hour.
Hence, their average speed hiking was 25 - 5 = <<25-5=20>>20 miles per hour.
So, they hiked 20 x 1.5 = <<20*1.5=30>>30 miles.
It took them a total of 6 - 1.5 = <<6-1.5=4.5>>4.5 hours driving.
So, they drove 50 x 4.5 = <<50*4.5=225>>225 miles.
Therefore, their vacation spot was 30 + 225 = <<30+225=255>>255 miles far.
#### 255
2025-08-06 03:11:01,950 - INFO - 提取参考答案: 255
2025-08-06 03:11:01,950 - INFO - 生成答案: 

Step 1:First, read the problem and identify what we need to find. We need to find the distance to the vacation spot.

Step 2:Next, set up equations and perform the calculations. The time it took the...
2025-08-06 03:11:01,951 - INFO - 提取答案: 33.75
2025-08-06 03:11:01,951 - INFO - 投票统计: {'voting_method': 'majority', 'best_answer': '33.75', 'vote_count': 2, 'total_paths': 10, 'valid_paths': 10, 'confidence': 0.2, 'answer_distribution': {'33.75': 2, '615': 1, '37.5': 1, '30': 2, '225': 1, '262.5': 1, '258.75': 1, '315': 1}, 'selected_path_idx': 0}
2025-08-06 03:11:01,952 - INFO - ==================================================
2025-08-06 03:11:01,953 - INFO - 
==================================================
2025-08-06 03:11:01,954 - INFO - 样本 339: A dance studio offers lessons to students. It costs $25 per session to rent the studio plus $1.50 pe...
2025-08-06 03:11:01,954 - INFO - 参考答案: The total earnings from 10 students is $1.50 x 10 = $<<1.50*10=15>>15 per session.
So the total earnings per session is $15 + $25 = $<<15+25=40>>40.
Thus, every week the dance studio earns $40 x 3 = $<<40*3=120>>120.
Therefore, it will earn $120 x 4 = $<<120*4=480>>480 in a month.
#### 480
2025-08-06 03:11:01,955 - INFO - 提取参考答案: 480
2025-08-06 03:11:01,955 - INFO - 生成答案: 

Step 1:First, read the problem and identify what we need to find. We need to find the expected earnings of the dance studio in a month.

Step 2:Next, set up equations and perform the calculations. T...
2025-08-06 03:11:01,956 - INFO - 提取答案: 360
2025-08-06 03:11:01,956 - INFO - 投票统计: {'voting_method': 'majority', 'best_answer': '360', 'vote_count': 2, 'total_paths': 10, 'valid_paths': 10, 'confidence': 0.2, 'answer_distribution': {'480': 1, '720': 1, '315': 1, '360': 2, '120': 1, '600': 1, '3360': 1, '650': 1, '230': 1}, 'selected_path_idx': 3}
2025-08-06 03:11:01,957 - INFO - ==================================================
2025-08-06 03:11:01,958 - INFO - 
==================================================
2025-08-06 03:11:01,958 - INFO - 样本 345: 9 out of 10 cheerleaders are 64" tall.  The 10th cheerleader is 60" tall.  If they build a human pyr...
2025-08-06 03:11:01,959 - INFO - 参考答案: All but one cheerleader is 64" tall and these cheerleaders make up the bottom 3 layers of the pyramid. So, when standing on top of each other, they are 64*3 = <<64*3=192>>192" tall
The shortest cheerleader is at the top of the pyramid and is 60" tall so the pyramid is 192+60 = <<252=252>>252" tall
12" are in 1 foot and the pyramid is 252" tall so it's 252/12 = <<252/12=21>>21 feet tall
#### 21
2025-08-06 03:11:01,960 - INFO - 提取参考答案: 21
2025-08-06 03:11:01,960 - INFO - 生成答案: 

Step 1:First, read the problem and identify what we need to find. We need to find the height of the human pyramid.

Step 2:Next, set up equations and perform the calculations. Since 9 out of 10 chee...
2025-08-06 03:11:01,961 - INFO - 提取答案: 48
2025-08-06 03:11:01,962 - INFO - 投票统计: {'voting_method': 'majority', 'best_answer': '48', 'vote_count': 5, 'total_paths': 10, 'valid_paths': 10, 'confidence': 0.5, 'answer_distribution': {'9': 1, '48': 5, '54.1': 1, '53': 1, '45.73': 1, '43.2': 1}, 'selected_path_idx': 1}
2025-08-06 03:11:01,962 - INFO - ==================================================
2025-08-06 03:11:01,963 - INFO - 
==================================================
2025-08-06 03:11:01,963 - INFO - 样本 346: Last night Rick killed ten wolves and 15 cougars while hunting. Today Rick killed three times as man...
2025-08-06 03:11:01,964 - INFO - 参考答案: The total number of animals that Rick killed while hunting yesterday is 15+10 = <<15+10=25>>25
Today, Rick killed three fewer cougars than the previous night, a total of 15-3 = <<15-3=12>>12 cougars.
He also killed three times as many wolves as cougars today, a total of 3*12 = <<3*12=36>>36 wolves.
Together, his hunt today yielded 36+12 = <<36+12=48>>48 animals.
In total, he has 48+25 = <<48+25=73>>73 animals from the hunt.
#### 73
2025-08-06 03:11:01,965 - INFO - 提取参考答案: 73
2025-08-06 03:11:01,965 - INFO - 生成答案: 

Step 1:First, read the problem and identify what we need to find. We need to find the total number of animals Rick killed.

Step 2:Next, set up equations and perform the calculations. Since Rick kil...
2025-08-06 03:11:01,966 - INFO - 提取答案: 57
2025-08-06 03:11:01,966 - INFO - 投票统计: {'voting_method': 'majority', 'best_answer': '57', 'vote_count': 3, 'total_paths': 10, 'valid_paths': 10, 'confidence': 0.3, 'answer_distribution': {'57': 3, '73': 1, '61': 1, '88': 1, '71': 1, '82': 2, '48': 1}, 'selected_path_idx': 0}
2025-08-06 03:11:01,967 - INFO - ==================================================
2025-08-06 03:11:01,968 - INFO - 
==================================================
2025-08-06 03:11:01,969 - INFO - 样本 358: Blake and Kelly are having a contest to see who can run the most in 15 minutes. They decide to do it...
2025-08-06 03:11:01,969 - INFO - 参考答案: Blake runs 200 yards for each back and forth because 100 x 2 = 200
He runs 3000 yards in total because 200 x 15 = <<200*15=3000>>3000
Kelly runs 200 yards at first because 100 x 2 = <<100*2=200>>200
She runs 80 yards each time she does a back and forth to the 40-yard line because 40 x 2 = <<40*2=80>>80
She runs 2720 from these back and forth because 34 x 80 = <<34*80=2720>>2720
She runs 2920 in total because 2720 + 200 = <<2720+200=2920>>2920
Blake won because 3000 > 2920
The winner ran 80 yards more than the loser because 3000 - 2920 = <<3000-2920=80>>80
#### 80
2025-08-06 03:11:01,970 - INFO - 提取参考答案: 80
2025-08-06 03:11:01,970 - INFO - 生成答案: 

Step 1:First, read the problem and identify what we need to find. We need to find the difference in the distance run by the winner and the loser.

Step 2:Next, set up equations and perform the calcu...
2025-08-06 03:11:01,971 - INFO - 提取答案: 1220
2025-08-06 03:11:01,972 - INFO - 投票统计: {'voting_method': 'majority', 'best_answer': '1220', 'vote_count': 2, 'total_paths': 10, 'valid_paths': 10, 'confidence': 0.2, 'answer_distribution': {'3800': 1, '1900': 1, '1720': 1, '1220': 2, '1080': 2, '280': 1, '13900': 1, '2580': 1}, 'selected_path_idx': 3}
2025-08-06 03:11:01,972 - INFO - ==================================================
2025-08-06 03:11:01,973 - INFO - 
==================================================
2025-08-06 03:11:01,974 - INFO - 样本 360: Thomas withdraws $1000 in 20 dollar bills from the bank account.  He loses 10 bills while getting ho...
2025-08-06 03:11:01,974 - INFO - 参考答案: He withdrew 1000/20=<<1000/20=50>>50 bills
So he has 50-10=<<50-10=40>>40 bills left over
He uses half the bills to pay for something, so he has 40/2=<<40/2=20>>20 bills
He triples his money which gives him 20*3=<<20*3=60>>60 bills
So he has 60*20=$<<60*20=1200>>1200
Converting to 5s means he has 1200/5=<<1200/5=240>>240 bills
#### 240
2025-08-06 03:11:01,975 - INFO - 提取参考答案: 240
2025-08-06 03:11:01,975 - INFO - 生成答案: 

Step 1:First, read the problem and identify what we need to find. We need to find the number of 5 dollar bills Thomas has.

Step 2:Next, set up equations and perform the calculations. Thomas withdra...
2025-08-06 03:11:01,976 - INFO - 提取答案: 12
2025-08-06 03:11:01,977 - INFO - 投票统计: {'voting_method': 'majority', 'best_answer': '12', 'vote_count': 8, 'total_paths': 10, 'valid_paths': 10, 'confidence': 0.8, 'answer_distribution': {'12': 8, '240': 1, '300': 1}, 'selected_path_idx': 0}
2025-08-06 03:11:01,977 - INFO - ==================================================
2025-08-06 03:11:01,978 - INFO - 
==================================================
2025-08-06 03:11:01,979 - INFO - 样本 382: Debra is monitoring a beehive to see how many bees come and go in a day. She sees 30 bees leave the ...
2025-08-06 03:11:01,979 - INFO - 参考答案: Debra first sees 30 bees leave the hive, then sees 1/2 that many return, 30 x 1/2 = <<30*1/2=15>>15 bees that return and 15 bees that are still away from the hive.
Debra sees twice as many bees as first left the hive--which was 30--fly from the hive in the next 6 hours, 30 x 2 = <<30*2=60>>60 bees that leave the hive.
In total, 30 + 60 = <<30+60=90>>90 bees left the hive.
There were 90 bees total that left the hive - 15 bees that already returned = <<90-15=75>>75 bees that return to the hive in the last 6 hours of the day.
#### 75
2025-08-06 03:11:01,980 - INFO - 提取参考答案: 75
2025-08-06 03:11:01,981 - INFO - 生成答案: 

Step 1:First, read the problem and identify what we need to find. We need to find the number of bees that Debra saw return to the hive in the last 6 hours of the day.

Step 2:Next, set up equations ...
2025-08-06 03:11:01,982 - INFO - 提取答案: 15
2025-08-06 03:11:01,982 - INFO - 投票统计: {'voting_method': 'majority', 'best_answer': '15', 'vote_count': 4, 'total_paths': 10, 'valid_paths': 10, 'confidence': 0.4, 'answer_distribution': {'45': 2, '15': 4, '75': 1, '30': 2, '90': 1}, 'selected_path_idx': 1}
2025-08-06 03:11:01,983 - INFO - ==================================================
2025-08-06 03:11:01,983 - INFO - 
==================================================
2025-08-06 03:11:01,984 - INFO - 样本 386: The ice cream parlor was offering a deal, buy 2 scoops of ice cream, get 1 scoop free.  Each scoop c...
2025-08-06 03:11:01,985 - INFO - 参考答案: Each scoop cost $1.50. If she buys 2, she gets one free. So it will cost her 2 * 1.50 = $<<2*1.50=3.00>>3.00 for thee scoops total.
If you break it down, 3 scoops of ice cream cost $3.00 so 3/3 = $<<3/3=1.00>>1.00 per scoop
Erin has $6.00 and each scoop ends up costing $1.00 each then 6/1 = <<6/1=6>>6 scoops total
#### 6
2025-08-06 03:11:01,985 - INFO - 提取参考答案: 6
2025-08-06 03:11:01,986 - INFO - 生成答案: 

Step 1:First, read the problem and identify what we need to find. We need to find the number of scoops of ice cream that Erin should buy.

Step 2:Next, set up equations and perform the calculations....
2025-08-06 03:11:01,987 - INFO - 提取答案: 4
2025-08-06 03:11:01,987 - INFO - 投票统计: {'voting_method': 'majority', 'best_answer': '4', 'vote_count': 6, 'total_paths': 10, 'valid_paths': 10, 'confidence': 0.6, 'answer_distribution': {'4': 6, '6': 1, '2': 2, '3': 1}, 'selected_path_idx': 0}
2025-08-06 03:11:01,988 - INFO - ==================================================
2025-08-06 03:11:01,989 - INFO - 
==================================================
2025-08-06 03:11:01,989 - INFO - 样本 391: Jordan wanted to surprise her mom with a homemade birthday cake.  From reading the instructions, she...
2025-08-06 03:11:01,990 - INFO - 参考答案: 1 hour is 60 minutes so we know that 2 hours to cool the cake is the same as 2*60 so <<2*60=120>>120 min
It will take Jordan 20 min to make the batter, 30 to bake, 120 to cool and 10 to frost so the cake will take 20 +30 +120 +10 = <<20+30+120+10=180>>180 minutes total
Jordan needs to convert 180 minutes to hours so 180/60 = <<180/60=3>>3 hours
If the cake needs to be finished by 5:00 pm and it will take 3 hours total to make then 5-3 = <<5-3=2>>2:00 pm is the latest she can start making the cake
#### 2
2025-08-06 03:11:01,991 - INFO - 提取参考答案: 2
2025-08-06 03:11:01,991 - INFO - 生成答案: 

Step 1:First, read the problem and identify what we need to find. We need to find the latest time of day that Jordan can start making the cake to be ready to serve it at 5:00 pm.

Step 2:Next, set u...
2025-08-06 03:11:01,992 - INFO - 提取答案: 2:00p
2025-08-06 03:11:01,992 - INFO - 投票统计: {'voting_method': 'majority', 'best_answer': '2:00p', 'vote_count': 8, 'total_paths': 10, 'valid_paths': 10, 'confidence': 0.8, 'answer_distribution': {'2:00p': 8, '2:00': 1, '4:10p': 1}, 'selected_path_idx': 0}
2025-08-06 03:11:01,993 - INFO - ==================================================
2025-08-06 03:11:01,994 - INFO - 
==================================================
2025-08-06 03:11:01,994 - INFO - 样本 396: Sadie slept 8 hours on Monday. For the next two days, she slept 2 hours less, each, because she had ...
2025-08-06 03:11:01,995 - INFO - 参考答案: If on Monday she slept 8 hours, then she slept 8-2 = <<8-2=6>>6 hours on each of the next two days.
The total number of hours slept for the two days will be 6*2 = <<6*2=12>>12 hours.
If she slept 1 hour more for the rest of the week each day, then each day she slept 6+1 = <<6+1=7>>7 hours.
The total for the rest of the week will be 4*7 = <<4*7=28>>28 hours.
The total number of hours slept for the whole week will be 8+12+28 = <<8+12+28=48>>48 hours.
#### 48
2025-08-06 03:11:01,996 - INFO - 提取参考答案: 48
2025-08-06 03:11:01,996 - INFO - 生成答案: 

Step 1:First, read the problem and identify what we need to find. We need to find the total number of hours Sadie slept throughout the week.

Step 2:Next, set up equations and perform the calculatio...
2025-08-06 03:11:01,997 - INFO - 提取答案: 34
2025-08-06 03:11:01,998 - INFO - 投票统计: {'voting_method': 'majority', 'best_answer': '34', 'vote_count': 3, 'total_paths': 10, 'valid_paths': 10, 'confidence': 0.3, 'answer_distribution': {'48': 1, '23': 2, '34': 3, '41': 2, '40': 1, '26': 1}, 'selected_path_idx': 3}
2025-08-06 03:11:01,998 - INFO - ==================================================
2025-08-06 03:11:01,999 - INFO - 
==================================================
2025-08-06 03:11:01,999 - INFO - 样本 399: Ronnie was given $5 while Rissa was given thrice as much. After each of them had given an equal amou...
2025-08-06 03:11:02,000 - INFO - 参考答案: Rissa was given $5 x 3 = $<<5*3=15>>15.
After Rissa had given an amount to her sister, she has $15 x 4/5 = $<<15*4/5=12>>12 left.
This means she has given $15 - $12 = $<<15-12=3>>3.
Since Ronnie had given the same amount as Rissa, then Ronnie is left with $5 - $3 = $<<5-3=2>>2.
#### 2
2025-08-06 03:11:02,001 - INFO - 提取参考答案: 2
2025-08-06 03:11:02,001 - INFO - 生成答案: 

Step 1:First, read the problem and identify what we need to find. We need to find out how much money is left in Ronnie's money.

Step 2:Next, set up equations and perform the calculations. Let's ass...
2025-08-06 03:11:02,002 - INFO - 提取答案: 4
2025-08-06 03:11:02,003 - INFO - 投票统计: {'voting_method': 'majority', 'best_answer': '4', 'vote_count': 3, 'total_paths': 10, 'valid_paths': 10, 'confidence': 0.3, 'answer_distribution': {'0': 2, '3': 1, '-1': 1, '4': 3, '15': 1, '\\frac{12}{5}x': 1, '2': 1}, 'selected_path_idx': 3}
2025-08-06 03:11:02,003 - INFO - ==================================================
2025-08-06 03:11:02,004 - INFO - 
==================================================
2025-08-06 03:11:02,004 - INFO - 样本 403: Comet Halley orbits the sun every 75 years. Bill's dad saw the Comet when he was 30 years old. Bill ...
2025-08-06 03:11:02,005 - INFO - 参考答案: Bill saw the Comet for the second time when he was 30 years * 3= <<30*3=90>>90 years old.
Comet Halley can be seen every 75 years, so Bill saw the comet for the first time when he was 90 years - 75 years = <<90-75=15>>15 years old.
#### 15
2025-08-06 03:11:02,006 - INFO - 提取参考答案: 15
2025-08-06 03:11:02,006 - INFO - 生成答案: 

Step 1:First, read the problem and identify what we need to find. We need to find Bill's age when he saw the comet for the first time.

Step 2:Next, set up equations and perform the calculations. Le...
2025-08-06 03:11:02,007 - INFO - 提取答案: 5
2025-08-06 03:11:02,008 - INFO - 投票统计: {'voting_method': 'majority', 'best_answer': '5', 'vote_count': 2, 'total_paths': 10, 'valid_paths': 10, 'confidence': 0.2, 'answer_distribution': {'5': 2, '240': 1, '30': 1, '112.5': 1, '15': 2, '60': 1, '37.5': 2}, 'selected_path_idx': 0}
2025-08-06 03:11:02,008 - INFO - ==================================================
2025-08-06 03:11:02,009 - INFO - 
==================================================
2025-08-06 03:11:02,010 - INFO - 样本 406: Susan orders 3 magazines that send 12 issues a year.  She has 1 magazine that sends 6 issues a year....
2025-08-06 03:11:02,010 - INFO - 参考答案: She has 3 magazines that send 12 issues so that’s 3*12 = <<3*12=36>>36 issues
Her last magazine sends her 4 times the amount of the 6 issue magazine so that’s 4*6 = <<4*6=24>>24 issues
All total she receives 36+24+6 = <<36+24+6=66>>66 magazine issues a year
#### 66
2025-08-06 03:11:02,011 - INFO - 提取参考答案: 66
2025-08-06 03:11:02,011 - INFO - 生成答案: 

Step 1:First, read the problem and identify what we need to find. We need to find the total number of magazines Susan receives every year.

Step 2:Next, set up equations and perform the calculations...
2025-08-06 03:11:02,012 - INFO - 提取答案: 42
2025-08-06 03:11:02,013 - INFO - 投票统计: {'voting_method': 'majority', 'best_answer': '42', 'vote_count': 3, 'total_paths': 10, 'valid_paths': 10, 'confidence': 0.3, 'answer_distribution': {'4': 2, '42': 3, '60': 1, '3': 3, '8': 1}, 'selected_path_idx': 1}
2025-08-06 03:11:02,014 - INFO - ==================================================
2025-08-06 03:11:02,014 - INFO - 
==================================================
2025-08-06 03:11:02,015 - INFO - 样本 417: An interior design firm offers installation for $129.00.  It includes hanging 4 mirrors, 2 shelves, ...
2025-08-06 03:11:02,015 - INFO - 参考答案: The service includes 4 mirrors and she has 6 so that's 6-4 = <<6-4=2>>2 extra mirrors
An additional item is an extra $15.00 so that's 2*15 = $30.00
The service includes 1 chandelier and she has 2 so that's 2-1 = 1 extra chandelier
An additional item is an extra $15.00 so that's 1*15 = $<<1*15=15.00>>15.00
The service includes 10 pictures and she has 20 to that's 20-10 = <<20-10=10>>10 extra pictures
An additional item is an extra $15.00 so that's 10*15 = $<<10*15=150.00>>150.00
The service costs $129.00 and the extra mirrors are $30.00, the chandelier is $15.00 and the pictures are $150.00 for a total of 129+30+15+150 = $<<129+30+15+150=324.00>>324.00
#### 324
2025-08-06 03:11:02,016 - INFO - 提取参考答案: 324
2025-08-06 03:11:02,017 - INFO - 生成答案: 

Step 1:First, read the problem and identify what we need to find. We need to find the total cost of the installation.

Step 2:Next, set up equations and perform the calculations. The cost of install...
2025-08-06 03:11:02,017 - INFO - 提取答案: 549
2025-08-06 03:11:02,018 - INFO - 投票统计: {'voting_method': 'majority', 'best_answer': '549', 'vote_count': 6, 'total_paths': 10, 'valid_paths': 10, 'confidence': 0.6, 'answer_distribution': {'549': 6, '420': 1, '324': 1, '459': 1, '399': 1}, 'selected_path_idx': 0}
2025-08-06 03:11:02,019 - INFO - ==================================================
2025-08-06 03:11:02,019 - INFO - 
==================================================
2025-08-06 03:11:02,020 - INFO - 样本 425: While at the dollar store, Sloane counts 100 customers entering the store. The next day, she counts ...
2025-08-06 03:11:02,020 - INFO - 参考答案: On the second day, she counted 100+50 = <<100+50=150>>150 customers.
The total for the first two days is 150+100 = <<150+100=250>>250 customers.
If the total count for three days was 500, she counted 500-250 = <<500-250=250>>250 customers on the third day.
#### 250
2025-08-06 03:11:02,021 - INFO - 提取参考答案: 250
2025-08-06 03:11:02,022 - INFO - 生成答案: 

Step 1:First, read the problem and identify what we need to find. We need to find the number of customers Sloane counted on the third day.

Step 2:Next, set up equations and perform the calculations...
2025-08-06 03:11:02,022 - INFO - 提取答案: 116
2025-08-06 03:11:02,023 - INFO - 投票统计: {'voting_method': 'majority', 'best_answer': '116', 'vote_count': 2, 'total_paths': 10, 'valid_paths': 10, 'confidence': 0.2, 'answer_distribution': {'116': 2, '50': 1, '200': 2, '150': 2, '275': 1, '500': 1, '250': 1}, 'selected_path_idx': 0}
2025-08-06 03:11:02,024 - INFO - ==================================================
2025-08-06 03:11:02,024 - INFO - 
==================================================
2025-08-06 03:11:02,025 - INFO - 样本 432: Emil is 19 years old now. When he turns 24, he will be half the age of his dad but twice as old as h...
2025-08-06 03:11:02,025 - INFO - 参考答案: His dad will be 24 x 2 = <<24*2=48>>48 years old when Emil is 24.
His brother will be 24 / 2 = <<24/2=12>>12 years old then.
Emil will turn 24 in 24 - 19 = <<24-19=5>>5 years.
The age of his father now is 48 - 5= <<48-5=43>>43.
His brother is 12 - 5 = <<12-5=7>>7 years old right now.
The sum of his dad's and his brother's ages now is 43 + 7 = <<43+7=50>>50.
#### 50
2025-08-06 03:11:02,026 - INFO - 提取参考答案: 50
2025-08-06 03:11:02,027 - INFO - 生成答案: 

Step 1:First, read the problem and identify what we need to find. We need to find the sum of the ages of Emil's dad and his brother now.

Step 2:Next, set up equations and perform the calculations. ...
2025-08-06 03:11:02,027 - INFO - 提取答案: 35
2025-08-06 03:11:02,028 - INFO - 投票统计: {'voting_method': 'majority', 'best_answer': '35', 'vote_count': 2, 'total_paths': 10, 'valid_paths': 10, 'confidence': 0.2, 'answer_distribution': {'15': 1, '67': 1, '89': 1, '52.5': 1, '35': 2, '14.5': 1, '70': 1, '41': 1, '48': 1}, 'selected_path_idx': 4}
2025-08-06 03:11:02,029 - INFO - ==================================================
2025-08-06 03:11:02,029 - INFO - 
==================================================
2025-08-06 03:11:02,030 - INFO - 样本 442: Brinley is in Mr. Bert's math class. Mr. Bert gives six tests each semester. He allows the students ...
2025-08-06 03:11:02,031 - INFO - 参考答案: First, identify the lowest score, which is 71, and remove it.
Since Brinley wants a score of 93, we know her total score needs to be 93 (average) * 5 (tests) = <<93*5=465>>465 points
So far, Brinley has earned 89 + 92 +100 + 86 = <<89+92+100+86=367>>367 points
The final test must be 465 - 367 = <<465-367=98>>98 points.
#### 98
2025-08-06 03:11:02,031 - INFO - 提取参考答案: 98
2025-08-06 03:11:02,032 - INFO - 生成答案: 

Step 1:First, read the problem and identify what we need to find. We need to find the score that Brinley needs on the sixth test to get an average of 93.

Step 2:Next, set up equations and perform t...
2025-08-06 03:11:02,032 - INFO - 提取答案: 120
2025-08-06 03:11:02,033 - INFO - 投票统计: {'voting_method': 'majority', 'best_answer': '120', 'vote_count': 3, 'total_paths': 10, 'valid_paths': 10, 'confidence': 0.3, 'answer_distribution': {'120': 3, '202': 1, '185': 1, '191': 3, '448.5': 1, '404': 1}, 'selected_path_idx': 0}
2025-08-06 03:11:02,034 - INFO - ==================================================
2025-08-06 03:11:02,034 - INFO - 
==================================================
2025-08-06 03:11:02,035 - INFO - 样本 446: Ruiz can make 120 pounds of chocolates in two hours. Marissa makes 3/4 times as many pounds of choco...
2025-08-06 03:11:02,036 - INFO - 参考答案: Merissa makes 3/4 * 120 pounds = <<3/4*120=90>>90 pounds of chocolate in an hour.
Ruiz makes 120 pounds of chocolate in two hours; this means she makes 120 pounds / 2 hours = <<120/2=60>>60 pounds of chocolate in an hour.
If they worked for 12 hours, Ruiz made 12 hours * 60 pounds/hour = <<12*60=720>>720 pounds of chocolate while
Marissa made 90 pounds/hour * 12 hours = <<90*12=1080>>1080 pounds of chocolate
The combined amount of pounds of chocolate they both ate is 1080 pounds + 720 pounds = <<1080+720=1800>>1800 pounds of chocolate
#### 1800
2025-08-06 03:11:02,036 - INFO - 提取参考答案: 1800
2025-08-06 03:11:02,037 - INFO - 生成答案: 

Step 1:First, read the problem and identify what we need to find. We need to find the total amount of chocolate pounds they made together.

Step 2:Next, set up equations and perform the calculations...
2025-08-06 03:11:02,038 - INFO - 提取答案: 1260
2025-08-06 03:11:02,038 - INFO - 投票统计: {'voting_method': 'majority', 'best_answer': '1260', 'vote_count': 8, 'total_paths': 10, 'valid_paths': 10, 'confidence': 0.8, 'answer_distribution': {'1260': 8, '1800': 1, '2520': 1}, 'selected_path_idx': 0}
2025-08-06 03:11:02,039 - INFO - ==================================================
2025-08-06 03:11:02,039 - INFO - 
==================================================
2025-08-06 03:11:02,040 - INFO - 样本 451: Billy is peeling and cutting potatoes in preparation for making potato salad for his big family reun...
2025-08-06 03:11:02,041 - INFO - 参考答案: There are 60 potatoes, and Billy takes a minute and a half to peel each one, or 60 potatoes * 1.5 minutes per potato = <<60*1.5=90>>90 minutes.
Billy only takes 5 seconds to cut the potatoes, so it takes 5 seconds * 60 potatoes / 60 seconds per minute = 5 minutes to cut the potatoes.
So it will take him a total of 90 minutes peeling + 5 minutes cutting = <<90+5=95>>95 minutes total prepping the potatoes.
#### 95
2025-08-06 03:11:02,041 - INFO - 提取参考答案: 95
2025-08-06 03:11:02,042 - INFO - 生成答案: 

Step 1:First, read the problem and identify what we need to find. We need to find the total time it takes Billy to peel and cut all 60 potatoes.

Step 2:Next, set up equations and perform the calcul...
2025-08-06 03:11:02,043 - INFO - 提取答案: 5700
2025-08-06 03:11:02,043 - INFO - 投票统计: {'voting_method': 'majority', 'best_answer': '5700', 'vote_count': 5, 'total_paths': 10, 'valid_paths': 10, 'confidence': 0.5, 'answer_distribution': {'6.5': 2, '5700': 5, '95': 2, '100': 1}, 'selected_path_idx': 1}
2025-08-06 03:11:02,044 - INFO - ==================================================
2025-08-06 03:11:02,045 - INFO - 
==================================================
2025-08-06 03:11:02,045 - INFO - 样本 453: Johnny's dad brought him to watch some horse racing and his dad bet money. On the first race, he los...
2025-08-06 03:11:02,046 - INFO - 参考答案: On the second race he won $11 because 1+ 5 x 2 = <<1+5*2=11>>11
On the third race he lost $15 because 10 x 1.5 = <<10*1.5=15>>15
He lost a total of $20 on the first and third races because 15 + 5 = <<15+5=20>>20

He lost $9 that day because 11 - 20 = <<11-20=-9>>-9
He lost an average of $3 per race because 9 / 3 = <<9/3=3>>3
#### 3
2025-08-06 03:11:02,046 - INFO - 提取参考答案: 3
2025-08-06 03:11:02,047 - INFO - 生成答案: 

Step 1:First, read the problem and identify what we need to find. We need to find the average amount of money that Johnny's dad lost that day.

Step 2:Next, set up equations and perform the calculat...
2025-08-06 03:11:02,048 - INFO - 提取答案: 7.17
2025-08-06 03:11:02,048 - INFO - 投票统计: {'voting_method': 'majority', 'best_answer': '7.17', 'vote_count': 5, 'total_paths': 10, 'valid_paths': 10, 'confidence': 0.5, 'answer_distribution': {'7.17': 5, '7.1667': 1, '4.67': 1, '10.83': 2, '10.5': 1}, 'selected_path_idx': 0}
2025-08-06 03:11:02,049 - INFO - ==================================================
2025-08-06 03:11:02,050 - INFO - 
==================================================
2025-08-06 03:11:02,050 - INFO - 样本 456: Chase and Rider can ride their bikes thrice a day for 5 days; but on two other days, they ride twice...
2025-08-06 03:11:02,051 - INFO - 参考答案: Each person rides his bike 3 x 5 = <<3*5=15>>15 times for 5 days.
Together, they ride 15+15 = <<15+15=30>>30 times for five days.
Each person rides his bike 3 x 2 = <<3*2=6>>6 times for every day of the other two days.
This means each person rides 6*2 = <<6*2=12>>12 times on each day of the other two days.
The total for the other two days is 12+12 = <<12+12=24>>24
For the whole week the together ride 24+30 = <<24+30=54>>54 times
#### 54
2025-08-06 03:11:02,052 - INFO - 提取参考答案: 54
2025-08-06 03:11:02,052 - INFO - 生成答案: 

Step 1:First, read the problem and identify what we need to find. We need to find the total number of times Chase and Rider ride their bikes in a week.

Step 2:Next, set up equations and perform the...
2025-08-06 03:11:02,053 - INFO - 提取答案: 27
2025-08-06 03:11:02,054 - INFO - 投票统计: {'voting_method': 'majority', 'best_answer': '27', 'vote_count': 3, 'total_paths': 10, 'valid_paths': 10, 'confidence': 0.3, 'answer_distribution': {'27': 3, '19': 3, '39': 1, '23': 2, '48': 1}, 'selected_path_idx': 0}
2025-08-06 03:11:02,054 - INFO - ==================================================
2025-08-06 03:11:02,055 - INFO - 
==================================================
2025-08-06 03:11:02,055 - INFO - 样本 459: Alex, Stan, and Adelwolfe are trying to catch them all, Pokemon that is.  Together they have caught ...
2025-08-06 03:11:02,056 - INFO - 参考答案: Let x represent the number of Pokemon Adelwolfe caught
Stan: 4x-13
Alex: 5+(4x-13)=4x-8
Total: x+4x-13+4x-8=339
9x-21=339
9x=360
x=<<40=40>>40 Pokemon
Stan:4(40)-13=147 Pokemon
#### 147
2025-08-06 03:11:02,057 - INFO - 提取参考答案: 147
2025-08-06 03:11:02,057 - INFO - 生成答案: 

Step 1:First, read the problem and identify what we need to find. We need to find the number of Pokemon that Stan has caught.

Step 2:Next, set up equations and perform the calculations. Let's repre...
2025-08-06 03:11:02,058 - INFO - 提取答案: 154
2025-08-06 03:11:02,059 - INFO - 投票统计: {'voting_method': 'majority', 'best_answer': '154', 'vote_count': 2, 'total_paths': 10, 'valid_paths': 10, 'confidence': 0.2, 'answer_distribution': {'111.25': 1, '159': 1, '57': 1, '154': 2, '40': 1, '339': 1, '217': 1, '67': 1, '147': 1}, 'selected_path_idx': 3}
2025-08-06 03:11:02,059 - INFO - ==================================================
2025-08-06 03:11:02,060 - INFO - 
==================================================
2025-08-06 03:11:02,060 - INFO - 样本 460: John visits his parents twice a month.  It takes him 2 hours to drive there at a speed of 70 mph.  C...
2025-08-06 03:11:02,061 - INFO - 参考答案: His parents live 70*2=<<70*2=140>>140 miles away
So he drives 140*2=<<140*2=280>>280 miles a round trip
280*2 = <<280*2=560>>560 miles a month
#### 560
2025-08-06 03:11:02,062 - INFO - 提取参考答案: 560
2025-08-06 03:11:02,062 - INFO - 生成答案: 

Step 1:First, read the problem and identify what we need to find. We need to find the total distance John drives in a month.

Step 2:Next, set up equations and perform the calculations. The distance...
2025-08-06 03:11:02,063 - INFO - 提取答案: 280
2025-08-06 03:11:02,063 - INFO - 投票统计: {'voting_method': 'majority', 'best_answer': '280', 'vote_count': 6, 'total_paths': 10, 'valid_paths': 10, 'confidence': 0.6, 'answer_distribution': {'280': 6, '560': 2, '8': 2}, 'selected_path_idx': 0}
2025-08-06 03:11:02,064 - INFO - ==================================================
2025-08-06 03:11:02,065 - INFO - 
==================================================
2025-08-06 03:11:02,066 - INFO - 样本 470: A team of 4 painters worked on a mansion for 3/8ths of a day every day for 3 weeks. How many hours o...
2025-08-06 03:11:02,066 - INFO - 参考答案: There are 24 hours in a day so 3/8ths of a day is (3/8)*24 = <<3/8*24=9>>9 hours
One week has 7 days so 3 weeks have 7*3 = <<7*3=21>>21 days
Each painter put in 9*21 = <<9*21=189>>189 hours of work
#### 189
2025-08-06 03:11:02,067 - INFO - 提取参考答案: 189
2025-08-06 03:11:02,067 - INFO - 生成答案: 

Step 1:First, read the problem and identify what we need to find. We need to find the number of hours of work each painter put in.

Step 2:Next, set up equations and perform the calculations. Since ...
2025-08-06 03:11:02,068 - INFO - 提取答案: 47.25
2025-08-06 03:11:02,069 - INFO - 投票统计: {'voting_method': 'majority', 'best_answer': '47.25', 'vote_count': 6, 'total_paths': 10, 'valid_paths': 10, 'confidence': 0.6, 'answer_distribution': {'1.96875': 3, '47.25': 6, '1.125': 1}, 'selected_path_idx': 1}
2025-08-06 03:11:02,069 - INFO - ==================================================
2025-08-06 03:11:02,070 - INFO - 
==================================================
2025-08-06 03:11:02,071 - INFO - 样本 472: Jo has been making face masks. She can make 4 small masks with 2 yards of material and 3 large masks...
2025-08-06 03:11:02,071 - INFO - 参考答案: It takes 2 yards of material / 4 small masks = <<2/4=0.5>>0.5 yards of material per mask.
It takes 2.25 yards of material / 3 large masks = <<2.25/3=0.75>>0.75 yards of material per mask.
For the small masks, it will take 20 masks x 0.5 yards = <<20*0.5=10>>10 yards of material.
For the large masks, it will take 8 masks x 0.75 yards = <<8*0.75=6>>6 yards of material.
In all, it will take 10 yards + 6 yards = <<10+6=16>>16 yards of material.
#### 16
2025-08-06 03:11:02,072 - INFO - 提取参考答案: 16
2025-08-06 03:11:02,073 - INFO - 生成答案: 

Step 1:First, read the problem and identify what we need to find. We need to find the total amount of material Jo needs to make 20 small and 8 large masks.

Step 2:Next, set up equations and perform...
2025-08-06 03:11:02,073 - INFO - 提取答案: 58
2025-08-06 03:11:02,074 - INFO - 投票统计: {'voting_method': 'majority', 'best_answer': '58', 'vote_count': 7, 'total_paths': 10, 'valid_paths': 10, 'confidence': 0.7, 'answer_distribution': {'58': 7, '16': 2, '22': 1}, 'selected_path_idx': 0}
2025-08-06 03:11:02,075 - INFO - ==================================================
2025-08-06 03:11:02,075 - INFO - 
==================================================
2025-08-06 03:11:02,076 - INFO - 样本 474: Carla is downloading a 200 GB file. Normally she can download 2 GB/minute, but 40% of the way throug...
2025-08-06 03:11:02,076 - INFO - 参考答案: First find how many gigabytes are in 40% of the file: 200 GB * 40% = <<200*40*.01=80>>80 GB
Then divide that number by the download rate to find the time until Windows restarts: 80 GB / 2 GB/minute = <<80/2=40>>40 minutes
Then find the time to download the whole file after the restart: 200 GB / 2 GB/minute = <<200/2=100>>100 minutes
Then add the time to download 40% of the file, to download the whole file, and to wait for Windows to update: 40 minutes + 100 minutes + 20 minutes = <<40+100+20=160>>160 minutes
#### 160
2025-08-06 03:11:02,077 - INFO - 提取参考答案: 160
2025-08-06 03:11:02,078 - INFO - 生成答案: 

Step 1:First, read the problem and identify what we need to find. We need to find the total time it takes to download the file.

Step 2:Next, set up equations and perform the calculations. The first...
2025-08-06 03:11:02,078 - INFO - 提取答案: 180
2025-08-06 03:11:02,079 - INFO - 投票统计: {'voting_method': 'majority', 'best_answer': '180', 'vote_count': 3, 'total_paths': 10, 'valid_paths': 10, 'confidence': 0.3, 'answer_distribution': {'180': 3, '220': 2, '240': 1, '80': 2, '100': 1, '120': 1}, 'selected_path_idx': 0}
2025-08-06 03:11:02,080 - INFO - ==================================================
2025-08-06 03:11:02,080 - INFO - 
==================================================
2025-08-06 03:11:02,081 - INFO - 样本 478: It is approximately 1955 kilometers from San Diego, California to New York City, New York. If Bernic...
2025-08-06 03:11:02,081 - INFO - 参考答案: 325 * 4 = <<325*4=1300>>1300 km
1955 - 1300 = <<1955-1300=655>>655 km
Bernice will still have 655 kilometers to travel.
#### 655
2025-08-06 03:11:02,082 - INFO - 提取参考答案: 655
2025-08-06 03:11:02,083 - INFO - 生成答案: 

Step 1:First, read the problem and identify what we need to find. We need to find the number of kilometers Bernice still needs to drive.

Step 2:Next, set up equations and perform the calculations. ...
2025-08-06 03:11:02,083 - INFO - 提取答案: 1630
2025-08-06 03:11:02,084 - INFO - 投票统计: {'voting_method': 'majority', 'best_answer': '1630', 'vote_count': 9, 'total_paths': 10, 'valid_paths': 10, 'confidence': 0.9, 'answer_distribution': {'1630': 9, '655': 1}, 'selected_path_idx': 0}
2025-08-06 03:11:02,085 - INFO - ==================================================
2025-08-06 03:11:02,086 - INFO - 
==================================================
2025-08-06 03:11:02,086 - INFO - 样本 480: Mary is an avid gardener. Yesterday, she received 18 new potted plants from her favorite plant nurse...
2025-08-06 03:11:02,087 - INFO - 参考答案: Yesterday, before receiving the plants, Mary had 2*40 = <<2*40=80>>80 potted plants
After receiving an additional 18 plants, she therefore had a total of 80 + 18 = <<80+18=98>>98 potted plants
Tomorrow, Mary’s plant giveaway will be 40 *1 = <<40*1=40>>40 potted plants.
She will therefore remain with 98 - 40 = <<98-40=58>>58 potted plants.
#### 58
2025-08-06 03:11:02,087 - INFO - 提取参考答案: 58
2025-08-06 03:11:02,088 - INFO - 生成答案: 

Step 1:First, read the problem and identify what we need to find. We need to find the number of potted plants Mary will remain with after giving 1 plant from each ledge to her friends and family.

S...
2025-08-06 03:11:02,089 - INFO - 提取答案: 40
2025-08-06 03:11:02,089 - INFO - 投票统计: {'voting_method': 'majority', 'best_answer': '40', 'vote_count': 7, 'total_paths': 10, 'valid_paths': 10, 'confidence': 0.7, 'answer_distribution': {'58': 3, '40': 7}, 'selected_path_idx': 2}
2025-08-06 03:11:02,090 - INFO - ==================================================
2025-08-06 03:11:02,091 - INFO - 
==================================================
2025-08-06 03:11:02,091 - INFO - 样本 492: Paul is at a train station and is waiting for his train. He isn't sure how long he needs to wait, bu...
2025-08-06 03:11:02,092 - INFO - 参考答案: The first train stays in the station for 10 minutes * 2 = <<10*2=20>>20 minutes.
So Paul waits for the first train for 20 + 10 = <<20+10=30>>30 minutes.
The second train arrives after half an hour, which is the same as 60 minutes / 2 = <<60/2=30>>30 minutes.
It then stays in the station for a quarter of the time the first train did which is 20 minutes / 4 = <<20/4=5>>5 minutes.
So Paul waits for the second train for 30 + 5 = <<30+5=35>>35 minutes.
The third train arrives an hour later, which is the same as 60 minutes * 1 hour = <<60*1=60>>60 minutes.
After the final wait, Paul has waited a total of 30 minutes for the first train + 35 minutes for the second train + 60 minutes for the third train + 20 minutes final wait = <<30+35+60+20=145>>145 minutes.
#### 145
2025-08-06 03:11:02,093 - INFO - 提取参考答案: 145
2025-08-06 03:11:02,093 - INFO - 生成答案: 

Step 1:First, read the problem and identify what we need to find. We need to find the total time Paul will wait for his train.

Step 2:Next, set up equations and perform the calculations. The first ...
2025-08-06 03:11:02,094 - INFO - 提取答案: 110
2025-08-06 03:11:02,094 - INFO - 投票统计: {'voting_method': 'majority', 'best_answer': '110', 'vote_count': 3, 'total_paths': 10, 'valid_paths': 10, 'confidence': 0.3, 'answer_distribution': {'36.83': 1, '50': 1, '110': 3, '115': 1, '165': 1, '125': 1, '145': 2}, 'selected_path_idx': 2}
2025-08-06 03:11:02,095 - INFO - ==================================================
2025-08-06 03:11:02,096 - INFO - 
==================================================
2025-08-06 03:11:02,096 - INFO - 样本 494: Jen decides to travel to 3 different countries.  He has to pay $400 for the supplies he needs, in to...
2025-08-06 03:11:02,097 - INFO - 参考答案: He pays 400*.5=$<<400*.5=200>>200 more for tickets than supplies
That means the tickets cost 400+200=$<<400+200=600>>600
So it cost 600+400=$<<600+400=1000>>1000 in total.
#### 1000
2025-08-06 03:11:02,098 - INFO - 提取参考答案: 1000
2025-08-06 03:11:02,098 - INFO - 生成答案: 

Step 1:First, read the problem and identify what we need to find. We need to find the total cost of the travel.

Step 2:Next, set up equations and perform the calculations. The total cost of the sup...
2025-08-06 03:11:02,099 - INFO - 提取答案: 600
2025-08-06 03:11:02,099 - INFO - 投票统计: {'voting_method': 'majority', 'best_answer': '600', 'vote_count': 7, 'total_paths': 10, 'valid_paths': 10, 'confidence': 0.7, 'answer_distribution': {'1000': 3, '600': 7}, 'selected_path_idx': 1}
2025-08-06 03:11:02,100 - INFO - ==================================================
2025-08-06 03:11:02,101 - INFO - 
==================================================
2025-08-06 03:11:02,102 - INFO - 样本 520: James is counting his Pokemon cards. He has 30 fire type, 20 grass type, and 40 water type. If he lo...
2025-08-06 03:11:02,102 - INFO - 参考答案: First find the final number of grass type Pokemon: 20 grass type + 14 grass type = <<20+14=34>>34 grass type
Then find the final number of water type Pokemon: 40 water type - 8 water type = <<40-8=32>>32 water type
Then add the number of each type of Pokemon to find the total number: 34 Pokemon + 32 Pokemon + 30 Pokemon = <<34+32+30=96>>96 Pokemon
Then divide the number of water type Pokemon by the total number of Pokemon and multiply by 100% to express the answer as a percentage: 32 water type / 96 Pokemon * 100% = 33.333...%, which rounds down to 33%
#### 33
2025-08-06 03:11:02,103 - INFO - 提取参考答案: 33
2025-08-06 03:11:02,104 - INFO - 生成答案: 

Step 1:First, read the problem and identify what we need to find. We need to find the percentage chance that a randomly picked card will be a water type.

Step 2:Next, set up equations and perform t...
2025-08-06 03:11:02,104 - INFO - 提取答案: 39
2025-08-06 03:11:02,105 - INFO - 投票统计: {'voting_method': 'majority', 'best_answer': '39', 'vote_count': 5, 'total_paths': 10, 'valid_paths': 10, 'confidence': 0.5, 'answer_distribution': {'33': 2, '36': 3, '39': 5}, 'selected_path_idx': 3}
2025-08-06 03:11:02,106 - INFO - ==================================================
2025-08-06 03:11:02,106 - INFO - 
==================================================
2025-08-06 03:11:02,107 - INFO - 样本 521: A simple folding newspaper or tabloid can be made by folding a piece of paper vertically and unfoldi...
2025-08-06 03:11:02,107 - INFO - 参考答案: Each piece prints 4 pages.
Then 32/4=<<32/4=8>>8 pieces of paper would be used.
#### 8
2025-08-06 03:11:02,108 - INFO - 提取参考答案: 8
2025-08-06 03:11:02,108 - INFO - 生成答案: 

Step 1:First, read the problem and identify what we need to find. We need to find the number of pieces of paper used in a 32-page tabloid.

Step 2:Next, set up equations and perform the calculations...
2025-08-06 03:11:02,109 - INFO - 提取答案: 16
2025-08-06 03:11:02,110 - INFO - 投票统计: {'voting_method': 'majority', 'best_answer': '16', 'vote_count': 3, 'total_paths': 10, 'valid_paths': 10, 'confidence': 0.3, 'answer_distribution': {'92': 1, '16': 3, '4': 1, '272': 1, '64': 1, '32': 2, '8': 1}, 'selected_path_idx': 1}
2025-08-06 03:11:02,110 - INFO - ==================================================
2025-08-06 03:11:02,111 - INFO - 
==================================================
2025-08-06 03:11:02,112 - INFO - 样本 526: Amalia, Megan, and Dior divided the home chores so that each person had something to do while the ot...
2025-08-06 03:11:02,112 - INFO - 参考答案: Megan took 2 hours longer than Amalia to do her work, a total of 4+2 = 6 hours.
Amalia and Megan's total time to finish their work is 6+4 = <<6+4=10>>10 hours.
If Amalia took 4 hours to mow the lawn, and Dior took 4 hours longer than her while doing laundry, Dior took 4+4 = <<4+4=8>>8 hours to do the laundry.
In total, they took 10+8 = <<10+8=18>>18 hours together doing their chores.
#### 18
2025-08-06 03:11:02,113 - INFO - 提取参考答案: 18
2025-08-06 03:11:02,113 - INFO - 生成答案: 

Step 1:First, read the problem and identify what we need to find. We need to find the total time they all took to do their chores altogether.

Step 2:Next, set up equations and perform the calculati...
2025-08-06 03:11:02,114 - INFO - 提取答案: 19
2025-08-06 03:11:02,115 - INFO - 投票统计: {'voting_method': 'majority', 'best_answer': '19', 'vote_count': 4, 'total_paths': 10, 'valid_paths': 10, 'confidence': 0.4, 'answer_distribution': {'14+x': 1, '20': 1, '19': 4, '24': 1, '22': 1, '18': 2}, 'selected_path_idx': 2}
2025-08-06 03:11:02,115 - INFO - ==================================================
2025-08-06 03:11:02,116 - INFO - 
==================================================
2025-08-06 03:11:02,116 - INFO - 样本 531: A company pays each of its employees $600 in a month. The company has a policy of increasing the sal...
2025-08-06 03:11:02,117 - INFO - 参考答案: In a month, Sylvie earns $600. which totals $600/month * 12 months/year = $7200 in a year.
Sylvie earnings will increase by 10/100 * $7200/year = $<<10/100*7200=720>>720/year after 5 years.
In three years, the total increase in her salary will be 3 years * $720/year = $<<3*720=2160>>2160
After three years, Sylvie will be paid $7200 + $2160 = $<<7200+2160=9360>>9360
#### 9360
2025-08-06 03:11:02,118 - INFO - 提取参考答案: 9360
2025-08-06 03:11:02,119 - INFO - 生成答案: 

Step 1:First, read the problem and identify what we need to find. We need to find Sylvie's annual salary after three more years of service.

Step 2:Next, set up equations and perform the calculation...
2025-08-06 03:11:02,119 - INFO - 提取答案: 48
2025-08-06 03:11:02,120 - INFO - 投票统计: {'voting_method': 'majority', 'best_answer': '48', 'vote_count': 1, 'total_paths': 10, 'valid_paths': 10, 'confidence': 0.1, 'answer_distribution': {'48': 1, '1174.59': 1, '881': 1, '1169.22': 1, '1167.19': 1, '960': 1, '1280.726': 1, '878.46': 1, '798.6': 1, '966.306': 1}, 'selected_path_idx': 0}
2025-08-06 03:11:02,121 - INFO - ==================================================
2025-08-06 03:11:02,122 - INFO - 
==================================================
2025-08-06 03:11:02,122 - INFO - 样本 544: There are 10 quarts of tea left from the party. Four students each drank 1.5 quarts of tea and 16 st...
2025-08-06 03:11:02,123 - INFO - 参考答案: 4 students drank 1.5 quarts = 4 * 1.5 = <<4*1.5=6>>6 quarts
16 students drank 2 quarts = 16 * 2 = <<16*2=32>>32 quarts
Students drank 6 + 32 quarts = <<6+32=38>>38 quarts
Students + tea left = 38 + 10 quarts = <<38+10=48>>48 quarts
48 quarts = 12 gallons
The party started with 12 gallons of tea.
#### 12
2025-08-06 03:11:02,124 - INFO - 提取参考答案: 12
2025-08-06 03:11:02,124 - INFO - 生成答案: 

Step 1:First, read the problem and identify what we need to find. We need to find the initial amount of tea in gallons.

Step 2:Next, set up equations and perform the calculations. The total amount ...
2025-08-06 03:11:02,125 - INFO - 提取答案: 48
2025-08-06 03:11:02,126 - INFO - 投票统计: {'voting_method': 'majority', 'best_answer': '48', 'vote_count': 5, 'total_paths': 10, 'valid_paths': 10, 'confidence': 0.5, 'answer_distribution': {'12': 4, '10': 1, '48': 5}, 'selected_path_idx': 2}
2025-08-06 03:11:02,126 - INFO - ==================================================
2025-08-06 03:11:02,127 - INFO - 
==================================================
2025-08-06 03:11:02,128 - INFO - 样本 562: The power goes out in Brianna's house one night so she and her family gather all their candles and f...
2025-08-06 03:11:02,128 - INFO - 参考答案: For every one of the 8 rooms in the house, there are 2 flashlights, 8 x 2 = <<8*2=16>>16 flashlights.
For every person there is 1 flashlight, 1 x 4 people = <<1*4=4>>4 flashlights.
Total, there are 16 + 4 = <<16+4=20>>20 flashlights in the house being used by Brianna and her family.
For half of the 8 rooms, there are 4 small candles each, 8/2 x 4 = <<8/2*4=16>>16 small candles in half the rooms.
For the other half of the 8 rooms, there are 5 medium candles each, 8/2 x 5 = <<8/2*5=20>>20 medium candles in all the rooms.
Total, there are 16 + 20 = <<16+20=36>>36 candles in the house.
Combined, there are 20 flashlights + 36 candles = <<20+36=56>>56 flashlights and candles in the house.
#### 56
2025-08-06 03:11:02,129 - INFO - 提取参考答案: 56
2025-08-06 03:11:02,130 - INFO - 生成答案: 

Step 1:First, read the problem and identify what we need to find. We need to find the total number of candles and flashlights that Brianna's family is using.

Step 2:Next, set up equations and perfo...
2025-08-06 03:11:02,130 - INFO - 提取答案: 44
2025-08-06 03:11:02,131 - INFO - 投票统计: {'voting_method': 'majority', 'best_answer': '44', 'vote_count': 4, 'total_paths': 10, 'valid_paths': 10, 'confidence': 0.4, 'answer_distribution': {'44': 4, '48': 1, '116': 1, '100': 1, '38': 1, '40': 1, '52': 1}, 'selected_path_idx': 0}
2025-08-06 03:11:02,131 - INFO - ==================================================
2025-08-06 03:11:02,132 - INFO - 
==================================================
2025-08-06 03:11:02,133 - INFO - 样本 570: Generally, a 5-year-old avocado tree produces 50 fruits, a 6-year-old one produces 3 times the initi...
2025-08-06 03:11:02,133 - INFO - 参考答案: At 5 years it produces 50 fruits
At 6 years it produces 50 * 3 = <<50*3=150>>150 fruits.
At 7 years, it produces 50 * 7 = <<50*7=350>>350 fruits
At 10 years, it produces 50 * 20 = <<50*20=1000>>1000 fruits
At 8 years, it produces 200 fewer fruits than at 10 years, so it produces 1000 - 200 = 800 fruits
During 10 years, an avocado tree can produce a total of 50 + 150 + 350 + 800 + 1000 = <<50+150+350+800+1000=2350>>2350 fruits
#### 2350
2025-08-06 03:11:02,134 - INFO - 提取参考答案: 2350
2025-08-06 03:11:02,135 - INFO - 生成答案: 

Step 1:First, read the problem and identify what we need to find. We need to find the total number of fruits that an avocado tree can produce during its 10 years of life.

Step 2:Next, set up equati...
2025-08-06 03:11:02,135 - INFO - 提取答案: 2050
2025-08-06 03:11:02,136 - INFO - 投票统计: {'voting_method': 'majority', 'best_answer': '2050', 'vote_count': 2, 'total_paths': 10, 'valid_paths': 10, 'confidence': 0.2, 'answer_distribution': {'2900': 1, '2400': 1, '2250': 1, '12000': 1, '8000': 1, '3000': 1, '2050': 2, '1550': 1, '2000': 1}, 'selected_path_idx': 6}
2025-08-06 03:11:02,136 - INFO - ==================================================
2025-08-06 03:11:02,137 - INFO - 
==================================================
2025-08-06 03:11:02,138 - INFO - 样本 571: Carlos is planting a lemon tree. The tree will cost $90 to plant. Each year it will grow 7 lemons, w...
2025-08-06 03:11:02,138 - INFO - 参考答案: He makes $10.5 selling lemons each year because 7 x 1.5 = <<7*1.5=10.5>>10.5
He earns $7.5 each year from the lemon tree because 10.5 - 3 = <<10.5-3=7.5>>7.5
It will take 12 years to earn enough to pay off the tree because 90 / 7.5 = <<90/7.5=12>>12
He will make money in year 13 because 12 + 1 = <<12+1=13>>13
#### 13
2025-08-06 03:11:02,139 - INFO - 提取参考答案: 13
2025-08-06 03:11:02,139 - INFO - 生成答案: 

Step 1:First, read the problem and identify what we need to find. We need to find the number of years it will take before Carlos starts earning money on the lemon tree.

Step 2:Next, set up equation...
2025-08-06 03:11:02,140 - INFO - 提取答案: 12
2025-08-06 03:11:02,141 - INFO - 投票统计: {'voting_method': 'majority', 'best_answer': '12', 'vote_count': 3, 'total_paths': 10, 'valid_paths': 10, 'confidence': 0.3, 'answer_distribution': {'12': 3, '13': 2, '4': 1, '11': 1, '10': 1, '6': 1, '7': 1}, 'selected_path_idx': 0}
2025-08-06 03:11:02,141 - INFO - ==================================================
2025-08-06 03:11:02,142 - INFO - 
==================================================
2025-08-06 03:11:02,143 - INFO - 样本 586: In one hour, Ezra read twice as many books as Ahmed. Ezra has read 300 books this hour and decided t...
2025-08-06 03:11:02,143 - INFO - 参考答案: If Ezra has read 300 books this hour and decided to read 150 more in the next hour, he ha