2025-08-03 02:56:18,261 - INFO - 配置文件加载成功: /cephfs/shared/sunyifan/Min-p-CoT/grid_search_results/minp_0.2_0.6_0.2_0.8/config_experiment_0.2_0.6_0.2_0.8.json
2025-08-03 02:56:18,261 - INFO - 配置文件验证通过
2025-08-03 02:56:18,262 - INFO - 随机种子已设置为: 42
2025-08-03 02:56:18,262 - INFO - 使用已提供的模型实例: Llama-3.2-3B-Instruct
2025-08-03 02:56:18,262 - INFO - 加载数据集: GSM8k
2025-08-03 02:56:18,263 - INFO - 随机种子已设置为: 42
2025-08-03 02:56:18,295 - INFO - 数据集加载完成，共 8792 条数据，已打乱顺序
2025-08-03 02:56:18,295 - INFO - 使用投票机制，每个问题生成 10 条路径
2025-08-03 02:56:18,295 - INFO - 批量生成模式：为 879 个问题各生成 10 条路径
2025-08-03 02:56:18,296 - INFO - 开始CoT生成，共4个步骤:
2025-08-03 02:56:18,297 - INFO - 开始CoT步骤 1，min_p=0.2
2025-08-03 02:56:20,050 - INFO - 开始CoT步骤 2，min_p=0.6
2025-08-03 02:56:27,446 - INFO - 开始CoT步骤 3，min_p=0.2
2025-08-03 02:56:34,148 - INFO - 开始CoT步骤 4，min_p=0.8
2025-08-03 02:56:36,939 - INFO - CoT生成完成，共 879 条CoT
2025-08-03 02:56:36,953 - INFO - 开始CoT生成，共4个步骤:
2025-08-03 02:56:36,954 - INFO - 开始CoT步骤 1，min_p=0.2
2025-08-03 02:56:38,517 - INFO - 开始CoT步骤 2，min_p=0.6
2025-08-03 02:56:46,141 - INFO - 开始CoT步骤 3，min_p=0.2
2025-08-03 02:56:53,035 - INFO - 开始CoT步骤 4，min_p=0.8
2025-08-03 02:56:56,511 - INFO - CoT生成完成，共 879 条CoT
2025-08-03 02:56:56,526 - INFO - 开始CoT生成，共4个步骤:
2025-08-03 02:56:56,527 - INFO - 开始CoT步骤 1，min_p=0.2
2025-08-03 02:56:58,063 - INFO - 开始CoT步骤 2，min_p=0.6
2025-08-03 02:57:05,922 - INFO - 开始CoT步骤 3，min_p=0.2
2025-08-03 02:57:12,513 - INFO - 开始CoT步骤 4，min_p=0.8
2025-08-03 02:57:15,112 - INFO - CoT生成完成，共 879 条CoT
2025-08-03 02:57:15,124 - INFO - 开始CoT生成，共4个步骤:
2025-08-03 02:57:15,125 - INFO - 开始CoT步骤 1，min_p=0.2
2025-08-03 02:57:16,670 - INFO - 开始CoT步骤 2，min_p=0.6
2025-08-03 02:57:24,495 - INFO - 开始CoT步骤 3，min_p=0.2
2025-08-03 02:57:31,018 - INFO - 开始CoT步骤 4，min_p=0.8
2025-08-03 02:57:34,662 - INFO - CoT生成完成，共 879 条CoT
2025-08-03 02:57:34,675 - INFO - 开始CoT生成，共4个步骤:
2025-08-03 02:57:34,675 - INFO - 开始CoT步骤 1，min_p=0.2
2025-08-03 02:57:36,483 - INFO - 开始CoT步骤 2，min_p=0.6
2025-08-03 02:57:43,916 - INFO - 开始CoT步骤 3，min_p=0.2
2025-08-03 02:57:50,549 - INFO - 开始CoT步骤 4，min_p=0.8
2025-08-03 02:57:53,251 - INFO - CoT生成完成，共 879 条CoT
2025-08-03 02:57:53,266 - INFO - 开始CoT生成，共4个步骤:
2025-08-03 02:57:53,267 - INFO - 开始CoT步骤 1，min_p=0.2
2025-08-03 02:57:55,075 - INFO - 开始CoT步骤 2，min_p=0.6
2025-08-03 02:58:02,568 - INFO - 开始CoT步骤 3，min_p=0.2
2025-08-03 02:58:09,262 - INFO - 开始CoT步骤 4，min_p=0.8
2025-08-03 02:58:12,595 - INFO - CoT生成完成，共 879 条CoT
2025-08-03 02:58:12,608 - INFO - 开始CoT生成，共4个步骤:
2025-08-03 02:58:12,609 - INFO - 开始CoT步骤 1，min_p=0.2
2025-08-03 02:58:14,131 - INFO - 开始CoT步骤 2，min_p=0.6
2025-08-03 02:58:21,835 - INFO - 开始CoT步骤 3，min_p=0.2
2025-08-03 02:58:28,627 - INFO - 开始CoT步骤 4，min_p=0.8
2025-08-03 02:58:30,836 - INFO - CoT生成完成，共 879 条CoT
2025-08-03 02:58:30,847 - INFO - 开始CoT生成，共4个步骤:
2025-08-03 02:58:30,848 - INFO - 开始CoT步骤 1，min_p=0.2
2025-08-03 02:58:32,397 - INFO - 开始CoT步骤 2，min_p=0.6
2025-08-03 02:58:40,228 - INFO - 开始CoT步骤 3，min_p=0.2
2025-08-03 02:58:46,762 - INFO - 开始CoT步骤 4，min_p=0.8
2025-08-03 02:58:50,550 - INFO - CoT生成完成，共 879 条CoT
2025-08-03 02:58:50,565 - INFO - 开始CoT生成，共4个步骤:
2025-08-03 02:58:50,566 - INFO - 开始CoT步骤 1，min_p=0.2
2025-08-03 02:58:52,111 - INFO - 开始CoT步骤 2，min_p=0.6
2025-08-03 02:58:59,861 - INFO - 开始CoT步骤 3，min_p=0.2
2025-08-03 02:59:06,330 - INFO - 开始CoT步骤 4，min_p=0.8
2025-08-03 02:59:08,733 - INFO - CoT生成完成，共 879 条CoT
2025-08-03 02:59:08,746 - INFO - 开始CoT生成，共4个步骤:
2025-08-03 02:59:08,746 - INFO - 开始CoT步骤 1，min_p=0.2
2025-08-03 02:59:10,496 - INFO - 开始CoT步骤 2，min_p=0.6
2025-08-03 02:59:18,111 - INFO - 开始CoT步骤 3，min_p=0.2
2025-08-03 02:59:24,890 - INFO - 开始CoT步骤 4，min_p=0.8
2025-08-03 02:59:28,497 - INFO - CoT生成完成，共 879 条CoT
2025-08-03 02:59:28,514 - INFO - 批量生成完成：共生成 879 组路径，每组 10 条
2025-08-03 02:59:28,515 - INFO - 投票结果: 选择路径 0, 答案: 48, 置信度: 1.0
2025-08-03 02:59:28,515 - INFO - 投票结果: 选择路径 0, 答案: 15, 置信度: 1.0
2025-08-03 02:59:28,516 - INFO - 投票结果: 选择路径 0, 答案: 10, 置信度: 0.8
2025-08-03 02:59:28,516 - INFO - 投票结果: 选择路径 0, 答案: 41, 置信度: 1.0
2025-08-03 02:59:28,516 - INFO - 投票结果: 选择路径 0, 答案: 240, 置信度: 1.0
2025-08-03 02:59:28,517 - INFO - 投票结果: 选择路径 1, 答案: 4.64, 置信度: 0.5
2025-08-03 02:59:28,517 - INFO - 投票结果: 选择路径 0, 答案: 220, 置信度: 0.7
2025-08-03 02:59:28,517 - INFO - 投票结果: 选择路径 1, 答案: 14, 置信度: 0.6
2025-08-03 02:59:28,517 - INFO - 投票结果: 选择路径 0, 答案: 600, 置信度: 1.0
2025-08-03 02:59:28,518 - INFO - 投票结果: 选择路径 0, 答案: 45000, 置信度: 0.4
2025-08-03 02:59:28,518 - INFO - 投票结果: 选择路径 0, 答案: 100, 置信度: 1.0
2025-08-03 02:59:28,518 - INFO - 投票结果: 选择路径 0, 答案: 82, 置信度: 1.0
2025-08-03 02:59:28,519 - INFO - 投票结果: 选择路径 1, 答案: 120, 置信度: 0.3
2025-08-03 02:59:28,519 - INFO - 投票结果: 选择路径 1, 答案: 51, 置信度: 0.8
2025-08-03 02:59:28,519 - INFO - 投票结果: 选择路径 1, 答案: 99, 置信度: 0.9
2025-08-03 02:59:28,519 - INFO - 投票结果: 选择路径 0, 答案: 675, 置信度: 1.0
2025-08-03 02:59:28,520 - INFO - 投票结果: 选择路径 0, 答案: 105, 置信度: 0.7
2025-08-03 02:59:28,520 - INFO - 投票结果: 选择路径 0, 答案: 600, 置信度: 1.0
2025-08-03 02:59:28,520 - INFO - 投票结果: 选择路径 3, 答案: 54, 置信度: 0.4
2025-08-03 02:59:28,521 - INFO - 投票结果: 选择路径 0, 答案: 22, 置信度: 0.9
2025-08-03 02:59:28,521 - INFO - 投票结果: 选择路径 0, 答案: 3, 置信度: 1.0
2025-08-03 02:59:28,521 - INFO - 投票结果: 选择路径 0, 答案: 3, 置信度: 0.8
2025-08-03 02:59:28,522 - INFO - 投票结果: 选择路径 1, 答案: 65960, 置信度: 0.8
2025-08-03 02:59:28,522 - INFO - 投票结果: 选择路径 0, 答案: 16, 置信度: 0.8
2025-08-03 02:59:28,522 - INFO - 投票结果: 选择路径 0, 答案: 25, 置信度: 0.9
2025-08-03 02:59:28,522 - INFO - 投票结果: 选择路径 0, 答案: 68, 置信度: 0.4
2025-08-03 02:59:28,523 - INFO - 投票结果: 选择路径 0, 答案: 8, 置信度: 1.0
2025-08-03 02:59:28,523 - INFO - 投票结果: 选择路径 0, 答案: 94, 置信度: 1.0
2025-08-03 02:59:28,523 - INFO - 投票结果: 选择路径 1, 答案: 106, 置信度: 0.7
2025-08-03 02:59:28,524 - INFO - 投票结果: 选择路径 0, 答案: 81, 置信度: 1.0
2025-08-03 02:59:28,524 - INFO - 投票结果: 选择路径 1, 答案: 20, 置信度: 0.6
2025-08-03 02:59:28,524 - INFO - 投票结果: 选择路径 0, 答案: 8, 置信度: 1.0
2025-08-03 02:59:28,524 - INFO - 投票结果: 选择路径 0, 答案: 1000, 置信度: 1.0
2025-08-03 02:59:28,525 - INFO - 投票结果: 选择路径 0, 答案: 50, 置信度: 1.0
2025-08-03 02:59:28,525 - INFO - 投票结果: 选择路径 0, 答案: 540, 置信度: 0.9
2025-08-03 02:59:28,525 - INFO - 投票结果: 选择路径 0, 答案: 4, 置信度: 1.0
2025-08-03 02:59:28,526 - INFO - 投票结果: 选择路径 0, 答案: 1410, 置信度: 0.8
2025-08-03 02:59:28,526 - INFO - 投票结果: 选择路径 1, 答案: 476, 置信度: 0.9
2025-08-03 02:59:28,526 - INFO - 投票结果: 选择路径 0, 答案: 36, 置信度: 0.7
2025-08-03 02:59:28,526 - INFO - 投票结果: 选择路径 0, 答案: 33, 置信度: 1.0
2025-08-03 02:59:28,527 - INFO - 投票结果: 选择路径 0, 答案: 2, 置信度: 1.0
2025-08-03 02:59:28,527 - INFO - 投票结果: 选择路径 3, 答案: 75, 置信度: 0.6
2025-08-03 02:59:28,527 - INFO - 投票结果: 选择路径 0, 答案: 42, 置信度: 1.0
2025-08-03 02:59:28,528 - INFO - 投票结果: 选择路径 0, 答案: 30, 置信度: 0.6
2025-08-03 02:59:28,528 - INFO - 投票结果: 选择路径 3, 答案: 54000, 置信度: 0.2
2025-08-03 02:59:28,528 - INFO - 投票结果: 选择路径 0, 答案: 500, 置信度: 0.1
2025-08-03 02:59:28,528 - INFO - 投票结果: 选择路径 0, 答案: 6, 置信度: 0.9
2025-08-03 02:59:28,529 - INFO - 投票结果: 选择路径 0, 答案: 5, 置信度: 1.0
2025-08-03 02:59:28,529 - INFO - 投票结果: 选择路径 0, 答案: 90, 置信度: 1.0
2025-08-03 02:59:28,529 - INFO - 投票结果: 选择路径 0, 答案: 4, 置信度: 0.9
2025-08-03 02:59:28,530 - INFO - 投票结果: 选择路径 0, 答案: 50, 置信度: 0.7
2025-08-03 02:59:28,530 - INFO - 投票结果: 选择路径 0, 答案: 265, 置信度: 0.8
2025-08-03 02:59:28,530 - INFO - 投票结果: 选择路径 0, 答案: 110000, 置信度: 0.3
2025-08-03 02:59:28,530 - INFO - 投票结果: 选择路径 0, 答案: 160, 置信度: 0.2
2025-08-03 02:59:28,531 - INFO - 投票结果: 选择路径 0, 答案: 139, 置信度: 0.9
2025-08-03 02:59:28,531 - INFO - 投票结果: 选择路径 0, 答案: 36, 置信度: 0.6
2025-08-03 02:59:28,531 - INFO - 投票结果: 选择路径 0, 答案: 8, 置信度: 1.0
2025-08-03 02:59:28,532 - INFO - 投票结果: 选择路径 0, 答案: 180, 置信度: 0.9
2025-08-03 02:59:28,532 - INFO - 投票结果: 选择路径 0, 答案: 34, 置信度: 1.0
2025-08-03 02:59:28,532 - INFO - 投票结果: 选择路径 1, 答案: 300, 置信度: 0.4
2025-08-03 02:59:28,532 - INFO - 投票结果: 选择路径 0, 答案: 400, 置信度: 1.0
2025-08-03 02:59:28,533 - INFO - 投票结果: 选择路径 0, 答案: 1750, 置信度: 0.9
2025-08-03 02:59:28,533 - INFO - 投票结果: 选择路径 1, 答案: 178, 置信度: 0.4
2025-08-03 02:59:28,533 - INFO - 投票结果: 选择路径 0, 答案: 48, 置信度: 1.0
2025-08-03 02:59:28,534 - INFO - 投票结果: 选择路径 0, 答案: 90, 置信度: 1.0
2025-08-03 02:59:28,534 - INFO - 投票结果: 选择路径 0, 答案: 320, 置信度: 0.6
2025-08-03 02:59:28,534 - INFO - 投票结果: 选择路径 0, 答案: 100, 置信度: 1.0
2025-08-03 02:59:28,534 - INFO - 投票结果: 选择路径 0, 答案: 45, 置信度: 1.0
2025-08-03 02:59:28,535 - INFO - 投票结果: 选择路径 2, 答案: -6, 置信度: 0.3
2025-08-03 02:59:28,535 - INFO - 投票结果: 选择路径 0, 答案: 210, 置信度: 1.0
2025-08-03 02:59:28,535 - INFO - 投票结果: 选择路径 0, 答案: 19, 置信度: 1.0
2025-08-03 02:59:28,536 - INFO - 投票结果: 选择路径 0, 答案: 50, 置信度: 1.0
2025-08-03 02:59:28,536 - INFO - 投票结果: 选择路径 0, 答案: 24, 置信度: 1.0
2025-08-03 02:59:28,536 - INFO - 投票结果: 选择路径 0, 答案: 274, 置信度: 0.8
2025-08-03 02:59:28,537 - INFO - 投票结果: 选择路径 1, 答案: 9, 置信度: 0.7
2025-08-03 02:59:28,537 - INFO - 投票结果: 选择路径 0, 答案: 2000, 置信度: 1.0
2025-08-03 02:59:28,537 - INFO - 投票结果: 选择路径 0, 答案: 3, 置信度: 1.0
2025-08-03 02:59:28,538 - INFO - 投票结果: 选择路径 0, 答案: 76, 置信度: 0.5
2025-08-03 02:59:28,538 - INFO - 投票结果: 选择路径 0, 答案: 96, 置信度: 1.0
2025-08-03 02:59:28,538 - INFO - 投票结果: 选择路径 0, 答案: 16, 置信度: 1.0
2025-08-03 02:59:28,538 - INFO - 投票结果: 选择路径 0, 答案: 27, 置信度: 0.9
2025-08-03 02:59:28,539 - INFO - 投票结果: 选择路径 0, 答案: 110, 置信度: 0.7
2025-08-03 02:59:28,539 - INFO - 投票结果: 选择路径 0, 答案: 9, 置信度: 1.0
2025-08-03 02:59:28,539 - INFO - 投票结果: 选择路径 0, 答案: 36000, 置信度: 1.0
2025-08-03 02:59:28,540 - INFO - 投票结果: 选择路径 0, 答案: 130, 置信度: 1.0
2025-08-03 02:59:28,540 - INFO - 投票结果: 选择路径 0, 答案: 312, 置信度: 0.6
2025-08-03 02:59:28,540 - INFO - 投票结果: 选择路径 0, 答案: 220, 置信度: 1.0
2025-08-03 02:59:28,540 - INFO - 投票结果: 选择路径 0, 答案: 40, 置信度: 0.7
2025-08-03 02:59:28,541 - INFO - 投票结果: 选择路径 1, 答案: 480, 置信度: 0.7
2025-08-03 02:59:28,541 - INFO - 投票结果: 选择路径 0, 答案: 480, 置信度: 1.0
2025-08-03 02:59:28,541 - INFO - 投票结果: 选择路径 0, 答案: 22, 置信度: 1.0
2025-08-03 02:59:28,542 - INFO - 投票结果: 选择路径 0, 答案: 108, 置信度: 0.5
2025-08-03 02:59:28,542 - INFO - 投票结果: 选择路径 2, 答案: 5, 置信度: 0.6
2025-08-03 02:59:28,542 - INFO - 投票结果: 选择路径 0, 答案: 63, 置信度: 1.0
2025-08-03 02:59:28,542 - INFO - 投票结果: 选择路径 0, 答案: 20, 置信度: 0.9
2025-08-03 02:59:28,543 - INFO - 投票结果: 选择路径 0, 答案: 23, 置信度: 1.0
2025-08-03 02:59:28,543 - INFO - 投票结果: 选择路径 1, 答案: 625, 置信度: 0.5
2025-08-03 02:59:28,543 - INFO - 投票结果: 选择路径 0, 答案: 56, 置信度: 1.0
2025-08-03 02:59:28,544 - INFO - 投票结果: 选择路径 1, 答案: 120, 置信度: 0.7
2025-08-03 02:59:28,544 - INFO - 投票结果: 选择路径 2, 答案: 200, 置信度: 0.5
2025-08-03 02:59:28,544 - INFO - 投票结果: 选择路径 0, 答案: 5, 置信度: 0.8
2025-08-03 02:59:28,544 - INFO - 投票结果: 选择路径 0, 答案: 168, 置信度: 0.7
2025-08-03 02:59:28,545 - INFO - 投票结果: 选择路径 0, 答案: 5, 置信度: 1.0
2025-08-03 02:59:28,545 - INFO - 投票结果: 选择路径 0, 答案: 5, 置信度: 1.0
2025-08-03 02:59:28,545 - INFO - 投票结果: 选择路径 0, 答案: 177, 置信度: 1.0
2025-08-03 02:59:28,546 - INFO - 投票结果: 选择路径 0, 答案: 92, 置信度: 1.0
2025-08-03 02:59:28,546 - INFO - 投票结果: 选择路径 0, 答案: 20, 置信度: 0.9
2025-08-03 02:59:28,546 - INFO - 投票结果: 选择路径 0, 答案: 48, 置信度: 0.9
2025-08-03 02:59:28,547 - INFO - 投票结果: 选择路径 2, 答案: 0, 置信度: 0.4
2025-08-03 02:59:28,547 - INFO - 投票结果: 选择路径 0, 答案: 12, 置信度: 1.0
2025-08-03 02:59:28,547 - INFO - 投票结果: 选择路径 0, 答案: 19, 置信度: 1.0
2025-08-03 02:59:28,547 - INFO - 投票结果: 选择路径 0, 答案: 20, 置信度: 1.0
2025-08-03 02:59:28,548 - INFO - 投票结果: 选择路径 0, 答案: 500, 置信度: 1.0
2025-08-03 02:59:28,548 - INFO - 投票结果: 选择路径 0, 答案: 220, 置信度: 0.8
2025-08-03 02:59:28,548 - INFO - 投票结果: 选择路径 0, 答案: 420, 置信度: 0.8
2025-08-03 02:59:28,549 - INFO - 投票结果: 选择路径 0, 答案: 54, 置信度: 0.8
2025-08-03 02:59:28,549 - INFO - 投票结果: 选择路径 0, 答案: 50, 置信度: 0.9
2025-08-03 02:59:28,549 - INFO - 投票结果: 选择路径 0, 答案: 299, 置信度: 1.0
2025-08-03 02:59:28,549 - INFO - 投票结果: 选择路径 0, 答案: 10, 置信度: 1.0
2025-08-03 02:59:28,550 - INFO - 投票结果: 选择路径 0, 答案: 14, 置信度: 1.0
2025-08-03 02:59:28,550 - INFO - 投票结果: 选择路径 1, 答案: 16, 置信度: 0.9
2025-08-03 02:59:28,550 - INFO - 投票结果: 选择路径 0, 答案: 4, 置信度: 0.9
2025-08-03 02:59:28,551 - INFO - 投票结果: 选择路径 0, 答案: 30, 置信度: 0.7
2025-08-03 02:59:28,551 - INFO - 投票结果: 选择路径 5, 答案: 50, 置信度: 0.4
2025-08-03 02:59:28,551 - INFO - 投票结果: 选择路径 0, 答案: 500, 置信度: 1.0
2025-08-03 02:59:28,551 - INFO - 投票结果: 选择路径 0, 答案: 100000, 置信度: 0.8
2025-08-03 02:59:28,552 - INFO - 投票结果: 选择路径 0, 答案: 125, 置信度: 1.0
2025-08-03 02:59:28,552 - INFO - 投票结果: 选择路径 0, 答案: 16, 置信度: 0.9
2025-08-03 02:59:28,552 - INFO - 投票结果: 选择路径 0, 答案: 98, 置信度: 1.0
2025-08-03 02:59:28,553 - INFO - 投票结果: 选择路径 0, 答案: 832, 置信度: 1.0
2025-08-03 02:59:28,553 - INFO - 投票结果: 选择路径 0, 答案: 322, 置信度: 1.0
2025-08-03 02:59:28,553 - INFO - 投票结果: 选择路径 0, 答案: 6, 置信度: 1.0
2025-08-03 02:59:28,553 - INFO - 投票结果: 选择路径 0, 答案: 236, 置信度: 0.9
2025-08-03 02:59:28,554 - INFO - 投票结果: 选择路径 0, 答案: 15, 置信度: 1.0
2025-08-03 02:59:28,554 - INFO - 投票结果: 选择路径 0, 答案: 5, 置信度: 0.6
2025-08-03 02:59:28,554 - INFO - 投票结果: 选择路径 1, 答案: 28, 置信度: 0.9
2025-08-03 02:59:28,555 - INFO - 投票结果: 选择路径 0, 答案: 20, 置信度: 1.0
2025-08-03 02:59:28,555 - INFO - 投票结果: 选择路径 1, 答案: 17500, 置信度: 0.9
2025-08-03 02:59:28,555 - INFO - 投票结果: 选择路径 1, 答案: 14.67, 置信度: 0.2
2025-08-03 02:59:28,556 - INFO - 投票结果: 选择路径 0, 答案: 100, 置信度: 0.6
2025-08-03 02:59:28,556 - INFO - 投票结果: 选择路径 0, 答案: 1198, 置信度: 0.8
2025-08-03 02:59:28,556 - INFO - 投票结果: 选择路径 0, 答案: 450, 置信度: 1.0
2025-08-03 02:59:28,556 - INFO - 投票结果: 选择路径 0, 答案: 4, 置信度: 0.4
2025-08-03 02:59:28,557 - INFO - 投票结果: 选择路径 0, 答案: 150, 置信度: 1.0
2025-08-03 02:59:28,557 - INFO - 投票结果: 选择路径 0, 答案: 160, 置信度: 1.0
2025-08-03 02:59:28,557 - INFO - 投票结果: 选择路径 0, 答案: 3360, 置信度: 1.0
2025-08-03 02:59:28,558 - INFO - 投票结果: 选择路径 0, 答案: 9, 置信度: 0.9
2025-08-03 02:59:28,558 - INFO - 投票结果: 选择路径 1, 答案: 251, 置信度: 0.8
2025-08-03 02:59:28,558 - INFO - 投票结果: 选择路径 2, 答案: 10400, 置信度: 0.7
2025-08-03 02:59:28,558 - INFO - 投票结果: 选择路径 0, 答案: 2.5, 置信度: 1.0
2025-08-03 02:59:28,559 - INFO - 投票结果: 选择路径 3, 答案: 25600000, 置信度: 0.3
2025-08-03 02:59:28,559 - INFO - 投票结果: 选择路径 0, 答案: 24, 置信度: 0.7
2025-08-03 02:59:28,559 - INFO - 投票结果: 选择路径 0, 答案: 45, 置信度: 0.5
2025-08-03 02:59:28,560 - INFO - 投票结果: 选择路径 0, 答案: 22, 置信度: 0.9
2025-08-03 02:59:28,560 - INFO - 投票结果: 选择路径 0, 答案: 4, 置信度: 1.0
2025-08-03 02:59:28,560 - INFO - 投票结果: 选择路径 0, 答案: 20, 置信度: 1.0
2025-08-03 02:59:28,560 - INFO - 投票结果: 选择路径 0, 答案: 450, 置信度: 1.0
2025-08-03 02:59:28,561 - INFO - 投票结果: 选择路径 1, 答案: 180, 置信度: 0.5
2025-08-03 02:59:28,561 - INFO - 投票结果: 选择路径 0, 答案: 6, 置信度: 1.0
2025-08-03 02:59:28,561 - INFO - 投票结果: 选择路径 0, 答案: 360, 置信度: 0.5
2025-08-03 02:59:28,562 - INFO - 投票结果: 选择路径 0, 答案: 80, 置信度: 1.0
2025-08-03 02:59:28,562 - INFO - 投票结果: 选择路径 0, 答案: 500, 置信度: 1.0
2025-08-03 02:59:28,562 - INFO - 投票结果: 选择路径 0, 答案: 40, 置信度: 0.9
2025-08-03 02:59:28,562 - INFO - 投票结果: 选择路径 0, 答案: 35, 置信度: 1.0
2025-08-03 02:59:28,563 - INFO - 投票结果: 选择路径 0, 答案: 6, 置信度: 0.6
2025-08-03 02:59:28,563 - INFO - 投票结果: 选择路径 0, 答案: 675, 置信度: 0.8
2025-08-03 02:59:28,563 - INFO - 投票结果: 选择路径 0, 答案: 9, 置信度: 1.0
2025-08-03 02:59:28,564 - INFO - 投票结果: 选择路径 1, 答案: 50, 置信度: 0.4
2025-08-03 02:59:28,564 - INFO - 投票结果: 选择路径 0, 答案: 2000, 置信度: 1.0
2025-08-03 02:59:28,564 - INFO - 投票结果: 选择路径 3, 答案: 560, 置信度: 0.4
2025-08-03 02:59:28,565 - INFO - 投票结果: 选择路径 0, 答案: 8, 置信度: 0.8
2025-08-03 02:59:28,565 - INFO - 投票结果: 选择路径 0, 答案: 60, 置信度: 1.0
2025-08-03 02:59:28,565 - INFO - 投票结果: 选择路径 0, 答案: 775, 置信度: 1.0
2025-08-03 02:59:28,565 - INFO - 投票结果: 选择路径 0, 答案: 180, 置信度: 1.0
2025-08-03 02:59:28,566 - INFO - 投票结果: 选择路径 0, 答案: 150, 置信度: 1.0
2025-08-03 02:59:28,566 - INFO - 投票结果: 选择路径 0, 答案: 18, 置信度: 1.0
2025-08-03 02:59:28,566 - INFO - 投票结果: 选择路径 0, 答案: 400, 置信度: 1.0
2025-08-03 02:59:28,567 - INFO - 投票结果: 选择路径 0, 答案: 234, 置信度: 1.0
2025-08-03 02:59:28,567 - INFO - 投票结果: 选择路径 1, 答案: 13, 置信度: 0.5
2025-08-03 02:59:28,567 - INFO - 投票结果: 选择路径 0, 答案: 220, 置信度: 1.0
2025-08-03 02:59:28,567 - INFO - 投票结果: 选择路径 0, 答案: 6, 置信度: 1.0
2025-08-03 02:59:28,568 - INFO - 投票结果: 选择路径 0, 答案: 63, 置信度: 0.9
2025-08-03 02:59:28,568 - INFO - 投票结果: 选择路径 1, 答案: 27, 置信度: 0.5
2025-08-03 02:59:28,568 - INFO - 投票结果: 选择路径 0, 答案: 20, 置信度: 1.0
2025-08-03 02:59:28,569 - INFO - 投票结果: 选择路径 0, 答案: 22, 置信度: 1.0
2025-08-03 02:59:28,569 - INFO - 投票结果: 选择路径 0, 答案: 8, 置信度: 0.9
2025-08-03 02:59:28,569 - INFO - 投票结果: 选择路径 0, 答案: 9, 置信度: 1.0
2025-08-03 02:59:28,569 - INFO - 投票结果: 选择路径 0, 答案: 24, 置信度: 1.0
2025-08-03 02:59:28,570 - INFO - 投票结果: 选择路径 0, 答案: 110, 置信度: 1.0
2025-08-03 02:59:28,570 - INFO - 投票结果: 选择路径 1, 答案: 2, 置信度: 0.5
2025-08-03 02:59:28,570 - INFO - 投票结果: 选择路径 0, 答案: 105, 置信度: 1.0
2025-08-03 02:59:28,571 - INFO - 投票结果: 选择路径 0, 答案: 1900, 置信度: 0.9
2025-08-03 02:59:28,571 - INFO - 投票结果: 选择路径 0, 答案: 55, 置信度: 1.0
2025-08-03 02:59:28,571 - INFO - 投票结果: 选择路径 0, 答案: 23, 置信度: 1.0
2025-08-03 02:59:28,571 - INFO - 投票结果: 选择路径 0, 答案: 60, 置信度: 0.9
2025-08-03 02:59:28,572 - INFO - 投票结果: 选择路径 0, 答案: 8252, 置信度: 0.4
2025-08-03 02:59:28,572 - INFO - 投票结果: 选择路径 0, 答案: 40, 置信度: 1.0
2025-08-03 02:59:28,572 - INFO - 投票结果: 选择路径 1, 答案: 90, 置信度: 0.9
2025-08-03 02:59:28,573 - INFO - 投票结果: 选择路径 0, 答案: 46, 置信度: 1.0
2025-08-03 02:59:28,573 - INFO - 投票结果: 选择路径 0, 答案: 280, 置信度: 0.8
2025-08-03 02:59:28,573 - INFO - 投票结果: 选择路径 0, 答案: 460, 置信度: 1.0
2025-08-03 02:59:28,573 - INFO - 投票结果: 选择路径 0, 答案: 7, 置信度: 1.0
2025-08-03 02:59:28,574 - INFO - 投票结果: 选择路径 1, 答案: 75, 置信度: 0.8
2025-08-03 02:59:28,574 - INFO - 投票结果: 选择路径 1, 答案: 52, 置信度: 0.8
2025-08-03 02:59:28,574 - INFO - 投票结果: 选择路径 0, 答案: 2, 置信度: 1.0
2025-08-03 02:59:28,574 - INFO - 投票结果: 选择路径 0, 答案: 30, 置信度: 1.0
2025-08-03 02:59:28,575 - INFO - 投票结果: 选择路径 0, 答案: 135000, 置信度: 0.8
2025-08-03 02:59:28,575 - INFO - 投票结果: 选择路径 0, 答案: 13, 置信度: 1.0
2025-08-03 02:59:28,575 - INFO - 投票结果: 选择路径 0, 答案: 38, 置信度: 1.0
2025-08-03 02:59:28,576 - INFO - 投票结果: 选择路径 0, 答案: 14, 置信度: 0.5
2025-08-03 02:59:28,576 - INFO - 投票结果: 选择路径 0, 答案: 14, 置信度: 0.8
2025-08-03 02:59:28,576 - INFO - 投票结果: 选择路径 0, 答案: 152, 置信度: 1.0
2025-08-03 02:59:28,576 - INFO - 投票结果: 选择路径 0, 答案: 50, 置信度: 1.0
2025-08-03 02:59:28,577 - INFO - 投票结果: 选择路径 0, 答案: 11, 置信度: 1.0
2025-08-03 02:59:28,577 - INFO - 投票结果: 选择路径 0, 答案: 18, 置信度: 1.0
2025-08-03 02:59:28,577 - INFO - 投票结果: 选择路径 2, 答案: 18, 置信度: 0.7
2025-08-03 02:59:28,578 - INFO - 投票结果: 选择路径 0, 答案: 18, 置信度: 1.0
2025-08-03 02:59:28,578 - INFO - 投票结果: 选择路径 0, 答案: 5, 置信度: 1.0
2025-08-03 02:59:28,578 - INFO - 投票结果: 选择路径 0, 答案: 90, 置信度: 1.0
2025-08-03 02:59:28,578 - INFO - 投票结果: 选择路径 0, 答案: 35, 置信度: 1.0
2025-08-03 02:59:28,579 - INFO - 投票结果: 选择路径 0, 答案: 4, 置信度: 1.0
2025-08-03 02:59:28,579 - INFO - 投票结果: 选择路径 0, 答案: 3000, 置信度: 1.0
2025-08-03 02:59:28,579 - INFO - 投票结果: 选择路径 0, 答案: 180, 置信度: 1.0
2025-08-03 02:59:28,580 - INFO - 投票结果: 选择路径 0, 答案: 14, 置信度: 1.0
2025-08-03 02:59:28,580 - INFO - 投票结果: 选择路径 0, 答案: 15, 置信度: 1.0
2025-08-03 02:59:28,580 - INFO - 投票结果: 选择路径 0, 答案: 6, 置信度: 1.0
2025-08-03 02:59:28,580 - INFO - 投票结果: 选择路径 0, 答案: 500, 置信度: 1.0
2025-08-03 02:59:28,581 - INFO - 投票结果: 选择路径 0, 答案: 3, 置信度: 0.9
2025-08-03 02:59:28,581 - INFO - 投票结果: 选择路径 0, 答案: 10, 置信度: 0.8
2025-08-03 02:59:28,581 - INFO - 投票结果: 选择路径 1, 答案: 120, 置信度: 0.5
2025-08-03 02:59:28,582 - INFO - 投票结果: 选择路径 2, 答案: 12, 置信度: 0.6
2025-08-03 02:59:28,582 - INFO - 投票结果: 选择路径 2, 答案: 3440, 置信度: 0.7
2025-08-03 02:59:28,582 - INFO - 投票结果: 选择路径 0, 答案: 48, 置信度: 0.3
2025-08-03 02:59:28,582 - INFO - 投票结果: 选择路径 0, 答案: 10, 置信度: 1.0
2025-08-03 02:59:28,583 - INFO - 投票结果: 选择路径 0, 答案: 1, 置信度: 0.7
2025-08-03 02:59:28,583 - INFO - 投票结果: 选择路径 0, 答案: 127, 置信度: 1.0
2025-08-03 02:59:28,583 - INFO - 投票结果: 选择路径 1, 答案: 2, 置信度: 0.7
2025-08-03 02:59:28,584 - INFO - 投票结果: 选择路径 0, 答案: 15, 置信度: 1.0
2025-08-03 02:59:28,584 - INFO - 投票结果: 选择路径 0, 答案: 40, 置信度: 0.9
2025-08-03 02:59:28,584 - INFO - 投票结果: 选择路径 0, 答案: 4, 置信度: 0.9
2025-08-03 02:59:28,584 - INFO - 投票结果: 选择路径 0, 答案: 70, 置信度: 1.0
2025-08-03 02:59:28,585 - INFO - 投票结果: 选择路径 0, 答案: 80, 置信度: 0.5
2025-08-03 02:59:28,585 - INFO - 投票结果: 选择路径 0, 答案: 8, 置信度: 1.0
2025-08-03 02:59:28,585 - INFO - 投票结果: 选择路径 0, 答案: 25550, 置信度: 0.9
2025-08-03 02:59:28,586 - INFO - 投票结果: 选择路径 0, 答案: 60, 置信度: 1.0
2025-08-03 02:59:28,586 - INFO - 投票结果: 选择路径 0, 答案: 9, 置信度: 1.0
2025-08-03 02:59:28,586 - INFO - 投票结果: 选择路径 0, 答案: 6, 置信度: 0.7
2025-08-03 02:59:28,587 - INFO - 投票结果: 选择路径 0, 答案: 186, 置信度: 1.0
2025-08-03 02:59:28,587 - INFO - 投票结果: 选择路径 0, 答案: 30, 置信度: 1.0
2025-08-03 02:59:28,587 - INFO - 投票结果: 选择路径 0, 答案: 99, 置信度: 1.0
2025-08-03 02:59:28,587 - INFO - 投票结果: 选择路径 0, 答案: 17, 置信度: 0.6
2025-08-03 02:59:28,588 - INFO - 投票结果: 选择路径 0, 答案: 95, 置信度: 1.0
2025-08-03 02:59:28,588 - INFO - 投票结果: 选择路径 0, 答案: 60, 置信度: 1.0
2025-08-03 02:59:28,588 - INFO - 投票结果: 选择路径 0, 答案: 26, 置信度: 0.7
2025-08-03 02:59:28,588 - INFO - 投票结果: 选择路径 0, 答案: 270, 置信度: 0.8
2025-08-03 02:59:28,589 - INFO - 投票结果: 选择路径 1, 答案: 370, 置信度: 0.7
2025-08-03 02:59:28,589 - INFO - 投票结果: 选择路径 0, 答案: 10, 置信度: 1.0
2025-08-03 02:59:28,589 - INFO - 投票结果: 选择路径 0, 答案: 6, 置信度: 1.0
2025-08-03 02:59:28,590 - INFO - 投票结果: 选择路径 1, 答案: 340, 置信度: 0.8
2025-08-03 02:59:28,590 - INFO - 投票结果: 选择路径 0, 答案: 24, 置信度: 1.0
2025-08-03 02:59:28,590 - INFO - 投票结果: 选择路径 0, 答案: 6, 置信度: 1.0
2025-08-03 02:59:28,591 - INFO - 投票结果: 选择路径 1, 答案: 24, 置信度: 0.9
2025-08-03 02:59:28,591 - INFO - 投票结果: 选择路径 0, 答案: 399, 置信度: 1.0
2025-08-03 02:59:28,591 - INFO - 投票结果: 选择路径 0, 答案: 16, 置信度: 1.0
2025-08-03 02:59:28,591 - INFO - 投票结果: 选择路径 0, 答案: 3450, 置信度: 1.0
2025-08-03 02:59:28,592 - INFO - 投票结果: 选择路径 0, 答案: 33, 置信度: 1.0
2025-08-03 02:59:28,592 - INFO - 投票结果: 选择路径 0, 答案: 14, 置信度: 1.0
2025-08-03 02:59:28,592 - INFO - 投票结果: 选择路径 1, 答案: 6, 置信度: 0.6
2025-08-03 02:59:28,593 - INFO - 投票结果: 选择路径 0, 答案: 15, 置信度: 1.0
2025-08-03 02:59:28,593 - INFO - 投票结果: 选择路径 0, 答案: 1, 置信度: 0.4
2025-08-03 02:59:28,593 - INFO - 投票结果: 选择路径 1, 答案: 5000, 置信度: 0.8
2025-08-03 02:59:28,594 - INFO - 投票结果: 选择路径 0, 答案: 2, 置信度: 0.9
2025-08-03 02:59:28,594 - INFO - 投票结果: 选择路径 0, 答案: 3, 置信度: 1.0
2025-08-03 02:59:28,594 - INFO - 投票结果: 选择路径 0, 答案: 3, 置信度: 0.6
2025-08-03 02:59:28,595 - INFO - 投票结果: 选择路径 0, 答案: 60, 置信度: 1.0
2025-08-03 02:59:28,595 - INFO - 投票结果: 选择路径 0, 答案: 85, 置信度: 0.9
2025-08-03 02:59:28,595 - INFO - 投票结果: 选择路径 0, 答案: 27, 置信度: 1.0
2025-08-03 02:59:28,595 - INFO - 投票结果: 选择路径 2, 答案: 900, 置信度: 0.6
2025-08-03 02:59:28,596 - INFO - 投票结果: 选择路径 0, 答案: 240, 置信度: 1.0
2025-08-03 02:59:28,596 - INFO - 投票结果: 选择路径 2, 答案: 80, 置信度: 0.5
2025-08-03 02:59:28,596 - INFO - 投票结果: 选择路径 0, 答案: 390, 置信度: 0.6
2025-08-03 02:59:28,597 - INFO - 投票结果: 选择路径 0, 答案: 36, 置信度: 0.9
2025-08-03 02:59:28,597 - INFO - 投票结果: 选择路径 0, 答案: 360, 置信度: 0.9
2025-08-03 02:59:28,597 - INFO - 投票结果: 选择路径 0, 答案: 600, 置信度: 1.0
2025-08-03 02:59:28,597 - INFO - 投票结果: 选择路径 0, 答案: 266, 置信度: 1.0
2025-08-03 02:59:28,598 - INFO - 投票结果: 选择路径 0, 答案: 342, 置信度: 1.0
2025-08-03 02:59:28,598 - INFO - 投票结果: 选择路径 0, 答案: 8, 置信度: 1.0
2025-08-03 02:59:28,598 - INFO - 投票结果: 选择路径 0, 答案: 2, 置信度: 1.0
2025-08-03 02:59:28,599 - INFO - 投票结果: 选择路径 0, 答案: 27, 置信度: 1.0
2025-08-03 02:59:28,599 - INFO - 投票结果: 选择路径 0, 答案: 54, 置信度: 0.8
2025-08-03 02:59:28,599 - INFO - 投票结果: 选择路径 0, 答案: 30, 置信度: 1.0
2025-08-03 02:59:28,599 - INFO - 投票结果: 选择路径 0, 答案: 190, 置信度: 1.0
2025-08-03 02:59:28,600 - INFO - 投票结果: 选择路径 1, 答案: 54, 置信度: 0.8
2025-08-03 02:59:28,600 - INFO - 投票结果: 选择路径 2, 答案: 38, 置信度: 0.6
2025-08-03 02:59:28,600 - INFO - 投票结果: 选择路径 0, 答案: 48, 置信度: 0.6
2025-08-03 02:59:28,601 - INFO - 投票结果: 选择路径 0, 答案: 10, 置信度: 1.0
2025-08-03 02:59:28,601 - INFO - 投票结果: 选择路径 0, 答案: 2640, 置信度: 1.0
2025-08-03 02:59:28,601 - INFO - 投票结果: 选择路径 0, 答案: 8, 置信度: 1.0
2025-08-03 02:59:28,602 - INFO - 投票结果: 选择路径 0, 答案: 65, 置信度: 0.6
2025-08-03 02:59:28,602 - INFO - 投票结果: 选择路径 0, 答案: 18, 置信度: 0.8
2025-08-03 02:59:28,602 - INFO - 投票结果: 选择路径 0, 答案: 120, 置信度: 1.0
2025-08-03 02:59:28,603 - INFO - 投票结果: 选择路径 0, 答案: 2500, 置信度: 0.7
2025-08-03 02:59:28,603 - INFO - 投票结果: 选择路径 0, 答案: 18, 置信度: 1.0
2025-08-03 02:59:28,603 - INFO - 投票结果: 选择路径 0, 答案: 9, 置信度: 1.0
2025-08-03 02:59:28,604 - INFO - 投票结果: 选择路径 0, 答案: 69, 置信度: 0.9
2025-08-03 02:59:28,604 - INFO - 投票结果: 选择路径 0, 答案: 17, 置信度: 0.9
2025-08-03 02:59:28,604 - INFO - 投票结果: 选择路径 0, 答案: 2100, 置信度: 0.6
2025-08-03 02:59:28,604 - INFO - 投票结果: 选择路径 0, 答案: 21, 置信度: 1.0
2025-08-03 02:59:28,605 - INFO - 投票结果: 选择路径 0, 答案: 445, 置信度: 1.0
2025-08-03 02:59:28,605 - INFO - 投票结果: 选择路径 0, 答案: 36, 置信度: 1.0
2025-08-03 02:59:28,605 - INFO - 投票结果: 选择路径 0, 答案: 36, 置信度: 1.0
2025-08-03 02:59:28,606 - INFO - 投票结果: 选择路径 0, 答案: 87, 置信度: 1.0
2025-08-03 02:59:28,606 - INFO - 投票结果: 选择路径 0, 答案: 220, 置信度: 1.0
2025-08-03 02:59:28,606 - INFO - 投票结果: 选择路径 0, 答案: 20, 置信度: 1.0
2025-08-03 02:59:28,606 - INFO - 投票结果: 选择路径 0, 答案: 18, 置信度: 1.0
2025-08-03 02:59:28,607 - INFO - 投票结果: 选择路径 0, 答案: 2, 置信度: 0.8
2025-08-03 02:59:28,607 - INFO - 投票结果: 选择路径 0, 答案: 6, 置信度: 1.0
2025-08-03 02:59:28,607 - INFO - 投票结果: 选择路径 0, 答案: 43, 置信度: 1.0
2025-08-03 02:59:28,608 - INFO - 投票结果: 选择路径 0, 答案: 33, 置信度: 1.0
2025-08-03 02:59:28,608 - INFO - 投票结果: 选择路径 0, 答案: 500, 置信度: 0.9
2025-08-03 02:59:28,608 - INFO - 投票结果: 选择路径 0, 答案: 62, 置信度: 0.9
2025-08-03 02:59:28,608 - INFO - 投票结果: 选择路径 0, 答案: 150, 置信度: 1.0
2025-08-03 02:59:28,609 - INFO - 投票结果: 选择路径 0, 答案: 12000, 置信度: 1.0
2025-08-03 02:59:28,609 - INFO - 投票结果: 选择路径 0, 答案: 235, 置信度: 1.0
2025-08-03 02:59:28,609 - INFO - 投票结果: 选择路径 0, 答案: 10, 置信度: 0.4
2025-08-03 02:59:28,610 - INFO - 投票结果: 选择路径 1, 答案: 5, 置信度: 0.7
2025-08-03 02:59:28,610 - INFO - 投票结果: 选择路径 0, 答案: 26, 置信度: 0.6
2025-08-03 02:59:28,610 - INFO - 投票结果: 选择路径 2, 答案: 15, 置信度: 0.6
2025-08-03 02:59:28,611 - INFO - 投票结果: 选择路径 0, 答案: 3, 置信度: 1.0
2025-08-03 02:59:28,611 - INFO - 投票结果: 选择路径 1, 答案: 64weaselsand32rabbits, 置信度: 0.3
2025-08-03 02:59:28,611 - INFO - 投票结果: 选择路径 0, 答案: 20, 置信度: 1.0
2025-08-03 02:59:28,611 - INFO - 投票结果: 选择路径 0, 答案: 26, 置信度: 1.0
2025-08-03 02:59:28,612 - INFO - 投票结果: 选择路径 0, 答案: 112, 置信度: 1.0
2025-08-03 02:59:28,612 - INFO - 投票结果: 选择路径 0, 答案: 36, 置信度: 1.0
2025-08-03 02:59:28,612 - INFO - 投票结果: 选择路径 3, 答案: 225, 置信度: 0.6
2025-08-03 02:59:28,613 - INFO - 投票结果: 选择路径 0, 答案: 30, 置信度: 1.0
2025-08-03 02:59:28,613 - INFO - 投票结果: 选择路径 0, 答案: 1, 置信度: 0.9
2025-08-03 02:59:28,613 - INFO - 投票结果: 选择路径 0, 答案: 3, 置信度: 1.0
2025-08-03 02:59:28,614 - INFO - 投票结果: 选择路径 0, 答案: 3020, 置信度: 0.8
2025-08-03 02:59:28,614 - INFO - 投票结果: 选择路径 0, 答案: 67, 置信度: 1.0
2025-08-03 02:59:28,614 - INFO - 投票结果: 选择路径 0, 答案: 4, 置信度: 1.0
2025-08-03 02:59:28,615 - INFO - 投票结果: 选择路径 0, 答案: 23, 置信度: 0.7
2025-08-03 02:59:28,615 - INFO - 投票结果: 选择路径 0, 答案: 28, 置信度: 0.7
2025-08-03 02:59:28,615 - INFO - 投票结果: 选择路径 0, 答案: 31, 置信度: 1.0
2025-08-03 02:59:28,615 - INFO - 投票结果: 选择路径 0, 答案: 3, 置信度: 0.8
2025-08-03 02:59:28,616 - INFO - 投票结果: 选择路径 0, 答案: 21, 置信度: 0.7
2025-08-03 02:59:28,616 - INFO - 投票结果: 选择路径 0, 答案: 51, 置信度: 1.0
2025-08-03 02:59:28,616 - INFO - 投票结果: 选择路径 0, 答案: 50, 置信度: 1.0
2025-08-03 02:59:28,617 - INFO - 投票结果: 选择路径 0, 答案: 50, 置信度: 1.0
2025-08-03 02:59:28,617 - INFO - 投票结果: 选择路径 0, 答案: 5, 置信度: 0.9
2025-08-03 02:59:28,617 - INFO - 投票结果: 选择路径 0, 答案: 8400, 置信度: 0.6
2025-08-03 02:59:28,617 - INFO - 投票结果: 选择路径 0, 答案: 9, 置信度: 0.9
2025-08-03 02:59:28,618 - INFO - 投票结果: 选择路径 0, 答案: 1400, 置信度: 1.0
2025-08-03 02:59:28,618 - INFO - 投票结果: 选择路径 0, 答案: 300, 置信度: 1.0
2025-08-03 02:59:28,618 - INFO - 投票结果: 选择路径 0, 答案: 8, 置信度: 1.0
2025-08-03 02:59:28,619 - INFO - 投票结果: 选择路径 3, 答案: 40, 置信度: 0.5
2025-08-03 02:59:28,619 - INFO - 投票结果: 选择路径 0, 答案: 7, 置信度: 1.0
2025-08-03 02:59:28,619 - INFO - 投票结果: 选择路径 0, 答案: 40, 置信度: 1.0
2025-08-03 02:59:28,619 - INFO - 投票结果: 选择路径 0, 答案: 144, 置信度: 0.5
2025-08-03 02:59:28,620 - INFO - 投票结果: 选择路径 1, 答案: 54, 置信度: 0.5
2025-08-03 02:59:28,620 - INFO - 投票结果: 选择路径 0, 答案: 10, 置信度: 1.0
2025-08-03 02:59:28,620 - INFO - 投票结果: 选择路径 0, 答案: 32, 置信度: 1.0
2025-08-03 02:59:28,621 - INFO - 投票结果: 选择路径 0, 答案: 85, 置信度: 1.0
2025-08-03 02:59:28,621 - INFO - 投票结果: 选择路径 0, 答案: 480, 置信度: 1.0
2025-08-03 02:59:28,621 - INFO - 投票结果: 选择路径 0, 答案: 10, 置信度: 0.6
2025-08-03 02:59:28,621 - INFO - 投票结果: 选择路径 0, 答案: 147, 置信度: 0.9
2025-08-03 02:59:28,622 - INFO - 投票结果: 选择路径 0, 答案: 231, 置信度: 0.3
2025-08-03 02:59:28,622 - INFO - 投票结果: 选择路径 0, 答案: 12, 置信度: 1.0
2025-08-03 02:59:28,622 - INFO - 投票结果: 选择路径 2, 答案: 20, 置信度: 0.2
2025-08-03 02:59:28,623 - INFO - 投票结果: 选择路径 0, 答案: 530000, 置信度: 0.5
2025-08-03 02:59:28,623 - INFO - 投票结果: 选择路径 0, 答案: 7, 置信度: 1.0
2025-08-03 02:59:28,623 - INFO - 投票结果: 选择路径 1, 答案: 2, 置信度: 0.7
2025-08-03 02:59:28,624 - INFO - 投票结果: 选择路径 0, 答案: 105, 置信度: 0.9
2025-08-03 02:59:28,624 - INFO - 投票结果: 选择路径 0, 答案: 5, 置信度: 1.0
2025-08-03 02:59:28,624 - INFO - 投票结果: 选择路径 0, 答案: 64, 置信度: 0.3
2025-08-03 02:59:28,624 - INFO - 投票结果: 选择路径 0, 答案: 3, 置信度: 1.0
2025-08-03 02:59:28,625 - INFO - 投票结果: 选择路径 0, 答案: 19, 置信度: 1.0
2025-08-03 02:59:28,625 - INFO - 投票结果: 选择路径 0, 答案: 2, 置信度: 1.0
2025-08-03 02:59:28,625 - INFO - 投票结果: 选择路径 0, 答案: 1640, 置信度: 0.9
2025-08-03 02:59:28,626 - INFO - 投票结果: 选择路径 0, 答案: 5, 置信度: 1.0
2025-08-03 02:59:28,626 - INFO - 投票结果: 选择路径 0, 答案: 27, 置信度: 0.9
2025-08-03 02:59:28,626 - INFO - 投票结果: 选择路径 0, 答案: 1490, 置信度: 1.0
2025-08-03 02:59:28,626 - INFO - 投票结果: 选择路径 0, 答案: 300, 置信度: 1.0
2025-08-03 02:59:28,627 - INFO - 投票结果: 选择路径 1, 答案: 51, 置信度: 0.7
2025-08-03 02:59:28,627 - INFO - 投票结果: 选择路径 0, 答案: 200, 置信度: 0.9
2025-08-03 02:59:28,627 - INFO - 投票结果: 选择路径 0, 答案: 10, 置信度: 1.0
2025-08-03 02:59:28,628 - INFO - 投票结果: 选择路径 0, 答案: 32, 置信度: 0.6
2025-08-03 02:59:28,628 - INFO - 投票结果: 选择路径 0, 答案: 280, 置信度: 1.0
2025-08-03 02:59:28,628 - INFO - 投票结果: 选择路径 1, 答案: 78.50, 置信度: 0.3
2025-08-03 02:59:28,628 - INFO - 投票结果: 选择路径 5, 答案: 374, 置信度: 0.3
2025-08-03 02:59:28,629 - INFO - 投票结果: 选择路径 0, 答案: 15, 置信度: 0.9
2025-08-03 02:59:28,629 - INFO - 投票结果: 选择路径 0, 答案: 40, 置信度: 0.9
2025-08-03 02:59:28,629 - INFO - 投票结果: 选择路径 0, 答案: 4, 置信度: 1.0
2025-08-03 02:59:28,630 - INFO - 投票结果: 选择路径 0, 答案: 5040, 置信度: 1.0
2025-08-03 02:59:28,630 - INFO - 投票结果: 选择路径 0, 答案: 8, 置信度: 1.0
2025-08-03 02:59:28,630 - INFO - 投票结果: 选择路径 0, 答案: 5, 置信度: 0.9
2025-08-03 02:59:28,630 - INFO - 投票结果: 选择路径 0, 答案: 35, 置信度: 1.0
2025-08-03 02:59:28,631 - INFO - 投票结果: 选择路径 0, 答案: 1600, 置信度: 1.0
2025-08-03 02:59:28,631 - INFO - 投票结果: 选择路径 0, 答案: 1600, 置信度: 0.9
2025-08-03 02:59:28,631 - INFO - 投票结果: 选择路径 0, 答案: 82, 置信度: 0.8
2025-08-03 02:59:28,632 - INFO - 投票结果: 选择路径 0, 答案: 3, 置信度: 0.9
2025-08-03 02:59:28,632 - INFO - 投票结果: 选择路径 0, 答案: 22, 置信度: 1.0
2025-08-03 02:59:28,632 - INFO - 投票结果: 选择路径 2, 答案: 12, 置信度: 0.5
2025-08-03 02:59:28,632 - INFO - 投票结果: 选择路径 2, 答案: 143, 置信度: 0.4
2025-08-03 02:59:28,633 - INFO - 投票结果: 选择路径 1, 答案: 1, 置信度: 0.3
2025-08-03 02:59:28,633 - INFO - 投票结果: 选择路径 0, 答案: 35, 置信度: 1.0
2025-08-03 02:59:28,633 - INFO - 投票结果: 选择路径 0, 答案: 120, 置信度: 1.0
2025-08-03 02:59:28,634 - INFO - 投票结果: 选择路径 0, 答案: 52, 置信度: 1.0
2025-08-03 02:59:28,634 - INFO - 投票结果: 选择路径 0, 答案: 280800, 置信度: 0.3
2025-08-03 02:59:28,634 - INFO - 投票结果: 选择路径 0, 答案: 37, 置信度: 0.6
2025-08-03 02:59:28,634 - INFO - 投票结果: 选择路径 1, 答案: 174000, 置信度: 0.6
2025-08-03 02:59:28,635 - INFO - 投票结果: 选择路径 1, 答案: 348, 置信度: 0.8
2025-08-03 02:59:28,635 - INFO - 投票结果: 选择路径 0, 答案: 2, 置信度: 1.0
2025-08-03 02:59:28,635 - INFO - 投票结果: 选择路径 0, 答案: 22, 置信度: 0.9
2025-08-03 02:59:28,636 - INFO - 投票结果: 选择路径 0, 答案: 19, 置信度: 0.8
2025-08-03 02:59:28,636 - INFO - 投票结果: 选择路径 0, 答案: 72, 置信度: 1.0
2025-08-03 02:59:28,636 - INFO - 投票结果: 选择路径 0, 答案: 27, 置信度: 1.0
2025-08-03 02:59:28,637 - INFO - 投票结果: 选择路径 1, 答案: 11, 置信度: 0.3
2025-08-03 02:59:28,637 - INFO - 投票结果: 选择路径 0, 答案: 50, 置信度: 0.3
2025-08-03 02:59:28,637 - INFO - 投票结果: 选择路径 0, 答案: 14, 置信度: 1.0
2025-08-03 02:59:28,637 - INFO - 投票结果: 选择路径 0, 答案: 1900, 置信度: 0.9
2025-08-03 02:59:28,638 - INFO - 投票结果: 选择路径 0, 答案: 8, 置信度: 0.5
2025-08-03 02:59:28,638 - INFO - 投票结果: 选择路径 0, 答案: 320, 置信度: 1.0
2025-08-03 02:59:28,638 - INFO - 投票结果: 选择路径 0, 答案: 13, 置信度: 1.0
2025-08-03 02:59:28,639 - INFO - 投票结果: 选择路径 2, 答案: 5, 置信度: 0.6
2025-08-03 02:59:28,639 - INFO - 投票结果: 选择路径 2, 答案: 40, 置信度: 0.7
2025-08-03 02:59:28,639 - INFO - 投票结果: 选择路径 0, 答案: 1840, 置信度: 0.7
2025-08-03 02:59:28,639 - INFO - 投票结果: 选择路径 0, 答案: 36, 置信度: 1.0
2025-08-03 02:59:28,640 - INFO - 投票结果: 选择路径 0, 答案: 10, 置信度: 0.9
2025-08-03 02:59:28,640 - INFO - 投票结果: 选择路径 0, 答案: 40, 置信度: 1.0
2025-08-03 02:59:28,640 - INFO - 投票结果: 选择路径 0, 答案: 6, 置信度: 1.0
2025-08-03 02:59:28,641 - INFO - 投票结果: 选择路径 0, 答案: 12, 置信度: 1.0
2025-08-03 02:59:28,641 - INFO - 投票结果: 选择路径 0, 答案: 100, 置信度: 1.0
2025-08-03 02:59:28,641 - INFO - 投票结果: 选择路径 0, 答案: 117, 置信度: 1.0
2025-08-03 02:59:28,641 - INFO - 投票结果: 选择路径 1, 答案: 75, 置信度: 0.7
2025-08-03 02:59:28,642 - INFO - 投票结果: 选择路径 2, 答案: 10, 置信度: 0.5
2025-08-03 02:59:28,642 - INFO - 投票结果: 选择路径 0, 答案: 3, 置信度: 1.0
2025-08-03 02:59:28,642 - INFO - 投票结果: 选择路径 0, 答案: 14, 置信度: 0.9
2025-08-03 02:59:28,643 - INFO - 投票结果: 选择路径 0, 答案: 77, 置信度: 1.0
2025-08-03 02:59:28,643 - INFO - 投票结果: 选择路径 0, 答案: 30, 置信度: 1.0
2025-08-03 02:59:28,643 - INFO - 投票结果: 选择路径 0, 答案: 10, 置信度: 0.5
2025-08-03 02:59:28,643 - INFO - 投票结果: 选择路径 0, 答案: 12, 置信度: 1.0
2025-08-03 02:59:28,644 - INFO - 投票结果: 选择路径 0, 答案: 630, 置信度: 0.9
2025-08-03 02:59:28,644 - INFO - 投票结果: 选择路径 1, 答案: 1920, 置信度: 0.8
2025-08-03 02:59:28,644 - INFO - 投票结果: 选择路径 0, 答案: 80, 置信度: 1.0
2025-08-03 02:59:28,645 - INFO - 投票结果: 选择路径 0, 答案: 1, 置信度: 1.0
2025-08-03 02:59:28,645 - INFO - 投票结果: 选择路径 0, 答案: 13, 置信度: 1.0
2025-08-03 02:59:28,645 - INFO - 投票结果: 选择路径 0, 答案: 266, 置信度: 0.9
2025-08-03 02:59:28,645 - INFO - 投票结果: 选择路径 0, 答案: 3, 置信度: 1.0
2025-08-03 02:59:28,646 - INFO - 投票结果: 选择路径 0, 答案: 573, 置信度: 1.0
2025-08-03 02:59:28,646 - INFO - 投票结果: 选择路径 0, 答案: 28800, 置信度: 1.0
2025-08-03 02:59:28,646 - INFO - 投票结果: 选择路径 0, 答案: 314, 置信度: 0.8
2025-08-03 02:59:28,647 - INFO - 投票结果: 选择路径 0, 答案: 437, 置信度: 1.0
2025-08-03 02:59:28,647 - INFO - 投票结果: 选择路径 0, 答案: 44, 置信度: 1.0
2025-08-03 02:59:28,647 - INFO - 投票结果: 选择路径 0, 答案: 1, 置信度: 0.8
2025-08-03 02:59:28,647 - INFO - 投票结果: 选择路径 0, 答案: 33, 置信度: 1.0
2025-08-03 02:59:28,648 - INFO - 投票结果: 选择路径 1, 答案: 200, 置信度: 0.6
2025-08-03 02:59:28,648 - INFO - 投票结果: 选择路径 0, 答案: 8, 置信度: 1.0
2025-08-03 02:59:28,648 - INFO - 投票结果: 选择路径 1, 答案: 2.5, 置信度: 0.8
2025-08-03 02:59:28,649 - INFO - 投票结果: 选择路径 0, 答案: 19200, 置信度: 0.2
2025-08-03 02:59:28,649 - INFO - 投票结果: 选择路径 0, 答案: 2, 置信度: 1.0
2025-08-03 02:59:28,649 - INFO - 投票结果: 选择路径 0, 答案: 20, 置信度: 1.0
2025-08-03 02:59:28,650 - INFO - 投票结果: 选择路径 0, 答案: 213, 置信度: 1.0
2025-08-03 02:59:28,650 - INFO - 投票结果: 选择路径 0, 答案: 60, 置信度: 1.0
2025-08-03 02:59:28,650 - INFO - 投票结果: 选择路径 1, 答案: 6, 置信度: 0.7
2025-08-03 02:59:28,650 - INFO - 投票结果: 选择路径 0, 答案: 9220, 置信度: 1.0
2025-08-03 02:59:28,651 - INFO - 投票结果: 选择路径 0, 答案: 260, 置信度: 1.0
2025-08-03 02:59:28,651 - INFO - 投票结果: 选择路径 1, 答案: 18, 置信度: 0.6
2025-08-03 02:59:28,651 - INFO - 投票结果: 选择路径 0, 答案: 64, 置信度: 0.8
2025-08-03 02:59:28,652 - INFO - 投票结果: 选择路径 0, 答案: 931, 置信度: 0.8
2025-08-03 02:59:28,652 - INFO - 投票结果: 选择路径 0, 答案: 63, 置信度: 1.0
2025-08-03 02:59:28,652 - INFO - 投票结果: 选择路径 0, 答案: 10, 置信度: 0.9
2025-08-03 02:59:28,652 - INFO - 投票结果: 选择路径 0, 答案: 20, 置信度: 1.0
2025-08-03 02:59:28,653 - INFO - 投票结果: 选择路径 0, 答案: 10, 置信度: 1.0
2025-08-03 02:59:28,653 - INFO - 投票结果: 选择路径 0, 答案: 5, 置信度: 1.0
2025-08-03 02:59:28,653 - INFO - 投票结果: 选择路径 0, 答案: 35, 置信度: 0.5
2025-08-03 02:59:28,654 - INFO - 投票结果: 选择路径 0, 答案: 3, 置信度: 1.0
2025-08-03 02:59:28,654 - INFO - 投票结果: 选择路径 0, 答案: 1, 置信度: 1.0
2025-08-03 02:59:28,654 - INFO - 投票结果: 选择路径 0, 答案: 10, 置信度: 1.0
2025-08-03 02:59:28,655 - INFO - 投票结果: 选择路径 1, 答案: 64, 置信度: 0.5
2025-08-03 02:59:28,655 - INFO - 投票结果: 选择路径 0, 答案: 91, 置信度: 1.0
2025-08-03 02:59:28,655 - INFO - 投票结果: 选择路径 0, 答案: 32, 置信度: 1.0
2025-08-03 02:59:28,656 - INFO - 投票结果: 选择路径 0, 答案: 25, 置信度: 0.9
2025-08-03 02:59:28,656 - INFO - 投票结果: 选择路径 1, 答案: -19, 置信度: 0.5
2025-08-03 02:59:28,656 - INFO - 投票结果: 选择路径 0, 答案: 21, 置信度: 0.4
2025-08-03 02:59:28,657 - INFO - 投票结果: 选择路径 0, 答案: 14, 置信度: 1.0
2025-08-03 02:59:28,657 - INFO - 投票结果: 选择路径 0, 答案: 5, 置信度: 0.9
2025-08-03 02:59:28,657 - INFO - 投票结果: 选择路径 0, 答案: 1080, 置信度: 0.6
2025-08-03 02:59:28,657 - INFO - 投票结果: 选择路径 0, 答案: 160000, 置信度: 0.7
2025-08-03 02:59:28,658 - INFO - 投票结果: 选择路径 0, 答案: 4, 置信度: 1.0
2025-08-03 02:59:28,658 - INFO - 投票结果: 选择路径 0, 答案: 12, 置信度: 1.0
2025-08-03 02:59:28,658 - INFO - 投票结果: 选择路径 0, 答案: 51, 置信度: 1.0
2025-08-03 02:59:28,659 - INFO - 投票结果: 选择路径 0, 答案: 17, 置信度: 0.9
2025-08-03 02:59:28,659 - INFO - 投票结果: 选择路径 0, 答案: 121, 置信度: 1.0
2025-08-03 02:59:28,659 - INFO - 投票结果: 选择路径 0, 答案: 98, 置信度: 0.9
2025-08-03 02:59:28,660 - INFO - 投票结果: 选择路径 0, 答案: 8, 置信度: 1.0
2025-08-03 02:59:28,660 - INFO - 投票结果: 选择路径 0, 答案: 3, 置信度: 1.0
2025-08-03 02:59:28,660 - INFO - 投票结果: 选择路径 0, 答案: 1920, 置信度: 1.0
2025-08-03 02:59:28,660 - INFO - 投票结果: 选择路径 1, 答案: 160, 置信度: 0.7
2025-08-03 02:59:28,661 - INFO - 投票结果: 选择路径 0, 答案: 78, 置信度: 1.0
2025-08-03 02:59:28,661 - INFO - 投票结果: 选择路径 1, 答案: 30, 置信度: 0.4
2025-08-03 02:59:28,661 - INFO - 投票结果: 选择路径 0, 答案: 1800, 置信度: 0.9
2025-08-03 02:59:28,662 - INFO - 投票结果: 选择路径 0, 答案: 396, 置信度: 1.0
2025-08-03 02:59:28,662 - INFO - 投票结果: 选择路径 0, 答案: 706, 置信度: 1.0
2025-08-03 02:59:28,662 - INFO - 投票结果: 选择路径 0, 答案: 35, 置信度: 1.0
2025-08-03 02:59:28,662 - INFO - 投票结果: 选择路径 0, 答案: 195, 置信度: 0.9
2025-08-03 02:59:28,663 - INFO - 投票结果: 选择路径 0, 答案: 900, 置信度: 0.9
2025-08-03 02:59:28,663 - INFO - 投票结果: 选择路径 0, 答案: 6, 置信度: 1.0
2025-08-03 02:59:28,663 - INFO - 投票结果: 选择路径 0, 答案: 300, 置信度: 0.7
2025-08-03 02:59:28,664 - INFO - 投票结果: 选择路径 0, 答案: 34, 置信度: 1.0
2025-08-03 02:59:28,664 - INFO - 投票结果: 选择路径 0, 答案: 9, 置信度: 1.0
2025-08-03 02:59:28,664 - INFO - 投票结果: 选择路径 0, 答案: 30, 置信度: 0.7
2025-08-03 02:59:28,664 - INFO - 投票结果: 选择路径 3, 答案: 20, 置信度: 0.6
2025-08-03 02:59:28,665 - INFO - 投票结果: 选择路径 0, 答案: 60, 置信度: 1.0
2025-08-03 02:59:28,665 - INFO - 投票结果: 选择路径 0, 答案: 18, 置信度: 0.8
2025-08-03 02:59:28,665 - INFO - 投票结果: 选择路径 0, 答案: 16, 置信度: 1.0
2025-08-03 02:59:28,666 - INFO - 投票结果: 选择路径 0, 答案: 50, 置信度: 0.4
2025-08-03 02:59:28,666 - INFO - 投票结果: 选择路径 0, 答案: 23, 置信度: 1.0
2025-08-03 02:59:28,666 - INFO - 投票结果: 选择路径 0, 答案: 100, 置信度: 1.0
2025-08-03 02:59:28,667 - INFO - 投票结果: 选择路径 0, 答案: 96, 置信度: 1.0
2025-08-03 02:59:28,667 - INFO - 投票结果: 选择路径 0, 答案: 42, 置信度: 1.0
2025-08-03 02:59:28,667 - INFO - 投票结果: 选择路径 0, 答案: 26, 置信度: 0.8
2025-08-03 02:59:28,667 - INFO - 投票结果: 选择路径 1, 答案: 144, 置信度: 0.4
2025-08-03 02:59:28,668 - INFO - 投票结果: 选择路径 0, 答案: 245, 置信度: 1.0
2025-08-03 02:59:28,668 - INFO - 投票结果: 选择路径 1, 答案: 19, 置信度: 0.5
2025-08-03 02:59:28,668 - INFO - 投票结果: 选择路径 0, 答案: 50000, 置信度: 0.8
2025-08-03 02:59:28,669 - INFO - 投票结果: 选择路径 0, 答案: 168, 置信度: 1.0
2025-08-03 02:59:28,669 - INFO - 投票结果: 选择路径 0, 答案: 12, 置信度: 1.0
2025-08-03 02:59:28,669 - INFO - 投票结果: 选择路径 0, 答案: 2, 置信度: 0.5
2025-08-03 02:59:28,669 - INFO - 投票结果: 选择路径 0, 答案: 10, 置信度: 1.0
2025-08-03 02:59:28,670 - INFO - 投票结果: 选择路径 0, 答案: 14, 置信度: 1.0
2025-08-03 02:59:28,670 - INFO - 投票结果: 选择路径 0, 答案: 25, 置信度: 1.0
2025-08-03 02:59:28,670 - INFO - 投票结果: 选择路径 0, 答案: 10, 置信度: 0.6
2025-08-03 02:59:28,671 - INFO - 投票结果: 选择路径 0, 答案: 700, 置信度: 1.0
2025-08-03 02:59:28,671 - INFO - 投票结果: 选择路径 0, 答案: 7, 置信度: 0.6
2025-08-03 02:59:28,671 - INFO - 投票结果: 选择路径 4, 答案: 2.86, 置信度: 0.2
2025-08-03 02:59:28,672 - INFO - 投票结果: 选择路径 0, 答案: 30, 置信度: 1.0
2025-08-03 02:59:28,672 - INFO - 投票结果: 选择路径 0, 答案: 800, 置信度: 1.0
2025-08-03 02:59:28,672 - INFO - 投票结果: 选择路径 0, 答案: 295, 置信度: 0.9
2025-08-03 02:59:28,673 - INFO - 投票结果: 选择路径 0, 答案: 101, 置信度: 1.0
2025-08-03 02:59:28,673 - INFO - 投票结果: 选择路径 0, 答案: 20, 置信度: 1.0
2025-08-03 02:59:28,673 - INFO - 投票结果: 选择路径 0, 答案: 90, 置信度: 1.0
2025-08-03 02:59:28,673 - INFO - 投票结果: 选择路径 0, 答案: 3, 置信度: 0.9
2025-08-03 02:59:28,674 - INFO - 投票结果: 选择路径 0, 答案: 24, 置信度: 1.0
2025-08-03 02:59:28,674 - INFO - 投票结果: 选择路径 0, 答案: 36000, 置信度: 1.0
2025-08-03 02:59:28,674 - INFO - 投票结果: 选择路径 0, 答案: 354, 置信度: 1.0
2025-08-03 02:59:28,675 - INFO - 投票结果: 选择路径 0, 答案: 2, 置信度: 1.0
2025-08-03 02:59:28,675 - INFO - 投票结果: 选择路径 0, 答案: 8, 置信度: 1.0
2025-08-03 02:59:28,675 - INFO - 投票结果: 选择路径 0, 答案: 21, 置信度: 1.0
2025-08-03 02:59:28,675 - INFO - 投票结果: 选择路径 0, 答案: 153, 置信度: 1.0
2025-08-03 02:59:28,676 - INFO - 投票结果: 选择路径 0, 答案: 24, 置信度: 0.8
2025-08-03 02:59:28,676 - INFO - 投票结果: 选择路径 0, 答案: 2, 置信度: 1.0
2025-08-03 02:59:28,676 - INFO - 投票结果: 选择路径 0, 答案: 60, 置信度: 1.0
2025-08-03 02:59:28,677 - INFO - 投票结果: 选择路径 0, 答案: 750, 置信度: 1.0
2025-08-03 02:59:28,677 - INFO - 投票结果: 选择路径 0, 答案: 30, 置信度: 1.0
2025-08-03 02:59:28,677 - INFO - 投票结果: 选择路径 0, 答案: 120, 置信度: 1.0
2025-08-03 02:59:28,677 - INFO - 投票结果: 选择路径 2, 答案: 43500, 置信度: 0.5
2025-08-03 02:59:28,678 - INFO - 投票结果: 选择路径 0, 答案: 26, 置信度: 1.0
2025-08-03 02:59:28,678 - INFO - 投票结果: 选择路径 0, 答案: 20, 置信度: 0.4
2025-08-03 02:59:28,678 - INFO - 投票结果: 选择路径 0, 答案: 77, 置信度: 1.0
2025-08-03 02:59:28,679 - INFO - 投票结果: 选择路径 0, 答案: 72, 置信度: 1.0
2025-08-03 02:59:28,679 - INFO - 投票结果: 选择路径 0, 答案: 6, 置信度: 1.0
2025-08-03 02:59:28,679 - INFO - 投票结果: 选择路径 0, 答案: 12, 置信度: 1.0
2025-08-03 02:59:28,679 - INFO - 投票结果: 选择路径 0, 答案: 9, 置信度: 0.6
2025-08-03 02:59:28,680 - INFO - 投票结果: 选择路径 0, 答案: 203, 置信度: 1.0
2025-08-03 02:59:28,680 - INFO - 投票结果: 选择路径 0, 答案: 34, 置信度: 0.9
2025-08-03 02:59:28,680 - INFO - 投票结果: 选择路径 0, 答案: 160, 置信度: 1.0
2025-08-03 02:59:28,681 - INFO - 投票结果: 选择路径 0, 答案: 2, 置信度: 0.2
2025-08-03 02:59:28,681 - INFO - 投票结果: 选择路径 0, 答案: 38, 置信度: 1.0
2025-08-03 02:59:28,681 - INFO - 投票结果: 选择路径 0, 答案: 15, 置信度: 1.0
2025-08-03 02:59:28,681 - INFO - 投票结果: 选择路径 0, 答案: 21, 置信度: 0.9
2025-08-03 02:59:28,682 - INFO - 投票结果: 选择路径 0, 答案: 570, 置信度: 1.0
2025-08-03 02:59:28,682 - INFO - 投票结果: 选择路径 0, 答案: 8, 置信度: 0.3
2025-08-03 02:59:28,682 - INFO - 投票结果: 选择路径 0, 答案: 14, 置信度: 1.0
2025-08-03 02:59:28,683 - INFO - 投票结果: 选择路径 0, 答案: 50, 置信度: 0.7
2025-08-03 02:59:28,683 - INFO - 投票结果: 选择路径 0, 答案: 320, 置信度: 1.0
2025-08-03 02:59:28,683 - INFO - 投票结果: 选择路径 0, 答案: 5, 置信度: 0.8
2025-08-03 02:59:28,684 - INFO - 投票结果: 选择路径 0, 答案: 29, 置信度: 1.0
2025-08-03 02:59:28,684 - INFO - 投票结果: 选择路径 0, 答案: 565, 置信度: 1.0
2025-08-03 02:59:28,684 - INFO - 投票结果: 选择路径 0, 答案: 10080, 置信度: 0.4
2025-08-03 02:59:28,684 - INFO - 投票结果: 选择路径 0, 答案: 250, 置信度: 1.0
2025-08-03 02:59:28,685 - INFO - 投票结果: 选择路径 0, 答案: 42, 置信度: 0.8
2025-08-03 02:59:28,685 - INFO - 投票结果: 选择路径 0, 答案: 9, 置信度: 1.0
2025-08-03 02:59:28,685 - INFO - 投票结果: 选择路径 0, 答案: 24, 置信度: 0.8
2025-08-03 02:59:28,686 - INFO - 投票结果: 选择路径 0, 答案: 145, 置信度: 1.0
2025-08-03 02:59:28,686 - INFO - 投票结果: 选择路径 0, 答案: 5, 置信度: 1.0
2025-08-03 02:59:28,686 - INFO - 投票结果: 选择路径 0, 答案: 22, 置信度: 1.0
2025-08-03 02:59:28,686 - INFO - 投票结果: 选择路径 0, 答案: 800, 置信度: 1.0
2025-08-03 02:59:28,687 - INFO - 投票结果: 选择路径 0, 答案: 20, 置信度: 1.0
2025-08-03 02:59:28,687 - INFO - 投票结果: 选择路径 0, 答案: 90, 置信度: 1.0
2025-08-03 02:59:28,687 - INFO - 投票结果: 选择路径 0, 答案: 357, 置信度: 1.0
2025-08-03 02:59:28,688 - INFO - 投票结果: 选择路径 0, 答案: 5, 置信度: 1.0
2025-08-03 02:59:28,688 - INFO - 投票结果: 选择路径 0, 答案: 31, 置信度: 0.4
2025-08-03 02:59:28,688 - INFO - 投票结果: 选择路径 0, 答案: 796, 置信度: 1.0
2025-08-03 02:59:28,688 - INFO - 投票结果: 选择路径 4, 答案: 2, 置信度: 0.2
2025-08-03 02:59:28,689 - INFO - 投票结果: 选择路径 0, 答案: 45, 置信度: 1.0
2025-08-03 02:59:28,689 - INFO - 投票结果: 选择路径 0, 答案: 40, 置信度: 1.0
2025-08-03 02:59:28,689 - INFO - 投票结果: 选择路径 0, 答案: 95, 置信度: 1.0
2025-08-03 02:59:28,690 - INFO - 投票结果: 选择路径 0, 答案: 38, 置信度: 0.2
2025-08-03 02:59:28,690 - INFO - 投票结果: 选择路径 0, 答案: 80, 置信度: 1.0
2025-08-03 02:59:28,690 - INFO - 投票结果: 选择路径 0, 答案: 15, 置信度: 1.0
2025-08-03 02:59:28,690 - INFO - 投票结果: 选择路径 0, 答案: 220, 置信度: 1.0
2025-08-03 02:59:28,691 - INFO - 投票结果: 选择路径 0, 答案: 180, 置信度: 1.0
2025-08-03 02:59:28,691 - INFO - 投票结果: 选择路径 0, 答案: 22, 置信度: 1.0
2025-08-03 02:59:28,691 - INFO - 投票结果: 选择路径 0, 答案: 25, 置信度: 1.0
2025-08-03 02:59:28,692 - INFO - 投票结果: 选择路径 0, 答案: 10000, 置信度: 1.0
2025-08-03 02:59:28,692 - INFO - 投票结果: 选择路径 4, 答案: 576, 置信度: 0.6
2025-08-03 02:59:28,692 - INFO - 投票结果: 选择路径 0, 答案: 600, 置信度: 0.4
2025-08-03 02:59:28,692 - INFO - 投票结果: 选择路径 0, 答案: 1200, 置信度: 1.0
2025-08-03 02:59:28,693 - INFO - 投票结果: 选择路径 0, 答案: 40, 置信度: 0.9
2025-08-03 02:59:28,693 - INFO - 投票结果: 选择路径 0, 答案: 23, 置信度: 0.9
2025-08-03 02:59:28,693 - INFO - 投票结果: 选择路径 0, 答案: 660, 置信度: 1.0
2025-08-03 02:59:28,694 - INFO - 投票结果: 选择路径 0, 答案: 1140, 置信度: 1.0
2025-08-03 02:59:28,694 - INFO - 投票结果: 选择路径 0, 答案: 23, 置信度: 1.0
2025-08-03 02:59:28,694 - INFO - 投票结果: 选择路径 0, 答案: 22, 置信度: 0.9
2025-08-03 02:59:28,695 - INFO - 投票结果: 选择路径 0, 答案: 44, 置信度: 1.0
2025-08-03 02:59:28,695 - INFO - 投票结果: 选择路径 0, 答案: 1, 置信度: 1.0
2025-08-03 02:59:28,695 - INFO - 投票结果: 选择路径 0, 答案: 16, 置信度: 1.0
2025-08-03 02:59:28,695 - INFO - 投票结果: 选择路径 0, 答案: 10, 置信度: 1.0
2025-08-03 02:59:28,696 - INFO - 投票结果: 选择路径 0, 答案: 1200, 置信度: 1.0
2025-08-03 02:59:28,696 - INFO - 投票结果: 选择路径 0, 答案: 12, 置信度: 1.0
2025-08-03 02:59:28,696 - INFO - 投票结果: 选择路径 0, 答案: 1260, 置信度: 1.0
2025-08-03 02:59:28,697 - INFO - 投票结果: 选择路径 0, 答案: 32, 置信度: 1.0
2025-08-03 02:59:28,697 - INFO - 投票结果: 选择路径 0, 答案: 10000, 置信度: 1.0
2025-08-03 02:59:28,697 - INFO - 投票结果: 选择路径 0, 答案: 315, 置信度: 0.4
2025-08-03 02:59:28,697 - INFO - 投票结果: 选择路径 1, 答案: 18, 置信度: 0.7
2025-08-03 02:59:28,698 - INFO - 投票结果: 选择路径 0, 答案: 2040, 置信度: 1.0
2025-08-03 02:59:28,698 - INFO - 投票结果: 选择路径 0, 答案: 60, 置信度: 1.0
2025-08-03 02:59:28,698 - INFO - 投票结果: 选择路径 2, 答案: 60, 置信度: 0.5
2025-08-03 02:59:28,699 - INFO - 投票结果: 选择路径 0, 答案: 160, 置信度: 0.5
2025-08-03 02:59:28,699 - INFO - 投票结果: 选择路径 0, 答案: 160, 置信度: 0.4
2025-08-03 02:59:28,699 - INFO - 投票结果: 选择路径 0, 答案: 20, 置信度: 1.0
2025-08-03 02:59:28,699 - INFO - 投票结果: 选择路径 0, 答案: 160, 置信度: 1.0
2025-08-03 02:59:28,700 - INFO - 投票结果: 选择路径 0, 答案: 108, 置信度: 1.0
2025-08-03 02:59:28,700 - INFO - 投票结果: 选择路径 0, 答案: 768, 置信度: 1.0
2025-08-03 02:59:28,700 - INFO - 投票结果: 选择路径 0, 答案: 20, 置信度: 1.0
2025-08-03 02:59:28,701 - INFO - 投票结果: 选择路径 0, 答案: 32, 置信度: 0.2
2025-08-03 02:59:28,701 - INFO - 投票结果: 选择路径 0, 答案: 585, 置信度: 1.0
2025-08-03 02:59:28,701 - INFO - 投票结果: 选择路径 0, 答案: 125000, 置信度: 1.0
2025-08-03 02:59:28,702 - INFO - 投票结果: 选择路径 0, 答案: 15, 置信度: 0.9
2025-08-03 02:59:28,702 - INFO - 投票结果: 选择路径 0, 答案: 20, 置信度: 1.0
2025-08-03 02:59:28,702 - INFO - 投票结果: 选择路径 0, 答案: 22, 置信度: 0.8
2025-08-03 02:59:28,702 - INFO - 投票结果: 选择路径 0, 答案: 94, 置信度: 0.5
2025-08-03 02:59:28,703 - INFO - 投票结果: 选择路径 0, 答案: 32, 置信度: 0.9
2025-08-03 02:59:28,703 - INFO - 投票结果: 选择路径 0, 答案: 27, 置信度: 0.9
2025-08-03 02:59:28,703 - INFO - 投票结果: 选择路径 0, 答案: 400, 置信度: 1.0
2025-08-03 02:59:28,704 - INFO - 投票结果: 选择路径 0, 答案: 40, 置信度: 1.0
2025-08-03 02:59:28,704 - INFO - 投票结果: 选择路径 0, 答案: 4, 置信度: 0.9
2025-08-03 02:59:28,704 - INFO - 投票结果: 选择路径 0, 答案: 60, 置信度: 1.0
2025-08-03 02:59:28,705 - INFO - 投票结果: 选择路径 0, 答案: 80, 置信度: 0.9
2025-08-03 02:59:28,705 - INFO - 投票结果: 选择路径 0, 答案: 20, 置信度: 1.0
2025-08-03 02:59:28,705 - INFO - 投票结果: 选择路径 2, 答案: 250, 置信度: 0.2
2025-08-03 02:59:28,705 - INFO - 投票结果: 选择路径 2, 答案: 63, 置信度: 0.3
2025-08-03 02:59:28,706 - INFO - 投票结果: 选择路径 0, 答案: 40, 置信度: 1.0
2025-08-03 02:59:28,706 - INFO - 投票结果: 选择路径 0, 答案: 138, 置信度: 1.0
2025-08-03 02:59:28,706 - INFO - 投票结果: 选择路径 6, 答案: 54, 置信度: 0.3
2025-08-03 02:59:28,707 - INFO - 投票结果: 选择路径 0, 答案: 480, 置信度: 1.0
2025-08-03 02:59:28,707 - INFO - 投票结果: 选择路径 1, 答案: 7, 置信度: 0.7
2025-08-03 02:59:28,707 - INFO - 投票结果: 选择路径 0, 答案: 5, 置信度: 1.0
2025-08-03 02:59:28,707 - INFO - 投票结果: 选择路径 0, 答案: 45, 置信度: 1.0
2025-08-03 02:59:28,708 - INFO - 投票结果: 选择路径 0, 答案: 7100, 置信度: 1.0
2025-08-03 02:59:28,708 - INFO - 投票结果: 选择路径 0, 答案: 8, 置信度: 1.0
2025-08-03 02:59:28,708 - INFO - 投票结果: 选择路径 0, 答案: 40, 置信度: 1.0
2025-08-03 02:59:28,709 - INFO - 投票结果: 选择路径 0, 答案: 1100, 置信度: 1.0
2025-08-03 02:59:28,709 - INFO - 投票结果: 选择路径 0, 答案: 1500, 置信度: 0.7
2025-08-03 02:59:28,709 - INFO - 投票结果: 选择路径 0, 答案: 90, 置信度: 1.0
2025-08-03 02:59:28,710 - INFO - 投票结果: 选择路径 0, 答案: 131, 置信度: 1.0
2025-08-03 02:59:28,710 - INFO - 投票结果: 选择路径 0, 答案: 48, 置信度: 1.0
2025-08-03 02:59:28,710 - INFO - 投票结果: 选择路径 0, 答案: 56000, 置信度: 0.4
2025-08-03 02:59:28,710 - INFO - 投票结果: 选择路径 0, 答案: 205, 置信度: 0.9
2025-08-03 02:59:28,711 - INFO - 投票结果: 选择路径 0, 答案: 20, 置信度: 0.4
2025-08-03 02:59:28,711 - INFO - 投票结果: 选择路径 0, 答案: 30, 置信度: 1.0
2025-08-03 02:59:28,711 - INFO - 投票结果: 选择路径 0, 答案: 255, 置信度: 1.0
2025-08-03 02:59:28,712 - INFO - 投票结果: 选择路径 0, 答案: 82, 置信度: 0.9
2025-08-03 02:59:28,712 - INFO - 投票结果: 选择路径 0, 答案: 20, 置信度: 1.0
2025-08-03 02:59:28,712 - INFO - 投票结果: 选择路径 1, 答案: 12, 置信度: 0.5
2025-08-03 02:59:28,712 - INFO - 投票结果: 选择路径 0, 答案: 97, 置信度: 1.0
2025-08-03 02:59:28,713 - INFO - 投票结果: 选择路径 0, 答案: 14, 置信度: 1.0
2025-08-03 02:59:28,713 - INFO - 投票结果: 选择路径 0, 答案: 70, 置信度: 1.0
2025-08-03 02:59:28,713 - INFO - 投票结果: 选择路径 2, 答案: 85, 置信度: 0.3
2025-08-03 02:59:28,714 - INFO - 投票结果: 选择路径 0, 答案: 800, 置信度: 1.0
2025-08-03 02:59:28,714 - INFO - 投票结果: 选择路径 0, 答案: 1240, 置信度: 1.0
2025-08-03 02:59:28,714 - INFO - 投票结果: 选择路径 0, 答案: 1000, 置信度: 0.8
2025-08-03 02:59:28,714 - INFO - 投票结果: 选择路径 0, 答案: 12, 置信度: 1.0
2025-08-03 02:59:28,715 - INFO - 投票结果: 选择路径 0, 答案: 45, 置信度: 1.0
2025-08-03 02:59:28,715 - INFO - 投票结果: 选择路径 0, 答案: 1500, 置信度: 1.0
2025-08-03 02:59:28,715 - INFO - 投票结果: 选择路径 0, 答案: 10, 置信度: 0.6
2025-08-03 02:59:28,716 - INFO - 投票结果: 选择路径 0, 答案: 9500, 置信度: 1.0
2025-08-03 02:59:28,716 - INFO - 投票结果: 选择路径 1, 答案: 78, 置信度: 0.7
2025-08-03 02:59:28,716 - INFO - 投票结果: 选择路径 0, 答案: 150, 置信度: 1.0
2025-08-03 02:59:28,717 - INFO - 投票结果: 选择路径 0, 答案: 8, 置信度: 0.9
2025-08-03 02:59:28,717 - INFO - 投票结果: 选择路径 1, 答案: 357, 置信度: 0.3
2025-08-03 02:59:28,717 - INFO - 投票结果: 选择路径 0, 答案: 320, 置信度: 1.0
2025-08-03 02:59:28,718 - INFO - 投票结果: 选择路径 0, 答案: 300, 置信度: 1.0
2025-08-03 02:59:28,718 - INFO - 投票结果: 选择路径 0, 答案: 60, 置信度: 1.0
2025-08-03 02:59:28,718 - INFO - 投票结果: 选择路径 0, 答案: 85, 置信度: 0.6
2025-08-03 02:59:28,718 - INFO - 投票结果: 选择路径 0, 答案: 20, 置信度: 0.8
2025-08-03 02:59:28,719 - INFO - 投票结果: 选择路径 0, 答案: 135, 置信度: 1.0
2025-08-03 02:59:28,719 - INFO - 投票结果: 选择路径 0, 答案: 20, 置信度: 1.0
2025-08-03 02:59:28,719 - INFO - 投票结果: 选择路径 0, 答案: 64, 置信度: 1.0
2025-08-03 02:59:28,720 - INFO - 投票结果: 选择路径 0, 答案: 53, 置信度: 0.4
2025-08-03 02:59:28,720 - INFO - 投票结果: 选择路径 0, 答案: 32, 置信度: 0.9
2025-08-03 02:59:28,720 - INFO - 投票结果: 选择路径 1, 答案: 9400, 置信度: 0.5
2025-08-03 02:59:28,720 - INFO - 投票结果: 选择路径 0, 答案: 2756, 置信度: 1.0
2025-08-03 02:59:28,721 - INFO - 投票结果: 选择路径 1, 答案: 570, 置信度: 0.8
2025-08-03 02:59:28,721 - INFO - 投票结果: 选择路径 0, 答案: 159, 置信度: 1.0
2025-08-03 02:59:28,721 - INFO - 投票结果: 选择路径 0, 答案: 475, 置信度: 1.0
2025-08-03 02:59:28,722 - INFO - 投票结果: 选择路径 0, 答案: 5, 置信度: 0.6
2025-08-03 02:59:28,722 - INFO - 投票结果: 选择路径 0, 答案: 8, 置信度: 0.8
2025-08-03 02:59:28,722 - INFO - 投票结果: 选择路径 0, 答案: 8, 置信度: 0.9
2025-08-03 02:59:28,722 - INFO - 投票结果: 选择路径 1, 答案: 87, 置信度: 0.6
2025-08-03 02:59:28,723 - INFO - 投票结果: 选择路径 0, 答案: 195, 置信度: 0.2
2025-08-03 02:59:28,723 - INFO - 投票结果: 选择路径 0, 答案: 75, 置信度: 1.0
2025-08-03 02:59:28,723 - INFO - 投票结果: 选择路径 0, 答案: 15, 置信度: 1.0
2025-08-03 02:59:28,724 - INFO - 投票结果: 选择路径 0, 答案: 1200, 置信度: 1.0
2025-08-03 02:59:28,724 - INFO - 投票结果: 选择路径 0, 答案: 145, 置信度: 1.0
2025-08-03 02:59:28,724 - INFO - 投票结果: 选择路径 0, 答案: 15, 置信度: 1.0
2025-08-03 02:59:28,724 - INFO - 投票结果: 选择路径 0, 答案: 935, 置信度: 0.5
2025-08-03 02:59:28,725 - INFO - 投票结果: 选择路径 0, 答案: 12, 置信度: 1.0
2025-08-03 02:59:28,725 - INFO - 投票结果: 选择路径 0, 答案: 33, 置信度: 1.0
2025-08-03 02:59:28,725 - INFO - 投票结果: 选择路径 0, 答案: 623, 置信度: 0.8
2025-08-03 02:59:28,726 - INFO - 投票结果: 选择路径 0, 答案: 160, 置信度: 0.8
2025-08-03 02:59:28,726 - INFO - 投票结果: 选择路径 0, 答案: 21, 置信度: 1.0
2025-08-03 02:59:28,726 - INFO - 投票结果: 选择路径 0, 答案: 180, 置信度: 0.9
2025-08-03 02:59:28,726 - INFO - 投票结果: 选择路径 0, 答案: 12, 置信度: 1.0
2025-08-03 02:59:28,727 - INFO - 投票结果: 选择路径 0, 答案: 22000, 置信度: 1.0
2025-08-03 02:59:28,727 - INFO - 投票结果: 选择路径 1, 答案: 554, 置信度: 0.8
2025-08-03 02:59:28,727 - INFO - 投票结果: 选择路径 0, 答案: 62, 置信度: 1.0
2025-08-03 02:59:28,728 - INFO - 投票结果: 选择路径 0, 答案: 3, 置信度: 1.0
2025-08-03 02:59:28,728 - INFO - 投票结果: 选择路径 0, 答案: 90, 置信度: 1.0
2025-08-03 02:59:28,728 - INFO - 投票结果: 选择路径 0, 答案: 4000, 置信度: 0.9
2025-08-03 02:59:28,728 - INFO - 投票结果: 选择路径 0, 答案: 392, 置信度: 1.0
2025-08-03 02:59:28,729 - INFO - 投票结果: 选择路径 0, 答案: 111, 置信度: 1.0
2025-08-03 02:59:28,729 - INFO - 投票结果: 选择路径 0, 答案: 18, 置信度: 1.0
2025-08-03 02:59:28,729 - INFO - 投票结果: 选择路径 2, 答案: 12, 置信度: 0.6
2025-08-03 02:59:28,730 - INFO - 投票结果: 选择路径 0, 答案: 1, 置信度: 0.9
2025-08-03 02:59:28,730 - INFO - 投票结果: 选择路径 0, 答案: 9, 置信度: 1.0
2025-08-03 02:59:28,730 - INFO - 投票结果: 选择路径 0, 答案: 42, 置信度: 1.0
2025-08-03 02:59:28,730 - INFO - 投票结果: 选择路径 0, 答案: 21, 置信度: 1.0
2025-08-03 02:59:28,731 - INFO - 投票结果: 选择路径 0, 答案: 55, 置信度: 0.5
2025-08-03 02:59:28,731 - INFO - 投票结果: 选择路径 0, 答案: 18, 置信度: 0.9
2025-08-03 02:59:28,731 - INFO - 投票结果: 选择路径 0, 答案: 13, 置信度: 0.9
2025-08-03 02:59:28,732 - INFO - 投票结果: 选择路径 0, 答案: 26, 置信度: 0.9
2025-08-03 02:59:28,732 - INFO - 投票结果: 选择路径 0, 答案: 70, 置信度: 0.9
2025-08-03 02:59:28,732 - INFO - 投票结果: 选择路径 1, 答案: 54, 置信度: 0.6
2025-08-03 02:59:28,733 - INFO - 投票结果: 选择路径 0, 答案: 1, 置信度: 1.0
2025-08-03 02:59:28,733 - INFO - 投票结果: 选择路径 0, 答案: 3000, 置信度: 0.8
2025-08-03 02:59:28,733 - INFO - 投票结果: 选择路径 0, 答案: 6, 置信度: 0.4
2025-08-03 02:59:28,734 - INFO - 投票结果: 选择路径 0, 答案: 5, 置信度: 1.0
2025-08-03 02:59:28,734 - INFO - 投票结果: 选择路径 4, 答案: 850000, 置信度: 0.5
2025-08-03 02:59:28,734 - INFO - 投票结果: 选择路径 0, 答案: 3, 置信度: 1.0
2025-08-03 02:59:28,735 - INFO - 投票结果: 选择路径 0, 答案: 2, 置信度: 0.8
2025-08-03 02:59:28,735 - INFO - 投票结果: 选择路径 1, 答案: 3, 置信度: 0.7
2025-08-03 02:59:28,735 - INFO - 投票结果: 选择路径 0, 答案: 546, 置信度: 0.7
2025-08-03 02:59:28,735 - INFO - 投票结果: 选择路径 3, 答案: 35, 置信度: 0.4
2025-08-03 02:59:28,736 - INFO - 投票结果: 选择路径 0, 答案: 160, 置信度: 1.0
2025-08-03 02:59:28,736 - INFO - 投票结果: 选择路径 0, 答案: 100, 置信度: 1.0
2025-08-03 02:59:28,736 - INFO - 投票结果: 选择路径 0, 答案: 53, 置信度: 1.0
2025-08-03 02:59:28,737 - INFO - 投票结果: 选择路径 0, 答案: 2, 置信度: 1.0
2025-08-03 02:59:28,737 - INFO - 投票结果: 选择路径 0, 答案: 80, 置信度: 1.0
2025-08-03 02:59:28,737 - INFO - 投票结果: 选择路径 0, 答案: 21, 置信度: 1.0
2025-08-03 02:59:28,737 - INFO - 投票结果: 选择路径 0, 答案: 35, 置信度: 1.0
2025-08-03 02:59:28,738 - INFO - 投票结果: 选择路径 2, 答案: 420000, 置信度: 0.6
2025-08-03 02:59:28,738 - INFO - 投票结果: 选择路径 0, 答案: 8, 置信度: 1.0
2025-08-03 02:59:28,738 - INFO - 投票结果: 选择路径 0, 答案: 48, 置信度: 1.0
2025-08-03 02:59:28,739 - INFO - 投票结果: 选择路径 2, 答案: 10, 置信度: 0.6
2025-08-03 02:59:28,739 - INFO - 投票结果: 选择路径 0, 答案: 150, 置信度: 1.0
2025-08-03 02:59:28,739 - INFO - 投票结果: 选择路径 0, 答案: 95, 置信度: 0.4
2025-08-03 02:59:28,740 - INFO - 投票结果: 选择路径 0, 答案: 112, 置信度: 1.0
2025-08-03 02:59:28,740 - INFO - 投票结果: 选择路径 0, 答案: 40, 置信度: 1.0
2025-08-03 02:59:28,740 - INFO - 投票结果: 选择路径 0, 答案: 160, 置信度: 1.0
2025-08-03 02:59:28,740 - INFO - 投票结果: 选择路径 0, 答案: 6, 置信度: 0.9
2025-08-03 02:59:28,741 - INFO - 投票结果: 选择路径 1, 答案: 4, 置信度: 0.9
2025-08-03 02:59:28,741 - INFO - 投票结果: 选择路径 0, 答案: 3, 置信度: 1.0
2025-08-03 02:59:28,741 - INFO - 投票结果: 选择路径 0, 答案: 4800, 置信度: 0.9
2025-08-03 02:59:28,742 - INFO - 投票结果: 选择路径 0, 答案: 10, 置信度: 1.0
2025-08-03 02:59:28,742 - INFO - 投票结果: 选择路径 0, 答案: 16, 置信度: 0.9
2025-08-03 02:59:28,742 - INFO - 投票结果: 选择路径 1, 答案: 48, 置信度: 0.4
2025-08-03 02:59:28,742 - INFO - 投票结果: 选择路径 0, 答案: 55, 置信度: 0.3
2025-08-03 02:59:28,743 - INFO - 投票结果: 选择路径 1, 答案: 87, 置信度: 0.8
2025-08-03 02:59:28,743 - INFO - 投票结果: 选择路径 0, 答案: 6, 置信度: 0.5
2025-08-03 02:59:28,743 - INFO - 投票结果: 选择路径 0, 答案: 29, 置信度: 1.0
2025-08-03 02:59:28,744 - INFO - 投票结果: 选择路径 0, 答案: 102, 置信度: 1.0
2025-08-03 02:59:28,744 - INFO - 投票结果: 选择路径 0, 答案: 62, 置信度: 1.0
2025-08-03 02:59:28,744 - INFO - 投票结果: 选择路径 0, 答案: 6000, 置信度: 0.8
2025-08-03 02:59:28,745 - INFO - 投票结果: 选择路径 0, 答案: 40, 置信度: 0.8
2025-08-03 02:59:28,745 - INFO - 投票结果: 选择路径 0, 答案: 6, 置信度: 1.0
2025-08-03 02:59:28,745 - INFO - 投票结果: 选择路径 0, 答案: 2340, 置信度: 0.4
2025-08-03 02:59:28,746 - INFO - 投票结果: 选择路径 0, 答案: 18, 置信度: 1.0
2025-08-03 02:59:28,746 - INFO - 投票结果: 选择路径 0, 答案: 1530, 置信度: 1.0
2025-08-03 02:59:28,746 - INFO - 投票结果: 选择路径 0, 答案: 85, 置信度: 1.0
2025-08-03 02:59:28,747 - INFO - 投票结果: 选择路径 0, 答案: 16.67, 置信度: 0.3
2025-08-03 02:59:28,747 - INFO - 投票结果: 选择路径 0, 答案: 4, 置信度: 0.9
2025-08-03 02:59:28,747 - INFO - 投票结果: 选择路径 0, 答案: 11, 置信度: 0.6
2025-08-03 02:59:28,747 - INFO - 投票结果: 选择路径 0, 答案: 720, 置信度: 1.0
2025-08-03 02:59:28,748 - INFO - 投票结果: 选择路径 0, 答案: 360, 置信度: 1.0
2025-08-03 02:59:28,748 - INFO - 投票结果: 选择路径 1, 答案: 4, 置信度: 0.7
2025-08-03 02:59:28,748 - INFO - 投票结果: 选择路径 0, 答案: 180, 置信度: 0.8
2025-08-03 02:59:28,749 - INFO - 投票结果: 选择路径 0, 答案: 360, 置信度: 1.0
2025-08-03 02:59:28,749 - INFO - 投票结果: 选择路径 1, 答案: 48, 置信度: 0.2
2025-08-03 02:59:28,749 - INFO - 投票结果: 选择路径 0, 答案: 60, 置信度: 0.6
2025-08-03 02:59:28,750 - INFO - 投票结果: 选择路径 1, 答案: 28, 置信度: 0.5
2025-08-03 02:59:28,750 - INFO - 投票结果: 选择路径 0, 答案: 60, 置信度: 1.0
2025-08-03 02:59:28,750 - INFO - 投票结果: 选择路径 0, 答案: 21, 置信度: 1.0
2025-08-03 02:59:28,750 - INFO - 投票结果: 选择路径 0, 答案: 185, 置信度: 0.3
2025-08-03 02:59:28,751 - INFO - 投票结果: 选择路径 0, 答案: 100, 置信度: 1.0
2025-08-03 02:59:28,751 - INFO - 投票结果: 选择路径 0, 答案: 16400, 置信度: 0.9
2025-08-03 02:59:28,751 - INFO - 投票结果: 选择路径 1, 答案: 110, 置信度: 0.6
2025-08-03 02:59:28,752 - INFO - 投票结果: 选择路径 2, 答案: 18, 置信度: 0.3
2025-08-03 02:59:28,752 - INFO - 投票结果: 选择路径 0, 答案: 4, 置信度: 0.6
2025-08-03 02:59:28,752 - INFO - 投票结果: 选择路径 0, 答案: 5, 置信度: 0.9
2025-08-03 02:59:28,752 - INFO - 投票结果: 选择路径 1, 答案: 50, 置信度: 0.8
2025-08-03 02:59:28,753 - INFO - 投票结果: 选择路径 0, 答案: 10, 置信度: 1.0
2025-08-03 02:59:28,753 - INFO - 投票结果: 选择路径 0, 答案: 300, 置信度: 1.0
2025-08-03 02:59:28,753 - INFO - 投票结果: 选择路径 0, 答案: 84, 置信度: 1.0
2025-08-03 02:59:28,754 - INFO - 投票结果: 选择路径 0, 答案: 21, 置信度: 0.9
2025-08-03 02:59:28,754 - INFO - 投票结果: 选择路径 0, 答案: 360, 置信度: 0.9
2025-08-03 02:59:28,754 - INFO - 投票结果: 选择路径 0, 答案: 320, 置信度: 0.9
2025-08-03 02:59:28,755 - INFO - 投票结果: 选择路径 0, 答案: 15, 置信度: 1.0
2025-08-03 02:59:28,755 - INFO - 投票结果: 选择路径 0, 答案: 40, 置信度: 1.0
2025-08-03 02:59:28,755 - INFO - 投票结果: 选择路径 2, 答案: 99, 置信度: 0.4
2025-08-03 02:59:28,755 - INFO - 投票结果: 选择路径 0, 答案: 54, 置信度: 1.0
2025-08-03 02:59:28,756 - INFO - 投票结果: 选择路径 0, 答案: 160, 置信度: 0.9
2025-08-03 02:59:28,756 - INFO - 投票结果: 选择路径 0, 答案: 36, 置信度: 1.0
2025-08-03 02:59:28,756 - INFO - 投票结果: 选择路径 0, 答案: 129, 置信度: 1.0
2025-08-03 02:59:28,757 - INFO - 投票结果: 选择路径 0, 答案: 60, 置信度: 0.3
2025-08-03 02:59:28,757 - INFO - 投票结果: 选择路径 0, 答案: 3, 置信度: 1.0
2025-08-03 02:59:28,757 - INFO - 投票结果: 选择路径 0, 答案: 51, 置信度: 0.4
2025-08-03 02:59:28,758 - INFO - 投票结果: 选择路径 0, 答案: 85.6, 置信度: 0.4
2025-08-03 02:59:28,758 - INFO - 投票结果: 选择路径 0, 答案: 10, 置信度: 0.9
2025-08-03 02:59:28,758 - INFO - 投票结果: 选择路径 0, 答案: 9, 置信度: 0.9
2025-08-03 02:59:28,758 - INFO - 投票结果: 选择路径 1, 答案: 1, 置信度: 0.9
2025-08-03 02:59:28,759 - INFO - 投票结果: 选择路径 0, 答案: 468, 置信度: 1.0
2025-08-03 02:59:28,759 - INFO - 投票结果: 选择路径 0, 答案: 60, 置信度: 1.0
2025-08-03 02:59:28,759 - INFO - 投票结果: 选择路径 0, 答案: 30, 置信度: 0.5
2025-08-03 02:59:28,760 - INFO - 投票结果: 选择路径 1, 答案: 1480, 置信度: 0.8
2025-08-03 02:59:28,760 - INFO - 投票结果: 选择路径 0, 答案: 70, 置信度: 0.8
2025-08-03 02:59:28,760 - INFO - 投票结果: 选择路径 0, 答案: 200, 置信度: 1.0
2025-08-03 02:59:28,760 - INFO - 投票结果: 选择路径 0, 答案: 240, 置信度: 1.0
2025-08-03 02:59:28,761 - INFO - 投票结果: 选择路径 0, 答案: 330, 置信度: 0.7
2025-08-03 02:59:28,761 - INFO - 投票结果: 选择路径 0, 答案: 15, 置信度: 1.0
2025-08-03 02:59:28,761 - INFO - 投票结果: 选择路径 0, 答案: 81, 置信度: 1.0
2025-08-03 02:59:28,762 - INFO - 投票结果: 选择路径 1, 答案: 224000, 置信度: 0.7
2025-08-03 02:59:28,762 - INFO - 投票结果: 选择路径 0, 答案: 34, 置信度: 0.5
2025-08-03 02:59:28,762 - INFO - 投票结果: 选择路径 0, 答案: 1350, 置信度: 1.0
2025-08-03 02:59:28,763 - INFO - 投票结果: 选择路径 1, 答案: 9, 置信度: 0.3
2025-08-03 02:59:28,763 - INFO - 投票结果: 选择路径 0, 答案: 245, 置信度: 0.9
2025-08-03 02:59:28,763 - INFO - 投票结果: 选择路径 2, 答案: 500, 置信度: 0.4
2025-08-03 02:59:28,764 - INFO - 投票结果: 选择路径 1, 答案: 16.08, 置信度: 0.8
2025-08-03 02:59:28,764 - INFO - 投票结果: 选择路径 0, 答案: 5, 置信度: 0.7
2025-08-03 02:59:28,764 - INFO - 投票结果: 选择路径 0, 答案: 398, 置信度: 0.7
2025-08-03 02:59:28,764 - INFO - 投票结果: 选择路径 0, 答案: 42, 置信度: 0.9
2025-08-03 02:59:28,765 - INFO - 投票结果: 选择路径 0, 答案: 183, 置信度: 1.0
2025-08-03 02:59:28,765 - INFO - 投票结果: 选择路径 0, 答案: 25, 置信度: 1.0
2025-08-03 02:59:28,765 - INFO - 投票结果: 选择路径 0, 答案: 828, 置信度: 1.0
2025-08-03 02:59:28,766 - INFO - 投票结果: 选择路径 0, 答案: 640, 置信度: 1.0
2025-08-03 02:59:28,766 - INFO - 投票结果: 选择路径 0, 答案: 260, 置信度: 0.8
2025-08-03 02:59:28,766 - INFO - 投票结果: 选择路径 0, 答案: 1600000, 置信度: 1.0
2025-08-03 02:59:28,766 - INFO - 投票结果: 选择路径 0, 答案: 4, 置信度: 0.5
2025-08-03 02:59:28,767 - INFO - 投票结果: 选择路径 0, 答案: 10, 置信度: 1.0
2025-08-03 02:59:28,767 - INFO - 投票结果: 选择路径 0, 答案: 742, 置信度: 1.0
2025-08-03 02:59:28,767 - INFO - 投票结果: 选择路径 0, 答案: 245, 置信度: 1.0
2025-08-03 02:59:28,768 - INFO - 投票结果: 选择路径 0, 答案: 250, 置信度: 1.0
2025-08-03 02:59:28,768 - INFO - 投票结果: 选择路径 1, 答案: 90, 置信度: 0.9
2025-08-03 02:59:28,768 - INFO - 投票结果: 选择路径 0, 答案: 300, 置信度: 0.9
2025-08-03 02:59:28,768 - INFO - 投票结果: 选择路径 0, 答案: 20, 置信度: 1.0
2025-08-03 02:59:28,769 - INFO - 投票结果: 选择路径 0, 答案: 760, 置信度: 1.0
2025-08-03 02:59:28,769 - INFO - 投票结果: 选择路径 0, 答案: 88, 置信度: 1.0
2025-08-03 02:59:28,769 - INFO - 投票结果: 选择路径 0, 答案: 9, 置信度: 0.7
2025-08-03 02:59:28,770 - INFO - 投票结果: 选择路径 0, 答案: 30, 置信度: 0.9
2025-08-03 02:59:28,770 - INFO - 投票结果: 选择路径 1, 答案: 45, 置信度: 0.6
2025-08-03 02:59:28,770 - INFO - 投票结果: 选择路径 0, 答案: 1050, 置信度: 1.0
2025-08-03 02:59:28,771 - INFO - 投票结果: 选择路径 0, 答案: 728, 置信度: 1.0
2025-08-03 02:59:28,771 - INFO - 投票结果: 选择路径 0, 答案: 19200, 置信度: 1.0
2025-08-03 02:59:28,771 - INFO - 投票结果: 选择路径 0, 答案: 5, 置信度: 1.0
2025-08-03 02:59:28,772 - INFO - 投票结果: 选择路径 0, 答案: 130, 置信度: 1.0
2025-08-03 02:59:28,772 - INFO - 投票结果: 选择路径 0, 答案: 22, 置信度: 0.7
2025-08-03 02:59:28,772 - INFO - 投票结果: 选择路径 2, 答案: 1100, 置信度: 0.4
2025-08-03 02:59:28,772 - INFO - 投票结果: 选择路径 0, 答案: 12, 置信度: 1.0
2025-08-03 02:59:28,773 - INFO - 
==================================================
2025-08-03 02:59:28,773 - INFO - 样本 6: Joe has $50 to buy an outfit for his new field trip. There is a 30% off sale at the clothing store. ...
2025-08-03 02:59:28,773 - INFO - 参考答案: The price of the two clothing items totals 35 + 25 = <<35+25=60>>60 dollars before discount.
The total sale discount comes to 60 * 0.3 = <<60*0.3=18>>18 dollars.
The final sale price comes to 60 - 18 = <<60-18=42>>42 dollars.
Joe ends up with 50 - 42 = <<50-42=8>>8 dollars change.
#### 8
2025-08-03 02:59:28,773 - INFO - 提取参考答案: 8
2025-08-03 02:59:28,774 - INFO - 生成答案: 

Step 1:First, read the problem and identify what we need to find. We need to find out how much money Joe will have left after the purchase.

Step 2:Next, set up equations and perform the calculation...
2025-08-03 02:59:28,774 - INFO - 提取答案: 4.64
2025-08-03 02:59:28,774 - INFO - 投票统计: {'voting_method': 'majority', 'best_answer': '4.64', 'vote_count': 5, 'total_paths': 10, 'valid_paths': 10, 'confidence': 0.5, 'answer_distribution': {'4.40': 1, '4.64': 5, '48': 2, '4.20': 1, '-6.70': 1}, 'selected_path_idx': 1}
2025-08-03 02:59:28,774 - INFO - ==================================================
2025-08-03 02:59:28,774 - INFO - 
==================================================
2025-08-03 02:59:28,775 - INFO - 样本 7: Carla is downloading a 200 GB file. Normally she can download 2 GB/minute, but 40% of the way throug...
2025-08-03 02:59:28,775 - INFO - 参考答案: First find how many gigabytes are in 40% of the file: 200 GB * 40% = <<200*40*.01=80>>80 GB
Then divide that number by the download rate to find the time until Windows restarts: 80 GB / 2 GB/minute = <<80/2=40>>40 minutes
Then find the time to download the whole file after the restart: 200 GB / 2 GB/minute = <<200/2=100>>100 minutes
Then add the time to download 40% of the file, to download the whole file, and to wait for Windows to update: 40 minutes + 100 minutes + 20 minutes = <<40+100+20=160>>160 minutes
#### 160
2025-08-03 02:59:28,775 - INFO - 提取参考答案: 160
2025-08-03 02:59:28,775 - INFO - 生成答案: 

Step 1:First, read the problem and identify what we need to find. We need to find the time it takes to download the file.

Step 2:Next, set up equations and perform the calculations. The first part ...
2025-08-03 02:59:28,775 - INFO - 提取答案: 220
2025-08-03 02:59:28,776 - INFO - 投票统计: {'voting_method': 'majority', 'best_answer': '220', 'vote_count': 7, 'total_paths': 10, 'valid_paths': 10, 'confidence': 0.7, 'answer_distribution': {'220': 7, '100': 2, '120': 1}, 'selected_path_idx': 0}
2025-08-03 02:59:28,776 - INFO - ==================================================
2025-08-03 02:59:28,776 - INFO - 
==================================================
2025-08-03 02:59:28,776 - INFO - 样本 13: Tom invites his parents and 3 siblings to his house.  They each eat 3 times a day.  How many plates ...
2025-08-03 02:59:28,777 - INFO - 参考答案: There were 1+2+3=<<1+2+3=6>>6 people at the house
That means they use 6*2=<<6*2=12>>12 plates per meal
So they use 12*3=<<12*3=36>>36 plates per day
That means they use 36*4=<<36*4=144>>144 plates for the visit
#### 144
2025-08-03 02:59:28,777 - INFO - 提取参考答案: 144
2025-08-03 02:59:28,777 - INFO - 生成答案: 

Step 1:First, read the problem and identify what we need to find. We need to find the total number of plates used by Tom and his guests.

Step 2:Next, set up equations and perform the calculations. ...
2025-08-03 02:59:28,777 - INFO - 提取答案: 120
2025-08-03 02:59:28,777 - INFO - 投票统计: {'voting_method': 'majority', 'best_answer': '120', 'vote_count': 3, 'total_paths': 10, 'valid_paths': 10, 'confidence': 0.3, 'answer_distribution': {'144': 1, '120': 3, '96': 3, '600': 2, '168': 1}, 'selected_path_idx': 1}
2025-08-03 02:59:28,778 - INFO - ==================================================
2025-08-03 02:59:28,778 - INFO - 
==================================================
2025-08-03 02:59:28,778 - INFO - 样本 17: Sofia and her mother go to the grocery store and buys 10kgs of oranges to be used in their home for ...
2025-08-03 02:59:28,778 - INFO - 参考答案: For the first week, they bought 10 + 5 = <<10+5=15>>15kgs.
For the next week, they bought twice the quantity of oranges which is 2*15 = <<2*15=30>>30kgs.
For the next two weeks, the total quantity of oranges bought is 30*2 = <<30*2=60>>60 kgs.
The total quantity for the three weeks is 60+15=<<60+15=75>>75 kgs
#### 75
2025-08-03 02:59:28,779 - INFO - 提取参考答案: 75
2025-08-03 02:59:28,779 - INFO - 生成答案: 

Step 1:First, read the problem and identify what we need to find. We need to find the total quantity of oranges they would have bought after three weeks.

Step 2:Next, set up equations and perform t...
2025-08-03 02:59:28,779 - INFO - 提取答案: 105
2025-08-03 02:59:28,779 - INFO - 投票统计: {'voting_method': 'majority', 'best_answer': '105', 'vote_count': 7, 'total_paths': 10, 'valid_paths': 10, 'confidence': 0.7, 'answer_distribution': {'105': 7, '75': 3}, 'selected_path_idx': 0}
2025-08-03 02:59:28,779 - INFO - ==================================================
2025-08-03 02:59:28,780 - INFO - 
==================================================
2025-08-03 02:59:28,780 - INFO - 样本 37: Nathan is buying decorations for his wedding reception. The reception hall will have 20 tables. Each...
2025-08-03 02:59:28,780 - INFO - 参考答案: First find how much the roses for one centerpiece cost: $5/rose * 10 roses = $<<5*10=50>>50
Then find how much the lilies for one centerpiece cost: $4/rose * 15 roses = $<<4*15=60>>60
Then find how much the table settings for one table cost: 4 settings * $10/setting = $<<4*10=40>>40
Then add the cost of both types of flowers, the place settings, and the tablecloth to find the total cost per table: $50 + $60 + $40 + $25 = $<<50+60+40+25=175>>175
Then multiply the cost per table by the number of tables to find the total cost: $175/table * 20 tables = $<<175*20=3500>>3500
#### 3500
2025-08-03 02:59:28,781 - INFO - 提取参考答案: 3500
2025-08-03 02:59:28,781 - INFO - 生成答案: 

Step 1:First, read the problem and identify what we need to find. We need to find the total cost of the decorations.

Step 2:Next, set up equations and perform the calculations. The cost of the tabl...
2025-08-03 02:59:28,781 - INFO - 提取答案: 1410
2025-08-03 02:59:28,781 - INFO - 投票统计: {'voting_method': 'majority', 'best_answer': '1410', 'vote_count': 8, 'total_paths': 10, 'valid_paths': 10, 'confidence': 0.8, 'answer_distribution': {'1410': 8, '3500': 2}, 'selected_path_idx': 0}
2025-08-03 02:59:28,781 - INFO - ==================================================
2025-08-03 02:59:28,782 - INFO - 
==================================================
2025-08-03 02:59:28,782 - INFO - 样本 45: The cost of transporting 80 bags of cement, each weighing 50 kgs, is $6000. What's the cost of trans...
2025-08-03 02:59:28,782 - INFO - 参考答案: Three times as many cement bags is 3*80 = <<3*80=240>>240 cement bags.
If a bag of cement weighs 50 kg, 3/5 times as much weight is 3/5*50 = <<3/5*50=30>>30 kgs.
If the cost of transporting 80 bags of cement, each weighing 50 kgs, is $6000, the cost of transporting one bag of cement weighing 50 kg is $6000/80 = $<<6000/80=75>>75
Since a bag weighing 50 kgs costs $75 to transport, a bag weighing 30 kgs will cost 30* $75/50 = $<<30*75/50=45>>45 to transport.
The cost of transporting 240 cement bags each weighing 30 kgs is $45*240 = $<<45*240=10800>>10800
#### 10800
2025-08-03 02:59:28,782 - INFO - 提取参考答案: 10800
2025-08-03 02:59:28,783 - INFO - 生成答案: 

Step 1:First, read the problem and identify what we need to find. We need to find the cost of transporting three times as many cement bags, each weighing 3/5 times as many kgs.

Step 2:Next, set up ...
2025-08-03 02:59:28,783 - INFO - 提取答案: 54000
2025-08-03 02:59:28,783 - INFO - 投票统计: {'voting_method': 'majority', 'best_answer': '54000', 'vote_count': 2, 'total_paths': 10, 'valid_paths': 10, 'confidence': 0.2, 'answer_distribution': {'27000': 1, '7200': 1, '225': 1, '54000': 2, '5400': 2, '18000': 1, '10800': 2}, 'selected_path_idx': 3}
2025-08-03 02:59:28,783 - INFO - ==================================================
2025-08-03 02:59:28,783 - INFO - 
==================================================
2025-08-03 02:59:28,784 - INFO - 样本 46: For a New Year's resolution, Andy wants to lose 30 lbs. by his birthday, which is July 19th. Today i...
2025-08-03 02:59:28,784 - INFO - 参考答案: January, March, and May have 31 days, February has 28, and April and June have 30, and Andy's birthday is on the 19th day of July. So there are 3 * 31 days + 28 + 2 * 30 days + 19 days = 93 days + 28 + 60 days + 19 days = <<3*31+28+2*30+19=200>>200 days until Andy's birthday.
He wants to lose 30 lbs. At 3500 calories per pound, this is 30 * 3500 = <<30*3500=105000>>105,000 calories total,
To reach his goal, he will have to burn 105,000 calories / 200 days = <<105000/200=525>>525 calories per day more than he consumes.
#### 525
2025-08-03 02:59:28,784 - INFO - 提取参考答案: 525
2025-08-03 02:59:28,784 - INFO - 生成答案: 

Step 1:First, read the problem and identify what we need to find. We need to find the number of calorie deficits Andy needs each day to lose 30 lbs.

Step 2:Next, set up equations and perform the ca...
2025-08-03 02:59:28,785 - INFO - 提取答案: 500
2025-08-03 02:59:28,785 - INFO - 投票统计: {'voting_method': 'majority', 'best_answer': '500', 'vote_count': 1, 'total_paths': 10, 'valid_paths': 10, 'confidence': 0.1, 'answer_distribution': {'500': 1, '494': 1, '389': 1, '493': 1, '630': 1, '576': 1, '575': 1, '950': 1, '1153': 1, '579': 1}, 'selected_path_idx': 0}
2025-08-03 02:59:28,785 - INFO - ==================================================
2025-08-03 02:59:28,785 - INFO - 
==================================================
2025-08-03 02:59:28,785 - INFO - 样本 53: John wins an award at work.  The award has a 1 time monetary reward of $5000 and a 5% raise in salar...
2025-08-03 02:59:28,786 - INFO - 参考答案: He makes 2000*52=$<<2000*52=104000>>104,000 a year
So the raise is worth .05*104,000=$<<.05*104000=5200>>5200
So he makes 104,000+5200=$<<104000+5200=109200>>109,200 from his salary
So in total he made 109,200+5,000=$<<109200+5000=114200>>114,200
#### 114,200
2025-08-03 02:59:28,786 - INFO - 提取参考答案: 114200
2025-08-03 02:59:28,786 - INFO - 生成答案: 

Step 1:First, read the problem and identify what we need to find. We need to find the total amount of money John made that year.

Step 2:Next, set up equations and perform the calculations. John's w...
2025-08-03 02:59:28,786 - INFO - 提取答案: 110000
2025-08-03 02:59:28,787 - INFO - 投票统计: {'voting_method': 'majority', 'best_answer': '110000', 'vote_count': 3, 'total_paths': 10, 'valid_paths': 10, 'confidence': 0.3, 'answer_distribution': {'110000': 3, '114000': 1, '106200': 2, '213800': 1, '105000': 1, '110200': 2}, 'selected_path_idx': 0}
2025-08-03 02:59:28,787 - INFO - ==================================================
2025-08-03 02:59:28,787 - INFO - 
==================================================
2025-08-03 02:59:28,787 - INFO - 样本 54: A merchant wants to make a choice of purchase between 2 purchase plans: jewelry worth $5,000 or elec...
2025-08-03 02:59:28,787 - INFO - 参考答案: If he purchases jewelry, he will make a profit of 2.5% which is $5000*(2.5/100) = $<<5000*(2.5/100)=125>>125
If he purchases electronic gadgets, he will make a profit of 1.2% which is $8000*(1.2/100) = $<<8000*(1.2/100)=96>>96
If he wants to maximize profit, since $125 > $96, he will choose to purchase jewelry, thereby making a profit of $<<125=125>>125
#### 125
2025-08-03 02:59:28,788 - INFO - 提取参考答案: 125
2025-08-03 02:59:28,788 - INFO - 生成答案: 

Step 1:First, read the problem and identify what we need to find. We need to find the maximum profit the merchant can make by choosing one of the two purchase plans.

Step 2:Next, set up equations a...
2025-08-03 02:59:28,788 - INFO - 提取答案: 160
2025-08-03 02:59:28,788 - INFO - 投票统计: {'voting_method': 'majority', 'best_answer': '160', 'vote_count': 2, 'total_paths': 10, 'valid_paths': 10, 'confidence': 0.2, 'answer_distribution': {'160': 2, '8096': 1, '896': 1, '5000*(1+0.025*23073.08)-5000': 1, '125': 2, '2939': 2, '250': 1}, 'selected_path_idx': 0}
2025-08-03 02:59:28,788 - INFO - ==================================================
2025-08-03 02:59:28,789 - INFO - 
==================================================
2025-08-03 02:59:28,789 - INFO - 样本 60: Fiona completed 36 math questions in an hour. Shirley was able to complete twice as many math questi...
2025-08-03 02:59:28,789 - INFO - 参考答案: Shirley completed 36 x 2 = <<36*2=72>>72 questions
The sum of Fiona and Shirley's questions is 36 + 72 = <<36+72=108>>108
Kiana completed 108/2 = <<108/2=54>>54 questions
In one hour, they completed 108 +54 = <<108+54=162>>162 questions.
In two hours, they completed 162 x 2 = <<162*2=324>>324 questions.
#### 324
2025-08-03 02:59:28,789 - INFO - 提取参考答案: 324
2025-08-03 02:59:28,790 - INFO - 生成答案: 

Step 1:First, read the problem and identify what we need to find. We need to find the total number of math questions completed by all three girls in 2 hours.

Step 2:Next, set up equations and perfo...
2025-08-03 02:59:28,790 - INFO - 提取答案: 300
2025-08-03 02:59:28,790 - INFO - 投票统计: {'voting_method': 'majority', 'best_answer': '300', 'vote_count': 4, 'total_paths': 10, 'valid_paths': 10, 'confidence': 0.4, 'answer_distribution': {'324': 2, '300': 4, '270': 2, '240': 1, '396': 1}, 'selected_path_idx': 1}
2025-08-03 02:59:28,790 - INFO - ==================================================
2025-08-03 02:59:28,791 - INFO - 
==================================================
2025-08-03 02:59:28,791 - INFO - 样本 66: John decided to sell his PlayStation to buy a new computer.  The computer's cost was $700 and the ac...
2025-08-03 02:59:28,791 - INFO - 参考答案: He loses 400*.2=$<<400*.2=80>>80 on the PlayStation
So he sells it for 400-80=$<<400-80=320>>320
The computer cost 700+200=$<<700+200=900>>900
So he was 900-320=$<<900-320=580>>580 out of pocket
#### 580
2025-08-03 02:59:28,791 - INFO - 提取参考答案: 580
2025-08-03 02:59:28,791 - INFO - 生成答案: 

Step 1:First, read the problem and identify what we need to find. We need to find out how much money John had to pay out of his pocket.

Step 2:Next, set up equations and perform the calculations. T...
2025-08-03 02:59:28,792 - INFO - 提取答案: 320
2025-08-03 02:59:28,792 - INFO - 投票统计: {'voting_method': 'majority', 'best_answer': '320', 'vote_count': 6, 'total_paths': 10, 'valid_paths': 10, 'confidence': 0.6, 'answer_distribution': {'320': 6, '520': 1, '580': 2, '820': 1}, 'selected_path_idx': 0}
2025-08-03 02:59:28,792 - INFO - ==================================================
2025-08-03 02:59:28,792 - INFO - 
==================================================
2025-08-03 02:59:28,792 - INFO - 样本 69: Prudence was starting a cupcake business.  She figured that each cupcake cost $0.75 to make.  The fi...
2025-08-03 02:59:28,793 - INFO - 参考答案: She burnt 2 dozen, cooked 2 dozen and then another 2 dozen that evening. So she made 2+2+2 =<<2+2+2=6>>6 dozen cupcakes
Each dozen makes 12 cupcakes, so she made 6*12= <<6*12=72>>72 cupcakes
She threw away 2 dozen cupcakes, so 2*12 = <<2*12=24>>24 cupcakes
She made 72, threw away 24, ate 5 and then ate another 4 so she had 72-24-5-4 = <<72-24-5-4=39>>39 cupcakes left
She sells the 39 cupcakes at $2.00 each so she earned 39*2 = $<<39*2=78.00>>78.00
She made 72 cupcakes at a cost of $0.75 each for a total cost of 72*$0.75 = $<<72*0.75=54.00>>54.00
If she made $78 on the remaining cupcakes and it cost her $54.00 to make all of the cupcakes then her profit is $78-$54 = $<<78-54=24.00>>24.00
#### 24
2025-08-03 02:59:28,793 - INFO - 提取参考答案: 24
2025-08-03 02:59:28,793 - INFO - 生成答案: 

Step 1:First, read the problem and identify what we need to find. We need to find Prudence's net profit.

Step 2:Next, set up equations and perform the calculations. The total number of cupcakes Pru...
2025-08-03 02:59:28,793 - INFO - 提取答案: -6
2025-08-03 02:59:28,793 - INFO - 投票统计: {'voting_method': 'majority', 'best_answer': '-6', 'vote_count': 3, 'total_paths': 10, 'valid_paths': 10, 'confidence': 0.3, 'answer_distribution': {'54': 1, '56': 1, '-6': 3, '24': 1, '-10': 1, '58.50': 1, '4': 1, '49': 1}, 'selected_path_idx': 2}
2025-08-03 02:59:28,794 - INFO - ==================================================
2025-08-03 02:59:28,794 - INFO - 
==================================================
2025-08-03 02:59:28,795 - INFO - 样本 109: In the honey shop, the bulk price of honey is $5 per pound and the minimum spend is $40 before tax. ...
2025-08-03 02:59:28,795 - INFO - 参考答案: Including tax, a pound of honey costs 5 + 1 = <<5+1=6>>6 dollars
The minimum purchase equals 40 / 5 = <<40/5=8>>8 pounds of honey.
Penny has bought 240 / 6 = <<240/6=40>>40 pounds of honey
Penny has exceeded the minimum purchase by 40 - 8 = <<40-8=32>>32 pounds.
#### 32
2025-08-03 02:59:28,795 - INFO - 提取参考答案: 32
2025-08-03 02:59:28,795 - INFO - 生成答案: 

Step 1:First, read the problem and identify what we need to find. We need to find the difference between Penny’s purchase and the minimum spend.

Step 2:Next, set up equations and perform the calcul...
2025-08-03 02:59:28,795 - INFO - 提取答案: 0
2025-08-03 02:59:28,796 - INFO - 投票统计: {'voting_method': 'majority', 'best_answer': '0', 'vote_count': 4, 'total_paths': 10, 'valid_paths': 10, 'confidence': 0.4, 'answer_distribution': {'32': 3, '0': 4, '200': 1, '40': 2}, 'selected_path_idx': 2}
2025-08-03 02:59:28,796 - INFO - ==================================================
2025-08-03 02:59:28,796 - INFO - 
==================================================
2025-08-03 02:59:28,796 - INFO - 样本 120: There are 4 snails in one aquarium and 32 snails in another aquarium. The difference between the num...
2025-08-03 02:59:28,797 - INFO - 参考答案: The difference between the number of snails is 32 - 4 = <<32-4=28>>28 snails.
There are 28/2 = <<28/2=14>>14 fish in both aquariums.
There are 14/2 = <<14/2=7>>7 fish in each aquarium.
#### 7
2025-08-03 02:59:28,797 - INFO - 提取参考答案: 7
2025-08-03 02:59:28,797 - INFO - 生成答案: 

Step 1:First, read the problem and identify what we need to find. We need to find the number of fish in each aquarium.

Step 2:Next, set up equations and perform the calculations. Let's denote the n...
2025-08-03 02:59:28,797 - INFO - 提取答案: 14
2025-08-03 02:59:28,797 - INFO - 投票统计: {'voting_method': 'majority', 'best_answer': '14', 'vote_count': 10, 'total_paths': 10, 'valid_paths': 10, 'confidence': 1.0, 'answer_distribution': {'14': 10}, 'selected_path_idx': 0}
2025-08-03 02:59:28,798 - INFO - ==================================================
2025-08-03 02:59:28,798 - INFO - 
==================================================
2025-08-03 02:59:28,798 - INFO - 样本 123: In 5 years, Nacho will be three times older than Divya. If Divya is currently 5 years old, what's th...
2025-08-03 02:59:28,798 - INFO - 参考答案: If Divya is currently 5 years old, she will be 5+5 = <<5+5=10>>10 years old in five years.
Since in 5 years Nacho will be three times older than Divya, he will be 3*10 = <<3*10=30>>30 years older than Divya.
Nacho's total age in five years will be 30+10 = <<30+10=40>>40 years.
Currently, Nacho is 40-5 = <<40-5=35>>35 years old.
The sum of Divya and Nacho's age now is 35+5 = <<35+5=40>>40 years
#### 40
2025-08-03 02:59:28,799 - INFO - 提取参考答案: 40
2025-08-03 02:59:28,799 - INFO - 生成答案: 

Step 1:First, read the problem and identify what we need to find. We need to find the sum of the ages of Nacho and Divya now.

Step 2:Next, set up equations and perform the calculations. Let's assum...
2025-08-03 02:59:28,799 - INFO - 提取答案: 30
2025-08-03 02:59:28,799 - INFO - 投票统计: {'voting_method': 'majority', 'best_answer': '30', 'vote_count': 7, 'total_paths': 10, 'valid_paths': 10, 'confidence': 0.7, 'answer_distribution': {'30': 7, '15': 1, '35': 1, '20': 1}, 'selected_path_idx': 0}
2025-08-03 02:59:28,799 - INFO - ==================================================
2025-08-03 02:59:28,800 - INFO - 
==================================================
2025-08-03 02:59:28,800 - INFO - 样本 139: I have 10 liters of orange drink that are two-thirds water and I wish to add it to 15 liters of pine...
2025-08-03 02:59:28,800 - INFO - 参考答案: There are 15 x 3/5 = <<15*3/5=9>>9 liters of water from the 15 liters pineapple drink.
After 1 liter of orange drink was spilled, there were 10 - 1 = <<10-1=9>>9 liters of orange drink left.
Out of the 9 liters, 9 x 2/3 = <<9*2/3=6>>6 liters are water.
Thus, there are a total of 9 + 6 = <<9+6=15>>15 liters of water out of the 24 liters.
#### 15
2025-08-03 02:59:28,800 - INFO - 提取参考答案: 15
2025-08-03 02:59:28,801 - INFO - 生成答案: 

Step 1:First, read the problem and identify what we need to find. We need to find the amount of water in the remaining 24 liters of drinks.

Step 2:Next, set up equations and perform the calculation...
2025-08-03 02:59:28,801 - INFO - 提取答案: 14.67
2025-08-03 02:59:28,801 - INFO - 投票统计: {'voting_method': 'majority', 'best_answer': '14.67', 'vote_count': 2, 'total_paths': 10, 'valid_paths': 10, 'confidence': 0.2, 'answer_distribution': {'8': 1, '14.67': 2, '28/3': 1, '\\frac{49}{3}': 1, '\\frac{44}{3}': 1, '\\frac{23}{12}': 1, '\\frac{34}{3}': 1, '16.67': 1, '\\frac{32}{3}': 1}, 'selected_path_idx': 1}
2025-08-03 02:59:28,801 - INFO - ==================================================
2025-08-03 02:59:28,801 - INFO - 
==================================================
2025-08-03 02:59:28,802 - INFO - 样本 143: Walter fell from the eighth platform of some scaffolding and fell past David after falling 4 meters....
2025-08-03 02:59:28,802 - INFO - 参考答案: Walter fell 4 meters and an additional three times that depth which is 3*4 = 12 meters
He fell for a total of 4+12 = <<4+12=16>>16 meters
The eighth platform is 16 meters high and the platforms are evenly spaced so each platform is 16/8 = <<16/8=2>>2 meters high
David was located 4 meters below the 16 meter level which is 16-4 = <<16-4=12>>12 meters high
Each platform is 2 meters high so 12 meters would mean the 12/2 = <<12/2=6>>6th platform
#### 6
2025-08-03 02:59:28,802 - INFO - 提取参考答案: 6
2025-08-03 02:59:28,802 - INFO - 生成答案: 

Step 1:First, read the problem and identify what we need to find. We need to find the platform that David was on when Walter fell past him.

Step 2:Next, set up equations and perform the calculation...
2025-08-03 02:59:28,803 - INFO - 提取答案: 4
2025-08-03 02:59:28,803 - INFO - 投票统计: {'voting_method': 'majority', 'best_answer': '4', 'vote_count': 4, 'total_paths': 10, 'valid_paths': 10, 'confidence': 0.4, 'answer_distribution': {'4': 4, '7': 1, '6': 3, '3': 1, '2': 1}, 'selected_path_idx': 0}
2025-08-03 02:59:28,803 - INFO - ==================================================
2025-08-03 02:59:28,803 - INFO - 
==================================================
2025-08-03 02:59:28,803 - INFO - 样本 150: If Martin eats Cheerios every day for breakfast, he'll lose 1.25 pounds/week. If he eats donuts ever...
2025-08-03 02:59:28,804 - INFO - 参考答案: First find the difference in weight gain per week: 1.75 pounds/week - ( -1.25 pounds/week) = 1.75 pounds/week + 1.25 pounds/week = <<1.75-(-1.25)=3>>3 pounds/week
Then multiply the weight gain per week by the number of weeks to find the total difference at the end of 5 weeks: 5 weeks * 3 pounds/week = <<5*3=15>>15 pounds
#### 15
2025-08-03 02:59:28,804 - INFO - 提取参考答案: 15
2025-08-03 02:59:28,804 - INFO - 生成答案: 

Step 1:First, read the problem and identify what we need to find. We need to find the difference in Martin's weight at the end of 5 weeks between the two breakfast options.

Step 2:Next, set up equa...
2025-08-03 02:59:28,804 - INFO - 提取答案: 2.5
2025-08-03 02:59:28,804 - INFO - 投票统计: {'voting_method': 'majority', 'best_answer': '2.5', 'vote_count': 10, 'total_paths': 10, 'valid_paths': 10, 'confidence': 1.0, 'answer_distribution': {'2.5': 10}, 'selected_path_idx': 0}
2025-08-03 02:59:28,805 - INFO - ==================================================
2025-08-03 02:59:28,805 - INFO - 
==================================================
2025-08-03 02:59:28,805 - INFO - 样本 153: Nelly wants to buy pizza for herself and her 14 friends. Each pizza costs $12 and can feed 3 people....
2025-08-03 02:59:28,805 - INFO - 参考答案: She needs to buy 15 / 3 = <<15/3=5>>5 pizzas.
The pizzas cost 5 * $12 = $<<5*12=60>>60 total.
It will take her $60 / $4 = <<60/4=15>>15 nights worth of babysitting to afford the pizza.
#### 15
2025-08-03 02:59:28,806 - INFO - 提取参考答案: 15
2025-08-03 02:59:28,806 - INFO - 生成答案: 

Step 1:First, read the problem and identify what we need to find. We need to find the number of nights Nelly needs to babysit to afford the pizza.

Step 2:Next, set up equations and perform the calc...
2025-08-03 02:59:28,806 - INFO - 提取答案: 45
2025-08-03 02:59:28,806 - INFO - 投票统计: {'voting_method': 'majority', 'best_answer': '45', 'vote_count': 5, 'total_paths': 10, 'valid_paths': 10, 'confidence': 0.5, 'answer_distribution': {'45': 5, '15': 5}, 'selected_path_idx': 0}
2025-08-03 02:59:28,806 - INFO - ==================================================
2025-08-03 02:59:28,807 - INFO - 
==================================================
2025-08-03 02:59:28,807 - INFO - 样本 168: Jon runs a triathlon.  It takes him 40 minutes for the swim, an hour and 20 minutes for the bike rid...
2025-08-03 02:59:28,807 - INFO - 参考答案: Jon did the bike ride in 60+20=<<60+20=80>>80 minutes
So his total time was 40+80+50=<<40+80+50=170>>170 minutes
James finished the swim 40*.1=<<40*.1=4>>4 minutes faster
So he finished the swim in 40-4=<<40-4=36>>36 minutes
He finished the bike ride in 80+5=<<80+5=85>>85 minutes
James' total time was 170+10=<<170+10=180>>180
So it took him 180-85-36=<<180-85-36=59>>59 minutes to do the run
#### 59
2025-08-03 02:59:28,807 - INFO - 提取参考答案: 59
2025-08-03 02:59:28,808 - INFO - 生成答案: 

Step 1:First, read the problem and identify what we need to find. We need to find the time it took James to run.

Step 2:Next, set up equations and perform the calculations. Let's denote the time it...
2025-08-03 02:59:28,808 - INFO - 提取答案: 50
2025-08-03 02:59:28,808 - INFO - 投票统计: {'voting_method': 'majority', 'best_answer': '50', 'vote_count': 4, 'total_paths': 10, 'valid_paths': 10, 'confidence': 0.4, 'answer_distribution': {'39': 1, '50': 4, '59': 1, '76': 1, '121': 1, '35': 1, '40': 1}, 'selected_path_idx': 1}
2025-08-03 02:59:28,808 - INFO - ==================================================
2025-08-03 02:59:28,809 - INFO - 
==================================================
2025-08-03 02:59:28,809 - INFO - 样本 190: Henry has 30 more lollipops than Alison does. With 60 lollipops, Alisson has half the number of loll...
2025-08-03 02:59:28,809 - INFO - 参考答案: Since Henry has 30 more lollipops than Alison, he has 60+30= 90 lollipops.
Together, Alison and Henry have 90+60 = <<90+60=150>>150 lollipops.
Alison has half the number of lollipops that Diane has, meaning Diane has 2*60 = 120 lollipops.
Altogether, the three have 120+150 = <<120+150=270>>270 lollipops.
Since they eat 45 lollipops each day, they'll take 270/45=<<270/45=6>>6 days to finish all the lollipops.
#### 6
2025-08-03 02:59:28,809 - INFO - 提取参考答案: 6
2025-08-03 02:59:28,810 - INFO - 生成答案: 

Step 1:First, read the problem and identify what we need to find. We need to find the total number of days it will take for Henry, Alison, and Diane to finish the lollipops.

Step 2:Next, set up equ...
2025-08-03 02:59:28,810 - INFO - 提取答案: 2
2025-08-03 02:59:28,810 - INFO - 投票统计: {'voting_method': 'majority', 'best_answer': '2', 'vote_count': 5, 'total_paths': 10, 'valid_paths': 10, 'confidence': 0.5, 'answer_distribution': {'10': 1, '2': 5, '3.33': 2, '6': 1, '4': 1}, 'selected_path_idx': 1}
2025-08-03 02:59:28,810 - INFO - ==================================================
2025-08-03 02:59:28,810 - INFO - 
==================================================
2025-08-03 02:59:28,811 - INFO - 样本 196: An archaeologist discovered three dig sites from different periods in one area. The archaeologist da...
2025-08-03 02:59:28,811 - INFO - 参考答案: The third dig site was dated from the year 8400 / 2 = <<8400/2=4200>>4200 BC.
Thus, the first dig site was dated from the year 4200 - 3700 = <<4200-3700=500>>500 BC.
The second dig site was 352 years older, so it was dated from the year 500 + 352 = <<500+352=852>>852 BC.
#### 852
2025-08-03 02:59:28,811 - INFO - 提取参考答案: 852
2025-08-03 02:59:28,811 - INFO - 生成答案: 

Step 1:First, read the problem and identify what we need to find. We need to find the date of the second dig site.

Step 2:Next, set up equations and perform the calculations. Let x be the date of t...
2025-08-03 02:59:28,812 - INFO - 提取答案: 8252
2025-08-03 02:59:28,812 - INFO - 投票统计: {'voting_method': 'majority', 'best_answer': '8252', 'vote_count': 4, 'total_paths': 10, 'valid_paths': 10, 'confidence': 0.4, 'answer_distribution': {'8252': 4, '852': 3, '7800': 1, '4200': 1, '8164': 1}, 'selected_path_idx': 0}
2025-08-03 02:59:28,812 - INFO - ==================================================
2025-08-03 02:59:28,813 - INFO - 
==================================================
2025-08-03 02:59:28,813 - INFO - 样本 230: Brinley is in Mr. Bert's math class. Mr. Bert gives six tests each semester. He allows the students ...
2025-08-03 02:59:28,813 - INFO - 参考答案: First, identify the lowest score, which is 71, and remove it.
Since Brinley wants a score of 93, we know her total score needs to be 93 (average) * 5 (tests) = <<93*5=465>>465 points
So far, Brinley has earned 89 + 92 +100 + 86 = <<89+92+100+86=367>>367 points
The final test must be 465 - 367 = <<465-367=98>>98 points.
#### 98
2025-08-03 02:59:28,813 - INFO - 提取参考答案: 98
2025-08-03 02:59:28,813 - INFO - 生成答案: 

Step 1:First, read the problem and identify what we need to find. We need to find the minimum score Brinley needs to get on the sixth test.

Step 2:Next, set up equations and perform the calculation...
2025-08-03 02:59:28,814 - INFO - 提取答案: 120
2025-08-03 02:59:28,814 - INFO - 投票统计: {'voting_method': 'majority', 'best_answer': '120', 'vote_count': 5, 'total_paths': 10, 'valid_paths': 10, 'confidence': 0.5, 'answer_distribution': {'100': 1, '120': 5, '191': 2, '22': 1, '200': 1}, 'selected_path_idx': 1}
2025-08-03 02:59:28,814 - INFO - ==================================================
2025-08-03 02:59:28,814 - INFO - 
==================================================
2025-08-03 02:59:28,814 - INFO - 样本 231: Lagoon island is populated by alligators. Half the alligators are male. The rest are female. Among t...
2025-08-03 02:59:28,815 - INFO - 参考答案: 60% of female alligators are adults because 100 - 40 = <<100-40=60>>60
There are 25 female alligators because 15 / .6 = <<15/.6=25>>25
There are 50 alligators in total because 25 / .5 = <<25/.5=50>>50
There are 25 male alligators because 50 / 2 = <<50/2=25>>25
#### 25
2025-08-03 02:59:28,815 - INFO - 提取参考答案: 25
2025-08-03 02:59:28,815 - INFO - 生成答案: 

Step 1:First, read the problem and identify what we need to find. We need to find the number of male alligators.

Step 2:Next, set up equations and perform the calculations. Since 40% of the females...
2025-08-03 02:59:28,815 - INFO - 提取答案: 12
2025-08-03 02:59:28,815 - INFO - 投票统计: {'voting_method': 'majority', 'best_answer': '12', 'vote_count': 6, 'total_paths': 10, 'valid_paths': 10, 'confidence': 0.6, 'answer_distribution': {'25': 4, '12': 6}, 'selected_path_idx': 2}
2025-08-03 02:59:28,816 - INFO - ==================================================
2025-08-03 02:59:28,816 - INFO - 
==================================================
2025-08-03 02:59:28,816 - INFO - 样本 254: There are four growing trees. The first tree grows 1 meter/day, the second grows the same amount in ...
2025-08-03 02:59:28,817 - INFO - 参考答案: The second tree grows 1*2 = <<1*2=2>>2 meters a day.
The fourth tree grows 2+1 = <<2+1=3>>3 meters a day.
The first tree grows 4*1 = <<4*1=4>>4 meters in 4 days.
The second tree grows 2*4 = <<2*4=8>>8 meters in 4 days.
The third tree grows 2*4 = <<2*4=8>>8 meters in 4 days.
The fourth tree grows 3*4 = <<3*4=12>>12 meters in 4 days.
In 4 days, all four trees grew 4+8+8+12 = <<4+8+8+12=32>>32 meters combined.
#### 32
2025-08-03 02:59:28,817 - INFO - 提取参考答案: 32
2025-08-03 02:59:28,817 - INFO - 生成答案: 

Step 1:First, read the problem and identify what we need to find. We need to find the total growth of the four trees in 4 days.

Step 2:Next, set up equations and perform the calculations. The first...
2025-08-03 02:59:28,817 - INFO - 提取答案: 26
2025-08-03 02:59:28,817 - INFO - 投票统计: {'voting_method': 'majority', 'best_answer': '26', 'vote_count': 7, 'total_paths': 10, 'valid_paths': 10, 'confidence': 0.7, 'answer_distribution': {'26': 7, '32': 3}, 'selected_path_idx': 0}
2025-08-03 02:59:28,818 - INFO - ==================================================
2025-08-03 02:59:28,818 - INFO - 
==================================================
2025-08-03 02:59:28,818 - INFO - 样本 278: Frank spent 1/5 of his money to buy groceries. He then spent 1/4 of the remaining money to buy a mag...
2025-08-03 02:59:28,819 - INFO - 参考答案: Let X be the money Frank had originally.
Frank spent 1/5*X on groceries.
Frank spent 1/4*(X-1/5*X) on a magazine.
Frank has X - 1/5*X - 1/4*(X-1/5*X) = $360 left in his wallet.
Multiplying through the parentheses, we get X - 1/5*X - 1/4*X + 1/20*X = $360.
Combining like terms, we get 12/20*X = $360.
Dividing both sides by 12/20, we get X = $600.
#### 600
2025-08-03 02:59:28,819 - INFO - 提取参考答案: 600
2025-08-03 02:59:28,819 - INFO - 生成答案: 

Step 1:First, read the problem and identify what we need to find. We need to find the amount of money Frank had at first.

Step 2:Next, set up equations and perform the calculations. Let's say Frank...
2025-08-03 02:59:28,819 - INFO - 提取答案: 900
2025-08-03 02:59:28,819 - INFO - 投票统计: {'voting_method': 'majority', 'best_answer': '900', 'vote_count': 6, 'total_paths': 10, 'valid_paths': 10, 'confidence': 0.6, 'answer_distribution': {'600': 4, '900': 6}, 'selected_path_idx': 2}
2025-08-03 02:59:28,820 - INFO - ==================================================
2025-08-03 02:59:28,820 - INFO - 
==================================================
2025-08-03 02:59:28,820 - INFO - 样本 280: Rodney, Roger and Ron can lift a combined weight of 239 pounds.  Rodney can lift twice as much as Ro...
2025-08-03 02:59:28,820 - INFO - 参考答案: Let x represent the amount that Ron can lift.
Roger: 4x-7
Rodney:2(4x-7)=8x-14
Total:x+4x-7+8x-14=239
13x-21=239
13x=260
x=<<20=20>>20
Rodney:8(20)-14=146 pounds
#### 146
2025-08-03 02:59:28,820 - INFO - 提取参考答案: 146
2025-08-03 02:59:28,821 - INFO - 生成答案: 

Step 1:First, read the problem and identify what we need to find. We need to find out how much Rodney can lift.

Step 2:Next, set up equations and perform the calculations. Let x be the amount that ...
2025-08-03 02:59:28,821 - INFO - 提取答案: 80
2025-08-03 02:59:28,821 - INFO - 投票统计: {'voting_method': 'majority', 'best_answer': '80', 'vote_count': 5, 'total_paths': 10, 'valid_paths': 10, 'confidence': 0.5, 'answer_distribution': {'146': 3, '80': 5, '96': 1, '132': 1}, 'selected_path_idx': 2}
2025-08-03 02:59:28,821 - INFO - ==================================================
2025-08-03 02:59:28,821 - INFO - 
==================================================
2025-08-03 02:59:28,822 - INFO - 样本 281: The Diving Club offers 2 beginning diving classes on weekdays and 4 beginning classes on each day of...
2025-08-03 02:59:28,822 - INFO - 参考答案: There are 2 classes x 5 days = <<2*5=10>>10 classes on weekdays.
There are 4 classes x 2 days = <<4*2=8>>8 classes on weekends.
There are a total of 10 + 8 = <<10+8=18>>18 classes per week.
So each week, 18 x 5 = <<18*5=90>>90 people can take classes.
Thus, 90 x 3 = <<90*3=270>>270 people can take classes in 3 weeks.
#### 270
2025-08-03 02:59:28,822 - INFO - 提取参考答案: 270
2025-08-03 02:59:28,822 - INFO - 生成答案: 

Step 1:First, read the problem and identify what we need to find. We need to find the total number of people who can take classes in 3 weeks.

Step 2:Next, set up equations and perform the calculati...
2025-08-03 02:59:28,822 - INFO - 提取答案: 390
2025-08-03 02:59:28,823 - INFO - 投票统计: {'voting_method': 'majority', 'best_answer': '390', 'vote_count': 6, 'total_paths': 10, 'valid_paths': 10, 'confidence': 0.6, 'answer_distribution': {'390': 6, '270': 4}, 'selected_path_idx': 0}
2025-08-03 02:59:28,823 - INFO - ==================================================
2025-08-03 02:59:28,823 - INFO - 
==================================================
2025-08-03 02:59:28,824 - INFO - 样本 299: Elise is learning to write and decides to keep re-writing the alphabet until she knows it. She write...
2025-08-03 02:59:28,824 - INFO - 参考答案: Elise has written the alphabet twice which is a total of 26 * 2 = <<26*2=52>>52 letters.
She then writes half the alphabet, which is 26 / 2 = <<26/2=13>>13 letters.
So far, this is a total of 52 + 13 = <<52+13=65>>65 letters.
Writing this again means she has doubled the number of letters she has written, so she has written a total of 65 * 2 = <<65*2=130>>130 letters.
#### 130
2025-08-03 02:59:28,824 - INFO - 提取参考答案: 130
2025-08-03 02:59:28,824 - INFO - 生成答案: 

Step 1:First, read the problem and identify what we need to find. We need to find the total number of letters Elise has written.

Step 2:Next, set up equations and perform the calculations. Elise wr...
2025-08-03 02:59:28,824 - INFO - 提取答案: 65
2025-08-03 02:59:28,825 - INFO - 投票统计: {'voting_method': 'majority', 'best_answer': '65', 'vote_count': 6, 'total_paths': 10, 'valid_paths': 10, 'confidence': 0.6, 'answer_distribution': {'65': 6, '130': 3, '78': 1}, 'selected_path_idx': 0}
2025-08-03 02:59:28,825 - INFO - ==================================================
2025-08-03 02:59:28,825 - INFO - 
==================================================
2025-08-03 02:59:28,826 - INFO - 样本 327: A fruit basket consists of 4 bananas, 3 apples, 24 strawberries, 2 avocados, and a bunch of grapes. ...
2025-08-03 02:59:28,826 - INFO - 参考答案: The bananas cost 4 x $1 = $<<4*1=4>>4
The apples cost 3 x $2 = $<<3*2=6>>6
The strawberries cost (24/12) x $4 = $<<(24/12)*4=8>>8
The avocados cost 2 x $3 = $<<2*3=6>>6
The grapes cost 2 x $2 = $<<2*2=4>>4
The total cost of the fruit basket is $4 + $6 + $8 + $6 + $4 = $<<4+6+8+6+4=28>>28
#### 28
2025-08-03 02:59:28,826 - INFO - 提取参考答案: 28
2025-08-03 02:59:28,826 - INFO - 生成答案: 

Step 1:First, read the problem and identify what we need to find. We need to find the total cost of the fruit basket.

Step 2:Next, set up equations and perform the calculations. The cost of the ban...
2025-08-03 02:59:28,826 - INFO - 提取答案: 26
2025-08-03 02:59:28,827 - INFO - 投票统计: {'voting_method': 'majority', 'best_answer': '26', 'vote_count': 6, 'total_paths': 10, 'valid_paths': 10, 'confidence': 0.6, 'answer_distribution': {'26': 6, '28': 4}, 'selected_path_idx': 0}
2025-08-03 02:59:28,827 - INFO - ==================================================
2025-08-03 02:59:28,827 - INFO - 
==================================================
2025-08-03 02:59:28,827 - INFO - 样本 330: In a section of the forest, there are 100 weasels and 50 rabbits. Three foxes invade this region and...
2025-08-03 02:59:28,827 - INFO - 参考答案: 3 foxes catch 4 weasels each every week for a total of 3*4 = <<3*4=12>>12 weasels
12 weasels are caught every week for 3 weeks for a total of 12*3 = <<12*3=36>>36 weasels
3 foxes catch 2 rabbits each every week for a total of 3*2 = <<3*2=6>>6 rabbits
6 rabbits are caught every week for 3 weeks for a total of 6*3 = <<6*3=18>>18 rabbits
There were originally 100 weasels so now there are 100-36 = <<100-36=64>>64 weasels left
There were originally 50 rabbits so now there are 50-18 = <<50-18=32>>32 rabbits left
There are 64+32 = <<64+32=96>>96 weasels and rabbits left
#### 96
2025-08-03 02:59:28,828 - INFO - 提取参考答案: 96
2025-08-03 02:59:28,828 - INFO - 生成答案: 

Step 1:First, read the problem and identify what we need to find. We need to find the number of rabbits and weasels left after 3 weeks.

Step 2:Next, set up equations and perform the calculations. E...
2025-08-03 02:59:28,828 - INFO - 提取答案: 64weaselsand32rabbits
2025-08-03 02:59:28,828 - INFO - 投票统计: {'voting_method': 'majority', 'best_answer': '64weaselsand32rabbits', 'vote_count': 3, 'total_paths': 10, 'valid_paths': 10, 'confidence': 0.3, 'answer_distribution': {'98': 2, '64weaselsand32rabbits': 3, '96': 1, '64': 2, '32': 1, '32weaselsand64rabbits': 1}, 'selected_path_idx': 1}
2025-08-03 02:59:28,829 - INFO - ==================================================
2025-08-03 02:59:28,829 - INFO - 
==================================================
2025-08-03 02:59:28,829 - INFO - 样本 365: There were 18 students assigned in a minibus for a field trip. Eight of these students were boys. On...
2025-08-03 02:59:28,830 - INFO - 参考答案: 8 boys + 8 girls = <<8+8=16>>16 students joined the field trip.
Thus, 18 - 16 = <<18-16=2>>2 girls were not able to join the field trip.
#### 2
2025-08-03 02:59:28,830 - INFO - 提取参考答案: 2
2025-08-03 02:59:28,830 - INFO - 生成答案: 

Step 1:First, read the problem and identify what we need to find. We need to find the number of girls who were not able to join the field trip.

Step 2:Next, set up equations and perform the calcula...
2025-08-03 02:59:28,830 - INFO - 提取答案: 10
2025-08-03 02:59:28,830 - INFO - 投票统计: {'voting_method': 'majority', 'best_answer': '10', 'vote_count': 6, 'total_paths': 10, 'valid_paths': 10, 'confidence': 0.6, 'answer_distribution': {'10': 6, '2': 2, '0': 2}, 'selected_path_idx': 0}
2025-08-03 02:59:28,831 - INFO - ==================================================
2025-08-03 02:59:28,831 - INFO - 
==================================================
2025-08-03 02:59:28,831 - INFO - 样本 367: A mother duck as 8 ducklings. The first 3 ducklings find 5 snails each. Another 3 ducklings find 9 s...
2025-08-03 02:59:28,831 - INFO - 参考答案: The first 3 ducklings find 3 x 5 = <<3*5=15>>15 snails
The next 3 ducklings find 3 x 9 = <<3*9=27>>27 snails
They find a total of 15 + 27 = <<15+27=42>>42 snails
Mother duck finds 42 x 3 = <<42*3=126>>126 snails
The last group has 8 - 3 - 3 = <<8-3-3=2>>2 ducklings
They find 126/2 = <<126/2=63>>63 snails each
The family of ducks found a total of 42 +126 + 63 + 63 = <<42+126+63+63=294>>294 snails
#### 294
2025-08-03 02:59:28,831 - INFO - 提取参考答案: 294
2025-08-03 02:59:28,832 - INFO - 生成答案: 

Step 1:First, read the problem and identify what we need to find. We need to find the total number of snails that the family of ducks has collectively.

Step 2:Next, set up equations and perform the...
2025-08-03 02:59:28,832 - INFO - 提取答案: 231
2025-08-03 02:59:28,832 - INFO - 投票统计: {'voting_method': 'majority', 'best_answer': '231', 'vote_count': 3, 'total_paths': 10, 'valid_paths': 10, 'confidence': 0.3, 'answer_distribution': {'231': 3, '168': 2, '175.5': 1, '94': 1, '76.5': 1, '216': 1, '168+x': 1}, 'selected_path_idx': 0}
2025-08-03 02:59:28,832 - INFO - ==================================================
2025-08-03 02:59:28,832 - INFO - 
==================================================
2025-08-03 02:59:28,833 - INFO - 样本 369: In a Geometry exam, Madeline got 2 mistakes which are half as many mistakes as Leo. Brent scored 25 ...
2025-08-03 02:59:28,833 - INFO - 参考答案: Leo got 2 x 2 = <<2*2=4>>4 mistakes.
So, Brent got 4 + 1 = <<4+1=5>>5 mistakes.
This means that 25 + 5 = <<25+5=30>>30 is the perfect score.
Hence, Madeline got a score of 30 - 2 = <<30-2=28>>28.
#### 28
2025-08-03 02:59:28,833 - INFO - 提取参考答案: 28
2025-08-03 02:59:28,833 - INFO - 生成答案: 

Step 1:First, read the problem and identify what we need to find. We need to find Madeline's score.

Step 2:Next, set up equations and perform the calculations. Let's denote Madeline's mistakes as M...
2025-08-03 02:59:28,833 - INFO - 提取答案: 20
2025-08-03 02:59:28,834 - INFO - 投票统计: {'voting_method': 'majority', 'best_answer': '20', 'vote_count': 2, 'total_paths': 10, 'valid_paths': 10, 'confidence': 0.2, 'answer_distribution': {'10': 1, '26': 1, '20': 2, '99': 1, '9': 1, '94': 1, '22': 1, '23': 1, '37.5': 1}, 'selected_path_idx': 2}
2025-08-03 02:59:28,834 - INFO - ==================================================
2025-08-03 02:59:28,834 - INFO - 
==================================================
2025-08-03 02:59:28,834 - INFO - 样本 370: John pays for half the cost of raising a child.  It cost $10,000 a year for the first 8 years and th...
2025-08-03 02:59:28,835 - INFO - 参考答案: The first 8 years cost 8*10,000=$<<8*10000=80000>>80,000
The next 18-8=<<18-8=10>>10 years
They cost 10000*2=$<<10000*2=20000>>20,000 per year
So they cost 20,000*10=$<<20000*10=200000>>200,000
So the cost was 200,000+80,000=$<<200000+80000=280000>>280,000
Adding in the cost of tuition brings the cost to 250,000+280,000=$<<250000+280000=530000>>530,000
Since John pays for half the cost of raising the child, he pays $530000/2 = <<530000/2=265000>>265000
#### 265000
2025-08-03 02:59:28,835 - INFO - 提取参考答案: 265000
2025-08-03 02:59:28,835 - INFO - 生成答案: 

Step 1:First, read the problem and identify what we need to find. We need to find the total cost of raising a child from birth to 18 years old.

Step 2:Next, set up equations and perform the calcula...
2025-08-03 02:59:28,835 - INFO - 提取答案: 530000
2025-08-03 02:59:28,835 - INFO - 投票统计: {'voting_method': 'majority', 'best_answer': '530000', 'vote_count': 5, 'total_paths': 10, 'valid_paths': 10, 'confidence': 0.5, 'answer_distribution': {'530000': 5, '265000': 5}, 'selected_path_idx': 0}
2025-08-03 02:59:28,836 - INFO - ==================================================
2025-08-03 02:59:28,836 - INFO - 
==================================================
2025-08-03 02:59:28,836 - INFO - 样本 372: James can make a beret from 3 spools of yarn. If he has 12 spools of red yarn, 15 spools of black ya...
2025-08-03 02:59:28,836 - INFO - 参考答案: First find the total number of spools of yarn James has: 12 spools + 15 spools + 6 spools = <<12+15+6=33>>33 spools
Then divide that number by the number spools each beret needs: 33 spools / 3 spools/beret = <<33/3=11>>11 berets
#### 11
2025-08-03 02:59:28,837 - INFO - 提取参考答案: 11
2025-08-03 02:59:28,837 - INFO - 生成答案: 

Step 1:First, read the problem and identify what we need to find. We need to find the number of berets James can make.

Step 2:Next, set up equations and perform the calculations. Since James can ma...
2025-08-03 02:59:28,837 - INFO - 提取答案: 2
2025-08-03 02:59:28,837 - INFO - 投票统计: {'voting_method': 'majority', 'best_answer': '2', 'vote_count': 7, 'total_paths': 10, 'valid_paths': 10, 'confidence': 0.7, 'answer_distribution': {'11': 3, '2': 7}, 'selected_path_idx': 1}
2025-08-03 02:59:28,837 - INFO - ==================================================
2025-08-03 02:59:28,838 - INFO - 
==================================================
2025-08-03 02:59:28,838 - INFO - 样本 389: Sally is saving up for a trip to Sea World. She already has $28 saved. It costs her $10 to park, $55...
2025-08-03 02:59:28,838 - INFO - 参考答案: She will be driving 330 miles for her trip because 2 x 165 = <<2*165=330>>330
They will need 11 gallons of gas because 330 / 30 =<<330/30=11>>11
The gas will cost $33 because 11 x 3 = <<11*3=33>>33
Her total cost is $123 because 10 + 55 + 25 + 33 = <<10+55+25+33=123>>123
She needs to save $95 more because 123 - 28 = <<123-28=95>>95
#### 95
2025-08-03 02:59:28,838 - INFO - 提取参考答案: 95
2025-08-03 02:59:28,839 - INFO - 生成答案: 

Step 1:First, read the problem and identify what we need to find. We need to find out how much more Sally will have to save up for the trip.

Step 2:Next, set up equations and perform the calculatio...
2025-08-03 02:59:28,839 - INFO - 提取答案: 78.50
2025-08-03 02:59:28,839 - INFO - 投票统计: {'voting_method': 'majority', 'best_answer': '78.50', 'vote_count': 3, 'total_paths': 10, 'valid_paths': 10, 'confidence': 0.3, 'answer_distribution': {'95': 2, '78.50': 3, '84.50': 1, '75.50': 2, '106.50': 1, '80': 1}, 'selected_path_idx': 1}
2025-08-03 02:59:28,839 - INFO - ==================================================
2025-08-03 02:59:28,840 - INFO - 
==================================================
2025-08-03 02:59:28,840 - INFO - 样本 404: Mark's basketball team scores 25 2 pointers, 8 3 pointers and 10 free throws.  Their opponents score...
2025-08-03 02:59:28,840 - INFO - 参考答案: Mark's team scores 25 2 pointers, meaning they scored 25*2= <<25*2=50>>50 points in 2 pointers.
His team also scores 6 3 pointers, meaning they scored 8*3= 24 points in 3 pointers
They scored 10 free throws, and free throws count as one point so they scored 10*1=<<10*1=10>>10 points in free throws.
All together his team scored 50+24+10= <<50+24+10=84>>84 points
Mark's opponents scored double his team's number of 2 pointers, meaning they scored 50*2=<<50*2=100>>100 points in 2 pointers.
His opponents scored half his team's number of 3 pointers, meaning they scored 24/2= <<24/2=12>>12 points in 3 pointers.
They also scored half Mark's team's points in free throws, meaning they scored 10/2=<<10/2=5>>5 points in free throws.
All together Mark's opponents scored 100+12+5=<<100+12+5=117>>117 points
The total score for the game is both team's scores added together, so it is 84+117=<<84+117=201>>201 points
#### 201
2025-08-03 02:59:28,840 - INFO - 提取参考答案: 201
2025-08-03 02:59:28,841 - INFO - 生成答案: 

Step 1:First, read the problem and identify what we need to find. We need to find the total number of points scored by both teams added together.

Step 2:Next, set up equations and perform the calcu...
2025-08-03 02:59:28,841 - INFO - 提取答案: 143
2025-08-03 02:59:28,841 - INFO - 投票统计: {'voting_method': 'majority', 'best_answer': '143', 'vote_count': 4, 'total_paths': 10, 'valid_paths': 10, 'confidence': 0.4, 'answer_distribution': {'201': 2, '165': 1, '143': 4, '193': 3}, 'selected_path_idx': 2}
2025-08-03 02:59:28,841 - INFO - ==================================================
2025-08-03 02:59:28,841 - INFO - 
==================================================
2025-08-03 02:59:28,842 - INFO - 样本 409: Kirt has a $6000 monthly salary when he started his job. After a year of working, his salary increas...
2025-08-03 02:59:28,842 - INFO - 参考答案: His annual salary for the first year of working is 6000 x 12= $<<6000*12=72000>>72000.
Kirt's monthly increase is $6000 x 30/100= $<<6000*30/100=1800>>1800.
So, he received $6000 + $1800= $<<6000+1800=7800>>7800 monthly on the second and third year of working.
Kirt's annual salary in the second and third year was $7800 x 12 = $93600.

Thus, his total earning after 3 years is $72000 + $93600 + $93600 = $<<72000+93600+93600=259200>>259200.
#### 259200
2025-08-03 02:59:28,842 - INFO - 提取参考答案: 259200
2025-08-03 02:59:28,842 - INFO - 生成答案: 

Step 1:First, read the problem and identify what we need to find. We need to find Kirt's total earnings after 3 years.

Step 2:Next, set up equations and perform the calculations. Kirt's monthly sal...
2025-08-03 02:59:28,842 - INFO - 提取答案: 280800
2025-08-03 02:59:28,843 - INFO - 投票统计: {'voting_method': 'majority', 'best_answer': '280800', 'vote_count': 3, 'total_paths': 10, 'valid_paths': 10, 'confidence': 0.3, 'answer_distribution': {'280800': 3, '270000': 1, '237000': 1, '23400': 1, '225000': 1, '225600': 2, '243600': 1}, 'selected_path_idx': 0}
2025-08-03 02:59:28,843 - INFO - ==================================================
2025-08-03 02:59:28,843 - INFO - 
==================================================
2025-08-03 02:59:28,843 - INFO - 样本 426: The power goes out in Brianna's house one night so she and her family gather all their candles and f...
2025-08-03 02:59:28,844 - INFO - 参考答案: For every one of the 8 rooms in the house, there are 2 flashlights, 8 x 2 = <<8*2=16>>16 flashlights.
For every person there is 1 flashlight, 1 x 4 people = <<1*4=4>>4 flashlights.
Total, there are 16 + 4 = <<16+4=20>>20 flashlights in the house being used by Brianna and her family.
For half of the 8 rooms, there are 4 small candles each, 8/2 x 4 = <<8/2*4=16>>16 small candles in half the rooms.
For the other half of the 8 rooms, there are 5 medium candles each, 8/2 x 5 = <<8/2*5=20>>20 medium candles in all the rooms.
Total, there are 16 + 20 = <<16+20=36>>36 candles in the house.
Combined, there are 20 flashlights + 36 candles = <<20+36=56>>56 flashlights and candles in the house.
#### 56
2025-08-03 02:59:28,844 - INFO - 提取参考答案: 56
2025-08-03 02:59:28,844 - INFO - 生成答案: 

Step 1:First, read the problem and identify what we need to find. We need to find the total number of candles and flashlights Brianna's family is using when the lights go out.

Step 2:Next, set up e...
2025-08-03 02:59:28,844 - INFO - 提取答案: 40
2025-08-03 02:59:28,844 - INFO - 投票统计: {'voting_method': 'majority', 'best_answer': '40', 'vote_count': 7, 'total_paths': 10, 'valid_paths': 10, 'confidence': 0.7, 'answer_distribution': {'42': 1, '48': 1, '40': 7, '60': 1}, 'selected_path_idx': 2}
2025-08-03 02:59:28,845 - INFO - ==================================================
2025-08-03 02:59:28,845 - INFO - 
==================================================
2025-08-03 02:59:28,845 - INFO - 样本 459: Max watches a show every day that airs from 2:00 pm to 2:30 pm and only airs during weekdays. If he ...
2025-08-03 02:59:28,846 - INFO - 参考答案: The show runs from 2:00 pm to 2:30 pm so that is 30 minutes.
From Monday to Thursday, he watched a total of 30 * 4 = <<30*4=120>>120 minutes.
In hours, this is equal to 120 / 60 = <<120/60=2>>2 hours.
#### 2
2025-08-03 02:59:28,846 - INFO - 提取参考答案: 2
2025-08-03 02:59:28,846 - INFO - 生成答案: 

Step 1:First, read the problem and identify what we need to find. We need to find the number of hours Max watched the show.

Step 2:Next, set up equations and perform the calculations. Max watches t...
2025-08-03 02:59:28,846 - INFO - 提取答案: 2.5
2025-08-03 02:59:28,847 - INFO - 投票统计: {'voting_method': 'majority', 'best_answer': '2.5', 'vote_count': 8, 'total_paths': 10, 'valid_paths': 10, 'confidence': 0.8, 'answer_distribution': {'2': 2, '2.5': 8}, 'selected_path_idx': 1}
2025-08-03 02:59:28,847 - INFO - ==================================================
2025-08-03 02:59:28,847 - INFO - 
==================================================
2025-08-03 02:59:28,847 - INFO - 样本 460: Janet filmed a new movie that is 60% longer than her previous 2-hour long movie.  Her previous movie...
2025-08-03 02:59:28,847 - INFO - 参考答案: The first movie was 2*60=<<2*60=120>>120 minutes
So this movie is 120*.6=<<120*.6=72>>72 minutes longer
So this movie is 192 minutes
It also cost 50*2=$<<50*2=100>>100 per minute to film
So it cost 192*100=$1920
#### 1920
2025-08-03 02:59:28,848 - INFO - 提取参考答案: 1920
2025-08-03 02:59:28,848 - INFO - 生成答案: 

Step 1:First, read the problem and identify what we need to find. We need to find the total amount of money required to film Janet's entire newest film.

Step 2:Next, set up equations and perform th...
2025-08-03 02:59:28,848 - INFO - 提取答案: 19200
2025-08-03 02:59:28,848 - INFO - 投票统计: {'voting_method': 'majority', 'best_answer': '19200', 'vote_count': 2, 'total_paths': 10, 'valid_paths': 10, 'confidence': 0.2, 'answer_distribution': {'19200': 2, '25200': 2, '19300': 1, '19210': 1, '13200': 1, '300': 1, '24000': 1, '12000': 1}, 'selected_path_idx': 0}
2025-08-03 02:59:28,848 - INFO - ==================================================
2025-08-03 02:59:28,849 - INFO - 
==================================================
2025-08-03 02:59:28,849 - INFO - 样本 476: Johnny is buying planks of wood to build some tables. Each table needs a plank of wood for each of t...
2025-08-03 02:59:28,849 - INFO - 参考答案: Each table needs 1 plank of wood * 4 legs = <<1*4=4>>4 planks of wood for the legs.
This means each table needs 4 planks of wood for legs + 5 planks of wood for the surface = <<4+5=9>>9 planks of wood.
To build 5 tables, Johnny will therefore need 9 planks of wood * 5 tables = <<9*5=45>>45 planks of wood.
#### 45
2025-08-03 02:59:28,849 - INFO - 提取参考答案: 45
2025-08-03 02:59:28,850 - INFO - 生成答案: 

Step 1:First, read the problem and identify what we need to find. We need to find the total number of planks of wood that Johnny needs.

Step 2:Next, set up equations and perform the calculations. E...
2025-08-03 02:59:28,850 - INFO - 提取答案: 35
2025-08-03 02:59:28,850 - INFO - 投票统计: {'voting_method': 'majority', 'best_answer': '35', 'vote_count': 5, 'total_paths': 10, 'valid_paths': 10, 'confidence': 0.5, 'answer_distribution': {'35': 5, '50': 2, '75': 2, '45': 1}, 'selected_path_idx': 0}
2025-08-03 02:59:28,850 - INFO - ==================================================
2025-08-03 02:59:28,850 - INFO - 
==================================================
2025-08-03 02:59:28,851 - INFO - 样本 484: At the duck park, there are 25 mallard ducks and ten less than twice as many geese as ducks.  Then, ...
2025-08-03 02:59:28,851 - INFO - 参考答案: Initially, twice as many geese as ducks is 25*2=<<25*2=50>>50 geese.
Therefore, ten less than twice as many geese as ducks is 50-10=<<50-10=40>>40 geese.
Then, 4 ducks arrived at the park, resulting in 25+4=<<4+25=29>>29 ducks.
Five less than 15 geese is 15-5=<<15-5=10>>10 geese.
Thus, if 5 less than 15 geese leave, then 40-10=30 geese remain.
Thus, there are 30-29=<<30-29=1>>1 more geese than ducks remaining at the park.
#### 1
2025-08-03 02:59:28,851 - INFO - 提取参考答案: 1
2025-08-03 02:59:28,851 - INFO - 生成答案: 

Step 1:First, read the problem and identify what we need to find. We need to find the difference between the number of geese and ducks remaining at the park.

Step 2:Next, set up equations and perfo...
2025-08-03 02:59:28,852 - INFO - 提取答案: -19
2025-08-03 02:59:28,852 - INFO - 投票统计: {'voting_method': 'majority', 'best_answer': '-19', 'vote_count': 5, 'total_paths': 10, 'valid_paths': 10, 'confidence': 0.5, 'answer_distribution': {'1': 3, '-19': 5, '19': 2}, 'selected_path_idx': 1}
2025-08-03 02:59:28,852 - INFO - ==================================================
2025-08-03 02:59:28,852 - INFO - 
==================================================
2025-08-03 02:59:28,852 - INFO - 样本 489: Fishio posted her selfie on Instagram. She received 2000 likes on the photo after 1 week. Three week...
2025-08-03 02:59:28,853 - INFO - 参考答案: After receiving 2000 likes on her photo on Instagram on the first week, Fishio received 70*2000 = <<70*2000=140000>>140000 new likes on the photo after three more weeks.
The total number of likes in the four weeks is 140000+2000 = <<140000+2000=142000>>142000
If Fishio received 20000 more likes recently, the number of likes on the photo is 142000+20000=<<142000+20000=162000>>162000
#### 162000
2025-08-03 02:59:28,853 - INFO - 提取参考答案: 162000
2025-08-03 02:59:28,853 - INFO - 生成答案: 

Step 1:First, read the problem and identify what we need to find. We need to find the current number of Instagram likes.

Step 2:Next, set up equations and perform the calculations. The number of li...
2025-08-03 02:59:28,853 - INFO - 提取答案: 160000
2025-08-03 02:59:28,853 - INFO - 投票统计: {'voting_method': 'majority', 'best_answer': '160000', 'vote_count': 7, 'total_paths': 10, 'valid_paths': 10, 'confidence': 0.7, 'answer_distribution': {'160000': 7, '20200': 1, '3120': 1, '28000': 1}, 'selected_path_idx': 0}
2025-08-03 02:59:28,854 - INFO - ==================================================
2025-08-03 02:59:28,854 - INFO - 
==================================================
2025-08-03 02:59:28,854 - INFO - 样本 501: Maria is baking cookies for Sally. Sally says that she wants 1/4 of her cookies to have nuts in them...
2025-08-03 02:59:28,854 - INFO - 参考答案: 35% of the cookies have nuts and chocolate chips because 100 - 25 - 40 = <<100-25-40=35>>35
60% of the cookies have nuts in them because 25 + 35 = <<25+35=60>>60
She makes 36 cookies with nuts in them because 60 x .6 =<<36=36>>36
She needs 72 nuts because 36 x 2 = <<36*2=72>>72
#### 72
2025-08-03 02:59:28,855 - INFO - 提取参考答案: 72
2025-08-03 02:59:28,855 - INFO - 生成答案: 

Step 1:First, read the problem and identify what we need to find. We need to find the number of nuts needed to make 60 cookies.

Step 2:Next, set up equations and perform the calculations. The total...
2025-08-03 02:59:28,855 - INFO - 提取答案: 30
2025-08-03 02:59:28,855 - INFO - 投票统计: {'voting_method': 'majority', 'best_answer': '30', 'vote_count': 4, 'total_paths': 10, 'valid_paths': 10, 'confidence': 0.4, 'answer_distribution': {'24': 1, '30': 4, '42': 2, '78': 1, '72': 1, '14': 1}, 'selected_path_idx': 1}
2025-08-03 02:59:28,855 - INFO - ==================================================
2025-08-03 02:59:28,856 - INFO - 
==================================================
2025-08-03 02:59:28,856 - INFO - 样本 513: The jumbo bottle of shampoo costs $24.00.  The directions say to use 2 pumps of shampoo and this wil...
2025-08-03 02:59:28,856 - INFO - 参考答案: 2 pumps will give you 120 washes so if she only uses 1 pump per wash she doubles the number of washes so she now has 120*2 = <<120*2=240>>240 washes
The bottle costs $24.00 and she will 240 washes so each wash is 24/240 = $<<24/240=0.10>>0.10
#### 10
2025-08-03 02:59:28,856 - INFO - 提取参考答案: 10
2025-08-03 02:59:28,857 - INFO - 生成答案: 

Step 1:First, read the problem and identify what we need to find. We need to find the cost of each pump in cents.

Step 2:Next, set up equations and perform the calculations. The total number of was...
2025-08-03 02:59:28,857 - INFO - 提取答案: 20
2025-08-03 02:59:28,857 - INFO - 投票统计: {'voting_method': 'majority', 'best_answer': '20', 'vote_count': 6, 'total_paths': 10, 'valid_paths': 10, 'confidence': 0.6, 'answer_distribution': {'40': 1, '10': 1, '1200': 2, '20': 6}, 'selected_path_idx': 3}
2025-08-03 02:59:28,857 - INFO - ==================================================
2025-08-03 02:59:28,858 - INFO - 
==================================================
2025-08-03 02:59:28,858 - INFO - 样本 523: Billy is volunteering his time to help people do their taxes. He can help 2 people per hour for 3 ho...
2025-08-03 02:59:28,858 - INFO - 参考答案: First find the number of days between March 1st and April 19th: 31 days + 19 days = <<31+19=50>>50 days
Then subtract the percentage of time Billy takes off from 100% to find the percentage of time he works: 100% - 20% = 80%
Then multiply that number by 80% to find the number of days Billy works: 50 days * 80% = <<50*80*.01=40>>40 days
Then find how many people Billy can help per day: 2 people/hour * 3 hours/day = <<2*3=6>>6 people/day
Then multiply the number of people he helps per day by the number of days he works to find the total number of people he helps: 6 people/day * 40 days = <<6*40=240>>240 people
#### 240
2025-08-03 02:59:28,858 - INFO - 提取参考答案: 240
2025-08-03 02:59:28,858 - INFO - 生成答案: 

Step 1:First, read the problem and identify what we need to find. We need to find the total number of people Billy helped.

Step 2:Next, set up equations and perform the calculations. Since Billy ca...
2025-08-03 02:59:28,859 - INFO - 提取答案: 144
2025-08-03 02:59:28,859 - INFO - 投票统计: {'voting_method': 'majority', 'best_answer': '144', 'vote_count': 4, 'total_paths': 10, 'valid_paths': 10, 'confidence': 0.4, 'answer_distribution': {'162': 1, '144': 4, '150': 4, '126': 1}, 'selected_path_idx': 1}
2025-08-03 02:59:28,859 - INFO - ==================================================
2025-08-03 02:59:28,859 - INFO - 
==================================================
2025-08-03 02:59:28,860 - INFO - 样本 533: Mckenna starts her day at 8:00 a.m. She works in her office up to 11:00 a.m. then joins her team of ...
2025-08-03 02:59:28,860 - INFO - 参考答案: From 8:00 to 11:00, Mckenna spends 11:00-8:00 = 3 hours at work
When she joins the developers in the conference room for the meeting, she spends an additional 13:00-11:00 = 2 hours at work.
So far, she has spent 3+2 = <<3+2=5>>5 hours at work.
When she works for an additional 2 hours before heading home, her total work hours become 5+2 = <<5+2=7>>7 hours
#### 7
2025-08-03 02:59:28,860 - INFO - 提取参考答案: 7
2025-08-03 02:59:28,860 - INFO - 生成答案: 

Step 1:First, read the problem and identify what we need to find. We need to find the number of hours Mckenna stays at work.

Step 2:Next, set up equations and perform the calculations. Mckenna star...
2025-08-03 02:59:28,860 - INFO - 提取答案: 10
2025-08-03 02:59:28,861 - INFO - 投票统计: {'voting_method': 'majority', 'best_answer': '10', 'vote_count': 6, 'total_paths': 10, 'valid_paths': 10, 'confidence': 0.6, 'answer_distribution': {'10': 6, '7': 4}, 'selected_path_idx': 0}
2025-08-03 02:59:28,861 - INFO - ==================================================
2025-08-03 02:59:28,861 - INFO - 
==================================================
2025-08-03 02:59:28,861 - INFO - 样本 535: In 5 years, Heath will be 3 times as old as Jude.  If Heath is 16 years old today, how old is Jude t...
2025-08-03 02:59:28,861 - INFO - 参考答案: In 5 years, Heath will be 16 + 5 = <<16+5=21>>21 years old.
In 5 years, Jude will be 21 / 3 = <<21/3=7>>7 years old.
The difference in their ages is 21 - 7 = <<21-7=14>>14 years.
Today, Jude will be 16 - 14 = <<16-14=2>>2 years old.
#### 2
2025-08-03 02:59:28,862 - INFO - 提取参考答案: 2
2025-08-03 02:59:28,862 - INFO - 生成答案: 

Step 1:First, read the problem and identify what we need to find. We need to find Jude's current age.

Step 2:Next, set up equations and perform the calculations. Let x be Jude's current age. In 5 y...
2025-08-03 02:59:28,862 - INFO - 提取答案: 7
2025-08-03 02:59:28,862 - INFO - 投票统计: {'voting_method': 'majority', 'best_answer': '7', 'vote_count': 6, 'total_paths': 10, 'valid_paths': 10, 'confidence': 0.6, 'answer_distribution': {'7': 6, '2': 4}, 'selected_path_idx': 0}
2025-08-03 02:59:28,862 - INFO - ==================================================
2025-08-03 02:59:28,863 - INFO - 
==================================================
2025-08-03 02:59:28,863 - INFO - 样本 536: James injured his ankle and decides to slowly start working back up to his previous running goals an...
2025-08-03 02:59:28,863 - INFO - 参考答案: He wants to run 100*.2=<<100*.2=20>>20 miles more than he used to
So he needs to run 100+20=<<100+20=120>>120 miles
He is doing this in 280/7=<<280/7=40>>40 weeks
So he needs to add 120/40=<<120/40=3>>3 miles per week
#### 3
2025-08-03 02:59:28,863 - INFO - 提取参考答案: 3
2025-08-03 02:59:28,863 - INFO - 生成答案: 

Step 1:First, read the problem and identify what we need to find. We need to find the number of miles James needs to add per week.

Step 2:Next, set up equations and perform the calculations. Let's ...
2025-08-03 02:59:28,864 - INFO - 提取答案: 2.86
2025-08-03 02:59:28,864 - INFO - 投票统计: {'voting_method': 'majority', 'best_answer': '2.86', 'vote_count': 2, 'total_paths': 10, 'valid_paths': 10, 'confidence': 0.2, 'answer_distribution': {'0.5': 1, '5': 1, '\\frac{1}{14}': 1, '8/1325': 1, '2.86': 2, '6.86': 1, '120': 1, '\\frac{3}{7}': 1, '3': 1}, 'selected_path_idx': 4}
2025-08-03 02:59:28,864 - INFO - ==================================================
2025-08-03 02:59:28,865 - INFO - 
==================================================
2025-08-03 02:59:28,865 - INFO - 样本 573: Julia’s boat sprang a leak while she was out on the lake. The boat was taking on two liters of water...
2025-08-03 02:59:28,865 - INFO - 参考答案: It took Julia 64 seconds to reach shore, so it took 64 / 16 = <<64/16=4>>4 times rowing 20 feet to reach the shore.
Thus, she had to row 20 * 4 = <<20*4=80>>80 feet back to shore.
In those 80 feet, she took on 2 liters of water 80 / 10 = <<80/10=8>>8 times.
Thus, the boat had taken on 8 * 2 = <<8*2=16>>16 liters of water by the time Julia reached the shore.
#### 16
2025-08-03 02:59:28,865 - INFO - 提取参考答案: 16
2025-08-03 02:59:28,866 - INFO - 生成答案: 

Step 1:First, read the problem and identify what we need to find. We need to find the total amount of water that the boat took on during the entire trip.

Step 2:Next, set up equations and perform t...
2025-08-03 02:59:28,866 - INFO - 提取答案: 8
2025-08-03 02:59:28,866 - INFO - 投票统计: {'voting_method': 'majority', 'best_answer': '8', 'vote_count': 3, 'total_paths': 10, 'valid_paths': 10, 'confidence': 0.3, 'answer_distribution': {'8': 3, '25.6': 1, '12.8': 3, '16': 3}, 'selected_path_idx': 0}
2025-08-03 02:59:28,866 - INFO - ==================================================
2025-08-03 02:59:28,866 - INFO - 
==================================================
2025-08-03 02:59:28,867 - INFO - 样本 580: A new factory opens up and hires 20 people to make t-shirts.  Each person makes on average 20 shirts...
2025-08-03 02:59:28,867 - INFO - 参考答案: Each employee gets paid 20*5=$<<20*5=100>>100 for the shirts they make
They also get paid 12*8=$<<12*8=96>>96 for hours worked
So they get a total of 100+96=$<<100+96=196>>196 per day
That means employee cost is 20*196=$<<20*196=3920>>3920
The factory makes 20*20=<<20*20=400>>400 shirts
So they make 400*35=$<<400*35=14000>>14,000 from selling shirts
So they made a profit of 14,000-3,920-1,000=$<<14000-3920-1000=9080>>9,080
#### 9080
2025-08-03 02:59:28,867 - INFO - 提取参考答案: 9080
2025-08-03 02:59:28,867 - INFO - 生成答案: 

Step 1:First, read the problem and identify what we need to find. We need to find the daily profits of the company.

Step 2:Next, set up equations and perform the calculations. The total number of s...
2025-08-03 02:59:28,867 - INFO - 提取答案: 10080
2025-08-03 02:59:28,868 - INFO - 投票统计: {'voting_method': 'majority', 'best_answer': '10080', 'vote_count': 4, 'total_paths': 10, 'valid_paths': 10, 'confidence': 0.4, 'answer_distribution': {'10080': 4, '9080': 4, '-26920': 1, '-28920': 1}, 'selected_path_idx': 0}
2025-08-03 02:59:28,868 - INFO - ==================================================
2025-08-03 02:59:28,868 - INFO - 
==================================================
2025-08-03 02:59:28,868 - INFO - 样本 584: Martin rings the small bell 4 times more than 1/3 as often as the big bell. If he rings both of them...
2025-08-03 02:59:28,869 - INFO - 参考答案: Let s be the number of times the small bell rings, and b be the number of times the big bell rings. We know that s + b = 52 and s = 4 + 1/3b.
Substituting the second equation into the first equation, we get 4 + 1/3b + b = 52
Subtracting 4 from both sides, we get 1/3b + b = 48
Combining like terms, we get 4/3b = 48
Dividing both sides of the equation by 4/3, we get b = 36
#### 36
2025-08-03 02:59:28,869 - INFO - 提取参考答案: 36
2025-08-03 02:59:28,869 - INFO - 生成答案: 

Step 1:First, read the problem and identify what we need to find. We need to find the number of times Martin rings the big bell.

Step 2:Next, set up equations and perform the calculations. Let's sa...
2025-08-03 02:59:28,869 - INFO - 提取答案: 24
2025-08-03 02:59:28,869 - INFO - 投票统计: {'voting_method': 'majority', 'best_answer': '24', 'vote_count': 8, 'total_paths': 10, 'valid_paths': 10, 'confidence': 0.8, 'answer_distribution': {'24': 8, '30': 1, '36': 1}, 'selected_path_idx': 0}
2025-08-03 02:59:28,870 - INFO - ==================================================
2025-08-03 02:59:28,870 - INFO - 
==================================================
2025-08-03 02:59:28,870 - INFO - 样本 585: A wild tiger escapes the zoo.  He escapes at 1 AM and zookeepers do not notice he is missing until 4...
2025-08-03 02:59:28,870 - INFO - 参考答案: He was running for 4-1=<<4-1=3>>3 hours
So in that time he runs 3*25=<<3*25=75>>75 miles
Since he slowed down after 4 hours, the time he spent running at 25mph was an additional 4-3=<<4-3=1>>1 hours
So in the first hour they were finding him, he ran 1*25=<<1*25=25>>25 miles
In the second hour they were finding him, he ran 1*10=<<1*10=10>>10 miles
Finally, during the chase, he ran 50*.5=<<50*.5=25>>25 miles
So he is 75+25+10+25=<<75+25+10+25=135>>135 miles away
#### 135
2025-08-03 02:59:28,870 - INFO - 提取参考答案: 135
2025-08-03 02:59:28,871 - INFO - 生成答案: 

Step 1:First, read the problem and identify what we need to find. We need to find the distance the tiger was caught from the zoo.

Step 2:Next, set up equations and perform the calculations. The tig...
2025-08-03 02:59:28,871 - INFO - 提取答案: 145
2025-08-03 02:59:28,871 - INFO - 投票统计: {'voting_method': 'majority', 'best_answer': '145', 'vote_count': 10, 'total_paths': 10, 'valid_paths': 10, 'confidence': 1.0, 'answer_distribution': {'145': 10}, 'selected_path_idx': 0}
2025-08-03 02:59:28,871 - INFO - ==================================================
2025-08-03 02:59:28,872 - INFO - 
==================================================
2025-08-03 02:59:28,872 - INFO - 样本 598: Arnold's collagen powder has 18 grams of protein for every 2 scoops.  His protein powder has 21 gram...
2025-08-03 02:59:28,872 - INFO - 参考答案: 2 scoops of collagen powder have 18 grams of protein and he only has 1 scoop so he consumes 18/2 = <<18/2=9>>9 grams of protein
He has 9 grams collagen powder, 21 grams of protein powder and 56 grams in his steak for a total of 9+21+56 = <<9+21+56=86>>86 grams of protein
#### 86
2025-08-03 02:59:28,872 - INFO - 提取参考答案: 86
2025-08-03 02:59:28,872 - INFO - 生成答案: 

Step 1:First, read the problem and identify what we need to find. We need to find the total amount of protein that Arnold will consume.

Step 2:Next, set up equations and perform the calculations. A...
2025-08-03 02:59:28,873 - INFO - 提取答案: 95
2025-08-03 02:59:28,873 - INFO - 投票统计: {'voting_method': 'majority', 'best_answer': '95', 'vote_count': 10, 'total_paths': 10, 'valid_paths': 10, 'confidence': 1.0, 'answer_distribution': {'95': 10}, 'selected_path_idx': 0}
2025-08-03 02:59:28,873 - INFO - ==================================================
2025-08-03 02:59:28,873 - INFO - 
==================================================
2025-08-03 02:59:28,873 - INFO - 样本 599: Joseph had socks of many different colors. His dresser drawer was filled to overflowing with red, bl...
2025-08-03 02:59:28,874 - INFO - 参考答案: Starting with 6 red socks, twice the number of blue socks as red meant Joseph had 2*6=12 blue socks.
With one less pair of red socks than white socks, this meant 2 fewer red socks than white, for a total of 6-2=<<6-2=4>>4 white socks.
Also, 12 blue socks=6 pairs of blue socks.
With three more pairs of blue socks than pairs of black socks, this means he had 6-3=<<6-3=3>>3 pairs of black socks.
And three pairs of black socks corresponds to 3*2=<<3*2=6>>6 black socks.
Thus, in total, he had 6+12+4+6=<<6+12+4+6=28>>28 socks.
#### 28
2025-08-03 02:59:28,874 - INFO - 提取参考答案: 28
2025-08-03 02:59:28,874 - INFO - 生成答案: 

Step 1:First, read the problem and identify what we need to find. We need to find the total number of Joseph's socks.

Step 2:Next, set up equations and perform the calculations. Let's denote the nu...
2025-08-03 02:59:28,874 - INFO - 提取答案: 38
2025-08-03 02:59:28,875 - INFO - 投票统计: {'voting_method': 'majority', 'best_answer': '38', 'vote_count': 2, 'total_paths': 10, 'valid_paths': 10, 'confidence': 0.2, 'answer_distribution': {'38': 2, '30': 1, '78': 1, '46': 2, '26': 2, '40': 1, '50': 1}, 'selected_path_idx': 0}
2025-08-03 02:59:28,875 - INFO - ==================================================
2025-08-03 02:59:28,875 - INFO - 
==================================================
2025-08-03 02:59:28,875 - INFO - 样本 607: Mary just arrived at the beach. She has 4 times as many towels as Frances does. The total weight of ...
2025-08-03 02:59:28,875 - INFO - 参考答案: Frances has 24/4 = <<24/4=6>>6 towels.
They have 24+6=<<24+6=30>>30 towels.
Each towel weighs 60/30=<<60/30=2>>2 pounds.
Frances’s towels weigh a total of 2*4 = <<2*4=8>>8 pounds
Frances’s towels weigh a total of 8*16 = <<8*16=128>>128 ounces
#### 128
2025-08-03 02:59:28,876 - INFO - 提取参考答案: 128
2025-08-03 02:59:28,876 - INFO - 生成答案: 

Step 1:First, read the problem and identify what we need to find. We need to find the weight of Frances's towels in ounces.

Step 2:Next, set up equations and perform the calculations. Since Mary ha...
2025-08-03 02:59:28,876 - INFO - 提取答案: 576
2025-08-03 02:59:28,876 - INFO - 投票统计: {'voting_method': 'majority', 'best_answer': '576', 'vote_count': 6, 'total_paths': 10, 'valid_paths': 10, 'confidence': 0.6, 'answer_distribution': {'192': 2, '3072': 1, '384': 1, '576': 6}, 'selected_path_idx': 4}
2025-08-03 02:59:28,876 - INFO - ==================================================
2025-08-03 02:59:28,877 - INFO - 
==================================================
2025-08-03 02:59:28,877 - INFO - 样本 616: Annie calculated she has three times more toys than Mike, and two less than Tom. Mike has 6 toys. Ho...
2025-08-03 02:59:28,877 - INFO - 参考答案: Annie has three times more toys than Mike, which means she has 3 * 6 = <<3*6=18>>18 more toys than Mike.
Annie has a total of 18+6= <<18+6=24>>24 toys.
Tom has two toys more than Annie, so he has 24 + 2 = <<24+2=26>>26 toys.
In total Annie, Mike, and Tom have 6 + 24 + 26 = <<6+24+26=56>>56 toys.
#### 56
2025-08-03 02:59:28,877 - INFO - 提取参考答案: 56
2025-08-03 02:59:28,878 - INFO - 生成答案: 

Step 1:First, read the problem and identify what we need to find. We need to find the total number of toys that Annie, Mike, and Tom have.

Step 2:Next, set up equations and perform the calculations...
2025-08-03 02:59:28,878 - INFO - 提取答案: 44
2025-08-03 02:59:28,878 - INFO - 投票统计: {'voting_method': 'majority', 'best_answer': '44', 'vote_count': 10, 'total_paths': 10, 'valid_paths': 10, 'confidence': 1.0, 'answer_distribution': {'44': 10}, 'selected_path_idx': 0}
2025-08-03 02:59:28,878 - INFO - ==================================================
2025-08-03 02:59:28,879 - INFO - 
==================================================
2025-08-03 02:59:28,879 - INFO - 样本 625: John drives for 3 hours at a speed of 60 mph and then turns around because he realizes he forgot som...
2025-08-03 02:59:28,879 - INFO - 参考答案: When he turned around he was 3*60=<<3*60=180>>180 miles from home
He was only able to drive 4-2=<<4-2=2>>2 hours in the first four hours
In half an hour he goes 30*.5=<<30*.5=15>>15 miles
He then drives another 2-.5=<<2-.5=1.5>>1.5 hours
In that time he goes 80*1.5=<<80*1.5=120>>120 miles
So he drove 120+15=<<120+15=135>>135 miles
So he is 180-135=<<180-135=45>>45 miles away from home
#### 45
2025-08-03 02:59:28,879 - INFO - 提取参考答案: 45
2025-08-03 02:59:28,879 - INFO - 生成答案: 

Step 1:First, read the problem and identify what we need to find. We need to find the distance John is from home at the end of the 4 hours.

Step 2:Next, set up equations and perform the calculation...
2025-08-03 02:59:28,880 - INFO - 提取答案: 315
2025-08-03 02:59:28,880 - INFO - 投票统计: {'voting_method': 'majority', 'best_answer': '315', 'vote_count': 4, 'total_paths': 10, 'valid_paths': 10, 'confidence': 0.4, 'answer_distribution': {'315': 4, '580': 1, '120': 1, '355': 2, '295': 1, '255': 1}, 'selected_path_idx': 0}
2025-08-03 02:59:28,880 - INFO - ==================================================
2025-08-03 02:59:28,880 - INFO - 
==================================================
2025-08-03 02:59:28,880 - INFO - 样本 631: John repairs 5 cars.  3 of the cars take 40 minutes each to repair.  The remaining ones take 50% lon...
2025-08-03 02:59:28,881 - INFO - 参考答案: The 3 cars take 3*40=<<3*40=120>>120 minutes to make
He repairs 5-3=<<5-3=2>>2 more cars
They each take 40*.5=<<40*.5=20>>20 minutes longer per car
So they each take 40+20=<<40+20=60>>60 minutes
So he repaired cars for 120+2*60=<<120+2*60=240>>240 minutes
That is 240/60=<<240/60=4>>4 hours
So he made 4*20=$<<4*20=80>>80
#### 80
2025-08-03 02:59:28,881 - INFO - 提取参考答案: 80
2025-08-03 02:59:28,881 - INFO - 生成答案: 

Step 1:First, read the problem and identify what we need to find. We need to find the amount of money John makes repairing cars.

Step 2:Next, set up equations and perform the calculations. The tota...
2025-08-03 02:59:28,881 - INFO - 提取答案: 160
2025-08-03 02:59:28,881 - INFO - 投票统计: {'voting_method': 'majority', 'best_answer': '160', 'vote_count': 4, 'total_paths': 10, 'valid_paths': 10, 'confidence': 0.4, 'answer_distribution': {'160': 4, '66.66': 1, '73.33': 2, '80': 2, '1440': 1}, 'selected_path_idx': 0}
2025-08-03 02:59:28,882 - INFO - ==================================================
2025-08-03 02:59:28,882 - INFO - 
==================================================
2025-08-03 02:59:28,882 - INFO - 样本 637: There are 4 more Muscovy ducks than Cayugas, and 3 more than twice as many Cayugas as Khaki Campbell...
2025-08-03 02:59:28,882 - INFO - 参考答案: Let x represent the number of Khaki Campbell ducks.
Cayugas:3+2x
Muscovies:4+(3+2x)=7+2x
Total: x+3+2x+7+2x=90
5x+10=90
5x=80
x=<<16=16>>16
Muscovy: 7+2(16)=39
#### 39
2025-08-03 02:59:28,883 - INFO - 提取参考答案: 39
2025-08-03 02:59:28,883 - INFO - 生成答案: 

Step 1:First, read the problem and identify what we need to find. We need to find the number of Muscovy ducks.

Step 2:Next, set up equations and perform the calculations. Let x be the number of Kha...
2025-08-03 02:59:28,883 - INFO - 提取答案: 32
2025-08-03 02:59:28,883 - INFO - 投票统计: {'voting_method': 'majority', 'best_answer': '32', 'vote_count': 2, 'total_paths': 10, 'valid_paths': 10, 'confidence': 0.2, 'answer_distribution': {'32': 2, '38': 1, '39': 2, '36': 2, '90': 1, '35': 1, '86': 1}, 'selected_path_idx': 0}
2025-08-03 02:59:28,883 - INFO - ==================================================
2025-08-03 02:59:28,884 - INFO - 
==================================================
2025-08-03 02:59:28,884 - INFO - 样本 652: Rob, Royce, and Pedro are contractors getting ready to put a new roof on three homes. If the three h...
2025-08-03 02:59:28,884 - INFO - 参考答案: Let x be the number of cases of shingles for the second house
The first house needs 1/2 x cases of shingles
The third house needs 2(1/2)x=x cases of shingles
250=x+x+(1/2)x
250=(5/2)x
250(2/5)=100=x
The third house needs 100 cases of shingles
#### 100
2025-08-03 02:59:28,884 - INFO - 提取参考答案: 100
2025-08-03 02:59:28,885 - INFO - 生成答案: 

Step 1:First, read the problem and identify what we need to find. We need to find the number of cases of shingles the third house will need.

Step 2:Next, set up equations and perform the calculatio...
2025-08-03 02:59:28,885 - INFO - 提取答案: 250
2025-08-03 02:59:28,885 - INFO - 投票统计: {'voting_method': 'majority', 'best_answer': '250', 'vote_count': 2, 'total_paths': 10, 'valid_paths': 10, 'confidence': 0.2, 'answer_distribution': {'83.33': 1, '334': 1, '250': 2, '62.5': 1, '71.43': 1, '0': 1, '143': 1, '71.42857142857143': 1, '144': 1}, 'selected_path_idx': 2}
2025-08-03 02:59:28,885 - INFO - ==================================================
2025-08-03 02:59:28,885 - INFO - 
==================================================
2025-08-03 02:59:28,886 - INFO - 样本 653: Jason has six fish in his aquarium. He realizes that every day the number of fish doubles. On the th...
2025-08-03 02:59:28,886 - INFO - 参考答案: Start by finding how many fish were in the aquarium on the third day 6 * 2 * 2 = <<6*2*2=24>>24.
On day three, Jason took out one-third of the fish 24 / 3 = <<24/3=8>>8.
So at the end of day three, he has 24 - 8 = <<24-8=16>>16 fish.
On day five he has 16 * 2 * 2 = 64 fish, but he takes out one-fourth.
So he took out 64 / 4 = <<64/4=16>>16 fishes.
So at the end of day five, he has 64 - 16 = <<64-16=48>>48 fish.
On day seven he has 48 * 2 * 2 = <<48*2*2=192>>192 fish.
He adds in 15 more, so he has 192 + 15 = <<192+15=207>>207 fish in total.
#### 207
2025-08-03 02:59:28,886 - INFO - 提取参考答案: 207
2025-08-03 02:59:28,886 - INFO - 生成答案: 

Step 1:First, read the problem and identify what we need to find. We need to find the total number of fish Jason has after all the operations.

Step 2:Next, set up equations and perform the calculat...
2025-08-03 02:59:28,886 - INFO - 提取答案: 63
2025-08-03 02:59:28,887 - INFO - 投票统计: {'voting_method': 'majority', 'best_answer': '63', 'vote_count': 3, 'total_paths': 10, 'valid_paths': 10, 'confidence': 0.3, 'answer_distribution': {'207': 1, '399': 1, '63': 3, '111': 3, '48': 1, '96': 1}, 'selected_path_idx': 2}
2025-08-03 02:59:28,887 - INFO - ==================================================
2025-08-03 02:59:28,887 - INFO - 
==================================================
2025-08-03 02:59:28,887 - INFO - 样本 656: Lex is picking apples in his apple orchard when he notices some of the apples have bruises and some ...
2025-08-03 02:59:28,888 - INFO - 参考答案: A fifth of the apples have worms, so Lex has to throw 85 / 5 = <<85/5=17>>17 apples away.
Nine more have bruises than worms, so Lex has 17 + 9 = <<17+9=26>>26 apples for applesauce.
He picked 85 apples, so Lex has 85 - 26 - 17 = <<85-26-17=42>>42 apples left to eat raw.
#### 42
2025-08-03 02:59:28,888 - INFO - 提取参考答案: 42
2025-08-03 02:59:28,888 - INFO - 生成答案: 

Step 1:First, read the problem and identify what we need to find. We need to find the number of apples Lex will have left to eat raw.

Step 2:Next, set up equations and perform the calculations. The...
2025-08-03 02:59:28,888 - INFO - 提取答案: 54
2025-08-03 02:59:28,888 - INFO - 投票统计: {'voting_method': 'majority', 'best_answer': '54', 'vote_count': 3, 'total_paths': 10, 'valid_paths': 10, 'confidence': 0.3, 'answer_distribution': {'45': 1, '41': 1, '0': 1, '42': 2, '57': 1, '56': 1, '54': 3}, 'selected_path_idx': 6}
2025-08-03 02:59:28,889 - INFO - ==================================================
2025-08-03 02:59:28,889 - INFO - 
==================================================
2025-08-03 02:59:28,889 - INFO - 样本 669: Each solid 10-foot section of a redwood tree weighs 400 pounds. Termites ate 30% of this redwood's w...
2025-08-03 02:59:28,889 - INFO - 参考答案: First find how many 10-foot sections are in the redwood: 200 feet / 10 feet/section = <<200/10=20>>20 sections
Then multiply the number of sections by the weight of each section to find the total weight of the redwood: 20 sections * 400 pounds/section = <<20*400=8000>>8000 pounds
Then find the amount of the wood the termites ate: 8000 pounds * 30% = <<8000*30*.01=2400>>2400 pounds
Then subtract that amount from the total weight of the wood: 8000 pounds - 2400 pounds = <<8000-2400=5600>>5600 pounds
#### 5600
2025-08-03 02:59:28,890 - INFO - 提取参考答案: 5600
2025-08-03 02:59:28,890 - INFO - 生成答案: 

Step 1:First, read the problem and identify what we need to find. We need to find the total weight of the redwood.

Step 2:Next, set up equations and perform the calculations. The total weight of th...
2025-08-03 02:59:28,890 - INFO - 提取答案: 56000
2025-08-03 02:59:28,890 - INFO - 投票统计: {'voting_method': 'majority', 'best_answer': '56000', 'vote_count': 4, 'total_paths': 10, 'valid_paths': 10, 'confidence': 0.4, 'answer_distribution': {'56000': 4, '7280': 1, '5714': 1, '8000': 1, '5600': 3}, 'selected_path_idx': 0}
2025-08-03 02:59:28,890 - INFO - ==================================================
2025-08-03 02:59:28,891 - INFO - 
==================================================
2025-08-03 02:59:28,891 - INFO - 样本 671: John plays a game for 4 hours a day every day for 2 weeks.  After all that time, he is only 40% done...
2025-08-03 02:59:28,891 - INFO - 参考答案: There are 7*2=<<7*2=14>>14 days in two weeks
So he played 14*4=<<14*4=56>>56 hours
That means the total length of the game is 56/.4=<<56/.4=140>>140 hours
So he has 140-56=<<140-56=84>>84 hours to beat the game
So it will take him 84/7=<<84/7=12>>12 days to beat the game
#### 12
2025-08-03 02:59:28,891 - INFO - 提取参考答案: 12
2025-08-03 02:59:28,891 - INFO - 生成答案: 

Step 1:First, read the problem and identify what we need to find. We need to find out how long it will take John to finish the game after he increases his playtime to 7 hours a day.

Step 2:Next, se...
2025-08-03 02:59:28,892 - INFO - 提取答案: 20
2025-08-03 02:59:28,892 - INFO - 投票统计: {'voting_method': 'majority', 'best_answer': '20', 'vote_count': 4, 'total_paths': 10, 'valid_paths': 10, 'confidence': 0.4, 'answer_distribution': {'20': 4, '2.065': 1, '11.67': 1, '48': 1, '6': 1, '8': 1, '10': 1}, 'selected_path_idx': 0}
2025-08-03 02:59:28,892 - INFO - ==================================================
2025-08-03 02:59:28,893 - INFO - 
==================================================
2025-08-03 02:59:28,893 - INFO - 样本 701: Steve loves playing video games.  His parents get him a console along with 5 games for his birthday....
2025-08-03 02:59:28,893 - INFO - 参考答案: Steve buys 1 game a month his first year, and since there are 12 months in a year that means he buys 12*1=<<1*12=12>>12 games
Steve then buys 2 games per month for a year, and since there are 12 months in a year that means he buys 12*2=<<2*12=24>>24 games
Steve then buys 4 games per month for a year, and since there are 12 months in a year that means he buys 12*4=<<4*12=48>>48 games
Steve also gets 5 games for Christmas each year for three years, for another 5*3=<<5*3=15>>15 games.
In total over three years, Steve gets 12+24+48+15=<<12+24+48+15=99>>99 games
Since Steve started with 5 games, he has 5+99=<<5+99=104>>104 games after 3 years
#### 104
2025-08-03 02:59:28,893 - INFO - 提取参考答案: 104
2025-08-03 02:59:28,893 - INFO - 生成答案: 

Step 1:First, read the problem and identify what we need to find. We need to find the total number of games Steve has after 3 years.

Step 2:Next, set up equations and perform the calculations. For ...
2025-08-03 02:59:28,894 - INFO - 提取答案: 53
2025-08-03 02:59:28,894 - INFO - 投票统计: {'voting_method': 'majority', 'best_answer': '53', 'vote_count': 4, 'total_paths': 10, 'valid_paths': 10, 'confidence': 0.4, 'answer_distribution': {'53': 4, '58': 1, '87': 2, '114': 1, '104': 1, '75': 1}, 'selected_path_idx': 0}
2025-08-03 02:59:28,894 - INFO - ==================================================
2025-08-03 02:59:28,894 - INFO - 
==================================================
2025-08-03 02:59:28,895 - INFO - 样本 708: A judge oversaw seventeen court cases. Two were immediately dismissed from court. Two-thirds of the ...
2025-08-03 02:59:28,895 - INFO - 参考答案: The judge dismissed 2 cases, leaving 17 - 2 = <<17-2=15>>15 cases.
Of the remaining 15 cases, 2 / 3 * 15 = <<2/3*15=10>>10 were ruled innocent.
One ruling was delayed, so the judge ruled guilty on 15 - 10 - 1 = <<15-10-1=4>>4 cases.
#### 4
2025-08-03 02:59:28,895 - INFO - 提取参考答案: 4
2025-08-03 02:59:28,895 - INFO - 生成答案: 

Step 1:First, read the problem and identify what we need to find. We need to find the number of cases in which the judge ruled guilty.

Step 2:Next, set up equations and perform the calculations. Th...
2025-08-03 02:59:28,895 - INFO - 提取答案: 5
2025-08-03 02:59:28,896 - INFO - 投票统计: {'voting_method': 'majority', 'best_answer': '5', 'vote_count': 6, 'total_paths': 10, 'valid_paths': 10, 'confidence': 0.6, 'answer_distribution': {'5': 6, '4': 4}, 'selected_path_idx': 0}
2025-08-03 02:59:28,896 - INFO - ==================================================
2025-08-03 02:59:28,896 - INFO - 
==================================================
2025-08-03 02:59:28,896 - INFO - 样本 709: Colin can skip at six times the speed that Brandon can.  Brandon can skip at one-third the speed tha...
2025-08-03 02:59:28,896 - INFO - 参考答案: Tony can skip at twice the speed that Bruce can, for a speed of 1*2=<<1*2=2>>2 miles per hour.
Brandon can skip at one-third the speed that Tony can, for a speed of 2*(1/3) = 2/3 miles per hour.
Colin can skip at six times the speed that Brandon can, for a speed of (2/3*6=4 miles per hour).
#### 4
2025-08-03 02:59:28,897 - INFO - 提取参考答案: 4
2025-08-03 02:59:28,897 - INFO - 生成答案: 

Step 1:First, read the problem and identify what we need to find. We need to find the speed at which Colin can skip.

Step 2:Next, set up equations and perform the calculations. Since Tony can skip ...
2025-08-03 02:59:28,897 - INFO - 提取答案: 8
2025-08-03 02:59:28,897 - INFO - 投票统计: {'voting_method': 'majority', 'best_answer': '8', 'vote_count': 8, 'total_paths': 10, 'valid_paths': 10, 'confidence': 0.8, 'answer_distribution': {'8': 8, '4': 2}, 'selected_path_idx': 0}
2025-08-03 02:59:28,897 - INFO - ==================================================
2025-08-03 02:59:28,898 - INFO - 
==================================================
2025-08-03 02:59:28,898 - INFO - 样本 710: A 26-mile circular marathon has four checkpoints inside it. The first is one mile from the start lin...
2025-08-03 02:59:28,898 - INFO - 参考答案: The checkpoints are 1 mile from the start and finish, so they are spaced along 26 - 1 - 1 = 24 miles.
There are 4 equally spaced checkpoints, so the checkpoints are 24 / 4 = <<24/4=6>>6 miles apart.
#### 6
2025-08-03 02:59:28,898 - INFO - 提取参考答案: 6
2025-08-03 02:59:28,898 - INFO - 生成答案: 

Step 1:First, read the problem and identify what we need to find. We need to find the distance between consecutive checkpoints.

Step 2:Next, set up equations and perform the calculations. The total...
2025-08-03 02:59:28,899 - INFO - 提取答案: 8
2025-08-03 02:59:28,899 - INFO - 投票统计: {'voting_method': 'majority', 'best_answer': '8', 'vote_count': 9, 'total_paths': 10, 'valid_paths': 10, 'confidence': 0.9, 'answer_distribution': {'8': 9, '6': 1}, 'selected_path_idx': 0}
2025-08-03 02:59:28,899 - INFO - ==================================================
2025-08-03 02:59:28,899 - INFO - 
==================================================
2025-08-03 02:59:28,899 - INFO - 样本 712: Mr. Isaac rides his bicycle at the rate of 10 miles per hour for 30 minutes. If he rides for another...
2025-08-03 02:59:28,900 - INFO - 参考答案: If in one hour he covers 10 miles and rides for 15 miles at the rate of 10 miles per hour, then the time taken for the 15 miles will be 15/10 = <<15/10=1.5>>1.5 hours.
The time in minutes is 1.5 * 60 = <<1.5*60=90>>90 minutes.
The time taken for the remaining 20 miles at a rate of 10 miles per hour is 20/10= <<20/10=2>>2 hours.
The time in minutes is 2*60 = <<2*60=120>>120 minutes.
The total time taken for the whole journey is the first 30 minutes + 90 + 30 minutes for resting +120 minutes = <<30+90+30+120=270>>270 minutes.
#### 270
2025-08-03 02:59:28,900 - INFO - 提取参考答案: 270
2025-08-03 02:59:28,900 - INFO - 生成答案: 

Step 1:First, read the problem and identify what we need to find. We need to find the total time it took Mr. Isaac to travel the whole journey.

Step 2:Next, set up equations and perform the calcula...
2025-08-03 02:59:28,900 - INFO - 提取答案: 195
2025-08-03 02:59:28,900 - INFO - 投票统计: {'voting_method': 'majority', 'best_answer': '195', 'vote_count': 2, 'total_paths': 10, 'valid_paths': 10, 'confidence': 0.2, 'answer_distribution': {'195': 2, '270': 1, '180': 1, '150': 1, '210': 1, '240': 1, '450': 1, '90': 1, '147.5': 1}, 'selected_path_idx': 0}
2025-08-03 02:59:28,901 - INFO - ==================================================
2025-08-03 02:59:28,901 - INFO - 
==================================================
2025-08-03 02:59:28,901 - INFO - 样本 718: Gervais drove an average of 315 miles for 3 days. Henri drove a total of 1,250 miles over one week. ...
2025-08-03 02:59:28,901 - INFO - 参考答案: Gervais drove 3*315 = <<3*315=945>>945 miles
1250 - 945 = <<1250-945=305>>305 miles
Henri drove 305 miles farther.
#### 305
2025-08-03 02:59:28,902 - INFO - 提取参考答案: 305
2025-08-03 02:59:28,902 - INFO - 生成答案: 

Step 1:First, read the problem and identify what we need to find. We need to find out how many miles farther Henri drove compared to Gervais.

Step 2:Next, set up equations and perform the calculati...
2025-08-03 02:59:28,902 - INFO - 提取答案: 935
2025-08-03 02:59:28,902 - INFO - 投票统计: {'voting_method': 'majority', 'best_answer': '935', 'vote_count': 5, 'total_paths': 10, 'valid_paths': 10, 'confidence': 0.5, 'answer_distribution': {'935': 5, '305': 5}, 'selected_path_idx': 0}
2025-08-03 02:59:28,902 - INFO - ==================================================
2025-08-03 02:59:28,903 - INFO - 
==================================================
2025-08-03 02:59:28,903 - INFO - 样本 724: James has 20 pairs of red socks and half as many black socks.  He has twice as many white socks as r...
2025-08-03 02:59:28,903 - INFO - 参考答案: He has 20/2=<<20/2=10>>10 black socks
So he has 20+10=<<20+10=30>>30 black and red socks
So he has 30*2=<<30*2=60>>60 white socks
So he has 60+30=<<60+30=90>>90 total socks
#### 90
2025-08-03 02:59:28,903 - INFO - 提取参考答案: 90
2025-08-03 02:59:28,903 - INFO - 生成答案: 

Step 1:First, read the problem and identify what we need to find. We need to find the total number of socks James has.

Step 2:Next, set up equations and perform the calculations. James has 20 pairs...
2025-08-03 02:59:28,904 - INFO - 提取答案: 180
2025-08-03 02:59:28,904 - INFO - 投票统计: {'voting_method': 'majority', 'best_answer': '180', 'vote_count': 9, 'total_paths': 10, 'valid_paths': 10, 'confidence': 0.9, 'answer_distribution': {'180': 9, '90': 1}, 'selected_path_idx': 0}
2025-08-03 02:59:28,904 - INFO - ==================================================
2025-08-03 02:59:28,905 - INFO - 
==================================================
2025-08-03 02:59:28,905 - INFO - 样本 754: A shopping center sells T-shirts at $8 each, a sweater at $18,  and a jacket at $80. The jacket is o...
2025-08-03 02:59:28,905 - INFO - 参考答案: The six T-shirts cost 6 x $8 = $<<6*8=48>>48.
The four sweaters cost 4 x $18 = $<<4*18=72>>72.
And five jackets normally cost 5 x $80 = $<<5*80=400>>400.
So, a discount of 10/100 x $400 = $<<10/100*400=40>>40 for the five jackets.
Thus, the selling price of the five jackets is $400 - $40 = $<<400-40=360>>360.
Hence, the total cost of all the items is $48 + $72 + $360 = $<<48+72+360=480>>480.
The sales tax is equal to 5/100 x $480 = $<<5/100*480=24>>24.
Therefore, Kevin has to pay $480 + $24 = $<<480+24=504>>504. including the sales tax.
#### 504
2025-08-03 02:59:28,905 - INFO - 提取参考答案: 504
2025-08-03 02:59:28,906 - INFO - 生成答案: 

Step 1:First, read the problem and identify what we need to find. We need to find the total cost of the items Kevin wants to buy, including the sales tax.

Step 2:Next, set up equations and perform ...
2025-08-03 02:59:28,906 - INFO - 提取答案: 546
2025-08-03 02:59:28,906 - INFO - 投票统计: {'voting_method': 'majority', 'best_answer': '546', 'vote_count': 7, 'total_paths': 10, 'valid_paths': 10, 'confidence': 0.7, 'answer_distribution': {'546': 7, '504': 3}, 'selected_path_idx': 0}
2025-08-03 02:59:28,906 - INFO - ==================================================
2025-08-03 02:59:28,906 - INFO - 
==================================================
2025-08-03 02:59:28,907 - INFO - 样本 755: There were 50 candies left in a bowl after Shelly ate 20 candies the previous week. Her friend comes...
2025-08-03 02:59:28,907 - INFO - 参考答案: The total number of candies Shelley had before eating some is 50 + 20 = <<50+20=70>>70 candies.
When her friend came over, she brought 2*70 = <<2*70=140>>140 candies.
The total number of candies in the bowl is now 140+50= <<140+50=190>>190 candies.
When they divide this equally between them, each gets 190/2 = <<190/2=95>>95 candies.
When Shelly’s friend eats 10 of her candies, she still has 95-10 = <<95-10=85>>85 candies.
#### 85
2025-08-03 02:59:28,907 - INFO - 提取参考答案: 85
2025-08-03 02:59:28,907 - INFO - 生成答案: 

Step 1:First, read the problem and identify what we need to find. We need to find the amount of candies that Shelly's friend had after eating 10 candies.

Step 2:Next, set up equations and perform t...
2025-08-03 02:59:28,907 - INFO - 提取答案: 35
2025-08-03 02:59:28,908 - INFO - 投票统计: {'voting_method': 'majority', 'best_answer': '35', 'vote_count': 4, 'total_paths': 10, 'valid_paths': 10, 'confidence': 0.4, 'answer_distribution': {'85': 1, '90': 1, '120': 1, '35': 4, '95': 1, '65': 2}, 'selected_path_idx': 3}
2025-08-03 02:59:28,908 - INFO - ==================================================
2025-08-03 02:59:28,908 - INFO - 
==================================================
2025-08-03 02:59:28,908 - INFO - 样本 763: Jordan has a new hit song on Spotify. 3 months are left in the year, and she currently has 60,000 li...
2025-08-03 02:59:28,908 - INFO - 参考答案: In the first month, the song will have 60,000 * 2 = <<60000*2=120000>>120,000 listens.
In the second month, the song will have 120000 * 2 = <<120000*2=240000>>240,000 listens.
In the third month, the song will have 240000 * 2 = <<240000*2=480000>>480,000 listens.
By the end of the year Jordan's song will have a total of 60,000 + 120,000 + 240,000 + 480,000 = <<60000+120000+240000+480000=900000>>900,000 listens.
#### 900000
2025-08-03 02:59:28,909 - INFO - 提取参考答案: 900000
2025-08-03 02:59:28,909 - INFO - 生成答案: 

Step 1:First, read the problem and identify what we need to find. We need to find the total number of listens the song will have by the end of the year.

Step 2:Next, set up equations and perform th...
2025-08-03 02:59:28,909 - INFO - 提取答案: 420000
2025-08-03 02:59:28,909 - INFO - 投票统计: {'voting_method': 'majority', 'best_answer': '420000', 'vote_count': 6, 'total_paths': 10, 'valid_paths': 10, 'confidence': 0.6, 'answer_distribution': {'480000': 1, '900000': 2, '420000': 6, '360000': 1}, 'selected_path_idx': 2}
2025-08-03 02:59:28,910 - INFO - ==================================================
2025-08-03 02:59:28,910 - INFO - 
==================================================
2025-08-03 02:59:28,910 - INFO - 样本 766: Marcus is trying to decide whether he really needs to do his homework. There's a 50% chance that tom...
2025-08-03 02:59:28,910 - INFO - 参考答案: First find the chance that the normal teacher comes in by subtracting the odds she doesn't from 100%: 100% - 50% = 50%
Then find the chance the teacher doesn't grant the whole class an extension by subtracting the chance she does from 100%: 100% - 40% = 60%
Then find the chance that Marcus can't get a personal extension by subtracting the chance he does from 100%: 100% - 20% = 80%
Now find the chance the teacher comes in AND doesn't grant the whole class an extension by multiplying the two independent probabilities: .6 * .5 = <<.6*.5=.3>>.3
Now multiply that probability by the probability Marcus can't get a personal extension to find the probability he actually has to turn in his homework: .3 * .8 = <<.3*.8=.24>>.24
Finally, multiply the decimal probability by 100 to express it as a percentage: .24 * 100% = <<.24*100=24>>24%
#### 24
2025-08-03 02:59:28,910 - INFO - 提取参考答案: 24
2025-08-03 02:59:28,911 - INFO - 生成答案: 

Step 1:First, read the problem and identify what we need to find. We need to find the percentage chance that Marcus will actually have to turn in his homework tomorrow.

Step 2:Next, set up equation...
2025-08-03 02:59:28,911 - INFO - 提取答案: 10
2025-08-03 02:59:28,911 - INFO - 投票统计: {'voting_method': 'majority', 'best_answer': '10', 'vote_count': 6, 'total_paths': 10, 'valid_paths': 10, 'confidence': 0.6, 'answer_distribution': {'30': 1, '20': 1, '10': 6, '72': 1, '68': 1}, 'selected_path_idx': 2}
2025-08-03 02:59:28,911 - INFO - ==================================================
2025-08-03 02:59:28,912 - INFO - 
==================================================
2025-08-03 02:59:28,912 - INFO - 样本 781: Dani brings two and half dozen cupcakes for her 2nd-grade class.  There are 27 students (including D...
2025-08-03 02:59:28,912 - INFO - 参考答案: Dani brings 2.5 x 12 = <<2.5*12=30>>30 cupcakes.
She needs this many cupcakes to feed everyone in class 27 + 2 = <<27+2=29>>29.
With the 3 students calling in sick, there are this many people in class today 29 - 3 = <<29-3=26>>26.
There are this many cupcakes left after everyone gets one 30 - 26 = <<30-26=4>>4 cupcakes.
#### 4
2025-08-03 02:59:28,912 - INFO - 提取参考答案: 4
2025-08-03 02:59:28,912 - INFO - 生成答案: 

Step 1:First, read the problem and identify what we need to find. We need to find the number of cupcakes left after Dani gives one to everyone in the class.

Step 2:Next, set up equations and perfor...
2025-08-03 02:59:28,913 - INFO - 提取答案: 6
2025-08-03 02:59:28,913 - INFO - 投票统计: {'voting_method': 'majority', 'best_answer': '6', 'vote_count': 5, 'total_paths': 10, 'valid_paths': 10, 'confidence': 0.5, 'answer_distribution': {'6': 5, '-9': 1, '0': 1, '1': 1, '4': 1, '15': 1}, 'selected_path_idx': 0}
2025-08-03 02:59:28,913 - INFO - ==================================================
2025-08-03 02:59:28,913 - INFO - 
==================================================
2025-08-03 02:59:28,914 - INFO - 样本 785: Mike decides he wants to replace his movie collection with digital versions.  He has 600 movies.  A ...
2025-08-03 02:59:28,914 - INFO - 参考答案: There are 600/3=<<600/3=200>>200 movies in series
So he pays 200*6=$<<200*6=1200>>1200
He has 600-200=<<600-200=400>>400 movies not in series
400*.4=<<400*.4=160>>160 movies are old
So those cost 160*5=$<<160*5=800>>800
400-160=<<400-160=240>>240 movies are neither old nor in series
They cost 240*10=$<<240*10=2400>>2400
So the total cost is 1200+800+2400=$<<1200+800+2400=4400>>4400
#### 4400
2025-08-03 02:59:28,914 - INFO - 提取参考答案: 4400
2025-08-03 02:59:28,914 - INFO - 生成答案: 

Step 1:First, read the problem and identify what we need to find. We need to find the cost of replacing the movies.

Step 2:Next, set up equations and perform the calculations. Mike has 600 movies. ...
2025-08-03 02:59:28,914 - INFO - 提取答案: 6000
2025-08-03 02:59:28,915 - INFO - 投票统计: {'voting_method': 'majority', 'best_answer': '6000', 'vote_count': 8, 'total_paths': 10, 'valid_paths': 10, 'confidence': 0.8, 'answer_distribution': {'6000': 8, '4400': 2}, 'selected_path_idx': 0}
2025-08-03 02:59:28,915 - INFO - ==================================================
2025-08-03 02:59:28,915 - INFO - 
==================================================
2025-08-03 02:59:28,915 - INFO - 样本 792: Adonis is playing a prank on his dad by replacing his shampoo with hot sauce. Every day, after his d...
2025-08-03 02:59:28,915 - INFO - 参考答案: Each day, the shampoo bottle goes down 1/2 an ounce because 1 - (1/2) = 1/2
After four days the shampoo bottle is 2 ounces lower because 4 x (1/2) = <<4*(1/2)=2>>2
After four days, the shampoo bottle has 8 ounces of liquid left because 10 -2 = <<10-2=8>>8
After four days the shampoo bottle has 2 ounces of hot sauce 4 x (1/2) = <<4*(1/2)=2>>2
The proportion of hot sauce in the bottle is .25 because 2 / 8 = <<2/8=.25>>.25
The percentage of hot sauce is 25% because .25 x 100 = <<.25*100=25>>25
#### 25
2025-08-03 02:59:28,916 - INFO - 提取参考答案: 25
2025-08-03 02:59:28,916 - INFO - 生成答案: 

Step 1:First, read the problem and identify what we need to find. We need to find the percentage of the liquid in the bottle that is hot sauce.

Step 2:Next, set up equations and perform the calcula...
2025-08-03 02:59:28,916 - INFO - 提取答案: 16.67
2025-08-03 02:59:28,916 - INFO - 投票统计: {'voting_method': 'majority', 'best_answer': '16.67', 'vote_count': 3, 'total_paths': 10, 'valid_paths': 10, 'confidence': 0.3, 'answer_distribution': {'16.67': 3, '14.29': 1, '33.33': 3, '25': 2, '20': 1}, 'selected_path_idx': 0}
2025-08-03 02:59:28,916 - INFO - ==================================================
2025-08-03 02:59:28,917 - INFO - 
==================================================
2025-08-03 02:59:28,917 - INFO - 样本 800: In a room, there are various toys: 5 red cars, 3 action figures, and a doll. The doll cost as much a...
2025-08-03 02:59:28,917 - INFO - 参考答案: Three actions figures are worth 3 * 5 = $<<3*5=15>>15, as much as the doll.
The red cars are worth 5 * 4 = $<<5*4=20>>20.
So all toys are worth 20 + 15 + 15 = $<<20+15+15=50>>50.
#### 50
2025-08-03 02:59:28,917 - INFO - 提取参考答案: 50
2025-08-03 02:59:28,918 - INFO - 生成答案: 

Step 1:First, read the problem and identify what we need to find. We need to find the total value of all the toys.

Step 2:Next, set up equations and perform the calculations. Let's denote the price...
2025-08-03 02:59:28,918 - INFO - 提取答案: 48
2025-08-03 02:59:28,918 - INFO - 投票统计: {'voting_method': 'majority', 'best_answer': '48', 'vote_count': 2, 'total_paths': 10, 'valid_paths': 10, 'confidence': 0.2, 'answer_distribution': {'59': 1, '48': 2, '39': 2, '50': 2, '80': 2, '24': 1}, 'selected_path_idx': 1}
2025-08-03 02:59:28,918 - INFO - ==================================================
2025-08-03 02:59:28,918 - INFO - 
==================================================
2025-08-03 02:59:28,919 - INFO - 样本 805: Although Soledad works in a windowless office, she loves the outdoors. She will be on vacation for t...
2025-08-03 02:59:28,919 - INFO - 参考答案: June has 30 days, so Soledad must hike 9,300 miles / 30 days = <<9300/30=310>>310 miles/day
Initially, she wanted to hike 2 times/day * 125 miles/time = <<2*125=250>>250 miles/day
To complete her journey, she must increase her hike by 310 miles/day - 250 miles/day = 60 miles/day
#### 60
2025-08-03 02:59:28,919 - INFO - 提取参考答案: 60
2025-08-03 02:59:28,919 - INFO - 生成答案: 

Step 1:First, read the problem and identify what we need to find. We need to find the number of additional miles per day Soledad needs to hike to complete her journey on time.

Step 2:Next, set up e...
2025-08-03 02:59:28,920 - INFO - 提取答案: 185
2025-08-03 02:59:28,920 - INFO - 投票统计: {'voting_method': 'majority', 'best_answer': '185', 'vote_count': 3, 'total_paths': 10, 'valid_paths': 10, 'confidence': 0.3, 'answer_distribution': {'185': 3, '3': 1, '370': 1, '1800': 2, '60': 2, '245': 1}, 'selected_path_idx': 0}
2025-08-03 02:59:28,920 - INFO - ==================================================
2025-08-03 02:59:28,920 - INFO - 
==================================================
2025-08-03 02:59:28,920 - INFO - 样本 807: Tom decides to give his wife an anniversary getaway.  The plane tickets cost $5000 each.  The hotel ...
2025-08-03 02:59:28,921 - INFO - 参考答案: The hotel room is 1500*.2=$<<1500*.2=300>>300 more expensive per night than normal
So they paid 1500+300=$<<1500+300=1800>>1800 per night
That means she paid 1800*3=$<<1800*3=5400>>5400
The plane tickets cost 5000*2=$<<5000*2=10000>>10,000
So the total cost is 10,000+5400=$<<10000+5400=15400>>15,400
#### 15400
2025-08-03 02:59:28,921 - INFO - 提取参考答案: 15400
2025-08-03 02:59:28,921 - INFO - 生成答案: 

Step 1:First, read the problem and identify what we need to find. We need to find the total cost of the trip.

Step 2:Next, set up equations and perform the calculations. The normal price of the hot...
2025-08-03 02:59:28,921 - INFO - 提取答案: 16400
2025-08-03 02:59:28,921 - INFO - 投票统计: {'voting_method': 'majority', 'best_answer': '16400', 'vote_count': 9, 'total_paths': 10, 'valid_paths': 10, 'confidence': 0.9, 'answer_distribution': {'16400': 9, '18000': 1}, 'selected_path_idx': 0}
2025-08-03 02:59:28,922 - INFO - ==================================================
2025-08-03 02:59:28,922 - INFO - 
==================================================
2025-08-03 02:59:28,922 - INFO - 样本 808: James gets 10 new CDs.  Each CD cost $15.  He gets them for 40% off.  He decides he doesn't like 5 o...
2025-08-03 02:59:28,922 - INFO - 参考答案: He got a 15*.4=$<<15*.4=6>>6 discount on each CD
That means each CD cost 15-6=$<<15-6=9>>9
So he paid 10*9=$<<10*9=90>>90
That means he was out 90-40=$<<90-40=50>>50
#### 50
2025-08-03 02:59:28,922 - INFO - 提取参考答案: 50
2025-08-03 02:59:28,923 - INFO - 生成答案: 

Step 1:First, read the problem and identify what we need to find. We need to find the total amount of money James spent.

Step 2:Next, set up equations and perform the calculations. The original pri...
2025-08-03 02:59:28,923 - INFO - 提取答案: 110
2025-08-03 02:59:28,923 - INFO - 投票统计: {'voting_method': 'majority', 'best_answer': '110', 'vote_count': 6, 'total_paths': 10, 'valid_paths': 10, 'confidence': 0.6, 'answer_distribution': {'35': 1, '110': 6, '-50': 1, '-110': 2}, 'selected_path_idx': 1}
2025-08-03 02:59:28,923 - INFO - ==================================================
2025-08-03 02:59:28,923 - INFO - 
==================================================
2025-08-03 02:59:28,924 - INFO - 样本 812: Carolyn counts 6 monkeys and 6 birds in the tree outside her window. Then two of the monkeys each ea...
2025-08-03 02:59:28,924 - INFO - 参考答案: First find the new number of birds: 6 birds - 2 birds = <<6-2=4>>4 birds
Then find the new total number of animals: 6 monkeys + 4 birds = <<6+4=10>>10 animals
Then divide the number of monkeys by the number of animals and multiply by 100% to express the answer as a percentage: 6 monkeys / 10 animals * 100% = 60%
#### 60
2025-08-03 02:59:28,924 - INFO - 提取参考答案: 60
2025-08-03 02:59:28,924 - INFO - 生成答案: 

Step 1:First, read the problem and identify what we need to find. We need to find the percentage of animals that are monkeys after the two monkeys eat the birds.

Step 2:Next, set up equations and p...
2025-08-03 02:59:28,924 - INFO - 提取答案: 50
2025-08-03 02:59:28,925 - INFO - 投票统计: {'voting_method': 'majority', 'best_answer': '50', 'vote_count': 8, 'total_paths': 10, 'valid_paths': 10, 'confidence': 0.8, 'answer_distribution': {'54.55': 1, '50': 8, '60': 1}, 'selected_path_idx': 1}
2025-08-03 02:59:28,925 - INFO - ==================================================
2025-08-03 02:59:28,925 - INFO - 
==================================================
2025-08-03 02:59:28,925 - INFO - 样本 829: Kelsey had 2/5 of a tray of eggs that she had brought to Willa's party. Stephanie had also brought h...
2025-08-03 02:59:28,926 - INFO - 参考答案: A tray of eggs has 30 eggs, so Kelsey brought 2/5*30 = <<30*2/5=12>>12 eggs
On the other hand, Stephanie brought 1/2*30 = <<1/2*30=15>>15 eggs to the party.
The total number of eggs that Kelsey and Stephanie brought to Willa's party is 15+12 =<<15+12=27>>27
Alayah brought 27+40 = <<27+40=67>>67 eggs, 40 more than the number brought by Kelsey and Stephanie combined.
Together with Aliyah's eggs, there were a total of 67+27 = <<67+27=94>>94
Willa also had 2*30 = <<2*30=60>>60 eggs from the two trays she had.
In total, there were 94+60 = <<94+60=154>>154 eggs used at the party.
#### 154
2025-08-03 02:59:28,926 - INFO - 提取参考答案: 154
2025-08-03 02:59:28,926 - INFO - 生成答案: 

Step 1:First, read the problem and identify what we need to find. We need to find the total number of eggs that were used at the party.

Step 2:Next, set up equations and perform the calculations. K...
2025-08-03 02:59:28,926 - INFO - 提取答案: 85.6
2025-08-03 02:59:28,927 - INFO - 投票统计: {'voting_method': 'majority', 'best_answer': '85.6', 'vote_count': 4, 'total_paths': 10, 'valid_paths': 10, 'confidence': 0.4, 'answer_distribution': {'85.6': 4, '68': 1, '73': 1, '43x+40': 1, '40': 1, '48': 1, '12.8': 1}, 'selected_path_idx': 0}
2025-08-03 02:59:28,927 - INFO - ==================================================
2025-08-03 02:59:28,927 - INFO - 
==================================================
2025-08-03 02:59:28,927 - INFO - 样本 835: Chris has twelve marbles, and Ryan has twenty-eight marbles. If they put marbles together in a pile ...
2025-08-03 02:59:28,927 - INFO - 参考答案: If Chris and Ryan put together their marbles in a pile, the pile will have 12+28 = <<12+28=40>>40 marbles.
If they then take 1/4 of the marbles each, every person will receive 1/4*40 = <<1/4*40=10>>10 marbles.
Both of them will have taken a total of 10+10 = <<10+10=20>>20 marbles.
The number of marbles remaining in the pile is 40-20 = <<40-20=20>>20
#### 20
2025-08-03 02:59:28,928 - INFO - 提取参考答案: 20
2025-08-03 02:59:28,928 - INFO - 生成答案: 

Step 1:First, read the problem and identify what we need to find. We need to find the number of marbles remaining in the pile.

Step 2:Next, set up equations and perform the calculations. The total ...
2025-08-03 02:59:28,928 - INFO - 提取答案: 30
2025-08-03 02:59:28,928 - INFO - 投票统计: {'voting_method': 'majority', 'best_answer': '30', 'vote_count': 5, 'total_paths': 10, 'valid_paths': 10, 'confidence': 0.5, 'answer_distribution': {'30': 5, '20': 5}, 'selected_path_idx': 0}
2025-08-03 02:59:33,912 - INFO - ==================================================
2025-08-03 02:59:33,913 - INFO - 
==================================================
2025-08-03 02:59:33,913 - INFO - 样本 848: Ms. Jones got thank you cards from 30% of her class. 1/3 of these contained a gift card for $10. If ...
2025-08-03 02:59:33,913 - INFO - 参考答案: She got 5 gift cards because 50 / 10 = <<50/10=5>>5
She got 15 thank you cards because 5 / (1/3) = <<5/(1/3)=15>>15
She has 50 students because 15 / .3 = <<15/.3=50>>50
#### 50
2025-08-03 02:59:33,913 - INFO - 提取参考答案: 50
2025-08-03 02:59:33,913 - INFO - 生成答案: 

Step 1:First, read the problem and identify what we need to find. We need to find the number of students in Ms. Jones' class.

Step 2:Next, set up equations and perform the calculations. Let's assum...
2025-08-03 02:59:33,914 - INFO - 提取答案: 500
2025-08-03 02:59:33,914 - INFO - 投票统计: {'voting_method': 'majority', 'best_answer': '500', 'vote_count': 4, 'total_paths': 10, 'valid_paths': 10, 'confidence': 0.4, 'answer_distribution': {'5': 2, '167': 1, '500': 4, '50': 3}, 'selected_path_idx': 2}
2025-08-03 02:59:33,914 - INFO - ==================================================
2025-08-03 02:59:33,914 - INFO - 
==================================================
2025-08-03 02:59:33,914 - INFO - 样本 849: For the gala luncheon planning committee, Margaret wants to serve chicken salad sandwiches using min...
2025-08-03 02:59:33,915 - INFO - 参考答案: There are 24 people on the committee and she wants 2 sandwiches per person so that's 24*2 = <<24*2=48>>48 sandwiches
She can buy the croissants by the dozen and she needs 48 croissants so she needs 48/12 = <<48/12=4>>4 dozen croissants
A dozen croissants cost $8.00 and she needs 4 dozens so that will costs 8*4 = $<<8*4=32.00>>32.00
#### 32
2025-08-03 02:59:33,915 - INFO - 提取参考答案: 32
2025-08-03 02:59:33,915 - INFO - 生成答案: 

Step 1:First, read the problem and identify what we need to find. We need to find the amount Margaret will spend on croissants.

Step 2:Next, set up equations and perform the calculations. Since the...
2025-08-03 02:59:33,915 - INFO - 提取答案: 16.08
2025-08-03 02:59:33,915 - INFO - 投票统计: {'voting_method': 'majority', 'best_answer': '16.08', 'vote_count': 8, 'total_paths': 10, 'valid_paths': 10, 'confidence': 0.8, 'answer_distribution': {'32': 2, '16.08': 8}, 'selected_path_idx': 1}
2025-08-03 02:59:33,916 - INFO - ==================================================
2025-08-03 02:59:33,916 - INFO - 
==================================================
2025-08-03 02:59:33,916 - INFO - 样本 850: Josh decides to take up juggling to perform at the school talent show a month in the future.  He sta...
2025-08-03 02:59:33,916 - INFO - 参考答案: Josh starts with 3 balls and adds 1 ball each week for 4 weeks for a total of 3+4=<<3+4=7>>7
Josh drops 3 balls when he trips on stage leaving him with 7-3= <<7-3=4>>4 balls
#### 4
2025-08-03 02:59:33,916 - INFO - 提取参考答案: 4
2025-08-03 02:59:33,917 - INFO - 生成答案: 

Step 1:First, read the problem and identify what we need to find. We need to find out how many balls Josh is juggling on stage.

Step 2:Next, set up equations and perform the calculations. Josh star...
2025-08-03 02:59:33,917 - INFO - 提取答案: 5
2025-08-03 02:59:33,917 - INFO - 投票统计: {'voting_method': 'majority', 'best_answer': '5', 'vote_count': 7, 'total_paths': 10, 'valid_paths': 10, 'confidence': 0.7, 'answer_distribution': {'5': 7, '4': 2, '3': 1}, 'selected_path_idx': 0}
2025-08-03 02:59:33,917 - INFO - ==================================================
2025-08-03 02:59:33,918 - INFO - 
==================================================
2025-08-03 02:59:33,918 - INFO - 样本 870: In a week, 450 cars drove through a toll booth. Fifty vehicles went through the toll booth on Monday...
2025-08-03 02:59:33,918 - INFO - 参考答案: There were 50+50 = <<50+50=100>>100 cars that went through the toll booth on Monday and Tuesday.
On Wednesday, the number of cars that went through the toll booth is 2*50 = <<2*50=100>>100.
The exact number of cars passed through the toll booth on Thursday as Wednesday, giving a total of 100+100 = <<100+100=200>>200 vehicles going through the toll booth in the two days.
There were 200+100 = <<200+100=300>>300 cars that passed through the toll booth from Monday to Thursday.
If the total number of cars passed through the toll booth in the week was 450, then 450-300 = <<450-300=150>>150 vehicles went through the toll booth on the remaining days.
Since there were an equal number of cars in the toll booth on each of the remaining days, there were 150/3 = <<150/3=50>>50 cars on each day.
#### 50
2025-08-03 02:59:33,918 - INFO - 提取参考答案: 50
2025-08-03 02:59:33,918 - INFO - 生成答案: 

Step 1:First, read the problem and identify what we need to find. We need to find the total number of cars that passed the toll booth in each of the remaining days.

Step 2:Next, set up equations an...
2025-08-03 02:59:33,919 - INFO - 提取答案: 30
2025-08-03 02:59:33,919 - INFO - 投票统计: {'voting_method': 'majority', 'best_answer': '30', 'vote_count': 9, 'total_paths': 10, 'valid_paths': 10, 'confidence': 0.9, 'answer_distribution': {'30': 9, '50': 1}, 'selected_path_idx': 0}
2025-08-03 02:59:33,919 - INFO - ==================================================
2025-08-03 02:59:33,919 - INFO - 正确率: 89.53%
2025-08-03 02:59:34,013 - INFO - 结果已保存到: /cephfs/shared/sunyifan/Min-p-CoT/grid_search_results/minp_0.2_0.6_0.2_0.8/min_p_cot_results_4-Step-CoT_Llama-3.2-3B-Instruct_GSM8k_0.2_0.6_0.2_0.8_vote10_majority.json
2025-08-03 02:59:34,013 - INFO - 实验完成!
2025-08-03 02:59:34,063 - ERROR - 实验 25 失败: -1
2025-08-03 02:59:34,066 - INFO - 开始实验 26: min-p值 = [0.2, 0.6, 0.2, 0.9]
2025-08-03 02:59:34,067 - INFO - 创建配置文件: /cephfs/shared/sunyifan/Min-p-CoT/grid_search_results/minp_0.2_0.6_0.2_0.9/config_experiment_0.2_0.6_0.2_0.9.json
2025-08-03 02:59:34,068 - INFO - 配置文件加载成功: /cephfs/shared/sunyifan/Min-p-CoT/grid_search_results/minp_0.2_0.6_0.2_0.9/config_experiment_0.2_0.6_0.2_0.9.json
2025-08-03 02:59:34,068 - INFO - 配置文件验证通过
2025-08-03 02:59:34,069 - INFO - 随机种子已设置为: 42
2025-08-03 02:59:34,069 - INFO - 使用已提供的模型实例: Llama-3.2-3B-Instruct
2025-08-03 02:59:34,070 - INFO - 加载数据集: GSM8k
2025-08-03 02:59:34,070 - INFO - 随机种子已设置为: 42
2025-08-03 02:59:34,115 - INFO - 数据集加载完成，共 8792 条数据，已打乱顺序
2025-08-03 02:59:34,116 - INFO - 使用投票机制，每个问题生成 10 条路径
2025-08-03 02:59:34,117 - INFO - 批量生成模式：为 879 个问题各生成 10 条路径
2025-08-03 02:59:34,119 - INFO - 开始CoT生成，共4个步骤:
2025-08-03 02:59:34,121 - INFO - 开始CoT步骤 1，min_p=0.2
2025-08-03 02:59:35,709 - INFO - 开始CoT步骤 2，min_p=0.6
2025-08-03 02:59:43,361 - INFO - 开始CoT步骤 3，min_p=0.2
2025-08-03 02:59:50,142 - INFO - 开始CoT步骤 4，min_p=0.9
2025-08-03 02:59:53,124 - INFO - CoT生成完成，共 879 条CoT
2025-08-03 02:59:53,140 - INFO - 开始CoT生成，共4个步骤:
2025-08-03 02:59:53,142 - INFO - 开始CoT步骤 1，min_p=0.2
2025-08-03 02:59:54,647 - INFO - 开始CoT步骤 2，min_p=0.6
2025-08-03 03:00:02,429 - INFO - 开始CoT步骤 3，min_p=0.2
2025-08-03 03:00:09,054 - INFO - 开始CoT步骤 4，min_p=0.9
2025-08-03 03:00:12,842 - INFO - CoT生成完成，共 879 条CoT
2025-08-03 03:00:12,857 - INFO - 开始CoT生成，共4个步骤:
2025-08-03 03:00:12,858 - INFO - 开始CoT步骤 1，min_p=0.2
2025-08-03 03:00:14,437 - INFO - 开始CoT步骤 2，min_p=0.6
2025-08-03 03:00:22,202 - INFO - 开始CoT步骤 3，min_p=0.2
2025-08-03 03:00:28,700 - INFO - 开始CoT步骤 4，min_p=0.9
2025-08-03 03:00:31,022 - INFO - CoT生成完成，共 879 条CoT
2025-08-03 03:00:31,035 - INFO - 开始CoT生成，共4个步骤:
2025-08-03 03:00:31,035 - INFO - 开始CoT步骤 1，min_p=0.2
2025-08-03 03:00:32,791 - INFO - 开始CoT步骤 2，min_p=0.6
2025-08-03 03:00:40,306 - INFO - 开始CoT步骤 3，min_p=0.2
2025-08-03 03:00:47,061 - INFO - 开始CoT步骤 4，min_p=0.9
2025-08-03 03:00:49,350 - INFO - CoT生成完成，共 879 条CoT
2025-08-03 03:00:49,362 - INFO - 开始CoT生成，共4个步骤:
2025-08-03 03:00:49,362 - INFO - 开始CoT步骤 1，min_p=0.2
2025-08-03 03:00:51,190 - INFO - 开始CoT步骤 2，min_p=0.6
2025-08-03 03:00:58,673 - INFO - 开始CoT步骤 3，min_p=0.2
2025-08-03 03:01:05,450 - INFO - 开始CoT步骤 4，min_p=0.9
2025-08-03 03:01:09,071 - INFO - CoT生成完成，共 879 条CoT
2025-08-03 03:01:09,083 - INFO - 开始CoT生成，共4个步骤:
2025-08-03 03:01:09,084 - INFO - 开始CoT步骤 1，min_p=0.2
2025-08-03 03:01:10,708 - INFO - 开始CoT步骤 2，min_p=0.6
2025-08-03 03:01:18,544 - INFO - 开始CoT步骤 3，min_p=0.2
2025-08-03 03:01:25,149 - INFO - 开始CoT步骤 4，min_p=0.9
2025-08-03 03:01:28,873 - INFO - CoT生成完成，共 879 条CoT
2025-08-03 03:01:28,888 - INFO - 开始CoT生成，共4个步骤:
2025-08-03 03:01:28,889 - INFO - 开始CoT步骤 1，min_p=0.2
2025-08-03 03:01:30,495 - INFO - 开始CoT步骤 2，min_p=0.6
2025-08-03 03:01:38,257 - INFO - 开始CoT步骤 3，min_p=0.2
2025-08-03 03:01:44,929 - INFO - 开始CoT步骤 4，min_p=0.9
2025-08-03 03:01:47,908 - INFO - CoT生成完成，共 879 条CoT
2025-08-03 03:01:47,920 - INFO - 开始CoT生成，共4个步骤:
2025-08-03 03:01:47,921 - INFO - 开始CoT步骤 1，min_p=0.2
2025-08-03 03:01:49,619 - INFO - 开始CoT步骤 2，min_p=0.6
2025-08-03 03:01:57,406 - INFO - 开始CoT步骤 3，min_p=0.2
2025-08-03 03:02:03,856 - INFO - 开始CoT步骤 4，min_p=0.9
2025-08-03 03:02:05,944 - INFO - CoT生成完成，共 879 条CoT
2025-08-03 03:02:05,956 - INFO - 开始CoT生成，共4个步骤:
2025-08-03 03:02:05,957 - INFO - 开始CoT步骤 1，min_p=0.2
2025-08-03 03:02:07,760 - INFO - 开始CoT步骤 2，min_p=0.6
2025-08-03 03:02:15,279 - INFO - 开始CoT步骤 3，min_p=0.2
2025-08-03 03:02:22,031 - INFO - 开始CoT步骤 4，min_p=0.9
2025-08-03 03:02:24,374 - INFO - CoT生成完成，共 879 条CoT
2025-08-03 03:02:24,386 - INFO - 开始CoT生成，共4个步骤:
2025-08-03 03:02:24,387 - INFO - 开始CoT步骤 1，min_p=0.2
2025-08-03 03:02:26,142 - INFO - 开始CoT步骤 2，min_p=0.6
2025-08-03 03:02:33,466 - INFO - 开始CoT步骤 3，min_p=0.2
2025-08-03 03:02:40,227 - INFO - 开始CoT步骤 4，min_p=0.9
2025-08-03 03:02:42,739 - INFO - CoT生成完成，共 879 条CoT
2025-08-03 03:02:42,752 - INFO - 批量生成完成：共生成 879 组路径，每组 10 条
2025-08-03 03:02:42,752 - INFO - 投票结果: 选择路径 0, 答案: 48, 置信度: 1.0
2025-08-03 03:02:42,752 - INFO - 投票结果: 选择路径 0, 答案: 15, 置信度: 1.0
2025-08-03 03:02:42,753 - INFO - 投票结果: 选择路径 0, 答案: 10, 置信度: 0.7
2025-08-03 03:02:42,753 - INFO - 投票结果: 选择路径 0, 答案: 41, 置信度: 1.0
2025-08-03 03:02:42,753 - INFO - 投票结果: 选择路径 0, 答案: 240, 置信度: 1.0
2025-08-03 03:02:42,754 - INFO - 投票结果: 选择路径 1, 答案: 4.64, 置信度: 0.4
2025-08-03 03:02:42,754 - INFO - 投票结果: 选择路径 1, 答案: 100, 置信度: 0.4
2025-08-03 03:02:42,755 - INFO - 投票结果: 选择路径 4, 答案: 14, 置信度: 0.4
2025-08-03 03:02:42,755 - INFO - 投票结果: 选择路径 0, 答案: 600, 置信度: 1.0
2025-08-03 03:02:42,755 - INFO - 投票结果: 选择路径 0, 答案: 42000, 置信度: 0.6
2025-08-03 03:02:42,756 - INFO - 投票结果: 选择路径 0, 答案: 100, 置信度: 1.0
2025-08-03 03:02:42,756 - INFO - 投票结果: 选择路径 0, 答案: 82, 置信度: 1.0
2025-08-03 03:02:42,756 - INFO - 投票结果: 选择路径 0, 答案: 120, 置信度: 0.5
2025-08-03 03:02:42,756 - INFO - 投票结果: 选择路径 0, 答案: 51, 置信度: 0.7
2025-08-03 03:02:42,757 - INFO - 投票结果: 选择路径 0, 答案: 99, 置信度: 0.9
2025-08-03 03:02:42,757 - INFO - 投票结果: 选择路径 0, 答案: 675, 置信度: 1.0
2025-08-03 03:02:42,757 - INFO - 投票结果: 选择路径 0, 答案: 75, 置信度: 0.7
2025-08-03 03:02:42,758 - INFO - 投票结果: 选择路径 0, 答案: 600, 置信度: 1.0
2025-08-03 03:02:42,758 - INFO - 投票结果: 选择路径 0, 答案: 54, 置信度: 0.3
2025-08-03 03:02:42,758 - INFO - 投票结果: 选择路径 0, 答案: 22, 置信度: 1.0
2025-08-03 03:02:42,759 - INFO - 投票结果: 选择路径 0, 答案: 3, 置信度: 0.9
2025-08-03 03:02:42,759 - INFO - 投票结果: 选择路径 0, 答案: 3, 置信度: 0.9
2025-08-03 03:02:42,759 - INFO - 投票结果: 选择路径 1, 答案: 65960, 置信度: 0.6
2025-08-03 03:02:42,759 - INFO - 投票结果: 选择路径 0, 答案: 16, 置信度: 1.0
2025-08-03 03:02:42,760 - INFO - 投票结果: 选择路径 0, 答案: 25, 置信度: 0.8
2025-08-03 03:02:42,760 - INFO - 投票结果: 选择路径 0, 答案: 68, 置信度: 0.4
2025-08-03 03:02:42,760 - INFO - 投票结果: 选择路径 0, 答案: 8, 置信度: 1.0
2025-08-03 03:02:42,761 - INFO - 投票结果: 选择路径 0, 答案: 94, 置信度: 1.0
2025-08-03 03:02:42,761 - INFO - 投票结果: 选择路径 0, 答案: 106, 置信度: 0.9
2025-08-03 03:02:42,761 - INFO - 投票结果: 选择路径 0, 答案: 81, 置信度: 1.0
2025-08-03 03:02:42,761 - INFO - 投票结果: 选择路径 0, 答案: 20, 置信度: 0.9
2025-08-03 03:02:42,762 - INFO - 投票结果: 选择路径 0, 答案: 8, 置信度: 1.0
2025-08-03 03:02:42,762 - INFO - 投票结果: 选择路径 0, 答案: 1000, 置信度: 1.0
2025-08-03 03:02:42,762 - INFO - 投票结果: 选择路径 0, 答案: 50, 置信度: 1.0
2025-08-03 03:02:42,763 - INFO - 投票结果: 选择路径 0, 答案: 540, 置信度: 1.0
2025-08-03 03:02:42,763 - INFO - 投票结果: 选择路径 0, 答案: 4, 置信度: 1.0
2025-08-03 03:02:42,763 - INFO - 投票结果: 选择路径 0, 答案: 1410, 置信度: 0.8
2025-08-03 03:02:42,763 - INFO - 投票结果: 选择路径 0, 答案: 476, 置信度: 0.9
2025-08-03 03:02:42,764 - INFO - 投票结果: 选择路径 0, 答案: 36, 置信度: 0.7
2025-08-03 03:02:42,764 - INFO - 投票结果: 选择路径 0, 答案: 33, 置信度: 1.0
2025-08-03 03:02:42,764 - INFO - 投票结果: 选择路径 0, 答案: 2, 置信度: 1.0
2025-08-03 03:02:42,765 - INFO - 投票结果: 选择路径 0, 答案: 75, 置信度: 0.7
2025-08-03 03:02:42,765 - INFO - 投票结果: 选择路径 0, 答案: 42, 置信度: 1.0
2025-08-03 03:02:42,765 - INFO - 投票结果: 选择路径 2, 答案: 14, 置信度: 0.7
2025-08-03 03:02:42,766 - INFO - 投票结果: 选择路径 1, 答案: 7200, 置信度: 0.3
2025-08-03 03:02:42,766 - INFO - 投票结果: 选择路径 1, 答案: 3500, 置信度: 0.2
2025-08-03 03:02:42,766 - INFO - 投票结果: 选择路径 0, 答案: 6, 置信度: 0.8
2025-08-03 03:02:42,766 - INFO - 投票结果: 选择路径 0, 答案: 5, 置信度: 1.0
2025-08-03 03:02:42,767 - INFO - 投票结果: 选择路径 0, 答案: 90, 置信度: 0.9
2025-08-03 03:02:42,767 - INFO - 投票结果: 选择路径 0, 答案: 4, 置信度: 0.9
2025-08-03 03:02:42,767 - INFO - 投票结果: 选择路径 0, 答案: 50, 置信度: 0.7
2025-08-03 03:02:42,768 - INFO - 投票结果: 选择路径 0, 答案: 265, 置信度: 1.0
2025-08-03 03:02:42,768 - INFO - 投票结果: 选择路径 3, 答案: 110000, 置信度: 0.4
2025-08-03 03:02:42,768 - INFO - 投票结果: 选择路径 1, 答案: 125, 置信度: 0.2
2025-08-03 03:02:42,768 - INFO - 投票结果: 选择路径 0, 答案: 139, 置信度: 1.0
2025-08-03 03:02:42,769 - INFO - 投票结果: 选择路径 4, 答案: 29, 置信度: 0.3
2025-08-03 03:02:42,769 - INFO - 投票结果: 选择路径 0, 答案: 8, 置信度: 0.9
2025-08-03 03:02:42,769 - INFO - 投票结果: 选择路径 0, 答案: 180, 置信度: 0.9
2025-08-03 03:02:42,770 - INFO - 投票结果: 选择路径 0, 答案: 34, 置信度: 1.0
2025-08-03 03:02:42,770 - INFO - 投票结果: 选择路径 1, 答案: 300, 置信度: 0.5
2025-08-03 03:02:42,770 - INFO - 投票结果: 选择路径 0, 答案: 400, 置信度: 1.0
2025-08-03 03:02:42,770 - INFO - 投票结果: 选择路径 0, 答案: 1750, 置信度: 0.9
2025-08-03 03:02:42,771 - INFO - 投票结果: 选择路径 0, 答案: 178, 置信度: 0.6
2025-08-03 03:02:42,771 - INFO - 投票结果: 选择路径 0, 答案: 48, 置信度: 1.0
2025-08-03 03:02:42,771 - INFO - 投票结果: 选择路径 0, 答案: 90, 置信度: 0.9
2025-08-03 03:02:42,772 - INFO - 投票结果: 选择路径 0, 答案: 580, 置信度: 0.7
2025-08-03 03:02:42,772 - INFO - 投票结果: 选择路径 0, 答案: 100, 置信度: 1.0
2025-08-03 03:02:42,772 - INFO - 投票结果: 选择路径 0, 答案: 45, 置信度: 1.0
2025-08-03 03:02:42,773 - INFO - 投票结果: 选择路径 0, 答案: 24, 置信度: 0.2
2025-08-03 03:02:42,773 - INFO - 投票结果: 选择路径 0, 答案: 210, 置信度: 1.0
2025-08-03 03:02:42,773 - INFO - 投票结果: 选择路径 1, 答案: 19, 置信度: 0.9
2025-08-03 03:02:42,773 - INFO - 投票结果: 选择路径 0, 答案: 50, 置信度: 0.9
2025-08-03 03:02:42,774 - INFO - 投票结果: 选择路径 0, 答案: 24, 置信度: 0.9
2025-08-03 03:02:42,774 - INFO - 投票结果: 选择路径 0, 答案: 274, 置信度: 0.7
2025-08-03 03:02:42,774 - INFO - 投票结果: 选择路径 0, 答案: 9, 置信度: 0.6
2025-08-03 03:02:42,775 - INFO - 投票结果: 选择路径 0, 答案: 2000, 置信度: 1.0
2025-08-03 03:02:42,775 - INFO - 投票结果: 选择路径 0, 答案: 3, 置信度: 1.0
2025-08-03 03:02:42,775 - INFO - 投票结果: 选择路径 2, 答案: 4, 置信度: 0.5
2025-08-03 03:02:42,776 - INFO - 投票结果: 选择路径 0, 答案: 96, 置信度: 1.0
2025-08-03 03:02:42,776 - INFO - 投票结果: 选择路径 0, 答案: 16, 置信度: 1.0
2025-08-03 03:02:42,776 - INFO - 投票结果: 选择路径 0, 答案: 27, 置信度: 1.0
2025-08-03 03:02:42,776 - INFO - 投票结果: 选择路径 0, 答案: 220, 置信度: 0.7
2025-08-03 03:02:42,777 - INFO - 投票结果: 选择路径 0, 答案: 9, 置信度: 1.0
2025-08-03 03:02:42,777 - INFO - 投票结果: 选择路径 0, 答案: 36000, 置信度: 1.0
2025-08-03 03:02:42,777 - INFO - 投票结果: 选择路径 0, 答案: 130, 置信度: 1.0
2025-08-03 03:02:42,778 - INFO - 投票结果: 选择路径 4, 答案: 156, 置信度: 0.5
2025-08-03 03:02:42,778 - INFO - 投票结果: 选择路径 0, 答案: 220, 置信度: 1.0
2025-08-03 03:02:42,778 - INFO - 投票结果: 选择路径 1, 答案: 40, 置信度: 0.6
2025-08-03 03:02:42,778 - INFO - 投票结果: 选择路径 0, 答案: 480, 置信度: 0.9
2025-08-03 03:02:42,779 - INFO - 投票结果: 选择路径 0, 答案: 480, 置信度: 1.0
2025-08-03 03:02:42,779 - INFO - 投票结果: 选择路径 0, 答案: 22, 置信度: 1.0
2025-08-03 03:02:42,779 - INFO - 投票结果: 选择路径 0, 答案: 108, 置信度: 0.8
2025-08-03 03:02:42,780 - INFO - 投票结果: 选择路径 1, 答案: 5, 置信度: 0.5
2025-08-03 03:02:42,780 - INFO - 投票结果: 选择路径 0, 答案: 63, 置信度: 1.0
2025-08-03 03:02:42,780 - INFO - 投票结果: 选择路径 0, 答案: 20, 置信度: 1.0
2025-08-03 03:02:42,781 - INFO - 投票结果: 选择路径 0, 答案: 23, 置信度: 1.0
2025-08-03 03:02:42,781 - INFO - 投票结果: 选择路径 1, 答案: 625, 置信度: 0.3
2025-08-03 03:02:42,781 - INFO - 投票结果: 选择路径 0, 答案: 56, 置信度: 1.0
2025-08-03 03:02:42,781 - INFO - 投票结果: 选择路径 0, 答案: 120, 置信度: 1.0
2025-08-03 03:02:42,782 - INFO - 投票结果: 选择路径 4, 答案: 224, 置信度: 0.4
2025-08-03 03:02:42,782 - INFO - 投票结果: 选择路径 0, 答案: 5, 置信度: 0.9
2025-08-03 03:02:42,782 - INFO - 投票结果: 选择路径 1, 答案: 168, 置信度: 0.6
2025-08-03 03:02:42,783 - INFO - 投票结果: 选择路径 0, 答案: 5, 置信度: 1.0
2025-08-03 03:02:42,783 - INFO - 投票结果: 选择路径 0, 答案: 5, 置信度: 1.0
2025-08-03 03:02:42,783 - INFO - 投票结果: 选择路径 0, 答案: 177, 置信度: 1.0
2025-08-03 03:02:42,783 - INFO - 投票结果: 选择路径 0, 答案: 92, 置信度: 1.0
2025-08-03 03:02:42,784 - INFO - 投票结果: 选择路径 0, 答案: 20, 置信度: 1.0
2025-08-03 03:02:42,784 - INFO - 投票结果: 选择路径 0, 答案: 48, 置信度: 1.0
2025-08-03 03:02:42,784 - INFO - 投票结果: 选择路径 0, 答案: 32, 置信度: 0.3
2025-08-03 03:02:42,785 - INFO - 投票结果: 选择路径 0, 答案: 12, 置信度: 1.0
2025-08-03 03:02:42,785 - INFO - 投票结果: 选择路径 0, 答案: 19, 置信度: 1.0
2025-08-03 03:02:42,785 - INFO - 投票结果: 选择路径 0, 答案: 20, 置信度: 1.0
2025-08-03 03:02:42,786 - INFO - 投票结果: 选择路径 0, 答案: 500, 置信度: 1.0
2025-08-03 03:02:42,786 - INFO - 投票结果: 选择路径 0, 答案: 220, 置信度: 0.8
2025-08-03 03:02:42,786 - INFO - 投票结果: 选择路径 0, 答案: 420, 置信度: 0.9
2025-08-03 03:02:42,786 - INFO - 投票结果: 选择路径 0, 答案: 54, 置信度: 1.0
2025-08-03 03:02:42,787 - INFO - 投票结果: 选择路径 0, 答案: 50, 置信度: 0.7
2025-08-03 03:02:42,787 - INFO - 投票结果: 选择路径 1, 答案: 299, 置信度: 0.9
2025-08-03 03:02:42,787 - INFO - 投票结果: 选择路径 0, 答案: 10, 置信度: 1.0
2025-08-03 03:02:42,788 - INFO - 投票结果: 选择路径 0, 答案: 14, 置信度: 0.8
2025-08-03 03:02:42,788 - INFO - 投票结果: 选择路径 0, 答案: 16, 置信度: 0.9
2025-08-03 03:02:42,788 - INFO - 投票结果: 选择路径 0, 答案: 4, 置信度: 0.8
2025-08-03 03:02:42,788 - INFO - 投票结果: 选择路径 0, 答案: 30, 置信度: 0.4
2025-08-03 03:02:42,789 - INFO - 投票结果: 选择路径 0, 答案: 50, 置信度: 0.3
2025-08-03 03:02:42,789 - INFO - 投票结果: 选择路径 0, 答案: 500, 置信度: 1.0
2025-08-03 03:02:42,789 - INFO - 投票结果: 选择路径 1, 答案: 100000, 置信度: 0.6
2025-08-03 03:02:42,790 - INFO - 投票结果: 选择路径 0, 答案: 125, 置信度: 1.0
2025-08-03 03:02:42,790 - INFO - 投票结果: 选择路径 0, 答案: 16, 置信度: 1.0
2025-08-03 03:02:42,790 - INFO - 投票结果: 选择路径 0, 答案: 98, 置信度: 1.0
2025-08-03 03:02:42,791 - INFO - 投票结果: 选择路径 0, 答案: 832, 置信度: 1.0
2025-08-03 03:02:42,791 - INFO - 投票结果: 选择路径 0, 答案: 322, 置信度: 1.0
2025-08-03 03:02:42,791 - INFO - 投票结果: 选择路径 0, 答案: 6, 置信度: 1.0
2025-08-03 03:02:42,791 - INFO - 投票结果: 选择路径 0, 答案: 236, 置信度: 1.0
2025-08-03 03:02:42,792 - INFO - 投票结果: 选择路径 0, 答案: 15, 置信度: 1.0
2025-08-03 03:02:42,792 - INFO - 投票结果: 选择路径 0, 答案: 5, 置信度: 0.5
2025-08-03 03:02:42,792 - INFO - 投票结果: 选择路径 0, 答案: 28, 置信度: 1.0
2025-08-03 03:02:42,793 - INFO - 投票结果: 选择路径 0, 答案: 20, 置信度: 1.0
2025-08-03 03:02:42,793 - INFO - 投票结果: 选择路径 0, 答案: 17500, 置信度: 0.9
2025-08-03 03:02:42,793 - INFO - 投票结果: 选择路径 2, 答案: \frac{44}{3}, 置信度: 0.3
2025-08-03 03:02:42,794 - INFO - 投票结果: 选择路径 0, 答案: 100, 置信度: 0.6
2025-08-03 03:02:42,794 - INFO - 投票结果: 选择路径 0, 答案: 1198, 置信度: 0.6
2025-08-03 03:02:42,794 - INFO - 投票结果: 选择路径 0, 答案: 450, 置信度: 0.9
2025-08-03 03:02:42,794 - INFO - 投票结果: 选择路径 1, 答案: 3, 置信度: 0.2
2025-08-03 03:02:42,795 - INFO - 投票结果: 选择路径 0, 答案: 150, 置信度: 1.0
2025-08-03 03:02:42,795 - INFO - 投票结果: 选择路径 0, 答案: 160, 置信度: 1.0
2025-08-03 03:02:42,795 - INFO - 投票结果: 选择路径 0, 答案: 3360, 置信度: 1.0
2025-08-03 03:02:42,796 - INFO - 投票结果: 选择路径 1, 答案: 9, 置信度: 0.9
2025-08-03 03:02:42,796 - INFO - 投票结果: 选择路径 0, 答案: 251, 置信度: 0.8
2025-08-03 03:02:42,796 - INFO - 投票结果: 选择路径 0, 答案: 10400, 置信度: 0.8
2025-08-03 03:02:42,796 - INFO - 投票结果: 选择路径 0, 答案: 2.5, 置信度: 1.0
2025-08-03 03:02:42,797 - INFO - 投票结果: 选择路径 1, 答案: 25600000, 置信度: 0.7
2025-08-03 03:02:42,797 - INFO - 投票结果: 选择路径 0, 答案: 24, 置信度: 0.9
2025-08-03 03:02:42,797 - INFO - 投票结果: 选择路径 0, 答案: 45, 置信度: 0.6
2025-08-03 03:02:42,798 - INFO - 投票结果: 选择路径 0, 答案: 22, 置信度: 1.0
2025-08-03 03:02:42,798 - INFO - 投票结果: 选择路径 0, 答案: 4, 置信度: 1.0
2025-08-03 03:02:42,798 - INFO - 投票结果: 选择路径 0, 答案: 20, 置信度: 1.0
2025-08-03 03:02:42,799 - INFO - 投票结果: 选择路径 0, 答案: 450, 置信度: 1.0
2025-08-03 03:02:42,799 - INFO - 投票结果: 选择路径 0, 答案: 180, 置信度: 0.5
2025-08-03 03:02:42,799 - INFO - 投票结果: 选择路径 0, 答案: 6, 置信度: 1.0
2025-08-03 03:02:42,799 - INFO - 投票结果: 选择路径 3, 答案: 360, 置信度: 0.5
2025-08-03 03:02:42,800 - INFO - 投票结果: 选择路径 0, 答案: 80, 置信度: 1.0
2025-08-03 03:02:42,800 - INFO - 投票结果: 选择路径 0, 答案: 500, 置信度: 1.0
2025-08-03 03:02:42,800 - INFO - 投票结果: 选择路径 0, 答案: 40, 置信度: 1.0
2025-08-03 03:02:42,801 - INFO - 投票结果: 选择路径 0, 答案: 35, 置信度: 1.0
2025-08-03 03:02:42,801 - INFO - 投票结果: 选择路径 0, 答案: 12, 置信度: 0.4
2025-08-03 03:02:42,801 - INFO - 投票结果: 选择路径 0, 答案: 675, 置信度: 1.0
2025-08-03 03:02:42,801 - INFO - 投票结果: 选择路径 0, 答案: 9, 置信度: 1.0
2025-08-03 03:02:42,802 - INFO - 投票结果: 选择路径 0, 答案: 8, 置信度: 0.1
2025-08-03 03:02:42,802 - INFO - 投票结果: 选择路径 0, 答案: 2000, 置信度: 1.0
2025-08-03 03:02:42,803 - INFO - 投票结果: 选择路径 0, 答案: 560, 置信度: 0.8
2025-08-03 03:02:42,803 - INFO - 投票结果: 选择路径 0, 答案: 8, 置信度: 0.8
2025-08-03 03:02:42,803 - INFO - 投票结果: 选择路径 0, 答案: 60, 置信度: 1.0
2025-08-03 03:02:42,803 - INFO - 投票结果: 选择路径 1, 答案: 775, 置信度: 0.6
2025-08-03 03:02:42,804 - INFO - 投票结果: 选择路径 0, 答案: 180, 置信度: 1.0
2025-08-03 03:02:42,804 - INFO - 投票结果: 选择路径 0, 答案: 150, 置信度: 1.0
2025-08-03 03:02:42,804 - INFO - 投票结果: 选择路径 0, 答案: 18, 置信度: 1.0
2025-08-03 03:02:42,805 - INFO - 投票结果: 选择路径 0, 答案: 400, 置信度: 1.0
2025-08-03 03:02:42,805 - INFO - 投票结果: 选择路径 0, 答案: 234, 置信度: 1.0
2025-08-03 03:02:42,805 - INFO - 投票结果: 选择路径 0, 答案: 13, 置信度: 0.6
2025-08-03 03:02:42,805 - INFO - 投票结果: 选择路径 0, 答案: 220, 置信度: 1.0
2025-08-03 03:02:42,806 - INFO - 投票结果: 选择路径 0, 答案: 6, 置信度: 1.0
2025-08-03 03:02:42,806 - INFO - 投票结果: 选择路径 0, 答案: 63, 置信度: 0.9
2025-08-03 03:02:42,806 - INFO - 投票结果: 选择路径 0, 答案: 27, 置信度: 0.6
2025-08-03 03:02:42,807 - INFO - 投票结果: 选择路径 0, 答案: 20, 置信度: 1.0
2025-08-03 03:02:42,807 - INFO - 投票结果: 选择路径 0, 答案: 22, 置信度: 0.8
2025-08-03 03:02:42,807 - INFO - 投票结果: 选择路径 0, 答案: 8, 置信度: 0.9
2025-08-03 03:02:42,808 - INFO - 投票结果: 选择路径 0, 答案: 9, 置信度: 1.0
2025-08-03 03:02:42,808 - INFO - 投票结果: 选择路径 0, 答案: 24, 置信度: 0.9
2025-08-03 03:02:42,808 - INFO - 投票结果: 选择路径 0, 答案: 110, 置信度: 1.0
2025-08-03 03:02:42,808 - INFO - 投票结果: 选择路径 4, 答案: 6, 置信度: 0.3
2025-08-03 03:02:42,809 - INFO - 投票结果: 选择路径 0, 答案: 105, 置信度: 1.0
2025-08-03 03:02:42,809 - INFO - 投票结果: 选择路径 0, 答案: 1900, 置信度: 0.9
2025-08-03 03:02:42,809 - INFO - 投票结果: 选择路径 0, 答案: 55, 置信度: 1.0
2025-08-03 03:02:42,810 - INFO - 投票结果: 选择路径 0, 答案: 23, 置信度: 1.0
2025-08-03 03:02:42,810 - INFO - 投票结果: 选择路径 0, 答案: 60, 置信度: 0.8
2025-08-03 03:02:42,810 - INFO - 投票结果: 选择路径 0, 答案: 8252, 置信度: 0.6
2025-08-03 03:02:42,811 - INFO - 投票结果: 选择路径 0, 答案: 40, 置信度: 1.0
2025-08-03 03:02:42,811 - INFO - 投票结果: 选择路径 0, 答案: 90, 置信度: 0.9
2025-08-03 03:02:42,811 - INFO - 投票结果: 选择路径 0, 答案: 46, 置信度: 0.8
2025-08-03 03:02:42,811 - INFO - 投票结果: 选择路径 1, 答案: 280, 置信度: 0.7
2025-08-03 03:02:42,812 - INFO - 投票结果: 选择路径 0, 答案: 460, 置信度: 1.0
2025-08-03 03:02:42,812 - INFO - 投票结果: 选择路径 0, 答案: 7, 置信度: 1.0
2025-08-03 03:02:42,812 - INFO - 投票结果: 选择路径 0, 答案: 75, 置信度: 0.9
2025-08-03 03:02:42,813 - INFO - 投票结果: 选择路径 1, 答案: 52, 置信度: 0.9
2025-08-03 03:02:42,813 - INFO - 投票结果: 选择路径 0, 答案: 2, 置信度: 1.0
2025-08-03 03:02:42,813 - INFO - 投票结果: 选择路径 0, 答案: 30, 置信度: 1.0
2025-08-03 03:02:42,813 - INFO - 投票结果: 选择路径 1, 答案: 135000, 置信度: 0.7
2025-08-03 03:02:42,814 - INFO - 投票结果: 选择路径 0, 答案: 13, 置信度: 1.0
2025-08-03 03:02:42,814 - INFO - 投票结果: 选择路径 0, 答案: 38, 置信度: 1.0
2025-08-03 03:02:42,814 - INFO - 投票结果: 选择路径 4, 答案: 14, 置信度: 0.4
2025-08-03 03:02:42,815 - INFO - 投票结果: 选择路径 1, 答案: 14, 置信度: 0.8
2025-08-03 03:02:42,815 - INFO - 投票结果: 选择路径 0, 答案: 152, 置信度: 1.0
2025-08-03 03:02:42,815 - INFO - 投票结果: 选择路径 0, 答案: 50, 置信度: 1.0
2025-08-03 03:02:42,815 - INFO - 投票结果: 选择路径 0, 答案: 11, 置信度: 1.0
2025-08-03 03:02:42,816 - INFO - 投票结果: 选择路径 0, 答案: 18, 置信度: 1.0
2025-08-03 03:02:42,816 - INFO - 投票结果: 选择路径 0, 答案: 18, 置信度: 0.8
2025-08-03 03:02:42,816 - INFO - 投票结果: 选择路径 0, 答案: 18, 置信度: 0.9
2025-08-03 03:02:42,817 - INFO - 投票结果: 选择路径 0, 答案: 5, 置信度: 1.0
2025-08-03 03:02:42,817 - INFO - 投票结果: 选择路径 0, 答案: 90, 置信度: 1.0
2025-08-03 03:02:42,817 - INFO - 投票结果: 选择路径 0, 答案: 35, 置信度: 1.0
2025-08-03 03:02:42,818 - INFO - 投票结果: 选择路径 0, 答案: 4, 置信度: 1.0
2025-08-03 03:02:42,818 - INFO - 投票结果: 选择路径 0, 答案: 3000, 置信度: 1.0
2025-08-03 03:02:42,818 - INFO - 投票结果: 选择路径 0, 答案: 180, 置信度: 1.0
2025-08-03 03:02:42,818 - INFO - 投票结果: 选择路径 0, 答案: 14, 置信度: 1.0
2025-08-03 03:02:42,819 - INFO - 投票结果: 选择路径 0, 答案: 15, 置信度: 1.0
2025-08-03 03:02:42,819 - INFO - 投票结果: 选择路径 0, 答案: 6, 置信度: 1.0
2025-08-03 03:02:42,819 - INFO - 投票结果: 选择路径 1, 答案: 500, 置信度: 0.9
2025-08-03 03:02:42,820 - INFO - 投票结果: 选择路径 0, 答案: 3, 置信度: 0.9
2025-08-03 03:02:42,820 - INFO - 投票结果: 选择路径 0, 答案: 10, 置信度: 0.7
2025-08-03 03:02:42,820 - INFO - 投票结果: 选择路径 0, 答案: 120, 置信度: 0.5
2025-08-03 03:02:42,820 - INFO - 投票结果: 选择路径 1, 答案: 12, 置信度: 0.5
2025-08-03 03:02:42,821 - INFO - 投票结果: 选择路径 0, 答案: 3440, 置信度: 0.8
2025-08-03 03:02:42,821 - INFO - 投票结果: 选择路径 1, 答案: 48, 置信度: 0.5
2025-08-03 03:02:42,821 - INFO - 投票结果: 选择路径 0, 答案: 10, 置信度: 1.0
2025-08-03 03:02:42,822 - INFO - 投票结果: 选择路径 0, 答案: 1, 置信度: 1.0
2025-08-03 03:02:42,822 - INFO - 投票结果: 选择路径 0, 答案: 127, 置信度: 1.0
2025-08-03 03:02:42,822 - INFO - 投票结果: 选择路径 0, 答案: 2, 置信度: 1.0
2025-08-03 03:02:42,823 - INFO - 投票结果: 选择路径 0, 答案: 15, 置信度: 1.0
2025-08-03 03:02:42,823 - INFO - 投票结果: 选择路径 0, 答案: 40, 置信度: 0.6
2025-08-03 03:02:42,823 - INFO - 投票结果: 选择路径 0, 答案: 4, 置信度: 1.0
2025-08-03 03:02:42,823 - INFO - 投票结果: 选择路径 0, 答案: 70, 置信度: 1.0
2025-08-03 03:02:42,824 - INFO - 投票结果: 选择路径 4, 答案: 80, 置信度: 0.3
2025-08-03 03:02:42,824 - INFO - 投票结果: 选择路径 0, 答案: 8, 置信度: 1.0
2025-08-03 03:02:42,824 - INFO - 投票结果: 选择路径 1, 答案: 25550, 置信度: 0.8
2025-08-03 03:02:42,825 - INFO - 投票结果: 选择路径 0, 答案: 60, 置信度: 1.0
2025-08-03 03:02:42,825 - INFO - 投票结果: 选择路径 0, 答案: 9, 置信度: 1.0
2025-08-03 03:02:42,825 - INFO - 投票结果: 选择路径 1, 答案: 6, 置信度: 0.4
2025-08-03 03:02:42,825 - INFO - 投票结果: 选择路径 0, 答案: 186, 置信度: 1.0
2025-08-03 03:02:42,826 - INFO - 投票结果: 选择路径 0, 答案: 30, 置信度: 1.0
2025-08-03 03:02:42,826 - INFO - 投票结果: 选择路径 1, 答案: 99, 置信度: 0.9
2025-08-03 03:02:42,826 - INFO - 投票结果: 选择路径 5, 答案: 17, 置信度: 0.4
2025-08-03 03:02:42,827 - INFO - 投票结果: 选择路径 0, 答案: 95, 置信度: 1.0
2025-08-03 03:02:42,827 - INFO - 投票结果: 选择路径 0, 答案: 60, 置信度: 1.0
2025-08-03 03:02:42,827 - INFO - 投票结果: 选择路径 1, 答案: 26, 置信度: 0.7
2025-08-03 03:02:42,827 - INFO - 投票结果: 选择路径 0, 答案: 270, 置信度: 0.7
2025-08-03 03:02:42,828 - INFO - 投票结果: 选择路径 0, 答案: 370, 置信度: 0.8
2025-08-03 03:02:42,828 - INFO - 投票结果: 选择路径 0, 答案: 10, 置信度: 1.0
2025-08-03 03:02:42,828 - INFO - 投票结果: 选择路径 0, 答案: 6, 置信度: 0.9
2025-08-03 03:02:42,829 - INFO - 投票结果: 选择路径 0, 答案: 340, 置信度: 1.0
2025-08-03 03:02:42,829 - INFO - 投票结果: 选择路径 0, 答案: 24, 置信度: 1.0
2025-08-03 03:02:42,829 - INFO - 投票结果: 选择路径 0, 答案: 6, 置信度: 1.0
2025-08-03 03:02:42,829 - INFO - 投票结果: 选择路径 0, 答案: 24, 置信度: 0.6
2025-08-03 03:02:42,830 - INFO - 投票结果: 选择路径 0, 答案: 399, 置信度: 1.0
2025-08-03 03:02:42,830 - INFO - 投票结果: 选择路径 0, 答案: 16, 置信度: 1.0
2025-08-03 03:02:42,830 - INFO - 投票结果: 选择路径 0, 答案: 3450, 置信度: 1.0
2025-08-03 03:02:42,831 - INFO - 投票结果: 选择路径 0, 答案: 33, 置信度: 1.0
2025-08-03 03:02:42,831 - INFO - 投票结果: 选择路径 0, 答案: 14, 置信度: 1.0
2025-08-03 03:02:42,831 - INFO - 投票结果: 选择路径 2, 答案: 6, 置信度: 0.8
2025-08-03 03:02:42,832 - INFO - 投票结果: 选择路径 0, 答案: 15, 置信度: 1.0
2025-08-03 03:02:42,832 - INFO - 投票结果: 选择路径 1, 答案: 2, 置信度: 0.7
2025-08-03 03:02:42,832 - INFO - 投票结果: 选择路径 0, 答案: 5000, 置信度: 0.9
2025-08-03 03:02:42,832 - INFO - 投票结果: 选择路径 0, 答案: 2, 置信度: 1.0
2025-08-03 03:02:42,833 - INFO - 投票结果: 选择路径 0, 答案: 3, 置信度: 1.0
2025-08-03 03:02:42,833 - INFO - 投票结果: 选择路径 0, 答案: 3, 置信度: 0.9
2025-08-03 03:02:42,833 - INFO - 投票结果: 选择路径 0, 答案: 60, 置信度: 1.0
2025-08-03 03:02:42,834 - INFO - 投票结果: 选择路径 0, 答案: 85, 置信度: 0.6
2025-08-03 03:02:42,834 - INFO - 投票结果: 选择路径 0, 答案: 27, 置信度: 1.0
2025-08-03 03:02:42,834 - INFO - 投票结果: 选择路径 0, 答案: 600, 置信度: 0.5
2025-08-03 03:02:42,834 - INFO - 投票结果: 选择路径 0, 答案: 240, 置信度: 1.0
2025-08-03 03:02:42,835 - INFO - 投票结果: 选择路径 4, 答案: 146, 置信度: 0.4
2025-08-03 03:02:42,835 - INFO - 投票结果: 选择路径 1, 答案: 390, 置信度: 0.5
2025-08-03 03:02:42,835 - INFO - 投票结果: 选择路径 0, 答案: 36, 置信度: 1.0
2025-08-03 03:02:42,836 - INFO - 投票结果: 选择路径 0, 答案: 360, 置信度: 1.0
2025-08-03 03:02:42,836 - INFO - 投票结果: 选择路径 0, 答案: 600, 置信度: 1.0
2025-08-03 03:02:42,836 - INFO - 投票结果: 选择路径 0, 答案: 266, 置信度: 0.9
2025-08-03 03:02:42,836 - INFO - 投票结果: 选择路径 0, 答案: 342, 置信度: 1.0
2025-08-03 03:02:42,837 - INFO - 投票结果: 选择路径 0, 答案: 8, 置信度: 1.0
2025-08-03 03:02:42,837 - INFO - 投票结果: 选择路径 0, 答案: 2, 置信度: 1.0
2025-08-03 03:02:42,837 - INFO - 投票结果: 选择路径 0, 答案: 27, 置信度: 1.0
2025-08-03 03:02:42,838 - INFO - 投票结果: 选择路径 0, 答案: 54, 置信度: 1.0
2025-08-03 03:02:42,838 - INFO - 投票结果: 选择路径 0, 答案: 30, 置信度: 1.0
2025-08-03 03:02:42,838 - INFO - 投票结果: 选择路径 0, 答案: 190, 置信度: 1.0
2025-08-03 03:02:42,839 - INFO - 投票结果: 选择路径 0, 答案: 54, 置信度: 0.9
2025-08-03 03:02:42,839 - INFO - 投票结果: 选择路径 1, 答案: 38, 置信度: 0.6
2025-08-03 03:02:42,839 - INFO - 投票结果: 选择路径 0, 答案: 48, 置信度: 0.6
2025-08-03 03:02:42,839 - INFO - 投票结果: 选择路径 0, 答案: 10, 置信度: 0.8
2025-08-03 03:02:42,840 - INFO - 投票结果: 选择路径 0, 答案: 2640, 置信度: 1.0
2025-08-03 03:02:42,840 - INFO - 投票结果: 选择路径 0, 答案: 8, 置信度: 1.0
2025-08-03 03:02:42,840 - INFO - 投票结果: 选择路径 0, 答案: 65, 置信度: 0.7
2025-08-03 03:02:42,841 - INFO - 投票结果: 选择路径 0, 答案: 18, 置信度: 0.8
2025-08-03 03:02:42,841 - INFO - 投票结果: 选择路径 0, 答案: 120, 置信度: 1.0
2025-08-03 03:02:42,841 - INFO - 投票结果: 选择路径 0, 答案: 2500, 置信度: 0.5
2025-08-03 03:02:42,841 - INFO - 投票结果: 选择路径 0, 答案: 18, 置信度: 1.0
2025-08-03 03:02:42,842 - INFO - 投票结果: 选择路径 0, 答案: 9, 置信度: 1.0
2025-08-03 03:02:42,842 - INFO - 投票结果: 选择路径 0, 答案: 69, 置信度: 1.0
2025-08-03 03:02:42,842 - INFO - 投票结果: 选择路径 0, 答案: 17, 置信度: 1.0
2025-08-03 03:02:42,843 - INFO - 投票结果: 选择路径 0, 答案: 2100, 置信度: 0.6
2025-08-03 03:02:42,843 - INFO - 投票结果: 选择路径 0, 答案: 21, 置信度: 1.0
2025-08-03 03:02:42,843 - INFO - 投票结果: 选择路径 0, 答案: 445, 置信度: 1.0
2025-08-03 03:02:42,844 - INFO - 投票结果: 选择路径 0, 答案: 36, 置信度: 1.0
2025-08-03 03:02:42,844 - INFO - 投票结果: 选择路径 0, 答案: 36, 置信度: 1.0
2025-08-03 03:02:42,844 - INFO - 投票结果: 选择路径 0, 答案: 87, 置信度: 1.0
2025-08-03 03:02:42,844 - INFO - 投票结果: 选择路径 0, 答案: 220, 置信度: 1.0
2025-08-03 03:02:42,845 - INFO - 投票结果: 选择路径 0, 答案: 20, 置信度: 1.0
2025-08-03 03:02:42,845 - INFO - 投票结果: 选择路径 0, 答案: 18, 置信度: 1.0
2025-08-03 03:02:42,845 - INFO - 投票结果: 选择路径 0, 答案: 2, 置信度: 0.8
2025-08-03 03:02:42,846 - INFO - 投票结果: 选择路径 0, 答案: 6, 置信度: 1.0
2025-08-03 03:02:42,846 - INFO - 投票结果: 选择路径 0, 答案: 43, 置信度: 1.0
2025-08-03 03:02:42,846 - INFO - 投票结果: 选择路径 0, 答案: 33, 置信度: 1.0
2025-08-03 03:02:42,847 - INFO - 投票结果: 选择路径 0, 答案: 500, 置信度: 1.0
2025-08-03 03:02:42,847 - INFO - 投票结果: 选择路径 0, 答案: 62, 置信度: 1.0
2025-08-03 03:02:42,847 - INFO - 投票结果: 选择路径 0, 答案: 150, 置信度: 1.0
2025-08-03 03:02:42,847 - INFO - 投票结果: 选择路径 0, 答案: 12000, 置信度: 1.0
2025-08-03 03:02:42,848 - INFO - 投票结果: 选择路径 0, 答案: 235, 置信度: 1.0
2025-08-03 03:02:42,848 - INFO - 投票结果: 选择路径 1, 答案: 10, 置信度: 0.6
2025-08-03 03:02:42,849 - INFO - 投票结果: 选择路径 0, 答案: 5, 置信度: 1.0
2025-08-03 03:02:42,849 - INFO - 投票结果: 选择路径 0, 答案: 26, 置信度: 0.9
2025-08-03 03:02:42,849 - INFO - 投票结果: 选择路径 1, 答案: 15, 置信度: 0.6
2025-08-03 03:02:42,850 - INFO - 投票结果: 选择路径 0, 答案: 3, 置信度: 1.0
2025-08-03 03:02:42,850 - INFO - 投票结果: 选择路径 1, 答案: 32, 置信度: 0.4
2025-08-03 03:02:42,850 - INFO - 投票结果: 选择路径 0, 答案: 20, 置信度: 1.0
2025-08-03 03:02:42,850 - INFO - 投票结果: 选择路径 0, 答案: 26, 置信度: 1.0
2025-08-03 03:02:42,851 - INFO - 投票结果: 选择路径 0, 答案: 112, 置信度: 1.0
2025-08-03 03:02:42,851 - INFO - 投票结果: 选择路径 0, 答案: 36, 置信度: 1.0
2025-08-03 03:02:42,851 - INFO - 投票结果: 选择路径 0, 答案: 225, 置信度: 0.8
2025-08-03 03:02:42,852 - INFO - 投票结果: 选择路径 0, 答案: 30, 置信度: 0.9
2025-08-03 03:02:42,852 - INFO - 投票结果: 选择路径 0, 答案: 1, 置信度: 0.9
2025-08-03 03:02:42,852 - INFO - 投票结果: 选择路径 0, 答案: 3, 置信度: 1.0
2025-08-03 03:02:42,853 - INFO - 投票结果: 选择路径 0, 答案: 3020, 置信度: 0.9
2025-08-03 03:02:42,853 - INFO - 投票结果: 选择路径 0, 答案: 67, 置信度: 1.0
2025-08-03 03:02:42,853 - INFO - 投票结果: 选择路径 0, 答案: 4, 置信度: 1.0
2025-08-03 03:02:42,853 - INFO - 投票结果: 选择路径 0, 答案: 23, 置信度: 0.9
2025-08-03 03:02:42,854 - INFO - 投票结果: 选择路径 0, 答案: 28, 置信度: 0.5
2025-08-03 03:02:42,854 - INFO - 投票结果: 选择路径 0, 答案: 31, 置信度: 1.0
2025-08-03 03:02:42,854 - INFO - 投票结果: 选择路径 0, 答案: 3, 置信度: 1.0
2025-08-03 03:02:42,855 - INFO - 投票结果: 选择路径 0, 答案: 18, 置信度: 0.4
2025-08-03 03:02:42,855 - INFO - 投票结果: 选择路径 0, 答案: 51, 置信度: 1.0
2025-08-03 03:02:42,855 - INFO - 投票结果: 选择路径 0, 答案: 50, 置信度: 1.0
2025-08-03 03:02:42,856 - INFO - 投票结果: 选择路径 0, 答案: 50, 置信度: 1.0
2025-08-03 03:02:42,856 - INFO - 投票结果: 选择路径 1, 答案: 5, 置信度: 0.8
2025-08-03 03:02:42,856 - INFO - 投票结果: 选择路径 1, 答案: 12000, 置信度: 0.4
2025-08-03 03:02:42,856 - INFO - 投票结果: 选择路径 0, 答案: 11, 置信度: 0.5
2025-08-03 03:02:42,857 - INFO - 投票结果: 选择路径 0, 答案: 1400, 置信度: 1.0
2025-08-03 03:02:42,857 - INFO - 投票结果: 选择路径 0, 答案: 300, 置信度: 1.0
2025-08-03 03:02:42,858 - INFO - 投票结果: 选择路径 0, 答案: 8, 置信度: 1.0
2025-08-03 03:02:42,858 - INFO - 投票结果: 选择路径 1, 答案: 40, 置信度: 0.7
2025-08-03 03:02:42,858 - INFO - 投票结果: 选择路径 0, 答案: 7, 置信度: 0.9
2025-08-03 03:02:42,858 - INFO - 投票结果: 选择路径 0, 答案: 40, 置信度: 1.0
2025-08-03 03:02:42,859 - INFO - 投票结果: 选择路径 0, 答案: 104, 置信度: 0.5
2025-08-03 03:02:42,859 - INFO - 投票结果: 选择路径 1, 答案: 54, 置信度: 0.7
2025-08-03 03:02:42,859 - INFO - 投票结果: 选择路径 0, 答案: 10, 置信度: 1.0
2025-08-03 03:02:42,860 - INFO - 投票结果: 选择路径 0, 答案: 32, 置信度: 1.0
2025-08-03 03:02:42,860 - INFO - 投票结果: 选择路径 0, 答案: 85, 置信度: 1.0
2025-08-03 03:02:42,860 - INFO - 投票结果: 选择路径 0, 答案: 480, 置信度: 1.0
2025-08-03 03:02:42,860 - INFO - 投票结果: 选择路径 0, 答案: 10, 置信度: 0.7
2025-08-03 03:02:42,861 - INFO - 投票结果: 选择路径 0, 答案: 147, 置信度: 1.0
2025-08-03 03:02:42,861 - INFO - 投票结果: 选择路径 5, 答案: 231, 置信度: 0.3
2025-08-03 03:02:42,861 - INFO - 投票结果: 选择路径 0, 答案: 12, 置信度: 0.9
2025-08-03 03:02:42,862 - INFO - 投票结果: 选择路径 1, 答案: 22, 置信度: 0.2
2025-08-03 03:02:42,862 - INFO - 投票结果: 选择路径 0, 答案: 265000, 置信度: 0.5
2025-08-03 03:02:42,862 - INFO - 投票结果: 选择路径 0, 答案: 7, 置信度: 1.0
2025-08-03 03:02:42,863 - INFO - 投票结果: 选择路径 0, 答案: 11, 置信度: 0.6
2025-08-03 03:02:42,863 - INFO - 投票结果: 选择路径 0, 答案: 105, 置信度: 0.7
2025-08-03 03:02:42,863 - INFO - 投票结果: 选择路径 0, 答案: 5, 置信度: 1.0
2025-08-03 03:02:42,863 - INFO - 投票结果: 选择路径 3, 答案: 64, 置信度: 0.6
2025-08-03 03:02:42,864 - INFO - 投票结果: 选择路径 0, 答案: 3, 置信度: 1.0
2025-08-03 03:02:42,864 - INFO - 投票结果: 选择路径 0, 答案: 19, 置信度: 1.0
2025-08-03 03:02:42,864 - INFO - 投票结果: 选择路径 0, 答案: 2, 置信度: 1.0
2025-08-03 03:02:42,865 - INFO - 投票结果: 选择路径 0, 答案: 1640, 置信度: 0.9
2025-08-03 03:02:42,865 - INFO - 投票结果: 选择路径 0, 答案: 5, 置信度: 1.0
2025-08-03 03:02:42,865 - INFO - 投票结果: 选择路径 0, 答案: 27, 置信度: 1.0
2025-08-03 03:02:42,866 - INFO - 投票结果: 选择路径 0, 答案: 1490, 置信度: 0.9
2025-08-03 03:02:42,866 - INFO - 投票结果: 选择路径 0, 答案: 300, 置信度: 1.0
2025-08-03 03:02:42,866 - INFO - 投票结果: 选择路径 0, 答案: 51, 置信度: 0.5
2025-08-03 03:02:42,866 - INFO - 投票结果: 选择路径 0, 答案: 200, 置信度: 0.9
2025-08-03 03:02:42,867 - INFO - 投票结果: 选择路径 0, 答案: 10, 置信度: 1.0
2025-08-03 03:02:42,867 - INFO - 投票结果: 选择路径 0, 答案: 10.67, 置信度: 0.3
2025-08-03 03:02:42,867 - INFO - 投票结果: 选择路径 1, 答案: 280, 置信度: 0.7
2025-08-03 03:02:42,868 - INFO - 投票结果: 选择路径 0, 答案: 78.50, 置信度: 0.7
2025-08-03 03:02:42,868 - INFO - 投票结果: 选择路径 0, 答案: 374, 置信度: 0.4
2025-08-03 03:02:42,868 - INFO - 投票结果: 选择路径 0, 答案: 15, 置信度: 1.0
2025-08-03 03:02:42,869 - INFO - 投票结果: 选择路径 0, 答案: 40, 置信度: 1.0
2025-08-03 03:02:42,869 - INFO - 投票结果: 选择路径 0, 答案: 4, 置信度: 1.0
2025-08-03 03:02:42,869 - INFO - 投票结果: 选择路径 0, 答案: 5040, 置信度: 0.8
2025-08-03 03:02:42,869 - INFO - 投票结果: 选择路径 0, 答案: 8, 置信度: 1.0
2025-08-03 03:02:42,870 - INFO - 投票结果: 选择路径 0, 答案: 5, 置信度: 1.0
2025-08-03 03:02:42,870 - INFO - 投票结果: 选择路径 0, 答案: 35, 置信度: 1.0
2025-08-03 03:02:42,870 - INFO - 投票结果: 选择路径 0, 答案: 1600, 置信度: 1.0
2025-08-03 03:02:42,871 - INFO - 投票结果: 选择路径 0, 答案: 1600, 置信度: 0.8
2025-08-03 03:02:42,871 - INFO - 投票结果: 选择路径 0, 答案: 82, 置信度: 0.7
2025-08-03 03:02:42,871 - INFO - 投票结果: 选择路径 0, 答案: 3, 置信度: 1.0
2025-08-03 03:02:42,872 - INFO - 投票结果: 选择路径 0, 答案: 22, 置信度: 1.0
2025-08-03 03:02:42,872 - INFO - 投票结果: 选择路径 0, 答案: 60, 置信度: 0.5
2025-08-03 03:02:42,872 - INFO - 投票结果: 选择路径 4, 答案: 193, 置信度: 0.4
2025-08-03 03:02:42,872 - INFO - 投票结果: 选择路径 0, 答案: 81, 置信度: 0.4
2025-08-03 03:02:42,873 - INFO - 投票结果: 选择路径 0, 答案: 35, 置信度: 1.0
2025-08-03 03:02:42,873 - INFO - 投票结果: 选择路径 0, 答案: 120, 置信度: 1.0
2025-08-03 03:02:42,873 - INFO - 投票结果: 选择路径 0, 答案: 52, 置信度: 1.0
2025-08-03 03:02:42,874 - INFO - 投票结果: 选择路径 5, 答案: 280800, 置信度: 0.3
2025-08-03 03:02:42,874 - INFO - 投票结果: 选择路径 4, 答案: 37, 置信度: 0.4
2025-08-03 03:02:42,874 - INFO - 投票结果: 选择路径 0, 答案: 174000, 置信度: 0.7
2025-08-03 03:02:42,875 - INFO - 投票结果: 选择路径 0, 答案: 348, 置信度: 0.8
2025-08-03 03:02:42,875 - INFO - 投票结果: 选择路径 0, 答案: 2, 置信度: 1.0
2025-08-03 03:02:42,875 - INFO - 投票结果: 选择路径 0, 答案: 22, 置信度: 0.8
2025-08-03 03:02:42,875 - INFO - 投票结果: 选择路径 0, 答案: 19, 置信度: 0.8
2025-08-03 03:02:42,876 - INFO - 投票结果: 选择路径 0, 答案: 72, 置信度: 1.0
2025-08-03 03:02:42,876 - INFO - 投票结果: 选择路径 0, 答案: 27, 置信度: 1.0
2025-08-03 03:02:42,876 - INFO - 投票结果: 选择路径 4, 答案: 14, 置信度: 0.3
2025-08-03 03:02:42,877 - INFO - 投票结果: 选择路径 2, 答案: 50, 置信度: 0.4
2025-08-03 03:02:42,877 - INFO - 投票结果: 选择路径 0, 答案: 14, 置信度: 1.0
2025-08-03 03:02:42,877 - INFO - 投票结果: 选择路径 0, 答案: 1900, 置信度: 1.0
2025-08-03 03:02:42,878 - INFO - 投票结果: 选择路径 2, 答案: 8, 置信度: 0.7
2025-08-03 03:02:42,878 - INFO - 投票结果: 选择路径 0, 答案: 320, 置信度: 1.0
2025-08-03 03:02:42,878 - INFO - 投票结果: 选择路径 0, 答案: 13, 置信度: 1.0
2025-08-03 03:02:42,878 - INFO - 投票结果: 选择路径 0, 答案: 5, 置信度: 0.6
2025-08-03 03:02:42,879 - INFO - 投票结果: 选择路径 1, 答案: 40, 置信度: 0.4
2025-08-03 03:02:42,879 - INFO - 投票结果: 选择路径 0, 答案: 1840, 置信度: 0.6
2025-08-03 03:02:42,879 - INFO - 投票结果: 选择路径 0, 答案: 36, 置信度: 1.0
2025-08-03 03:02:42,880 - INFO - 投票结果: 选择路径 0, 答案: 10, 置信度: 1.0
2025-08-03 03:02:42,880 - INFO - 投票结果: 选择路径 0, 答案: 40, 置信度: 1.0
2025-08-03 03:02:42,880 - INFO - 投票结果: 选择路径 0, 答案: 6, 置信度: 1.0
2025-08-03 03:02:42,880 - INFO - 投票结果: 选择路径 0, 答案: 12, 置信度: 1.0
2025-08-03 03:02:42,881 - INFO - 投票结果: 选择路径 0, 答案: 100, 置信度: 1.0
2025-08-03 03:02:42,881 - INFO - 投票结果: 选择路径 0, 答案: 117, 置信度: 1.0
2025-08-03 03:02:42,882 - INFO - 投票结果: 选择路径 0, 答案: 75, 置信度: 0.6
2025-08-03 03:02:42,882 - INFO - 投票结果: 选择路径 0, 答案: 10, 置信度: 0.6
2025-08-03 03:02:42,882 - INFO - 投票结果: 选择路径 0, 答案: 3, 置信度: 0.9
2025-08-03 03:02:42,882 - INFO - 投票结果: 选择路径 1, 答案: 14, 置信度: 0.8
2025-08-03 03:02:42,883 - INFO - 投票结果: 选择路径 0, 答案: 77, 置信度: 1.0
2025-08-03 03:02:42,883 - INFO - 投票结果: 选择路径 0, 答案: 30, 置信度: 1.0
2025-08-03 03:02:42,884 - INFO - 投票结果: 选择路径 0, 答案: 10, 置信度: 0.5
2025-08-03 03:02:42,884 - INFO - 投票结果: 选择路径 0, 答案: 12, 置信度: 1.0
2025-08-03 03:02:42,884 - INFO - 投票结果: 选择路径 0, 答案: 630, 置信度: 1.0
2025-08-03 03:02:42,885 - INFO - 投票结果: 选择路径 0, 答案: 1920, 置信度: 0.9
2025-08-03 03:02:42,885 - INFO - 投票结果: 选择路径 0, 答案: 80, 置信度: 1.0
2025-08-03 03:02:42,885 - INFO - 投票结果: 选择路径 0, 答案: 1, 置信度: 1.0
2025-08-03 03:02:42,886 - INFO - 投票结果: 选择路径 0, 答案: 13, 置信度: 1.0
2025-08-03 03:02:42,886 - INFO - 投票结果: 选择路径 0, 答案: 266, 置信度: 0.9
2025-08-03 03:02:42,886 - INFO - 投票结果: 选择路径 0, 答案: 3, 置信度: 1.0
2025-08-03 03:02:42,886 - INFO - 投票结果: 选择路径 0, 答案: 573, 置信度: 1.0
2025-08-03 03:02:42,887 - INFO - 投票结果: 选择路径 0, 答案: 28800, 置信度: 1.0
2025-08-03 03:02:42,887 - INFO - 投票结果: 选择路径 0, 答案: 314, 置信度: 0.9
2025-08-03 03:02:42,887 - INFO - 投票结果: 选择路径 0, 答案: 437, 置信度: 1.0
2025-08-03 03:02:42,888 - INFO - 投票结果: 选择路径 0, 答案: 44, 置信度: 1.0
2025-08-03 03:02:42,888 - INFO - 投票结果: 选择路径 0, 答案: 1, 置信度: 0.9
2025-08-03 03:02:42,888 - INFO - 投票结果: 选择路径 0, 答案: 33, 置信度: 1.0
2025-08-03 03:02:42,889 - INFO - 投票结果: 选择路径 0, 答案: 200, 置信度: 0.4
2025-08-03 03:02:42,889 - INFO - 投票结果: 选择路径 0, 答案: 8, 置信度: 0.8
2025-08-03 03:02:42,889 - INFO - 投票结果: 选择路径 1, 答案: 2.5, 置信度: 0.7
2025-08-03 03:02:42,889 - INFO - 投票结果: 选择路径 2, 答案: 19200, 置信度: 0.5
2025-08-03 03:02:42,890 - INFO - 投票结果: 选择路径 0, 答案: 2, 置信度: 1.0
2025-08-03 03:02:42,890 - INFO - 投票结果: 选择路径 0, 答案: 20, 置信度: 1.0
2025-08-03 03:02:42,890 - INFO - 投票结果: 选择路径 0, 答案: 213, 置信度: 1.0
2025-08-03 03:02:42,891 - INFO - 投票结果: 选择路径 0, 答案: 60, 置信度: 1.0
2025-08-03 03:02:42,891 - INFO - 投票结果: 选择路径 1, 答案: 6, 置信度: 0.6
2025-08-03 03:02:42,891 - INFO - 投票结果: 选择路径 0, 答案: 9220, 置信度: 1.0
2025-08-03 03:02:42,892 - INFO - 投票结果: 选择路径 0, 答案: 260, 置信度: 1.0
2025-08-03 03:02:42,892 - INFO - 投票结果: 选择路径 0, 答案: 18, 置信度: 0.6
2025-08-03 03:02:42,892 - INFO - 投票结果: 选择路径 0, 答案: 64, 置信度: 1.0
2025-08-03 03:02:42,892 - INFO - 投票结果: 选择路径 0, 答案: 931, 置信度: 1.0
2025-08-03 03:02:42,893 - INFO - 投票结果: 选择路径 0, 答案: 63, 置信度: 1.0
2025-08-03 03:02:42,893 - INFO - 投票结果: 选择路径 0, 答案: 10, 置信度: 1.0
2025-08-03 03:02:42,893 - INFO - 投票结果: 选择路径 0, 答案: 20, 置信度: 1.0
2025-08-03 03:02:42,894 - INFO - 投票结果: 选择路径 0, 答案: 10, 置信度: 1.0
2025-08-03 03:02:42,894 - INFO - 投票结果: 选择路径 0, 答案: 5, 置信度: 1.0
2025-08-03 03:02:42,894 - INFO - 投票结果: 选择路径 0, 答案: 45, 置信度: 0.4
2025-08-03 03:02:42,895 - INFO - 投票结果: 选择路径 0, 答案: 3, 置信度: 1.0
2025-08-03 03:02:42,895 - INFO - 投票结果: 选择路径 0, 答案: 1, 置信度: 1.0
2025-08-03 03:02:42,895 - INFO - 投票结果: 选择路径 0, 答案: 10, 置信度: 1.0
2025-08-03 03:02:42,895 - INFO - 投票结果: 选择路径 0, 答案: 64, 置信度: 0.5
2025-08-03 03:02:42,896 - INFO - 投票结果: 选择路径 0, 答案: 91, 置信度: 1.0
2025-08-03 03:02:42,896 - INFO - 投票结果: 选择路径 0, 答案: 32, 置信度: 0.8
2025-08-03 03:02:42,896 - INFO - 投票结果: 选择路径 0, 答案: 25, 置信度: 1.0
2025-08-03 03:02:42,897 - INFO - 投票结果: 选择路径 0, 答案: -19, 置信度: 0.5
2025-08-03 03:02:42,897 - INFO - 投票结果: 选择路径 3, 答案: 21, 置信度: 0.5
2025-08-03 03:02:42,897 - INFO - 投票结果: 选择路径 0, 答案: 14, 置信度: 1.0
2025-08-03 03:02:42,898 - INFO - 投票结果: 选择路径 0, 答案: 5, 置信度: 1.0
2025-08-03 03:02:42,898 - INFO - 投票结果: 选择路径 0, 答案: 1080, 置信度: 1.0
2025-08-03 03:02:42,898 - INFO - 投票结果: 选择路径 1, 答案: 160000, 置信度: 0.6
2025-08-03 03:02:42,898 - INFO - 投票结果: 选择路径 0, 答案: 4, 置信度: 1.0
2025-08-03 03:02:42,899 - INFO - 投票结果: 选择路径 0, 答案: 12, 置信度: 1.0
2025-08-03 03:02:42,899 - INFO - 投票结果: 选择路径 0, 答案: 51, 置信度: 1.0
2025-08-03 03:02:42,899 - INFO - 投票结果: 选择路径 0, 答案: 17, 置信度: 0.9
2025-08-03 03:02:42,900 - INFO - 投票结果: 选择路径 0, 答案: 121, 置信度: 1.0
2025-08-03 03:02:42,900 - INFO - 投票结果: 选择路径 0, 答案: 98, 置信度: 1.0
2025-08-03 03:02:42,900 - INFO - 投票结果: 选择路径 0, 答案: 8, 置信度: 1.0
2025-08-03 03:02:42,900 - INFO - 投票结果: 选择路径 0, 答案: 3, 置信度: 1.0
2025-08-03 03:02:42,901 - INFO - 投票结果: 选择路径 0, 答案: 1920, 置信度: 1.0
2025-08-03 03:02:42,901 - INFO - 投票结果: 选择路径 0, 答案: 160, 置信度: 0.8
2025-08-03 03:02:42,901 - INFO - 投票结果: 选择路径 0, 答案: 78, 置信度: 1.0
2025-08-03 03:02:42,902 - INFO - 投票结果: 选择路径 1, 答案: 30, 置信度: 0.4
2025-08-03 03:02:42,902 - INFO - 投票结果: 选择路径 0, 答案: 1800, 置信度: 0.9
2025-08-03 03:02:42,902 - INFO - 投票结果: 选择路径 0, 答案: 396, 置信度: 0.7
2025-08-03 03:02:42,903 - INFO - 投票结果: 选择路径 0, 答案: 706, 置信度: 1.0
2025-08-03 03:02:42,903 - INFO - 投票结果: 选择路径 0, 答案: 35, 置信度: 1.0
2025-08-03 03:02:42,903 - INFO - 投票结果: 选择路径 0, 答案: 195, 置信度: 0.8
2025-08-03 03:02:42,903 - INFO - 投票结果: 选择路径 1, 答案: 900, 置信度: 0.9
2025-08-03 03:02:42,904 - INFO - 投票结果: 选择路径 0, 答案: 6, 置信度: 1.0
2025-08-03 03:02:42,904 - INFO - 投票结果: 选择路径 0, 答案: 300, 置信度: 0.6
2025-08-03 03:02:42,904 - INFO - 投票结果: 选择路径 0, 答案: 34, 置信度: 1.0
2025-08-03 03:02:42,905 - INFO - 投票结果: 选择路径 0, 答案: 9, 置信度: 1.0
2025-08-03 03:02:42,905 - INFO - 投票结果: 选择路径 0, 答案: 30, 置信度: 0.5
2025-08-03 03:02:42,905 - INFO - 投票结果: 选择路径 2, 答案: 20, 置信度: 0.5
2025-08-03 03:02:42,906 - INFO - 投票结果: 选择路径 0, 答案: 60, 置信度: 1.0
2025-08-03 03:02:42,906 - INFO - 投票结果: 选择路径 0, 答案: 18, 置信度: 0.9
2025-08-03 03:02:42,906 - INFO - 投票结果: 选择路径 0, 答案: 16, 置信度: 1.0
2025-08-03 03:02:42,907 - INFO - 投票结果: 选择路径 0, 答案: 50, 置信度: 0.3
2025-08-03 03:02:42,907 - INFO - 投票结果: 选择路径 0, 答案: 23, 置信度: 1.0
2025-08-03 03:02:42,907 - INFO - 投票结果: 选择路径 0, 答案: 100, 置信度: 1.0
2025-08-03 03:02:42,907 - INFO - 投票结果: 选择路径 0, 答案: 96, 置信度: 1.0
2025-08-03 03:02:42,908 - INFO - 投票结果: 选择路径 0, 答案: 42, 置信度: 1.0
2025-08-03 03:02:42,908 - INFO - 投票结果: 选择路径 0, 答案: 26, 置信度: 0.5
2025-08-03 03:02:42,908 - INFO - 投票结果: 选择路径 2, 答案: 150, 置信度: 0.6
2025-08-03 03:02:42,909 - INFO - 投票结果: 选择路径 0, 答案: 245, 置信度: 1.0
2025-08-03 03:02:42,909 - INFO - 投票结果: 选择路径 0, 答案: 19, 置信度: 0.8
2025-08-03 03:02:42,909 - INFO - 投票结果: 选择路径 0, 答案: 50000, 置信度: 1.0
2025-08-03 03: