2025-08-06 09:05:39,994 - INFO - 配置文件验证通过
2025-08-06 09:05:39,995 - INFO - 随机种子已设置为: 42
2025-08-06 09:05:39,996 - INFO - 使用已提供的模型实例: Llama-3.2-3B-Instruct
2025-08-06 09:05:39,997 - INFO - 加载数据集: GSM8k_test
2025-08-06 09:05:39,998 - INFO - 随机种子已设置为: 42
2025-08-06 09:05:40,004 - INFO - 数据集加载完成，共 1319 条数据，已打乱顺序
2025-08-06 09:05:40,005 - INFO - 使用投票机制，每个问题生成 10 条路径
2025-08-06 09:05:40,006 - INFO - 批量生成模式：为 1319 个问题各生成 10 条路径
2025-08-06 09:05:40,008 - INFO - 开始CoT生成，共4个步骤:
2025-08-06 09:05:40,009 - INFO - 开始CoT步骤 1，min_p=0.6
2025-08-06 09:05:42,702 - INFO - 开始CoT步骤 2，min_p=0.4
2025-08-06 09:05:54,850 - INFO - 开始CoT步骤 3，min_p=0.4
2025-08-06 09:06:05,585 - INFO - 开始CoT步骤 4，min_p=0.8
2025-08-06 09:06:10,622 - INFO - CoT生成完成，共 1319 条CoT
2025-08-06 09:06:10,643 - INFO - 开始CoT生成，共4个步骤:
2025-08-06 09:06:10,645 - INFO - 开始CoT步骤 1，min_p=0.6
2025-08-06 09:06:12,912 - INFO - 开始CoT步骤 2，min_p=0.4
2025-08-06 09:06:24,925 - INFO - 开始CoT步骤 3，min_p=0.4
2025-08-06 09:06:35,503 - INFO - 开始CoT步骤 4，min_p=0.8
2025-08-06 09:06:38,918 - INFO - CoT生成完成，共 1319 条CoT
2025-08-06 09:06:38,940 - INFO - 开始CoT生成，共4个步骤:
2025-08-06 09:06:38,942 - INFO - 开始CoT步骤 1，min_p=0.6
2025-08-06 09:06:41,616 - INFO - 开始CoT步骤 2，min_p=0.4
2025-08-06 09:06:53,589 - INFO - 开始CoT步骤 3，min_p=0.4
2025-08-06 09:07:04,163 - INFO - 开始CoT步骤 4，min_p=0.8
2025-08-06 09:07:08,784 - INFO - CoT生成完成，共 1319 条CoT
2025-08-06 09:07:08,804 - INFO - 开始CoT生成，共4个步骤:
2025-08-06 09:07:08,806 - INFO - 开始CoT步骤 1，min_p=0.6
2025-08-06 09:07:11,116 - INFO - 开始CoT步骤 2，min_p=0.4
2025-08-06 09:07:23,138 - INFO - 开始CoT步骤 3，min_p=0.4
2025-08-06 09:07:34,142 - INFO - 开始CoT步骤 4，min_p=0.8
2025-08-06 09:07:39,161 - INFO - CoT生成完成，共 1319 条CoT
2025-08-06 09:07:39,186 - INFO - 开始CoT生成，共4个步骤:
2025-08-06 09:07:39,189 - INFO - 开始CoT步骤 1，min_p=0.6
2025-08-06 09:07:41,443 - INFO - 开始CoT步骤 2，min_p=0.4
2025-08-06 09:07:53,419 - INFO - 开始CoT步骤 3，min_p=0.4
2025-08-06 09:08:04,398 - INFO - 开始CoT步骤 4，min_p=0.8
2025-08-06 09:08:09,203 - INFO - CoT生成完成，共 1319 条CoT
2025-08-06 09:08:09,224 - INFO - 开始CoT生成，共4个步骤:
2025-08-06 09:08:09,226 - INFO - 开始CoT步骤 1，min_p=0.6
2025-08-06 09:08:11,878 - INFO - 开始CoT步骤 2，min_p=0.4
2025-08-06 09:08:23,620 - INFO - 开始CoT步骤 3，min_p=0.4
2025-08-06 09:08:34,154 - INFO - 开始CoT步骤 4，min_p=0.8
2025-08-06 09:08:39,258 - INFO - CoT生成完成，共 1319 条CoT
2025-08-06 09:08:39,278 - INFO - 开始CoT生成，共4个步骤:
2025-08-06 09:08:39,280 - INFO - 开始CoT步骤 1，min_p=0.6
2025-08-06 09:08:41,548 - INFO - 开始CoT步骤 2，min_p=0.4
2025-08-06 09:08:53,624 - INFO - 开始CoT步骤 3，min_p=0.4
2025-08-06 09:09:04,554 - INFO - 开始CoT步骤 4，min_p=0.8
2025-08-06 09:09:09,386 - INFO - CoT生成完成，共 1319 条CoT
2025-08-06 09:09:09,408 - INFO - 开始CoT生成，共4个步骤:
2025-08-06 09:09:09,410 - INFO - 开始CoT步骤 1，min_p=0.6
2025-08-06 09:09:12,036 - INFO - 开始CoT步骤 2，min_p=0.4
2025-08-06 09:09:24,064 - INFO - 开始CoT步骤 3，min_p=0.4
2025-08-06 09:09:34,818 - INFO - 开始CoT步骤 4，min_p=0.8
2025-08-06 09:09:39,876 - INFO - CoT生成完成，共 1319 条CoT
2025-08-06 09:09:39,896 - INFO - 开始CoT生成，共4个步骤:
2025-08-06 09:09:39,898 - INFO - 开始CoT步骤 1，min_p=0.6
2025-08-06 09:09:42,206 - INFO - 开始CoT步骤 2，min_p=0.4
2025-08-06 09:09:54,229 - INFO - 开始CoT步骤 3，min_p=0.4
2025-08-06 09:10:05,211 - INFO - 开始CoT步骤 4，min_p=0.8
2025-08-06 09:10:09,796 - INFO - CoT生成完成，共 1319 条CoT
2025-08-06 09:10:09,818 - INFO - 开始CoT生成，共4个步骤:
2025-08-06 09:10:09,820 - INFO - 开始CoT步骤 1，min_p=0.6
2025-08-06 09:10:12,418 - INFO - 开始CoT步骤 2，min_p=0.4
2025-08-06 09:10:24,245 - INFO - 开始CoT步骤 3，min_p=0.4
2025-08-06 09:10:35,168 - INFO - 开始CoT步骤 4，min_p=0.8
2025-08-06 09:10:39,284 - INFO - CoT生成完成，共 1319 条CoT
2025-08-06 09:10:39,307 - INFO - 批量生成完成：共生成 1319 组路径，每组 10 条
2025-08-06 09:10:39,309 - INFO - 投票结果: 选择路径 0, 答案: 52, 置信度: 0.8
2025-08-06 09:10:39,310 - INFO - 投票结果: 选择路径 0, 答案: 5, 置信度: 1.0
2025-08-06 09:10:39,311 - INFO - 投票结果: 选择路径 0, 答案: 83, 置信度: 0.9
2025-08-06 09:10:39,312 - INFO - 投票结果: 选择路径 1, 答案: 10, 置信度: 0.9
2025-08-06 09:10:39,313 - INFO - 投票结果: 选择路径 0, 答案: 70, 置信度: 0.7
2025-08-06 09:10:39,314 - INFO - 投票结果: 选择路径 0, 答案: 36, 置信度: 0.9
2025-08-06 09:10:39,315 - INFO - 投票结果: 选择路径 0, 答案: 48, 置信度: 1.0
2025-08-06 09:10:39,316 - INFO - 投票结果: 选择路径 0, 答案: 16, 置信度: 1.0
2025-08-06 09:10:39,317 - INFO - 投票结果: 选择路径 0, 答案: 4.64, 置信度: 0.7
2025-08-06 09:10:39,318 - INFO - 投票结果: 选择路径 0, 答案: 48, 置信度: 1.0
2025-08-06 09:10:39,319 - INFO - 投票结果: 选择路径 0, 答案: 90, 置信度: 1.0
2025-08-06 09:10:39,320 - INFO - 投票结果: 选择路径 0, 答案: 10, 置信度: 1.0
2025-08-06 09:10:39,321 - INFO - 投票结果: 选择路径 5, 答案: 7, 置信度: 0.2
2025-08-06 09:10:39,322 - INFO - 投票结果: 选择路径 0, 答案: 45000, 置信度: 0.4
2025-08-06 09:10:39,323 - INFO - 投票结果: 选择路径 0, 答案: 18, 置信度: 0.9
2025-08-06 09:10:39,324 - INFO - 投票结果: 选择路径 0, 答案: 140, 置信度: 1.0
2025-08-06 09:10:39,325 - INFO - 投票结果: 选择路径 0, 答案: 17, 置信度: 0.7
2025-08-06 09:10:39,326 - INFO - 投票结果: 选择路径 0, 答案: 68, 置信度: 1.0
2025-08-06 09:10:39,327 - INFO - 投票结果: 选择路径 0, 答案: 8, 置信度: 1.0
2025-08-06 09:10:39,328 - INFO - 投票结果: 选择路径 0, 答案: 14, 置信度: 1.0
2025-08-06 09:10:39,329 - INFO - 投票结果: 选择路径 1, 答案: 33.33, 置信度: 0.5
2025-08-06 09:10:39,330 - INFO - 投票结果: 选择路径 0, 答案: 100, 置信度: 1.0
2025-08-06 09:10:39,331 - INFO - 投票结果: 选择路径 1, 答案: 8160, 置信度: 0.2
2025-08-06 09:10:39,332 - INFO - 投票结果: 选择路径 1, 答案: 44, 置信度: 0.6
2025-08-06 09:10:39,333 - INFO - 投票结果: 选择路径 0, 答案: 16400, 置信度: 0.9
2025-08-06 09:10:39,334 - INFO - 投票结果: 选择路径 0, 答案: 250, 置信度: 1.0
2025-08-06 09:10:39,335 - INFO - 投票结果: 选择路径 0, 答案: 34, 置信度: 0.2
2025-08-06 09:10:39,336 - INFO - 投票结果: 选择路径 0, 答案: 1490, 置信度: 0.8
2025-08-06 09:10:39,337 - INFO - 投票结果: 选择路径 0, 答案: 11, 置信度: 0.9
2025-08-06 09:10:39,338 - INFO - 投票结果: 选择路径 0, 答案: 106, 置信度: 1.0
2025-08-06 09:10:39,340 - INFO - 投票结果: 选择路径 1, 答案: 138, 置信度: 0.4
2025-08-06 09:10:39,341 - INFO - 投票结果: 选择路径 1, 答案: 15, 置信度: 0.9
2025-08-06 09:10:39,342 - INFO - 投票结果: 选择路径 0, 答案: 4, 置信度: 1.0
2025-08-06 09:10:39,343 - INFO - 投票结果: 选择路径 0, 答案: 82, 置信度: 1.0
2025-08-06 09:10:39,344 - INFO - 投票结果: 选择路径 0, 答案: 2, 置信度: 1.0
2025-08-06 09:10:39,345 - INFO - 投票结果: 选择路径 2, 答案: 51, 置信度: 0.5
2025-08-06 09:10:39,346 - INFO - 投票结果: 选择路径 0, 答案: 4, 置信度: 0.9
2025-08-06 09:10:39,347 - INFO - 投票结果: 选择路径 0, 答案: 100, 置信度: 1.0
2025-08-06 09:10:39,348 - INFO - 投票结果: 选择路径 1, 答案: 2500, 置信度: 0.3
2025-08-06 09:10:39,349 - INFO - 投票结果: 选择路径 0, 答案: 188, 置信度: 1.0
2025-08-06 09:10:39,350 - INFO - 投票结果: 选择路径 0, 答案: 30, 置信度: 1.0
2025-08-06 09:10:39,351 - INFO - 投票结果: 选择路径 0, 答案: 30, 置信度: 1.0
2025-08-06 09:10:39,352 - INFO - 投票结果: 选择路径 0, 答案: 240, 置信度: 1.0
2025-08-06 09:10:39,353 - INFO - 投票结果: 选择路径 0, 答案: 7, 置信度: 1.0
2025-08-06 09:10:39,354 - INFO - 投票结果: 选择路径 3, 答案: 350, 置信度: 0.4
2025-08-06 09:10:39,355 - INFO - 投票结果: 选择路径 0, 答案: 4, 置信度: 0.5
2025-08-06 09:10:39,356 - INFO - 投票结果: 选择路径 0, 答案: 36, 置信度: 0.9
2025-08-06 09:10:39,357 - INFO - 投票结果: 选择路径 0, 答案: 3, 置信度: 0.6
2025-08-06 09:10:39,358 - INFO - 投票结果: 选择路径 1, 答案: 2, 置信度: 0.7
2025-08-06 09:10:39,359 - INFO - 投票结果: 选择路径 0, 答案: 33, 置信度: 1.0
2025-08-06 09:10:39,360 - INFO - 投票结果: 选择路径 0, 答案: 21, 置信度: 1.0
2025-08-06 09:10:39,361 - INFO - 投票结果: 选择路径 0, 答案: 185, 置信度: 0.4
2025-08-06 09:10:39,362 - INFO - 投票结果: 选择路径 0, 答案: 60, 置信度: 0.9
2025-08-06 09:10:39,363 - INFO - 投票结果: 选择路径 3, 答案: 49, 置信度: 0.5
2025-08-06 09:10:39,364 - INFO - 投票结果: 选择路径 0, 答案: 1162.50, 置信度: 0.3
2025-08-06 09:10:39,365 - INFO - 投票结果: 选择路径 0, 答案: 27, 置信度: 0.9
2025-08-06 09:10:39,366 - INFO - 投票结果: 选择路径 2, 答案: 16, 置信度: 0.7
2025-08-06 09:10:39,367 - INFO - 投票结果: 选择路径 0, 答案: 49, 置信度: 0.9
2025-08-06 09:10:39,368 - INFO - 投票结果: 选择路径 0, 答案: 8, 置信度: 0.4
2025-08-06 09:10:39,369 - INFO - 投票结果: 选择路径 0, 答案: 32, 置信度: 0.9
2025-08-06 09:10:39,370 - INFO - 投票结果: 选择路径 0, 答案: 168, 置信度: 0.5
2025-08-06 09:10:39,371 - INFO - 投票结果: 选择路径 0, 答案: 225, 置信度: 1.0
2025-08-06 09:10:39,372 - INFO - 投票结果: 选择路径 0, 答案: 50, 置信度: 1.0
2025-08-06 09:10:39,373 - INFO - 投票结果: 选择路径 0, 答案: 45, 置信度: 0.5
2025-08-06 09:10:39,374 - INFO - 投票结果: 选择路径 0, 答案: 7, 置信度: 1.0
2025-08-06 09:10:39,375 - INFO - 投票结果: 选择路径 0, 答案: 800, 置信度: 0.9
2025-08-06 09:10:39,375 - INFO - 投票结果: 选择路径 0, 答案: 22, 置信度: 1.0
2025-08-06 09:10:39,377 - INFO - 投票结果: 选择路径 0, 答案: 235, 置信度: 0.9
2025-08-06 09:10:39,377 - INFO - 投票结果: 选择路径 0, 答案: 3, 置信度: 1.0
2025-08-06 09:10:39,378 - INFO - 投票结果: 选择路径 0, 答案: 2, 置信度: 0.3
2025-08-06 09:10:39,379 - INFO - 投票结果: 选择路径 0, 答案: 3000, 置信度: 1.0
2025-08-06 09:10:39,380 - INFO - 投票结果: 选择路径 0, 答案: 300, 置信度: 0.9
2025-08-06 09:10:39,381 - INFO - 投票结果: 选择路径 0, 答案: 20, 置信度: 0.7
2025-08-06 09:10:39,382 - INFO - 投票结果: 选择路径 0, 答案: 130, 置信度: 1.0
2025-08-06 09:10:39,383 - INFO - 投票结果: 选择路径 0, 答案: 2, 置信度: 0.3
2025-08-06 09:10:39,384 - INFO - 投票结果: 选择路径 0, 答案: 48, 置信度: 0.8
2025-08-06 09:10:39,385 - INFO - 投票结果: 选择路径 2, 答案: 50, 置信度: 0.7
2025-08-06 09:10:39,386 - INFO - 投票结果: 选择路径 1, 答案: 3, 置信度: 0.5
2025-08-06 09:10:39,387 - INFO - 投票结果: 选择路径 0, 答案: 5, 置信度: 0.8
2025-08-06 09:10:39,388 - INFO - 投票结果: 选择路径 0, 答案: 110, 置信度: 1.0
2025-08-06 09:10:39,389 - INFO - 投票结果: 选择路径 4, 答案: 1600, 置信度: 0.2
2025-08-06 09:10:39,390 - INFO - 投票结果: 选择路径 0, 答案: 16, 置信度: 1.0
2025-08-06 09:10:39,391 - INFO - 投票结果: 选择路径 0, 答案: 80, 置信度: 1.0
2025-08-06 09:10:39,392 - INFO - 投票结果: 选择路径 1, 答案: 45, 置信度: 0.9
2025-08-06 09:10:39,393 - INFO - 投票结果: 选择路径 0, 答案: 36, 置信度: 1.0
2025-08-06 09:10:39,394 - INFO - 投票结果: 选择路径 0, 答案: 6, 置信度: 0.3
2025-08-06 09:10:39,395 - INFO - 投票结果: 选择路径 0, 答案: 6, 置信度: 0.4
2025-08-06 09:10:39,396 - INFO - 投票结果: 选择路径 0, 答案: 36, 置信度: 1.0
2025-08-06 09:10:39,397 - INFO - 投票结果: 选择路径 0, 答案: 60, 置信度: 0.6
2025-08-06 09:10:39,398 - INFO - 投票结果: 选择路径 0, 答案: 9, 置信度: 1.0
2025-08-06 09:10:39,399 - INFO - 投票结果: 选择路径 0, 答案: 1, 置信度: 0.9
2025-08-06 09:10:39,400 - INFO - 投票结果: 选择路径 0, 答案: 30, 置信度: 1.0
2025-08-06 09:10:39,401 - INFO - 投票结果: 选择路径 0, 答案: 70000, 置信度: 0.3
2025-08-06 09:10:39,402 - INFO - 投票结果: 选择路径 0, 答案: 34, 置信度: 1.0
2025-08-06 09:10:39,403 - INFO - 投票结果: 选择路径 0, 答案: 14.5, 置信度: 0.1
2025-08-06 09:10:39,404 - INFO - 投票结果: 选择路径 0, 答案: 306, 置信度: 1.0
2025-08-06 09:10:39,405 - INFO - 投票结果: 选择路径 0, 答案: 55, 置信度: 0.9
2025-08-06 09:10:39,406 - INFO - 投票结果: 选择路径 0, 答案: 12, 置信度: 0.9
2025-08-06 09:10:39,407 - INFO - 投票结果: 选择路径 0, 答案: 75, 置信度: 1.0
2025-08-06 09:10:39,408 - INFO - 投票结果: 选择路径 0, 答案: 24, 置信度: 0.8
2025-08-06 09:10:39,409 - INFO - 投票结果: 选择路径 0, 答案: 50, 置信度: 0.6
2025-08-06 09:10:39,410 - INFO - 投票结果: 选择路径 0, 答案: 110, 置信度: 1.0
2025-08-06 09:10:39,411 - INFO - 投票结果: 选择路径 0, 答案: 452, 置信度: 0.3
2025-08-06 09:10:39,412 - INFO - 投票结果: 选择路径 0, 答案: 30, 置信度: 1.0
2025-08-06 09:10:39,413 - INFO - 投票结果: 选择路径 0, 答案: 80, 置信度: 0.9
2025-08-06 09:10:39,414 - INFO - 投票结果: 选择路径 0, 答案: 1.50, 置信度: 0.4
2025-08-06 09:10:39,415 - INFO - 投票结果: 选择路径 0, 答案: 120, 置信度: 1.0
2025-08-06 09:10:39,416 - INFO - 投票结果: 选择路径 0, 答案: 108, 置信度: 0.6
2025-08-06 09:10:39,417 - INFO - 投票结果: 选择路径 0, 答案: 70, 置信度: 1.0
2025-08-06 09:10:39,418 - INFO - 投票结果: 选择路径 1, 答案: 13.50, 置信度: 0.7
2025-08-06 09:10:39,419 - INFO - 投票结果: 选择路径 0, 答案: 150, 置信度: 1.0
2025-08-06 09:10:39,420 - INFO - 投票结果: 选择路径 0, 答案: 10, 置信度: 0.7
2025-08-06 09:10:39,421 - INFO - 投票结果: 选择路径 1, 答案: 2, 置信度: 0.3
2025-08-06 09:10:39,422 - INFO - 投票结果: 选择路径 0, 答案: 250, 置信度: 1.0
2025-08-06 09:10:39,423 - INFO - 投票结果: 选择路径 0, 答案: 3, 置信度: 1.0
2025-08-06 09:10:39,424 - INFO - 投票结果: 选择路径 0, 答案: 15, 置信度: 1.0
2025-08-06 09:10:39,425 - INFO - 投票结果: 选择路径 0, 答案: 12, 置信度: 1.0
2025-08-06 09:10:39,426 - INFO - 投票结果: 选择路径 0, 答案: 60, 置信度: 1.0
2025-08-06 09:10:39,427 - INFO - 投票结果: 选择路径 0, 答案: 3, 置信度: 1.0
2025-08-06 09:10:39,428 - INFO - 投票结果: 选择路径 1, 答案: 9, 置信度: 0.6
2025-08-06 09:10:39,429 - INFO - 投票结果: 选择路径 0, 答案: 140000, 置信度: 1.0
2025-08-06 09:10:39,430 - INFO - 投票结果: 选择路径 1, 答案: 0, 置信度: 0.3
2025-08-06 09:10:39,431 - INFO - 投票结果: 选择路径 0, 答案: 2400, 置信度: 1.0
2025-08-06 09:10:39,432 - INFO - 投票结果: 选择路径 0, 答案: 4, 置信度: 1.0
2025-08-06 09:10:39,433 - INFO - 投票结果: 选择路径 0, 答案: 83, 置信度: 0.4
2025-08-06 09:10:39,434 - INFO - 投票结果: 选择路径 0, 答案: 300, 置信度: 1.0
2025-08-06 09:10:39,435 - INFO - 投票结果: 选择路径 0, 答案: 91, 置信度: 0.9
2025-08-06 09:10:39,436 - INFO - 投票结果: 选择路径 0, 答案: 8, 置信度: 1.0
2025-08-06 09:10:39,437 - INFO - 投票结果: 选择路径 0, 答案: 120, 置信度: 1.0
2025-08-06 09:10:39,438 - INFO - 投票结果: 选择路径 0, 答案: 350, 置信度: 1.0
2025-08-06 09:10:39,439 - INFO - 投票结果: 选择路径 0, 答案: 2600, 置信度: 1.0
2025-08-06 09:10:39,440 - INFO - 投票结果: 选择路径 0, 答案: 10, 置信度: 1.0
2025-08-06 09:10:39,441 - INFO - 投票结果: 选择路径 0, 答案: 22, 置信度: 0.4
2025-08-06 09:10:39,442 - INFO - 投票结果: 选择路径 0, 答案: 7, 置信度: 1.0
2025-08-06 09:10:39,443 - INFO - 投票结果: 选择路径 0, 答案: 31, 置信度: 0.7
2025-08-06 09:10:39,444 - INFO - 投票结果: 选择路径 0, 答案: 975, 置信度: 0.7
2025-08-06 09:10:39,445 - INFO - 投票结果: 选择路径 1, 答案: -160, 置信度: 0.5
2025-08-06 09:10:39,446 - INFO - 投票结果: 选择路径 0, 答案: 120, 置信度: 0.8
2025-08-06 09:10:39,447 - INFO - 投票结果: 选择路径 0, 答案: 220, 置信度: 1.0
2025-08-06 09:10:39,448 - INFO - 投票结果: 选择路径 0, 答案: 87, 置信度: 1.0
2025-08-06 09:10:39,449 - INFO - 投票结果: 选择路径 0, 答案: 300, 置信度: 1.0
2025-08-06 09:10:39,450 - INFO - 投票结果: 选择路径 0, 答案: 30, 置信度: 0.9
2025-08-06 09:10:39,451 - INFO - 投票结果: 选择路径 1, 答案: 21, 置信度: 0.5
2025-08-06 09:10:39,452 - INFO - 投票结果: 选择路径 0, 答案: 16, 置信度: 1.0
2025-08-06 09:10:39,453 - INFO - 投票结果: 选择路径 0, 答案: 7, 置信度: 1.0
2025-08-06 09:10:39,454 - INFO - 投票结果: 选择路径 6, 答案: 81, 置信度: 0.3
2025-08-06 09:10:39,455 - INFO - 投票结果: 选择路径 0, 答案: 5, 置信度: 0.7
2025-08-06 09:10:39,456 - INFO - 投票结果: 选择路径 0, 答案: 9, 置信度: 1.0
2025-08-06 09:10:39,457 - INFO - 投票结果: 选择路径 0, 答案: 10, 置信度: 1.0
2025-08-06 09:10:39,458 - INFO - 投票结果: 选择路径 0, 答案: 24, 置信度: 0.5
2025-08-06 09:10:39,459 - INFO - 投票结果: 选择路径 0, 答案: 5, 置信度: 1.0
2025-08-06 09:10:39,460 - INFO - 投票结果: 选择路径 0, 答案: 50, 置信度: 1.0
2025-08-06 09:10:39,461 - INFO - 投票结果: 选择路径 0, 答案: 48, 置信度: 0.8
2025-08-06 09:10:39,462 - INFO - 投票结果: 选择路径 0, 答案: 25, 置信度: 1.0
2025-08-06 09:10:39,463 - INFO - 投票结果: 选择路径 0, 答案: 92, 置信度: 0.6
2025-08-06 09:10:39,464 - INFO - 投票结果: 选择路径 1, 答案: 33.33, 置信度: 0.3
2025-08-06 09:10:39,465 - INFO - 投票结果: 选择路径 0, 答案: 120, 置信度: 0.6
2025-08-06 09:10:39,466 - INFO - 投票结果: 选择路径 0, 答案: 21, 置信度: 1.0
2025-08-06 09:10:39,467 - INFO - 投票结果: 选择路径 0, 答案: 1200, 置信度: 1.0
2025-08-06 09:10:39,468 - INFO - 投票结果: 选择路径 0, 答案: 255, 置信度: 0.7
2025-08-06 09:10:39,469 - INFO - 投票结果: 选择路径 0, 答案: 4, 置信度: 0.8
2025-08-06 09:10:39,470 - INFO - 投票结果: 选择路径 0, 答案: 10, 置信度: 1.0
2025-08-06 09:10:39,471 - INFO - 投票结果: 选择路径 0, 答案: 700, 置信度: 1.0
2025-08-06 09:10:39,472 - INFO - 投票结果: 选择路径 0, 答案: 38, 置信度: 1.0
2025-08-06 09:10:39,473 - INFO - 投票结果: 选择路径 0, 答案: 32, 置信度: 0.9
2025-08-06 09:10:39,474 - INFO - 投票结果: 选择路径 0, 答案: 30, 置信度: 1.0
2025-08-06 09:10:39,475 - INFO - 投票结果: 选择路径 0, 答案: 16, 置信度: 1.0
2025-08-06 09:10:39,475 - INFO - 投票结果: 选择路径 0, 答案: 40, 置信度: 1.0
2025-08-06 09:10:39,476 - INFO - 投票结果: 选择路径 0, 答案: 288, 置信度: 1.0
2025-08-06 09:10:39,477 - INFO - 投票结果: 选择路径 0, 答案: 1100, 置信度: 1.0
2025-08-06 09:10:39,478 - INFO - 投票结果: 选择路径 0, 答案: 20, 置信度: 0.9
2025-08-06 09:10:39,479 - INFO - 投票结果: 选择路径 2, 答案: 2, 置信度: 0.7
2025-08-06 09:10:39,480 - INFO - 投票结果: 选择路径 0, 答案: 1040000, 置信度: 0.9
2025-08-06 09:10:39,481 - INFO - 投票结果: 选择路径 0, 答案: 9, 置信度: 0.9
2025-08-06 09:10:39,482 - INFO - 投票结果: 选择路径 0, 答案: 132, 置信度: 1.0
2025-08-06 09:10:39,483 - INFO - 投票结果: 选择路径 0, 答案: 93, 置信度: 1.0
2025-08-06 09:10:39,484 - INFO - 投票结果: 选择路径 0, 答案: 4, 置信度: 0.9
2025-08-06 09:10:39,485 - INFO - 投票结果: 选择路径 0, 答案: 85, 置信度: 0.3
2025-08-06 09:10:39,486 - INFO - 投票结果: 选择路径 0, 答案: 33, 置信度: 1.0
2025-08-06 09:10:39,487 - INFO - 投票结果: 选择路径 0, 答案: 12, 置信度: 0.6
2025-08-06 09:10:39,488 - INFO - 投票结果: 选择路径 0, 答案: 7200, 置信度: 1.0
2025-08-06 09:10:39,489 - INFO - 投票结果: 选择路径 0, 答案: 60, 置信度: 1.0
2025-08-06 09:10:39,490 - INFO - 投票结果: 选择路径 0, 答案: 44, 置信度: 1.0
2025-08-06 09:10:39,491 - INFO - 投票结果: 选择路径 0, 答案: 113, 置信度: 0.9
2025-08-06 09:10:39,492 - INFO - 投票结果: 选择路径 0, 答案: 43500, 置信度: 0.5
2025-08-06 09:10:39,493 - INFO - 投票结果: 选择路径 0, 答案: 720, 置信度: 1.0
2025-08-06 09:10:39,494 - INFO - 投票结果: 选择路径 0, 答案: 50, 置信度: 1.0
2025-08-06 09:10:39,495 - INFO - 投票结果: 选择路径 0, 答案: 24, 置信度: 0.9
2025-08-06 09:10:39,496 - INFO - 投票结果: 选择路径 0, 答案: 43, 置信度: 0.8
2025-08-06 09:10:39,497 - INFO - 投票结果: 选择路径 0, 答案: 30, 置信度: 1.0
2025-08-06 09:10:39,499 - INFO - 投票结果: 选择路径 0, 答案: 23, 置信度: 0.6
2025-08-06 09:10:39,500 - INFO - 投票结果: 选择路径 0, 答案: 251, 置信度: 0.8
2025-08-06 09:10:39,501 - INFO - 投票结果: 选择路径 0, 答案: 35, 置信度: 1.0
2025-08-06 09:10:39,502 - INFO - 投票结果: 选择路径 0, 答案: 110, 置信度: 0.7
2025-08-06 09:10:39,502 - INFO - 投票结果: 选择路径 0, 答案: 82, 置信度: 1.0
2025-08-06 09:10:39,503 - INFO - 投票结果: 选择路径 1, 答案: 2100, 置信度: 0.7
2025-08-06 09:10:39,504 - INFO - 投票结果: 选择路径 0, 答案: 3, 置信度: 0.9
2025-08-06 09:10:39,505 - INFO - 投票结果: 选择路径 1, 答案: 12, 置信度: 0.9
2025-08-06 09:10:39,506 - INFO - 投票结果: 选择路径 3, 答案: 6, 置信度: 0.5
2025-08-06 09:10:39,507 - INFO - 投票结果: 选择路径 1, 答案: 12, 置信度: 0.8
2025-08-06 09:10:39,508 - INFO - 投票结果: 选择路径 0, 答案: 575, 置信度: 0.2
2025-08-06 09:10:39,510 - INFO - 投票结果: 选择路径 0, 答案: 27, 置信度: 1.0
2025-08-06 09:10:39,510 - INFO - 投票结果: 选择路径 0, 答案: 360, 置信度: 1.0
2025-08-06 09:10:39,511 - INFO - 投票结果: 选择路径 4, 答案: 14, 置信度: 0.4
2025-08-06 09:10:39,512 - INFO - 投票结果: 选择路径 0, 答案: 694, 置信度: 1.0
2025-08-06 09:10:39,513 - INFO - 投票结果: 选择路径 0, 答案: 3, 置信度: 1.0
2025-08-06 09:10:39,514 - INFO - 投票结果: 选择路径 0, 答案: 360, 置信度: 1.0
2025-08-06 09:10:39,515 - INFO - 投票结果: 选择路径 4, 答案: 350, 置信度: 0.3
2025-08-06 09:10:39,516 - INFO - 投票结果: 选择路径 0, 答案: 20, 置信度: 1.0
2025-08-06 09:10:39,517 - INFO - 投票结果: 选择路径 0, 答案: 3360, 置信度: 1.0
2025-08-06 09:10:39,518 - INFO - 投票结果: 选择路径 0, 答案: 39, 置信度: 0.9
2025-08-06 09:10:39,519 - INFO - 投票结果: 选择路径 0, 答案: 12, 置信度: 1.0
2025-08-06 09:10:39,520 - INFO - 投票结果: 选择路径 0, 答案: 215, 置信度: 1.0
2025-08-06 09:10:39,521 - INFO - 投票结果: 选择路径 0, 答案: 4, 置信度: 0.3
2025-08-06 09:10:39,522 - INFO - 投票结果: 选择路径 0, 答案: 9, 置信度: 1.0
2025-08-06 09:10:39,523 - INFO - 投票结果: 选择路径 0, 答案: 520, 置信度: 0.7
2025-08-06 09:10:39,524 - INFO - 投票结果: 选择路径 0, 答案: 62, 置信度: 1.0
2025-08-06 09:10:39,525 - INFO - 投票结果: 选择路径 1, 答案: 122, 置信度: 0.3
2025-08-06 09:10:39,526 - INFO - 投票结果: 选择路径 0, 答案: 120, 置信度: 0.9
2025-08-06 09:10:39,527 - INFO - 投票结果: 选择路径 0, 答案: 15, 置信度: 1.0
2025-08-06 09:10:39,528 - INFO - 投票结果: 选择路径 0, 答案: 185, 置信度: 0.4
2025-08-06 09:10:39,529 - INFO - 投票结果: 选择路径 0, 答案: 540.8, 置信度: 0.1
2025-08-06 09:10:39,530 - INFO - 投票结果: 选择路径 1, 答案: 2, 置信度: 0.4
2025-08-06 09:10:39,531 - INFO - 投票结果: 选择路径 0, 答案: 178.75, 置信度: 0.6
2025-08-06 09:10:39,532 - INFO - 投票结果: 选择路径 1, 答案: 202, 置信度: 0.6
2025-08-06 09:10:39,533 - INFO - 投票结果: 选择路径 0, 答案: 14, 置信度: 0.3
2025-08-06 09:10:39,534 - INFO - 投票结果: 选择路径 0, 答案: 10, 置信度: 1.0
2025-08-06 09:10:39,535 - INFO - 投票结果: 选择路径 0, 答案: 6, 置信度: 0.7
2025-08-06 09:10:39,536 - INFO - 投票结果: 选择路径 0, 答案: 43200, 置信度: 0.8
2025-08-06 09:10:39,537 - INFO - 投票结果: 选择路径 0, 答案: 10, 置信度: 1.0
2025-08-06 09:10:39,538 - INFO - 投票结果: 选择路径 0, 答案: 8, 置信度: 0.5
2025-08-06 09:10:39,539 - INFO - 投票结果: 选择路径 0, 答案: 697.5, 置信度: 0.5
2025-08-06 09:10:39,540 - INFO - 投票结果: 选择路径 0, 答案: 160, 置信度: 0.5
2025-08-06 09:10:39,541 - INFO - 投票结果: 选择路径 0, 答案: 40, 置信度: 1.0
2025-08-06 09:10:39,542 - INFO - 投票结果: 选择路径 0, 答案: 12, 置信度: 0.5
2025-08-06 09:10:39,543 - INFO - 投票结果: 选择路径 0, 答案: 12, 置信度: 0.6
2025-08-06 09:10:39,544 - INFO - 投票结果: 选择路径 0, 答案: 36, 置信度: 0.9
2025-08-06 09:10:39,545 - INFO - 投票结果: 选择路径 0, 答案: 9, 置信度: 1.0
2025-08-06 09:10:39,546 - INFO - 投票结果: 选择路径 0, 答案: 16, 置信度: 1.0
2025-08-06 09:10:39,547 - INFO - 投票结果: 选择路径 0, 答案: 60, 置信度: 1.0
2025-08-06 09:10:39,548 - INFO - 投票结果: 选择路径 0, 答案: 4, 置信度: 1.0
2025-08-06 09:10:39,549 - INFO - 投票结果: 选择路径 0, 答案: 3, 置信度: 1.0
2025-08-06 09:10:39,550 - INFO - 投票结果: 选择路径 0, 答案: 100, 置信度: 1.0
2025-08-06 09:10:39,551 - INFO - 投票结果: 选择路径 0, 答案: 2040, 置信度: 0.4
2025-08-06 09:10:39,552 - INFO - 投票结果: 选择路径 3, 答案: 20, 置信度: 0.3
2025-08-06 09:10:39,553 - INFO - 投票结果: 选择路径 0, 答案: 29, 置信度: 1.0
2025-08-06 09:10:39,554 - INFO - 投票结果: 选择路径 0, 答案: 80, 置信度: 0.5
2025-08-06 09:10:39,555 - INFO - 投票结果: 选择路径 0, 答案: 23, 置信度: 1.0
2025-08-06 09:10:39,556 - INFO - 投票结果: 选择路径 7, 答案: 8, 置信度: 0.2
2025-08-06 09:10:39,557 - INFO - 投票结果: 选择路径 1, 答案: 9, 置信度: 0.6
2025-08-06 09:10:39,558 - INFO - 投票结果: 选择路径 0, 答案: 156, 置信度: 0.7
2025-08-06 09:10:39,559 - INFO - 投票结果: 选择路径 2, 答案: 48, 置信度: 0.6
2025-08-06 09:10:39,560 - INFO - 投票结果: 选择路径 0, 答案: 10, 置信度: 1.0
2025-08-06 09:10:39,561 - INFO - 投票结果: 选择路径 0, 答案: 8, 置信度: 1.0
2025-08-06 09:10:39,562 - INFO - 投票结果: 选择路径 0, 答案: 32, 置信度: 1.0
2025-08-06 09:10:39,563 - INFO - 投票结果: 选择路径 0, 答案: 48, 置信度: 0.9
2025-08-06 09:10:39,564 - INFO - 投票结果: 选择路径 0, 答案: 500, 置信度: 1.0
2025-08-06 09:10:39,565 - INFO - 投票结果: 选择路径 0, 答案: 8, 置信度: 1.0
2025-08-06 09:10:39,566 - INFO - 投票结果: 选择路径 0, 答案: 6, 置信度: 0.8
2025-08-06 09:10:39,567 - INFO - 投票结果: 选择路径 0, 答案: -10, 置信度: 1.0
2025-08-06 09:10:39,568 - INFO - 投票结果: 选择路径 0, 答案: 5, 置信度: 1.0
2025-08-06 09:10:39,569 - INFO - 投票结果: 选择路径 0, 答案: 8, 置信度: 1.0
2025-08-06 09:10:39,570 - INFO - 投票结果: 选择路径 0, 答案: 34, 置信度: 1.0
2025-08-06 09:10:39,571 - INFO - 投票结果: 选择路径 0, 答案: 30, 置信度: 0.9
2025-08-06 09:10:39,572 - INFO - 投票结果: 选择路径 0, 答案: 1000, 置信度: 1.0
2025-08-06 09:10:39,573 - INFO - 投票结果: 选择路径 0, 答案: 6, 置信度: 0.8
2025-08-06 09:10:39,574 - INFO - 投票结果: 选择路径 2, 答案: 150, 置信度: 0.4
2025-08-06 09:10:39,575 - INFO - 投票结果: 选择路径 0, 答案: 1920, 置信度: 1.0
2025-08-06 09:10:39,576 - INFO - 投票结果: 选择路径 4, 答案: 19, 置信度: 0.3
2025-08-06 09:10:39,577 - INFO - 投票结果: 选择路径 0, 答案: 50, 置信度: 1.0
2025-08-06 09:10:39,578 - INFO - 投票结果: 选择路径 0, 答案: 4000, 置信度: 0.7
2025-08-06 09:10:39,579 - INFO - 投票结果: 选择路径 0, 答案: 5, 置信度: 1.0
2025-08-06 09:10:39,580 - INFO - 投票结果: 选择路径 0, 答案: 10, 置信度: 0.9
2025-08-06 09:10:39,581 - INFO - 投票结果: 选择路径 0, 答案: 7, 置信度: 1.0
2025-08-06 09:10:39,582 - INFO - 投票结果: 选择路径 0, 答案: 20, 置信度: 1.0
2025-08-06 09:10:39,583 - INFO - 投票结果: 选择路径 1, 答案: 38, 置信度: 0.6
2025-08-06 09:10:39,584 - INFO - 投票结果: 选择路径 0, 答案: 9, 置信度: 0.9
2025-08-06 09:10:39,585 - INFO - 投票结果: 选择路径 5, 答案: 100000, 置信度: 0.2
2025-08-06 09:10:39,586 - INFO - 投票结果: 选择路径 0, 答案: 120, 置信度: 0.8
2025-08-06 09:10:39,587 - INFO - 投票结果: 选择路径 6, 答案: 10512, 置信度: 0.2
2025-08-06 09:10:39,588 - INFO - 投票结果: 选择路径 3, 答案: 4, 置信度: 0.5
2025-08-06 09:10:39,589 - INFO - 投票结果: 选择路径 1, 答案: 595, 置信度: 0.9
2025-08-06 09:10:39,590 - INFO - 投票结果: 选择路径 0, 答案: 110, 置信度: 1.0
2025-08-06 09:10:39,591 - INFO - 投票结果: 选择路径 0, 答案: 4800, 置信度: 1.0
2025-08-06 09:10:39,592 - INFO - 投票结果: 选择路径 0, 答案: 140, 置信度: 0.9
2025-08-06 09:10:39,593 - INFO - 投票结果: 选择路径 0, 答案: 34, 置信度: 1.0
2025-08-06 09:10:39,594 - INFO - 投票结果: 选择路径 0, 答案: 10, 置信度: 0.9
2025-08-06 09:10:39,595 - INFO - 投票结果: 选择路径 5, 答案: 2450, 置信度: 0.3
2025-08-06 09:10:39,596 - INFO - 投票结果: 选择路径 0, 答案: 30, 置信度: 1.0
2025-08-06 09:10:39,597 - INFO - 投票结果: 选择路径 0, 答案: 224000, 置信度: 0.5
2025-08-06 09:10:39,598 - INFO - 投票结果: 选择路径 0, 答案: 168, 置信度: 0.9
2025-08-06 09:10:39,599 - INFO - 投票结果: 选择路径 1, 答案: 120, 置信度: 0.9
2025-08-06 09:10:39,600 - INFO - 投票结果: 选择路径 0, 答案: 3, 置信度: 0.7
2025-08-06 09:10:39,601 - INFO - 投票结果: 选择路径 0, 答案: 20, 置信度: 1.0
2025-08-06 09:10:39,602 - INFO - 投票结果: 选择路径 0, 答案: 4, 置信度: 1.0
2025-08-06 09:10:39,603 - INFO - 投票结果: 选择路径 0, 答案: 15, 置信度: 0.4
2025-08-06 09:10:39,604 - INFO - 投票结果: 选择路径 0, 答案: 8, 置信度: 1.0
2025-08-06 09:10:39,606 - INFO - 投票结果: 选择路径 0, 答案: 308, 置信度: 1.0
2025-08-06 09:10:39,607 - INFO - 投票结果: 选择路径 0, 答案: 187, 置信度: 1.0
2025-08-06 09:10:39,608 - INFO - 投票结果: 选择路径 0, 答案: 123, 置信度: 1.0
2025-08-06 09:10:39,609 - INFO - 投票结果: 选择路径 0, 答案: 4, 置信度: 0.5
2025-08-06 09:10:39,610 - INFO - 投票结果: 选择路径 2, 答案: 167, 置信度: 0.2
2025-08-06 09:10:39,611 - INFO - 投票结果: 选择路径 0, 答案: 14000, 置信度: 1.0
2025-08-06 09:10:39,611 - INFO - 投票结果: 选择路径 1, 答案: 160, 置信度: 0.6
2025-08-06 09:10:39,613 - INFO - 投票结果: 选择路径 0, 答案: 7, 置信度: 1.0
2025-08-06 09:10:39,614 - INFO - 投票结果: 选择路径 1, 答案: 480, 置信度: 0.8
2025-08-06 09:10:39,614 - INFO - 投票结果: 选择路径 0, 答案: 2, 置信度: 0.9
2025-08-06 09:10:39,615 - INFO - 投票结果: 选择路径 0, 答案: 45, 置信度: 0.9
2025-08-06 09:10:39,616 - INFO - 投票结果: 选择路径 0, 答案: 31, 置信度: 0.9
2025-08-06 09:10:39,618 - INFO - 投票结果: 选择路径 0, 答案: 15, 置信度: 0.5
2025-08-06 09:10:39,618 - INFO - 投票结果: 选择路径 0, 答案: 18, 置信度: 1.0
2025-08-06 09:10:39,619 - INFO - 投票结果: 选择路径 0, 答案: 6, 置信度: 0.3
2025-08-06 09:10:39,620 - INFO - 投票结果: 选择路径 0, 答案: 93000, 置信度: 1.0
2025-08-06 09:10:39,621 - INFO - 投票结果: 选择路径 0, 答案: 9817.96, 置信度: 0.2
2025-08-06 09:10:39,622 - INFO - 投票结果: 选择路径 0, 答案: 150, 置信度: 1.0
2025-08-06 09:10:39,623 - INFO - 投票结果: 选择路径 0, 答案: 220, 置信度: 0.9
2025-08-06 09:10:39,624 - INFO - 投票结果: 选择路径 0, 答案: 12, 置信度: 1.0
2025-08-06 09:10:39,625 - INFO - 投票结果: 选择路径 0, 答案: 71, 置信度: 1.0
2025-08-06 09:10:39,626 - INFO - 投票结果: 选择路径 0, 答案: 8, 置信度: 1.0
2025-08-06 09:10:39,627 - INFO - 投票结果: 选择路径 1, 答案: 48, 置信度: 0.2
2025-08-06 09:10:39,628 - INFO - 投票结果: 选择路径 0, 答案: 53, 置信度: 1.0
2025-08-06 09:10:39,630 - INFO - 投票结果: 选择路径 0, 答案: 31800, 置信度: 0.9
2025-08-06 09:10:39,630 - INFO - 投票结果: 选择路径 0, 答案: 4, 置信度: 1.0
2025-08-06 09:10:39,631 - INFO - 投票结果: 选择路径 0, 答案: 12, 置信度: 1.0
2025-08-06 09:10:39,632 - INFO - 投票结果: 选择路径 0, 答案: 10, 置信度: 1.0
2025-08-06 09:10:39,634 - INFO - 投票结果: 选择路径 1, 答案: 2800, 置信度: 0.5
2025-08-06 09:10:39,635 - INFO - 投票结果: 选择路径 0, 答案: 18, 置信度: 1.0
2025-08-06 09:10:39,635 - INFO - 投票结果: 选择路径 0, 答案: 24, 置信度: 0.5
2025-08-06 09:10:39,637 - INFO - 投票结果: 选择路径 1, 答案: 139, 置信度: 0.8
2025-08-06 09:10:39,638 - INFO - 投票结果: 选择路径 0, 答案: 36, 置信度: 0.5
2025-08-06 09:10:39,638 - INFO - 投票结果: 选择路径 3, 答案: 18, 置信度: 0.5
2025-08-06 09:10:39,639 - INFO - 投票结果: 选择路径 0, 答案: 12, 置信度: 1.0
2025-08-06 09:10:39,640 - INFO - 投票结果: 选择路径 0, 答案: 78, 置信度: 0.9
2025-08-06 09:10:39,641 - INFO - 投票结果: 选择路径 0, 答案: 3, 置信度: 1.0
2025-08-06 09:10:39,642 - INFO - 投票结果: 选择路径 1, 答案: 292.5, 置信度: 0.2
2025-08-06 09:10:39,643 - INFO - 投票结果: 选择路径 0, 答案: 163, 置信度: 0.4
2025-08-06 09:10:39,644 - INFO - 投票结果: 选择路径 0, 答案: 90, 置信度: 1.0
2025-08-06 09:10:39,645 - INFO - 投票结果: 选择路径 0, 答案: 135, 置信度: 0.3
2025-08-06 09:10:39,646 - INFO - 投票结果: 选择路径 0, 答案: 480, 置信度: 0.3
2025-08-06 09:10:39,647 - INFO - 投票结果: 选择路径 0, 答案: 5, 置信度: 0.5
2025-08-06 09:10:39,648 - INFO - 投票结果: 选择路径 0, 答案: 90, 置信度: 1.0
2025-08-06 09:10:39,649 - INFO - 投票结果: 选择路径 0, 答案: 42, 置信度: 0.9
2025-08-06 09:10:39,650 - INFO - 投票结果: 选择路径 0, 答案: 162, 置信度: 1.0
2025-08-06 09:10:39,651 - INFO - 投票结果: 选择路径 1, 答案: 9, 置信度: 0.7
2025-08-06 09:10:39,652 - INFO - 投票结果: 选择路径 2, 答案: 48, 置信度: 0.2
2025-08-06 09:10:39,653 - INFO - 投票结果: 选择路径 1, 答案: 73, 置信度: 0.3
2025-08-06 09:10:39,654 - INFO - 投票结果: 选择路径 0, 答案: 14000, 置信度: 0.8
2025-08-06 09:10:39,655 - INFO - 投票结果: 选择路径 0, 答案: 45, 置信度: 1.0
2025-08-06 09:10:39,656 - INFO - 投票结果: 选择路径 0, 答案: 420, 置信度: 0.7
2025-08-06 09:10:39,657 - INFO - 投票结果: 选择路径 0, 答案: 15, 置信度: 1.0
2025-08-06 09:10:39,658 - INFO - 投票结果: 选择路径 0, 答案: 30, 置信度: 1.0
2025-08-06 09:10:39,659 - INFO - 投票结果: 选择路径 0, 答案: 280, 置信度: 1.0
2025-08-06 09:10:39,660 - INFO - 投票结果: 选择路径 0, 答案: 5, 置信度: 0.7
2025-08-06 09:10:39,661 - INFO - 投票结果: 选择路径 0, 答案: 135, 置信度: 1.0
2025-08-06 09:10:39,662 - INFO - 投票结果: 选择路径 0, 答案: 67, 置信度: 1.0
2025-08-06 09:10:39,663 - INFO - 投票结果: 选择路径 0, 答案: 1260, 置信度: 1.0
2025-08-06 09:10:39,664 - INFO - 投票结果: 选择路径 0, 答案: 80, 置信度: 1.0
2025-08-06 09:10:39,665 - INFO - 投票结果: 选择路径 0, 答案: 40, 置信度: 0.2
2025-08-06 09:10:39,666 - INFO - 投票结果: 选择路径 0, 答案: 15, 置信度: 1.0
2025-08-06 09:10:39,667 - INFO - 投票结果: 选择路径 0, 答案: 12, 置信度: 1.0
2025-08-06 09:10:39,668 - INFO - 投票结果: 选择路径 0, 答案: 15, 置信度: 1.0
2025-08-06 09:10:39,669 - INFO - 投票结果: 选择路径 0, 答案: 221, 置信度: 1.0
2025-08-06 09:10:39,670 - INFO - 投票结果: 选择路径 0, 答案: 5, 置信度: 1.0
2025-08-06 09:10:39,671 - INFO - 投票结果: 选择路径 1, 答案: 11, 置信度: 0.6
2025-08-06 09:10:39,672 - INFO - 投票结果: 选择路径 0, 答案: 8400, 置信度: 1.0
2025-08-06 09:10:39,673 - INFO - 投票结果: 选择路径 0, 答案: 3000, 置信度: 1.0
2025-08-06 09:10:39,674 - INFO - 投票结果: 选择路径 0, 答案: 60, 置信度: 1.0
2025-08-06 09:10:39,675 - INFO - 投票结果: 选择路径 5, 答案: 826, 置信度: 0.3
2025-08-06 09:10:39,676 - INFO - 投票结果: 选择路径 1, 答案: 20, 置信度: 0.3
2025-08-06 09:10:39,677 - INFO - 投票结果: 选择路径 0, 答案: 9.75, 置信度: 0.4
2025-08-06 09:10:39,678 - INFO - 投票结果: 选择路径 1, 答案: 12, 置信度: 0.6
2025-08-06 09:10:39,679 - INFO - 投票结果: 选择路径 0, 答案: 480, 置信度: 1.0
2025-08-06 09:10:39,680 - INFO - 投票结果: 选择路径 0, 答案: 14400, 置信度: 0.7
2025-08-06 09:10:39,681 - INFO - 投票结果: 选择路径 0, 答案: 3, 置信度: 0.8
2025-08-06 09:10:39,682 - INFO - 投票结果: 选择路径 0, 答案: 250, 置信度: 1.0
2025-08-06 09:10:39,683 - INFO - 投票结果: 选择路径 0, 答案: 168, 置信度: 1.0
2025-08-06 09:10:39,684 - INFO - 投票结果: 选择路径 0, 答案: 64800, 置信度: 0.5
2025-08-06 09:10:39,685 - INFO - 投票结果: 选择路径 0, 答案: 120, 置信度: 0.6
2025-08-06 09:10:39,686 - INFO - 投票结果: 选择路径 0, 答案: 270, 置信度: 1.0
2025-08-06 09:10:39,687 - INFO - 投票结果: 选择路径 0, 答案: 26, 置信度: 1.0
2025-08-06 09:10:39,688 - INFO - 投票结果: 选择路径 2, 答案: 20, 置信度: 0.6
2025-08-06 09:10:39,689 - INFO - 投票结果: 选择路径 0, 答案: 75, 置信度: 0.4
2025-08-06 09:10:39,690 - INFO - 投票结果: 选择路径 0, 答案: 101, 置信度: 1.0
2025-08-06 09:10:39,691 - INFO - 投票结果: 选择路径 0, 答案: 230, 置信度: 0.5
2025-08-06 09:10:39,692 - INFO - 投票结果: 选择路径 0, 答案: 85, 置信度: 1.0
2025-08-06 09:10:39,693 - INFO - 投票结果: 选择路径 0, 答案: 4, 置信度: 0.4
2025-08-06 09:10:39,694 - INFO - 投票结果: 选择路径 0, 答案: 2300, 置信度: 0.3
2025-08-06 09:10:39,695 - INFO - 投票结果: 选择路径 0, 答案: 300, 置信度: 1.0
2025-08-06 09:10:39,695 - INFO - 投票结果: 选择路径 0, 答案: 31, 置信度: 1.0
2025-08-06 09:10:39,697 - INFO - 投票结果: 选择路径 0, 答案: 12, 置信度: 1.0
2025-08-06 09:10:39,698 - INFO - 投票结果: 选择路径 1, 答案: 2:00p, 置信度: 0.9
2025-08-06 09:10:39,699 - INFO - 投票结果: 选择路径 0, 答案: 3, 置信度: 0.9
2025-08-06 09:10:39,699 - INFO - 投票结果: 选择路径 0, 答案: 10, 置信度: 0.5
2025-08-06 09:10:39,700 - INFO - 投票结果: 选择路径 0, 答案: 45, 置信度: 1.0
2025-08-06 09:10:39,702 - INFO - 投票结果: 选择路径 0, 答案: 200, 置信度: 0.7
2025-08-06 09:10:39,702 - INFO - 投票结果: 选择路径 0, 答案: 40, 置信度: 0.5
2025-08-06 09:10:39,703 - INFO - 投票结果: 选择路径 0, 答案: 10, 置信度: 0.8
2025-08-06 09:10:39,704 - INFO - 投票结果: 选择路径 0, 答案: 98, 置信度: 0.9
2025-08-06 09:10:39,706 - INFO - 投票结果: 选择路径 3, 答案: 5, 置信度: 0.3
2025-08-06 09:10:39,707 - INFO - 投票结果: 选择路径 1, 答案: 45, 置信度: 0.4
2025-08-06 09:10:39,708 - INFO - 投票结果: 选择路径 0, 答案: 360, 置信度: 0.3
2025-08-06 09:10:39,709 - INFO - 投票结果: 选择路径 1, 答案: 8, 置信度: 0.9
2025-08-06 09:10:39,710 - INFO - 投票结果: 选择路径 0, 答案: 15, 置信度: 0.3
2025-08-06 09:10:39,711 - INFO - 投票结果: 选择路径 0, 答案: 70, 置信度: 1.0
2025-08-06 09:10:39,712 - INFO - 投票结果: 选择路径 0, 答案: 294, 置信度: 0.9
2025-08-06 09:10:39,713 - INFO - 投票结果: 选择路径 0, 答案: 5, 置信度: 0.6
2025-08-06 09:10:39,714 - INFO - 投票结果: 选择路径 0, 答案: 13, 置信度: 1.0
2025-08-06 09:10:39,715 - INFO - 投票结果: 选择路径 0, 答案: 195, 置信度: 1.0
2025-08-06 09:10:39,716 - INFO - 投票结果: 选择路径 0, 答案: 7, 置信度: 1.0
2025-08-06 09:10:39,717 - INFO - 投票结果: 选择路径 0, 答案: 1875, 置信度: 1.0
2025-08-06 09:10:39,718 - INFO - 投票结果: 选择路径 0, 答案: 385000, 置信度: 1.0
2025-08-06 09:10:39,719 - INFO - 投票结果: 选择路径 0, 答案: 85, 置信度: 1.0
2025-08-06 09:10:39,720 - INFO - 投票结果: 选择路径 0, 答案: 27, 置信度: 0.8
2025-08-06 09:10:39,721 - INFO - 投票结果: 选择路径 0, 答案: 159, 置信度: 1.0
2025-08-06 09:10:39,722 - INFO - 投票结果: 选择路径 0, 答案: 25, 置信度: 1.0
2025-08-06 09:10:39,723 - INFO - 投票结果: 选择路径 0, 答案: 720, 置信度: 1.0
2025-08-06 09:10:39,724 - INFO - 投票结果: 选择路径 0, 答案: 549, 置信度: 0.8
2025-08-06 09:10:39,725 - INFO - 投票结果: 选择路径 0, 答案: 7, 置信度: 0.7
2025-08-06 09:10:39,726 - INFO - 投票结果: 选择路径 0, 答案: 25, 置信度: 0.5
2025-08-06 09:10:39,727 - INFO - 投票结果: 选择路径 1, 答案: 180, 置信度: 0.3
2025-08-06 09:10:39,728 - INFO - 投票结果: 选择路径 0, 答案: 2, 置信度: 0.9
2025-08-06 09:10:39,729 - INFO - 投票结果: 选择路径 0, 答案: 22, 置信度: 0.8
2025-08-06 09:10:39,730 - INFO - 投票结果: 选择路径 0, 答案: 40, 置信度: 0.7
2025-08-06 09:10:39,731 - INFO - 投票结果: 选择路径 0, 答案: 2550, 置信度: 0.3
2025-08-06 09:10:39,732 - INFO - 投票结果: 选择路径 0, 答案: 500, 置信度: 0.2
2025-08-06 09:10:39,733 - INFO - 投票结果: 选择路径 0, 答案: 10, 置信度: 0.7
2025-08-06 09:10:39,734 - INFO - 投票结果: 选择路径 0, 答案: 36, 置信度: 0.6
2025-08-06 09:10:39,735 - INFO - 投票结果: 选择路径 0, 答案: 17, 置信度: 0.9
2025-08-06 09:10:39,736 - INFO - 投票结果: 选择路径 0, 答案: 50, 置信度: 0.7
2025-08-06 09:10:39,737 - INFO - 投票结果: 选择路径 0, 答案: 96, 置信度: 0.7
2025-08-06 09:10:39,738 - INFO - 投票结果: 选择路径 0, 答案: 280, 置信度: 0.4
2025-08-06 09:10:39,739 - INFO - 投票结果: 选择路径 0, 答案: 60, 置信度: 0.4
2025-08-06 09:10:39,740 - INFO - 投票结果: 选择路径 0, 答案: 142, 置信度: 1.0
2025-08-06 09:10:39,741 - INFO - 投票结果: 选择路径 0, 答案: 5, 置信度: 0.7
2025-08-06 09:10:39,742 - INFO - 投票结果: 选择路径 0, 答案: 95, 置信度: 1.0
2025-08-06 09:10:39,743 - INFO - 投票结果: 选择路径 1, 答案: 175, 置信度: 0.9
2025-08-06 09:10:39,744 - INFO - 投票结果: 选择路径 2, 答案: 20, 置信度: 0.6
2025-08-06 09:10:39,745 - INFO - 投票结果: 选择路径 0, 答案: 15, 置信度: 1.0
2025-08-06 09:10:39,746 - INFO - 投票结果: 选择路径 0, 答案: 370, 置信度: 0.6
2025-08-06 09:10:39,747 - INFO - 投票结果: 选择路径 1, 答案: 0, 置信度: 0.4
2025-08-06 09:10:39,748 - INFO - 投票结果: 选择路径 1, 答案: 2, 置信度: 0.9
2025-08-06 09:10:39,749 - INFO - 投票结果: 选择路径 0, 答案: 120, 置信度: 0.6
2025-08-06 09:10:39,750 - INFO - 投票结果: 选择路径 0, 答案: 70, 置信度: 1.0
2025-08-06 09:10:39,751 - INFO - 投票结果: 选择路径 0, 答案: 17000, 置信度: 0.9
2025-08-06 09:10:39,752 - INFO - 投票结果: 选择路径 0, 答案: 57, 置信度: 0.9
2025-08-06 09:10:39,753 - INFO - 投票结果: 选择路径 0, 答案: 1260, 置信度: 1.0
2025-08-06 09:10:39,754 - INFO - 投票结果: 选择路径 0, 答案: 4500, 置信度: 1.0
2025-08-06 09:10:39,755 - INFO - 投票结果: 选择路径 0, 答案: 5, 置信度: 0.9
2025-08-06 09:10:39,756 - INFO - 投票结果: 选择路径 0, 答案: 360, 置信度: 1.0
2025-08-06 09:10:39,757 - INFO - 投票结果: 选择路径 0, 答案: 50, 置信度: 0.8
2025-08-06 09:10:39,758 - INFO - 投票结果: 选择路径 0, 答案: 95, 置信度: 0.3
2025-08-06 09:10:39,759 - INFO - 投票结果: 选择路径 0, 答案: 2, 置信度: 0.9
2025-08-06 09:10:39,759 - INFO - 投票结果: 选择路径 0, 答案: 10.8333, 置信度: 0.4
2025-08-06 09:10:39,760 - INFO - 投票结果: 选择路径 1, 答案: 5760, 置信度: 0.8
2025-08-06 09:10:39,762 - INFO - 投票结果: 选择路径 0, 答案: 35, 置信度: 0.8
2025-08-06 09:10:39,762 - INFO - 投票结果: 选择路径 2, 答案: 27, 置信度: 0.3
2025-08-06 09:10:39,763 - INFO - 投票结果: 选择路径 0, 答案: 7, 置信度: 0.9
2025-08-06 09:10:39,764 - INFO - 投票结果: 选择路径 0, 答案: 3, 置信度: 1.0
2025-08-06 09:10:39,766 - INFO - 投票结果: 选择路径 1, 答案: 147, 置信度: 0.4
2025-08-06 09:10:39,767 - INFO - 投票结果: 选择路径 2, 答案: 280, 置信度: 0.7
2025-08-06 09:10:39,768 - INFO - 投票结果: 选择路径 0, 答案: 16, 置信度: 0.7
2025-08-06 09:10:39,769 - INFO - 投票结果: 选择路径 0, 答案: 10, 置信度: 1.0
2025-08-06 09:10:39,770 - INFO - 投票结果: 选择路径 0, 答案: 101, 置信度: 1.0
2025-08-06 09:10:39,771 - INFO - 投票结果: 选择路径 0, 答案: 12, 置信度: 0.9
2025-08-06 09:10:39,771 - INFO - 投票结果: 选择路径 0, 答案: 78, 置信度: 1.0
2025-08-06 09:10:39,772 - INFO - 投票结果: 选择路径 0, 答案: 16, 置信度: 1.0
2025-08-06 09:10:39,774 - INFO - 投票结果: 选择路径 0, 答案: 8, 置信度: 0.6
2025-08-06 09:10:39,774 - INFO - 投票结果: 选择路径 0, 答案: 20, 置信度: 0.9
2025-08-06 09:10:39,775 - INFO - 投票结果: 选择路径 0, 答案: 280, 置信度: 0.8
2025-08-06 09:10:39,776 - INFO - 投票结果: 选择路径 0, 答案: 47.25, 置信度: 0.3
2025-08-06 09:10:39,777 - INFO - 投票结果: 选择路径 0, 答案: 105, 置信度: 1.0
2025-08-06 09:10:39,778 - INFO - 投票结果: 选择路径 0, 答案: 58, 置信度: 0.5
2025-08-06 09:10:39,779 - INFO - 投票结果: 选择路径 0, 答案: 6, 置信度: 1.0
2025-08-06 09:10:39,780 - INFO - 投票结果: 选择路径 0, 答案: 120, 置信度: 0.5
2025-08-06 09:10:39,781 - INFO - 投票结果: 选择路径 0, 答案: 770, 置信度: 1.0
2025-08-06 09:10:39,782 - INFO - 投票结果: 选择路径 0, 答案: 28, 置信度: 1.0
2025-08-06 09:10:39,783 - INFO - 投票结果: 选择路径 2, 答案: 25, 置信度: 0.3
2025-08-06 09:10:39,784 - INFO - 投票结果: 选择路径 0, 答案: 1630, 置信度: 0.8
2025-08-06 09:10:39,785 - INFO - 投票结果: 选择路径 0, 答案: 55, 置信度: 0.8
2025-08-06 09:10:39,786 - INFO - 投票结果: 选择路径 0, 答案: 40, 置信度: 0.5
2025-08-06 09:10:39,787 - INFO - 投票结果: 选择路径 0, 答案: 11, 置信度: 0.9
2025-08-06 09:10:39,788 - INFO - 投票结果: 选择路径 0, 答案: 3, 置信度: 1.0
2025-08-06 09:10:39,790 - INFO - 投票结果: 选择路径 0, 答案: 20, 置信度: 0.8
2025-08-06 09:10:39,790 - INFO - 投票结果: 选择路径 0, 答案: 15, 置信度: 1.0
2025-08-06 09:10:39,791 - INFO - 投票结果: 选择路径 0, 答案: 150, 置信度: 0.3
2025-08-06 09:10:39,792 - INFO - 投票结果: 选择路径 0, 答案: 70, 置信度: 1.0
2025-08-06 09:10:39,793 - INFO - 投票结果: 选择路径 0, 答案: 63, 置信度: 1.0
2025-08-06 09:10:39,794 - INFO - 投票结果: 选择路径 2, 答案: 14, 置信度: 0.7
2025-08-06 09:10:39,795 - INFO - 投票结果: 选择路径 0, 答案: 11, 置信度: 1.0
2025-08-06 09:10:39,796 - INFO - 投票结果: 选择路径 1, 答案: 153, 置信度: 0.7
2025-08-06 09:10:39,797 - INFO - 投票结果: 选择路径 0, 答案: 15, 置信度: 1.0
2025-08-06 09:10:39,798 - INFO - 投票结果: 选择路径 0, 答案: 145, 置信度: 0.3
2025-08-06 09:10:39,799 - INFO - 投票结果: 选择路径 0, 答案: 175, 置信度: 0.6
2025-08-06 09:10:39,800 - INFO - 投票结果: 选择路径 0, 答案: 600, 置信度: 0.9
2025-08-06 09:10:39,801 - INFO - 投票结果: 选择路径 0, 答案: 20, 置信度: 1.0
2025-08-06 09:10:39,802 - INFO - 投票结果: 选择路径 0, 答案: 12, 置信度: 1.0
2025-08-06 09:10:39,803 - INFO - 投票结果: 选择路径 0, 答案: 87, 置信度: 1.0
2025-08-06 09:10:39,804 - INFO - 投票结果: 选择路径 0, 答案: 60, 置信度: 0.4
2025-08-06 09:10:39,805 - INFO - 投票结果: 选择路径 0, 答案: 10, 置信度: 0.9
2025-08-06 09:10:39,806 - INFO - 投票结果: 选择路径 0, 答案: 18, 置信度: 1.0
2025-08-06 09:10:39,807 - INFO - 投票结果: 选择路径 0, 答案: 230, 置信度: 1.0
2025-08-06 09:10:39,808 - INFO - 投票结果: 选择路径 0, 答案: 5, 置信度: 0.3
2025-08-06 09:10:39,809 - INFO - 投票结果: 选择路径 0, 答案: 1198, 置信度: 0.6
2025-08-06 09:10:39,810 - INFO - 投票结果: 选择路径 0, 答案: 2325, 置信度: 0.8
2025-08-06 09:10:39,811 - INFO - 投票结果: 选择路径 0, 答案: 80, 置信度: 1.0
2025-08-06 09:10:39,812 - INFO - 投票结果: 选择路径 0, 答案: 880, 置信度: 1.0
2025-08-06 09:10:39,813 - INFO - 投票结果: 选择路径 1, 答案: 5, 置信度: 0.9
2025-08-06 09:10:39,814 - INFO - 投票结果: 选择路径 0, 答案: 45, 置信度: 1.0
2025-08-06 09:10:39,815 - INFO - 投票结果: 选择路径 0, 答案: 75, 置信度: 1.0
2025-08-06 09:10:39,816 - INFO - 投票结果: 选择路径 0, 答案: 4, 置信度: 0.7
2025-08-06 09:10:39,817 - INFO - 投票结果: 选择路径 0, 答案: 350, 置信度: 1.0
2025-08-06 09:10:39,818 - INFO - 投票结果: 选择路径 0, 答案: 200, 置信度: 1.0
2025-08-06 09:10:39,819 - INFO - 投票结果: 选择路径 0, 答案: 1000, 置信度: 0.9
2025-08-06 09:10:39,820 - INFO - 投票结果: 选择路径 0, 答案: 21, 置信度: 0.7
2025-08-06 09:10:39,821 - INFO - 投票结果: 选择路径 0, 答案: 19, 置信度: 0.9
2025-08-06 09:10:39,822 - INFO - 投票结果: 选择路径 0, 答案: 13, 置信度: 1.0
2025-08-06 09:10:39,823 - INFO - 投票结果: 选择路径 0, 答案: 10, 置信度: 0.6
2025-08-06 09:10:39,824 - INFO - 投票结果: 选择路径 0, 答案: 440, 置信度: 0.9
2025-08-06 09:10:39,825 - INFO - 投票结果: 选择路径 0, 答案: 48, 置信度: 1.0
2025-08-06 09:10:39,826 - INFO - 投票结果: 选择路径 2, 答案: 33, 置信度: 0.5
2025-08-06 09:10:39,827 - INFO - 投票结果: 选择路径 0, 答案: 64, 置信度: 0.4
2025-08-06 09:10:39,828 - INFO - 投票结果: 选择路径 0, 答案: 22, 置信度: 1.0
2025-08-06 09:10:39,829 - INFO - 投票结果: 选择路径 0, 答案: 57500, 置信度: 1.0
2025-08-06 09:10:39,830 - INFO - 投票结果: 选择路径 0, 答案: 35, 置信度: 1.0
2025-08-06 09:10:39,831 - INFO - 投票结果: 选择路径 0, 答案: 26, 置信度: 1.0
2025-08-06 09:10:39,832 - INFO - 投票结果: 选择路径 1, 答案: 18, 置信度: 0.7
2025-08-06 09:10:39,833 - INFO - 投票结果: 选择路径 1, 答案: 27000, 置信度: 0.8
2025-08-06 09:10:39,834 - INFO - 投票结果: 选择路径 0, 答案: 157, 置信度: 1.0
2025-08-06 09:10:39,835 - INFO - 投票结果: 选择路径 0, 答案: 14, 置信度: 1.0
2025-08-06 09:10:39,836 - INFO - 投票结果: 选择路径 0, 答案: 26, 置信度: 0.9
2025-08-06 09:10:39,837 - INFO - 投票结果: 选择路径 0, 答案: 966.3, 置信度: 0.1
2025-08-06 09:10:39,838 - INFO - 投票结果: 选择路径 0, 答案: 12, 置信度: 1.0
2025-08-06 09:10:39,839 - INFO - 投票结果: 选择路径 2, 答案: 0, 置信度: 0.2
2025-08-06 09:10:39,840 - INFO - 投票结果: 选择路径 0, 答案: 366, 置信度: 1.0
2025-08-06 09:10:39,841 - INFO - 投票结果: 选择路径 0, 答案: 195, 置信度: 0.9
2025-08-06 09:10:39,843 - INFO - 投票结果: 选择路径 0, 答案: 90, 置信度: 1.0
2025-08-06 09:10:39,843 - INFO - 投票结果: 选择路径 0, 答案: 10, 置信度: 1.0
2025-08-06 09:10:39,844 - INFO - 投票结果: 选择路径 0, 答案: 400, 置信度: 0.9
2025-08-06 09:10:39,845 - INFO - 投票结果: 选择路径 0, 答案: 5.86, 置信度: 0.7
2025-08-06 09:10:39,846 - INFO - 投票结果: 选择路径 0, 答案: 17, 置信度: 1.0
2025-08-06 09:10:39,847 - INFO - 投票结果: 选择路径 0, 答案: 80, 置信度: 0.6
2025-08-06 09:10:39,848 - INFO - 投票结果: 选择路径 0, 答案: 22, 置信度: 0.4
2025-08-06 09:10:39,849 - INFO - 投票结果: 选择路径 0, 答案: 44, 置信度: 1.0
2025-08-06 09:10:39,850 - INFO - 投票结果: 选择路径 1, 答案: 12, 置信度: 0.6
2025-08-06 09:10:39,851 - INFO - 投票结果: 选择路径 0, 答案: 27, 置信度: 1.0
2025-08-06 09:10:39,852 - INFO - 投票结果: 选择路径 0, 答案: 120, 置信度: 0.9
2025-08-06 09:10:39,853 - INFO - 投票结果: 选择路径 0, 答案: 12, 置信度: 1.0
2025-08-06 09:10:39,854 - INFO - 投票结果: 选择路径 0, 答案: 5, 置信度: 1.0
2025-08-06 09:10:39,855 - INFO - 投票结果: 选择路径 0, 答案: 36, 置信度: 0.7
2025-08-06 09:10:39,856 - INFO - 投票结果: 选择路径 0, 答案: 9, 置信度: 1.0
2025-08-06 09:10:39,857 - INFO - 投票结果: 选择路径 0, 答案: 2, 置信度: 1.0
2025-08-06 09:10:39,858 - INFO - 投票结果: 选择路径 0, 答案: 38, 置信度: 0.5
2025-08-06 09:10:39,859 - INFO - 投票结果: 选择路径 0, 答案: 70, 置信度: 1.0
2025-08-06 09:10:39,860 - INFO - 投票结果: 选择路径 2, 答案: 3440, 置信度: 0.6
2025-08-06 09:10:39,861 - INFO - 投票结果: 选择路径 0, 答案: 3200, 置信度: 1.0
2025-08-06 09:10:39,862 - INFO - 投票结果: 选择路径 1, 答案: 142, 置信度: 0.4
2025-08-06 09:10:39,863 - INFO - 投票结果: 选择路径 0, 答案: 90, 置信度: 1.0
2025-08-06 09:10:39,864 - INFO - 投票结果: 选择路径 0, 答案: 200, 置信度: 0.9
2025-08-06 09:10:39,865 - INFO - 投票结果: 选择路径 0, 答案: 330000, 置信度: 0.5
2025-08-06 09:10:39,866 - INFO - 投票结果: 选择路径 0, 答案: 9, 置信度: 1.0
2025-08-06 09:10:39,867 - INFO - 投票结果: 选择路径 0, 答案: 10, 置信度: 1.0
2025-08-06 09:10:39,868 - INFO - 投票结果: 选择路径 0, 答案: 40, 置信度: 0.4
2025-08-06 09:10:39,869 - INFO - 投票结果: 选择路径 0, 答案: 700, 置信度: 1.0
2025-08-06 09:10:39,870 - INFO - 投票结果: 选择路径 0, 答案: 12, 置信度: 1.0
2025-08-06 09:10:39,871 - INFO - 投票结果: 选择路径 0, 答案: 3, 置信度: 1.0
2025-08-06 09:10:39,872 - INFO - 投票结果: 选择路径 0, 答案: 320, 置信度: 0.9
2025-08-06 09:10:39,873 - INFO - 投票结果: 选择路径 5, 答案: 60, 置信度: 0.2
2025-08-06 09:10:39,874 - INFO - 投票结果: 选择路径 0, 答案: 50, 置信度: 0.8
2025-08-06 09:10:39,875 - INFO - 投票结果: 选择路径 0, 答案: 50, 置信度: 1.0
2025-08-06 09:10:39,876 - INFO - 投票结果: 选择路径 0, 答案: 1850, 置信度: 0.4
2025-08-06 09:10:39,877 - INFO - 投票结果: 选择路径 0, 答案: 12, 置信度: 0.7
2025-08-06 09:10:39,878 - INFO - 投票结果: 选择路径 0, 答案: 2640, 置信度: 1.0
2025-08-06 09:10:39,879 - INFO - 投票结果: 选择路径 0, 答案: 98, 置信度: 0.9
2025-08-06 09:10:39,880 - INFO - 投票结果: 选择路径 0, 答案: 19, 置信度: 1.0
2025-08-06 09:10:39,881 - INFO - 投票结果: 选择路径 0, 答案: 21, 置信度: 1.0
2025-08-06 09:10:39,882 - INFO - 投票结果: 选择路径 0, 答案: 5, 置信度: 0.9
2025-08-06 09:10:39,883 - INFO - 投票结果: 选择路径 0, 答案: 30, 置信度: 1.0
2025-08-06 09:10:39,884 - INFO - 投票结果: 选择路径 0, 答案: 34, 置信度: 0.8
2025-08-06 09:10:39,885 - INFO - 投票结果: 选择路径 0, 答案: 48, 置信度: 0.7
2025-08-06 09:10:39,886 - INFO - 投票结果: 选择路径 0, 答案: 7, 置信度: 1.0
2025-08-06 09:10:39,887 - INFO - 投票结果: 选择路径 0, 答案: 50, 置信度: 1.0
2025-08-06 09:10:39,888 - INFO - 投票结果: 选择路径 0, 答案: 25, 置信度: 1.0
2025-08-06 09:10:39,889 - INFO - 投票结果: 选择路径 0, 答案: 500, 置信度: 1.0
2025-08-06 09:10:39,890 - INFO - 投票结果: 选择路径 0, 答案: 300, 置信度: 1.0
2025-08-06 09:10:39,890 - INFO - 投票结果: 选择路径 0, 答案: 842, 置信度: 1.0
2025-08-06 09:10:39,891 - INFO - 投票结果: 选择路径 0, 答案: 600, 置信度: 0.8
2025-08-06 09:10:39,892 - INFO - 投票结果: 选择路径 0, 答案: 160, 置信度: 0.6
2025-08-06 09:10:39,893 - INFO - 投票结果: 选择路径 0, 答案: 32, 置信度: 0.9
2025-08-06 09:10:39,894 - INFO - 投票结果: 选择路径 0, 答案: 15, 置信度: 1.0
2025-08-06 09:10:39,895 - INFO - 投票结果: 选择路径 0, 答案: 243, 置信度: 1.0
2025-08-06 09:10:39,896 - INFO - 投票结果: 选择路径 0, 答案: 60, 置信度: 0.8
2025-08-06 09:10:39,897 - INFO - 投票结果: 选择路径 0, 答案: 1218, 置信度: 0.9
2025-08-06 09:10:39,898 - INFO - 投票结果: 选择路径 0, 答案: 16, 置信度: 0.4
2025-08-06 09:10:39,899 - INFO - 投票结果: 选择路径 0, 答案: 40, 置信度: 0.9
2025-08-06 09:10:39,900 - INFO - 投票结果: 选择路径 0, 答案: 1210, 置信度: 1.0
2025-08-06 09:10:39,901 - INFO - 投票结果: 选择路径 0, 答案: 50, 置信度: 1.0
2025-08-06 09:10:39,902 - INFO - 投票结果: 选择路径 0, 答案: 12, 置信度: 1.0
2025-08-06 09:10:39,903 - INFO - 投票结果: 选择路径 0, 答案: 3528, 置信度: 1.0
2025-08-06 09:10:39,904 - INFO - 投票结果: 选择路径 2, 答案: 150, 置信度: 0.5
2025-08-06 09:10:39,905 - INFO - 投票结果: 选择路径 0, 答案: 1050, 置信度: 1.0
2025-08-06 09:10:39,906 - INFO - 投票结果: 选择路径 0, 答案: 2304, 置信度: 1.0
2025-08-06 09:10:39,907 - INFO - 投票结果: 选择路径 0, 答案: 110, 置信度: 0.6
2025-08-06 09:10:39,908 - INFO - 投票结果: 选择路径 0, 答案: 10000, 置信度: 0.4
2025-08-06 09:10:39,909 - INFO - 投票结果: 选择路径 0, 答案: 410, 置信度: 0.9
2025-08-06 09:10:39,910 - INFO - 投票结果: 选择路径 0, 答案: 32, 置信度: 0.9
2025-08-06 09:10:39,911 - INFO - 投票结果: 选择路径 0, 答案: 120, 置信度: 0.6
2025-08-06 09:10:39,912 - INFO - 投票结果: 选择路径 0, 答案: 29, 置信度: 1.0
2025-08-06 09:10:39,913 - INFO - 投票结果: 选择路径 2, 答案: 140, 置信度: 0.4
2025-08-06 09:10:39,914 - INFO - 投票结果: 选择路径 0, 答案: 80, 置信度: 0.8
2025-08-06 09:10:39,915 - INFO - 投票结果: 选择路径 0, 答案: 200, 置信度: 0.7
2025-08-06 09:10:39,916 - INFO - 投票结果: 选择路径 0, 答案: 2, 置信度: 1.0
2025-08-06 09:10:39,917 - INFO - 投票结果: 选择路径 0, 答案: 9, 置信度: 1.0
2025-08-06 09:10:39,918 - INFO - 投票结果: 选择路径 0, 答案: 100, 置信度: 1.0
2025-08-06 09:10:39,919 - INFO - 投票结果: 选择路径 1, 答案: 40, 置信度: 0.9
2025-08-06 09:10:39,920 - INFO - 投票结果: 选择路径 0, 答案: 250, 置信度: 0.8
2025-08-06 09:10:39,921 - INFO - 投票结果: 选择路径 0, 答案: 5600, 置信度: 0.7
2025-08-06 09:10:39,922 - INFO - 投票结果: 选择路径 0, 答案: 5, 置信度: 0.9
2025-08-06 09:10:39,923 - INFO - 投票结果: 选择路径 0, 答案: 600, 置信度: 1.0
2025-08-06 09:10:39,924 - INFO - 投票结果: 选择路径 0, 答案: 6, 置信度: 1.0
2025-08-06 09:10:39,925 - INFO - 投票结果: 选择路径 0, 答案: 1, 置信度: 1.0
2025-08-06 09:10:39,926 - INFO - 投票结果: 选择路径 0, 答案: 360, 置信度: 0.4
2025-08-06 09:10:39,927 - INFO - 投票结果: 选择路径 0, 答案: 45, 置信度: 1.0
2025-08-06 09:10:39,928 - INFO - 投票结果: 选择路径 0, 答案: 310, 置信度: 1.0
2025-08-06 09:10:39,929 - INFO - 投票结果: 选择路径 0, 答案: 5, 置信度: 0.7
2025-08-06 09:10:39,930 - INFO - 投票结果: 选择路径 0, 答案: 30, 置信度: 1.0
2025-08-06 09:10:39,931 - INFO - 投票结果: 选择路径 0, 答案: 220, 置信度: 1.0
2025-08-06 09:10:39,932 - INFO - 投票结果: 选择路径 0, 答案: 310, 置信度: 1.0
2025-08-06 09:10:39,933 - INFO - 投票结果: 选择路径 0, 答案: 250, 置信度: 0.9
2025-08-06 09:10:39,934 - INFO - 投票结果: 选择路径 0, 答案: 118000, 置信度: 0.9
2025-08-06 09:10:39,935 - INFO - 投票结果: 选择路径 0, 答案: 160, 置信度: 1.0
2025-08-06 09:10:39,936 - INFO - 投票结果: 选择路径 0, 答案: 4, 置信度: 1.0
2025-08-06 09:10:39,937 - INFO - 投票结果: 选择路径 0, 答案: 6, 置信度: 1.0
2025-08-06 09:10:39,938 - INFO - 投票结果: 选择路径 0, 答案: 64, 置信度: 0.6
2025-08-06 09:10:39,939 - INFO - 投票结果: 选择路径 0, 答案: 335, 置信度: 1.0
2025-08-06 09:10:39,940 - INFO - 投票结果: 选择路径 0, 答案: 44, 置信度: 1.0
2025-08-06 09:10:39,941 - INFO - 投票结果: 选择路径 0, 答案: 216, 置信度: 1.0
2025-08-06 09:10:39,942 - INFO - 投票结果: 选择路径 0, 答案: 40, 置信度: 1.0
2025-08-06 09:10:39,943 - INFO - 投票结果: 选择路径 1, 答案: 6, 置信度: 0.5
2025-08-06 09:10:39,944 - INFO - 投票结果: 选择路径 0, 答案: 135, 置信度: 0.6
2025-08-06 09:10:39,945 - INFO - 投票结果: 选择路径 0, 答案: 16, 置信度: 0.5
2025-08-06 09:10:39,946 - INFO - 投票结果: 选择路径 0, 答案: 6, 置信度: 1.0
2025-08-06 09:10:39,947 - INFO - 投票结果: 选择路径 0, 答案: 17, 置信度: 1.0
2025-08-06 09:10:39,948 - INFO - 投票结果: 选择路径 0, 答案: 540, 置信度: 0.8
2025-08-06 09:10:39,949 - INFO - 投票结果: 选择路径 1, 答案: 621, 置信度: 0.6
2025-08-06 09:10:39,950 - INFO - 投票结果: 选择路径 0, 答案: 120, 置信度: 0.9
2025-08-06 09:10:39,951 - INFO - 投票结果: 选择路径 0, 答案: 56, 置信度: 0.7
2025-08-06 09:10:39,952 - INFO - 投票结果: 选择路径 0, 答案: 2, 置信度: 1.0
2025-08-06 09:10:39,953 - INFO - 投票结果: 选择路径 0, 答案: 3, 置信度: 1.0
2025-08-06 09:10:39,954 - INFO - 投票结果: 选择路径 0, 答案: 104, 置信度: 0.8
2025-08-06 09:10:39,955 - INFO - 投票结果: 选择路径 0, 答案: 5, 置信度: 1.0
2025-08-06 09:10:39,956 - INFO - 投票结果: 选择路径 7, 答案: 21, 置信度: 0.3
2025-08-06 09:10:39,957 - INFO - 投票结果: 选择路径 0, 答案: 6, 置信度: 1.0
2025-08-06 09:10:39,958 - INFO - 投票结果: 选择路径 2, 答案: 40, 置信度: 0.5
2025-08-06 09:10:39,959 - INFO - 投票结果: 选择路径 0, 答案: 10, 置信度: 0.9
2025-08-06 09:10:39,960 - INFO - 投票结果: 选择路径 0, 答案: 9, 置信度: 0.9
2025-08-06 09:10:39,961 - INFO - 投票结果: 选择路径 0, 答案: 5, 置信度: 1.0
2025-08-06 09:10:39,962 - INFO - 投票结果: 选择路径 0, 答案: 16, 置信度: 1.0
2025-08-06 09:10:39,963 - INFO - 投票结果: 选择路径 0, 答案: 296, 置信度: 0.8
2025-08-06 09:10:39,964 - INFO - 投票结果: 选择路径 0, 答案: 750, 置信度: 0.6
2025-08-06 09:10:39,965 - INFO - 投票结果: 选择路径 1, 答案: 12, 置信度: 0.7
2025-08-06 09:10:39,966 - INFO - 投票结果: 选择路径 0, 答案: 4, 置信度: 1.0
2025-08-06 09:10:39,967 - INFO - 投票结果: 选择路径 0, 答案: 25, 置信度: 1.0
2025-08-06 09:10:39,968 - INFO - 投票结果: 选择路径 1, 答案: 210, 置信度: 0.2
2025-08-06 09:10:39,969 - INFO - 投票结果: 选择路径 2, 答案: 2, 置信度: 0.5
2025-08-06 09:10:39,970 - INFO - 投票结果: 选择路径 1, 答案: 35, 置信度: 0.7
2025-08-06 09:10:39,971 - INFO - 投票结果: 选择路径 0, 答案: 24, 置信度: 1.0
2025-08-06 09:10:39,972 - INFO - 投票结果: 选择路径 0, 答案: \frac{44}{3}, 置信度: 0.3
2025-08-06 09:10:39,973 - INFO - 投票结果: 选择路径 0, 答案: 69, 置信度: 0.9
2025-08-06 09:10:39,974 - INFO - 投票结果: 选择路径 0, 答案: 168, 置信度: 1.0
2025-08-06 09:10:39,975 - INFO - 投票结果: 选择路径 0, 答案: 20, 置信度: 1.0
2025-08-06 09:10:39,976 - INFO - 投票结果: 选择路径 0, 答案: 4, 置信度: 1.0
2025-08-06 09:10:39,977 - INFO - 投票结果: 选择路径 0, 答案: 1596, 置信度: 0.9
2025-08-06 09:10:39,978 - INFO - 投票结果: 选择路径 2, 答案: 120, 置信度: 0.2
2025-08-06 09:10:39,979 - INFO - 投票结果: 选择路径 0, 答案: 20, 置信度: 1.0
2025-08-06 09:10:39,980 - INFO - 投票结果: 选择路径 0, 答案: 2, 置信度: 1.0
2025-08-06 09:10:39,981 - INFO - 投票结果: 选择路径 0, 答案: 14, 置信度: 0.4
2025-08-06 09:10:39,982 - INFO - 投票结果: 选择路径 0, 答案: 3140, 置信度: 0.9
2025-08-06 09:10:39,983 - INFO - 投票结果: 选择路径 0, 答案: 4, 置信度: 1.0
2025-08-06 09:10:39,984 - INFO - 投票结果: 选择路径 0, 答案: 81, 置信度: 1.0
2025-08-06 09:10:39,985 - INFO - 投票结果: 选择路径 0, 答案: 52, 置信度: 0.4
2025-08-06 09:10:39,986 - INFO - 投票结果: 选择路径 0, 答案: 1400, 置信度: 0.9
2025-08-06 09:10:39,987 - INFO - 投票结果: 选择路径 1, 答案: 33.33, 置信度: 0.2
2025-08-06 09:10:39,988 - INFO - 投票结果: 选择路径 2, 答案: 30, 置信度: 0.5
2025-08-06 09:10:39,989 - INFO - 投票结果: 选择路径 0, 答案: 26, 置信度: 1.0
2025-08-06 09:10:39,990 - INFO - 投票结果: 选择路径 0, 答案: 13, 置信度: 0.9
2025-08-06 09:10:39,991 - INFO - 投票结果: 选择路径 0, 答案: 623, 置信度: 0.6
2025-08-06 09:10:39,992 - INFO - 投票结果: 选择路径 0, 答案: 92, 置信度: 1.0
2025-08-06 09:10:39,993 - INFO - 投票结果: 选择路径 0, 答案: 42, 置信度: 0.5
2025-08-06 09:10:39,994 - INFO - 投票结果: 选择路径 1, 答案: 55, 置信度: 0.9
2025-08-06 09:10:39,995 - INFO - 投票结果: 选择路径 0, 答案: 90, 置信度: 1.0
2025-08-06 09:10:39,996 - INFO - 投票结果: 选择路径 1, 答案: 75, 置信度: 0.5
2025-08-06 09:10:39,997 - INFO - 投票结果: 选择路径 0, 答案: 10, 置信度: 1.0
2025-08-06 09:10:39,998 - INFO - 投票结果: 选择路径 0, 答案: 70, 置信度: 1.0
2025-08-06 09:10:39,999 - INFO - 投票结果: 选择路径 1, 答案: 4, 置信度: 0.5
2025-08-06 09:10:40,000 - INFO - 投票结果: 选择路径 0, 答案: 2450, 置信度: 1.0
2025-08-06 09:10:40,001 - INFO - 投票结果: 选择路径 0, 答案: 20, 置信度: 0.6
2025-08-06 09:10:40,002 - INFO - 投票结果: 选择路径 2, 答案: 378000, 置信度: 0.6
2025-08-06 09:10:40,003 - INFO - 投票结果: 选择路径 0, 答案: 38, 置信度: 1.0
2025-08-06 09:10:40,004 - INFO - 投票结果: 选择路径 0, 答案: 300, 置信度: 0.8
2025-08-06 09:10:40,005 - INFO - 投票结果: 选择路径 0, 答案: 75, 置信度: 1.0
2025-08-06 09:10:40,006 - INFO - 投票结果: 选择路径 0, 答案: 360, 置信度: 0.6
2025-08-06 09:10:40,007 - INFO - 投票结果: 选择路径 0, 答案: 18, 置信度: 0.6
2025-08-06 09:10:40,007 - INFO - 投票结果: 选择路径 0, 答案: 9500, 置信度: 0.8
2025-08-06 09:10:40,008 - INFO - 投票结果: 选择路径 0, 答案: 7, 置信度: 0.9
2025-08-06 09:10:40,010 - INFO - 投票结果: 选择路径 0, 答案: 336, 置信度: 1.0
2025-08-06 09:10:40,010 - INFO - 投票结果: 选择路径 2, 答案: 88, 置信度: 0.2
2025-08-06 09:10:40,011 - INFO - 投票结果: 选择路径 0, 答案: 78, 置信度: 1.0
2025-08-06 09:10:40,012 - INFO - 投票结果: 选择路径 0, 答案: 155, 置信度: 0.8
2025-08-06 09:10:40,013 - INFO - 投票结果: 选择路径 0, 答案: 15, 置信度: 0.8
2025-08-06 09:10:40,014 - INFO - 投票结果: 选择路径 0, 答案: 375, 置信度: 0.9
2025-08-06 09:10:40,015 - INFO - 投票结果: 选择路径 0, 答案: 54, 置信度: 0.5
2025-08-06 09:10:40,016 - INFO - 投票结果: 选择路径 0, 答案: 6400, 置信度: 0.7
2025-08-06 09:10:40,017 - INFO - 投票结果: 选择路径 0, 答案: 14, 置信度: 0.4
2025-08-06 09:10:40,018 - INFO - 投票结果: 选择路径 3, 答案: 84, 置信度: 0.6
2025-08-06 09:10:40,019 - INFO - 投票结果: 选择路径 1, 答案: 100, 置信度: 0.7
2025-08-06 09:10:40,020 - INFO - 投票结果: 选择路径 0, 答案: 450, 置信度: 0.9
2025-08-06 09:10:40,021 - INFO - 投票结果: 选择路径 1, 答案: 6000, 置信度: 0.6
2025-08-06 09:10:40,022 - INFO - 投票结果: 选择路径 0, 答案: 18, 置信度: 0.3
2025-08-06 09:10:40,023 - INFO - 投票结果: 选择路径 0, 答案: 6, 置信度: 1.0
2025-08-06 09:10:40,024 - INFO - 投票结果: 选择路径 0, 答案: 1200, 置信度: 0.9
2025-08-06 09:10:40,025 - INFO - 投票结果: 选择路径 1, 答案: 24, 置信度: 0.6
2025-08-06 09:10:40,026 - INFO - 投票结果: 选择路径 0, 答案: 13, 置信度: 0.5
2025-08-06 09:10:40,027 - INFO - 投票结果: 选择路径 0, 答案: 28.33, 置信度: 0.5
2025-08-06 09:10:40,028 - INFO - 投票结果: 选择路径 0, 答案: 470, 置信度: 0.5
2025-08-06 09:10:40,029 - INFO - 投票结果: 选择路径 0, 答案: 20, 置信度: 0.2
2025-08-06 09:10:40,030 - INFO - 投票结果: 选择路径 1, 答案: 40, 置信度: 0.5
2025-08-06 09:10:40,031 - INFO - 投票结果: 选择路径 0, 答案: 14, 置信度: 0.9
2025-08-06 09:10:40,032 - INFO - 投票结果: 选择路径 0, 答案: 20, 置信度: 1.0
2025-08-06 09:10:40,033 - INFO - 投票结果: 选择路径 0, 答案: 180, 置信度: 0.8
2025-08-06 09:10:40,034 - INFO - 投票结果: 选择路径 2, 答案: 3, 置信度: 0.8
2025-08-06 09:10:40,035 - INFO - 投票结果: 选择路径 0, 答案: 162, 置信度: 0.3
2025-08-06 09:10:40,036 - INFO - 投票结果: 选择路径 0, 答案: 64, 置信度: 0.7
2025-08-06 09:10:40,037 - INFO - 投票结果: 选择路径 0, 答案: 48, 置信度: 1.0
2025-08-06 09:10:40,038 - INFO - 投票结果: 选择路径 0, 答案: 4, 置信度: 1.0
2025-08-06 09:10:40,039 - INFO - 投票结果: 选择路径 0, 答案: 14, 置信度: 0.9
2025-08-06 09:10:40,040 - INFO - 投票结果: 选择路径 1, 答案: 5600, 置信度: 0.6
2025-08-06 09:10:40,041 - INFO - 投票结果: 选择路径 0, 答案: 15, 置信度: 0.5
2025-08-06 09:10:40,042 - INFO - 投票结果: 选择路径 0, 答案: 144, 置信度: 1.0
2025-08-06 09:10:40,043 - INFO - 投票结果: 选择路径 3, 答案: 560, 置信度: 0.3
2025-08-06 09:10:40,044 - INFO - 投票结果: 选择路径 1, 答案: 428, 置信度: 0.8
2025-08-06 09:10:40,045 - INFO - 投票结果: 选择路径 0, 答案: 665, 置信度: 1.0
2025-08-06 09:10:40,047 - INFO - 投票结果: 选择路径 1, 答案: 5000, 置信度: 0.5
2025-08-06 09:10:40,047 - INFO - 投票结果: 选择路径 0, 答案: 2.5, 置信度: 0.7
2025-08-06 09:10:40,048 - INFO - 投票结果: 选择路径 0, 答案: 90, 置信度: 0.8
2025-08-06 09:10:40,050 - INFO - 投票结果: 选择路径 0, 答案: 570, 置信度: 1.0
2025-08-06 09:10:40,050 - INFO - 投票结果: 选择路径 0, 答案: 5, 置信度: 1.0
2025-08-06 09:10:40,051 - INFO - 投票结果: 选择路径 0, 答案: 88, 置信度: 0.5
2025-08-06 09:10:40,052 - INFO - 投票结果: 选择路径 0, 答案: 160, 置信度: 1.0
2025-08-06 09:10:40,053 - INFO - 投票结果: 选择路径 0, 答案: 6, 置信度: 1.0
2025-08-06 09:10:40,054 - INFO - 投票结果: 选择路径 1, 答案: 6000, 置信度: 0.9
2025-08-06 09:10:40,055 - INFO - 投票结果: 选择路径 0, 答案: 800, 置信度: 0.9
2025-08-06 09:10:40,056 - INFO - 投票结果: 选择路径 0, 答案: 1, 置信度: 1.0
2025-08-06 09:10:40,057 - INFO - 投票结果: 选择路径 0, 答案: 4, 置信度: 0.6
2025-08-06 09:10:40,058 - INFO - 投票结果: 选择路径 0, 答案: 31, 置信度: 1.0
2025-08-06 09:10:40,059 - INFO - 投票结果: 选择路径 0, 答案: 276000, 置信度: 1.0
2025-08-06 09:10:40,060 - INFO - 投票结果: 选择路径 0, 答案: 482, 置信度: 1.0
2025-08-06 09:10:40,061 - INFO - 投票结果: 选择路径 0, 答案: 100, 置信度: 1.0
2025-08-06 09:10:40,062 - INFO - 投票结果: 选择路径 0, 答案: 21, 置信度: 1.0
2025-08-06 09:10:40,063 - INFO - 投票结果: 选择路径 0, 答案: 40, 置信度: 1.0
2025-08-06 09:10:40,064 - INFO - 投票结果: 选择路径 0, 答案: 180000, 置信度: 1.0
2025-08-06 09:10:40,065 - INFO - 投票结果: 选择路径 0, 答案: 14, 置信度: 1.0
2025-08-06 09:10:40,066 - INFO - 投票结果: 选择路径 2, 答案: 54, 置信度: 0.5
2025-08-06 09:10:40,067 - INFO - 投票结果: 选择路径 0, 答案: 5, 置信度: 0.7
2025-08-06 09:10:40,068 - INFO - 投票结果: 选择路径 0, 答案: 48, 置信度: 0.7
2025-08-06 09:10:40,069 - INFO - 投票结果: 选择路径 0, 答案: 390, 置信度: 0.6
2025-08-06 09:10:40,070 - INFO - 投票结果: 选择路径 0, 答案: 22, 置信度: 1.0
2025-08-06 09:10:40,071 - INFO - 投票结果: 选择路径 1, 答案: 12, 置信度: 0.6
2025-08-06 09:10:40,072 - INFO - 投票结果: 选择路径 0, 答案: 18000, 置信度: 1.0
2025-08-06 09:10:40,073 - INFO - 投票结果: 选择路径 1, 答案: 8642, 置信度: 0.8
2025-08-06 09:10:40,074 - INFO - 投票结果: 选择路径 0, 答案: 10, 置信度: 1.0
2025-08-06 09:10:40,075 - INFO - 投票结果: 选择路径 2, 答案: 27, 置信度: 0.4
2025-08-06 09:10:40,076 - INFO - 投票结果: 选择路径 0, 答案: 22, 置信度: 1.0
2025-08-06 09:10:40,077 - INFO - 投票结果: 选择路径 0, 答案: 61, 置信度: 0.4
2025-08-06 09:10:40,078 - INFO - 投票结果: 选择路径 0, 答案: 10, 置信度: 0.9
2025-08-06 09:10:40,079 - INFO - 投票结果: 选择路径 2, 答案: 15, 置信度: 0.6
2025-08-06 09:10:40,080 - INFO - 投票结果: 选择路径 0, 答案: 14, 置信度: 1.0
2025-08-06 09:10:40,081 - INFO - 投票结果: 选择路径 0, 答案: 14, 置信度: 1.0
2025-08-06 09:10:40,082 - INFO - 投票结果: 选择路径 0, 答案: 4, 置信度: 1.0
2025-08-06 09:10:40,083 - INFO - 投票结果: 选择路径 0, 答案: 3000, 置信度: 0.9
2025-08-06 09:10:40,084 - INFO - 投票结果: 选择路径 1, 答案: 3, 置信度: 0.4
2025-08-06 09:10:40,085 - INFO - 投票结果: 选择路径 1, 答案: 374, 置信度: 0.3
2025-08-06 09:10:40,086 - INFO - 投票结果: 选择路径 0, 答案: 1080, 置信度: 0.8
2025-08-06 09:10:40,087 - INFO - 投票结果: 选择路径 1, 答案: 84, 置信度: 0.7
2025-08-06 09:10:40,088 - INFO - 投票结果: 选择路径 0, 答案: 91, 置信度: 1.0
2025-08-06 09:10:40,089 - INFO - 投票结果: 选择路径 1, 答案: 18, 置信度: 0.8
2025-08-06 09:10:40,089 - INFO - 投票结果: 选择路径 0, 答案: 180, 置信度: 1.0
2025-08-06 09:10:40,090 - INFO - 投票结果: 选择路径 0, 答案: 350, 置信度: 0.9
2025-08-06 09:10:40,091 - INFO - 投票结果: 选择路径 1, 答案: 6, 置信度: 0.4
2025-08-06 09:10:40,092 - INFO - 投票结果: 选择路径 0, 答案: 129200, 置信度: 1.0
2025-08-06 09:10:40,093 - INFO - 投票结果: 选择路径 0, 答案: 10, 置信度: 1.0
2025-08-06 09:10:40,094 - INFO - 投票结果: 选择路径 0, 答案: 14, 置信度: 1.0
2025-08-06 09:10:40,095 - INFO - 投票结果: 选择路径 0, 答案: 12, 置信度: 1.0
2025-08-06 09:10:40,096 - INFO - 投票结果: 选择路径 0, 答案: 68, 置信度: 0.8
2025-08-06 09:10:40,097 - INFO - 投票结果: 选择路径 0, 答案: 58, 置信度: 1.0
2025-08-06 09:10:40,098 - INFO - 投票结果: 选择路径 0, 答案: 40, 置信度: 1.0
2025-08-06 09:10:40,099 - INFO - 投票结果: 选择路径 1, 答案: 132, 置信度: 0.9
2025-08-06 09:10:40,100 - INFO - 投票结果: 选择路径 0, 答案: 120, 置信度: 1.0
2025-08-06 09:10:40,101 - INFO - 投票结果: 选择路径 0, 答案: 120, 置信度: 1.0
2025-08-06 09:10:40,102 - INFO - 投票结果: 选择路径 0, 答案: 120, 置信度: 1.0
2025-08-06 09:10:40,103 - INFO - 投票结果: 选择路径 0, 答案: 15, 置信度: 1.0
2025-08-06 09:10:40,104 - INFO - 投票结果: 选择路径 0, 答案: 576, 置信度: 0.9
2025-08-06 09:10:40,105 - INFO - 投票结果: 选择路径 0, 答案: 5, 置信度: 1.0
2025-08-06 09:10:40,106 - INFO - 投票结果: 选择路径 0, 答案: 20, 置信度: 1.0
2025-08-06 09:10:40,107 - INFO - 投票结果: 选择路径 0, 答案: 40, 置信度: 0.7
2025-08-06 09:10:40,108 - INFO - 投票结果: 选择路径 1, 答案: 23, 置信度: 0.8
2025-08-06 09:10:40,109 - INFO - 投票结果: 选择路径 1, 答案: 156, 置信度: 0.8
2025-08-06 09:10:40,110 - INFO - 投票结果: 选择路径 0, 答案: 280, 置信度: 1.0
2025-08-06 09:10:40,111 - INFO - 投票结果: 选择路径 0, 答案: 4, 置信度: 0.4
2025-08-06 09:10:40,112 - INFO - 投票结果: 选择路径 0, 答案: 2, 置信度: 1.0
2025-08-06 09:10:40,113 - INFO - 投票结果: 选择路径 0, 答案: 120, 置信度: 1.0
2025-08-06 09:10:40,114 - INFO - 投票结果: 选择路径 2, 答案: 52, 置信度: 0.3
2025-08-06 09:10:40,115 - INFO - 投票结果: 选择路径 0, 答案: 15, 置信度: 1.0
2025-08-06 09:10:40,116 - INFO - 投票结果: 选择路径 0, 答案: 9, 置信度: 1.0
2025-08-06 09:10:40,117 - INFO - 投票结果: 选择路径 1, 答案: 45, 置信度: 0.2
2025-08-06 09:10:40,118 - INFO - 投票结果: 选择路径 0, 答案: 20, 置信度: 0.9
2025-08-06 09:10:40,119 - INFO - 投票结果: 选择路径 0, 答案: 30, 置信度: 0.7
2025-08-06 09:10:40,120 - INFO - 投票结果: 选择路径 0, 答案: 80, 置信度: 0.8
2025-08-06 09:10:40,121 - INFO - 投票结果: 选择路径 0, 答案: 5, 置信度: 1.0
2025-08-06 09:10:40,122 - INFO - 投票结果: 选择路径 0, 答案: 5, 置信度: 0.8
2025-08-06 09:10:40,122 - INFO - 投票结果: 选择路径 0, 答案: 80, 置信度: 1.0
2025-08-06 09:10:40,123 - INFO - 投票结果: 选择路径 0, 答案: 38, 置信度: 0.4
2025-08-06 09:10:40,124 - INFO - 投票结果: 选择路径 0, 答案: 42, 置信度: 0.8
2025-08-06 09:10:40,125 - INFO - 投票结果: 选择路径 0, 答案: 3, 置信度: 0.9
2025-08-06 09:10:40,126 - INFO - 投票结果: 选择路径 0, 答案: 50, 置信度: 1.0
2025-08-06 09:10:40,127 - INFO - 投票结果: 选择路径 0, 答案: 17, 置信度: 1.0
2025-08-06 09:10:40,128 - INFO - 投票结果: 选择路径 0, 答案: 19, 置信度: 0.5
2025-08-06 09:10:40,129 - INFO - 投票结果: 选择路径 0, 答案: 20, 置信度: 0.9
2025-08-06 09:10:40,130 - INFO - 投票结果: 选择路径 0, 答案: 120, 置信度: 0.6
2025-08-06 09:10:40,131 - INFO - 投票结果: 选择路径 2, 答案: 20, 置信度: 0.5
2025-08-06 09:10:40,132 - INFO - 投票结果: 选择路径 1, 答案: 45, 置信度: 0.9
2025-08-06 09:10:40,133 - INFO - 投票结果: 选择路径 0, 答案: 11, 置信度: 0.7
2025-08-06 09:10:40,134 - INFO - 投票结果: 选择路径 0, 答案: 10, 置信度: 1.0
2025-08-06 09:10:40,135 - INFO - 投票结果: 选择路径 0, 答案: 326, 置信度: 0.2
2025-08-06 09:10:40,136 - INFO - 投票结果: 选择路径 0, 答案: 92, 置信度: 0.8
2025-08-06 09:10:40,137 - INFO - 投票结果: 选择路径 0, 答案: 70, 置信度: 1.0
2025-08-06 09:10:40,138 - INFO - 投票结果: 选择路径 0, 答案: 62, 置信度: 0.7
2025-08-06 09:10:40,139 - INFO - 投票结果: 选择路径 0, 答案: 1509, 置信度: 1.0
2025-08-06 09:10:40,140 - INFO - 投票结果: 选择路径 0, 答案: 2, 置信度: 0.9
2025-08-06 09:10:40,141 - INFO - 投票结果: 选择路径 0, 答案: 1, 置信度: 1.0
2025-08-06 09:10:40,142 - INFO - 投票结果: 选择路径 0, 答案: 1170, 置信度: 1.0
2025-08-06 09:10:40,143 - INFO - 投票结果: 选择路径 0, 答案: 28, 置信度: 1.0
2025-08-06 09:10:40,144 - INFO - 投票结果: 选择路径 1, 答案: 20, 置信度: 0.8
2025-08-06 09:10:40,145 - INFO - 投票结果: 选择路径 0, 答案: 20, 置信度: 1.0
2025-08-06 09:10:40,146 - INFO - 投票结果: 选择路径 0, 答案: 66160, 置信度: 0.5
2025-08-06 09:10:40,147 - INFO - 投票结果: 选择路径 1, 答案: 16, 置信度: 0.4
2025-08-06 09:10:40,148 - INFO - 投票结果: 选择路径 0, 答案: 575, 置信度: 1.0
2025-08-06 09:10:40,149 - INFO - 投票结果: 选择路径 0, 答案: 60, 置信度: 1.0
2025-08-06 09:10:40,150 - INFO - 投票结果: 选择路径 0, 答案: 4200, 置信度: 0.5
2025-08-06 09:10:40,151 - INFO - 投票结果: 选择路径 2, 答案: 23, 置信度: 0.3
2025-08-06 09:10:40,152 - INFO - 投票结果: 选择路径 0, 答案: 71, 置信度: 0.4
2025-08-06 09:10:40,153 - INFO - 投票结果: 选择路径 0, 答案: 70, 置信度: 0.9
2025-08-06 09:10:40,154 - INFO - 投票结果: 选择路径 0, 答案: 25, 置信度: 0.3
2025-08-06 09:10:40,155 - INFO - 投票结果: 选择路径 0, 答案: 160, 置信度: 1.0
2025-08-06 09:10:40,155 - INFO - 投票结果: 选择路径 0, 答案: 398, 置信度: 0.8
2025-08-06 09:10:40,156 - INFO - 投票结果: 选择路径 0, 答案: 5, 置信度: 1.0
2025-08-06 09:10:40,158 - INFO - 投票结果: 选择路径 0, 答案: 42000, 置信度: 0.7
2025-08-06 09:10:40,158 - INFO - 投票结果: 选择路径 1, 答案: 39, 置信度: 0.7
2025-08-06 09:10:40,159 - INFO - 投票结果: 选择路径 0, 答案: 20, 置信度: 0.6
2025-08-06 09:10:40,160 - INFO - 投票结果: 选择路径 0, 答案: 4, 置信度: 0.3
2025-08-06 09:10:40,161 - INFO - 投票结果: 选择路径 0, 答案: 40, 置信度: 1.0
2025-08-06 09:10:40,162 - INFO - 投票结果: 选择路径 0, 答案: 100, 置信度: 1.0
2025-08-06 09:10:40,163 - INFO - 投票结果: 选择路径 0, 答案: 60, 置信度: 1.0
2025-08-06 09:10:40,164 - INFO - 投票结果: 选择路径 0, 答案: 100, 置信度: 1.0
2025-08-06 09:10:40,165 - INFO - 投票结果: 选择路径 0, 答案: 72, 置信度: 1.0
2025-08-06 09:10:40,166 - INFO - 投票结果: 选择路径 0, 答案: 20, 置信度: 0.9
2025-08-06 09:10:40,167 - INFO - 投票结果: 选择路径 0, 答案: 6277, 置信度: 0.9
2025-08-06 09:10:40,168 - INFO - 投票结果: 选择路径 2, 答案: 21, 置信度: 0.5
2025-08-06 09:10:40,169 - INFO - 投票结果: 选择路径 0, 答案: 26, 置信度: 1.0
2025-08-06 09:10:40,170 - INFO - 投票结果: 选择路径 0, 答案: 5, 置信度: 0.5
2025-08-06 09:10:40,171 - INFO - 投票结果: 选择路径 0, 答案: 12, 置信度: 0.8
2025-08-06 09:10:40,172 - INFO - 投票结果: 选择路径 0, 答案: 17, 置信度: 0.2
2025-08-06 09:10:40,173 - INFO - 投票结果: 选择路径 0, 答案: 16, 置信度: 0.9
2025-08-06 09:10:40,174 - INFO - 投票结果: 选择路径 0, 答案: 32, 置信度: 1.0
2025-08-06 09:10:40,175 - INFO - 投票结果: 选择路径 1, 答案: 20, 置信度: 0.8
2025-08-06 09:10:40,176 - INFO - 投票结果: 选择路径 0, 答案: 20, 置信度: 1.0
2025-08-06 09:10:40,177 - INFO - 投票结果: 选择路径 0, 答案: 320, 置信度: 1.0
2025-08-06 09:10:40,178 - INFO - 投票结果: 选择路径 0, 答案: 77, 置信度: 1.0
2025-08-06 09:10:40,179 - INFO - 投票结果: 选择路径 1, 答案: 9, 置信度: 0.7
2025-08-06 09:10:40,180 - INFO - 投票结果: 选择路径 2, 答案: 1, 置信度: 0.6
2025-08-06 09:10:40,181 - INFO - 投票结果: 选择路径 0, 答案: 1248, 置信度: 0.7
2025-08-06 09:10:40,182 - INFO - 投票结果: 选择路径 0, 答案: 15, 置信度: 1.0
2025-08-06 09:10:40,183 - INFO - 投票结果: 选择路径 0, 答案: 16, 置信度: 1.0
2025-08-06 09:10:40,184 - INFO - 投票结果: 选择路径 0, 答案: 2, 置信度: 1.0
2025-08-06 09:10:40,185 - INFO - 投票结果: 选择路径 3, 答案: 46, 置信度: 0.4
2025-08-06 09:10:40,186 - INFO - 投票结果: 选择路径 0, 答案: 60, 置信度: 1.0
2025-08-06 09:10:40,187 - INFO - 投票结果: 选择路径 5, 答案: 315, 置信度: 0.4
2025-08-06 09:10:40,188 - INFO - 投票结果: 选择路径 0, 答案: 84, 置信度: 1.0
2025-08-06 09:10:40,189 - INFO - 投票结果: 选择路径 2, 答案: 80, 置信度: 0.3
2025-08-06 09:10:40,190 - INFO - 投票结果: 选择路径 0, 答案: 300, 置信度: 1.0
2025-08-06 09:10:40,191 - INFO - 投票结果: 选择路径 0, 答案: 50, 置信度: 1.0
2025-08-06 09:10:40,191 - INFO - 投票结果: 选择路径 0, 答案: 14, 置信度: 1.0
2025-08-06 09:10:40,193 - INFO - 投票结果: 选择路径 0, 答案: 41, 置信度: 0.5
2025-08-06 09:10:40,194 - INFO - 投票结果: 选择路径 0, 答案: 12, 置信度: 0.9
2025-08-06 09:10:40,195 - INFO - 投票结果: 选择路径 0, 答案: 1240, 置信度: 1.0
2025-08-06 09:10:40,196 - INFO - 投票结果: 选择路径 0, 答案: 8, 置信度: 1.0
2025-08-06 09:10:40,197 - INFO - 投票结果: 选择路径 2, 答案: 83, 置信度: 0.3
2025-08-06 09:10:40,198 - INFO - 投票结果: 选择路径 0, 答案: 2, 置信度: 0.8
2025-08-06 09:10:40,199 - INFO - 投票结果: 选择路径 0, 答案: 2, 置信度: 1.0
2025-08-06 09:10:40,200 - INFO - 投票结果: 选择路径 4, 答案: 268, 置信度: 0.3
2025-08-06 09:10:40,201 - INFO - 投票结果: 选择路径 0, 答案: 160, 置信度: 1.0
2025-08-06 09:10:40,202 - INFO - 投票结果: 选择路径 0, 答案: 1128, 置信度: 0.7
2025-08-06 09:10:40,203 - INFO - 投票结果: 选择路径 0, 答案: 6250, 置信度: 0.9
2025-08-06 09:10:40,204 - INFO - 投票结果: 选择路径 0, 答案: 5, 置信度: 1.0
2025-08-06 09:10:40,205 - INFO - 投票结果: 选择路径 0, 答案: 500, 置信度: 1.0
2025-08-06 09:10:40,206 - INFO - 投票结果: 选择路径 0, 答案: 2, 置信度: 0.4
2025-08-06 09:10:40,206 - INFO - 投票结果: 选择路径 0, 答案: 34, 置信度: 1.0
2025-08-06 09:10:40,207 - INFO - 投票结果: 选择路径 0, 答案: 60, 置信度: 1.0
2025-08-06 09:10:40,208 - INFO - 投票结果: 选择路径 2, 答案: 4, 置信度: 0.4
2025-08-06 09:10:40,209 - INFO - 投票结果: 选择路径 0, 答案: 56, 置信度: 0.7
2025-08-06 09:10:40,210 - INFO - 投票结果: 选择路径 0, 答案: 74, 置信度: 1.0
2025-08-06 09:10:40,211 - INFO - 投票结果: 选择路径 0, 答案: 5, 置信度: 1.0
2025-08-06 09:10:40,212 - INFO - 投票结果: 选择路径 0, 答案: 600, 置信度: 1.0
2025-08-06 09:10:40,213 - INFO - 投票结果: 选择路径 0, 答案: 20, 置信度: 0.9
2025-08-06 09:10:40,214 - INFO - 投票结果: 选择路径 0, 答案: 23, 置信度: 1.0
2025-08-06 09:10:40,215 - INFO - 投票结果: 选择路径 0, 答案: 20, 置信度: 1.0
2025-08-06 09:10:40,216 - INFO - 投票结果: 选择路径 2, 答案: 80, 置信度: 0.5
2025-08-06 09:10:40,217 - INFO - 投票结果: 选择路径 0, 答案: 43, 置信度: 1.0
2025-08-06 09:10:40,218 - INFO - 投票结果: 选择路径 0, 答案: 720, 置信度: 1.0
2025-08-06 09:10:40,219 - INFO - 投票结果: 选择路径 0, 答案: 4, 置信度: 1.0
2025-08-06 09:10:40,220 - INFO - 投票结果: 选择路径 0, 答案: 9, 置信度: 1.0
2025-08-06 09:10:40,221 - INFO - 投票结果: 选择路径 3, 答案: 40, 置信度: 0.3
2025-08-06 09:10:40,222 - INFO - 投票结果: 选择路径 0, 答案: 8, 置信度: 1.0
2025-08-06 09:10:40,223 - INFO - 投票结果: 选择路径 0, 答案: 16, 置信度: 0.6
2025-08-06 09:10:40,224 - INFO - 投票结果: 选择路径 3, 答案: 4, 置信度: 0.3
2025-08-06 09:10:40,225 - INFO - 投票结果: 选择路径 0, 答案: 47, 置信度: 1.0
2025-08-06 09:10:40,226 - INFO - 投票结果: 选择路径 0, 答案: 240000, 置信度: 0.8
2025-08-06 09:10:40,227 - INFO - 投票结果: 选择路径 1, 答案: 14, 置信度: 0.8
2025-08-06 09:10:40,228 - INFO - 投票结果: 选择路径 0, 答案: 26, 置信度: 1.0
2025-08-06 09:10:40,229 - INFO - 投票结果: 选择路径 1, 答案: 2.67, 置信度: 0.6
2025-08-06 09:10:40,230 - INFO - 投票结果: 选择路径 0, 答案: 25, 置信度: 0.3
2025-08-06 09:10:40,231 - INFO - 投票结果: 选择路径 0, 答案: 5, 置信度: 0.9
2025-08-06 09:10:40,232 - INFO - 投票结果: 选择路径 0, 答案: 5, 置信度: 1.0
2025-08-06 09:10:40,233 - INFO - 投票结果: 选择路径 0, 答案: 260, 置信度: 0.2
2025-08-06 09:10:40,234 - INFO - 投票结果: 选择路径 0, 答案: 67, 置信度: 1.0
2025-08-06 09:10:40,235 - INFO - 投票结果: 选择路径 0, 答案: 144, 置信度: 0.8
2025-08-06 09:10:40,236 - INFO - 投票结果: 选择路径 0, 答案: 75, 置信度: 1.0
2025-08-06 09:10:40,237 - INFO - 投票结果: 选择路径 0, 答案: 3, 置信度: 1.0
2025-08-06 09:10:40,238 - INFO - 投票结果: 选择路径 0, 答案: 4, 置信度: 1.0
2025-08-06 09:10:40,239 - INFO - 投票结果: 选择路径 0, 答案: 2000, 置信度: 1.0
2025-08-06 09:10:40,240 - INFO - 投票结果: 选择路径 0, 答案: 20, 置信度: 0.4
2025-08-06 09:10:40,241 - INFO - 投票结果: 选择路径 0, 答案: 8, 置信度: 1.0
2025-08-06 09:10:40,242 - INFO - 投票结果: 选择路径 0, 答案: 100, 置信度: 1.0
2025-08-06 09:10:40,243 - INFO - 投票结果: 选择路径 0, 答案: 60, 置信度: 0.6
2025-08-06 09:10:40,244 - INFO - 投票结果: 选择路径 0, 答案: 460, 置信度: 1.0
2025-08-06 09:10:40,245 - INFO - 投票结果: 选择路径 0, 答案: 10, 置信度: 0.9
2025-08-06 09:10:40,246 - INFO - 投票结果: 选择路径 0, 答案: 750, 置信度: 1.0
2025-08-06 09:10:40,247 - INFO - 投票结果: 选择路径 0, 答案: 255, 置信度: 1.0
2025-08-06 09:10:40,248 - INFO - 投票结果: 选择路径 0, 答案: 240, 置信度: 0.5
2025-08-06 09:10:40,249 - INFO - 投票结果: 选择路径 0, 答案: 50, 置信度: 1.0
2025-08-06 09:10:40,250 - INFO - 投票结果: 选择路径 0, 答案: 60000, 置信度: 1.0
2025-08-06 09:10:40,251 - INFO - 投票结果: 选择路径 1, 答案: 77, 置信度: 0.6
2025-08-06 09:10:40,252 - INFO - 投票结果: 选择路径 2, 答案: 10, 置信度: 0.4
2025-08-06 09:10:40,253 - INFO - 投票结果: 选择路径 1, 答案: 195, 置信度: 0.3
2025-08-06 09:10:40,254 - INFO - 投票结果: 选择路径 0, 答案: 13, 置信度: 0.8
2025-08-06 09:10:40,255 - INFO - 投票结果: 选择路径 1, 答案: 4, 置信度: 0.8
2025-08-06 09:10:40,256 - INFO - 投票结果: 选择路径 1, 答案: 210, 置信度: 0.6
2025-08-06 09:10:40,257 - INFO - 投票结果: 选择路径 0, 答案: 540, 置信度: 0.9
2025-08-06 09:10:40,258 - INFO - 投票结果: 选择路径 0, 答案: 104, 置信度: 1.0
2025-08-06 09:10:40,259 - INFO - 投票结果: 选择路径 0, 答案: 27, 置信度: 0.9
2025-08-06 09:10:40,260 - INFO - 投票结果: 选择路径 0, 答案: 75, 置信度: 1.0
2025-08-06 09:10:40,261 - INFO - 投票结果: 选择路径 3, 答案: 123, 置信度: 0.2
2025-08-06 09:10:40,262 - INFO - 投票结果: 选择路径 1, 答案: 120, 置信度: 0.6
2025-08-06 09:10:40,263 - INFO - 投票结果: 选择路径 0, 答案: 348, 置信度: 0.5
2025-08-06 09:10:40,264 - INFO - 投票结果: 选择路径 0, 答案: 15, 置信度: 0.8
2025-08-06 09:10:40,265 - INFO - 投票结果: 选择路径 2, 答案: 247, 置信度: 0.3
2025-08-06 09:10:40,266 - INFO - 投票结果: 选择路径 2, 答案: 13, 置信度: 0.5
2025-08-06 09:10:40,267 - INFO - 投票结果: 选择路径 0, 答案: 85000, 置信度: 1.0
2025-08-06 09:10:40,268 - INFO - 投票结果: 选择路径 4, 答案: 10, 置信度: 0.4
2025-08-06 09:10:40,269 - INFO - 投票结果: 选择路径 1, 答案: 19, 置信度: 0.6
2025-08-06 09:10:40,270 - INFO - 投票结果: 选择路径 0, 答案: 18, 置信度: 1.0
2025-08-06 09:10:40,271 - INFO - 投票结果: 选择路径 0, 答案: 3, 置信度: 0.9
2025-08-06 09:10:40,272 - INFO - 投票结果: 选择路径 0, 答案: 12, 置信度: 1.0
2025-08-06 09:10:40,273 - INFO - 投票结果: 选择路径 0, 答案: 160000, 置信度: 0.7
2025-08-06 09:10:40,274 - INFO - 投票结果: 选择路径 0, 答案: 50, 置信度: 0.6
2025-08-06 09:10:40,275 - INFO - 投票结果: 选择路径 0, 答案: 76, 置信度: 1.0
2025-08-06 09:10:40,276 - INFO - 投票结果: 选择路径 0, 答案: 10, 置信度: 1.0
2025-08-06 09:10:40,277 - INFO - 投票结果: 选择路径 1, 答案: 17, 置信度: 0.9
2025-08-06 09:10:40,278 - INFO - 投票结果: 选择路径 0, 答案: 44, 置信度: 1.0
2025-08-06 09:10:40,279 - INFO - 投票结果: 选择路径 0, 答案: 76, 置信度: 0.5
2025-08-06 09:10:40,280 - INFO - 投票结果: 选择路径 1, 答案: 3, 置信度: 0.9
2025-08-06 09:10:40,281 - INFO - 投票结果: 选择路径 0, 答案: 40, 置信度: 1.0
2025-08-06 09:10:40,282 - INFO - 投票结果: 选择路径 0, 答案: 15, 置信度: 1.0
2025-08-06 09:10:40,283 - INFO - 投票结果: 选择路径 0, 答案: 10, 置信度: 0.7
2025-08-06 09:10:40,284 - INFO - 投票结果: 选择路径 0, 答案: 16, 置信度: 0.9
2025-08-06 09:10:40,285 - INFO - 投票结果: 选择路径 0, 答案: 28, 置信度: 1.0
2025-08-06 09:10:40,286 - INFO - 投票结果: 选择路径 0, 答案: 64, 置信度: 1.0
2025-08-06 09:10:40,287 - INFO - 投票结果: 选择路径 0, 答案: 1125, 置信度: 0.9
2025-08-06 09:10:40,288 - INFO - 投票结果: 选择路径 0, 答案: 8, 置信度: 1.0
2025-08-06 09:10:40,289 - INFO - 投票结果: 选择路径 0, 答案: 29, 置信度: 1.0
2025-08-06 09:10:40,290 - INFO - 投票结果: 选择路径 0, 答案: 16, 置信度: 1.0
2025-08-06 09:10:40,291 - INFO - 投票结果: 选择路径 1, 答案: 155, 置信度: 0.2
2025-08-06 09:10:40,292 - INFO - 投票结果: 选择路径 0, 答案: 72, 置信度: 0.4
2025-08-06 09:10:40,293 - INFO - 投票结果: 选择路径 0, 答案: 576, 置信度: 1.0
2025-08-06 09:10:40,294 - INFO - 投票结果: 选择路径 0, 答案: 34, 置信度: 0.9
2025-08-06 09:10:40,295 - INFO - 投票结果: 选择路径 0, 答案: 10, 置信度: 0.9
2025-08-06 09:10:40,296 - INFO - 投票结果: 选择路径 0, 答案: 9, 置信度: 1.0
2025-08-06 09:10:40,297 - INFO - 投票结果: 选择路径 0, 答案: 140, 置信度: 1.0
2025-08-06 09:10:40,298 - INFO - 投票结果: 选择路径 1, 答案: 40, 置信度: 0.4
2025-08-06 09:10:40,299 - INFO - 投票结果: 选择路径 0, 答案: 355, 置信度: 0.3
2025-08-06 09:10:40,300 - INFO - 投票结果: 选择路径 0, 答案: 16, 置信度: 0.8
2025-08-06 09:10:40,301 - INFO - 投票结果: 选择路径 0, 答案: 132, 置信度: 1.0
2025-08-06 09:10:40,302 - INFO - 投票结果: 选择路径 0, 答案: 64, 置信度: 1.0
2025-08-06 09:10:40,303 - INFO - 投票结果: 选择路径 0, 答案: 72, 置信度: 0.7
2025-08-06 09:10:40,304 - INFO - 投票结果: 选择路径 0, 答案: 8, 置信度: 1.0
2025-08-06 09:10:40,305 - INFO - 投票结果: 选择路径 0, 答案: 4, 置信度: 1.0
2025-08-06 09:10:40,306 - INFO - 投票结果: 选择路径 0, 答案: 120, 置信度: 0.9
2025-08-06 09:10:40,307 - INFO - 投票结果: 选择路径 1, 答案: 15, 置信度: 0.9
2025-08-06 09:10:40,308 - INFO - 投票结果: 选择路径 0, 答案: 539, 置信度: 0.9
2025-08-06 09:10:40,309 - INFO - 投票结果: 选择路径 0, 答案: 7300, 置信度: 0.3
2025-08-06 09:10:40,310 - INFO - 投票结果: 选择路径 0, 答案: 2, 置信度: 1.0
2025-08-06 09:10:40,311 - INFO - 投票结果: 选择路径 0, 答案: 15, 置信度: 1.0
2025-08-06 09:10:40,312 - INFO - 投票结果: 选择路径 0, 答案: 17, 置信度: 0.7
2025-08-06 09:10:40,313 - INFO - 投票结果: 选择路径 1, 答案: 5, 置信度: 0.5
2025-08-06 09:10:40,314 - INFO - 投票结果: 选择路径 0, 答案: 7425, 置信度: 0.6
2025-08-06 09:10:40,315 - INFO - 投票结果: 选择路径 0, 答案: 8, 置信度: 1.0
2025-08-06 09:10:40,316 - INFO - 投票结果: 选择路径 0, 答案: 6, 置信度: 0.6
2025-08-06 09:10:40,317 - INFO - 投票结果: 选择路径 0, 答案: 100, 置信度: 0.8
2025-08-06 09:10:40,318 - INFO - 投票结果: 选择路径 0, 答案: 36, 置信度: 1.0
2025-08-06 09:10:40,319 - INFO - 投票结果: 选择路径 0, 答案: 20, 置信度: 0.6
2025-08-06 09:10:40,320 - INFO - 投票结果: 选择路径 0, 答案: 32, 置信度: 1.0
2025-08-06 09:10:40,321 - INFO - 投票结果: 选择路径 0, 答案: 45, 置信度: 0.8
2025-08-06 09:10:40,322 - INFO - 投票结果: 选择路径 0, 答案: 27, 置信度: 1.0
2025-08-06 09:10:40,323 - INFO - 投票结果: 选择路径 0, 答案: 7.5, 置信度: 0.7
2025-08-06 09:10:40,324 - INFO - 投票结果: 选择路径 0, 答案: 98, 置信度: 1.0
2025-08-06 09:10:40,325 - INFO - 投票结果: 选择路径 1, 答案: 4, 置信度: 0.7
2025-08-06 09:10:40,326 - INFO - 投票结果: 选择路径 0, 答案: 6, 置信度: 0.7
2025-08-06 09:10:40,327 - INFO - 投票结果: 选择路径 0, 答案: 14, 置信度: 0.8
2025-08-06 09:10:40,328 - INFO - 投票结果: 选择路径 0, 答案: 10, 置信度: 1.0
2025-08-06 09:10:40,329 - INFO - 投票结果: 选择路径 0, 答案: 250, 置信度: 0.5
2025-08-06 09:10:40,330 - INFO - 投票结果: 选择路径 0, 答案: 312, 置信度: 0.8
2025-08-06 09:10:40,331 - INFO - 投票结果: 选择路径 0, 答案: 1375, 置信度: 1.0
2025-08-06 09:10:40,332 - INFO - 投票结果: 选择路径 0, 答案: 8, 置信度: 1.0
2025-08-06 09:10:40,333 - INFO - 投票结果: 选择路径 1, 答案: 245, 置信度: 0.4
2025-08-06 09:10:40,334 - INFO - 投票结果: 选择路径 0, 答案: 6, 置信度: 1.0
2025-08-06 09:10:40,335 - INFO - 投票结果: 选择路径 0, 答案: 840, 置信度: 1.0
2025-08-06 09:10:40,336 - INFO - 投票结果: 选择路径 0, 答案: 40, 置信度: 1.0
2025-08-06 09:10:40,337 - INFO - 投票结果: 选择路径 2, 答案: 720, 置信度: 0.2
2025-08-06 09:10:40,338 - INFO - 投票结果: 选择路径 0, 答案: 10, 置信度: 1.0
2025-08-06 09:10:40,339 - INFO - 投票结果: 选择路径 2, 答案: 3430, 置信度: 0.4
2025-08-06 09:10:40,340 - INFO - 投票结果: 选择路径 1, 答案: 16, 置信度: 0.9
2025-08-06 09:10:40,341 - INFO - 投票结果: 选择路径 0, 答案: 17, 置信度: 1.0
2025-08-06 09:10:40,342 - INFO - 投票结果: 选择路径 0, 答案: 2, 置信度: 0.9
2025-08-06 09:10:40,343 - INFO - 投票结果: 选择路径 0, 答案: 14, 置信度: 1.0
2025-08-06 09:10:40,344 - INFO - 投票结果: 选择路径 0, 答案: 27, 置信度: 1.0
2025-08-06 09:10:40,345 - INFO - 投票结果: 选择路径 0, 答案: 84, 置信度: 1.0
2025-08-06 09:10:40,346 - INFO - 投票结果: 选择路径 0, 答案: 70, 置信度: 0.9
2025-08-06 09:10:40,347 - INFO - 投票结果: 选择路径 0, 答案: 20, 置信度: 1.0
2025-08-06 09:10:40,348 - INFO - 投票结果: 选择路径 0, 答案: 802, 置信度: 0.6
2025-08-06 09:10:40,349 - INFO - 投票结果: 选择路径 0, 答案: 15, 置信度: 0.3
2025-08-06 09:10:40,350 - INFO - 投票结果: 选择路径 1, 答案: 736, 置信度: 0.4
2025-08-06 09:10:40,351 - INFO - 投票结果: 选择路径 0, 答案: 42, 置信度: 1.0
2025-08-06 09:10:40,352 - INFO - 投票结果: 选择路径 1, 答案: 9, 置信度: 0.6
2025-08-06 09:10:40,353 - INFO - 投票结果: 选择路径 1, 答案: 27, 置信度: 0.6
2025-08-06 09:10:40,354 - INFO - 投票结果: 选择路径 0, 答案: 465, 置信度: 0.7
2025-08-06 09:10:40,355 - INFO - 投票结果: 选择路径 0, 答案: 17, 置信度: 0.6
2025-08-06 09:10:40,356 - INFO - 投票结果: 选择路径 0, 答案: 360, 置信度: 1.0
2025-08-06 09:10:40,357 - INFO - 投票结果: 选择路径 0, 答案: 10800, 置信度: 1.0
2025-08-06 09:10:40,358 - INFO - 投票结果: 选择路径 2, 答案: 101, 置信度: 0.3
2025-08-06 09:10:40,359 - INFO - 投票结果: 选择路径 5, 答案: 99156, 置信度: 0.3
2025-08-06 09:10:40,360 - INFO - 投票结果: 选择路径 1, 答案: 6, 置信度: 0.8
2025-08-06 09:10:40,361 - INFO - 投票结果: 选择路径 0, 答案: 20, 置信度: 0.6
2025-08-06 09:10:40,362 - INFO - 投票结果: 选择路径 0, 答案: 88, 置信度: 1.0
2025-08-06 09:10:40,363 - INFO - 投票结果: 选择路径 0, 答案: 12, 置信度: 1.0
2025-08-06 09:10:40,364 - INFO - 投票结果: 选择路径 0, 答案: 3, 置信度: 0.3
2025-08-06 09:10:40,365 - INFO - 投票结果: 选择路径 2, 答案: 80, 置信度: 0.4
2025-08-06 09:10:40,366 - INFO - 投票结果: 选择路径 1, 答案: 2, 置信度: 0.2
2025-08-06 09:10:40,367 - INFO - 投票结果: 选择路径 0, 答案: 50, 置信度: 0.6
2025-08-06 09:10:40,368 - INFO - 投票结果: 选择路径 0, 答案: 6, 置信度: 1.0
2025-08-06 09:10:40,369 - INFO - 投票结果: 选择路径 0, 答案: 4, 置信度: 1.0
2025-08-06 09:10:40,370 - INFO - 投票结果: 选择路径 0, 答案: 20, 置信度: 0.9
2025-08-06 09:10:40,371 - INFO - 投票结果: 选择路径 0, 答案: 800, 置信度: 1.0
2025-08-06 09:10:40,372 - INFO - 投票结果: 选择路径 0, 答案: 1, 置信度: 1.0
2025-08-06 09:10:40,373 - INFO - 投票结果: 选择路径 0, 答案: 50, 置信度: 1.0
2025-08-06 09:10:40,374 - INFO - 投票结果: 选择路径 2, 答案: 65.56, 置信度: 0.5
2025-08-06 09:10:40,375 - INFO - 投票结果: 选择路径 0, 答案: 7, 置信度: 0.7
2025-08-06 09:10:40,376 - INFO - 投票结果: 选择路径 0, 答案: 63, 置信度: 1.0
2025-08-06 09:10:40,377 - INFO - 投票结果: 选择路径 1, 答案: 9, 置信度: 0.8
2025-08-06 09:10:40,378 - INFO - 投票结果: 选择路径 0, 答案: 42, 置信度: 0.9
2025-08-06 09:10:40,379 - INFO - 投票结果: 选择路径 0, 答案: 5, 置信度: 0.8
2025-08-06 09:10:40,380 - INFO - 投票结果: 选择路径 0, 答案: 240, 置信度: 0.7
2025-08-06 09:10:40,381 - INFO - 投票结果: 选择路径 0, 答案: 1000, 置信度: 1.0
2025-08-06 09:10:40,382 - INFO - 投票结果: 选择路径 0, 答案: 109, 置信度: 1.0
2025-08-06 09:10:40,383 - INFO - 投票结果: 选择路径 0, 答案: 140, 置信度: 1.0
2025-08-06 09:10:40,384 - INFO - 投票结果: 选择路径 0, 答案: 55, 置信度: 1.0
2025-08-06 09:10:40,385 - INFO - 投票结果: 选择路径 0, 答案: 16, 置信度: 1.0
2025-08-06 09:10:40,386 - INFO - 投票结果: 选择路径 0, 答案: 112, 置信度: 0.6
2025-08-06 09:10:40,387 - INFO - 投票结果: 选择路径 0, 答案: 110, 置信度: 1.0
2025-08-06 09:10:40,388 - INFO - 投票结果: 选择路径 0, 答案: 13, 置信度: 1.0
2025-08-06 09:10:40,389 - INFO - 投票结果: 选择路径 0, 答案: 7, 置信度: 0.4
2025-08-06 09:10:40,390 - INFO - 投票结果: 选择路径 0, 答案: 48, 置信度: 0.9
2025-08-06 09:10:40,391 - INFO - 投票结果: 选择路径 0, 答案: 8, 置信度: 1.0
2025-08-06 09:10:40,391 - INFO - 投票结果: 选择路径 0, 答案: 8, 置信度: 0.9
2025-08-06 09:10:40,392 - INFO - 投票结果: 选择路径 0, 答案: 56, 置信度: 1.0
2025-08-06 09:10:40,393 - INFO - 投票结果: 选择路径 0, 答案: 3, 置信度: 1.0
2025-08-06 09:10:40,394 - INFO - 投票结果: 选择路径 0, 答案: 42, 置信度: 0.6
2025-08-06 09:10:40,395 - INFO - 投票结果: 选择路径 1, 答案: 4, 置信度: 0.3
2025-08-06 09:10:40,396 - INFO - 投票结果: 选择路径 0, 答案: 20000, 置信度: 1.0
2025-08-06 09:10:40,397 - INFO - 投票结果: 选择路径 0, 答案: 9, 置信度: 0.8
2025-08-06 09:10:40,398 - INFO - 投票结果: 选择路径 0, 答案: 52, 置信度: 1.0
2025-08-06 09:10:40,399 - INFO - 投票结果: 选择路径 0, 答案: 10, 置信度: 0.4
2025-08-06 09:10:40,400 - INFO - 投票结果: 选择路径 0, 答案: 109200, 置信度: 0.3
2025-08-06 09:10:40,401 - INFO - 投票结果: 选择路径 0, 答案: 45, 置信度: 1.0
2025-08-06 09:10:40,402 - INFO - 投票结果: 选择路径 0, 答案: 1, 置信度: 0.6
2025-08-06 09:10:40,403 - INFO - 投票结果: 选择路径 1, 答案: 5600, 置信度: 0.6
2025-08-06 09:10:40,404 - INFO - 投票结果: 选择路径 0, 答案: 7, 置信度: 1.0
2025-08-06 09:10:40,405 - INFO - 投票结果: 选择路径 0, 答案: 25, 置信度: 0.8
2025-08-06 09:10:40,406 - INFO - 投票结果: 选择路径 0, 答案: -91, 置信度: 0.6
2025-08-06 09:10:40,407 - INFO - 投票结果: 选择路径 0, 答案: 180, 置信度: 0.6
2025-08-06 09:10:40,408 - INFO - 投票结果: 选择路径 1, 答案: 24, 置信度: 0.5
2025-08-06 09:10:40,409 - INFO - 投票结果: 选择路径 0, 答案: 6, 置信度: 0.8
2025-08-06 09:10:40,410 - INFO - 投票结果: 选择路径 0, 答案: 40, 置信度: 0.8
2025-08-06 09:10:40,411 - INFO - 投票结果: 选择路径 0, 答案: -3, 置信度: 0.9
2025-08-06 09:10:40,412 - INFO - 投票结果: 选择路径 0, 答案: 224, 置信度: 0.5
2025-08-06 09:10:40,413 - INFO - 投票结果: 选择路径 0, 答案: 227, 置信度: 1.0
2025-08-06 09:10:40,414 - INFO - 投票结果: 选择路径 0, 答案: 762, 置信度: 1.0
2025-08-06 09:10:40,415 - INFO - 投票结果: 选择路径 1, 答案: 34, 置信度: 0.9
2025-08-06 09:10:40,416 - INFO - 投票结果: 选择路径 1, 答案: 2, 置信度: 0.8
2025-08-06 09:10:40,417 - INFO - 投票结果: 选择路径 0, 答案: 2, 置信度: 0.8
2025-08-06 09:10:40,418 - INFO - 投票结果: 选择路径 8, 答案: 23, 置信度: 0.2
2025-08-06 09:10:40,419 - INFO - 投票结果: 选择路径 0, 答案: 4, 置信度: 1.0
2025-08-06 09:10:40,420 - INFO - 投票结果: 选择路径 3, 答案: 110, 置信度: 0.7
2025-08-06 09:10:40,421 - INFO - 投票结果: 选择路径 0, 答案: 750, 置信度: 1.0
2025-08-06 09:10:40,422 - INFO - 投票结果: 选择路径 0, 答案: 240, 置信度: 0.7
2025-08-06 09:10:40,423 - INFO - 投票结果: 选择路径 3, 答案: 200, 置信度: 0.4
2025-08-06 09:10:40,424 - INFO - 投票结果: 选择路径 1, 答案: 105, 置信度: 0.7
2025-08-06 09:10:40,425 - INFO - 投票结果: 选择路径 0, 答案: 120, 置信度: 0.9
2025-08-06 09:10:40,426 - INFO - 投票结果: 选择路径 0, 答案: 240, 置信度: 1.0
2025-08-06 09:10:40,427 - INFO - 投票结果: 选择路径 0, 答案: 4000, 置信度: 0.7
2025-08-06 09:10:40,428 - INFO - 投票结果: 选择路径 0, 答案: 60, 置信度: 1.0
2025-08-06 09:10:40,429 - INFO - 投票结果: 选择路径 1, 答案: 36, 置信度: 0.6
2025-08-06 09:10:40,430 - INFO - 投票结果: 选择路径 0, 答案: 80, 置信度: 1.0
2025-08-06 09:10:40,431 - INFO - 投票结果: 选择路径 0, 答案: 4, 置信度: 0.5
2025-08-06 09:10:40,432 - INFO - 投票结果: 选择路径 0, 答案: 32, 置信度: 1.0
2025-08-06 09:10:40,433 - INFO - 投票结果: 选择路径 0, 答案: 940, 置信度: 0.8
2025-08-06 09:10:40,434 - INFO - 投票结果: 选择路径 0, 答案: 84, 置信度: 1.0
2025-08-06 09:10:40,435 - INFO - 投票结果: 选择路径 0, 答案: 2, 置信度: 0.9
2025-08-06 09:10:40,436 - INFO - 投票结果: 选择路径 0, 答案: 32, 置信度: 1.0
2025-08-06 09:10:40,437 - INFO - 投票结果: 选择路径 0, 答案: 12, 置信度: 0.6
2025-08-06 09:10:40,438 - INFO - 投票结果: 选择路径 0, 答案: 2, 置信度: 0.5
2025-08-06 09:10:40,439 - INFO - 投票结果: 选择路径 0, 答案: 1, 置信度: 0.3
2025-08-06 09:10:40,440 - INFO - 投票结果: 选择路径 0, 答案: 14, 置信度: 1.0
2025-08-06 09:10:40,441 - INFO - 投票结果: 选择路径 0, 答案: 448, 置信度: 0.9
2025-08-06 09:10:40,442 - INFO - 投票结果: 选择路径 0, 答案: 12, 置信度: 1.0
2025-08-06 09:10:40,443 - INFO - 投票结果: 选择路径 0, 答案: 1110, 置信度: 1.0
2025-08-06 09:10:40,444 - INFO - 投票结果: 选择路径 0, 答案: 2, 置信度: 0.5
2025-08-06 09:10:40,445 - INFO - 投票结果: 选择路径 0, 答案: 6, 置信度: 0.9
2025-08-06 09:10:40,446 - INFO - 投票结果: 选择路径 0, 答案: 28, 置信度: 0.9
2025-08-06 09:10:40,447 - INFO - 投票结果: 选择路径 1, 答案: 72000, 置信度: 0.5
2025-08-06 09:10:40,448 - INFO - 投票结果: 选择路径 0, 答案: 32, 置信度: 1.0
2025-08-06 09:10:40,449 - INFO - 投票结果: 选择路径 0, 答案: 60, 置信度: 0.8
2025-08-06 09:10:40,450 - INFO - 投票结果: 选择路径 0, 答案: 90, 置信度: 1.0
2025-08-06 09:10:40,451 - INFO - 投票结果: 选择路径 2, 答案: 79, 置信度: 0.2
2025-08-06 09:10:40,452 - INFO - 投票结果: 选择路径 0, 答案: 270, 置信度: 1.0
2025-08-06 09:10:40,453 - INFO - 投票结果: 选择路径 1, 答案: 56000, 置信度: 0.5
2025-08-06 09:10:40,454 - INFO - 投票结果: 选择路径 0, 答案: 72, 置信度: 0.9
2025-08-06 09:10:40,455 - INFO - 投票结果: 选择路径 0, 答案: 400, 置信度: 0.8
2025-08-06 09:10:40,456 - INFO - 投票结果: 选择路径 0, 答案: 12, 置信度: 0.9
2025-08-06 09:10:40,457 - INFO - 投票结果: 选择路径 0, 答案: 15, 置信度: 0.7
2025-08-06 09:10:40,458 - INFO - 投票结果: 选择路径 0, 答案: 234, 置信度: 0.6
2025-08-06 09:10:40,459 - INFO - 投票结果: 选择路径 5, 答案: 50, 置信度: 0.3
2025-08-06 09:10:40,460 - INFO - 投票结果: 选择路径 0, 答案: 4, 置信度: 1.0
2025-08-06 09:10:40,461 - INFO - 投票结果: 选择路径 0, 答案: 4, 置信度: 1.0
2025-08-06 09:10:40,462 - INFO - 投票结果: 选择路径 0, 答案: 17500, 置信度: 0.9
2025-08-06 09:10:40,463 - INFO - 投票结果: 选择路径 0, 答案: 8, 置信度: 1.0
2025-08-06 09:10:40,464 - INFO - 投票结果: 选择路径 0, 答案: 21, 置信度: 1.0
2025-08-06 09:10:40,465 - INFO - 投票结果: 选择路径 2, 答案: 18, 置信度: 0.3
2025-08-06 09:10:40,466 - INFO - 投票结果: 选择路径 0, 答案: 1, 置信度: 1.0
2025-08-06 09:10:40,467 - INFO - 投票结果: 选择路径 0, 答案: 193, 置信度: 1.0
2025-08-06 09:10:40,468 - INFO - 投票结果: 选择路径 1, 答案: 3, 置信度: 0.8
2025-08-06 09:10:40,469 - INFO - 投票结果: 选择路径 1, 答案: 131250, 置信度: 0.4
2025-08-06 09:10:40,470 - INFO - 投票结果: 选择路径 0, 答案: 24, 置信度: 1.0
2025-08-06 09:10:40,471 - INFO - 投票结果: 选择路径 7, 答案: 31, 置信度: 0.3
2025-08-06 09:10:40,472 - INFO - 投票结果: 选择路径 0, 答案: 490, 置信度: 0.9
2025-08-06 09:10:40,473 - INFO - 投票结果: 选择路径 2, 答案: 19, 置信度: 0.4
2025-08-06 09:10:40,474 - INFO - 投票结果: 选择路径 0, 答案: 60, 置信度: 0.7
2025-08-06 09:10:40,475 - INFO - 投票结果: 选择路径 0, 答案: 17, 置信度: 0.9
2025-08-06 09:10:40,476 - INFO - 投票结果: 选择路径 1, 答案: 6850000, 置信度: 0.4
2025-08-06 09:10:40,477 - INFO - 投票结果: 选择路径 0, 答案: 15, 置信度: 1.0
2025-08-06 09:10:40,478 - INFO - 投票结果: 选择路径 0, 答案: 120, 置信度: 0.5
2025-08-06 09:10:40,479 - INFO - 投票结果: 选择路径 0, 答案: 18, 置信度: 0.6
2025-08-06 09:10:40,480 - INFO - 投票结果: 选择路径 0, 答案: 30, 置信度: 0.9
2025-08-06 09:10:40,481 - INFO - 投票结果: 选择路径 0, 答案: 60, 置信度: 1.0
2025-08-06 09:10:40,482 - INFO - 投票结果: 选择路径 0, 答案: 260, 置信度: 1.0
2025-08-06 09:10:40,483 - INFO - 投票结果: 选择路径 0, 答案: 60, 置信度: 1.0
2025-08-06 09:10:40,484 - INFO - 投票结果: 选择路径 1, 答案: 75, 置信度: 0.7
2025-08-06 09:10:40,485 - INFO - 投票结果: 选择路径 0, 答案: 25, 置信度: 1.0
2025-08-06 09:10:40,486 - INFO - 投票结果: 选择路径 1, 答案: 53, 置信度: 0.3
2025-08-06 09:10:40,487 - INFO - 投票结果: 选择路径 0, 答案: 5, 置信度: 0.8
2025-08-06 09:10:40,488 - INFO - 投票结果: 选择路径 0, 答案: 84, 置信度: 0.9
2025-08-06 09:10:40,489 - INFO - 投票结果: 选择路径 0, 答案: 7, 置信度: 0.7
2025-08-06 09:10:40,490 - INFO - 投票结果: 选择路径 0, 答案: 2, 置信度: 1.0
2025-08-06 09:10:40,491 - INFO - 投票结果: 选择路径 0, 答案: 21, 置信度: 0.9
2025-08-06 09:10:40,491 - INFO - 投票结果: 选择路径 0, 答案: 8, 置信度: 1.0
2025-08-06 09:10:40,492 - INFO - 投票结果: 选择路径 0, 答案: 80, 置信度: 0.2
2025-08-06 09:10:40,493 - INFO - 投票结果: 选择路径 0, 答案: 90000, 置信度: 1.0
2025-08-06 09:10:40,494 - INFO - 投票结果: 选择路径 0, 答案: 2, 置信度: 1.0
2025-08-06 09:10:40,495 - INFO - 投票结果: 选择路径 4, 答案: 40, 置信度: 0.4
2025-08-06 09:10:40,496 - INFO - 投票结果: 选择路径 0, 答案: 2, 置信度: 0.5
2025-08-06 09:10:40,497 - INFO - 投票结果: 选择路径 0, 答案: 100, 置信度: 1.0
2025-08-06 09:10:40,498 - INFO - 投票结果: 选择路径 0, 答案: 30, 置信度: 1.0
2025-08-06 09:10:40,499 - INFO - 投票结果: 选择路径 0, 答案: 8, 置信度: 1.0
2025-08-06 09:10:40,500 - INFO - 投票结果: 选择路径 0, 答案: 31, 置信度: 0.9
2025-08-06 09:10:40,501 - INFO - 投票结果: 选择路径 0, 答案: 120000, 置信度: 0.7
2025-08-06 09:10:40,502 - INFO - 投票结果: 选择路径 0, 答案: 180, 置信度: 1.0
2025-08-06 09:10:40,503 - INFO - 投票结果: 选择路径 0, 答案: 3, 置信度: 1.0
2025-08-06 09:10:40,504 - INFO - 投票结果: 选择路径 0, 答案: 5, 置信度: 0.7
2025-08-06 09:10:40,505 - INFO - 投票结果: 选择路径 0, 答案: 5, 置信度: 1.0
2025-08-06 09:10:40,506 - INFO - 投票结果: 选择路径 0, 答案: 130000, 置信度: 1.0
2025-08-06 09:10:40,507 - INFO - 投票结果: 选择路径 1, 答案: 68, 置信度: 0.7
2025-08-06 09:10:40,508 - INFO - 投票结果: 选择路径 0, 答案: 78, 置信度: 0.8
2025-08-06 09:10:40,509 - INFO - 投票结果: 选择路径 0, 答案: 28, 置信度: 1.0
2025-08-06 09:10:40,510 - INFO - 投票结果: 选择路径 0, 答案: 15, 置信度: 1.0
2025-08-06 09:10:40,511 - INFO - 投票结果: 选择路径 2, 答案: 290, 置信度: 0.3
2025-08-06 09:10:40,512 - INFO - 投票结果: 选择路径 1, 答案: 38.89, 置信度: 0.5
2025-08-06 09:10:40,513 - INFO - 投票结果: 选择路径 5, 答案: 2400, 置信度: 0.5
2025-08-06 09:10:40,514 - INFO - 投票结果: 选择路径 0, 答案: 18, 置信度: 1.0
2025-08-06 09:10:40,515 - INFO - 投票结果: 选择路径 0, 答案: 90, 置信度: 1.0
2025-08-06 09:10:40,516 - INFO - 投票结果: 选择路径 1, 答案: 31, 置信度: 0.5
2025-08-06 09:10:40,517 - INFO - 投票结果: 选择路径 4, 答案: 1200, 置信度: 0.4
2025-08-06 09:10:40,518 - INFO - 投票结果: 选择路径 1, 答案: 180, 置信度: 0.6
2025-08-06 09:10:40,519 - INFO - 投票结果: 选择路径 0, 答案: 7, 置信度: 1.0
2025-08-06 09:10:40,520 - INFO - 投票结果: 选择路径 0, 答案: 75, 置信度: 0.9
2025-08-06 09:10:40,521 - INFO - 投票结果: 选择路径 0, 答案: 650, 置信度: 1.0
2025-08-06 09:10:40,522 - INFO - 投票结果: 选择路径 1, 答案: 310, 置信度: 0.4
2025-08-06 09:10:40,523 - INFO - 投票结果: 选择路径 0, 答案: 12, 置信度: 0.8
2025-08-06 09:10:40,524 - INFO - 投票结果: 选择路径 0, 答案: 5, 置信度: 1.0
2025-08-06 09:10:40,525 - INFO - 投票结果: 选择路径 0, 答案: 29, 置信度: 1.0
2025-08-06 09:10:40,526 - INFO - 投票结果: 选择路径 0, 答案: 140, 置信度: 1.0
2025-08-06 09:10:40,527 - INFO - 投票结果: 选择路径 0, 答案: 30, 置信度: 1.0
2025-08-06 09:10:40,528 - INFO - 投票结果: 选择路径 0, 答案: 40, 置信度: 0.6
2025-08-06 09:10:40,529 - INFO - 投票结果: 选择路径 0, 答案: 100, 置信度: 0.9
2025-08-06 09:10:40,530 - INFO - 投票结果: 选择路径 0, 答案: 35, 置信度: 1.0
2025-08-06 09:10:40,531 - INFO - 投票结果: 选择路径 0, 答案: 79, 置信度: 1.0
2025-08-06 09:10:40,532 - INFO - 投票结果: 选择路径 0, 答案: 2, 置信度: 0.6
2025-08-06 09:10:40,533 - INFO - 投票结果: 选择路径 0, 答案: 4, 置信度: 1.0
2025-08-06 09:10:40,534 - INFO - 投票结果: 选择路径 0, 答案: 6, 置信度: 0.8
2025-08-06 09:10:40,535 - INFO - 投票结果: 选择路径 0, 答案: 32, 置信度: 1.0
2025-08-06 09:10:40,536 - INFO - 投票结果: 选择路径 0, 答案: 112, 置信度: 1.0
2025-08-06 09:10:40,537 - INFO - 投票结果: 选择路径 0, 答案: 54, 置信度: 0.2
2025-08-06 09:10:40,538 - INFO - 投票结果: 选择路径 2, 答案: 450, 置信度: 0.8
2025-08-06 09:10:40,539 - INFO - 投票结果: 选择路径 0, 答案: 6000, 置信度: 0.5
2025-08-06 09:10:40,540 - INFO - 投票结果: 选择路径 0, 答案: 450, 置信度: 1.0
2025-08-06 09:10:40,541 - INFO - 投票结果: 选择路径 0, 答案: 6, 置信度: 1.0
2025-08-06 09:10:40,542 - INFO - 投票结果: 选择路径 0, 答案: 14, 置信度: 0.4
2025-08-06 09:10:40,543 - INFO - 投票结果: 选择路径 0, 答案: 144, 置信度: 1.0
2025-08-06 09:10:40,544 - INFO - 投票结果: 选择路径 0, 答案: 8, 置信度: 0.9
2025-08-06 09:10:40,545 - INFO - 投票结果: 选择路径 0, 答案: 2125, 置信度: 1.0
2025-08-06 09:10:40,546 - INFO - 投票结果: 选择路径 2, 答案: 65, 置信度: 0.6
2025-08-06 09:10:40,547 - INFO - 投票结果: 选择路径 0, 答案: 13, 置信度: 1.0
2025-08-06 09:10:40,548 - INFO - 投票结果: 选择路径 1, 答案: 112, 置信度: 0.6
2025-08-06 09:10:40,549 - INFO - 投票结果: 选择路径 0, 答案: 133, 置信度: 1.0
2025-08-06 09:10:40,550 - INFO - 投票结果: 选择路径 0, 答案: 100, 置信度: 1.0
2025-08-06 09:10:40,551 - INFO - 投票结果: 选择路径 0, 答案: 350, 置信度: 1.0
2025-08-06 09:10:40,552 - INFO - 投票结果: 选择路径 0, 答案: 44.4, 置信度: 1.0
2025-08-06 09:10:40,553 - INFO - 投票结果: 选择路径 0, 答案: 105, 置信度: 1.0
2025-08-06 09:10:40,554 - INFO - 投票结果: 选择路径 0, 答案: 7, 置信度: 0.9
2025-08-06 09:10:40,555 - INFO - 投票结果: 选择路径 0, 答案: 860, 置信度: 1.0
2025-08-06 09:10:40,556 - INFO - 投票结果: 选择路径 0, 答案: 72, 置信度: 0.8
2025-08-06 09:10:40,557 - INFO - 投票结果: 选择路径 3, 答案: 50, 置信度: 0.2
2025-08-06 09:10:40,558 - INFO - 投票结果: 选择路径 0, 答案: 1, 置信度: 1.0
2025-08-06 09:10:40,559 - INFO - 投票结果: 选择路径 3, 答案: 2, 置信度: 0.3
2025-08-06 09:10:40,560 - INFO - 投票结果: 选择路径 0, 答案: 36, 置信度: 0.6
2025-08-06 09:10:40,561 - INFO - 投票结果: 选择路径 0, 答案: 140, 置信度: 1.0
2025-08-06 09:10:40,562 - INFO - 投票结果: 选择路径 0, 答案: 20, 置信度: 0.8
2025-08-06 09:10:40,563 - INFO - 投票结果: 选择路径 1, 答案: 1800, 置信度: 0.8
2025-08-06 09:10:40,564 - INFO - 投票结果: 选择路径 1, 答案: 25, 置信度: 0.7
2025-08-06 09:10:40,565 - INFO - 投票结果: 选择路径 0, 答案: 147, 置信度: 1.0
2025-08-06 09:10:40,566 - INFO - 投票结果: 选择路径 0, 答案: 10, 置信度: 1.0
2025-08-06 09:10:40,567 - INFO - 投票结果: 选择路径 0, 答案: 25, 置信度: 1.0
2025-08-06 09:10:40,568 - INFO - 投票结果: 选择路径 0, 答案: 32, 置信度: 0.9
2025-08-06 09:10:40,569 - INFO - 投票结果: 选择路径 0, 答案: 276, 置信度: 1.0
2025-08-06 09:10:40,570 - INFO - 投票结果: 选择路径 0, 答案: 176, 置信度: 0.3
2025-08-06 09:10:40,571 - INFO - 投票结果: 选择路径 0, 答案: 30, 置信度: 1.0
2025-08-06 09:10:40,572 - INFO - 投票结果: 选择路径 1, 答案: 56, 置信度: 0.6
2025-08-06 09:10:40,573 - INFO - 投票结果: 选择路径 0, 答案: 8000, 置信度: 1.0
2025-08-06 09:10:40,574 - INFO - 投票结果: 选择路径 1, 答案: 25, 置信度: 0.3
2025-08-06 09:10:40,575 - INFO - 投票结果: 选择路径 0, 答案: 84, 置信度: 0.8
2025-08-06 09:10:40,576 - INFO - 投票结果: 选择路径 0, 答案: 50, 置信度: 1.0
2025-08-06 09:10:40,577 - INFO - 投票结果: 选择路径 0, 答案: 50, 置信度: 1.0
2025-08-06 09:10:40,578 - INFO - 投票结果: 选择路径 1, 答案: 320, 置信度: 0.9
2025-08-06 09:10:40,579 - INFO - 投票结果: 选择路径 0, 答案: 38, 置信度: 1.0
2025-08-06 09:10:40,580 - INFO - 投票结果: 选择路径 0, 答案: 34, 置信度: 0.6
2025-08-06 09:10:40,581 - INFO - 投票结果: 选择路径 0, 答案: 594, 置信度: 1.0
2025-08-06 09:10:40,582 - INFO - 投票结果: 选择路径 0, 答案: 7, 置信度: 0.3
2025-08-06 09:10:40,583 - INFO - 投票结果: 选择路径 0, 答案: 98, 置信度: 1.0
2025-08-06 09:10:40,583 - INFO - 投票结果: 选择路径 0, 答案: 123, 置信度: 1.0
2025-08-06 09:10:40,585 - INFO - 投票结果: 选择路径 0, 答案: 27, 置信度: 1.0
2025-08-06 09:10:40,586 - INFO - 投票结果: 选择路径 0, 答案: 145, 置信度: 1.0
2025-08-06 09:10:40,586 - INFO - 投票结果: 选择路径 0, 答案: 23, 置信度: 1.0
2025-08-06 09:10:40,587 - INFO - 投票结果: 选择路径 0, 答案: 14, 置信度: 0.7
2025-08-06 09:10:40,588 - INFO - 投票结果: 选择路径 5, 答案: 18, 置信度: 0.3
2025-08-06 09:10:40,590 - INFO - 投票结果: 选择路径 0, 答案: 21, 置信度: 1.0
2025-08-06 09:10:40,590 - INFO - 投票结果: 选择路径 0, 答案: 40000, 置信度: 1.0
2025-08-06 09:10:40,591 - INFO - 投票结果: 选择路径 0, 答案: 90, 置信度: 0.5
2025-08-06 09:10:40,592 - INFO - 投票结果: 选择路径 0, 答案: 11050, 置信度: 0.9
2025-08-06 09:10:40,593 - INFO - 投票结果: 选择路径 0, 答案: 1520, 置信度: 1.0
2025-08-06 09:10:40,594 - INFO - 投票结果: 选择路径 1, 答案: 16, 置信度: 0.3
2025-08-06 09:10:40,595 - INFO - 投票结果: 选择路径 3, 答案: 2000, 置信度: 0.4
2025-08-06 09:10:40,596 - INFO - 投票结果: 选择路径 0, 答案: 93, 置信度: 1.0
2025-08-06 09:10:40,597 - INFO - 投票结果: 选择路径 0, 答案: 40, 置信度: 0.7
2025-08-06 09:10:40,598 - INFO - 投票结果: 选择路径 0, 答案: 15, 置信度: 1.0
2025-08-06 09:10:40,599 - INFO - 投票结果: 选择路径 0, 答案: 66, 置信度: 0.9
2025-08-06 09:10:40,600 - INFO - 投票结果: 选择路径 0, 答案: 5, 置信度: 1.0
2025-08-06 09:10:40,601 - INFO - 投票结果: 选择路径 0, 答案: 5, 置信度: 1.0
2025-08-06 09:10:40,602 - INFO - 投票结果: 选择路径 0, 答案: 0.5, 置信度: 0.5
2025-08-06 09:10:40,603 - INFO - 投票结果: 选择路径 0, 答案: 1430, 置信度: 1.0
2025-08-06 09:10:40,604 - INFO - 投票结果: 选择路径 1, 答案: 36, 置信度: 0.7
2025-08-06 09:10:40,605 - INFO - 投票结果: 选择路径 0, 答案: 80, 置信度: 1.0
2025-08-06 09:10:40,606 - INFO - 投票结果: 选择路径 0, 答案: 29, 置信度: 1.0
2025-08-06 09:10:40,607 - INFO - 投票结果: 选择路径 0, 答案: 122, 置信度: 1.0
2025-08-06 09:10:40,608 - INFO - 投票结果: 选择路径 0, 答案: 60, 置信度: 1.0
2025-08-06 09:10:40,609 - INFO - 投票结果: 选择路径 6, 答案: 145, 置信度: 0.3
2025-08-06 09:10:40,610 - INFO - 投票结果: 选择路径 0, 答案: 21, 置信度: 1.0
2025-08-06 09:10:40,611 - INFO - 投票结果: 选择路径 0, 答案: 45, 置信度: 1.0
2025-08-06 09:10:40,612 - INFO - 投票结果: 选择路径 0, 答案: 273, 置信度: 1.0
2025-08-06 09:10:40,613 - INFO - 投票结果: 选择路径 0, 答案: 12, 置信度: 0.6
2025-08-06 09:10:40,614 - INFO - 投票结果: 选择路径 0, 答案: 5, 置信度: 0.8
2025-08-06 09:10:40,615 - INFO - 投票结果: 选择路径 0, 答案: 1, 置信度: 1.0
2025-08-06 09:10:40,616 - INFO - 投票结果: 选择路径 0, 答案: 1880, 置信度: 0.6
2025-08-06 09:10:40,617 - INFO - 
==================================================
2025-08-06 09:10:40,618 - INFO - 样本 9: Joe has $50 to buy an outfit for his new field trip. There is a 30% off sale at the clothing store. ...
2025-08-06 09:10:40,619 - INFO - 参考答案: The price of the two clothing items totals 35 + 25 = <<35+25=60>>60 dollars before discount.
The total sale discount comes to 60 * 0.3 = <<60*0.3=18>>18 dollars.
The final sale price comes to 60 - 18 = <<60-18=42>>42 dollars.
Joe ends up with 50 - 42 = <<50-42=8>>8 dollars change.
#### 8
2025-08-06 09:10:40,620 - INFO - 提取参考答案: 8
2025-08-06 09:10:40,621 - INFO - 生成答案: 

Step 1:First, read the problem and identify what we need to find. We need to find out how much money Joe will have left after the purchase.

Step 2:Next, set up equations and perform the calculation...
2025-08-06 09:10:40,622 - INFO - 提取答案: 4.64
2025-08-06 09:10:40,623 - INFO - 投票统计: {'voting_method': 'majority', 'best_answer': '4.64', 'vote_count': 7, 'total_paths': 10, 'valid_paths': 10, 'confidence': 0.7, 'answer_distribution': {'4.64': 7, '4.40': 1, '48': 1, '-2.5': 1}, 'selected_path_idx': 0}
2025-08-06 09:10:40,624 - INFO - ==================================================
2025-08-06 09:10:40,625 - INFO - 
==================================================
2025-08-06 09:10:40,626 - INFO - 样本 13: Christina records her mood every day on a calendar. Over the past thirty days of moods, she had twel...
2025-08-06 09:10:40,626 - INFO - 参考答案: Christina had 30 - 12 - 8 = <<30-12-8=10>>10 neutral days in the month.
After the first three 8-day periods, she had 30 - 8 * 3 = 30 - 24 = <<30-8*3=6>>6 days of moods left.
Of those days, 12 - 8 = <<12-8=4>>4 days were good.
After the next 3 days with 2 good days, Christina had 4 - 2 = <<4-2=2>>2 good days left.
#### 2
2025-08-06 09:10:40,627 - INFO - 提取参考答案: 2
2025-08-06 09:10:40,628 - INFO - 生成答案: 

Step 1:First, read the problem and identify what we need to find. We need to find the number of good days left in the month.

Step 2:Next, set up equations and perform the calculations. Christina ha...
2025-08-06 09:10:40,629 - INFO - 提取答案: 7
2025-08-06 09:10:40,630 - INFO - 投票统计: {'voting_method': 'majority', 'best_answer': '7', 'vote_count': 2, 'total_paths': 10, 'valid_paths': 10, 'confidence': 0.2, 'answer_distribution': {'6': 1, '23': 1, '11': 1, '15': 1, '4': 1, '7': 2, '0': 1, '1': 1, '2': 1}, 'selected_path_idx': 5}
2025-08-06 09:10:40,631 - INFO - ==================================================
2025-08-06 09:10:40,632 - INFO - 
==================================================
2025-08-06 09:10:40,633 - INFO - 样本 21: Tatiana is deciding how much of her weekend she wants to spend playing soccer. She has 7 hours on Sa...
2025-08-06 09:10:40,634 - INFO - 参考答案: She has 12 hours for her activities because 7 + 5 = <<7+5=12>>12
After reading, she has 9 hours left because 12 - 3 = <<12-3=9>>9
She spends 3 hours playing video games because 9 x (1/3) = <<9*(1/3)=3>>3
After video games she has 6 hours left for soccer because 9 - 3 = <<6=6>>6
The proportion of time spend on soccer is .5 because 6 / 12 = <<6/12=.5>>.5
The percentage of time spent on soccer is 50 because .5 x 100 = <<50=50>>50
#### 50
2025-08-06 09:10:40,635 - INFO - 提取参考答案: 50
2025-08-06 09:10:40,636 - INFO - 生成答案: 

Step 1:First, read the problem and identify what we need to find. We need to find the percentage of Tatiana's weekend that she spends playing soccer.

Step 2:Next, set up equations and perform the c...
2025-08-06 09:10:40,637 - INFO - 提取答案: 33.33
2025-08-06 09:10:40,638 - INFO - 投票统计: {'voting_method': 'majority', 'best_answer': '33.33', 'vote_count': 5, 'total_paths': 10, 'valid_paths': 10, 'confidence': 0.5, 'answer_distribution': {'50': 3, '33.33': 5, '48': 1, '22.6': 1}, 'selected_path_idx': 1}
2025-08-06 09:10:40,638 - INFO - ==================================================
2025-08-06 09:10:40,639 - INFO - 
==================================================
2025-08-06 09:10:40,640 - INFO - 样本 23: A merchant wants to make a choice of purchase between 2 purchase plans: jewelry worth $5,000 or elec...
2025-08-06 09:10:40,641 - INFO - 参考答案: If he purchases jewelry, he will make a profit of 2.5% which is $5000*(2.5/100) = $<<5000*(2.5/100)=125>>125
If he purchases electronic gadgets, he will make a profit of 1.2% which is $8000*(1.2/100) = $<<8000*(1.2/100)=96>>96
If he wants to maximize profit, since $125 > $96, he will choose to purchase jewelry, thereby making a profit of $<<125=125>>125
#### 125
2025-08-06 09:10:40,642 - INFO - 提取参考答案: 125
2025-08-06 09:10:40,643 - INFO - 生成答案: 

Step 1:First, read the problem and identify what we need to find. We need to find the profit the merchant will make by choosing one of the two purchase plans.

Step 2:Next, set up equations and perf...
2025-08-06 09:10:40,644 - INFO - 提取答案: 8160
2025-08-06 09:10:40,645 - INFO - 投票统计: {'voting_method': 'majority', 'best_answer': '8160', 'vote_count': 2, 'total_paths': 10, 'valid_paths': 10, 'confidence': 0.2, 'answer_distribution': {'8100': 1, '8160': 2, '2971': 1, '8064': 1, '125': 1, '96': 1, '2186': 1, '221': 1, '2910': 1}, 'selected_path_idx': 1}
2025-08-06 09:10:40,646 - INFO - ==================================================
2025-08-06 09:10:40,647 - INFO - 
==================================================
2025-08-06 09:10:40,647 - INFO - 样本 24: There are four schools competing at a basketball tournament. Each school has sent a girls’ basketbal...
2025-08-06 09:10:40,648 - INFO - 参考答案: Each school has sent 1 girls’ basketball team + 1 boys’ basketball team = <<1+1=2>>2 teams.
So each school has sent 2 teams * 5 players per team = <<2*5=10>>10 players.
They have also each sent 2 teams * 1 coach per team = <<2*1=2>>2 coaches.
In total, each school has sent 10 players + 2 coaches = <<10+2=12>>12 people.
Therefore, the schools have sent a total of 12 people per school * 4 schools = <<12*4=48>>48 people.
#### 48
2025-08-06 09:10:40,650 - INFO - 提取参考答案: 48
2025-08-06 09:10:40,650 - INFO - 生成答案: 

Step 1:First, read the problem and identify what we need to find. We need to find the total number of people sent by all schools.

Step 2:Next, set up equations and perform the calculations. Each sc...
2025-08-06 09:10:40,651 - INFO - 提取答案: 44
2025-08-06 09:10:40,652 - INFO - 投票统计: {'voting_method': 'majority', 'best_answer': '44', 'vote_count': 6, 'total_paths': 10, 'valid_paths': 10, 'confidence': 0.6, 'answer_distribution': {'20': 1, '44': 6, '48': 3}, 'selected_path_idx': 1}
2025-08-06 09:10:40,653 - INFO - ==================================================
2025-08-06 09:10:40,654 - INFO - 
==================================================
2025-08-06 09:10:40,655 - INFO - 样本 25: Tom decides to give his wife an anniversary getaway.  The plane tickets cost $5000 each.  The hotel ...
2025-08-06 09:10:40,656 - INFO - 参考答案: The hotel room is 1500*.2=$<<1500*.2=300>>300 more expensive per night than normal
So they paid 1500+300=$<<1500+300=1800>>1800 per night
That means she paid 1800*3=$<<1800*3=5400>>5400
The plane tickets cost 5000*2=$<<5000*2=10000>>10,000
So the total cost is 10,000+5400=$<<10000+5400=15400>>15,400
#### 15400
2025-08-06 09:10:40,657 - INFO - 提取参考答案: 15400
2025-08-06 09:10:40,658 - INFO - 生成答案: 

Step 1:First, read the problem and identify what we need to find. We need to find the total cost of the trip.

Step 2:Next, set up equations and perform the calculations. The normal price of the hot...
2025-08-06 09:10:40,659 - INFO - 提取答案: 16400
2025-08-06 09:10:40,659 - INFO - 投票统计: {'voting_method': 'majority', 'best_answer': '16400', 'vote_count': 9, 'total_paths': 10, 'valid_paths': 10, 'confidence': 0.9, 'answer_distribution': {'16400': 9, '14400': 1}, 'selected_path_idx': 0}
2025-08-06 09:10:40,660 - INFO - ==================================================
2025-08-06 09:10:40,661 - INFO - 
==================================================
2025-08-06 09:10:40,662 - INFO - 样本 27: A toy manufacturer receives an order for 400 toys. 5 workers are available to work on the order. 2 o...
2025-08-06 09:10:40,663 - INFO - 参考答案: In the first group of workers, each produces 6 toys * 10 hours = <<6*10=60>>60 toys over their shift.
This is a total of 60 toys * 2 workers = <<60*2=120>>120 toys.
In the second group of workers, each produces 4 toys * 10 hours = <<4*10=40>>40 toys over their shift.
This is a total of 40 toys * 2 workers = <<40*2=80>>80 toys.
Together, these two groups produce 120 + 80 = <<120+80=200>>200 toys.
If the order is still short, then all the workers combined have produced 400 ordered toys – 20 remaining toys = <<400-20=380>>380 toys.
This means the fifth worker produced 380 – 200 = <<380-200=180>>180 toys in total.
The fifth worker therefore produced 180 toys / 10 hours = <<180/10=18>>18 toys per hour.
#### 18
2025-08-06 09:10:40,664 - INFO - 提取参考答案: 18
2025-08-06 09:10:40,665 - INFO - 生成答案: 

Step 1:First, read the problem and identify what we need to find. We need to find the number of toys per hour that the fifth worker produces.

Step 2:Next, set up equations and perform the calculati...
2025-08-06 09:10:40,666 - INFO - 提取答案: 34
2025-08-06 09:10:40,667 - INFO - 投票统计: {'voting_method': 'majority', 'best_answer': '34', 'vote_count': 2, 'total_paths': 10, 'valid_paths': 10, 'confidence': 0.2, 'answer_distribution': {'34': 2, '38': 1, '5.6': 1, '72': 1, '18': 1, '2': 1, '36': 2, '26': 1}, 'selected_path_idx': 0}
2025-08-06 09:10:40,668 - INFO - ==================================================
2025-08-06 09:10:40,669 - INFO - 
==================================================
2025-08-06 09:10:40,670 - INFO - 样本 39: Marcy makes homemade candles that she markets as 99% guaranteed not to explode. 5% of the more dange...
2025-08-06 09:10:40,671 - INFO - 参考答案: First find what percentage of the candles explode: 100% - 99% = 1%
Then multiply the odds of the candles exploding by the odds of them smelling like wet dog to find the probability of both events happening: 1% * 5% = 0.05%
Then multiply that percentage by the number of candles to find the number of them that have both defects: 0.05% * 50000 candles = <<0.05*.01*50000=25>>25 candles
#### 25
2025-08-06 09:10:40,672 - INFO - 提取参考答案: 25
2025-08-06 09:10:40,672 - INFO - 生成答案: 

Step 1:First, read the problem and identify what we need to find. We need to find the number of candles that both smell like wet dog and explode.

Step 2:Next, set up equations and perform the calcu...
2025-08-06 09:10:40,673 - INFO - 提取答案: 2500
2025-08-06 09:10:40,674 - INFO - 投票统计: {'voting_method': 'majority', 'best_answer': '2500', 'vote_count': 3, 'total_paths': 10, 'valid_paths': 10, 'confidence': 0.3, 'answer_distribution': {'125': 2, '2500': 3, '500': 2, '0': 2, '2475': 1}, 'selected_path_idx': 1}
2025-08-06 09:10:40,675 - INFO - ==================================================
2025-08-06 09:10:40,676 - INFO - 
==================================================
2025-08-06 09:10:40,677 - INFO - 样本 43: Marin and his neighbor Nancy each eat 4 apples a day. How many apples do they eat in 30 days?...
2025-08-06 09:10:40,678 - INFO - 参考答案: In one day, Marin and Nancy eat 4 + 1 = <<4+1=5>>5 apples.
In 30 days, they eat 30 * 5 = <<30*5=150>>150 apples.
#### 150
2025-08-06 09:10:40,679 - INFO - 提取参考答案: 150
2025-08-06 09:10:40,680 - INFO - 生成答案: 

Step 1:First, read the problem and identify what we need to find. We need to find the total number of apples Marin and Nancy eat in 30 days.

Step 2:Next, set up equations and perform the calculatio...
2025-08-06 09:10:40,681 - INFO - 提取答案: 240
2025-08-06 09:10:40,682 - INFO - 投票统计: {'voting_method': 'majority', 'best_answer': '240', 'vote_count': 10, 'total_paths': 10, 'valid_paths': 10, 'confidence': 1.0, 'answer_distribution': {'240': 10}, 'selected_path_idx': 0}
2025-08-06 09:10:40,682 - INFO - ==================================================
2025-08-06 09:10:40,683 - INFO - 
==================================================
2025-08-06 09:10:40,684 - INFO - 样本 46: Lana is brewing cups of tea for her friends. She has 27 cups, and she divides these into 3 rows. In ...
2025-08-06 09:10:40,685 - INFO - 参考答案: If there are 15 cups of cinnamon tea, then there are a total of 27 – 15 = <<27-15=12>>12 cups of chamomile or mint tea.
As there are equal amounts of chamomile tea and mint tea, there is a total of 12 cups / 2 = <<12/2=6>>6 cups of mint tea.
Dividing these into rows shows that each row holds 6 / 3 = <<6/3=2>>2 cups of mint tea.
#### 2
2025-08-06 09:10:40,686 - INFO - 提取参考答案: 2
2025-08-06 09:10:40,687 - INFO - 生成答案: 

Step 1:First, read the problem and identify what we need to find. We need to find the number of cups of mint tea in each row.

Step 2:Next, set up equations and perform the calculations. Lana has 27...
2025-08-06 09:10:40,688 - INFO - 提取答案: 4
2025-08-06 09:10:40,689 - INFO - 投票统计: {'voting_method': 'majority', 'best_answer': '4', 'vote_count': 5, 'total_paths': 10, 'valid_paths': 10, 'confidence': 0.5, 'answer_distribution': {'4': 5, '3': 1, '2': 3, '4.5': 1}, 'selected_path_idx': 0}
2025-08-06 09:10:40,690 - INFO - ==================================================
2025-08-06 09:10:40,691 - INFO - 
==================================================
2025-08-06 09:10:40,691 - INFO - 样本 48: A teacher uses a 5-inch piece of chalk to write math equations on a chalkboard for his students. The...
2025-08-06 09:10:40,692 - INFO - 参考答案: The teacher uses 45% of his 5 inch stick of chalk on Monday, or 5 * .45 = <<5*.45=2.25>>2.25 inches.
He is left with 5 - 2.25 = <<5-2.25=2.75>>2.75 inches of chalk.
The next day he will use 20% of 2.75 inches, which is 2.75 * .2 = <<2.75*.2=.55>>.55 inches of chalk used.
That leaves him with 2.75 - .55 = <<2.75-.55=2.2>>2.2 inches of chalk.
The day after that, he will use 2.2 * .2 = <<2.2*.2=.44>>.44 inches of chalk.
That will leave him with 2.2 - .44 = <<2.2-.44=1.76>>1.76 inches of chalk.
Since 1.76 is less than 2 inches, he will recycle this stick in 2 days.
#### 2
2025-08-06 09:10:40,693 - INFO - 提取参考答案: 2
2025-08-06 09:10:40,694 - INFO - 生成答案: 

Step 1:First, read the problem and identify what we need to find. We need to find the number of days the teacher has before he has to recycle the chalk.

Step 2:Next, set up equations and perform th...
2025-08-06 09:10:40,695 - INFO - 提取答案: 3
2025-08-06 09:10:40,696 - INFO - 投票统计: {'voting_method': 'majority', 'best_answer': '3', 'vote_count': 6, 'total_paths': 10, 'valid_paths': 10, 'confidence': 0.6, 'answer_distribution': {'3': 6, '14': 2, '4': 1, '1': 1}, 'selected_path_idx': 0}
2025-08-06 09:10:40,697 - INFO - ==================================================
2025-08-06 09:10:40,698 - INFO - 
==================================================
2025-08-06 09:10:40,699 - INFO - 样本 49: Raymond and Samantha are cousins. Raymond was born 6 years before Samantha. Raymond had a son at the...
2025-08-06 09:10:40,700 - INFO - 参考答案: When Raymond's son was born Samantha was 23 - 6 = <<23-6=17>>17 years old.
Thus it has been 31 - 17 = <<31-17=14>>14 years since Raymond's son was born.
#### 14
2025-08-06 09:10:40,701 - INFO - 提取参考答案: 14
2025-08-06 09:10:40,702 - INFO - 生成答案: 

Step 1:First, read the problem and identify what we need to find. We need to find the number of years ago Raymond's son was born.

Step 2:Next, set up equations and perform the calculations. Since R...
2025-08-06 09:10:40,703 - INFO - 提取答案: 2
2025-08-06 09:10:40,703 - INFO - 投票统计: {'voting_method': 'majority', 'best_answer': '2', 'vote_count': 7, 'total_paths': 10, 'valid_paths': 10, 'confidence': 0.7, 'answer_distribution': {'4': 1, '2': 7, '8': 1, '7': 1}, 'selected_path_idx': 1}
2025-08-06 09:10:40,704 - INFO - ==================================================
2025-08-06 09:10:40,705 - INFO - 
==================================================
2025-08-06 09:10:40,706 - INFO - 样本 52: Jerome had 4 friends who came to visit him on a certain day. The first friend pressed on the doorbel...
2025-08-06 09:10:40,707 - INFO - 参考答案: The second friend pressed on the doorbell 1/4 times more than Jerome's first friend, a total of 1/4*20=<<1/4*20=5>>5 times.
Jerome's second friend pressed on the doorbell 20+5=<<20+5=25>>25
The first two friends pressed on the doorbell 25+20=<<25+20=45>>45 times altogether before Jerome could open the door.
Jerome's third friend pressed on the doorbell 60+10=<<60+10=70>>70 times before Jerome could open the door.
Altogether, Jerome's third and fourth friends pressed on the doorbell 70+60=<<70+60=130>>130 times before Jerome could open.
The number of doorbell rings that Jerome's friend made before Jerome could open the door is 130+45=<<130+45=175>>175 times.
#### 175
2025-08-06 09:10:40,708 - INFO - 提取参考答案: 175
2025-08-06 09:10:40,709 - INFO - 生成答案: 

Step 1:First, read the problem and identify what we need to find. We need to find the total number of doorbell rings.

Step 2:Next, set up equations and perform the calculations. The fourth friend p...
2025-08-06 09:10:40,710 - INFO - 提取答案: 185
2025-08-06 09:10:40,711 - INFO - 投票统计: {'voting_method': 'majority', 'best_answer': '185', 'vote_count': 4, 'total_paths': 10, 'valid_paths': 10, 'confidence': 0.4, 'answer_distribution': {'185': 4, '175': 1, '695': 1, '155': 1, '115': 1, '165': 1, '605': 1}, 'selected_path_idx': 0}
2025-08-06 09:10:40,712 - INFO - ==================================================
2025-08-06 09:10:40,713 - INFO - 
==================================================
2025-08-06 09:10:40,713 - INFO - 样本 55: John decides to buy new phones for him, his 2 kids, and his wife.  Each phone after the first 2 is h...
2025-08-06 09:10:40,714 - INFO - 参考答案: He bought 1+2+1=<<1+2+1=4>>4 phones
2 of the phones cost 600 so their cost is 2*600=$<<2*600=1200>>1200
The other two phones cost 600/2=$<<600/2=300>>300
So they cost 300*2=$<<300*2=600>>600
So the total cost is 1200+600=$<<1200+600=1800>>1800
#### 1800
2025-08-06 09:10:40,715 - INFO - 提取参考答案: 1800
2025-08-06 09:10:40,716 - INFO - 生成答案: 

Step 1:First, read the problem and identify what we need to find. We need to find the total amount John paid for the phones.

Step 2:Next, set up equations and perform the calculations. The first ph...
2025-08-06 09:10:40,717 - INFO - 提取答案: 1162.50
2025-08-06 09:10:40,718 - INFO - 投票统计: {'voting_method': 'majority', 'best_answer': '1162.50', 'vote_count': 3, 'total_paths': 10, 'valid_paths': 10, 'confidence': 0.3, 'answer_distribution': {'1162.50': 3, '1500': 1, '1125': 1, '2100': 3, '1800': 2}, 'selected_path_idx': 0}
2025-08-06 09:10:40,719 - INFO - ==================================================
2025-08-06 09:10:40,720 - INFO - 
==================================================
2025-08-06 09:10:40,721 - INFO - 样本 59: Finley took part in a 100-meter race.  She started off in first, but then fell back 5 spots.  She th...
2025-08-06 09:10:40,722 - INFO - 参考答案: Finley started off at 1st place but then lost 5 spots, which translates to 1+5= <<1+5=6>>6th place
She then moved ahead two spots, which is expressed as 6-2=<<6-2=4>>4th place
She then fell behind by 3 spots, which is expressed as 4+3=<<4+3=7>>7th place
She finished the race moving ahead 1 spot, which is expressed as 7-1=<<7-1=6>>6th place
#### 6
2025-08-06 09:10:40,723 - INFO - 提取参考答案: 6
2025-08-06 09:10:40,724 - INFO - 生成答案: 

Step 1:First, read the problem and identify what we need to find. We need to find the place where Finley finished in the race.

Step 2:Next, set up equations and perform the calculations. Finley sta...
2025-08-06 09:10:40,725 - INFO - 提取答案: 8
2025-08-06 09:10:40,726 - INFO - 投票统计: {'voting_method': 'majority', 'best_answer': '8', 'vote_count': 4, 'total_paths': 10, 'valid_paths': 10, 'confidence': 0.4, 'answer_distribution': {'8': 4, '12': 1, '6': 4, '7': 1}, 'selected_path_idx': 0}
2025-08-06 09:10:40,727 - INFO - ==================================================
2025-08-06 09:10:40,728 - INFO - 
==================================================
2025-08-06 09:10:40,728 - INFO - 样本 75: Each sleeve of graham crackers makes the base for 8 large smores.  There are 3 sleeves in a box.  If...
2025-08-06 09:10:40,729 - INFO - 参考答案: Each sleeve makes 8 smores and there are 3 sleeves in a box so a box can make 8*3 = <<8*3=24>>24 smores
There are 9 kids who will eat 2 smores a piece so they will eat 9*2 = <<9*2=18>>18 smores
There are 6 adults who will eat 1 smore a piece so they will eat 6*1 = <<6*1=6>>6 smores
Together the kids will eat 18 and the adults will eat 6 so 18+6 = <<18+6=24>>24 smores
Each box makes 24 smores and together the kids and adults will eat 24 s'mores so they will need 24/24 = <<24/24=1>>1 box of graham crackers
#### 1
2025-08-06 09:10:40,730 - INFO - 提取参考答案: 1
2025-08-06 09:10:40,731 - INFO - 生成答案: 

Step 1:First, read the problem and identify what we need to find. We need to find the number of boxes of graham crackers that will be needed.

Step 2:Next, set up equations and perform the calculati...
2025-08-06 09:10:40,732 - INFO - 提取答案: 2
2025-08-06 09:10:40,733 - INFO - 投票统计: {'voting_method': 'majority', 'best_answer': '2', 'vote_count': 3, 'total_paths': 10, 'valid_paths': 10, 'confidence': 0.3, 'answer_distribution': {'2': 3, '1': 2, '4': 1, '3': 3, '5': 1}, 'selected_path_idx': 0}
2025-08-06 09:10:40,734 - INFO - ==================================================
2025-08-06 09:10:40,735 - INFO - 
==================================================
2025-08-06 09:10:40,736 - INFO - 样本 76: Rose bought five dozens of eggs for $2.40 a dozen. She will sell it for $1 for 3 eggs. How much will...
2025-08-06 09:10:40,737 - INFO - 参考答案: Rose bought five dozens of eggs for $2.40 x 5 = $<<2.40*5=12>>12.
Five dozens of eggs is equal to 12 x 5 = <<12*5=60>>60 eggs.
So there are 60/3 = <<60/3=20>>20 sets of 3 eggs that Rose will sell.
Thus, the total earnings of Rose for selling the eggs are $1 x 20 = $<<20=20>>20.
Therefore, her profit will be $20 - $12 = $<<20-12=8>>8.
#### 8
2025-08-06 09:10:40,738 - INFO - 提取参考答案: 8
2025-08-06 09:10:40,739 - INFO - 生成答案: 

Step 1:First, read the problem and identify what we need to find. We need to find Rose's profit.

Step 2:Next, set up equations and perform the calculations. Rose bought 5 dozens of eggs, which is e...
2025-08-06 09:10:40,740 - INFO - 提取答案: 48
2025-08-06 09:10:40,740 - INFO - 投票统计: {'voting_method': 'majority', 'best_answer': '48', 'vote_count': 8, 'total_paths': 10, 'valid_paths': 10, 'confidence': 0.8, 'answer_distribution': {'48': 8, '8': 1, '-124': 1}, 'selected_path_idx': 0}
2025-08-06 09:10:40,741 - INFO - ==================================================
2025-08-06 09:10:40,742 - INFO - 
==================================================
2025-08-06 09:10:40,743 - INFO - 样本 81: Elise has been selling her Dad's collection of 250 books for three years. Each book sells at 20$, an...
2025-08-06 09:10:40,744 - INFO - 参考答案: If her sales in the current year are 45, she sold 45*2 = <<45*2=90>>90 books in the first year.
The total number of books sold in the first and current year is 90+45 = <<90+45=135>>135.
The total number of books sold in the second year is 250 of the original number of books - 135 sold books - 50 unsold books = <<250-135-50=65>>65 books.
If each book sells at 20$, then she earned 20*65 = $<<20*65=1300>>1300 in the second year
#### 1300
2025-08-06 09:10:40,745 - INFO - 提取参考答案: 1300
2025-08-06 09:10:40,746 - INFO - 生成答案: 

Step 1:First, read the problem and identify what we need to find. We need to find the total amount of money Elise earned in the second year.

Step 2:Next, set up equations and perform the calculatio...
2025-08-06 09:10:40,747 - INFO - 提取答案: 1600
2025-08-06 09:10:40,748 - INFO - 投票统计: {'voting_method': 'majority', 'best_answer': '1600', 'vote_count': 2, 'total_paths': 10, 'valid_paths': 10, 'confidence': 0.2, 'answer_distribution': {'1900': 1, '1333.33': 1, '1900/3': 1, '200/3': 1, '1600': 2, '1300': 1, '1000': 1, '1320': 2}, 'selected_path_idx': 4}
2025-08-06 09:10:40,749 - INFO - ==================================================
2025-08-06 09:10:40,750 - INFO - 
==================================================
2025-08-06 09:10:40,751 - INFO - 样本 86: The vending machines sell chips for 40 cents and candy bars for 75 cents. George spent $5 and got 3 ...
2025-08-06 09:10:40,751 - INFO - 参考答案: George got $.05 in change because 5 x .01 = <<5*.01=.05>>.05
George spent $4.95 because 5 - .05 = <<5-.05=4.95>>4.95
George spent $1.2 on chips because 3 x .4 = <<3*.4=1.2>>1.2
George spent 3.75 on candy bars because 4.95 - 1.2 = <<4.95-1.2=3.75>>3.75
George bought 5 candy bars because 3.75 / .75 = <<5=5>>5
#### 5
2025-08-06 09:10:40,753 - INFO - 提取参考答案: 5
2025-08-06 09:10:40,753 - INFO - 生成答案: 

Step 1:First, read the problem and identify what we need to find. We need to find the number of candy bars George bought.

Step 2:Next, set up equations and perform the calculations. Since George sp...
2025-08-06 09:10:40,754 - INFO - 提取答案: 6
2025-08-06 09:10:40,755 - INFO - 投票统计: {'voting_method': 'majority', 'best_answer': '6', 'vote_count': 3, 'total_paths': 10, 'valid_paths': 10, 'confidence': 0.3, 'answer_distribution': {'6': 3, '154': 1, '5': 3, '0': 1, '1': 1, '2': 1}, 'selected_path_idx': 0}
2025-08-06 09:10:40,756 - INFO - ==================================================
2025-08-06 09:10:40,757 - INFO - 
==================================================
2025-08-06 09:10:40,758 - INFO - 样本 87: The local firefighters are doing a “fill the boot” fundraiser. Their goal is to raise $6300. After t...
2025-08-06 09:10:40,759 - INFO - 参考答案: The fireman raise 2100 / 3 = $<<2100/3=700>>700 per hour.
They have to fundraise for 6300 / 700 = <<6300/700=9>>9 hours.
#### 9
2025-08-06 09:10:40,760 - INFO - 提取参考答案: 9
2025-08-06 09:10:40,761 - INFO - 生成答案: 

Step 1:First, read the problem and identify what we need to find. We need to find the total number of hours the firefighters need to fundraise to reach their goal.

Step 2:Next, set up equations and...
2025-08-06 09:10:40,762 - INFO - 提取答案: 6
2025-08-06 09:10:40,762 - INFO - 投票统计: {'voting_method': 'majority', 'best_answer': '6', 'vote_count': 4, 'total_paths': 10, 'valid_paths': 10, 'confidence': 0.4, 'answer_distribution': {'6': 4, '1400': 2, '21': 1, '4': 1, '2': 1, '9': 1}, 'selected_path_idx': 0}
2025-08-06 09:10:40,763 - INFO - ==================================================
2025-08-06 09:10:40,764 - INFO - 
==================================================
2025-08-06 09:10:40,765 - INFO - 样本 95: There is one set of twins and one set of triplets. One twin is 7 years older than one triplet. If th...
2025-08-06 09:10:40,766 - INFO - 参考答案: Let T = age of triplet
Twin's age = T + <<+7=7>>7
Twin's combined age = 2 * (T + 7)
Triplet's combined age = <<3=3>>3T
2 * (T + 7) + 3T = 44
2T + 14 + 3T = 44
5T + 14 = 44
5T = 30
T = <<6=6>>6
Twin = 6 + 7 = <<6+7=13>>13
The twins are each <<13=13>>13 years old.
#### 13
2025-08-06 09:10:40,767 - INFO - 提取参考答案: 13
2025-08-06 09:10:40,768 - INFO - 生成答案: 

Step 1:First, read the problem and identify what we need to find. We need to find the age of one of the twins.

Step 2:Next, set up equations and perform the calculations. Let's denote the age of on...
2025-08-06 09:10:40,769 - INFO - 提取答案: 14.5
2025-08-06 09:10:40,770 - INFO - 投票统计: {'voting_method': 'majority', 'best_answer': '14.5', 'vote_count': 1, 'total_paths': 10, 'valid_paths': 10, 'confidence': 0.1, 'answer_distribution': {'14.5': 1, '16.25': 1, '16.75': 1, '4.6': 1, '25': 1, '8': 1, '18': 1, '11': 1, '11.33': 1, '44': 1}, 'selected_path_idx': 0}
2025-08-06 09:10:40,771 - INFO - ==================================================
2025-08-06 09:10:40,772 - INFO - 
==================================================
2025-08-06 09:10:40,773 - INFO - 样本 98: One meatball sub sandwich contains 4 meatballs.  Sidney ordered 3 less than ten meatball sub sandwic...
2025-08-06 09:10:40,773 - INFO - 参考答案: 3 less than ten meatball sub sandwiches is 10-3=<<10-3=7>>7 sub sandwiches.
After Mark ate 4 of Sidney's meatball sub sandwiches, 7-4=<<7-4=3>>3 remained.
Finally, after Sidney ordered three more sub sandwiches, there were a total of 3+3=<<3+3=6>>6 sub sandwiches.
If each sub sandwich has 4 meatballs, then the remaining sub sandwiches contain a total of 6*4=<<6*4=24>>24 meatballs.
#### 24
2025-08-06 09:10:40,774 - INFO - 提取参考答案: 24
2025-08-06 09:10:40,775 - INFO - 生成答案: 

Step 1:First, read the problem and identify what we need to find. We need to find the number of meatballs in the sub sandwiches that remained.

Step 2:Next, set up equations and perform the calculat...
2025-08-06 09:10:40,776 - INFO - 提取答案: 12
2025-08-06 09:10:40,777 - INFO - 投票统计: {'voting_method': 'majority', 'best_answer': '12', 'vote_count': 9, 'total_paths': 10, 'valid_paths': 10, 'confidence': 0.9, 'answer_distribution': {'12': 9, '24': 1}, 'selected_path_idx': 0}
2025-08-06 09:10:40,778 - INFO - ==================================================
2025-08-06 09:10:40,779 - INFO - 
==================================================
2025-08-06 09:10:40,780 - INFO - 样本 106: Sally went to the seashore for vacation.  Her parents gave her $10 to buy whatever she wanted.  At t...
2025-08-06 09:10:40,781 - INFO - 参考答案: Taffy is buying 1 pound for $3 and gets 1 pound half off. So 1/2 off of 1 pound is $3/2 = $1.50+$3.00=$4.50
4 magnets at $0.25 each is 4*.25=$<<4*0.25=1.00>>1.00
When you add all her purchases, $4.50+$1.50+$1.00 = $<<4.5+1.5+1=7.00>>7.00
She had $10 and spent $7 so she had $10-$7 = $<<10-7=3.00>>3.00 left over
#### 3
2025-08-06 09:10:40,782 - INFO - 提取参考答案: 3
2025-08-06 09:10:40,783 - INFO - 生成答案: 

Step 1:First, read the problem and identify what we need to find. We need to find out how much money Sally has left.

Step 2:Next, set up equations and perform the calculations. Sally bought 2 pound...
2025-08-06 09:10:40,784 - INFO - 提取答案: 1.50
2025-08-06 09:10:40,785 - INFO - 投票统计: {'voting_method': 'majority', 'best_answer': '1.50', 'vote_count': 4, 'total_paths': 10, 'valid_paths': 10, 'confidence': 0.4, 'answer_distribution': {'1.50': 4, '4': 1, '3': 2, '3.50': 1, '-1.50': 1, '0': 1}, 'selected_path_idx': 0}
2025-08-06 09:10:40,786 - INFO - ==================================================
2025-08-06 09:10:40,787 - INFO - 
==================================================
2025-08-06 09:10:40,787 - INFO - 样本 108: Ophelia and Jenna are living in the same apartment building. They each have 2 fewer sofas than chair...
2025-08-06 09:10:40,788 - INFO - 参考答案: If Ophelia has 20 sofas and 2 fewer sofas than chairs, she has 20+2 = <<20+2=22>>22 chairs.
Jenna has 3 times as many chairs as Ophelia, a total of 3*22 = <<3*22=66>>66 chairs
The total number of chairs Ophelia and Jenna have is 66+22 = <<66+22=88>>88
Since Jenna also has 2 fewer sofas than chairs, the total number of sofas she has is 66-2 = <<66-2=64>>64 sofas.
The total number of sofas Ophelia and Jenna have is 64+20 = <<64+20=84>>84 sofas
Together, they have 84 sofas+88 chairs = <<84+88=172>>172
#### 172
2025-08-06 09:10:40,789 - INFO - 提取参考答案: 172
2025-08-06 09:10:40,790 - INFO - 生成答案: 

Step 1:First, read the problem and identify what we need to find. We need to find the total number of sofas and chairs that Ophelia and Jenna have.

Step 2:Next, set up equations and perform the cal...
2025-08-06 09:10:40,791 - INFO - 提取答案: 108
2025-08-06 09:10:40,792 - INFO - 投票统计: {'voting_method': 'majority', 'best_answer': '108', 'vote_count': 6, 'total_paths': 10, 'valid_paths': 10, 'confidence': 0.6, 'answer_distribution': {'108': 6, '104': 1, '172': 1, '146': 1, '168': 1}, 'selected_path_idx': 0}
2025-08-06 09:10:40,793 - INFO - ==================================================
2025-08-06 09:10:40,794 - INFO - 
==================================================
2025-08-06 09:10:40,795 - INFO - 样本 110: Janet goes to the mall and spends $3.50 on ice cream, $7.50 each for movie tickets for herself and h...
2025-08-06 09:10:40,796 - INFO - 参考答案: First calculate the cost of the movie tickets by multiplying the price per ticket by 2: $7.50 * 2 = $<<7.5*2=15.00>>15.00
Then add up all the money Janet spent: $3.50 + $15.00 + $8.50 = $<<3.5+15+8.5=27.00>>27.00
Now subtract Janet's spending from the initial amount of money she had: $40.00 - $27.00 = $<<40-27=13.00>>13.00
#### 13
2025-08-06 09:10:40,797 - INFO - 提取参考答案: 13
2025-08-06 09:10:40,798 - INFO - 生成答案: 

Step 1:First, read the problem and identify what we need to find. We need to find the amount of money Janet has left.

Step 2:Next, set up equations and perform the calculations. Janet spent $3.50 o...
2025-08-06 09:10:40,799 - INFO - 提取答案: 13.50
2025-08-06 09:10:40,799 - INFO - 投票统计: {'voting_method': 'majority', 'best_answer': '13.50', 'vote_count': 7, 'total_paths': 10, 'valid_paths': 10, 'confidence': 0.7, 'answer_distribution': {'12': 2, '13.50': 7, '20.50': 1}, 'selected_path_idx': 1}
2025-08-06 09:10:40,800 - INFO - ==================================================
2025-08-06 09:10:40,801 - INFO - 
==================================================
2025-08-06 09:10:40,802 - INFO - 样本 112: After scoring 14 points, Erin now has three times more points than Sara, who scored 8. How many poin...
2025-08-06 09:10:40,803 - INFO - 参考答案: Erin now has three times more points than Sara, which is 3*8= <<3*8=24>>24 more points than Sara.
This means Erin has a total of 8+24 = <<8+24=32>>32 points now.
Before, Erin had 32-14= <<32-14=18>>18 points
#### 18
2025-08-06 09:10:40,804 - INFO - 提取参考答案: 18
2025-08-06 09:10:40,805 - INFO - 生成答案: 

Step 1:First, read the problem and identify what we need to find. We need to find the number of points Erin had before scoring 14 points.

Step 2:Next, set up equations and perform the calculations....
2025-08-06 09:10:40,806 - INFO - 提取答案: 10
2025-08-06 09:10:40,807 - INFO - 投票统计: {'voting_method': 'majority', 'best_answer': '10', 'vote_count': 7, 'total_paths': 10, 'valid_paths': 10, 'confidence': 0.7, 'answer_distribution': {'10': 7, '22': 1, '8': 1, '48': 1}, 'selected_path_idx': 0}
2025-08-06 09:10:40,808 - INFO - ==================================================
2025-08-06 09:10:40,809 - INFO - 
==================================================
2025-08-06 09:10:40,809 - INFO - 样本 113: Colby loves going to the movies and every month his parents give him $150 to spend at the movies. Ti...
2025-08-06 09:10:40,810 - INFO - 参考答案: He has spent $50 on Fri/Sat movies because 5 x 10 = <<50=50>>50
He has spent $56 on movies the rest of the day because 8 x 7 = <<8*7=56>>56
He has spent $16 on popcorn because 2 x 8 = <<16=16>>16
He has spent $8 on candy because 4 x 2 = <<4*2=8>>8
He has spent 130 in total because 50 + 56 + 16 + 8 = <<50+56+16+8=130>>130
He plans to spend $10 on popcorn and candy because 8 + 2 = <<8+2=10>>10
He has $10 left to spend because 150 - 130 - 10 = <<150-130-10=10>>10
He can see 1 movie because 10 / 10 = <<10/10=1>>1
#### 1
2025-08-06 09:10:40,811 - INFO - 提取参考答案: 1
2025-08-06 09:10:40,812 - INFO - 生成答案: 

Step 1:First, read the problem and identify what we need to find. We need to find the number of movies Colby can see.

Step 2:Next, set up equations and perform the calculations. Colby's monthly all...
2025-08-06 09:10:40,813 - INFO - 提取答案: 2
2025-08-06 09:10:40,814 - INFO - 投票统计: {'voting_method': 'majority', 'best_answer': '2', 'vote_count': 3, 'total_paths': 10, 'valid_paths': 10, 'confidence': 0.3, 'answer_distribution': {'12': 1, '2': 3, '17': 1, '1': 3, '3': 1, '11': 1}, 'selected_path_idx': 1}
2025-08-06 09:10:40,815 - INFO - ==================================================
2025-08-06 09:10:40,816 - INFO - 
==================================================
2025-08-06 09:10:40,817 - INFO - 样本 122: In a school activity, fifty-four students are to be separated into six groups of equal size. If the ...
2025-08-06 09:10:40,818 - INFO - 参考答案: There are 54/6 = <<54/6=9>>9 groups formed from the 54 students.
So, 12 - 9 = <<12-9=3>>3 groups more are needed to form.
#### 3
2025-08-06 09:10:40,819 - INFO - 提取参考答案: 3
2025-08-06 09:10:40,820 - INFO - 生成答案: 

Step 1:First, read the problem and identify what we need to find. We need to find the number of groups needed to form.

Step 2:Next, set up equations and perform the calculations. Since there are 54...
2025-08-06 09:10:40,820 - INFO - 提取答案: 0
2025-08-06 09:10:40,821 - INFO - 投票统计: {'voting_method': 'majority', 'best_answer': '0', 'vote_count': 3, 'total_paths': 10, 'valid_paths': 10, 'confidence': 0.3, 'answer_distribution': {'1': 2, '0': 3, '6': 3, '2': 1, '3': 1}, 'selected_path_idx': 1}
2025-08-06 09:10:40,822 - INFO - ==================================================
2025-08-06 09:10:40,823 - INFO - 
==================================================
2025-08-06 09:10:40,824 - INFO - 样本 125: Rose is out picking flowers for a vase she wants to fill.  She starts off by picking 3 flowers with ...
2025-08-06 09:10:40,825 - INFO - 参考答案: Rose picks 3*5=<<3*5=15>>15 petals worth of the 5 petal flowers.
Rose then picks 4*6=<<4*6=24>>24 petals worth of the 6 petal flowers.
Rose then picks 5*4=<<5*4=20>>20 petals worth of the 4 petal flowers.
Finally, Rose picks 6*7=<<6*7=42>>42 petals worth of the 7 petal flowers.
Rose carries 15+24+20+42=<<15+24+20+42=101>>101 petals worth of flowers back to the vase.
But the wind blows 5+6+4+7=<<5+6+4+7=22>>22 petals worth of flowers away.
So Rose has 101-22=<<101-22=79>>79 petals worth remaining
#### 79
2025-08-06 09:10:40,826 - INFO - 提取参考答案: 79
2025-08-06 09:10:40,827 - INFO - 生成答案: 

Step 1:First, read the problem and identify what we need to find. We need to find the total number of petals in the vase.

Step 2:Next, set up equations and perform the calculations. The total numbe...
2025-08-06 09:10:40,828 - INFO - 提取答案: 83
2025-08-06 09:10:40,829 - INFO - 投票统计: {'voting_method': 'majority', 'best_answer': '83', 'vote_count': 4, 'total_paths': 10, 'valid_paths': 10, 'confidence': 0.4, 'answer_distribution': {'83': 4, '101': 3, '79': 2, '96': 1}, 'selected_path_idx': 0}
2025-08-06 09:10:40,830 - INFO - ==================================================
2025-08-06 09:10:40,831 - INFO - 
==================================================
2025-08-06 09:10:40,831 - INFO - 样本 133: A food caterer was told to prepare gourmet hot dogs for 36 guests. While most people would only eat ...
2025-08-06 09:10:40,832 - INFO - 参考答案: The food caterer prepared an additional 36/2 = <<36/2=18>>18 hot dogs.
Altogether, he prepared 36 + 18 = <<36+18=54>>54 hotdogs.
If 40 people wanted seconds, he would have needed 40 x 2 = <<40*2=80>>80 hot dogs.
80 - 54 = <<80-54=26>>26 people did not get second hotdogs.
#### 26
2025-08-06 09:10:40,833 - INFO - 提取参考答案: 26
2025-08-06 09:10:40,834 - INFO - 生成答案: 

Step 1:First, read the problem and identify what we need to find. We need to find the number of guests who did not get a second hotdog.

Step 2:Next, set up equations and perform the calculations. T...
2025-08-06 09:10:40,835 - INFO - 提取答案: 22
2025-08-06 09:10:40,836 - INFO - 投票统计: {'voting_method': 'majority', 'best_answer': '22', 'vote_count': 4, 'total_paths': 10, 'valid_paths': 10, 'confidence': 0.4, 'answer_distribution': {'22': 4, '4': 3, '14': 1, '26': 1, '13': 1}, 'selected_path_idx': 0}
2025-08-06 09:10:40,837 - INFO - ==================================================
2025-08-06 09:10:40,838 - INFO - 
==================================================
2025-08-06 09:10:40,839 - INFO - 样本 137: Charlie wants to sell beeswax candles.  For every pound of beeswax, he can make 10 tapered candles. ...
2025-08-06 09:10:40,840 - INFO - 参考答案: 1 pound of beeswax and the wick make 10 candles and he wants to make 20 candles so he needs 20/10 = <<20/10=2>>2 pounds of beeswax
1 pound of beeswax costs $10.00 and he needs 2 pounds so his supplies will cost 10*2 = $<<10*2=20.00>>20.00
He wants to sell each candle for $2.00 each and he's selling 20 candles so that's 2*20 = $<<2*20=40.00>>40.00
If he makes $40.00 selling candles and his supplies cost $20.00 then his net profit is 40-20 = $<<40-20=20.00>>20.00
#### 20
2025-08-06 09:10:40,841 - INFO - 提取参考答案: 20
2025-08-06 09:10:40,842 - INFO - 生成答案: 

Step 1:First, read the problem and identify what we need to find. We need to find Charlie's net profit if he makes and sells 20 candles.

Step 2:Next, set up equations and perform the calculations. ...
2025-08-06 09:10:40,843 - INFO - 提取答案: -160
2025-08-06 09:10:40,843 - INFO - 投票统计: {'voting_method': 'majority', 'best_answer': '-160', 'vote_count': 5, 'total_paths': 10, 'valid_paths': 10, 'confidence': 0.5, 'answer_distribution': {'20': 3, '-160': 5, '30': 2}, 'selected_path_idx': 1}
2025-08-06 09:10:40,844 - INFO - ==================================================
2025-08-06 09:10:40,845 - INFO - 
==================================================
2025-08-06 09:10:40,846 - INFO - 样本 143: Wayne and Bernadette are movie stars heading to the premiere of their latest film. Bernadette wants ...
2025-08-06 09:10:40,847 - INFO - 参考答案: Bernadette takes 4 * 4 = <<4*4=16>>16 minutes to get to the theater.
Her ride takes 16 - 4 = <<16-4=12>>12 minutes longer than Wayne’s to get to the theater.
Thus, she should leave 12 + 5 = <<12+5=17>>17 minutes before Wayne to get to the theater 5 minutes sooner than he does.
#### 17
2025-08-06 09:10:40,848 - INFO - 提取参考答案: 17
2025-08-06 09:10:40,849 - INFO - 生成答案: 

Step 1:First, read the problem and identify what we need to find. We need to find the difference in the time that Bernadette and Wayne should leave to arrive at the theater first.

Step 2:Next, set ...
2025-08-06 09:10:40,850 - INFO - 提取答案: 21
2025-08-06 09:10:40,851 - INFO - 投票统计: {'voting_method': 'majority', 'best_answer': '21', 'vote_count': 5, 'total_paths': 10, 'valid_paths': 10, 'confidence': 0.5, 'answer_distribution': {'17': 2, '21': 5, '7': 1, '3': 1, '12': 1}, 'selected_path_idx': 1}
2025-08-06 09:10:40,852 - INFO - ==================================================
2025-08-06 09:10:40,853 - INFO - 
==================================================
2025-08-06 09:10:40,854 - INFO - 样本 155: Mary is making ice cubes with fruit frozen in them for a cocktail party. She makes some strawberry c...
2025-08-06 09:10:40,855 - INFO - 参考答案: Let s be the number of strawberry cubes and b be the number of blueberry cubes. We know that b = 5s - 4 and s + b = 116.
Substituting the first equation into the second, we get s + 5s - 4 = 116.
Combining like terms, we get 6s - 4 = 116
Adding 4 to both sides, we get 6s = 120
Dividing both sides by 6, we get s = 20
Substituting this value back into the equation b = 5s - 4, we get b = 96
#### 96
2025-08-06 09:10:40,856 - INFO - 提取参考答案: 96
2025-08-06 09:10:40,856 - INFO - 生成答案: 

Step 1:First, read the problem and identify what we need to find. We need to find the number of blueberry cubes Mary makes.

Step 2:Next, set up equations and perform the calculations. Let x be the ...
2025-08-06 09:10:40,857 - INFO - 提取答案: 92
2025-08-06 09:10:40,858 - INFO - 投票统计: {'voting_method': 'majority', 'best_answer': '92', 'vote_count': 6, 'total_paths': 10, 'valid_paths': 10, 'confidence': 0.6, 'answer_distribution': {'92': 6, '96': 4}, 'selected_path_idx': 0}
2025-08-06 09:10:40,859 - INFO - ==================================================
2025-08-06 09:10:40,860 - INFO - 
==================================================
2025-08-06 09:10:40,861 - INFO - 样本 156: A family of 6 (2 adults and 4 kids) are to divide a watermelon such that each adult gets a slice tha...
2025-08-06 09:10:40,862 - INFO - 参考答案: Let x be the percentage of watermelon that each adult gets.
Since each kid gets half of what each adult gets, each kid gets x/2 percent of the watermelon
So the watermelon gets split into 2*x and 4*(x/2) parts by percentage
The percentages have to sum up to 100 so 2x+2x = 100 (after simplification)
x = 100/4 = <<100/4=25>>25, which means each adult gets 25% of the watermelon.
#### 25
2025-08-06 09:10:40,863 - INFO - 提取参考答案: 25
2025-08-06 09:10:40,864 - INFO - 生成答案: 

Step 1:First, read the problem and identify what we need to find. We need to find the percentage of the watermelon that each adult gets.

Step 2:Next, set up equations and perform the calculations. ...
2025-08-06 09:10:40,865 - INFO - 提取答案: 33.33
2025-08-06 09:10:40,865 - INFO - 投票统计: {'voting_method': 'majority', 'best_answer': '33.33', 'vote_count': 3, 'total_paths': 10, 'valid_paths': 10, 'confidence': 0.3, 'answer_distribution': {'66.67': 2, '33.33': 3, '133.33': 1, '100': 1, '80': 1, '150': 1, '25': 1}, 'selected_path_idx': 1}
2025-08-06 09:10:40,866 - INFO - ==================================================
2025-08-06 09:10:40,867 - INFO - 
==================================================
2025-08-06 09:10:40,868 - INFO - 样本 157: Peter has twice as many socks as Jack and half times as many dishes as jack. Jack collected twice as...
2025-08-06 09:10:40,869 - INFO - 参考答案: Since Jack collected twice as many dishes as socks, he has 60/2 = <<60/2=30>>30 socks.
In total, he has 30+60 = <<30+60=90>>90 socks and dishes.
Peter has twice as many socks as jack which totals 2*30 = <<2*30=60>>60 socks.
He also has half times as many dishes as Jack which is 1/2*60 = 30 dishes.
In total, he has 60+30 = <<60+30=90>>90 socks and dishes.
The total number of socks and dishes they both have is 90+90 = <<90+90=180>>180
#### 180
2025-08-06 09:10:40,870 - INFO - 提取参考答案: 180
2025-08-06 09:10:40,871 - INFO - 生成答案: 

Step 1:First, read the problem and identify what we need to find. We need to find the total number of socks and dishes that Peter and Jack have together.

Step 2:Next, set up equations and perform t...
2025-08-06 09:10:40,872 - INFO - 提取答案: 120
2025-08-06 09:10:40,873 - INFO - 投票统计: {'voting_method': 'majority', 'best_answer': '120', 'vote_count': 6, 'total_paths': 10, 'valid_paths': 10, 'confidence': 0.6, 'answer_distribution': {'120': 6, '180': 3, '450': 1}, 'selected_path_idx': 0}
2025-08-06 09:10:40,874 - INFO - ==================================================
2025-08-06 09:10:40,875 - INFO - 
==================================================
2025-08-06 09:10:40,876 - INFO - 样本 173: A company's HR hires 20 new employees every month to add to its total workforce. If the company's in...
2025-08-06 09:10:40,877 - INFO - 参考答案: If each month the company hire 20 new employees, the total number of employees in the company in the first month is 200 employees + 20 employees = <<200+20=220>>220 employees
If each employee is paid $4000 per month, the total amount of money paid by the employee to its workers in the first month is 220 employees * $4000/employee = $<<220*4000=880000>>880000
In the second month, 20 more workers are hired, bringing the total number of employees to 220 employees + 20 employees = 240 employees
The company pays a total of 240 employees * $4000/employee = $<<240*4000=960000>>960000 in wages for its employees in the second month.
When an additional 20 workers are hired in the third month, the total number of workers become 240 employees + 20 employees = <<240+20=260>>260 employees
In total, the company 260 employees * $4000/employee = $<<260*4000=1040000>>1040000 in wages on the third month.
The total amount of money the company pays to all its employees in the three months is $1040000 + $960000 + $880000 = <<1040000+960000+880000=2880000>>2880000
#### 2880000
2025-08-06 09:10:40,878 - INFO - 提取参考答案: 2880000
2025-08-06 09:10:40,879 - INFO - 生成答案: 

Step 1:First, read the problem and identify what we need to find. We need to find the total amount of money the company pays to its employees after three months.

Step 2:Next, set up equations and p...
2025-08-06 09:10:40,880 - INFO - 提取答案: 1040000
2025-08-06 09:10:40,880 - INFO - 投票统计: {'voting_method': 'majority', 'best_answer': '1040000', 'vote_count': 9, 'total_paths': 10, 'valid_paths': 10, 'confidence': 0.9, 'answer_distribution': {'1040000': 9, '3120000': 1}, 'selected_path_idx': 0}
2025-08-06 09:10:40,881 - INFO - ==================================================
2025-08-06 09:10:40,882 - INFO - 
==================================================
2025-08-06 09:10:40,883 - INFO - 样本 194: James gets 10 new CDs.  Each CD cost $15.  He gets them for 40% off.  He decides he doesn't like 5 o...
2025-08-06 09:10:40,884 - INFO - 参考答案: He got a 15*.4=$<<15*.4=6>>6 discount on each CD
That means each CD cost 15-6=$<<15-6=9>>9
So he paid 10*9=$<<10*9=90>>90
That means he was out 90-40=$<<90-40=50>>50
#### 50
2025-08-06 09:10:40,885 - INFO - 提取参考答案: 50
2025-08-06 09:10:40,886 - INFO - 生成答案: 

Step 1:First, read the problem and identify what we need to find. We need to find out how much money James was out.

Step 2:Next, set up equations and perform the calculations. James bought 10 CDs a...
2025-08-06 09:10:40,887 - INFO - 提取答案: 110
2025-08-06 09:10:40,888 - INFO - 投票统计: {'voting_method': 'majority', 'best_answer': '110', 'vote_count': 7, 'total_paths': 10, 'valid_paths': 10, 'confidence': 0.7, 'answer_distribution': {'110': 7, '0': 1, '65': 1, '215': 1}, 'selected_path_idx': 0}
2025-08-06 09:10:40,889 - INFO - ==================================================
2025-08-06 09:10:40,890 - INFO - 
==================================================
2025-08-06 09:10:40,891 - INFO - 样本 199: Vicki is planning a pop concert at her high school. The show will be 2 hours. She is allowing each g...
2025-08-06 09:10:40,892 - INFO - 参考答案: First, we should convert the 2 hours of showtime into minutes for our calculations. Since there are 60 minutes in 1 hour, the show will be 2 x 60 = <<2*60=120>>120 minutes.
Of those 120 minutes, 10 will be used for intermission, so 120 – 10 = <<120-10=110>>110 minutes for performances.
Each group will use 2 minutes to get on stage + 6 minutes to perform + 2 minutes to exit the stage = <<2+6+2=10>>10 minutes of show time.
Of the 110 minutes of performances, 10 are used per group, so 110 minutes / 10 = <<110/10=11>>11 groups can perform.
#### 11
2025-08-06 09:10:40,893 - INFO - 提取参考答案: 11
2025-08-06 09:10:40,894 - INFO - 生成答案: 

Step 1:First, read the problem and identify what we need to find. We need to find the number of groups that can perform in the concert.

Step 2:Next, set up equations and perform the calculations. E...
2025-08-06 09:10:40,895 - INFO - 提取答案: 6
2025-08-06 09:10:40,896 - INFO - 投票统计: {'voting_method': 'majority', 'best_answer': '6', 'vote_count': 5, 'total_paths': 10, 'valid_paths': 10, 'confidence': 0.5, 'answer_distribution': {'11': 2, '12': 1, '6': 5, '13': 1, '5': 1}, 'selected_path_idx': 3}
2025-08-06 09:10:40,897 - INFO - ==================================================
2025-08-06 09:10:40,898 - INFO - 
==================================================
2025-08-06 09:10:40,898 - INFO - 样本 201: For a New Year's resolution, Andy wants to lose 30 lbs. by his birthday, which is July 19th. Today i...
2025-08-06 09:10:40,899 - INFO - 参考答案: January, March, and May have 31 days, February has 28, and April and June have 30, and Andy's birthday is on the 19th day of July. So there are 3 * 31 days + 28 + 2 * 30 days + 19 days = 93 days + 28 + 60 days + 19 days = <<3*31+28+2*30+19=200>>200 days until Andy's birthday.
He wants to lose 30 lbs. At 3500 calories per pound, this is 30 * 3500 = <<30*3500=105000>>105,000 calories total,
To reach his goal, he will have to burn 105,000 calories / 200 days = <<105000/200=525>>525 calories per day more than he consumes.
#### 525
2025-08-06 09:10:40,900 - INFO - 提取参考答案: 525
2025-08-06 09:10:40,901 - INFO - 生成答案: 

Step 1:First, read the problem and identify what we need to find. We need to find the daily calorie deficit needed by Andy to reach his goal.

Step 2:Next, set up equations and perform the calculati...
2025-08-06 09:10:40,902 - INFO - 提取答案: 575
2025-08-06 09:10:40,903 - INFO - 投票统计: {'voting_method': 'majority', 'best_answer': '575', 'vote_count': 2, 'total_paths': 10, 'valid_paths': 10, 'confidence': 0.2, 'answer_distribution': {'575': 2, '1093.33': 1, '1185': 1, '494': 1, '576': 1, '495': 2, '500': 1, '581': 1}, 'selected_path_idx': 0}
2025-08-06 09:10:40,904 - INFO - ==================================================
2025-08-06 09:10:40,905 - INFO - 
==================================================
2025-08-06 09:10:40,906 - INFO - 样本 208: Carmen goes to an auction to win an antique desk. She accepts the opening bid of $200 and continues ...
2025-08-06 09:10:40,907 - INFO - 参考答案: 3 other people are bidding on the desk so there are 3 bids * $50 per bid = $<<3*50=150>>150 added to the cost of the desk by other people.
Carmen also has to bid against each person, so she also adds 3 bids * $50 per bid = $<<3*50=150>>150 to the overall cost.
So in these bids, there has been a total of $150 + $150 = $<<150+150=300>>300 added to the initial cost of the desk.
The desk therefore costs $200 opening bid + $300 added cost = $<<200+300=500>>500.
#### 500
2025-08-06 09:10:40,908 - INFO - 提取参考答案: 500
2025-08-06 09:10:40,909 - INFO - 生成答案: 

Step 1:First, read the problem and identify what we need to find. We need to find the amount of money that the desk costs Carmen.

Step 2:Next, set up equations and perform the calculations. Carmen ...
2025-08-06 09:10:40,910 - INFO - 提取答案: 350
2025-08-06 09:10:40,911 - INFO - 投票统计: {'voting_method': 'majority', 'best_answer': '350', 'vote_count': 3, 'total_paths': 10, 'valid_paths': 10, 'confidence': 0.3, 'answer_distribution': {'150': 1, '1500': 1, '1400': 1, '1100': 2, '350': 3, '400': 1, '500': 1}, 'selected_path_idx': 4}
2025-08-06 09:10:40,911 - INFO - ==================================================
2025-08-06 09:10:40,912 - INFO - 
==================================================
2025-08-06 09:10:40,913 - INFO - 样本 218: 48 people are riding a bus. On the first stop, 8 passengers get off, and 5 times as many people as t...
2025-08-06 09:10:40,914 - INFO - 参考答案: At the first stop, 5 * 8 = <<5*8=40>>40 passengers get on the bus.
After the first stop the bus has ( 48 - 8 ) + 40 = <<48-8+40=80>>80 passengers.
At the second stop, 21 / 3 = <<21/3=7>>7 passengers get on the bus.
After the second stop there are ( 80 - 21 ) + 7 = <<80-21+7=66>>66 passengers.
#### 66
2025-08-06 09:10:40,915 - INFO - 提取参考答案: 66
2025-08-06 09:10:40,916 - INFO - 生成答案: 

Step 1:First, read the problem and identify what we need to find. We need to find the number of passengers riding the bus after the second stop.

Step 2:Next, set up equations and perform the calcul...
2025-08-06 09:10:40,917 - INFO - 提取答案: 122
2025-08-06 09:10:40,918 - INFO - 投票统计: {'voting_method': 'majority', 'best_answer': '122', 'vote_count': 3, 'total_paths': 10, 'valid_paths': 10, 'confidence': 0.3, 'answer_distribution': {'61': 1, '122': 3, '48': 1, '66': 3, '67': 1, '59': 1}, 'selected_path_idx': 1}
2025-08-06 09:10:40,919 - INFO - ==================================================
2025-08-06 09:10:40,920 - INFO - 
==================================================
2025-08-06 09:10:40,921 - INFO - 样本 221: Although Soledad works in a windowless office, she loves the outdoors. She will be on vacation for t...
2025-08-06 09:10:40,922 - INFO - 参考答案: June has 30 days, so Soledad must hike 9,300 miles / 30 days = <<9300/30=310>>310 miles/day
Initially, she wanted to hike 2 times/day * 125 miles/time = <<2*125=250>>250 miles/day
To complete her journey, she must increase her hike by 310 miles/day - 250 miles/day = 60 miles/day
#### 60
2025-08-06 09:10:40,923 - INFO - 提取参考答案: 60
2025-08-06 09:10:40,924 - INFO - 生成答案: 

Step 1:First, read the problem and identify what we need to find. We need to find out how many more miles per day Soledad must hike to complete her journey on time.

Step 2:Next, set up equations an...
2025-08-06 09:10:40,925 - INFO - 提取答案: 185
2025-08-06 09:10:40,925 - INFO - 投票统计: {'voting_method': 'majority', 'best_answer': '185', 'vote_count': 4, 'total_paths': 10, 'valid_paths': 10, 'confidence': 0.4, 'answer_distribution': {'185': 4, '5550': 1, '30': 1, '60': 4}, 'selected_path_idx': 0}
2025-08-06 09:10:40,926 - INFO - ==================================================
2025-08-06 09:10:40,927 - INFO - 
==================================================
2025-08-06 09:10:40,928 - INFO - 样本 222: Maggie's oven is malfunctioning. When she sets it to 450 the actual temperature is 468. If it's off ...
2025-08-06 09:10:40,929 - INFO - 参考答案: The oven off by 18 degrees because 468 - 450 = <<468-450=18>>18
The oven is off by 4% because 18 / 450 x 100 = <<18/450*100=4>>4%
Therefore X + .04X = 520
Therefore 1.04X = 520
The temperature to set it is 500 because 520 / 1.04 = <<520/1.04=500>>500
#### 500
2025-08-06 09:10:40,930 - INFO - 提取参考答案: 500
2025-08-06 09:10:40,931 - INFO - 生成答案: 

Step 1:First, read the problem and identify what we need to find. We need to find the temperature that Maggie should set her oven to if her recipe calls for 520 degrees.

Step 2:Next, set up equatio...
2025-08-06 09:10:40,932 - INFO - 提取答案: 540.8
2025-08-06 09:10:40,933 - INFO - 投票统计: {'voting_method': 'majority', 'best_answer': '540.8', 'vote_count': 1, 'total_paths': 10, 'valid_paths': 10, 'confidence': 0.1, 'answer_distribution': {'540.8': 1, '540': 1, '20.8': 1, '529.6': 1, '500': 1, '522': 1, '499.2': 1, '572': 1, '476': 1, '520': 1}, 'selected_path_idx': 0}
2025-08-06 09:10:40,934 - INFO - ==================================================
2025-08-06 09:10:40,935 - INFO - 
==================================================
2025-08-06 09:10:40,935 - INFO - 样本 223: Calvin is making soup for his family for dinner. He has a pot with enough soup to fill four adult's ...
2025-08-06 09:10:40,936 - INFO - 参考答案: Four adult bowls equal eight children’s bowls, so each adult bowl is 8 / 4 = <<8/4=2>>2 children’s bowls.
Calvin and his wife will eat two adult bowls, so they will eat the equivalent of 2 * 2 = <<2*2=4>>4 children’s bowls.
Thus, he, his wife, and their children will eat 4 + 2 = <<4+2=6>>6 children’s bowls at dinner.
After dinner, there will be 8 - 6 = <<8-6=2>>2 children’s bowls left over.
There are 2 children, so each child will be able to eat a bowl of leftover soup for lunch 2 / 2 = <<2/2=1>>1 time.
#### 1
2025-08-06 09:10:40,937 - INFO - 提取参考答案: 1
2025-08-06 09:10:40,938 - INFO - 生成答案: 

Step 1:First, read the problem and identify what we need to find. We need to find out how many times each child will be able to have a bowl of soup for lunch from the leftover soup.

Step 2:Next, se...
2025-08-06 09:10:40,939 - INFO - 提取答案: 2
2025-08-06 09:10:40,940 - INFO - 投票统计: {'voting_method': 'majority', 'best_answer': '2', 'vote_count': 4, 'total_paths': 10, 'valid_paths': 10, 'confidence': 0.4, 'answer_distribution': {'6': 2, '2': 4, '30': 1, '1': 2, '0': 1}, 'selected_path_idx': 1}
2025-08-06 09:10:40,941 - INFO - ==================================================
2025-08-06 09:10:40,942 - INFO - 
==================================================
2025-08-06 09:10:40,943 - INFO - 样本 224: Patty's Plumbing charges $40 to visit a house to make a repair, plus $35 per hour, or part thereof, ...
2025-08-06 09:10:40,943 - INFO - 参考答案: She charged for 3 hours.
The total cost from the hourly rate was 3*35=$<<3*35=105>>105.
She charged 40+105+60=<<40+105+60=205>>205.
#### 205
2025-08-06 09:10:40,944 - INFO - 提取参考答案: 205
2025-08-06 09:10:40,945 - INFO - 生成答案: 

Step 1:First, read the problem and identify what we need to find. We need to find the total amount that Patty charged for the job.

Step 2:Next, set up equations and perform the calculations. The to...
2025-08-06 09:10:40,946 - INFO - 提取答案: 178.75
2025-08-06 09:10:40,947 - INFO - 投票统计: {'voting_method': 'majority', 'best_answer': '178.75', 'vote_count': 6, 'total_paths': 10, 'valid_paths': 10, 'confidence': 0.6, 'answer_distribution': {'178.75': 6, '170': 2, '178.25': 1, '118.25': 1}, 'selected_path_idx': 0}
2025-08-06 09:10:40,948 - INFO - ==================================================
2025-08-06 09:10:40,949 - INFO - 
==================================================
2025-08-06 09:10:40,950 - INFO - 样本 225: Katarina has 5 less cookies than Max has. Max has 12 more cookies than the Cookie Monster, and Summe...
2025-08-06 09:10:40,951 - INFO - 参考答案: Max’s has a total of 68+5 = <<68+5=73>>73 cookies.
Cookie Monster’s total amount of cookies is 73-12 = <<73-12=61>>61.
Summer’s total cookie amount is 73+23 = <<73+23=96>>96.
Total amount of cookies 68+73+61+96 = <<68+73+61+96=298>>298.
#### 298
2025-08-06 09:10:40,952 - INFO - 提取参考答案: 298
2025-08-06 09:10:40,952 - INFO - 生成答案: 

Step 1:First, read the problem and identify what we need to find. We need to find the total number of cookies that Katarina, Max, and the Cookie Monster have.

Step 2:Next, set up equations and perf...
2025-08-06 09:10:40,953 - INFO - 提取答案: 202
2025-08-06 09:10:40,954 - INFO - 投票统计: {'voting_method': 'majority', 'best_answer': '202', 'vote_count': 6, 'total_paths': 10, 'valid_paths': 10, 'confidence': 0.6, 'answer_distribution': {'298': 1, '202': 6, '230': 1, '254': 1, '198': 1}, 'selected_path_idx': 1}
2025-08-06 09:10:40,955 - INFO - ==================================================
2025-08-06 09:10:40,956 - INFO - 
==================================================
2025-08-06 09:10:40,957 - INFO - 样本 226: Ada's daily electric consumption is 12 kilowatts per hour. She is planning to add a device that will...
2025-08-06 09:10:40,958 - INFO - 参考答案: Ada's weekly electric consumption before adding the new device is 12 x 7 = <<12*7=84>>84.
So, her weekly electric bill is 84 x $1.50 = $<<84*1.5=126>>126.
Ada's daily electric consumption after adding the new device is 12 + 2 = <<12+2=14>>14.
So her weekly electric consumption after adding the new device is 14 x 7= <<14*7=98>>98 kilowatts per hour.
Ada's new electric bill per week will be 98 x $1.50 = $<<98*1.5=147>>147
Therefore, the difference between the bill before and after she adds the new device is $147 - $126 = $<<147-126=21>>21.
#### 21
2025-08-06 09:10:40,959 - INFO - 提取参考答案: 21
2025-08-06 09:10:40,960 - INFO - 生成答案: 

Step 1:First, read the problem and identify what we need to find. We need to find the difference between Ada's weekly electric bill before and after she adds the new device.

Step 2:Next, set up equ...
2025-08-06 09:10:40,961 - INFO - 提取答案: 14
2025-08-06 09:10:40,962 - INFO - 投票统计: {'voting_method': 'majority', 'best_answer': '14', 'vote_count': 3, 'total_paths': 10, 'valid_paths': 10, 'confidence': 0.3, 'answer_distribution': {'14': 3, '63': 2, '126': 1, '21': 2, '3': 1, '0': 1}, 'selected_path_idx': 0}
2025-08-06 09:10:40,963 - INFO - ==================================================
2025-08-06 09:10:40,963 - INFO - 
==================================================
2025-08-06 09:10:40,964 - INFO - 样本 228: Cole wanted to buy new jeans for a dance contest. At the store, he couldn't decide between tattered ...
2025-08-06 09:10:40,965 - INFO - 参考答案: Cole saved $6 x 1/3 = $<<6*1/3=2>>2 on the jogger jeans.
So, he saved $6 - $2 = $<<6-2=4>>4 on the tattered jeans.
The original price of the jogger jeans is $22 + $2 = $<<22+2=24>>24.
Cole bought the tattered jeans for $<<28=28>>28
Hence, the original price of the tattered jeans is $28 + $4 = $<<28+4=32>>32.
Therefore, jogger jeans originally cost $32 - $24 = $<<32-24=8>>8 more than the tattered jeans.
#### 8
2025-08-06 09:10:40,966 - INFO - 提取参考答案: 8
2025-08-06 09:10:40,967 - INFO - 生成答案: 

Step 1:First, read the problem and identify what we need to find. We need to find the difference in cost between the jogger jeans and the tattered jeans.

Step 2:Next, set up equations and perform t...
2025-08-06 09:10:40,968 - INFO - 提取答案: 6
2025-08-06 09:10:40,969 - INFO - 投票统计: {'voting_method': 'majority', 'best_answer': '6', 'vote_count': 7, 'total_paths': 10, 'valid_paths': 10, 'confidence': 0.7, 'answer_distribution': {'6': 7, '8': 2, '0': 1}, 'selected_path_idx': 0}
2025-08-06 09:10:40,970 - INFO - ==================================================
2025-08-06 09:10:40,971 - INFO - 
==================================================
2025-08-06 09:10:40,972 - INFO - 样本 232: Tim enters a competition and has to try and guess the number of red jelly beans in a jar.  The jar h...
2025-08-06 09:10:40,972 - INFO - 参考答案: The volume of the container is 6*6*15=<<6*6*15=540>>540 cubic inches
That means it can fit 540/.15=<<540/.15=3600>>3600 jelly beans
With 80% packing efficiency, you can fit 3600*.8=<<3600*.8=2880>>2880 jelly beans in there
So that means he guesses 2880*.3=<<2880*.3=864>>864 are red
So his guess is off by 900-864=<<900-864=36>>36
#### 36
2025-08-06 09:10:40,973 - INFO - 提取参考答案: 36
2025-08-06 09:10:40,974 - INFO - 生成答案: 

Step 1:First, read the problem and identify what we need to find. We need to find how far off Tim's guess was from the true number of red jelly beans in the container.

Step 2:Next, set up equations...
2025-08-06 09:10:40,975 - INFO - 提取答案: 697.5
2025-08-06 09:10:40,976 - INFO - 投票统计: {'voting_method': 'majority', 'best_answer': '697.5', 'vote_count': 5, 'total_paths': 10, 'valid_paths': 10, 'confidence': 0.5, 'answer_distribution': {'697.5': 5, '36': 2, '450': 2, '819': 1}, 'selected_path_idx': 0}
2025-08-06 09:10:40,977 - INFO - ==================================================
2025-08-06 09:10:40,978 - INFO - 
==================================================
2025-08-06 09:10:40,979 - INFO - 样本 235: Dennis uses 1 pound of butter for every dozen croissants that he makes.  He needs to make 6 dozen cr...
2025-08-06 09:10:40,980 - INFO - 参考答案: 1 pound of butter makes 1 dozen croissants and he needs to make 6 dozen so he needs 1*6 = <<1*6=6>>6 pounds of butter
The butter is $4.00 a pound and currently on sale for buy one get one half off so every unit of 2 pounds of butter will cost 4*1.5 = $<<4*1.5=6.00>>6.00
He needs 6 pounds of butter and the current promotion is for a unit of 2 pounds of butter so he needs to buy 6/2 = <<6/2=3>>3 units worth of butter
The sale price is $6.00 per 2 pounds of butter and he needs to buy 3 units of butter so 6*3 = $<<6*3=18.00>>18.00 worth of butter
#### 18
2025-08-06 09:10:40,981 - INFO - 提取参考答案: 18
2025-08-06 09:10:40,982 - INFO - 生成答案: 

Step 1:First, read the problem and identify what we need to find. We need to find the total cost of the butter that Dennis will purchase.

Step 2:Next, set up equations and perform the calculations....
2025-08-06 09:10:40,983 - INFO - 提取答案: 12
2025-08-06 09:10:40,983 - INFO - 投票统计: {'voting_method': 'majority', 'best_answer': '12', 'vote_count': 5, 'total_paths': 10, 'valid_paths': 10, 'confidence': 0.5, 'answer_distribution': {'12': 5, '18': 2, '8': 1, '16': 1, '22': 1}, 'selected_path_idx': 0}
2025-08-06 09:10:40,984 - INFO - ==================================================
2025-08-06 09:10:40,985 - INFO - 
==================================================
2025-08-06 09:10:40,986 - INFO - 样本 244: Every day Charisma meditates for 15 minutes when she first wakes up and again before she goes to sle...
2025-08-06 09:10:40,987 - INFO - 参考答案: She meditates for 15 minutes in the morning and 15 minutes at night for a total of 15+15 = <<15+15=30>>30 minutes
She meditates 30 minutes daily so in 7 days/1 week she meditates 30*7 = <<30*7=210>>210 minutes
She meditates 210 minutes in 1 week so in 4 weeks she meditates 210*4 = <<210*4=840>>840 minutes
60 minutes are in an hour so she meditates for 840/60 = <<840/60=14>>14 hours
She practices yoga for 1 hour 5 days a week so that's 1*5 = <<1*5=5>>5 hours
Over 4 weeks she practices yoga for 4*5 = <<4*5=20>>20 hours
She spends 14 hours meditating and 20 hours practicing yoga for a total of 14+20 = <<14+20=34>>34 hours
#### 34
2025-08-06 09:10:40,988 - INFO - 提取参考答案: 34
2025-08-06 09:10:40,989 - INFO - 生成答案: 

Step 1:First, read the problem and identify what we need to find. We need to find the total amount of time Charisma has spent on meditation and yoga practice in 4 weeks.

Step 2:Next, set up equatio...
2025-08-06 09:10:40,990 - INFO - 提取答案: 2040
2025-08-06 09:10:40,991 - INFO - 投票统计: {'voting_method': 'majority', 'best_answer': '2040', 'vote_count': 4, 'total_paths': 10, 'valid_paths': 10, 'confidence': 0.4, 'answer_distribution': {'2040': 4, '510': 1, '2940': 1, '34': 1, '1620': 1, '840': 1, '2100': 1}, 'selected_path_idx': 0}
2025-08-06 09:10:40,992 - INFO - ==================================================
2025-08-06 09:10:40,993 - INFO - 
==================================================
2025-08-06 09:10:40,993 - INFO - 样本 245: Jenny goes to the florist to buy some flowers. Roses cost $2 each and $15 for a dozen. If she bought...
2025-08-06 09:10:40,994 - INFO - 参考答案: Jenny has $25 because 5 x 5 = <<5*5=25>>25
She buys 1 dozen roses and 3 single roses because 15 - 12 - 3 = <<15-12-3=0>>0
She spends $6 on the single roses because 3 x 2 = <<3*2=6>>6
She spends $21 on roses because 15 + 6 = <<15+6=21>>21
She gets $4 in change because 25 - 21 = <<25-21=4>>4
She gets 16 quarters because 4 x 4 = <<4*4=16>>16
#### 16
2025-08-06 09:10:40,995 - INFO - 提取参考答案: 16
2025-08-06 09:10:40,996 - INFO - 生成答案: 

Step 1:First, read the problem and identify what we need to find. We need to find the number of quarters Jenny leaves with.

Step 2:Next, set up equations and perform the calculations. The cost of 1...
2025-08-06 09:10:40,997 - INFO - 提取答案: 20
2025-08-06 09:10:40,998 - INFO - 投票统计: {'voting_method': 'majority', 'best_answer': '20', 'vote_count': 3, 'total_paths': 10, 'valid_paths': 10, 'confidence': 0.3, 'answer_distribution': {'16': 1, '5': 2, '80': 1, '20': 3, '160': 1, '100': 1, '0': 1}, 'selected_path_idx': 3}
2025-08-06 09:10:40,999 - INFO - ==================================================
2025-08-06 09:10:41,000 - INFO - 
==================================================
2025-08-06 09:10:41,001 - INFO - 样本 247: Last month, Tasha made $80 from selling lemonade and mowing lawns. The first week, she mowed Kamala'...
2025-08-06 09:10:41,002 - INFO - 参考答案: At Kamala's Tasha made three times what she made mowing Joe's lawn, which gives 3 * 6 = <<3*6=18>>18 dollars
Since the lawn mowing sessions at Alba's were 5 times those at Joe's Tasha also made 5 * 6 = <<5*6=30>>30 dollars.
Adding up all the money earned from lawn mowing gives 6 + 18 + 30 = <<6+18+30=54>>54 dollars
Subtracting the lawn mowing money from the total amount gives us 80 - 54 = <<80-54=26>>26 dollars
Tasha therefore made 26 dollars selling lemonade.
#### 26
2025-08-06 09:10:41,003 - INFO - 提取参考答案: 26
2025-08-06 09:10:41,003 - INFO - 生成答案: 

Step 1:First, read the problem and identify what we need to find. We need to find the amount Tasha made from lemonade sales.

Step 2:Next, set up equations and perform the calculations. Let's say th...
2025-08-06 09:10:41,004 - INFO - 提取答案: 80
2025-08-06 09:10:41,005 - INFO - 投票统计: {'voting_method': 'majority', 'best_answer': '80', 'vote_count': 5, 'total_paths': 10, 'valid_paths': 10, 'confidence': 0.5, 'answer_distribution': {'80': 5, '45.71': 1, '32': 2, '38': 1, '74': 1}, 'selected_path_idx': 0}
2025-08-06 09:10:41,006 - INFO - ==================================================
2025-08-06 09:10:41,007 - INFO - 
==================================================
2025-08-06 09:10:41,008 - INFO - 样本 250: Lauren is a cartoonist.  She can draw 5 large-sized picture scenes per day, or she can draw 6 medium...
2025-08-06 09:10:41,009 - INFO - 参考答案: At 5 small-sized picture scenes per day, 45 small-sized scenes will take 45/5 = <<45/5=9>>9 days.
At 6 medium-sized picture scenes per day, 36 medium-sized scenes will take 36/6 = <<36/6=6>>6 days.
At 7 large-sized picture scenes per day, 49 large-sized scenes will take 49/7 = <<49/7=7>>7 days.
Altogether, the entire project will take 9 + 6 +7 = <<9+6+7=22>>22 days to complete.
#### 22
2025-08-06 09:10:41,010 - INFO - 提取参考答案: 22
2025-08-06 09:10:41,011 - INFO - 生成答案: 

Step 1:First, read the problem and identify what we need to find. We need to find the number of days it will take for Lauren to create all of the picture scenes.

Step 2:Next, set up equations and p...
2025-08-06 09:10:41,012 - INFO - 提取答案: 9
2025-08-06 09:10:41,012 - INFO - 投票统计: {'voting_method': 'majority', 'best_answer': '9', 'vote_count': 6, 'total_paths': 10, 'valid_paths': 10, 'confidence': 0.6, 'answer_distribution': {'22': 4, '9': 6}, 'selected_path_idx': 1}
2025-08-06 09:10:41,013 - INFO - ==================================================
2025-08-06 09:10:41,015 - INFO - 
==================================================
2025-08-06 09:10:41,015 - INFO - 样本 278: If Marcy works for the same company for 40 years, she gets an annual pension of $50,000/year. Starti...
2025-08-06 09:10:41,016 - INFO - 参考答案: First find how many years Marcy works after 20 years: 30 years - 20 years = <<30-20=10>>10 years
Then multiply that number by the amount of her pension she gets per year: 10 years * 5% = 50%
Then multiply that percentage by the total amount of the full pension to find how much she gets: $50,000 * 50% = $<<50000*50*.01=25000>>25,000
#### 25000
2025-08-06 09:10:41,017 - INFO - 提取参考答案: 25000
2025-08-06 09:10:41,018 - INFO - 生成答案: 

Step 1:First, read the problem and identify what we need to find. We need to find the annual pension Marcy will receive after quitting the company after 30 years.

Step 2:Next, set up equations and ...
2025-08-06 09:10:41,019 - INFO - 提取答案: 100000
2025-08-06 09:10:41,020 - INFO - 投票统计: {'voting_method': 'majority', 'best_answer': '100000', 'vote_count': 2, 'total_paths': 10, 'valid_paths': 10, 'confidence': 0.2, 'answer_distribution': {'1525000': 1, '131444.50': 1, '54072.25': 1, '75000': 1, '52500': 1, '100000': 2, '102500': 1, '1081445': 1, '1025000': 1}, 'selected_path_idx': 5}
2025-08-06 09:10:41,021 - INFO - ==================================================
2025-08-06 09:10:41,022 - INFO - 
==================================================
2025-08-06 09:10:41,023 - INFO - 样本 280: Michael is replacing the carpet in his bedroom.  The new carpet he's chosen costs $12 per square foo...
2025-08-06 09:10:41,024 - INFO - 参考答案: The room measures 18 * 12 = <<18*12=216>>216 square feet.
The new carpet costs $12 * 216 = $<<12*216=2592>>2,592.
The new carpet padding costs $2 * 216 = $<<2*216=432>>432.
To remove the old carpet, the contractor will charge $4 * 216 = $<<4*216=864>>864.
To install the new carpet, the contractor will charge $34 * 216 = $<<34*216=7344>>7,344.
The total cost will be $864 + $2,592 + $432 + $7,344 = $11,232.
#### 11232
2025-08-06 09:10:41,025 - INFO - 提取参考答案: 11232
2025-08-06 09:10:41,025 - INFO - 生成答案: 

Step 1:First, read the problem and identify what we need to find. We need to find the total cost of replacing the carpet.

Step 2:Next, set up equations and perform the calculations. The total area ...
2025-08-06 09:10:41,026 - INFO - 提取答案: 10512
2025-08-06 09:10:41,027 - INFO - 投票统计: {'voting_method': 'majority', 'best_answer': '10512', 'vote_count': 2, 'total_paths': 10, 'valid_paths': 10, 'confidence': 0.2, 'answer_distribution': {'10012': 1, '11248': 1, '3456': 1, '11784': 1, '9632': 1, '11632': 1, '10512': 2, '16332': 1, '96032': 1}, 'selected_path_idx': 6}
2025-08-06 09:10:41,028 - INFO - ==================================================
2025-08-06 09:10:41,029 - INFO - 
==================================================
2025-08-06 09:10:41,030 - INFO - 样本 293: Elly is organizing her books on the new bookcases her parents bought her. Each of the middle 2 shelv...
2025-08-06 09:10:41,031 - INFO - 参考答案: The bottom shelf can hold 2 * 10 = <<2*10=20>>20 books.
The 2 middle shelves can hold a total of 2 * 10 = <<2*10=20>>20 books.
The top shelf can hold 20 – 5 = <<20-5=15>>15 books.
Each bookcase can hold a total of 20 books + 20 books + 15 books = <<20+20+15=55>>55 books.
To hold all of her books, she needs 110 / 55 = <<110/55=2>>2 bookcases.
#### 2
2025-08-06 09:10:41,032 - INFO - 提取参考答案: 2
2025-08-06 09:10:41,033 - INFO - 生成答案: 

Step 1:First, read the problem and identify what we need to find. We need to find the number of bookcases Elly needs to hold all of her books.

Step 2:Next, set up equations and perform the calculat...
2025-08-06 09:10:41,034 - INFO - 提取答案: 3
2025-08-06 09:10:41,035 - INFO - 投票统计: {'voting_method': 'majority', 'best_answer': '3', 'vote_count': 7, 'total_paths': 10, 'valid_paths': 10, 'confidence': 0.7, 'answer_distribution': {'3': 7, '110': 1, '47': 1, '4': 1}, 'selected_path_idx': 0}
2025-08-06 09:10:41,035 - INFO - ==================================================
2025-08-06 09:10:41,036 - INFO - 
==================================================
2025-08-06 09:10:41,037 - INFO - 样本 302: Rob, Royce, and Pedro are contractors getting ready to put a new roof on three homes. If the three h...
2025-08-06 09:10:41,038 - INFO - 参考答案: Let x be the number of cases of shingles for the second house
The first house needs 1/2 x cases of shingles
The third house needs 2(1/2)x=x cases of shingles
250=x+x+(1/2)x
250=(5/2)x
250(2/5)=100=x
The third house needs 100 cases of shingles
#### 100
2025-08-06 09:10:41,039 - INFO - 提取参考答案: 100
2025-08-06 09:10:41,040 - INFO - 生成答案: 

Step 1:First, read the problem and identify what we need to find. We need to find the number of cases of shingles the third house needs.

Step 2:Next, set up equations and perform the calculations. ...
2025-08-06 09:10:41,041 - INFO - 提取答案: 167
2025-08-06 09:10:41,042 - INFO - 投票统计: {'voting_method': 'majority', 'best_answer': '167', 'vote_count': 2, 'total_paths': 10, 'valid_paths': 10, 'confidence': 0.2, 'answer_distribution': {'125': 1, '142.85714': 1, '167': 2, '71': 1, '200': 2, '166': 1, '100': 1, '111': 1}, 'selected_path_idx': 2}
2025-08-06 09:10:41,043 - INFO - ==================================================
2025-08-06 09:10:41,044 - INFO - 
==================================================
2025-08-06 09:10:41,045 - INFO - 样本 310: Sara wants to buy herself a new jacket and 2 pairs of shoes. The jacket she wants costs $30 and each...
2025-08-06 09:10:41,045 - INFO - 参考答案: Both pairs of shoes will cost a total of 2 * $20 = $<<2*20=40>>40.
Sara will need to save a total of $30 + $40 = $<<30+40=70>>70 to buy everything that she wants.
Sara has earned 4 * $5 = $<<4*5=20>>20 from babysitting.
Between her savings and the babysitting, Sara has already saved $10 + $20 = $<<10+20=30>>30.
Sara needs to earn an additional $70 - $30 = $<<70-30=40>>40 from mowing the lawn to afford her clothes.
Sara must mow the lawn $40 / $4 = <<40/4=10>>10 times to afford to buy the jacket and shoes.
#### 10
2025-08-06 09:10:41,046 - INFO - 提取参考答案: 10
2025-08-06 09:10:41,047 - INFO - 生成答案: 

Step 1:First, read the problem and identify what we need to find. We need to find the number of times Sara must mow the lawn before she can afford the jacket and shoes.

Step 2:Next, set up equation...
2025-08-06 09:10:41,048 - INFO - 提取答案: 15
2025-08-06 09:10:41,049 - INFO - 投票统计: {'voting_method': 'majority', 'best_answer': '15', 'vote_count': 5, 'total_paths': 10, 'valid_paths': 10, 'confidence': 0.5, 'answer_distribution': {'15': 5, '4': 1, '7': 1, '10': 2, '12': 1}, 'selected_path_idx': 0}
2025-08-06 09:10:41,050 - INFO - ==================================================
2025-08-06 09:10:41,051 - INFO - 
==================================================
2025-08-06 09:10:41,052 - INFO - 样本 314: Ben bought a car for $20000 in 2007. The price of the car depreciates at a constant rate of 21% per ...
2025-08-06 09:10:41,053 - INFO - 参考答案: The price of the car depreciates of 20000 * 21% = $<<20000*21*.01=4200>>4200 per year.
Ben had the car for 2010 - 2007 = <<2010-2007=3>>3 years.
The price of the car depreciates 4200 * 3 = $<<4200*3=12600>>12600 from 2007 to 2010.
So the price of the car in the year 2010 is $20000 - $12600 = $<<20000-12600=7400>>7400.
#### 7400
2025-08-06 09:10:41,054 - INFO - 提取参考答案: 7400
2025-08-06 09:10:41,055 - INFO - 生成答案: 

Step 1:First, read the problem and identify what we need to find. We need to find the price of the car in the year 2010.

Step 2:Next, set up equations and perform the calculations. The price of the...
2025-08-06 09:10:41,056 - INFO - 提取答案: 9817.96
2025-08-06 09:10:41,057 - INFO - 投票统计: {'voting_method': 'majority', 'best_answer': '9817.96', 'vote_count': 2, 'total_paths': 10, 'valid_paths': 10, 'confidence': 0.2, 'answer_distribution': {'9817.96': 2, '9810.48': 1, '9796': 2, '9811.36': 1, '9790.2': 1, '9920': 1, '9893': 1, '9852': 1}, 'selected_path_idx': 0}
2025-08-06 09:10:41,058 - INFO - ==================================================
2025-08-06 09:10:41,058 - INFO - 
==================================================
2025-08-06 09:10:41,059 - INFO - 样本 317: At the trip to the county-level scavenger hunt competition, 90 people were required to split into gr...
2025-08-06 09:10:41,060 - INFO - 参考答案: Since the total number of people at the competition was 90, they formed 90/9=<<90/9=10>>10 groups after splitting into 9-person groups.
If 3/5 of the number of groups each had members bringing back 2 seashells each, then 3/5*10=<<3/5*10=6>>6 groups had members bringing back 2 seashells.
Since each group had 9 people, the number of people in the 6 groups, who found 2 seashells each, was 6*9= <<6*9=54>>54.
The total number of seashells the 54 people brought is 54*2=<<54*2=108>>108 seashells.
#### 108
2025-08-06 09:10:41,061 - INFO - 提取参考答案: 108
2025-08-06 09:10:41,062 - INFO - 生成答案: 

Step 1:First, read the problem and identify what we need to find. We need to find the number of seashells that the groups brought.

Step 2:Next, set up equations and perform the calculations. The to...
2025-08-06 09:10:41,063 - INFO - 提取答案: 12
2025-08-06 09:10:41,064 - INFO - 投票统计: {'voting_method': 'majority', 'best_answer': '12', 'vote_count': 10, 'total_paths': 10, 'valid_paths': 10, 'confidence': 1.0, 'answer_distribution': {'12': 10}, 'selected_path_idx': 0}
2025-08-06 09:10:41,065 - INFO - ==================================================
2025-08-06 09:10:41,066 - INFO - 
==================================================
2025-08-06 09:10:41,067 - INFO - 样本 320: Ava and Emma want to know who is better at the new video game Ava got for her birthday. They are eac...
2025-08-06 09:10:41,068 - INFO - 参考答案: For jumping on enemies, Emma earns 8 * 10 = <<8*10=80>>80 fewer points than Ava.
For collecting berries, Emma earns 3 * 5 = <<3*5=15>>15 fewer points than Ava.
For finishing the level faster, Emma earns 4 * 30 = <<4*30=120>>120 more points than Ava.
Overall, Emma has 120 – 80 - 15 = <<120-80-15=25>>25 more points than Ava.
#### 25
2025-08-06 09:10:41,069 - INFO - 提取参考答案: 25
2025-08-06 09:10:41,070 - INFO - 生成答案: 

Step 1:First, read the problem and identify what we need to find. We need to find the difference between Ava's and Emma's scores.

Step 2:Next, set up equations and perform the calculations. Let's d...
2025-08-06 09:10:41,071 - INFO - 提取答案: 48
2025-08-06 09:10:41,071 - INFO - 投票统计: {'voting_method': 'majority', 'best_answer': '48', 'vote_count': 2, 'total_paths': 10, 'valid_paths': 10, 'confidence': 0.2, 'answer_distribution': {'55': 1, '48': 2, '0': 2, '65': 2, '155': 1, '-90': 1, '240': 1}, 'selected_path_idx': 1}
2025-08-06 09:10:41,072 - INFO - ==================================================
2025-08-06 09:10:41,073 - INFO - 
==================================================
2025-08-06 09:10:41,074 - INFO - 样本 327: Sasha and Julie are best friends playing on opposing basketball teams. The teams have two practice g...
2025-08-06 09:10:41,075 - INFO - 参考答案: In the first game, Sasha scored 14 points, and Julie scored four fewer points: 14-4 = <<14-4=10>>10 points.
In the second game, Sasha scored 6 points fewer than Julie's score in the first game, meaning she scored 10-6=<<10-6=4>>4 points.
Sasha scored 10+4=<<10+4=14>>14 points in the two games.
#### 14
2025-08-06 09:10:41,076 - INFO - 提取参考答案: 14
2025-08-06 09:10:41,077 - INFO - 生成答案: 

Step 1:First, read the problem and identify what we need to find. We need to find the total number of points Sasha scored during both games.

Step 2:Next, set up equations and perform the calculatio...
2025-08-06 09:10:41,078 - INFO - 提取答案: 18
2025-08-06 09:10:41,079 - INFO - 投票统计: {'voting_method': 'majority', 'best_answer': '18', 'vote_count': 10, 'total_paths': 10, 'valid_paths': 10, 'confidence': 1.0, 'answer_distribution': {'18': 10}, 'selected_path_idx': 0}
2025-08-06 09:10:41,080 - INFO - ==================================================
2025-08-06 09:10:41,081 - INFO - 
==================================================
2025-08-06 09:10:41,082 - INFO - 样本 329: Mrs. Tatiana owns a grocery store that sells different fruits and vegetables, which includes carrots...
2025-08-06 09:10:41,082 - INFO - 参考答案: In the first year, the price of carrots increases by 5/100*120 = $<<5/100*120=6>>6
After 3 years, the price of carrots will increase by $6*3 = $<<6*3=18>>18
The total price of carrots after three years will be 120+18 = $<<120+18=138>>138
#### 138
2025-08-06 09:10:41,083 - INFO - 提取参考答案: 138
2025-08-06 09:10:41,084 - INFO - 生成答案: 

Step 1:First, read the problem and identify what we need to find. We need to find the price of carrots after three years.

Step 2:Next, set up equations and perform the calculations. The price of ca...
2025-08-06 09:10:41,085 - INFO - 提取答案: 139
2025-08-06 09:10:41,086 - INFO - 投票统计: {'voting_method': 'majority', 'best_answer': '139', 'vote_count': 8, 'total_paths': 10, 'valid_paths': 10, 'confidence': 0.8, 'answer_distribution': {'140': 2, '139': 8}, 'selected_path_idx': 1}
2025-08-06 09:10:41,087 - INFO - ==================================================
2025-08-06 09:10:41,088 - INFO - 
==================================================
2025-08-06 09:10:41,089 - INFO - 样本 331: Jessica makes $2,000.00 a month.  She sets 25% of her paycheck aside to put towards fancy shoes.  Ea...
2025-08-06 09:10:41,090 - INFO - 参考答案: She is paid $2,000.00 a month and she saves 25% for shoes so she saves 2000*.25 = $<<2000*.25=500.00>>500.00
She saves $500.00 a month for 12 months so she saves 500*12 = $<<500*12=6000.00>>6,000.00
Each pair of shoes costs $1,000.00 and she has saved $6,000.00 so she can buy 6000/1000 = 6 pair of shoes per year
#### 6
2025-08-06 09:10:41,091 - INFO - 提取参考答案: 6
2025-08-06 09:10:41,091 - INFO - 生成答案: 

Step 1:First, read the problem and identify what we need to find. We need to find the number of shoes Jessica can buy in a year.

Step 2:Next, set up equations and perform the calculations. Jessica ...
2025-08-06 09:10:41,092 - INFO - 提取答案: 18
2025-08-06 09:10:41,093 - INFO - 投票统计: {'voting_method': 'majority', 'best_answer': '18', 'vote_count': 5, 'total_paths': 10, 'valid_paths': 10, 'confidence': 0.5, 'answer_distribution': {'6': 4, '12': 1, '18': 5}, 'selected_path_idx': 3}
2025-08-06 09:10:41,094 - INFO - ==================================================
2025-08-06 09:10:41,095 - INFO - 
==================================================
2025-08-06 09:10:41,096 - INFO - 样本 335: The Llesis family drove and hiked 6 hours to their vacation spot. They drove an average of 50 miles ...
2025-08-06 09:10:41,097 - INFO - 参考答案: Half the average speed of Llesis family driving is 50/2 = <<50/2=25>>25 miles per hour.
Hence, their average speed hiking was 25 - 5 = <<25-5=20>>20 miles per hour.
So, they hiked 20 x 1.5 = <<20*1.5=30>>30 miles.
It took them a total of 6 - 1.5 = <<6-1.5=4.5>>4.5 hours driving.
So, they drove 50 x 4.5 = <<50*4.5=225>>225 miles.
Therefore, their vacation spot was 30 + 225 = <<30+225=255>>255 miles far.
#### 255
2025-08-06 09:10:41,098 - INFO - 提取参考答案: 255
2025-08-06 09:10:41,099 - INFO - 生成答案: 

Step 1:First, read the problem and identify what we need to find. We need to find the distance to their vacation spot.

Step 2:Next, set up equations and perform the calculations. The family drove f...
2025-08-06 09:10:41,100 - INFO - 提取答案: 292.5
2025-08-06 09:10:41,101 - INFO - 投票统计: {'voting_method': 'majority', 'best_answer': '292.5', 'vote_count': 2, 'total_paths': 10, 'valid_paths': 10, 'confidence': 0.2, 'answer_distribution': {'270': 1, '292.5': 2, '225': 2, '50': 1, '75': 1, '300': 1, '80': 1, '33.75': 1}, 'selected_path_idx': 1}
2025-08-06 09:10:41,102 - INFO - ==================================================
2025-08-06 09:10:41,102 - INFO - 
==================================================
2025-08-06 09:10:41,103 - INFO - 样本 338: Cedar Falls Middle School has students in grades 4 – 7 and each year they are challenged to earn as ...
2025-08-06 09:10:41,104 - INFO - 参考答案: There are 4 grades in the middle school x 10 students = <<4*10=40>>40 students who get to try the escape room.
There will be 40 students / 8 students in a group = <<40/8=5>>5 groups who get to try the escape room.
It will take 5 groups x 45 minutes = <<5*45=225>>225 minutes.
#### 225
2025-08-06 09:10:41,105 - INFO - 提取参考答案: 225
2025-08-06 09:10:41,106 - INFO - 生成答案: 

Step 1:First, read the problem and identify what we need to find. We need to find the total time it will take for everyone to try the escape room.

Step 2:Next, set up equations and perform the calc...
2025-08-06 09:10:41,107 - INFO - 提取答案: 135
2025-08-06 09:10:41,108 - INFO - 投票统计: {'voting_method': 'majority', 'best_answer': '135', 'vote_count': 3, 'total_paths': 10, 'valid_paths': 10, 'confidence': 0.3, 'answer_distribution': {'135': 3, '225': 1, '56.25': 2, '180': 3, '1080': 1}, 'selected_path_idx': 0}
2025-08-06 09:10:41,109 - INFO - ==================================================
2025-08-06 09:10:41,110 - INFO - 
==================================================
2025-08-06 09:10:41,111 - INFO - 样本 345: 9 out of 10 cheerleaders are 64" tall.  The 10th cheerleader is 60" tall.  If they build a human pyr...
2025-08-06 09:10:41,111 - INFO - 参考答案: All but one cheerleader is 64" tall and these cheerleaders make up the bottom 3 layers of the pyramid. So, when standing on top of each other, they are 64*3 = <<64*3=192>>192" tall
The shortest cheerleader is at the top of the pyramid and is 60" tall so the pyramid is 192+60 = <<252=252>>252" tall
12" are in 1 foot and the pyramid is 252" tall so it's 252/12 = <<252/12=21>>21 feet tall
#### 21
2025-08-06 09:10:41,112 - INFO - 提取参考答案: 21
2025-08-06 09:10:41,113 - INFO - 生成答案: 

Step 1:First, read the problem and identify what we need to find. We need to find the height of the human pyramid.

Step 2:Next, set up equations and perform the calculations. The total height of th...
2025-08-06 09:10:41,114 - INFO - 提取答案: 48
2025-08-06 09:10:41,115 - INFO - 投票统计: {'voting_method': 'majority', 'best_answer': '48', 'vote_count': 2, 'total_paths': 10, 'valid_paths': 10, 'confidence': 0.2, 'answer_distribution': {'47.8': 1, '46.5': 1, '48': 2, '47.6': 1, '275.6': 1, '52.5': 1, '53': 1, '4': 1, '45.83': 1}, 'selected_path_idx': 2}
2025-08-06 09:10:41,116 - INFO - ==================================================
2025-08-06 09:10:41,117 - INFO - 
==================================================
2025-08-06 09:10:41,118 - INFO - 样本 358: Blake and Kelly are having a contest to see who can run the most in 15 minutes. They decide to do it...
2025-08-06 09:10:41,119 - INFO - 参考答案: Blake runs 200 yards for each back and forth because 100 x 2 = 200
He runs 3000 yards in total because 200 x 15 = <<200*15=3000>>3000
Kelly runs 200 yards at first because 100 x 2 = <<100*2=200>>200
She runs 80 yards each time she does a back and forth to the 40-yard line because 40 x 2 = <<40*2=80>>80
She runs 2720 from these back and forth because 34 x 80 = <<34*80=2720>>2720
She runs 2920 in total because 2720 + 200 = <<2720+200=2920>>2920
Blake won because 3000 > 2920
The winner ran 80 yards more than the loser because 3000 - 2920 = <<3000-2920=80>>80
#### 80
2025-08-06 09:10:41,120 - INFO - 提取参考答案: 80
2025-08-06 09:10:41,121 - INFO - 生成答案: 

Step 1:First, read the problem and identify what we need to find. We need to find the difference in the distance run by the winner and the loser.

Step 2:Next, set up equations and perform the calcu...
2025-08-06 09:10:41,122 - INFO - 提取答案: 40
2025-08-06 09:10:41,123 - INFO - 投票统计: {'voting_method': 'majority', 'best_answer': '40', 'vote_count': 2, 'total_paths': 10, 'valid_paths': 10, 'confidence': 0.2, 'answer_distribution': {'40': 2, '1220': 2, '4880': 1, '1080': 1, '80': 1, '1400': 1, '2692': 1, '680': 1}, 'selected_path_idx': 0}
2025-08-06 09:10:41,124 - INFO - ==================================================
2025-08-06 09:10:41,124 - INFO - 
==================================================
2025-08-06 09:10:41,125 - INFO - 样本 360: Thomas withdraws $1000 in 20 dollar bills from the bank account.  He loses 10 bills while getting ho...
2025-08-06 09:10:41,126 - INFO - 参考答案: He withdrew 1000/20=<<1000/20=50>>50 bills
So he has 50-10=<<50-10=40>>40 bills left over
He uses half the bills to pay for something, so he has 40/2=<<40/2=20>>20 bills
He triples his money which gives him 20*3=<<20*3=60>>60 bills
So he has 60*20=$<<60*20=1200>>1200
Converting to 5s means he has 1200/5=<<1200/5=240>>240 bills
#### 240
2025-08-06 09:10:41,127 - INFO - 提取参考答案: 240
2025-08-06 09:10:41,128 - INFO - 生成答案: 

Step 1:First, read the problem and identify what we need to find. We need to find the number of 5 dollar bills Thomas has.

Step 2:Next, set up equations and perform the calculations. Thomas withdra...
2025-08-06 09:10:41,129 - INFO - 提取答案: 12
2025-08-06 09:10:41,130 - INFO - 投票统计: {'voting_method': 'majority', 'best_answer': '12', 'vote_count': 10, 'total_paths': 10, 'valid_paths': 10, 'confidence': 1.0, 'answer_distribution': {'12': 10}, 'selected_path_idx': 0}
2025-08-06 09:10:41,131 - INFO - ==================================================
2025-08-06 09:10:41,132 - INFO - 
==================================================
2025-08-06 09:10:41,133 - INFO - 样本 370: Solo has to read 4 pages from his Science textbook, 20 pages from his Social Studies textbook, 7 pag...
2025-08-06 09:10:41,134 - INFO - 参考答案: Solo has to read a total of 4 + 20 + 7 + 8 = <<4+20+7+8=39>>39 pages.
After Monday, he had a remainder of 39 - 15 = <<39-15=24>>24 pages to read.
To complete his reading, he must read 24/4 = <<24/4=6>>6 pages a day.
#### 6
2025-08-06 09:10:41,135 - INFO - 提取参考答案: 6
2025-08-06 09:10:41,135 - INFO - 生成答案: 

Step 1:First, read the problem and identify what we need to find. We need to find the number of pages Solo needs to read, on average, in one day.

Step 2:Next, set up equations and perform the calcu...
2025-08-06 09:10:41,136 - INFO - 提取答案: 9.75
2025-08-06 09:10:41,137 - INFO - 投票统计: {'voting_method': 'majority', 'best_answer': '9.75', 'vote_count': 4, 'total_paths': 10, 'valid_paths': 10, 'confidence': 0.4, 'answer_distribution': {'9.75': 4, '6': 4, '7.8': 2}, 'selected_path_idx': 0}
2025-08-06 09:10:41,138 - INFO - ==================================================
2025-08-06 09:10:41,139 - INFO - 
==================================================
2025-08-06 09:10:41,140 - INFO - 样本 386: The ice cream parlor was offering a deal, buy 2 scoops of ice cream, get 1 scoop free.  Each scoop c...
2025-08-06 09:10:41,141 - INFO - 参考答案: Each scoop cost $1.50. If she buys 2, she gets one free. So it will cost her 2 * 1.50 = $<<2*1.50=3.00>>3.00 for thee scoops total.
If you break it down, 3 scoops of ice cream cost $3.00 so 3/3 = $<<3/3=1.00>>1.00 per scoop
Erin has $6.00 and each scoop ends up costing $1.00 each then 6/1 = <<6/1=6>>6 scoops total
#### 6
2025-08-06 09:10:41,142 - INFO - 提取参考答案: 6
2025-08-06 09:10:41,143 - INFO - 生成答案: 

Step 1:First, read the problem and identify what we need to find. We need to find the number of scoops of ice cream that Erin should buy.

Step 2:Next, set up equations and perform the calculations....
2025-08-06 09:10:41,144 - INFO - 提取答案: 4
2025-08-06 09:10:41,145 - INFO - 投票统计: {'voting_method': 'majority', 'best_answer': '4', 'vote_count': 4, 'total_paths': 10, 'valid_paths': 10, 'confidence': 0.4, 'answer_distribution': {'4': 4, '2': 1, '7': 1, '5': 2, '6': 1, '3': 1}, 'selected_path_idx': 0}
2025-08-06 09:10:41,146 - INFO - ==================================================
2025-08-06 09:10:41,146 - INFO - 
==================================================
2025-08-06 09:10:41,147 - INFO - 样本 387: Watson works a 10-hour shift each day, five days a week. He earns $10 per hour and gets a $300 bonus...
2025-08-06 09:10:41,148 - INFO - 参考答案: In a day, Watson makes 10 * 10 = $<<10*10=100>>100
If he works five days a week, the total number of days for the whole month is 5 * 4= <<5*4=20>>20 days.
Since he makes $100 per day, the total amount for the whole month is 20 * 100= $<<20*100=2000>>2000.
He also got a 300 * 4 = $<<300*4=1200>>1200 bonus because the company performed well in all the weeks of April.
At the end of April, he earned 2000 +1200 = $<<2000+1200=3200>>3200.
#### 3200
2025-08-06 09:10:41,149 - INFO - 提取参考答案: 3200
2025-08-06 09:10:41,150 - INFO - 生成答案: 

Step 1:First, read the problem and identify what we need to find. We need to find the total amount of money Watson made in April.

Step 2:Next, set up equations and perform the calculations. Since W...
2025-08-06 09:10:41,151 - INFO - 提取答案: 2300
2025-08-06 09:10:41,152 - INFO - 投票统计: {'voting_method': 'majority', 'best_answer': '2300', 'vote_count': 3, 'total_paths': 10, 'valid_paths': 10, 'confidence': 0.3, 'answer_distribution': {'2300': 3, '3200': 3, '800': 1, '500': 1, '16500': 1, '15300': 1}, 'selected_path_idx': 0}
2025-08-06 09:10:41,153 - INFO - ==================================================
2025-08-06 09:10:41,154 - INFO - 
==================================================
2025-08-06 09:10:41,155 - INFO - 样本 391: Jordan wanted to surprise her mom with a homemade birthday cake.  From reading the instructions, she...
2025-08-06 09:10:41,156 - INFO - 参考答案: 1 hour is 60 minutes so we know that 2 hours to cool the cake is the same as 2*60 so <<2*60=120>>120 min
It will take Jordan 20 min to make the batter, 30 to bake, 120 to cool and 10 to frost so the cake will take 20 +30 +120 +10 = <<20+30+120+10=180>>180 minutes total
Jordan needs to convert 180 minutes to hours so 180/60 = <<180/60=3>>3 hours
If the cake needs to be finished by 5:00 pm and it will take 3 hours total to make then 5-3 = <<5-3=2>>2:00 pm is the latest she can start making the cake
#### 2
2025-08-06 09:10:41,157 - INFO - 提取参考答案: 2
2025-08-06 09:10:41,158 - INFO - 生成答案: 

Step 1:First, read the problem and identify what we need to find. We need to find the latest time of day that Jordan can start making the cake to be ready to serve it at 5:00 pm.

Step 2:Next, set u...
2025-08-06 09:10:41,159 - INFO - 提取答案: 2:00p
2025-08-06 09:10:41,160 - INFO - 投票统计: {'voting_method': 'majority', 'best_answer': '2:00p', 'vote_count': 9, 'total_paths': 10, 'valid_paths': 10, 'confidence': 0.9, 'answer_distribution': {'8:00p': 1, '2:00p': 9}, 'selected_path_idx': 1}
2025-08-06 09:10:41,161 - INFO - ==================================================
2025-08-06 09:10:41,161 - INFO - 
==================================================
2025-08-06 09:10:41,162 - INFO - 样本 396: Sadie slept 8 hours on Monday. For the next two days, she slept 2 hours less, each, because she had ...
2025-08-06 09:10:41,163 - INFO - 参考答案: If on Monday she slept 8 hours, then she slept 8-2 = <<8-2=6>>6 hours on each of the next two days.
The total number of hours slept for the two days will be 6*2 = <<6*2=12>>12 hours.
If she slept 1 hour more for the rest of the week each day, then each day she slept 6+1 = <<6+1=7>>7 hours.
The total for the rest of the week will be 4*7 = <<4*7=28>>28 hours.
The total number of hours slept for the whole week will be 8+12+28 = <<8+12+28=48>>48 hours.
#### 48
2025-08-06 09:10:41,164 - INFO - 提取参考答案: 48
2025-08-06 09:10:41,165 - INFO - 生成答案: 

Step 1:First, read the problem and identify what we need to find. We need to find the total number of hours Sadie slept throughout the week.

Step 2:Next, set up equations and perform the calculatio...
2025-08-06 09:10:41,166 - INFO - 提取答案: 40
2025-08-06 09:10:41,167 - INFO - 投票统计: {'voting_method': 'majority', 'best_answer': '40', 'vote_count': 5, 'total_paths': 10, 'valid_paths': 10, 'confidence': 0.5, 'answer_distribution': {'40': 5, '27': 1, '34': 2, '55': 1, '41': 1}, 'selected_path_idx': 0}
2025-08-06 09:10:41,168 - INFO - ==================================================
2025-08-06 09:10:41,169 - INFO - 
==================================================
2025-08-06 09:10:41,170 - INFO - 样本 399: Ronnie was given $5 while Rissa was given thrice as much. After each of them had given an equal amou...
2025-08-06 09:10:41,170 - INFO - 参考答案: Rissa was given $5 x 3 = $<<5*3=15>>15.
After Rissa had given an amount to her sister, she has $15 x 4/5 = $<<15*4/5=12>>12 left.
This means she has given $15 - $12 = $<<15-12=3>>3.
Since Ronnie had given the same amount as Rissa, then Ronnie is left with $5 - $3 = $<<5-3=2>>2.
#### 2
2025-08-06 09:10:41,171 - INFO - 提取参考答案: 2
2025-08-06 09:10:41,172 - INFO - 生成答案: 

Step 1:First, read the problem and identify what we need to find. We need to find out how much money Ronnie has left.

Step 2:Next, set up equations and perform the calculations. Let's assume Ronnie...
2025-08-06 09:10:41,173 - INFO - 提取答案: 5
2025-08-06 09:10:41,174 - INFO - 投票统计: {'voting_method': 'majority', 'best_answer': '5', 'vote_count': 3, 'total_paths': 10, 'valid_paths': 10, 'confidence': 0.3, 'answer_distribution': {'x': 1, '\\frac{25}{4}': 1, '48': 1, '5': 3, '\\frac{2x}{5}': 1, '2': 1, '2.50': 1, '4': 1}, 'selected_path_idx': 3}
2025-08-06 09:10:41,175 - INFO - ==================================================
2025-08-06 09:10:41,176 - INFO - 
==================================================
2025-08-06 09:10:41,177 - INFO - 样本 401: John drinks a bottle of water every half hour.  A normal sudoku puzzle takes him 45 minutes.  An ext...
2025-08-06 09:10:41,178 - INFO - 参考答案: He drinks a bottle of water every 60/2=<<60/2=30>>30 minutes
It takes him 45*4=<<45*4=180>>180 minutes to solve an extreme sudoku
So he drinks 180/30=<<180/30=6>>6 bottles in that time
#### 6
2025-08-06 09:10:41,179 - INFO - 提取参考答案: 6
2025-08-06 09:10:41,179 - INFO - 生成答案: 

Step 1:First, read the problem and identify what we need to find. We need to find the number of bottles of water John drinks in the time it takes him to solve the sudoku puzzles.

Step 2:Next, set u...
2025-08-06 09:10:41,180 - INFO - 提取答案: 360
2025-08-06 09:10:41,181 - INFO - 投票统计: {'voting_method': 'majority', 'best_answer': '360', 'vote_count': 3, 'total_paths': 10, 'valid_paths': 10, 'confidence': 0.3, 'answer_distribution': {'360': 3, '6': 1, '7': 2, '15': 2, '337': 1, '7.5': 1}, 'selected_path_idx': 0}
2025-08-06 09:10:41,182 - INFO - ==================================================
2025-08-06 09:10:41,183 - INFO - 
==================================================
2025-08-06 09:10:41,184 - INFO - 样本 406: Susan orders 3 magazines that send 12 issues a year.  She has 1 magazine that sends 6 issues a year....
2025-08-06 09:10:41,185 - INFO - 参考答案: She has 3 magazines that send 12 issues so that’s 3*12 = <<3*12=36>>36 issues
Her last magazine sends her 4 times the amount of the 6 issue magazine so that’s 4*6 = <<4*6=24>>24 issues
All total she receives 36+24+6 = <<36+24+6=66>>66 magazine issues a year
#### 66
2025-08-06 09:10:41,186 - INFO - 提取参考答案: 66
2025-08-06 09:10:41,187 - INFO - 生成答案: 

Step 1:First, read the problem and identify what we need to find. We need to find the total number of magazines Susan receives every year.

Step 2:Next, set up equations and perform the calculations...
2025-08-06 09:10:41,187 - INFO - 提取答案: 5
2025-08-06 09:10:41,188 - INFO - 投票统计: {'voting_method': 'majority', 'best_answer': '5', 'vote_count': 6, 'total_paths': 10, 'valid_paths': 10, 'confidence': 0.6, 'answer_distribution': {'5': 6, '66': 2, '3': 1, '42': 1}, 'selected_path_idx': 0}
2025-08-06 09:10:41,189 - INFO - ==================================================
2025-08-06 09:10:41,190 - INFO - 
==================================================
2025-08-06 09:10:41,191 - INFO - 样本 417: An interior design firm offers installation for $129.00.  It includes hanging 4 mirrors, 2 shelves, ...
2025-08-06 09:10:41,192 - INFO - 参考答案: The service includes 4 mirrors and she has 6 so that's 6-4 = <<6-4=2>>2 extra mirrors
An additional item is an extra $15.00 so that's 2*15 = $30.00
The service includes 1 chandelier and she has 2 so that's 2-1 = 1 extra chandelier
An additional item is an extra $15.00 so that's 1*15 = $<<1*15=15.00>>15.00
The service includes 10 pictures and she has 20 to that's 20-10 = <<20-10=10>>10 extra pictures
An additional item is an extra $15.00 so that's 10*15 = $<<10*15=150.00>>150.00
The service costs $129.00 and the extra mirrors are $30.00, the chandelier is $15.00 and the pictures are $150.00 for a total of 129+30+15+150 = $<<129+30+15+150=324.00>>324.00
#### 324
2025-08-06 09:10:41,193 - INFO - 提取参考答案: 324
2025-08-06 09:10:41,194 - INFO - 生成答案: 

Step 1:First, read the problem and identify what we need to find. We need to find the total cost of the installation for Angela.

Step 2:Next, set up equations and perform the calculations. The cost...
2025-08-06 09:10:41,195 - INFO - 提取答案: 549
2025-08-06 09:10:41,196 - INFO - 投票统计: {'voting_method': 'majority', 'best_answer': '549', 'vote_count': 8, 'total_paths': 10, 'valid_paths': 10, 'confidence': 0.8, 'answer_distribution': {'549': 8, '324': 1, '339': 1}, 'selected_path_idx': 0}
2025-08-06 09:10:41,197 - INFO - ==================================================
2025-08-06 09:10:41,198 - INFO - 
==================================================
2025-08-06 09:10:41,198 - INFO - 样本 420: Sasha notices that prices for lumber have gone up 50% in the last few months after she bought some l...
2025-08-06 09:10:41,199 - INFO - 参考答案: She bought the 2 x 4s for $100 because 10 x 10 = 100
She bought the 4 x 4s for 80 because 5 x 16 = 80
She paid $180 for the lumber because 100 + 80 = <<100+80=180>>180
The same number now sells for $270 because 180 x 1.5 = <<180*1.5=270>>270
She made $90 in profit because 270 - 180 = <<270-180=90>>90
#### 90
2025-08-06 09:10:41,200 - INFO - 提取参考答案: 90
2025-08-06 09:10:41,201 - INFO - 生成答案: 

Step 1:First, read the problem and identify what we need to find. We need to find the profit Sasha makes from selling the leftover lumber.

Step 2:Next, set up equations and perform the calculations...
2025-08-06 09:10:41,202 - INFO - 提取答案: 180
2025-08-06 09:10:41,203 - INFO - 投票统计: {'voting_method': 'majority', 'best_answer': '180', 'vote_count': 3, 'total_paths': 10, 'valid_paths': 10, 'confidence': 0.3, 'answer_distribution': {'90': 2, '180': 3, '80': 1, '1480': 1, '50': 1, '0': 1, '20': 1}, 'selected_path_idx': 1}
2025-08-06 09:10:41,204 - INFO - ==================================================
2025-08-06 09:10:41,205 - INFO - 
==================================================
2025-08-06 09:10:41,206 - INFO - 样本 424: Theo has $6000 he wishes to spend on his upcoming business trip to South Africa. He buys 6 business ...
2025-08-06 09:10:41,206 - INFO - 参考答案: Theo buys business suits for 6 suits * $100/suit = $<<6*100=600>>600.
Theo buys suitcases for 3 suitcases * $50/suitcase = $<<3*50=150>>150.
Theo buys a flight ticket that costs $700 + 5 * $100 = $<<700+5*100=1200>>1200.
Theo can spend $6000 - $600 - $150 - $1200 - $2000 = $<<6000-600-150-1200-2000=2050>>2050 on gifts for his friends.
#### 2050
2025-08-06 09:10:41,207 - INFO - 提取参考答案: 2050
2025-08-06 09:10:41,208 - INFO - 生成答案: 

Step 1:First, read the problem and identify what we need to find. We need to find the amount of money that Theo has to spend on buying gifts for his business partners in South Africa.

Step 2:Next, ...
2025-08-06 09:10:41,209 - INFO - 提取答案: 2550
2025-08-06 09:10:41,210 - INFO - 投票统计: {'voting_method': 'majority', 'best_answer': '2550', 'vote_count': 3, 'total_paths': 10, 'valid_paths': 10, 'confidence': 0.3, 'answer_distribution': {'2550': 3, '2250': 1, '1950': 1, '50': 3, '4000': 1, '2350': 1}, 'selected_path_idx': 0}
2025-08-06 09:10:41,211 - INFO - ==================================================
2025-08-06 09:10:41,212 - INFO - 
==================================================
2025-08-06 09:10:41,213 - INFO - 样本 425: While at the dollar store, Sloane counts 100 customers entering the store. The next day, she counts ...
2025-08-06 09:10:41,214 - INFO - 参考答案: On the second day, she counted 100+50 = <<100+50=150>>150 customers.
The total for the first two days is 150+100 = <<150+100=250>>250 customers.
If the total count for three days was 500, she counted 500-250 = <<500-250=250>>250 customers on the third day.
#### 250
2025-08-06 09:10:41,215 - INFO - 提取参考答案: 250
2025-08-06 09:10:41,215 - INFO - 生成答案: 

Step 1:First, read the problem and identify what we need to find. We need to find the number of customers Sloane counted on the third day.

Step 2:Next, set up equations and perform the calculations...
2025-08-06 09:10:41,216 - INFO - 提取答案: 500
2025-08-06 09:10:41,217 - INFO - 投票统计: {'voting_method': 'majority', 'best_answer': '500', 'vote_count': 2, 'total_paths': 10, 'valid_paths': 10, 'confidence': 0.2, 'answer_distribution': {'500': 2, '183': 2, '150': 1, '133': 1, '350': 1, '152': 1, '166': 1, '275': 1}, 'selected_path_idx': 0}
2025-08-06 09:10:41,218 - INFO - ==================================================
2025-08-06 09:10:41,219 - INFO - 
==================================================
2025-08-06 09:10:41,220 - INFO - 样本 432: Emil is 19 years old now. When he turns 24, he will be half the age of his dad but twice as old as h...
2025-08-06 09:10:41,221 - INFO - 参考答案: His dad will be 24 x 2 = <<24*2=48>>48 years old when Emil is 24.
His brother will be 24 / 2 = <<24/2=12>>12 years old then.
Emil will turn 24 in 24 - 19 = <<24-19=5>>5 years.
The age of his father now is 48 - 5= <<48-5=43>>43.
His brother is 12 - 5 = <<12-5=7>>7 years old right now.
The sum of his dad's and his brother's ages now is 43 + 7 = <<43+7=50>>50.
#### 50
2025-08-06 09:10:41,222 - INFO - 提取参考答案: 50
2025-08-06 09:10:41,223 - INFO - 生成答案: 

Step 1:First, read the problem and identify what we need to find. We need to find the sum of the ages of Emil's dad and his brother now.

Step 2:Next, set up equations and perform the calculations. ...
2025-08-06 09:10:41,224 - INFO - 提取答案: 60
2025-08-06 09:10:41,225 - INFO - 投票统计: {'voting_method': 'majority', 'best_answer': '60', 'vote_count': 4, 'total_paths': 10, 'valid_paths': 10, 'confidence': 0.4, 'answer_distribution': {'60': 4, '84': 1, '50': 1, '55': 1, '38': 1, '86': 1, '12': 1}, 'selected_path_idx': 0}
2025-08-06 09:10:41,226 - INFO - ==================================================
2025-08-06 09:10:41,226 - INFO - 
==================================================
2025-08-06 09:10:41,227 - INFO - 样本 440: John plans to sell all his toys and use the money to buy video games. He has 13 lego sets and he sel...
2025-08-06 09:10:41,228 - INFO - 参考答案: He spent $160 on video games because 8 x 20 = <<8*20=160>>160
He earned $165 from his sale because 160 + 5 = <<160+5=165>>165
He sold 11 lego sets because 11 x 15 = <<11*15=165>>165
He has 2 sets left because 13 - 11 = <<13-11=2>>2
#### 2
2025-08-06 09:10:41,229 - INFO - 提取参考答案: 2
2025-08-06 09:10:41,230 - INFO - 生成答案: 

Step 1:First, read the problem and identify what we need to find. We need to find the number of lego sets John still has.

Step 2:Next, set up equations and perform the calculations. The money John ...
2025-08-06 09:10:41,231 - INFO - 提取答案: 0
2025-08-06 09:10:41,232 - INFO - 投票统计: {'voting_method': 'majority', 'best_answer': '0', 'vote_count': 4, 'total_paths': 10, 'valid_paths': 10, 'confidence': 0.4, 'answer_distribution': {'11': 2, '0': 4, '13': 2, '12': 1, '2': 1}, 'selected_path_idx': 1}
2025-08-06 09:10:41,233 - INFO - ==================================================
2025-08-06 09:10:41,234 - INFO - 
==================================================
2025-08-06 09:10:41,234 - INFO - 样本 442: Brinley is in Mr. Bert's math class. Mr. Bert gives six tests each semester. He allows the students ...
2025-08-06 09:10:41,235 - INFO - 参考答案: First, identify the lowest score, which is 71, and remove it.
Since Brinley wants a score of 93, we know her total score needs to be 93 (average) * 5 (tests) = <<93*5=465>>465 points
So far, Brinley has earned 89 + 92 +100 + 86 = <<89+92+100+86=367>>367 points
The final test must be 465 - 367 = <<465-367=98>>98 points.
#### 98
2025-08-06 09:10:41,236 - INFO - 提取参考答案: 98
2025-08-06 09:10:41,237 - INFO - 生成答案: 

Step 1:First, read the problem and identify what we need to find. We need to find the score that Brinley needs on the sixth test to get an average of 93.

Step 2:Next, set up equations and perform t...
2025-08-06 09:10:41,238 - INFO - 提取答案: 120
2025-08-06 09:10:41,239 - INFO - 投票统计: {'voting_method': 'majority', 'best_answer': '120', 'vote_count': 6, 'total_paths': 10, 'valid_paths': 10, 'confidence': 0.6, 'answer_distribution': {'120': 6, '191': 2, '95': 1, '98': 1}, 'selected_path_idx': 0}
2025-08-06 09:10:41,240 - INFO - ==================================================
2025-08-06 09:10:41,241 - INFO - 
==================================================
2025-08-06 09:10:41,242 - INFO - 样本 446: Ruiz can make 120 pounds of chocolates in two hours. Marissa makes 3/4 times as many pounds of choco...
2025-08-06 09:10:41,242 - INFO - 参考答案: Merissa makes 3/4 * 120 pounds = <<3/4*120=90>>90 pounds of chocolate in an hour.
Ruiz makes 120 pounds of chocolate in two hours; this means she makes 120 pounds / 2 hours = <<120/2=60>>60 pounds of chocolate in an hour.
If they worked for 12 hours, Ruiz made 12 hours * 60 pounds/hour = <<12*60=720>>720 pounds of chocolate while
Marissa made 90 pounds/hour * 12 hours = <<90*12=1080>>1080 pounds of chocolate
The combined amount of pounds of chocolate they both ate is 1080 pounds + 720 pounds = <<1080+720=1800>>1800 pounds of chocolate
#### 1800
2025-08-06 09:10:41,243 - INFO - 提取参考答案: 1800
2025-08-06 09:10:41,244 - INFO - 生成答案: 

Step 1:First, read the problem and identify what we need to find. We need to find the total amount of chocolate pounds they made together.

Step 2:Next, set up equations and perform the calculations...
2025-08-06 09:10:41,245 - INFO - 提取答案: 1260
2025-08-06 09:10:41,246 - INFO - 投票统计: {'voting_method': 'majority', 'best_answer': '1260', 'vote_count': 10, 'total_paths': 10, 'valid_paths': 10, 'confidence': 1.0, 'answer_distribution': {'1260': 10}, 'selected_path_idx': 0}
2025-08-06 09:10:41,247 - INFO - ==================================================
2025-08-06 09:10:41,248 - INFO - 
==================================================
2025-08-06 09:10:41,249 - INFO - 样本 453: Johnny's dad brought him to watch some horse racing and his dad bet money. On the first race, he los...
2025-08-06 09:10:41,250 - INFO - 参考答案: On the second race he won $11 because 1+ 5 x 2 = <<1+5*2=11>>11
On the third race he lost $15 because 10 x 1.5 = <<10*1.5=15>>15
He lost a total of $20 on the first and third races because 15 + 5 = <<15+5=20>>20

He lost $9 that day because 11 - 20 = <<11-20=-9>>-9
He lost an average of $3 per race because 9 / 3 = <<9/3=3>>3
#### 3
2025-08-06 09:10:41,251 - INFO - 提取参考答案: 3
2025-08-06 09:10:41,252 - INFO - 生成答案: 

Step 1:First, read the problem and identify what we need to find. We need to find the average amount of money Johnny's dad lost that day.

Step 2:Next, set up equations and perform the calculations....
2025-08-06 09:10:41,252 - INFO - 提取答案: 10.8333
2025-08-06 09:10:41,253 - INFO - 投票统计: {'voting_method': 'majority', 'best_answer': '10.8333', 'vote_count': 4, 'total_paths': 10, 'valid_paths': 10, 'confidence': 0.4, 'answer_distribution': {'10.8333': 4, '7.17': 2, '10.83': 3, '9.17': 1}, 'selected_path_idx': 0}
2025-08-06 09:10:41,254 - INFO - ==================================================
2025-08-06 09:10:41,255 - INFO - 
==================================================
2025-08-06 09:10:41,256 - INFO - 样本 456: Chase and Rider can ride their bikes thrice a day for 5 days; but on two other days, they ride twice...
2025-08-06 09:10:41,257 - INFO - 参考答案: Each person rides his bike 3 x 5 = <<3*5=15>>15 times for 5 days.
Together, they ride 15+15 = <<15+15=30>>30 times for five days.
Each person rides his bike 3 x 2 = <<3*2=6>>6 times for every day of the other two days.
This means each person rides 6*2 = <<6*2=12>>12 times on each day of the other two days.
The total for the other two days is 12+12 = <<12+12=24>>24
For the whole week the together ride 24+30 = <<24+30=54>>54 times
#### 54
2025-08-06 09:10:41,258 - INFO - 提取参考答案: 54
2025-08-06 09:10:41,259 - INFO - 生成答案: 

Step 1:First, read the problem and identify what we need to find. We need to find the total number of times Chase and Rider ride their bikes a week.

Step 2:Next, set up equations and perform the ca...
2025-08-06 09:10:41,260 - INFO - 提取答案: 27
2025-08-06 09:10:41,261 - INFO - 投票统计: {'voting_method': 'majority', 'best_answer': '27', 'vote_count': 3, 'total_paths': 10, 'valid_paths': 10, 'confidence': 0.3, 'answer_distribution': {'19': 1, '26': 1, '27': 3, '30': 1, '38': 1, '57': 1, '12': 1, '13': 1}, 'selected_path_idx': 2}
2025-08-06 09:10:41,261 - INFO - ==================================================
2025-08-06 09:10:41,262 - INFO - 
==================================================
2025-08-06 09:10:41,263 - INFO - 样本 460: John visits his parents twice a month.  It takes him 2 hours to drive there at a speed of 70 mph.  C...
2025-08-06 09:10:41,264 - INFO - 参考答案: His parents live 70*2=<<70*2=140>>140 miles away
So he drives 140*2=<<140*2=280>>280 miles a round trip
280*2 = <<280*2=560>>560 miles a month
#### 560
2025-08-06 09:10:41,265 - INFO - 提取参考答案: 560
2025-08-06 09:10:41,266 - INFO - 生成答案: 

Step 1:First, read the problem and identify what we need to find. We need to find the total distance John drives in a month when visiting his parents.

Step 2:Next, set up equations and perform the ...
2025-08-06 09:10:41,267 - INFO - 提取答案: 280
2025-08-06 09:10:41,268 - INFO - 投票统计: {'voting_method': 'majority', 'best_answer': '280', 'vote_count': 7, 'total_paths': 10, 'valid_paths': 10, 'confidence': 0.7, 'answer_distribution': {'560': 3, '280': 7}, 'selected_path_idx': 2}
2025-08-06 09:10:41,269 - INFO - ==================================================
2025-08-06 09:10:41,270 - INFO - 
==================================================
2025-08-06 09:10:41,270 - INFO - 样本 470: A team of 4 painters worked on a mansion for 3/8ths of a day every day for 3 weeks. How many hours o...
2025-08-06 09:10:41,271 - INFO - 参考答案: There are 24 hours in a day so 3/8ths of a day is (3/8)*24 = <<3/8*24=9>>9 hours
One week has 7 days so 3 weeks have 7*3 = <<7*3=21>>21 days
Each painter put in 9*21 = <<9*21=189>>189 hours of work
#### 189
2025-08-06 09:10:41,272 - INFO - 提取参考答案: 189
2025-08-06 09:10:41,273 - INFO - 生成答案: 

Step 1:First, read the problem and identify what we need to find. We need to find the number of hours of work each painter put in.

Step 2:Next, set up equations and perform the calculations. Since ...
2025-08-06 09:10:41,274 - INFO - 提取答案: 47.25
2025-08-06 09:10:41,275 - INFO - 投票统计: {'voting_method': 'majority', 'best_answer': '47.25', 'vote_count': 3, 'total_paths': 10, 'valid_paths': 10, 'confidence': 0.3, 'answer_distribution': {'47.25': 3, '6.75': 2, '15.75': 1, '1.96875': 2, '1.984': 1, '2': 1}, 'selected_path_idx': 0}
2025-08-06 09:10:41,276 - INFO - ==================================================
2025-08-06 09:10:41,277 - INFO - 
==================================================
2025-08-06 09:10:41,278 - INFO - 样本 472: Jo has been making face masks. She can make 4 small masks with 2 yards of material and 3 large masks...
2025-08-06 09:10:41,278 - INFO - 参考答案: It takes 2 yards of material / 4 small masks = <<2/4=0.5>>0.5 yards of material per mask.
It takes 2.25 yards of material / 3 large masks = <<2.25/3=0.75>>0.75 yards of material per mask.
For the small masks, it will take 20 masks x 0.5 yards = <<20*0.5=10>>10 yards of material.
For the large masks, it will take 8 masks x 0.75 yards = <<8*0.75=6>>6 yards of material.
In all, it will take 10 yards + 6 yards = <<10+6=16>>16 yards of material.
#### 16
2025-08-06 09:10:41,280 - INFO - 提取参考答案: 16
2025-08-06 09:10:41,281 - INFO - 生成答案: 

Step 1:First, read the problem and identify what we need to find. We need to find the total amount of material Jo would need to make 20 small and 8 large masks.

Step 2:Next, set up equations and pe...
2025-08-06 09:10:41,281 - INFO - 提取答案: 58
2025-08-06 09:10:41,282 - INFO - 投票统计: {'voting_method': 'majority', 'best_answer': '58', 'vote_count': 5, 'total_paths': 10, 'valid_paths': 10, 'confidence': 0.5, 'answer_distribution': {'58': 5, '16': 5}, 'selected_path_idx': 0}
2025-08-06 09:10:41,283 - INFO - ==================================================
2025-08-06 09:10:41,284 - INFO - 
==================================================
2025-08-06 09:10:41,285 - INFO - 样本 474: Carla is downloading a 200 GB file. Normally she can download 2 GB/minute, but 40% of the way throug...
2025-08-06 09:10:41,286 - INFO - 参考答案: First find how many gigabytes are in 40% of the file: 200 GB * 40% = <<200*40*.01=80>>80 GB
Then divide that number by the download rate to find the time until Windows restarts: 80 GB / 2 GB/minute = <<80/2=40>>40 minutes
Then find the time to download the whole file after the restart: 200 GB / 2 GB/minute = <<200/2=100>>100 minutes
Then add the time to download 40% of the file, to download the whole file, and to wait for Windows to update: 40 minutes + 100 minutes + 20 minutes = <<40+100+20=160>>160 minutes
#### 160
2025-08-06 09:10:41,287 - INFO - 提取参考答案: 160
2025-08-06 09:10:41,288 - INFO - 生成答案: 

Step 1:First, read the problem and identify what we need to find. We need to find the total time it takes to download the file.

Step 2:Next, set up equations and perform the calculations. The first...
2025-08-06 09:10:41,289 - INFO - 提取答案: 120
2025-08-06 09:10:41,290 - INFO - 投票统计: {'voting_method': 'majority', 'best_answer': '120', 'vote_count': 5, 'total_paths': 10, 'valid_paths': 10, 'confidence': 0.5, 'answer_distribution': {'120': 5, '60': 1, '140': 1, '220': 1, '159.335': 1, '160': 1}, 'selected_path_idx': 0}
2025-08-06 09:10:41,291 - INFO - ==================================================
2025-08-06 09:10:41,291 - INFO - 
==================================================
2025-08-06 09:10:41,292 - INFO - 样本 478: It is approximately 1955 kilometers from San Diego, California to New York City, New York. If Bernic...
2025-08-06 09:10:41,293 - INFO - 参考答案: 325 * 4 = <<325*4=1300>>1300 km
1955 - 1300 = <<1955-1300=655>>655 km
Bernice will still have 655 kilometers to travel.
#### 655
2025-08-06 09:10:41,294 - INFO - 提取参考答案: 655
2025-08-06 09:10:41,295 - INFO - 生成答案: 

Step 1:First, read the problem and identify what we need to find. We need to find the number of kilometers Bernice still needs to drive.

Step 2:Next, set up equations and perform the calculations. ...
2025-08-06 09:10:41,296 - INFO - 提取答案: 1630
2025-08-06 09:10:41,297 - INFO - 投票统计: {'voting_method': 'majority', 'best_answer': '1630', 'vote_count': 8, 'total_paths': 10, 'valid_paths': 10, 'confidence': 0.8, 'answer_distribution': {'1630': 8, '1631': 1, '655': 1}, 'selected_path_idx': 0}
2025-08-06 09:10:41,298 - INFO - ==================================================
2025-08-06 09:10:41,299 - INFO - 
==================================================
2025-08-06 09:10:41,300 - INFO - 样本 480: Mary is an avid gardener. Yesterday, she received 18 new potted plants from her favorite plant nurse...
2025-08-06 09:10:41,301 - INFO - 参考答案: Yesterday, before receiving the plants, Mary had 2*40 = <<2*40=80>>80 potted plants
After receiving an additional 18 plants, she therefore had a total of 80 + 18 = <<80+18=98>>98 potted plants
Tomorrow, Mary’s plant giveaway will be 40 *1 = <<40*1=40>>40 potted plants.
She will therefore remain with 98 - 40 = <<98-40=58>>58 potted plants.
#### 58
2025-08-06 09:10:41,301 - INFO - 提取参考答案: 58
2025-08-06 09:10:41,302 - INFO - 生成答案: 

Step 1:First, read the problem and identify what we need to find. We need to find the number of potted plants that Mary will remain with after giving 1 plant from each ledge to her friends and famil...
2025-08-06 09:10:41,303 - INFO - 提取答案: 40
2025-08-06 09:10:41,304 - INFO - 投票统计: {'voting_method': 'majority', 'best_answer': '40', 'vote_count': 5, 'total_paths': 10, 'valid_paths': 10, 'confidence': 0.5, 'answer_distribution': {'40': 5, '58': 5}, 'selected_path_idx': 0}
2025-08-06 09:10:41,305 - INFO - ==================================================
2025-08-06 09:10:41,306 - INFO - 
==================================================
2025-08-06 09:10:41,307 - INFO - 样本 485: The book is printed on paper that, when stacked, is 100 pages to the inch. Each paper is printed on ...
2025-08-06 09:10:41,308 - INFO - 参考答案: There are 1.5*100=<<1.5*100=150>>150 pieces of paper.
Then there are 150*2=<<150*2=300>>300 pages.
#### 300
2025-08-06 09:10:41,309 - INFO - 提取参考答案: 300
2025-08-06 09:10:41,310 - INFO - 生成答案: 

Step 1:First, read the problem and identify what we need to find. We need to find the number of pages in the book.

Step 2:Next, set up equations and perform the calculations. Since the paper is 100...
2025-08-06 09:10:41,310 - INFO - 提取答案: 150
2025-08-06 09:10:41,311 - INFO - 投票统计: {'voting_method': 'majority', 'best_answer': '150', 'vote_count': 3, 'total_paths': 10, 'valid_paths': 10, 'confidence': 0.3, 'answer_distribution': {'150': 3, '3': 1, '2': 1, '75': 1, '6': 1, '30': 2, '300': 1}, 'selected_path_idx': 0}
2025-08-06 09:10:41,312 - INFO - ==================================================
2025-08-06 09:10:41,313 - INFO - 
==================================================
2025-08-06 09:10:41,314 - INFO - 样本 494: Jen decides to travel to 3 different countries.  He has to pay $400 for the supplies he needs, in to...
2025-08-06 09:10:41,315 - INFO - 参考答案: He pays 400*.5=$<<400*.5=200>>200 more for tickets than supplies
That means the tickets cost 400+200=$<<400+200=600>>600
So it cost 600+400=$<<600+400=1000>>1000 in total.
#### 1000
2025-08-06 09:10:41,316 - INFO - 提取参考答案: 1000
2025-08-06 09:10:41,317 - INFO - 生成答案: 

Step 1:First, read the problem and identify what we need to find. We need to find the total cost of the travel.

Step 2:Next, set up equations and perform the calculations. The total cost of the tra...
2025-08-06 09:10:41,318 - INFO - 提取答案: 600
2025-08-06 09:10:41,319 - INFO - 投票统计: {'voting_method': 'majority', 'best_answer': '600', 'vote_count': 9, 'total_paths': 10, 'valid_paths': 10, 'confidence': 0.9, 'answer_distribution': {'600': 9, '1000': 1}, 'selected_path_idx': 0}
2025-08-06 09:10:41,320 - INFO - ==================================================
2025-08-06 09:10:41,321 - INFO - 
==================================================
2025-08-06 09:10:41,321 - INFO - 样本 498: When the water is cold Ray swims a mile in 16 minutes. When the water is warm Ray swims a mile in 2 ...
2025-08-06 09:10:41,322 - INFO - 参考答案: Cold water mile = <<16=16>>16 minutes
Warm water mile = 2+2(16)=34 minutes
3 miles in cold water: 3(16)=<<3*16=48>>48 minutes
3 miles in warm water: 3(34)=<<3*34=102>>102 minutes
Ray takes 102-48=<<102-48=54>>54 minutes longer
#### 54
2025-08-06 09:10:41,323 - INFO - 提取参考答案: 54
2025-08-06 09:10:41,324 - INFO - 生成答案: 

Step 1:First, read the problem and identify what we need to find. We need to find the difference in time between Ray's swim on a hot day and a cold day.

Step 2:Next, set up equations and perform th...
2025-08-06 09:10:41,325 - INFO - 提取答案: 60
2025-08-06 09:10:41,326 - INFO - 投票统计: {'voting_method': 'majority', 'best_answer': '60', 'vote_count': 4, 'total_paths': 10, 'valid_paths': 10, 'confidence': 0.4, 'answer_distribution': {'60': 4, '54': 3, '0': 1, '6': 1, '12': 1}, 'selected_path_idx': 0}
2025-08-06 09:10:41,327 - INFO - ==================================================
2025-08-06 09:10:41,328 - INFO - 
==================================================
2025-08-06 09:10:41,329 - INFO - 样本 521: A simple folding newspaper or tabloid can be made by folding a piece of paper vertically and unfoldi...
2025-08-06 09:10:41,330 - INFO - 参考答案: Each piece prints 4 pages.
Then 32/4=<<32/4=8>>8 pieces of paper would be used.
#### 8
2025-08-06 09:10:41,331 - INFO - 提取参考答案: 8
2025-08-06 09:10:41,332 - INFO - 生成答案: 

Step 1:First, read the problem and identify what we need to find. We need to find the number of pieces of paper used in a 32-page tabloid.

Step 2:Next, set up equations and perform the calculations...
2025-08-06 09:10:41,333 - INFO - 提取答案: 64
2025-08-06 09:10:41,333 - INFO - 投票统计: {'voting_method': 'majority', 'best_answer': '64', 'vote_count': 4, 'total_paths': 10, 'valid_paths': 10, 'confidence': 0.4, 'answer_distribution': {'64': 4, '63': 1, '16': 1, '62': 1, '8': 1, '32': 2}, 'selected_path_idx': 0}
2025-08-06 09:10:41,334 - INFO - ==================================================
2025-08-06 09:10:41,335 - INFO - 
==================================================
2025-08-06 09:10:41,336 - INFO - 样本 531: A company pays each of its employees $600 in a month. The company has a policy of increasing the sal...
2025-08-06 09:10:41,337 - INFO - 参考答案: In a month, Sylvie earns $600. which totals $600/month * 12 months/year = $7200 in a year.
Sylvie earnings will increase by 10/100 * $7200/year = $<<10/100*7200=720>>720/year after 5 years.
In three years, the total increase in her salary will be 3 years * $720/year = $<<3*720=2160>>2160
After three years, Sylvie will be paid $7200 + $2160 = $<<7200+2160=9360>>9360
#### 9360
2025-08-06 09:10:41,338 - INFO - 提取参考答案: 9360
2025-08-06 09:10:41,339 - INFO - 生成答案: 

Step 1:First, read the problem and identify what we need to find. We need to find Sylvie's annual salary after three more years of service.

Step 2:Next, set up equations and perform the calculation...
2025-08-06 09:10:41,340 - INFO - 提取答案: 966.3
2025-08-06 09:10:41,341 - INFO - 投票统计: {'voting_method': 'majority', 'best_answer': '966.3', 'vote_count': 1, 'total_paths': 10, 'valid_paths': 10, 'confidence': 0.1, 'answer_distribution': {'966.3': 1, '966.30': 1, '1320': 1, '1370': 1, '106': 1, '966.306': 1, '798.60': 1, '103': 1, '1277.71': 1, '878.46': 1}, 'selected_path_idx': 0}
2025-08-06 09:10:41,342 - INFO - ==================================================
2025-08-06 09:10:41,343 - INFO - 
==================================================
2025-08-06 09:10:41,343 - INFO - 样本 533: Tom bought a CD for $4, and a headphone set. In total, he paid $48. How many more CDs would Tom have...
2025-08-06 09:10:41,344 - INFO - 参考答案: The headphone set cost was 48 - 4 = $<<48-4=44>>44.
That means, for that money Tom would be able to buy 44 / 4 = <<44/4=11>>11 more CDs.
#### 11
2025-08-06 09:10:41,345 - INFO - 提取参考答案: 11
2025-08-06 09:10:41,346 - INFO - 生成答案: 

Step 1:First, read the problem and identify what we need to find. We need to find out how many more CDs Tom would have been able to buy if he had decided not to buy the headphone set.

Step 2:Next, ...
2025-08-06 09:10:41,347 - INFO - 提取答案: 0
2025-08-06 09:10:41,348 - INFO - 投票统计: {'voting_method': 'majority', 'best_answer': '0', 'vote_count': 2, 'total_paths': 10, 'valid_paths': 10, 'confidence': 0.2, 'answer_distribution': {'8': 1, '11': 1, '0': 2, '10': 1, '12': 2, '6': 1, '4': 1, '5': 1}, 'selected_path_idx': 2}
2025-08-06 09:10:41,349 - INFO - ==================================================
2025-08-06 09:10:41,350 - INFO - 
==================================================
2025-08-06 09:10:41,351 - INFO - 样本 539: John drives to his friend's house 200 miles away.  He drives at a speed of 70 mph.  He had to take a...
2025-08-06 09:10:41,352 - INFO - 参考答案: The first leg was 200+10=<<200+10=210>>210 miles
So he drove 210/70=<<210/70=3>>3 hours
The second route took 240/80=<<240/80=3>>3 hours
So in total he drove 3+3=<<3+3=6>>6 hours
#### 6
2025-08-06 09:10:41,353 - INFO - 提取参考答案: 6
2025-08-06 09:10:41,354 - INFO - 生成答案: 

Step 1:First, read the problem and identify what we need to find. We need to find the total time it took for John to complete his trip.

Step 2:Next, set up equations and perform the calculations. T...
2025-08-06 09:10:41,355 - INFO - 提取答案: 5.86
2025-08-06 09:10:41,356 - INFO - 投票统计: {'voting_method': 'majority', 'best_answer': '5.86', 'vote_count': 7, 'total_paths': 10, 'valid_paths': 10, 'confidence': 0.7, 'answer_distribution': {'5.86': 7, '6': 3}, 'selected_path_idx': 0}
2025-08-06 09:10:41,357 - INFO - ==================================================
2025-08-06 09:10:41,358 - INFO - 
==================================================
2025-08-06 09:10:41,358 - INFO - 样本 542: An airport has only 2 planes that fly multiple times a day. Each day, the first plane goes to Greece...
2025-08-06 09:10:41,359 - INFO - 参考答案: The second plane flies half as much as the first, so the first plane makes 44 flights * 2 = <<44*2=88>>88 flights a day.
If 3/4 of the first plane’s flights are to Greece, then flights to France or Germany make up 1 – 3/4 = 1/4 of the total daily flights.
Therefore, 88 daily flights / 4 = <<88/4=22>>22 flights to France or Germany.
Splitting these flights equally means the first plane makes 22 flights / 2 = <<22/2=11>>11 flights to France in one day.
#### 11
2025-08-06 09:10:41,360 - INFO - 提取参考答案: 11
2025-08-06 09:10:41,361 - INFO - 生成答案: 

Step 1:First, read the problem and identify what we need to find. We need to find the number of flights to France that the first plane takes in one day.

Step 2:Next, set up equations an