2025-08-04 20:58:01,309 - INFO - 配置文件验证通过
2025-08-04 20:58:01,311 - INFO - 随机种子已设置为: 42
2025-08-04 20:58:01,312 - INFO - 使用已提供的模型实例: Llama-3.2-3B-Instruct
2025-08-04 20:58:01,312 - INFO - 加载数据集: GSM8k_test
2025-08-04 20:58:01,313 - INFO - 随机种子已设置为: 42
2025-08-04 20:58:01,320 - INFO - 数据集加载完成，共 1319 条数据，已打乱顺序
2025-08-04 20:58:01,321 - INFO - 使用投票机制，每个问题生成 10 条路径
2025-08-04 20:58:01,321 - INFO - 批量生成模式：为 1319 个问题各生成 10 条路径
2025-08-04 20:58:01,324 - INFO - 开始CoT生成，共4个步骤:
2025-08-04 20:58:01,325 - INFO - 开始CoT步骤 1，min_p=0.2
2025-08-04 20:58:03,993 - INFO - 开始CoT步骤 2，min_p=0.2
2025-08-04 20:58:16,167 - INFO - 开始CoT步骤 3，min_p=0.6
2025-08-04 20:58:27,000 - INFO - 开始CoT步骤 4，min_p=1
2025-08-04 20:58:31,916 - INFO - CoT生成完成，共 1319 条CoT
2025-08-04 20:58:31,940 - INFO - 开始CoT生成，共4个步骤:
2025-08-04 20:58:31,942 - INFO - 开始CoT步骤 1，min_p=0.2
2025-08-04 20:58:34,606 - INFO - 开始CoT步骤 2，min_p=0.2
2025-08-04 20:58:46,956 - INFO - 开始CoT步骤 3，min_p=0.6
2025-08-04 20:58:57,681 - INFO - 开始CoT步骤 4，min_p=1
2025-08-04 20:59:02,587 - INFO - CoT生成完成，共 1319 条CoT
2025-08-04 20:59:02,616 - INFO - 开始CoT生成，共4个步骤:
2025-08-04 20:59:02,617 - INFO - 开始CoT步骤 1，min_p=0.2
2025-08-04 20:59:05,227 - INFO - 开始CoT步骤 2，min_p=0.2
2025-08-04 20:59:17,273 - INFO - 开始CoT步骤 3，min_p=0.6
2025-08-04 20:59:27,743 - INFO - 开始CoT步骤 4，min_p=1
2025-08-04 20:59:32,684 - INFO - CoT生成完成，共 1319 条CoT
2025-08-04 20:59:32,707 - INFO - 开始CoT生成，共4个步骤:
2025-08-04 20:59:32,708 - INFO - 开始CoT步骤 1，min_p=0.2
2025-08-04 20:59:34,999 - INFO - 开始CoT步骤 2，min_p=0.2
2025-08-04 20:59:47,202 - INFO - 开始CoT步骤 3，min_p=0.6
2025-08-04 20:59:58,092 - INFO - 开始CoT步骤 4，min_p=1
2025-08-04 21:00:02,719 - INFO - CoT生成完成，共 1319 条CoT
2025-08-04 21:00:02,741 - INFO - 开始CoT生成，共4个步骤:
2025-08-04 21:00:02,742 - INFO - 开始CoT步骤 1，min_p=0.2
2025-08-04 21:00:05,053 - INFO - 开始CoT步骤 2，min_p=0.2
2025-08-04 21:00:17,116 - INFO - 开始CoT步骤 3，min_p=0.6
2025-08-04 21:00:28,323 - INFO - 开始CoT步骤 4，min_p=1
2025-08-04 21:00:33,396 - INFO - CoT生成完成，共 1319 条CoT
2025-08-04 21:00:33,416 - INFO - 开始CoT生成，共4个步骤:
2025-08-04 21:00:33,418 - INFO - 开始CoT步骤 1，min_p=0.2
2025-08-04 21:00:35,722 - INFO - 开始CoT步骤 2，min_p=0.2
2025-08-04 21:00:47,919 - INFO - 开始CoT步骤 3，min_p=0.6
2025-08-04 21:00:58,702 - INFO - 开始CoT步骤 4，min_p=1
2025-08-04 21:01:03,602 - INFO - CoT生成完成，共 1319 条CoT
2025-08-04 21:01:03,625 - INFO - 开始CoT生成，共4个步骤:
2025-08-04 21:01:03,627 - INFO - 开始CoT步骤 1，min_p=0.2
2025-08-04 21:01:05,886 - INFO - 开始CoT步骤 2，min_p=0.2
2025-08-04 21:01:17,942 - INFO - 开始CoT步骤 3，min_p=0.6
2025-08-04 21:01:28,871 - INFO - 开始CoT步骤 4，min_p=1
2025-08-04 21:01:33,783 - INFO - CoT生成完成，共 1319 条CoT
2025-08-04 21:01:33,804 - INFO - 开始CoT生成，共4个步骤:
2025-08-04 21:01:33,805 - INFO - 开始CoT步骤 1，min_p=0.2
2025-08-04 21:01:36,082 - INFO - 开始CoT步骤 2，min_p=0.2
2025-08-04 21:01:48,211 - INFO - 开始CoT步骤 3，min_p=0.6
2025-08-04 21:01:59,127 - INFO - 开始CoT步骤 4，min_p=1
2025-08-04 21:02:03,791 - INFO - CoT生成完成，共 1319 条CoT
2025-08-04 21:02:03,812 - INFO - 开始CoT生成，共4个步骤:
2025-08-04 21:02:03,814 - INFO - 开始CoT步骤 1，min_p=0.2
2025-08-04 21:02:06,432 - INFO - 开始CoT步骤 2，min_p=0.2
2025-08-04 21:02:18,707 - INFO - 开始CoT步骤 3，min_p=0.6
2025-08-04 21:02:29,533 - INFO - 开始CoT步骤 4，min_p=1
2025-08-04 21:02:33,564 - INFO - CoT生成完成，共 1319 条CoT
2025-08-04 21:02:33,585 - INFO - 开始CoT生成，共4个步骤:
2025-08-04 21:02:33,586 - INFO - 开始CoT步骤 1，min_p=0.2
2025-08-04 21:02:36,236 - INFO - 开始CoT步骤 2，min_p=0.2
2025-08-04 21:02:48,409 - INFO - 开始CoT步骤 3，min_p=0.6
2025-08-04 21:02:59,072 - INFO - 开始CoT步骤 4，min_p=1
2025-08-04 21:03:03,805 - INFO - CoT生成完成，共 1319 条CoT
2025-08-04 21:03:03,827 - INFO - 批量生成完成：共生成 1319 组路径，每组 10 条
2025-08-04 21:03:03,828 - INFO - 投票结果: 选择路径 0, 答案: 52, 置信度: 0.7
2025-08-04 21:03:03,829 - INFO - 投票结果: 选择路径 0, 答案: 5, 置信度: 1.0
2025-08-04 21:03:03,830 - INFO - 投票结果: 选择路径 1, 答案: 83, 置信度: 0.6
2025-08-04 21:03:03,831 - INFO - 投票结果: 选择路径 0, 答案: 10, 置信度: 0.9
2025-08-04 21:03:03,831 - INFO - 投票结果: 选择路径 1, 答案: 70, 置信度: 0.6
2025-08-04 21:03:03,832 - INFO - 投票结果: 选择路径 0, 答案: 36, 置信度: 0.9
2025-08-04 21:03:03,833 - INFO - 投票结果: 选择路径 0, 答案: 48, 置信度: 1.0
2025-08-04 21:03:03,833 - INFO - 投票结果: 选择路径 0, 答案: 16, 置信度: 1.0
2025-08-04 21:03:03,834 - INFO - 投票结果: 选择路径 4, 答案: 4.64, 置信度: 0.3
2025-08-04 21:03:03,835 - INFO - 投票结果: 选择路径 0, 答案: 48, 置信度: 1.0
2025-08-04 21:03:03,835 - INFO - 投票结果: 选择路径 0, 答案: 90, 置信度: 0.8
2025-08-04 21:03:03,836 - INFO - 投票结果: 选择路径 0, 答案: 10, 置信度: 1.0
2025-08-04 21:03:03,836 - INFO - 投票结果: 选择路径 0, 答案: 7, 置信度: 0.3
2025-08-04 21:03:03,837 - INFO - 投票结果: 选择路径 0, 答案: 40000, 置信度: 0.3
2025-08-04 21:03:03,838 - INFO - 投票结果: 选择路径 0, 答案: 18, 置信度: 0.9
2025-08-04 21:03:03,838 - INFO - 投票结果: 选择路径 0, 答案: 140, 置信度: 1.0
2025-08-04 21:03:03,839 - INFO - 投票结果: 选择路径 0, 答案: 17, 置信度: 0.7
2025-08-04 21:03:03,840 - INFO - 投票结果: 选择路径 0, 答案: 68, 置信度: 1.0
2025-08-04 21:03:03,840 - INFO - 投票结果: 选择路径 0, 答案: 8, 置信度: 1.0
2025-08-04 21:03:03,841 - INFO - 投票结果: 选择路径 0, 答案: 14, 置信度: 1.0
2025-08-04 21:03:03,841 - INFO - 投票结果: 选择路径 2, 答案: 50, 置信度: 0.4
2025-08-04 21:03:03,842 - INFO - 投票结果: 选择路径 0, 答案: 100, 置信度: 1.0
2025-08-04 21:03:03,843 - INFO - 投票结果: 选择路径 0, 答案: 250, 置信度: 0.2
2025-08-04 21:03:03,843 - INFO - 投票结果: 选择路径 1, 答案: 48, 置信度: 0.6
2025-08-04 21:03:03,844 - INFO - 投票结果: 选择路径 0, 答案: 16400, 置信度: 0.6
2025-08-04 21:03:03,845 - INFO - 投票结果: 选择路径 0, 答案: 250, 置信度: 1.0
2025-08-04 21:03:03,845 - INFO - 投票结果: 选择路径 5, 答案: 35.6, 置信度: 0.2
2025-08-04 21:03:03,846 - INFO - 投票结果: 选择路径 0, 答案: 1490, 置信度: 0.8
2025-08-04 21:03:03,847 - INFO - 投票结果: 选择路径 0, 答案: 11, 置信度: 1.0
2025-08-04 21:03:03,847 - INFO - 投票结果: 选择路径 0, 答案: 106, 置信度: 1.0
2025-08-04 21:03:03,848 - INFO - 投票结果: 选择路径 0, 答案: 138, 置信度: 0.7
2025-08-04 21:03:03,848 - INFO - 投票结果: 选择路径 0, 答案: 15, 置信度: 1.0
2025-08-04 21:03:03,849 - INFO - 投票结果: 选择路径 0, 答案: 4, 置信度: 1.0
2025-08-04 21:03:03,850 - INFO - 投票结果: 选择路径 1, 答案: 82, 置信度: 0.8
2025-08-04 21:03:03,850 - INFO - 投票结果: 选择路径 0, 答案: 2, 置信度: 0.9
2025-08-04 21:03:03,851 - INFO - 投票结果: 选择路径 0, 答案: 51, 置信度: 0.6
2025-08-04 21:03:03,852 - INFO - 投票结果: 选择路径 1, 答案: 4, 置信度: 0.8
2025-08-04 21:03:03,852 - INFO - 投票结果: 选择路径 0, 答案: 100, 置信度: 1.0
2025-08-04 21:03:03,853 - INFO - 投票结果: 选择路径 0, 答案: 2475, 置信度: 0.3
2025-08-04 21:03:03,854 - INFO - 投票结果: 选择路径 0, 答案: 188, 置信度: 1.0
2025-08-04 21:03:03,854 - INFO - 投票结果: 选择路径 0, 答案: 30, 置信度: 0.8
2025-08-04 21:03:03,855 - INFO - 投票结果: 选择路径 0, 答案: 30, 置信度: 1.0
2025-08-04 21:03:03,855 - INFO - 投票结果: 选择路径 0, 答案: 240, 置信度: 1.0
2025-08-04 21:03:03,856 - INFO - 投票结果: 选择路径 0, 答案: 7, 置信度: 1.0
2025-08-04 21:03:03,857 - INFO - 投票结果: 选择路径 0, 答案: 350, 置信度: 0.7
2025-08-04 21:03:03,857 - INFO - 投票结果: 选择路径 0, 答案: 4, 置信度: 0.8
2025-08-04 21:03:03,858 - INFO - 投票结果: 选择路径 0, 答案: 36, 置信度: 0.7
2025-08-04 21:03:03,859 - INFO - 投票结果: 选择路径 2, 答案: 2, 置信度: 0.3
2025-08-04 21:03:03,859 - INFO - 投票结果: 选择路径 0, 答案: 2, 置信度: 0.8
2025-08-04 21:03:03,860 - INFO - 投票结果: 选择路径 0, 答案: 33, 置信度: 0.9
2025-08-04 21:03:03,861 - INFO - 投票结果: 选择路径 0, 答案: 21, 置信度: 0.9
2025-08-04 21:03:03,861 - INFO - 投票结果: 选择路径 2, 答案: 175, 置信度: 0.3
2025-08-04 21:03:03,862 - INFO - 投票结果: 选择路径 0, 答案: 60, 置信度: 0.8
2025-08-04 21:03:03,863 - INFO - 投票结果: 选择路径 0, 答案: 49, 置信度: 1.0
2025-08-04 21:03:03,863 - INFO - 投票结果: 选择路径 0, 答案: 1800, 置信度: 0.4
2025-08-04 21:03:03,864 - INFO - 投票结果: 选择路径 0, 答案: 27, 置信度: 0.7
2025-08-04 21:03:03,865 - INFO - 投票结果: 选择路径 0, 答案: 16, 置信度: 0.8
2025-08-04 21:03:03,865 - INFO - 投票结果: 选择路径 0, 答案: 49, 置信度: 0.8
2025-08-04 21:03:03,866 - INFO - 投票结果: 选择路径 1, 答案: 6, 置信度: 0.6
2025-08-04 21:03:03,867 - INFO - 投票结果: 选择路径 0, 答案: 32, 置信度: 0.9
2025-08-04 21:03:03,867 - INFO - 投票结果: 选择路径 2, 答案: 168, 置信度: 0.5
2025-08-04 21:03:03,868 - INFO - 投票结果: 选择路径 0, 答案: 225, 置信度: 1.0
2025-08-04 21:03:03,868 - INFO - 投票结果: 选择路径 0, 答案: 50, 置信度: 1.0
2025-08-04 21:03:03,869 - INFO - 投票结果: 选择路径 3, 答案: 18, 置信度: 0.3
2025-08-04 21:03:03,870 - INFO - 投票结果: 选择路径 0, 答案: 7, 置信度: 1.0
2025-08-04 21:03:03,870 - INFO - 投票结果: 选择路径 0, 答案: 800, 置信度: 0.7
2025-08-04 21:03:03,871 - INFO - 投票结果: 选择路径 0, 答案: 22, 置信度: 1.0
2025-08-04 21:03:03,872 - INFO - 投票结果: 选择路径 0, 答案: 235, 置信度: 0.9
2025-08-04 21:03:03,872 - INFO - 投票结果: 选择路径 0, 答案: 3, 置信度: 1.0
2025-08-04 21:03:03,873 - INFO - 投票结果: 选择路径 5, 答案: 2, 置信度: 0.4
2025-08-04 21:03:03,874 - INFO - 投票结果: 选择路径 0, 答案: 3000, 置信度: 0.9
2025-08-04 21:03:03,874 - INFO - 投票结果: 选择路径 0, 答案: 300, 置信度: 0.7
2025-08-04 21:03:03,875 - INFO - 投票结果: 选择路径 0, 答案: 20, 置信度: 0.7
2025-08-04 21:03:03,875 - INFO - 投票结果: 选择路径 0, 答案: 130, 置信度: 1.0
2025-08-04 21:03:03,876 - INFO - 投票结果: 选择路径 3, 答案: 1, 置信度: 0.5
2025-08-04 21:03:03,877 - INFO - 投票结果: 选择路径 0, 答案: 48, 置信度: 0.6
2025-08-04 21:03:03,877 - INFO - 投票结果: 选择路径 2, 答案: 50, 置信度: 0.6
2025-08-04 21:03:03,878 - INFO - 投票结果: 选择路径 3, 答案: 3, 置信度: 0.6
2025-08-04 21:03:03,879 - INFO - 投票结果: 选择路径 0, 答案: 5, 置信度: 0.6
2025-08-04 21:03:03,879 - INFO - 投票结果: 选择路径 0, 答案: 110, 置信度: 1.0
2025-08-04 21:03:03,880 - INFO - 投票结果: 选择路径 1, 答案: 900, 置信度: 0.4
2025-08-04 21:03:03,881 - INFO - 投票结果: 选择路径 0, 答案: 16, 置信度: 1.0
2025-08-04 21:03:03,881 - INFO - 投票结果: 选择路径 0, 答案: 80, 置信度: 1.0
2025-08-04 21:03:03,882 - INFO - 投票结果: 选择路径 0, 答案: 45, 置信度: 0.9
2025-08-04 21:03:03,883 - INFO - 投票结果: 选择路径 0, 答案: 36, 置信度: 1.0
2025-08-04 21:03:03,883 - INFO - 投票结果: 选择路径 1, 答案: 0, 置信度: 0.4
2025-08-04 21:03:03,884 - INFO - 投票结果: 选择路径 2, 答案: 9, 置信度: 0.4
2025-08-04 21:03:03,885 - INFO - 投票结果: 选择路径 0, 答案: 36, 置信度: 1.0
2025-08-04 21:03:03,885 - INFO - 投票结果: 选择路径 0, 答案: 60, 置信度: 0.7
2025-08-04 21:03:03,886 - INFO - 投票结果: 选择路径 0, 答案: 9, 置信度: 1.0
2025-08-04 21:03:03,886 - INFO - 投票结果: 选择路径 2, 答案: 1, 置信度: 0.6
2025-08-04 21:03:03,887 - INFO - 投票结果: 选择路径 0, 答案: 30, 置信度: 1.0
2025-08-04 21:03:03,888 - INFO - 投票结果: 选择路径 0, 答案: 70000, 置信度: 0.3
2025-08-04 21:03:03,888 - INFO - 投票结果: 选择路径 0, 答案: 34, 置信度: 1.0
2025-08-04 21:03:03,889 - INFO - 投票结果: 选择路径 0, 答案: 13, 置信度: 0.6
2025-08-04 21:03:03,890 - INFO - 投票结果: 选择路径 0, 答案: 306, 置信度: 1.0
2025-08-04 21:03:03,890 - INFO - 投票结果: 选择路径 0, 答案: 55, 置信度: 0.9
2025-08-04 21:03:03,891 - INFO - 投票结果: 选择路径 0, 答案: 12, 置信度: 1.0
2025-08-04 21:03:03,892 - INFO - 投票结果: 选择路径 0, 答案: 75, 置信度: 1.0
2025-08-04 21:03:03,892 - INFO - 投票结果: 选择路径 0, 答案: 24, 置信度: 0.5
2025-08-04 21:03:03,893 - INFO - 投票结果: 选择路径 1, 答案: 50, 置信度: 0.9
2025-08-04 21:03:03,893 - INFO - 投票结果: 选择路径 0, 答案: 110, 置信度: 1.0
2025-08-04 21:03:03,894 - INFO - 投票结果: 选择路径 0, 答案: 457, 置信度: 0.1
2025-08-04 21:03:03,895 - INFO - 投票结果: 选择路径 0, 答案: 30, 置信度: 1.0
2025-08-04 21:03:03,895 - INFO - 投票结果: 选择路径 0, 答案: 80, 置信度: 1.0
2025-08-04 21:03:03,896 - INFO - 投票结果: 选择路径 0, 答案: 1.50, 置信度: 0.3
2025-08-04 21:03:03,897 - INFO - 投票结果: 选择路径 0, 答案: 120, 置信度: 1.0
2025-08-04 21:03:03,897 - INFO - 投票结果: 选择路径 1, 答案: 108, 置信度: 0.5
2025-08-04 21:03:03,898 - INFO - 投票结果: 选择路径 0, 答案: 70, 置信度: 1.0
2025-08-04 21:03:03,899 - INFO - 投票结果: 选择路径 0, 答案: 13.50, 置信度: 0.6
2025-08-04 21:03:03,899 - INFO - 投票结果: 选择路径 0, 答案: 150, 置信度: 1.0
2025-08-04 21:03:03,900 - INFO - 投票结果: 选择路径 5, 答案: 22, 置信度: 0.3
2025-08-04 21:03:03,901 - INFO - 投票结果: 选择路径 0, 答案: 2, 置信度: 0.3
2025-08-04 21:03:03,901 - INFO - 投票结果: 选择路径 0, 答案: 250, 置信度: 1.0
2025-08-04 21:03:03,902 - INFO - 投票结果: 选择路径 0, 答案: 3, 置信度: 1.0
2025-08-04 21:03:03,903 - INFO - 投票结果: 选择路径 0, 答案: 15, 置信度: 1.0
2025-08-04 21:03:03,903 - INFO - 投票结果: 选择路径 0, 答案: 12, 置信度: 1.0
2025-08-04 21:03:03,904 - INFO - 投票结果: 选择路径 0, 答案: 60, 置信度: 1.0
2025-08-04 21:03:03,904 - INFO - 投票结果: 选择路径 0, 答案: 3, 置信度: 1.0
2025-08-04 21:03:03,905 - INFO - 投票结果: 选择路径 0, 答案: 9, 置信度: 0.6
2025-08-04 21:03:03,906 - INFO - 投票结果: 选择路径 0, 答案: 140000, 置信度: 1.0
2025-08-04 21:03:03,906 - INFO - 投票结果: 选择路径 0, 答案: 6, 置信度: 0.4
2025-08-04 21:03:03,907 - INFO - 投票结果: 选择路径 0, 答案: 2400, 置信度: 1.0
2025-08-04 21:03:03,908 - INFO - 投票结果: 选择路径 0, 答案: 4, 置信度: 1.0
2025-08-04 21:03:03,908 - INFO - 投票结果: 选择路径 4, 答案: 83, 置信度: 0.3
2025-08-04 21:03:03,909 - INFO - 投票结果: 选择路径 0, 答案: 300, 置信度: 1.0
2025-08-04 21:03:03,910 - INFO - 投票结果: 选择路径 0, 答案: 91, 置信度: 0.9
2025-08-04 21:03:03,911 - INFO - 投票结果: 选择路径 1, 答案: 8, 置信度: 0.8
2025-08-04 21:03:03,911 - INFO - 投票结果: 选择路径 0, 答案: 120, 置信度: 1.0
2025-08-04 21:03:03,912 - INFO - 投票结果: 选择路径 0, 答案: 350, 置信度: 1.0
2025-08-04 21:03:03,912 - INFO - 投票结果: 选择路径 0, 答案: 2600, 置信度: 1.0
2025-08-04 21:03:03,913 - INFO - 投票结果: 选择路径 0, 答案: 10, 置信度: 1.0
2025-08-04 21:03:03,914 - INFO - 投票结果: 选择路径 3, 答案: 44, 置信度: 0.3
2025-08-04 21:03:03,914 - INFO - 投票结果: 选择路径 0, 答案: 7, 置信度: 0.9
2025-08-04 21:03:03,915 - INFO - 投票结果: 选择路径 1, 答案: 31, 置信度: 0.5
2025-08-04 21:03:03,916 - INFO - 投票结果: 选择路径 0, 答案: 975, 置信度: 1.0
2025-08-04 21:03:03,916 - INFO - 投票结果: 选择路径 2, 答案: -160, 置信度: 0.7
2025-08-04 21:03:03,917 - INFO - 投票结果: 选择路径 0, 答案: 120, 置信度: 0.9
2025-08-04 21:03:03,918 - INFO - 投票结果: 选择路径 0, 答案: 220, 置信度: 1.0
2025-08-04 21:03:03,918 - INFO - 投票结果: 选择路径 0, 答案: 87, 置信度: 1.0
2025-08-04 21:03:03,919 - INFO - 投票结果: 选择路径 0, 答案: 300, 置信度: 1.0
2025-08-04 21:03:03,919 - INFO - 投票结果: 选择路径 0, 答案: 30, 置信度: 0.5
2025-08-04 21:03:03,920 - INFO - 投票结果: 选择路径 1, 答案: 21, 置信度: 0.4
2025-08-04 21:03:03,921 - INFO - 投票结果: 选择路径 0, 答案: 16, 置信度: 1.0
2025-08-04 21:03:03,922 - INFO - 投票结果: 选择路径 0, 答案: 7, 置信度: 1.0
2025-08-04 21:03:03,922 - INFO - 投票结果: 选择路径 1, 答案: 81, 置信度: 0.6
2025-08-04 21:03:03,923 - INFO - 投票结果: 选择路径 0, 答案: 5, 置信度: 0.9
2025-08-04 21:03:03,923 - INFO - 投票结果: 选择路径 0, 答案: 9, 置信度: 1.0
2025-08-04 21:03:03,924 - INFO - 投票结果: 选择路径 0, 答案: 10, 置信度: 1.0
2025-08-04 21:03:03,925 - INFO - 投票结果: 选择路径 3, 答案: 14, 置信度: 0.4
2025-08-04 21:03:03,925 - INFO - 投票结果: 选择路径 0, 答案: 5, 置信度: 0.9
2025-08-04 21:03:03,926 - INFO - 投票结果: 选择路径 0, 答案: 50, 置信度: 1.0
2025-08-04 21:03:03,927 - INFO - 投票结果: 选择路径 1, 答案: 48, 置信度: 0.9
2025-08-04 21:03:03,927 - INFO - 投票结果: 选择路径 0, 答案: 25, 置信度: 1.0
2025-08-04 21:03:03,928 - INFO - 投票结果: 选择路径 0, 答案: 92, 置信度: 0.7
2025-08-04 21:03:03,929 - INFO - 投票结果: 选择路径 3, 答案: 33.33, 置信度: 0.4
2025-08-04 21:03:03,929 - INFO - 投票结果: 选择路径 0, 答案: 180, 置信度: 0.5
2025-08-04 21:03:03,930 - INFO - 投票结果: 选择路径 0, 答案: 21, 置信度: 1.0
2025-08-04 21:03:03,930 - INFO - 投票结果: 选择路径 0, 答案: 1200, 置信度: 1.0
2025-08-04 21:03:03,931 - INFO - 投票结果: 选择路径 0, 答案: 255, 置信度: 0.5
2025-08-04 21:03:03,932 - INFO - 投票结果: 选择路径 0, 答案: 4, 置信度: 1.0
2025-08-04 21:03:03,932 - INFO - 投票结果: 选择路径 0, 答案: 10, 置信度: 0.9
2025-08-04 21:03:03,933 - INFO - 投票结果: 选择路径 0, 答案: 700, 置信度: 0.9
2025-08-04 21:03:03,934 - INFO - 投票结果: 选择路径 0, 答案: 38, 置信度: 1.0
2025-08-04 21:03:03,934 - INFO - 投票结果: 选择路径 0, 答案: 32, 置信度: 0.9
2025-08-04 21:03:03,935 - INFO - 投票结果: 选择路径 0, 答案: 30, 置信度: 1.0
2025-08-04 21:03:03,936 - INFO - 投票结果: 选择路径 0, 答案: 16, 置信度: 1.0
2025-08-04 21:03:03,936 - INFO - 投票结果: 选择路径 0, 答案: 40, 置信度: 1.0
2025-08-04 21:03:03,937 - INFO - 投票结果: 选择路径 0, 答案: 288, 置信度: 1.0
2025-08-04 21:03:03,937 - INFO - 投票结果: 选择路径 0, 答案: 1100, 置信度: 0.8
2025-08-04 21:03:03,938 - INFO - 投票结果: 选择路径 0, 答案: 20, 置信度: 1.0
2025-08-04 21:03:03,939 - INFO - 投票结果: 选择路径 0, 答案: 2, 置信度: 0.9
2025-08-04 21:03:03,939 - INFO - 投票结果: 选择路径 0, 答案: 1040000, 置信度: 1.0
2025-08-04 21:03:03,940 - INFO - 投票结果: 选择路径 0, 答案: 9, 置信度: 1.0
2025-08-04 21:03:03,941 - INFO - 投票结果: 选择路径 0, 答案: 132, 置信度: 1.0
2025-08-04 21:03:03,941 - INFO - 投票结果: 选择路径 0, 答案: 93, 置信度: 1.0
2025-08-04 21:03:03,942 - INFO - 投票结果: 选择路径 0, 答案: 4, 置信度: 1.0
2025-08-04 21:03:03,943 - INFO - 投票结果: 选择路径 5, 答案: 85, 置信度: 0.4
2025-08-04 21:03:03,943 - INFO - 投票结果: 选择路径 0, 答案: 33, 置信度: 0.9
2025-08-04 21:03:03,944 - INFO - 投票结果: 选择路径 0, 答案: 12, 置信度: 0.7
2025-08-04 21:03:03,945 - INFO - 投票结果: 选择路径 0, 答案: 7200, 置信度: 0.9
2025-08-04 21:03:03,945 - INFO - 投票结果: 选择路径 0, 答案: 60, 置信度: 1.0
2025-08-04 21:03:03,946 - INFO - 投票结果: 选择路径 0, 答案: 44, 置信度: 1.0
2025-08-04 21:03:03,946 - INFO - 投票结果: 选择路径 0, 答案: 113, 置信度: 1.0
2025-08-04 21:03:03,947 - INFO - 投票结果: 选择路径 3, 答案: 43500, 置信度: 0.3
2025-08-04 21:03:03,948 - INFO - 投票结果: 选择路径 0, 答案: 720, 置信度: 1.0
2025-08-04 21:03:03,948 - INFO - 投票结果: 选择路径 0, 答案: 50, 置信度: 1.0
2025-08-04 21:03:03,949 - INFO - 投票结果: 选择路径 0, 答案: 24, 置信度: 0.9
2025-08-04 21:03:03,950 - INFO - 投票结果: 选择路径 2, 答案: 43, 置信度: 0.6
2025-08-04 21:03:03,950 - INFO - 投票结果: 选择路径 0, 答案: 30, 置信度: 1.0
2025-08-04 21:03:03,951 - INFO - 投票结果: 选择路径 1, 答案: 23, 置信度: 0.6
2025-08-04 21:03:03,952 - INFO - 投票结果: 选择路径 0, 答案: 251, 置信度: 0.9
2025-08-04 21:03:03,952 - INFO - 投票结果: 选择路径 0, 答案: 35, 置信度: 1.0
2025-08-04 21:03:03,953 - INFO - 投票结果: 选择路径 0, 答案: 110, 置信度: 0.5
2025-08-04 21:03:03,953 - INFO - 投票结果: 选择路径 0, 答案: 82, 置信度: 0.9
2025-08-04 21:03:03,954 - INFO - 投票结果: 选择路径 0, 答案: 2100, 置信度: 0.8
2025-08-04 21:03:03,955 - INFO - 投票结果: 选择路径 0, 答案: 3, 置信度: 0.8
2025-08-04 21:03:03,955 - INFO - 投票结果: 选择路径 0, 答案: 12, 置信度: 0.9
2025-08-04 21:03:03,956 - INFO - 投票结果: 选择路径 1, 答案: 11, 置信度: 0.7
2025-08-04 21:03:03,957 - INFO - 投票结果: 选择路径 0, 答案: 12, 置信度: 0.7
2025-08-04 21:03:03,957 - INFO - 投票结果: 选择路径 0, 答案: 500, 置信度: 0.3
2025-08-04 21:03:03,958 - INFO - 投票结果: 选择路径 0, 答案: 27, 置信度: 1.0
2025-08-04 21:03:03,959 - INFO - 投票结果: 选择路径 0, 答案: 360, 置信度: 1.0
2025-08-04 21:03:03,959 - INFO - 投票结果: 选择路径 0, 答案: 10, 置信度: 0.2
2025-08-04 21:03:03,960 - INFO - 投票结果: 选择路径 0, 答案: 694, 置信度: 0.9
2025-08-04 21:03:03,960 - INFO - 投票结果: 选择路径 0, 答案: 3, 置信度: 1.0
2025-08-04 21:03:03,961 - INFO - 投票结果: 选择路径 0, 答案: 360, 置信度: 0.9
2025-08-04 21:03:03,962 - INFO - 投票结果: 选择路径 2, 答案: 350, 置信度: 0.4
2025-08-04 21:03:03,962 - INFO - 投票结果: 选择路径 0, 答案: 20, 置信度: 1.0
2025-08-04 21:03:03,963 - INFO - 投票结果: 选择路径 0, 答案: 3360, 置信度: 0.9
2025-08-04 21:03:03,964 - INFO - 投票结果: 选择路径 0, 答案: 39, 置信度: 0.7
2025-08-04 21:03:03,964 - INFO - 投票结果: 选择路径 0, 答案: 12, 置信度: 0.9
2025-08-04 21:03:03,965 - INFO - 投票结果: 选择路径 0, 答案: 215, 置信度: 1.0
2025-08-04 21:03:03,966 - INFO - 投票结果: 选择路径 0, 答案: 4, 置信度: 0.3
2025-08-04 21:03:03,967 - INFO - 投票结果: 选择路径 0, 答案: 9, 置信度: 1.0
2025-08-04 21:03:03,967 - INFO - 投票结果: 选择路径 0, 答案: 520, 置信度: 0.9
2025-08-04 21:03:03,968 - INFO - 投票结果: 选择路径 0, 答案: 62, 置信度: 0.9
2025-08-04 21:03:03,968 - INFO - 投票结果: 选择路径 2, 答案: 66, 置信度: 0.3
2025-08-04 21:03:03,969 - INFO - 投票结果: 选择路径 0, 答案: 120, 置信度: 1.0
2025-08-04 21:03:03,970 - INFO - 投票结果: 选择路径 0, 答案: 15, 置信度: 1.0
2025-08-04 21:03:03,970 - INFO - 投票结果: 选择路径 0, 答案: 60, 置信度: 0.6
2025-08-04 21:03:03,971 - INFO - 投票结果: 选择路径 0, 答案: 538, 置信度: 0.2
2025-08-04 21:03:03,972 - INFO - 投票结果: 选择路径 3, 答案: 2, 置信度: 0.4
2025-08-04 21:03:03,972 - INFO - 投票结果: 选择路径 2, 答案: 178.75, 置信度: 0.5
2025-08-04 21:03:03,973 - INFO - 投票结果: 选择路径 0, 答案: 298, 置信度: 0.4
2025-08-04 21:03:03,974 - INFO - 投票结果: 选择路径 0, 答案: 21, 置信度: 0.3
2025-08-04 21:03:03,974 - INFO - 投票结果: 选择路径 0, 答案: 10, 置信度: 0.9
2025-08-04 21:03:03,975 - INFO - 投票结果: 选择路径 0, 答案: 6, 置信度: 0.5
2025-08-04 21:03:03,975 - INFO - 投票结果: 选择路径 1, 答案: 43200, 置信度: 0.8
2025-08-04 21:03:03,976 - INFO - 投票结果: 选择路径 0, 答案: 10, 置信度: 1.0
2025-08-04 21:03:03,977 - INFO - 投票结果: 选择路径 0, 答案: 8, 置信度: 0.5
2025-08-04 21:03:03,977 - INFO - 投票结果: 选择路径 0, 答案: 36, 置信度: 0.3
2025-08-04 21:03:03,978 - INFO - 投票结果: 选择路径 1, 答案: 160, 置信度: 0.8
2025-08-04 21:03:03,979 - INFO - 投票结果: 选择路径 0, 答案: 40, 置信度: 1.0
2025-08-04 21:03:03,979 - INFO - 投票结果: 选择路径 0, 答案: 12, 置信度: 0.5
2025-08-04 21:03:03,980 - INFO - 投票结果: 选择路径 0, 答案: 12, 置信度: 0.5
2025-08-04 21:03:03,981 - INFO - 投票结果: 选择路径 0, 答案: 36, 置信度: 1.0
2025-08-04 21:03:03,981 - INFO - 投票结果: 选择路径 0, 答案: 9, 置信度: 1.0
2025-08-04 21:03:03,982 - INFO - 投票结果: 选择路径 0, 答案: 16, 置信度: 1.0
2025-08-04 21:03:03,982 - INFO - 投票结果: 选择路径 0, 答案: 60, 置信度: 1.0
2025-08-04 21:03:03,983 - INFO - 投票结果: 选择路径 0, 答案: 4, 置信度: 1.0
2025-08-04 21:03:03,984 - INFO - 投票结果: 选择路径 0, 答案: 3, 置信度: 1.0
2025-08-04 21:03:03,984 - INFO - 投票结果: 选择路径 0, 答案: 100, 置信度: 1.0
2025-08-04 21:03:03,985 - INFO - 投票结果: 选择路径 0, 答案: 2040, 置信度: 0.5
2025-08-04 21:03:03,986 - INFO - 投票结果: 选择路径 1, 答案: 20, 置信度: 0.5
2025-08-04 21:03:03,986 - INFO - 投票结果: 选择路径 0, 答案: 29, 置信度: 1.0
2025-08-04 21:03:03,987 - INFO - 投票结果: 选择路径 0, 答案: 80, 置信度: 0.2
2025-08-04 21:03:03,987 - INFO - 投票结果: 选择路径 0, 答案: 23, 置信度: 1.0
2025-08-04 21:03:03,988 - INFO - 投票结果: 选择路径 3, 答案: 12, 置信度: 0.4
2025-08-04 21:03:03,989 - INFO - 投票结果: 选择路径 0, 答案: 9, 置信度: 0.5
2025-08-04 21:03:03,990 - INFO - 投票结果: 选择路径 0, 答案: 156, 置信度: 0.8
2025-08-04 21:03:03,990 - INFO - 投票结果: 选择路径 1, 答案: 48, 置信度: 0.3
2025-08-04 21:03:03,991 - INFO - 投票结果: 选择路径 0, 答案: 10, 置信度: 1.0
2025-08-04 21:03:03,992 - INFO - 投票结果: 选择路径 0, 答案: 8, 置信度: 0.9
2025-08-04 21:03:03,992 - INFO - 投票结果: 选择路径 0, 答案: 32, 置信度: 1.0
2025-08-04 21:03:03,993 - INFO - 投票结果: 选择路径 0, 答案: 48, 置信度: 0.6
2025-08-04 21:03:03,993 - INFO - 投票结果: 选择路径 0, 答案: 500, 置信度: 1.0
2025-08-04 21:03:03,994 - INFO - 投票结果: 选择路径 0, 答案: 8, 置信度: 1.0
2025-08-04 21:03:03,995 - INFO - 投票结果: 选择路径 0, 答案: 6, 置信度: 0.8
2025-08-04 21:03:03,995 - INFO - 投票结果: 选择路径 0, 答案: -10, 置信度: 1.0
2025-08-04 21:03:03,996 - INFO - 投票结果: 选择路径 0, 答案: 5, 置信度: 0.8
2025-08-04 21:03:03,997 - INFO - 投票结果: 选择路径 0, 答案: 8, 置信度: 1.0
2025-08-04 21:03:03,997 - INFO - 投票结果: 选择路径 0, 答案: 34, 置信度: 1.0
2025-08-04 21:03:03,998 - INFO - 投票结果: 选择路径 0, 答案: 30, 置信度: 0.8
2025-08-04 21:03:03,998 - INFO - 投票结果: 选择路径 0, 答案: 1000, 置信度: 1.0
2025-08-04 21:03:03,999 - INFO - 投票结果: 选择路径 0, 答案: 6, 置信度: 0.8
2025-08-04 21:03:04,000 - INFO - 投票结果: 选择路径 2, 答案: 50, 置信度: 0.3
2025-08-04 21:03:04,000 - INFO - 投票结果: 选择路径 0, 答案: 1920, 置信度: 1.0
2025-08-04 21:03:04,001 - INFO - 投票结果: 选择路径 1, 答案: 8, 置信度: 0.2
2025-08-04 21:03:04,002 - INFO - 投票结果: 选择路径 0, 答案: 50, 置信度: 1.0
2025-08-04 21:03:04,002 - INFO - 投票结果: 选择路径 0, 答案: 4000, 置信度: 0.8
2025-08-04 21:03:04,003 - INFO - 投票结果: 选择路径 0, 答案: 5, 置信度: 1.0
2025-08-04 21:03:04,004 - INFO - 投票结果: 选择路径 0, 答案: 10, 置信度: 1.0
2025-08-04 21:03:04,004 - INFO - 投票结果: 选择路径 0, 答案: 7, 置信度: 1.0
2025-08-04 21:03:04,005 - INFO - 投票结果: 选择路径 0, 答案: 20, 置信度: 1.0
2025-08-04 21:03:04,005 - INFO - 投票结果: 选择路径 2, 答案: 43, 置信度: 0.8
2025-08-04 21:03:04,006 - INFO - 投票结果: 选择路径 2, 答案: 9, 置信度: 0.8
2025-08-04 21:03:04,007 - INFO - 投票结果: 选择路径 0, 答案: 100000, 置信度: 0.1
2025-08-04 21:03:04,007 - INFO - 投票结果: 选择路径 1, 答案: 120, 置信度: 0.7
2025-08-04 21:03:04,008 - INFO - 投票结果: 选择路径 0, 答案: 11232, 置信度: 0.1
2025-08-04 21:03:04,009 - INFO - 投票结果: 选择路径 2, 答案: 4, 置信度: 0.4
2025-08-04 21:03:04,009 - INFO - 投票结果: 选择路径 0, 答案: 595, 置信度: 1.0
2025-08-04 21:03:04,010 - INFO - 投票结果: 选择路径 0, 答案: 110, 置信度: 1.0
2025-08-04 21:03:04,011 - INFO - 投票结果: 选择路径 0, 答案: 4800, 置信度: 1.0
2025-08-04 21:03:04,011 - INFO - 投票结果: 选择路径 1, 答案: 140, 置信度: 0.6
2025-08-04 21:03:04,012 - INFO - 投票结果: 选择路径 0, 答案: 34, 置信度: 1.0
2025-08-04 21:03:04,012 - INFO - 投票结果: 选择路径 0, 答案: 10, 置信度: 1.0
2025-08-04 21:03:04,013 - INFO - 投票结果: 选择路径 3, 答案: 2450, 置信度: 0.5
2025-08-04 21:03:04,014 - INFO - 投票结果: 选择路径 0, 答案: 30, 置信度: 1.0
2025-08-04 21:03:04,014 - INFO - 投票结果: 选择路径 0, 答案: 224000, 置信度: 0.7
2025-08-04 21:03:04,015 - INFO - 投票结果: 选择路径 0, 答案: 168, 置信度: 1.0
2025-08-04 21:03:04,016 - INFO - 投票结果: 选择路径 0, 答案: 120, 置信度: 1.0
2025-08-04 21:03:04,017 - INFO - 投票结果: 选择路径 1, 答案: 3, 置信度: 0.4
2025-08-04 21:03:04,018 - INFO - 投票结果: 选择路径 0, 答案: 20, 置信度: 0.9
2025-08-04 21:03:04,018 - INFO - 投票结果: 选择路径 0, 答案: 4, 置信度: 0.9
2025-08-04 21:03:04,019 - INFO - 投票结果: 选择路径 1, 答案: 7.50, 置信度: 0.5
2025-08-04 21:03:04,019 - INFO - 投票结果: 选择路径 0, 答案: 8, 置信度: 1.0
2025-08-04 21:03:04,020 - INFO - 投票结果: 选择路径 0, 答案: 308, 置信度: 1.0
2025-08-04 21:03:04,021 - INFO - 投票结果: 选择路径 0, 答案: 187, 置信度: 1.0
2025-08-04 21:03:04,021 - INFO - 投票结果: 选择路径 1, 答案: 123, 置信度: 0.9
2025-08-04 21:03:04,022 - INFO - 投票结果: 选择路径 2, 答案: 4, 置信度: 0.5
2025-08-04 21:03:04,023 - INFO - 投票结果: 选择路径 1, 答案: 100, 置信度: 0.2
2025-08-04 21:03:04,024 - INFO - 投票结果: 选择路径 0, 答案: 14000, 置信度: 1.0
2025-08-04 21:03:04,024 - INFO - 投票结果: 选择路径 0, 答案: 32, 置信度: 0.6
2025-08-04 21:03:04,025 - INFO - 投票结果: 选择路径 0, 答案: 7, 置信度: 0.9
2025-08-04 21:03:04,025 - INFO - 投票结果: 选择路径 1, 答案: 480, 置信度: 0.4
2025-08-04 21:03:04,026 - INFO - 投票结果: 选择路径 0, 答案: 2, 置信度: 1.0
2025-08-04 21:03:04,027 - INFO - 投票结果: 选择路径 1, 答案: 45, 置信度: 0.7
2025-08-04 21:03:04,027 - INFO - 投票结果: 选择路径 0, 答案: 31, 置信度: 0.9
2025-08-04 21:03:04,028 - INFO - 投票结果: 选择路径 0, 答案: 15, 置信度: 0.7
2025-08-04 21:03:04,029 - INFO - 投票结果: 选择路径 0, 答案: 18, 置信度: 1.0
2025-08-04 21:03:04,029 - INFO - 投票结果: 选择路径 2, 答案: 6, 置信度: 0.3
2025-08-04 21:03:04,030 - INFO - 投票结果: 选择路径 0, 答案: 93000, 置信度: 1.0
2025-08-04 21:03:04,031 - INFO - 投票结果: 选择路径 0, 答案: 9804, 置信度: 0.2
2025-08-04 21:03:04,031 - INFO - 投票结果: 选择路径 0, 答案: 150, 置信度: 1.0
2025-08-04 21:03:04,032 - INFO - 投票结果: 选择路径 0, 答案: 220, 置信度: 0.8
2025-08-04 21:03:04,033 - INFO - 投票结果: 选择路径 2, 答案: 12, 置信度: 0.8
2025-08-04 21:03:04,033 - INFO - 投票结果: 选择路径 0, 答案: 71, 置信度: 1.0
2025-08-04 21:03:04,034 - INFO - 投票结果: 选择路径 0, 答案: 8, 置信度: 1.0
2025-08-04 21:03:04,035 - INFO - 投票结果: 选择路径 0, 答案: 40, 置信度: 0.1
2025-08-04 21:03:04,035 - INFO - 投票结果: 选择路径 0, 答案: 53, 置信度: 0.9
2025-08-04 21:03:04,036 - INFO - 投票结果: 选择路径 0, 答案: 31800, 置信度: 0.9
2025-08-04 21:03:04,037 - INFO - 投票结果: 选择路径 0, 答案: 4, 置信度: 1.0
2025-08-04 21:03:04,037 - INFO - 投票结果: 选择路径 0, 答案: 12, 置信度: 1.0
2025-08-04 21:03:04,038 - INFO - 投票结果: 选择路径 0, 答案: 10, 置信度: 1.0
2025-08-04 21:03:04,039 - INFO - 投票结果: 选择路径 2, 答案: 2800, 置信度: 0.6
2025-08-04 21:03:04,039 - INFO - 投票结果: 选择路径 0, 答案: 18, 置信度: 1.0
2025-08-04 21:03:04,040 - INFO - 投票结果: 选择路径 0, 答案: 18, 置信度: 0.7
2025-08-04 21:03:04,041 - INFO - 投票结果: 选择路径 0, 答案: 139, 置信度: 1.0
2025-08-04 21:03:04,041 - INFO - 投票结果: 选择路径 0, 答案: 36, 置信度: 0.5
2025-08-04 21:03:04,042 - INFO - 投票结果: 选择路径 0, 答案: 18, 置信度: 0.6
2025-08-04 21:03:04,043 - INFO - 投票结果: 选择路径 0, 答案: 12, 置信度: 1.0
2025-08-04 21:03:04,043 - INFO - 投票结果: 选择路径 0, 答案: 78, 置信度: 0.9
2025-08-04 21:03:04,044 - INFO - 投票结果: 选择路径 0, 答案: 3, 置信度: 1.0
2025-08-04 21:03:04,044 - INFO - 投票结果: 选择路径 1, 答案: 225, 置信度: 0.3
2025-08-04 21:03:04,045 - INFO - 投票结果: 选择路径 1, 答案: 163, 置信度: 0.4
2025-08-04 21:03:04,046 - INFO - 投票结果: 选择路径 0, 答案: 90, 置信度: 1.0
2025-08-04 21:03:04,046 - INFO - 投票结果: 选择路径 1, 答案: 180, 置信度: 0.6
2025-08-04 21:03:04,047 - INFO - 投票结果: 选择路径 2, 答案: 480, 置信度: 0.3
2025-08-04 21:03:04,048 - INFO - 投票结果: 选择路径 0, 答案: 5, 置信度: 0.3
2025-08-04 21:03:04,048 - INFO - 投票结果: 选择路径 0, 答案: 90, 置信度: 1.0
2025-08-04 21:03:04,049 - INFO - 投票结果: 选择路径 0, 答案: 42, 置信度: 0.7
2025-08-04 21:03:04,050 - INFO - 投票结果: 选择路径 0, 答案: 162, 置信度: 1.0
2025-08-04 21:03:04,050 - INFO - 投票结果: 选择路径 0, 答案: 9, 置信度: 0.9
2025-08-04 21:03:04,051 - INFO - 投票结果: 选择路径 0, 答案: 48, 置信度: 0.3
2025-08-04 21:03:04,052 - INFO - 投票结果: 选择路径 0, 答案: 82, 置信度: 0.3
2025-08-04 21:03:04,052 - INFO - 投票结果: 选择路径 0, 答案: 14000, 置信度: 1.0
2025-08-04 21:03:04,053 - INFO - 投票结果: 选择路径 0, 答案: 45, 置信度: 0.9
2025-08-04 21:03:04,053 - INFO - 投票结果: 选择路径 0, 答案: 400, 置信度: 0.5
2025-08-04 21:03:04,054 - INFO - 投票结果: 选择路径 0, 答案: 15, 置信度: 0.8
2025-08-04 21:03:04,055 - INFO - 投票结果: 选择路径 0, 答案: 30, 置信度: 1.0
2025-08-04 21:03:04,055 - INFO - 投票结果: 选择路径 0, 答案: 280, 置信度: 1.0
2025-08-04 21:03:04,056 - INFO - 投票结果: 选择路径 0, 答案: 6.67, 置信度: 0.4
2025-08-04 21:03:04,057 - INFO - 投票结果: 选择路径 0, 答案: 135, 置信度: 0.9
2025-08-04 21:03:04,057 - INFO - 投票结果: 选择路径 0, 答案: 67, 置信度: 1.0
2025-08-04 21:03:04,058 - INFO - 投票结果: 选择路径 0, 答案: 1260, 置信度: 1.0
2025-08-04 21:03:04,059 - INFO - 投票结果: 选择路径 0, 答案: 80, 置信度: 1.0
2025-08-04 21:03:04,059 - INFO - 投票结果: 选择路径 1, 答案: 280, 置信度: 0.4
2025-08-04 21:03:04,060 - INFO - 投票结果: 选择路径 0, 答案: 15, 置信度: 1.0
2025-08-04 21:03:04,060 - INFO - 投票结果: 选择路径 0, 答案: 12, 置信度: 1.0
2025-08-04 21:03:04,061 - INFO - 投票结果: 选择路径 0, 答案: 15, 置信度: 0.9
2025-08-04 21:03:04,062 - INFO - 投票结果: 选择路径 0, 答案: 221, 置信度: 1.0
2025-08-04 21:03:04,062 - INFO - 投票结果: 选择路径 0, 答案: 5, 置信度: 1.0
2025-08-04 21:03:04,063 - INFO - 投票结果: 选择路径 0, 答案: 11, 置信度: 0.7
2025-08-04 21:03:04,064 - INFO - 投票结果: 选择路径 0, 答案: 8400, 置信度: 0.7
2025-08-04 21:03:04,064 - INFO - 投票结果: 选择路径 0, 答案: 3000, 置信度: 0.7
2025-08-04 21:03:04,065 - INFO - 投票结果: 选择路径 0, 答案: 60, 置信度: 0.9
2025-08-04 21:03:04,065 - INFO - 投票结果: 选择路径 2, 答案: 826, 置信度: 0.5
2025-08-04 21:03:04,066 - INFO - 投票结果: 选择路径 3, 答案: 20, 置信度: 0.6
2025-08-04 21:03:04,067 - INFO - 投票结果: 选择路径 0, 答案: 9.75, 置信度: 0.5
2025-08-04 21:03:04,067 - INFO - 投票结果: 选择路径 1, 答案: 12, 置信度: 0.3
2025-08-04 21:03:04,068 - INFO - 投票结果: 选择路径 0, 答案: 480, 置信度: 1.0
2025-08-04 21:03:04,069 - INFO - 投票结果: 选择路径 2, 答案: 14400, 置信度: 0.5
2025-08-04 21:03:04,069 - INFO - 投票结果: 选择路径 1, 答案: 3, 置信度: 0.9
2025-08-04 21:03:04,070 - INFO - 投票结果: 选择路径 0, 答案: 250, 置信度: 0.9
2025-08-04 21:03:04,070 - INFO - 投票结果: 选择路径 0, 答案: 168, 置信度: 1.0
2025-08-04 21:03:04,071 - INFO - 投票结果: 选择路径 0, 答案: 64800, 置信度: 0.6
2025-08-04 21:03:04,072 - INFO - 投票结果: 选择路径 0, 答案: 120, 置信度: 0.9
2025-08-04 21:03:04,072 - INFO - 投票结果: 选择路径 1, 答案: 270, 置信度: 0.9
2025-08-04 21:03:04,073 - INFO - 投票结果: 选择路径 0, 答案: 26, 置信度: 1.0
2025-08-04 21:03:04,074 - INFO - 投票结果: 选择路径 2, 答案: 20, 置信度: 0.5
2025-08-04 21:03:04,074 - INFO - 投票结果: 选择路径 2, 答案: 45, 置信度: 0.5
2025-08-04 21:03:04,075 - INFO - 投票结果: 选择路径 0, 答案: 101, 置信度: 1.0
2025-08-04 21:03:04,075 - INFO - 投票结果: 选择路径 2, 答案: 230, 置信度: 0.2
2025-08-04 21:03:04,076 - INFO - 投票结果: 选择路径 0, 答案: 85, 置信度: 1.0
2025-08-04 21:03:04,077 - INFO - 投票结果: 选择路径 0, 答案: 4, 置信度: 0.5
2025-08-04 21:03:04,077 - INFO - 投票结果: 选择路径 4, 答案: 3200, 置信度: 0.3
2025-08-04 21:03:04,078 - INFO - 投票结果: 选择路径 0, 答案: 300, 置信度: 1.0
2025-08-04 21:03:04,079 - INFO - 投票结果: 选择路径 0, 答案: 31, 置信度: 1.0
2025-08-04 21:03:04,079 - INFO - 投票结果: 选择路径 0, 答案: 12, 置信度: 0.8
2025-08-04 21:03:04,080 - INFO - 投票结果: 选择路径 0, 答案: 2:00p, 置信度: 0.8
2025-08-04 21:03:04,081 - INFO - 投票结果: 选择路径 0, 答案: 3, 置信度: 0.9
2025-08-04 21:03:04,081 - INFO - 投票结果: 选择路径 1, 答案: 10, 置信度: 0.4
2025-08-04 21:03:04,082 - INFO - 投票结果: 选择路径 0, 答案: 45, 置信度: 1.0
2025-08-04 21:03:04,083 - INFO - 投票结果: 选择路径 0, 答案: 200, 置信度: 0.9
2025-08-04 21:03:04,083 - INFO - 投票结果: 选择路径 0, 答案: 55, 置信度: 0.4
2025-08-04 21:03:04,084 - INFO - 投票结果: 选择路径 0, 答案: 10, 置信度: 0.9
2025-08-04 21:03:04,084 - INFO - 投票结果: 选择路径 0, 答案: 98, 置信度: 0.9
2025-08-04 21:03:04,085 - INFO - 投票结果: 选择路径 0, 答案: 3, 置信度: 0.2
2025-08-04 21:03:04,086 - INFO - 投票结果: 选择路径 0, 答案: 45, 置信度: 0.4
2025-08-04 21:03:04,086 - INFO - 投票结果: 选择路径 0, 答案: 6, 置信度: 0.4
2025-08-04 21:03:04,087 - INFO - 投票结果: 选择路径 0, 答案: 8, 置信度: 0.8
2025-08-04 21:03:04,088 - INFO - 投票结果: 选择路径 1, 答案: 15, 置信度: 0.3
2025-08-04 21:03:04,088 - INFO - 投票结果: 选择路径 0, 答案: 70, 置信度: 1.0
2025-08-04 21:03:04,089 - INFO - 投票结果: 选择路径 0, 答案: 294, 置信度: 1.0
2025-08-04 21:03:04,090 - INFO - 投票结果: 选择路径 1, 答案: 5, 置信度: 0.3
2025-08-04 21:03:04,090 - INFO - 投票结果: 选择路径 0, 答案: 13, 置信度: 1.0
2025-08-04 21:03:04,091 - INFO - 投票结果: 选择路径 0, 答案: 195, 置信度: 1.0
2025-08-04 21:03:04,092 - INFO - 投票结果: 选择路径 0, 答案: 7, 置信度: 1.0
2025-08-04 21:03:04,092 - INFO - 投票结果: 选择路径 0, 答案: 1875, 置信度: 0.9
2025-08-04 21:03:04,093 - INFO - 投票结果: 选择路径 0, 答案: 385000, 置信度: 0.8
2025-08-04 21:03:04,093 - INFO - 投票结果: 选择路径 0, 答案: 85, 置信度: 1.0
2025-08-04 21:03:04,094 - INFO - 投票结果: 选择路径 0, 答案: 27, 置信度: 1.0
2025-08-04 21:03:04,095 - INFO - 投票结果: 选择路径 1, 答案: 159, 置信度: 0.8
2025-08-04 21:03:04,095 - INFO - 投票结果: 选择路径 0, 答案: 25, 置信度: 1.0
2025-08-04 21:03:04,096 - INFO - 投票结果: 选择路径 0, 答案: 720, 置信度: 1.0
2025-08-04 21:03:04,097 - INFO - 投票结果: 选择路径 0, 答案: 549, 置信度: 0.8
2025-08-04 21:03:04,097 - INFO - 投票结果: 选择路径 0, 答案: 7, 置信度: 0.9
2025-08-04 21:03:04,098 - INFO - 投票结果: 选择路径 0, 答案: 25, 置信度: 0.9
2025-08-04 21:03:04,099 - INFO - 投票结果: 选择路径 1, 答案: 90, 置信度: 0.3
2025-08-04 21:03:04,099 - INFO - 投票结果: 选择路径 0, 答案: 2, 置信度: 0.8
2025-08-04 21:03:04,100 - INFO - 投票结果: 选择路径 0, 答案: 22, 置信度: 0.7
2025-08-04 21:03:04,101 - INFO - 投票结果: 选择路径 0, 答案: 40, 置信度: 0.9
2025-08-04 21:03:04,101 - INFO - 投票结果: 选择路径 4, 答案: 1950, 置信度: 0.3
2025-08-04 21:03:04,102 - INFO - 投票结果: 选择路径 4, 答案: 500, 置信度: 0.2
2025-08-04 21:03:04,102 - INFO - 投票结果: 选择路径 0, 答案: 10, 置信度: 0.9
2025-08-04 21:03:04,103 - INFO - 投票结果: 选择路径 0, 答案: 36, 置信度: 0.5
2025-08-04 21:03:04,104 - INFO - 投票结果: 选择路径 1, 答案: 17, 置信度: 0.8
2025-08-04 21:03:04,104 - INFO - 投票结果: 选择路径 0, 答案: 50, 置信度: 0.6
2025-08-04 21:03:04,105 - INFO - 投票结果: 选择路径 0, 答案: 96, 置信度: 0.9
2025-08-04 21:03:04,106 - INFO - 投票结果: 选择路径 0, 答案: 280, 置信度: 0.9
2025-08-04 21:03:04,106 - INFO - 投票结果: 选择路径 0, 答案: 60, 置信度: 0.5
2025-08-04 21:03:04,107 - INFO - 投票结果: 选择路径 0, 答案: 142, 置信度: 1.0
2025-08-04 21:03:04,108 - INFO - 投票结果: 选择路径 0, 答案: 5, 置信度: 0.7
2025-08-04 21:03:04,108 - INFO - 投票结果: 选择路径 0, 答案: 95, 置信度: 1.0
2025-08-04 21:03:04,109 - INFO - 投票结果: 选择路径 0, 答案: 175, 置信度: 1.0
2025-08-04 21:03:04,109 - INFO - 投票结果: 选择路径 1, 答案: 20, 置信度: 0.7
2025-08-04 21:03:04,110 - INFO - 投票结果: 选择路径 0, 答案: 15, 置信度: 1.0
2025-08-04 21:03:04,111 - INFO - 投票结果: 选择路径 0, 答案: 370, 置信度: 0.7
2025-08-04 21:03:04,111 - INFO - 投票结果: 选择路径 0, 答案: 11, 置信度: 0.3
2025-08-04 21:03:04,112 - INFO - 投票结果: 选择路径 0, 答案: 2, 置信度: 1.0
2025-08-04 21:03:04,113 - INFO - 投票结果: 选择路径 0, 答案: 120, 置信度: 0.6
2025-08-04 21:03:04,113 - INFO - 投票结果: 选择路径 0, 答案: 70, 置信度: 1.0
2025-08-04 21:03:04,114 - INFO - 投票结果: 选择路径 0, 答案: 17000, 置信度: 1.0
2025-08-04 21:03:04,115 - INFO - 投票结果: 选择路径 0, 答案: 57, 置信度: 0.8
2025-08-04 21:03:04,115 - INFO - 投票结果: 选择路径 0, 答案: 1260, 置信度: 1.0
2025-08-04 21:03:04,116 - INFO - 投票结果: 选择路径 0, 答案: 4500, 置信度: 1.0
2025-08-04 21:03:04,116 - INFO - 投票结果: 选择路径 0, 答案: 5, 置信度: 0.7
2025-08-04 21:03:04,117 - INFO - 投票结果: 选择路径 0, 答案: 360, 置信度: 1.0
2025-08-04 21:03:04,118 - INFO - 投票结果: 选择路径 1, 答案: 50, 置信度: 0.6
2025-08-04 21:03:04,118 - INFO - 投票结果: 选择路径 0, 答案: 95, 置信度: 0.8
2025-08-04 21:03:04,119 - INFO - 投票结果: 选择路径 0, 答案: 2, 置信度: 0.8
2025-08-04 21:03:04,120 - INFO - 投票结果: 选择路径 1, 答案: 7.17, 置信度: 0.6
2025-08-04 21:03:04,120 - INFO - 投票结果: 选择路径 0, 答案: 5760, 置信度: 1.0
2025-08-04 21:03:04,121 - INFO - 投票结果: 选择路径 1, 答案: 35, 置信度: 0.9
2025-08-04 21:03:04,122 - INFO - 投票结果: 选择路径 2, 答案: 27, 置信度: 0.6
2025-08-04 21:03:04,122 - INFO - 投票结果: 选择路径 0, 答案: 7, 置信度: 0.9
2025-08-04 21:03:04,123 - INFO - 投票结果: 选择路径 0, 答案: 3, 置信度: 1.0
2025-08-04 21:03:04,124 - INFO - 投票结果: 选择路径 0, 答案: 147, 置信度: 0.5
2025-08-04 21:03:04,124 - INFO - 投票结果: 选择路径 0, 答案: 280, 置信度: 0.8
2025-08-04 21:03:04,125 - INFO - 投票结果: 选择路径 1, 答案: 16, 置信度: 0.8
2025-08-04 21:03:04,126 - INFO - 投票结果: 选择路径 0, 答案: 10, 置信度: 1.0
2025-08-04 21:03:04,126 - INFO - 投票结果: 选择路径 0, 答案: 101, 置信度: 1.0
2025-08-04 21:03:04,127 - INFO - 投票结果: 选择路径 1, 答案: 12, 置信度: 0.9
2025-08-04 21:03:04,128 - INFO - 投票结果: 选择路径 0, 答案: 78, 置信度: 1.0
2025-08-04 21:03:04,128 - INFO - 投票结果: 选择路径 0, 答案: 16, 置信度: 1.0
2025-08-04 21:03:04,129 - INFO - 投票结果: 选择路径 0, 答案: 8, 置信度: 0.9
2025-08-04 21:03:04,129 - INFO - 投票结果: 选择路径 0, 答案: 20, 置信度: 0.6
2025-08-04 21:03:04,130 - INFO - 投票结果: 选择路径 0, 答案: 280, 置信度: 0.8
2025-08-04 21:03:04,131 - INFO - 投票结果: 选择路径 3, 答案: 47.25, 置信度: 0.3
2025-08-04 21:03:04,131 - INFO - 投票结果: 选择路径 0, 答案: 105, 置信度: 0.9
2025-08-04 21:03:04,132 - INFO - 投票结果: 选择路径 0, 答案: 16, 置信度: 0.7
2025-08-04 21:03:04,133 - INFO - 投票结果: 选择路径 0, 答案: 6, 置信度: 0.9
2025-08-04 21:03:04,133 - INFO - 投票结果: 选择路径 1, 答案: 120, 置信度: 0.3
2025-08-04 21:03:04,134 - INFO - 投票结果: 选择路径 0, 答案: 770, 置信度: 1.0
2025-08-04 21:03:04,135 - INFO - 投票结果: 选择路径 0, 答案: 28, 置信度: 1.0
2025-08-04 21:03:04,135 - INFO - 投票结果: 选择路径 0, 答案: 25, 置信度: 0.5
2025-08-04 21:03:04,136 - INFO - 投票结果: 选择路径 0, 答案: 1630, 置信度: 0.7
2025-08-04 21:03:04,137 - INFO - 投票结果: 选择路径 0, 答案: 55, 置信度: 0.9
2025-08-04 21:03:04,137 - INFO - 投票结果: 选择路径 3, 答案: 58, 置信度: 0.6
2025-08-04 21:03:04,138 - INFO - 投票结果: 选择路径 0, 答案: 11, 置信度: 1.0
2025-08-04 21:03:04,139 - INFO - 投票结果: 选择路径 0, 答案: 3, 置信度: 1.0
2025-08-04 21:03:04,139 - INFO - 投票结果: 选择路径 0, 答案: 20, 置信度: 0.7
2025-08-04 21:03:04,140 - INFO - 投票结果: 选择路径 0, 答案: 15, 置信度: 0.9
2025-08-04 21:03:04,140 - INFO - 投票结果: 选择路径 0, 答案: 3, 置信度: 0.3
2025-08-04 21:03:04,141 - INFO - 投票结果: 选择路径 0, 答案: 70, 置信度: 1.0
2025-08-04 21:03:04,142 - INFO - 投票结果: 选择路径 0, 答案: 63, 置信度: 1.0
2025-08-04 21:03:04,142 - INFO - 投票结果: 选择路径 0, 答案: 14, 置信度: 0.8
2025-08-04 21:03:04,143 - INFO - 投票结果: 选择路径 0, 答案: 11, 置信度: 1.0
2025-08-04 21:03:04,144 - INFO - 投票结果: 选择路径 0, 答案: 153, 置信度: 0.7
2025-08-04 21:03:04,144 - INFO - 投票结果: 选择路径 0, 答案: 15, 置信度: 1.0
2025-08-04 21:03:04,145 - INFO - 投票结果: 选择路径 0, 答案: 135, 置信度: 0.2
2025-08-04 21:03:04,146 - INFO - 投票结果: 选择路径 0, 答案: 175, 置信度: 0.5
2025-08-04 21:03:04,146 - INFO - 投票结果: 选择路径 0, 答案: 600, 置信度: 0.8
2025-08-04 21:03:04,147 - INFO - 投票结果: 选择路径 0, 答案: 20, 置信度: 0.9
2025-08-04 21:03:04,148 - INFO - 投票结果: 选择路径 0, 答案: 12, 置信度: 1.0
2025-08-04 21:03:04,148 - INFO - 投票结果: 选择路径 0, 答案: 87, 置信度: 1.0
2025-08-04 21:03:04,149 - INFO - 投票结果: 选择路径 0, 答案: 54, 置信度: 0.7
2025-08-04 21:03:04,149 - INFO - 投票结果: 选择路径 0, 答案: 10, 置信度: 0.9
2025-08-04 21:03:04,150 - INFO - 投票结果: 选择路径 0, 答案: 18, 置信度: 1.0
2025-08-04 21:03:04,151 - INFO - 投票结果: 选择路径 0, 答案: 230, 置信度: 1.0
2025-08-04 21:03:04,151 - INFO - 投票结果: 选择路径 0, 答案: 10, 置信度: 0.4
2025-08-04 21:03:04,152 - INFO - 投票结果: 选择路径 1, 答案: 1198, 置信度: 0.5
2025-08-04 21:03:04,153 - INFO - 投票结果: 选择路径 0, 答案: 2330, 置信度: 0.6
2025-08-04 21:03:04,153 - INFO - 投票结果: 选择路径 0, 答案: 80, 置信度: 1.0
2025-08-04 21:03:04,154 - INFO - 投票结果: 选择路径 0, 答案: 880, 置信度: 1.0
2025-08-04 21:03:04,154 - INFO - 投票结果: 选择路径 0, 答案: 5, 置信度: 1.0
2025-08-04 21:03:04,155 - INFO - 投票结果: 选择路径 0, 答案: 45, 置信度: 1.0
2025-08-04 21:03:04,156 - INFO - 投票结果: 选择路径 0, 答案: 75, 置信度: 1.0
2025-08-04 21:03:04,156 - INFO - 投票结果: 选择路径 2, 答案: 4, 置信度: 0.6
2025-08-04 21:03:04,157 - INFO - 投票结果: 选择路径 0, 答案: 350, 置信度: 1.0
2025-08-04 21:03:04,158 - INFO - 投票结果: 选择路径 0, 答案: 200, 置信度: 0.9
2025-08-04 21:03:04,158 - INFO - 投票结果: 选择路径 2, 答案: 1000, 置信度: 0.7
2025-08-04 21:03:04,159 - INFO - 投票结果: 选择路径 2, 答案: 21, 置信度: 0.7
2025-08-04 21:03:04,159 - INFO - 投票结果: 选择路径 0, 答案: 19, 置信度: 1.0
2025-08-04 21:03:04,160 - INFO - 投票结果: 选择路径 0, 答案: 13, 置信度: 1.0
2025-08-04 21:03:04,161 - INFO - 投票结果: 选择路径 0, 答案: 10, 置信度: 0.4
2025-08-04 21:03:04,161 - INFO - 投票结果: 选择路径 0, 答案: 440, 置信度: 1.0
2025-08-04 21:03:04,162 - INFO - 投票结果: 选择路径 0, 答案: 48, 置信度: 1.0
2025-08-04 21:03:04,163 - INFO - 投票结果: 选择路径 4, 答案: 33, 置信度: 0.6
2025-08-04 21:03:04,163 - INFO - 投票结果: 选择路径 0, 答案: 64, 置信度: 0.4
2025-08-04 21:03:04,164 - INFO - 投票结果: 选择路径 0, 答案: 22, 置信度: 1.0
2025-08-04 21:03:04,164 - INFO - 投票结果: 选择路径 0, 答案: 57500, 置信度: 0.9
2025-08-04 21:03:04,165 - INFO - 投票结果: 选择路径 0, 答案: 35, 置信度: 1.0
2025-08-04 21:03:04,166 - INFO - 投票结果: 选择路径 0, 答案: 26, 置信度: 1.0
2025-08-04 21:03:04,166 - INFO - 投票结果: 选择路径 0, 答案: 18, 置信度: 0.2
2025-08-04 21:03:04,167 - INFO - 投票结果: 选择路径 0, 答案: 27000, 置信度: 0.8
2025-08-04 21:03:04,168 - INFO - 投票结果: 选择路径 0, 答案: 157, 置信度: 0.9
2025-08-04 21:03:04,168 - INFO - 投票结果: 选择路径 0, 答案: 14, 置信度: 1.0
2025-08-04 21:03:04,169 - INFO - 投票结果: 选择路径 0, 答案: 26, 置信度: 0.7
2025-08-04 21:03:04,170 - INFO - 投票结果: 选择路径 3, 答案: 48, 置信度: 0.2
2025-08-04 21:03:04,170 - INFO - 投票结果: 选择路径 0, 答案: 12, 置信度: 1.0
2025-08-04 21:03:04,171 - INFO - 投票结果: 选择路径 0, 答案: 11, 置信度: 0.3
2025-08-04 21:03:04,171 - INFO - 投票结果: 选择路径 0, 答案: 366, 置信度: 1.0
2025-08-04 21:03:04,172 - INFO - 投票结果: 选择路径 0, 答案: 195, 置信度: 0.9
2025-08-04 21:03:04,173 - INFO - 投票结果: 选择路径 0, 答案: 90, 置信度: 1.0
2025-08-04 21:03:04,173 - INFO - 投票结果: 选择路径 0, 答案: 10, 置信度: 0.6
2025-08-04 21:03:04,174 - INFO - 投票结果: 选择路径 0, 答案: 400, 置信度: 0.9
2025-08-04 21:03:04,175 - INFO - 投票结果: 选择路径 0, 答案: 6, 置信度: 0.7
2025-08-04 21:03:04,175 - INFO - 投票结果: 选择路径 0, 答案: 17, 置信度: 0.9
2025-08-04 21:03:04,176 - INFO - 投票结果: 选择路径 2, 答案: 80, 置信度: 0.6
2025-08-04 21:03:04,177 - INFO - 投票结果: 选择路径 0, 答案: 22, 置信度: 0.5
2025-08-04 21:03:04,177 - INFO - 投票结果: 选择路径 0, 答案: 44, 置信度: 1.0
2025-08-04 21:03:04,178 - INFO - 投票结果: 选择路径 0, 答案: 48, 置信度: 0.5
2025-08-04 21:03:04,178 - INFO - 投票结果: 选择路径 0, 答案: 27, 置信度: 1.0
2025-08-04 21:03:04,179 - INFO - 投票结果: 选择路径 0, 答案: 120, 置信度: 0.8
2025-08-04 21:03:04,180 - INFO - 投票结果: 选择路径 1, 答案: 12, 置信度: 0.8
2025-08-04 21:03:04,180 - INFO - 投票结果: 选择路径 0, 答案: 5, 置信度: 1.0
2025-08-04 21:03:04,181 - INFO - 投票结果: 选择路径 0, 答案: 36, 置信度: 0.9
2025-08-04 21:03:04,182 - INFO - 投票结果: 选择路径 0, 答案: 9, 置信度: 1.0
2025-08-04 21:03:04,182 - INFO - 投票结果: 选择路径 0, 答案: 2, 置信度: 1.0
2025-08-04 21:03:04,183 - INFO - 投票结果: 选择路径 0, 答案: 38, 置信度: 0.7
2025-08-04 21:03:04,184 - INFO - 投票结果: 选择路径 0, 答案: 70, 置信度: 1.0
2025-08-04 21:03:04,184 - INFO - 投票结果: 选择路径 0, 答案: 3160, 置信度: 0.9
2025-08-04 21:03:04,185 - INFO - 投票结果: 选择路径 0, 答案: 3200, 置信度: 1.0
2025-08-04 21:03:04,185 - INFO - 投票结果: 选择路径 0, 答案: 142, 置信度: 0.3
2025-08-04 21:03:04,186 - INFO - 投票结果: 选择路径 0, 答案: 90, 置信度: 1.0
2025-08-04 21:03:04,187 - INFO - 投票结果: 选择路径 1, 答案: 200, 置信度: 0.9
2025-08-04 21:03:04,187 - INFO - 投票结果: 选择路径 3, 答案: 180000, 置信度: 0.5
2025-08-04 21:03:04,188 - INFO - 投票结果: 选择路径 0, 答案: 9, 置信度: 0.9
2025-08-04 21:03:04,189 - INFO - 投票结果: 选择路径 0, 答案: 10, 置信度: 1.0
2025-08-04 21:03:04,189 - INFO - 投票结果: 选择路径 0, 答案: 40, 置信度: 0.6
2025-08-04 21:03:04,190 - INFO - 投票结果: 选择路径 0, 答案: 700, 置信度: 0.9
2025-08-04 21:03:04,191 - INFO - 投票结果: 选择路径 0, 答案: 12, 置信度: 1.0
2025-08-04 21:03:04,191 - INFO - 投票结果: 选择路径 0, 答案: 3, 置信度: 1.0
2025-08-04 21:03:04,192 - INFO - 投票结果: 选择路径 0, 答案: 320, 置信度: 0.9
2025-08-04 21:03:04,193 - INFO - 投票结果: 选择路径 1, 答案: 59, 置信度: 0.3
2025-08-04 21:03:04,193 - INFO - 投票结果: 选择路径 0, 答案: 50, 置信度: 0.7
2025-08-04 21:03:04,194 - INFO - 投票结果: 选择路径 0, 答案: 50, 置信度: 0.9
2025-08-04 21:03:04,194 - INFO - 投票结果: 选择路径 1, 答案: 1950, 置信度: 0.2
2025-08-04 21:03:04,195 - INFO - 投票结果: 选择路径 1, 答案: 12, 置信度: 0.6
2025-08-04 21:03:04,196 - INFO - 投票结果: 选择路径 0, 答案: 2640, 置信度: 1.0
2025-08-04 21:03:04,196 - INFO - 投票结果: 选择路径 0, 答案: 98, 置信度: 1.0
2025-08-04 21:03:04,197 - INFO - 投票结果: 选择路径 0, 答案: 19, 置信度: 1.0
2025-08-04 21:03:04,198 - INFO - 投票结果: 选择路径 0, 答案: 21, 置信度: 1.0
2025-08-04 21:03:04,198 - INFO - 投票结果: 选择路径 0, 答案: 5, 置信度: 1.0
2025-08-04 21:03:04,199 - INFO - 投票结果: 选择路径 0, 答案: 30, 置信度: 1.0
2025-08-04 21:03:04,200 - INFO - 投票结果: 选择路径 0, 答案: 34, 置信度: 0.8
2025-08-04 21:03:04,200 - INFO - 投票结果: 选择路径 0, 答案: 48, 置信度: 0.5
2025-08-04 21:03:04,201 - INFO - 投票结果: 选择路径 0, 答案: 7, 置信度: 1.0
2025-08-04 21:03:04,202 - INFO - 投票结果: 选择路径 0, 答案: 50, 置信度: 1.0
2025-08-04 21:03:04,202 - INFO - 投票结果: 选择路径 0, 答案: 25, 置信度: 1.0
2025-08-04 21:03:04,203 - INFO - 投票结果: 选择路径 0, 答案: 500, 置信度: 1.0
2025-08-04 21:03:04,204 - INFO - 投票结果: 选择路径 0, 答案: 300, 置信度: 1.0
2025-08-04 21:03:04,204 - INFO - 投票结果: 选择路径 0, 答案: 842, 置信度: 1.0
2025-08-04 21:03:04,205 - INFO - 投票结果: 选择路径 0, 答案: 600, 置信度: 0.9
2025-08-04 21:03:04,205 - INFO - 投票结果: 选择路径 2, 答案: 180, 置信度: 0.4
2025-08-04 21:03:04,206 - INFO - 投票结果: 选择路径 0, 答案: 32, 置信度: 1.0
2025-08-04 21:03:04,207 - INFO - 投票结果: 选择路径 0, 答案: 15, 置信度: 0.9
2025-08-04 21:03:04,207 - INFO - 投票结果: 选择路径 0, 答案: 243, 置信度: 1.0
2025-08-04 21:03:04,208 - INFO - 投票结果: 选择路径 0, 答案: 60, 置信度: 0.5
2025-08-04 21:03:04,209 - INFO - 投票结果: 选择路径 0, 答案: 1218, 置信度: 1.0
2025-08-04 21:03:04,209 - INFO - 投票结果: 选择路径 0, 答案: 16, 置信度: 0.6
2025-08-04 21:03:04,210 - INFO - 投票结果: 选择路径 0, 答案: 40, 置信度: 1.0
2025-08-04 21:03:04,211 - INFO - 投票结果: 选择路径 0, 答案: 1210, 置信度: 1.0
2025-08-04 21:03:04,211 - INFO - 投票结果: 选择路径 0, 答案: 50, 置信度: 1.0
2025-08-04 21:03:04,212 - INFO - 投票结果: 选择路径 0, 答案: 12, 置信度: 1.0
2025-08-04 21:03:04,213 - INFO - 投票结果: 选择路径 1, 答案: 3528, 置信度: 0.9
2025-08-04 21:03:04,213 - INFO - 投票结果: 选择路径 0, 答案: 150, 置信度: 0.3
2025-08-04 21:03:04,214 - INFO - 投票结果: 选择路径 0, 答案: 1050, 置信度: 1.0
2025-08-04 21:03:04,214 - INFO - 投票结果: 选择路径 0, 答案: 2304, 置信度: 1.0
2025-08-04 21:03:04,215 - INFO - 投票结果: 选择路径 2, 答案: 115, 置信度: 0.4
2025-08-04 21:03:04,216 - INFO - 投票结果: 选择路径 0, 答案: 10000, 置信度: 0.6
2025-08-04 21:03:04,216 - INFO - 投票结果: 选择路径 0, 答案: 410, 置信度: 0.9
2025-08-04 21:03:04,217 - INFO - 投票结果: 选择路径 0, 答案: 32, 置信度: 0.9
2025-08-04 21:03:04,218 - INFO - 投票结果: 选择路径 1, 答案: 120, 置信度: 0.9
2025-08-04 21:03:04,218 - INFO - 投票结果: 选择路径 0, 答案: 29, 置信度: 0.9
2025-08-04 21:03:04,219 - INFO - 投票结果: 选择路径 1, 答案: 200, 置信度: 0.4
2025-08-04 21:03:04,220 - INFO - 投票结果: 选择路径 0, 答案: 80, 置信度: 0.9
2025-08-04 21:03:04,220 - INFO - 投票结果: 选择路径 0, 答案: 200, 置信度: 0.7
2025-08-04 21:03:04,221 - INFO - 投票结果: 选择路径 0, 答案: 2, 置信度: 0.8
2025-08-04 21:03:04,222 - INFO - 投票结果: 选择路径 0, 答案: 9, 置信度: 1.0
2025-08-04 21:03:04,222 - INFO - 投票结果: 选择路径 0, 答案: 100, 置信度: 1.0
2025-08-04 21:03:04,223 - INFO - 投票结果: 选择路径 0, 答案: 40, 置信度: 0.9
2025-08-04 21:03:04,223 - INFO - 投票结果: 选择路径 0, 答案: 250, 置信度: 0.5
2025-08-04 21:03:04,224 - INFO - 投票结果: 选择路径 0, 答案: 5600, 置信度: 0.8
2025-08-04 21:03:04,225 - INFO - 投票结果: 选择路径 0, 答案: 5, 置信度: 1.0
2025-08-04 21:03:04,225 - INFO - 投票结果: 选择路径 0, 答案: 600, 置信度: 1.0
2025-08-04 21:03:04,226 - INFO - 投票结果: 选择路径 0, 答案: 6, 置信度: 1.0
2025-08-04 21:03:04,227 - INFO - 投票结果: 选择路径 0, 答案: 1, 置信度: 1.0
2025-08-04 21:03:04,227 - INFO - 投票结果: 选择路径 0, 答案: 360, 置信度: 0.5
2025-08-04 21:03:04,228 - INFO - 投票结果: 选择路径 0, 答案: 45, 置信度: 1.0
2025-08-04 21:03:04,228 - INFO - 投票结果: 选择路径 0, 答案: 310, 置信度: 1.0
2025-08-04 21:03:04,229 - INFO - 投票结果: 选择路径 2, 答案: 5, 置信度: 0.5
2025-08-04 21:03:04,230 - INFO - 投票结果: 选择路径 0, 答案: 30, 置信度: 1.0
2025-08-04 21:03:04,230 - INFO - 投票结果: 选择路径 0, 答案: 220, 置信度: 1.0
2025-08-04 21:03:04,231 - INFO - 投票结果: 选择路径 0, 答案: 310, 置信度: 1.0
2025-08-04 21:03:04,232 - INFO - 投票结果: 选择路径 0, 答案: 250, 置信度: 0.7
2025-08-04 21:03:04,232 - INFO - 投票结果: 选择路径 0, 答案: 118000, 置信度: 0.7
2025-08-04 21:03:04,233 - INFO - 投票结果: 选择路径 0, 答案: 160, 置信度: 1.0
2025-08-04 21:03:04,234 - INFO - 投票结果: 选择路径 0, 答案: 4, 置信度: 0.9
2025-08-04 21:03:04,234 - INFO - 投票结果: 选择路径 0, 答案: 6, 置信度: 0.9
2025-08-04 21:03:04,235 - INFO - 投票结果: 选择路径 0, 答案: 64, 置信度: 0.6
2025-08-04 21:03:04,236 - INFO - 投票结果: 选择路径 0, 答案: 335, 置信度: 1.0
2025-08-04 21:03:04,236 - INFO - 投票结果: 选择路径 0, 答案: 44, 置信度: 0.9
2025-08-04 21:03:04,237 - INFO - 投票结果: 选择路径 0, 答案: 216, 置信度: 1.0
2025-08-04 21:03:04,238 - INFO - 投票结果: 选择路径 0, 答案: 40, 置信度: 1.0
2025-08-04 21:03:04,238 - INFO - 投票结果: 选择路径 2, 答案: 6, 置信度: 0.7
2025-08-04 21:03:04,239 - INFO - 投票结果: 选择路径 0, 答案: 135, 置信度: 0.8
2025-08-04 21:03:04,239 - INFO - 投票结果: 选择路径 0, 答案: 16, 置信度: 0.7
2025-08-04 21:03:04,240 - INFO - 投票结果: 选择路径 0, 答案: 6, 置信度: 1.0
2025-08-04 21:03:04,241 - INFO - 投票结果: 选择路径 1, 答案: 17, 置信度: 0.9
2025-08-04 21:03:04,241 - INFO - 投票结果: 选择路径 0, 答案: 540, 置信度: 1.0
2025-08-04 21:03:04,242 - INFO - 投票结果: 选择路径 0, 答案: 621, 置信度: 0.8
2025-08-04 21:03:04,243 - INFO - 投票结果: 选择路径 0, 答案: 120, 置信度: 1.0
2025-08-04 21:03:04,243 - INFO - 投票结果: 选择路径 3, 答案: 56, 置信度: 0.6
2025-08-04 21:03:04,244 - INFO - 投票结果: 选择路径 0, 答案: 2, 置信度: 1.0
2025-08-04 21:03:04,245 - INFO - 投票结果: 选择路径 0, 答案: 3, 置信度: 1.0
2025-08-04 21:03:04,245 - INFO - 投票结果: 选择路径 1, 答案: 104, 置信度: 0.5
2025-08-04 21:03:04,246 - INFO - 投票结果: 选择路径 0, 答案: 5, 置信度: 1.0
2025-08-04 21:03:04,246 - INFO - 投票结果: 选择路径 0, 答案: 21, 置信度: 0.4
2025-08-04 21:03:04,247 - INFO - 投票结果: 选择路径 0, 答案: 6, 置信度: 1.0
2025-08-04 21:03:04,248 - INFO - 投票结果: 选择路径 0, 答案: 40, 置信度: 0.6
2025-08-04 21:03:04,248 - INFO - 投票结果: 选择路径 0, 答案: 10, 置信度: 0.9
2025-08-04 21:03:04,249 - INFO - 投票结果: 选择路径 0, 答案: 9, 置信度: 1.0
2025-08-04 21:03:04,250 - INFO - 投票结果: 选择路径 1, 答案: 5, 置信度: 0.9
2025-08-04 21:03:04,250 - INFO - 投票结果: 选择路径 0, 答案: 16, 置信度: 0.8
2025-08-04 21:03:04,251 - INFO - 投票结果: 选择路径 0, 答案: 296, 置信度: 1.0
2025-08-04 21:03:04,251 - INFO - 投票结果: 选择路径 2, 答案: 750, 置信度: 0.6
2025-08-04 21:03:04,252 - INFO - 投票结果: 选择路径 4, 答案: 12, 置信度: 0.5
2025-08-04 21:03:04,253 - INFO - 投票结果: 选择路径 0, 答案: 4, 置信度: 1.0
2025-08-04 21:03:04,253 - INFO - 投票结果: 选择路径 0, 答案: 25, 置信度: 1.0
2025-08-04 21:03:04,254 - INFO - 投票结果: 选择路径 0, 答案: 210, 置信度: 0.6
2025-08-04 21:03:04,255 - INFO - 投票结果: 选择路径 2, 答案: 2, 置信度: 0.4
2025-08-04 21:03:04,255 - INFO - 投票结果: 选择路径 0, 答案: 35, 置信度: 0.9
2025-08-04 21:03:04,256 - INFO - 投票结果: 选择路径 0, 答案: 24, 置信度: 1.0
2025-08-04 21:03:04,257 - INFO - 投票结果: 选择路径 0, 答案: \frac{44}{3}, 置信度: 0.5
2025-08-04 21:03:04,257 - INFO - 投票结果: 选择路径 0, 答案: 69, 置信度: 1.0
2025-08-04 21:03:04,258 - INFO - 投票结果: 选择路径 0, 答案: 168, 置信度: 1.0
2025-08-04 21:03:04,259 - INFO - 投票结果: 选择路径 0, 答案: 20, 置信度: 1.0
2025-08-04 21:03:04,259 - INFO - 投票结果: 选择路径 0, 答案: 4, 置信度: 1.0
2025-08-04 21:03:04,260 - INFO - 投票结果: 选择路径 0, 答案: 1596, 置信度: 1.0
2025-08-04 21:03:04,260 - INFO - 投票结果: 选择路径 1, 答案: 150, 置信度: 0.4
2025-08-04 21:03:04,261 - INFO - 投票结果: 选择路径 0, 答案: 20, 置信度: 1.0
2025-08-04 21:03:04,262 - INFO - 投票结果: 选择路径 0, 答案: 2, 置信度: 1.0
2025-08-04 21:03:04,262 - INFO - 投票结果: 选择路径 0, 答案: 7, 置信度: 0.5
2025-08-04 21:03:04,263 - INFO - 投票结果: 选择路径 0, 答案: 3140, 置信度: 0.6
2025-08-04 21:03:04,264 - INFO - 投票结果: 选择路径 0, 答案: 4, 置信度: 1.0
2025-08-04 21:03:04,264 - INFO - 投票结果: 选择路径 0, 答案: 81, 置信度: 1.0
2025-08-04 21:03:04,265 - INFO - 投票结果: 选择路径 2, 答案: 50, 置信度: 0.5
2025-08-04 21:03:04,266 - INFO - 投票结果: 选择路径 0, 答案: 1400, 置信度: 0.6
2025-08-04 21:03:04,266 - INFO - 投票结果: 选择路径 2, 答案: 20, 置信度: 0.2
2025-08-04 21:03:04,267 - INFO - 投票结果: 选择路径 2, 答案: 30, 置信度: 0.6
2025-08-04 21:03:04,268 - INFO - 投票结果: 选择路径 0, 答案: 26, 置信度: 1.0
2025-08-04 21:03:04,268 - INFO - 投票结果: 选择路径 0, 答案: 13, 置信度: 1.0
2025-08-04 21:03:04,269 - INFO - 投票结果: 选择路径 0, 答案: 623, 置信度: 0.7
2025-08-04 21:03:04,269 - INFO - 投票结果: 选择路径 0, 答案: 92, 置信度: 1.0
2025-08-04 21:03:04,270 - INFO - 投票结果: 选择路径 1, 答案: 42, 置信度: 0.3
2025-08-04 21:03:04,271 - INFO - 投票结果: 选择路径 0, 答案: 55, 置信度: 1.0
2025-08-04 21:03:04,271 - INFO - 投票结果: 选择路径 0, 答案: 90, 置信度: 1.0
2025-08-04 21:03:04,272 - INFO - 投票结果: 选择路径 1, 答案: 55, 置信度: 0.2
2025-08-04 21:03:04,273 - INFO - 投票结果: 选择路径 0, 答案: 10, 置信度: 1.0
2025-08-04 21:03:04,273 - INFO - 投票结果: 选择路径 0, 答案: 70, 置信度: 1.0
2025-08-04 21:03:04,274 - INFO - 投票结果: 选择路径 1, 答案: 4, 置信度: 0.3
2025-08-04 21:03:04,275 - INFO - 投票结果: 选择路径 0, 答案: 2450, 置信度: 0.7
2025-08-04 21:03:04,275 - INFO - 投票结果: 选择路径 0, 答案: 18, 置信度: 0.4
2025-08-04 21:03:04,276 - INFO - 投票结果: 选择路径 5, 答案: 372000, 置信度: 0.3
2025-08-04 21:03:04,277 - INFO - 投票结果: 选择路径 0, 答案: 38, 置信度: 0.8
2025-08-04 21:03:04,277 - INFO - 投票结果: 选择路径 0, 答案: 300, 置信度: 0.8
2025-08-04 21:03:04,278 - INFO - 投票结果: 选择路径 0, 答案: 75, 置信度: 0.9
2025-08-04 21:03:04,279 - INFO - 投票结果: 选择路径 0, 答案: 360, 置信度: 0.7
2025-08-04 21:03:04,279 - INFO - 投票结果: 选择路径 1, 答案: 18, 置信度: 0.9
2025-08-04 21:03:04,280 - INFO - 投票结果: 选择路径 0, 答案: 9500, 置信度: 1.0
2025-08-04 21:03:04,281 - INFO - 投票结果: 选择路径 0, 答案: 7, 置信度: 1.0
2025-08-04 21:03:04,281 - INFO - 投票结果: 选择路径 0, 答案: 336, 置信度: 1.0
2025-08-04 21:03:04,282 - INFO - 投票结果: 选择路径 0, 答案: 48, 置信度: 0.2
2025-08-04 21:03:04,282 - INFO - 投票结果: 选择路径 0, 答案: 78, 置信度: 1.0
2025-08-04 21:03:04,283 - INFO - 投票结果: 选择路径 0, 答案: 155, 置信度: 0.5
2025-08-04 21:03:04,284 - INFO - 投票结果: 选择路径 0, 答案: 15, 置信度: 0.8
2025-08-04 21:03:04,284 - INFO - 投票结果: 选择路径 0, 答案: 375, 置信度: 0.8
2025-08-04 21:03:04,285 - INFO - 投票结果: 选择路径 0, 答案: 54, 置信度: 0.7
2025-08-04 21:03:04,286 - INFO - 投票结果: 选择路径 0, 答案: 3200, 置信度: 0.3
2025-08-04 21:03:04,286 - INFO - 投票结果: 选择路径 2, 答案: 14, 置信度: 0.6
2025-08-04 21:03:04,287 - INFO - 投票结果: 选择路径 0, 答案: 84, 置信度: 0.7
2025-08-04 21:03:04,288 - INFO - 投票结果: 选择路径 0, 答案: 100, 置信度: 0.6
2025-08-04 21:03:04,288 - INFO - 投票结果: 选择路径 0, 答案: 450, 置信度: 0.9
2025-08-04 21:03:04,289 - INFO - 投票结果: 选择路径 0, 答案: 6000, 置信度: 0.5
2025-08-04 21:03:04,290 - INFO - 投票结果: 选择路径 1, 答案: 43, 置信度: 0.3
2025-08-04 21:03:04,290 - INFO - 投票结果: 选择路径 0, 答案: 6, 置信度: 1.0
2025-08-04 21:03:04,291 - INFO - 投票结果: 选择路径 0, 答案: 1200, 置信度: 0.8
2025-08-04 21:03:04,291 - INFO - 投票结果: 选择路径 0, 答案: 24, 置信度: 0.6
2025-08-04 21:03:04,292 - INFO - 投票结果: 选择路径 0, 答案: 14, 置信度: 0.6
2025-08-04 21:03:04,293 - INFO - 投票结果: 选择路径 1, 答案: 28.33, 置信度: 0.3
2025-08-04 21:03:04,293 - INFO - 投票结果: 选择路径 0, 答案: 230, 置信度: 0.8
2025-08-04 21:03:04,294 - INFO - 投票结果: 选择路径 2, 答案: 11.43, 置信度: 0.3
2025-08-04 21:03:04,295 - INFO - 投票结果: 选择路径 2, 答案: 40, 置信度: 0.4
2025-08-04 21:03:04,295 - INFO - 投票结果: 选择路径 0, 答案: 14, 置信度: 0.7
2025-08-04 21:03:04,296 - INFO - 投票结果: 选择路径 0, 答案: 20, 置信度: 1.0
2025-08-04 21:03:04,297 - INFO - 投票结果: 选择路径 0, 答案: 240, 置信度: 0.4
2025-08-04 21:03:04,297 - INFO - 投票结果: 选择路径 1, 答案: 3, 置信度: 0.7
2025-08-04 21:03:04,298 - INFO - 投票结果: 选择路径 0, 答案: 162, 置信度: 0.3
2025-08-04 21:03:04,299 - INFO - 投票结果: 选择路径 1, 答案: 64, 置信度: 0.8
2025-08-04 21:03:04,300 - INFO - 投票结果: 选择路径 0, 答案: 48, 置信度: 1.0
2025-08-04 21:03:04,300 - INFO - 投票结果: 选择路径 0, 答案: 4, 置信度: 1.0
2025-08-04 21:03:04,301 - INFO - 投票结果: 选择路径 0, 答案: 14, 置信度: 0.8
2025-08-04 21:03:04,302 - INFO - 投票结果: 选择路径 0, 答案: 2800, 置信度: 0.3
2025-08-04 21:03:04,302 - INFO - 投票结果: 选择路径 0, 答案: 13, 置信度: 0.5
2025-08-04 21:03:04,303 - INFO - 投票结果: 选择路径 0, 答案: 144, 置信度: 0.9
2025-08-04 21:03:04,304 - INFO - 投票结果: 选择路径 1, 答案: 560, 置信度: 0.8
2025-08-04 21:03:04,304 - INFO - 投票结果: 选择路径 0, 答案: 428, 置信度: 1.0
2025-08-04 21:03:04,305 - INFO - 投票结果: 选择路径 0, 答案: 665, 置信度: 0.9
2025-08-04 21:03:04,306 - INFO - 投票结果: 选择路径 1, 答案: 10000, 置信度: 0.3
2025-08-04 21:03:04,307 - INFO - 投票结果: 选择路径 0, 答案: 2.5, 置信度: 0.8
2025-08-04 21:03:04,307 - INFO - 投票结果: 选择路径 1, 答案: 90, 置信度: 0.8
2025-08-04 21:03:04,308 - INFO - 投票结果: 选择路径 0, 答案: 570, 置信度: 1.0
2025-08-04 21:03:04,308 - INFO - 投票结果: 选择路径 0, 答案: 5, 置信度: 0.9
2025-08-04 21:03:04,309 - INFO - 投票结果: 选择路径 0, 答案: 86, 置信度: 0.6
2025-08-04 21:03:04,310 - INFO - 投票结果: 选择路径 0, 答案: 160, 置信度: 1.0
2025-08-04 21:03:04,310 - INFO - 投票结果: 选择路径 0, 答案: 6, 置信度: 1.0
2025-08-04 21:03:04,311 - INFO - 投票结果: 选择路径 0, 答案: 6000, 置信度: 1.0
2025-08-04 21:03:04,312 - INFO - 投票结果: 选择路径 0, 答案: 800, 置信度: 0.9
2025-08-04 21:03:04,312 - INFO - 投票结果: 选择路径 0, 答案: 1, 置信度: 1.0
2025-08-04 21:03:04,313 - INFO - 投票结果: 选择路径 1, 答案: 4, 置信度: 0.7
2025-08-04 21:03:04,314 - INFO - 投票结果: 选择路径 0, 答案: 31, 置信度: 1.0
2025-08-04 21:03:04,314 - INFO - 投票结果: 选择路径 0, 答案: 276000, 置信度: 1.0
2025-08-04 21:03:04,315 - INFO - 投票结果: 选择路径 0, 答案: 482, 置信度: 0.9
2025-08-04 21:03:04,316 - INFO - 投票结果: 选择路径 0, 答案: 100, 置信度: 1.0
2025-08-04 21:03:04,316 - INFO - 投票结果: 选择路径 0, 答案: 21, 置信度: 1.0
2025-08-04 21:03:04,317 - INFO - 投票结果: 选择路径 0, 答案: 40, 置信度: 0.8
2025-08-04 21:03:04,317 - INFO - 投票结果: 选择路径 0, 答案: 180000, 置信度: 0.9
2025-08-04 21:03:04,318 - INFO - 投票结果: 选择路径 0, 答案: 14, 置信度: 1.0
2025-08-04 21:03:04,319 - INFO - 投票结果: 选择路径 0, 答案: 54, 置信度: 0.8
2025-08-04 21:03:04,319 - INFO - 投票结果: 选择路径 0, 答案: 5, 置信度: 0.9
2025-08-04 21:03:04,320 - INFO - 投票结果: 选择路径 0, 答案: 48, 置信度: 0.9
2025-08-04 21:03:04,321 - INFO - 投票结果: 选择路径 0, 答案: 390, 置信度: 0.8
2025-08-04 21:03:04,321 - INFO - 投票结果: 选择路径 0, 答案: 22, 置信度: 1.0
2025-08-04 21:03:04,322 - INFO - 投票结果: 选择路径 0, 答案: 20, 置信度: 0.5
2025-08-04 21:03:04,323 - INFO - 投票结果: 选择路径 0, 答案: 18000, 置信度: 0.9
2025-08-04 21:03:04,323 - INFO - 投票结果: 选择路径 0, 答案: 8642, 置信度: 1.0
2025-08-04 21:03:04,324 - INFO - 投票结果: 选择路径 0, 答案: 10, 置信度: 1.0
2025-08-04 21:03:04,325 - INFO - 投票结果: 选择路径 0, 答案: 27, 置信度: 0.4
2025-08-04 21:03:04,325 - INFO - 投票结果: 选择路径 0, 答案: 22, 置信度: 1.0
2025-08-04 21:03:04,326 - INFO - 投票结果: 选择路径 0, 答案: 61, 置信度: 0.5
2025-08-04 21:03:04,327 - INFO - 投票结果: 选择路径 0, 答案: 10, 置信度: 1.0
2025-08-04 21:03:04,327 - INFO - 投票结果: 选择路径 0, 答案: 15, 置信度: 1.0
2025-08-04 21:03:04,328 - INFO - 投票结果: 选择路径 0, 答案: 14, 置信度: 1.0
2025-08-04 21:03:04,328 - INFO - 投票结果: 选择路径 0, 答案: 14, 置信度: 1.0
2025-08-04 21:03:04,329 - INFO - 投票结果: 选择路径 0, 答案: 4, 置信度: 1.0
2025-08-04 21:03:04,330 - INFO - 投票结果: 选择路径 0, 答案: 3000, 置信度: 1.0
2025-08-04 21:03:04,330 - INFO - 投票结果: 选择路径 0, 答案: 3, 置信度: 0.5
2025-08-04 21:03:04,331 - INFO - 投票结果: 选择路径 2, 答案: 374, 置信度: 0.4
2025-08-04 21:03:04,332 - INFO - 投票结果: 选择路径 0, 答案: 1080, 置信度: 1.0
2025-08-04 21:03:04,332 - INFO - 投票结果: 选择路径 0, 答案: 84, 置信度: 0.9
2025-08-04 21:03:04,333 - INFO - 投票结果: 选择路径 0, 答案: 91, 置信度: 1.0
2025-08-04 21:03:04,334 - INFO - 投票结果: 选择路径 0, 答案: 18, 置信度: 0.8
2025-08-04 21:03:04,334 - INFO - 投票结果: 选择路径 0, 答案: 180, 置信度: 1.0
2025-08-04 21:03:04,335 - INFO - 投票结果: 选择路径 0, 答案: 350, 置信度: 0.7
2025-08-04 21:03:04,336 - INFO - 投票结果: 选择路径 0, 答案: 4, 置信度: 0.5
2025-08-04 21:03:04,336 - INFO - 投票结果: 选择路径 0, 答案: 129200, 置信度: 1.0
2025-08-04 21:03:04,337 - INFO - 投票结果: 选择路径 0, 答案: 10, 置信度: 1.0
2025-08-04 21:03:04,338 - INFO - 投票结果: 选择路径 0, 答案: 14, 置信度: 0.9
2025-08-04 21:03:04,338 - INFO - 投票结果: 选择路径 0, 答案: 12, 置信度: 1.0
2025-08-04 21:03:04,339 - INFO - 投票结果: 选择路径 0, 答案: 68, 置信度: 0.5
2025-08-04 21:03:04,340 - INFO - 投票结果: 选择路径 0, 答案: 58, 置信度: 1.0
2025-08-04 21:03:04,340 - INFO - 投票结果: 选择路径 0, 答案: 40, 置信度: 0.9
2025-08-04 21:03:04,341 - INFO - 投票结果: 选择路径 0, 答案: 132, 置信度: 1.0
2025-08-04 21:03:04,342 - INFO - 投票结果: 选择路径 0, 答案: 120, 置信度: 1.0
2025-08-04 21:03:04,342 - INFO - 投票结果: 选择路径 0, 答案: 120, 置信度: 1.0
2025-08-04 21:03:04,343 - INFO - 投票结果: 选择路径 0, 答案: 120, 置信度: 0.8
2025-08-04 21:03:04,344 - INFO - 投票结果: 选择路径 0, 答案: 15, 置信度: 1.0
2025-08-04 21:03:04,344 - INFO - 投票结果: 选择路径 0, 答案: 576, 置信度: 1.0
2025-08-04 21:03:04,345 - INFO - 投票结果: 选择路径 0, 答案: 5, 置信度: 1.0
2025-08-04 21:03:04,346 - INFO - 投票结果: 选择路径 0, 答案: 20, 置信度: 1.0
2025-08-04 21:03:04,346 - INFO - 投票结果: 选择路径 0, 答案: 40, 置信度: 0.8
2025-08-04 21:03:04,347 - INFO - 投票结果: 选择路径 0, 答案: 23, 置信度: 1.0
2025-08-04 21:03:04,348 - INFO - 投票结果: 选择路径 0, 答案: 156, 置信度: 1.0
2025-08-04 21:03:04,348 - INFO - 投票结果: 选择路径 2, 答案: 280, 置信度: 0.5
2025-08-04 21:03:04,349 - INFO - 投票结果: 选择路径 0, 答案: 4, 置信度: 0.3
2025-08-04 21:03:04,350 - INFO - 投票结果: 选择路径 0, 答案: 2, 置信度: 1.0
2025-08-04 21:03:04,350 - INFO - 投票结果: 选择路径 0, 答案: 120, 置信度: 0.9
2025-08-04 21:03:04,351 - INFO - 投票结果: 选择路径 4, 答案: 52, 置信度: 0.5
2025-08-04 21:03:04,352 - INFO - 投票结果: 选择路径 0, 答案: 15, 置信度: 1.0
2025-08-04 21:03:04,352 - INFO - 投票结果: 选择路径 0, 答案: 9, 置信度: 1.0
2025-08-04 21:03:04,353 - INFO - 投票结果: 选择路径 1, 答案: 120, 置信度: 0.4
2025-08-04 21:03:04,353 - INFO - 投票结果: 选择路径 0, 答案: 20, 置信度: 0.8
2025-08-04 21:03:04,354 - INFO - 投票结果: 选择路径 0, 答案: 30, 置信度: 0.7
2025-08-04 21:03:04,355 - INFO - 投票结果: 选择路径 0, 答案: 80, 置信度: 0.5
2025-08-04 21:03:04,355 - INFO - 投票结果: 选择路径 0, 答案: 5, 置信度: 1.0
2025-08-04 21:03:04,356 - INFO - 投票结果: 选择路径 0, 答案: 5, 置信度: 0.9
2025-08-04 21:03:04,357 - INFO - 投票结果: 选择路径 0, 答案: 80, 置信度: 1.0
2025-08-04 21:03:04,357 - INFO - 投票结果: 选择路径 2, 答案: 38, 置信度: 0.6
2025-08-04 21:03:04,358 - INFO - 投票结果: 选择路径 0, 答案: 42, 置信度: 0.9
2025-08-04 21:03:04,359 - INFO - 投票结果: 选择路径 0, 答案: 3, 置信度: 1.0
2025-08-04 21:03:04,359 - INFO - 投票结果: 选择路径 0, 答案: 50, 置信度: 1.0
2025-08-04 21:03:04,360 - INFO - 投票结果: 选择路径 0, 答案: 17, 置信度: 1.0
2025-08-04 21:03:04,361 - INFO - 投票结果: 选择路径 0, 答案: 19, 置信度: 0.4
2025-08-04 21:03:04,362 - INFO - 投票结果: 选择路径 0, 答案: 20, 置信度: 0.9
2025-08-04 21:03:04,362 - INFO - 投票结果: 选择路径 0, 答案: 120, 置信度: 0.4
2025-08-04 21:03:04,363 - INFO - 投票结果: 选择路径 0, 答案: 40, 置信度: 0.2
2025-08-04 21:03:04,363 - INFO - 投票结果: 选择路径 0, 答案: 45, 置信度: 1.0
2025-08-04 21:03:04,364 - INFO - 投票结果: 选择路径 1, 答案: 11, 置信度: 0.7
2025-08-04 21:03:04,365 - INFO - 投票结果: 选择路径 0, 答案: 10, 置信度: 1.0
2025-08-04 21:03:04,365 - INFO - 投票结果: 选择路径 0, 答案: 318, 置信度: 0.7
2025-08-04 21:03:04,366 - INFO - 投票结果: 选择路径 0, 答案: 92, 置信度: 0.9
2025-08-04 21:03:04,367 - INFO - 投票结果: 选择路径 0, 答案: 70, 置信度: 1.0
2025-08-04 21:03:04,367 - INFO - 投票结果: 选择路径 2, 答案: 62, 置信度: 0.8
2025-08-04 21:03:04,368 - INFO - 投票结果: 选择路径 0, 答案: 1509, 置信度: 0.9
2025-08-04 21:03:04,368 - INFO - 投票结果: 选择路径 0, 答案: 2, 置信度: 0.9
2025-08-04 21:03:04,369 - INFO - 投票结果: 选择路径 0, 答案: 1, 置信度: 1.0
2025-08-04 21:03:04,370 - INFO - 投票结果: 选择路径 0, 答案: 1170, 置信度: 1.0
2025-08-04 21:03:04,370 - INFO - 投票结果: 选择路径 0, 答案: 28, 置信度: 0.9
2025-08-04 21:03:04,371 - INFO - 投票结果: 选择路径 0, 答案: 20, 置信度: 0.7
2025-08-04 21:03:04,372 - INFO - 投票结果: 选择路径 0, 答案: 20, 置信度: 1.0
2025-08-04 21:03:04,372 - INFO - 投票结果: 选择路径 0, 答案: 65960, 置信度: 0.6
2025-08-04 21:03:04,373 - INFO - 投票结果: 选择路径 1, 答案: 16, 置信度: 0.5
2025-08-04 21:03:04,373 - INFO - 投票结果: 选择路径 0, 答案: 575, 置信度: 1.0
2025-08-04 21:03:04,374 - INFO - 投票结果: 选择路径 0, 答案: 60, 置信度: 1.0
2025-08-04 21:03:04,375 - INFO - 投票结果: 选择路径 0, 答案: 4200, 置信度: 0.5
2025-08-04 21:03:04,375 - INFO - 投票结果: 选择路径 2, 答案: 17, 置信度: 0.3
2025-08-04 21:03:04,376 - INFO - 投票结果: 选择路径 1, 答案: 71, 置信度: 0.6
2025-08-04 21:03:04,377 - INFO - 投票结果: 选择路径 0, 答案: 70, 置信度: 1.0
2025-08-04 21:03:04,377 - INFO - 投票结果: 选择路径 0, 答案: 25, 置信度: 0.8
2025-08-04 21:03:04,378 - INFO - 投票结果: 选择路径 0, 答案: 160, 置信度: 0.9
2025-08-04 21:03:04,379 - INFO - 投票结果: 选择路径 0, 答案: 398, 置信度: 0.8
2025-08-04 21:03:04,379 - INFO - 投票结果: 选择路径 0, 答案: 5, 置信度: 1.0
2025-08-04 21:03:04,380 - INFO - 投票结果: 选择路径 0, 答案: 42000, 置信度: 0.8
2025-08-04 21:03:04,380 - INFO - 投票结果: 选择路径 1, 答案: 39, 置信度: 0.6
2025-08-04 21:03:04,381 - INFO - 投票结果: 选择路径 0, 答案: 10, 置信度: 0.5
2025-08-04 21:03:04,382 - INFO - 投票结果: 选择路径 2, 答案: 4, 置信度: 0.5
2025-08-04 21:03:04,382 - INFO - 投票结果: 选择路径 0, 答案: 40, 置信度: 0.9
2025-08-04 21:03:04,383 - INFO - 投票结果: 选择路径 0, 答案: 100, 置信度: 1.0
2025-08-04 21:03:04,384 - INFO - 投票结果: 选择路径 0, 答案: 60, 置信度: 1.0
2025-08-04 21:03:04,384 - INFO - 投票结果: 选择路径 0, 答案: 100, 置信度: 1.0
2025-08-04 21:03:04,385 - INFO - 投票结果: 选择路径 0, 答案: 72, 置信度: 1.0
2025-08-04 21:03:04,386 - INFO - 投票结果: 选择路径 0, 答案: 20, 置信度: 1.0
2025-08-04 21:03:04,386 - INFO - 投票结果: 选择路径 1, 答案: 6277, 置信度: 0.8
2025-08-04 21:03:04,387 - INFO - 投票结果: 选择路径 0, 答案: 12, 置信度: 0.3
2025-08-04 21:03:04,387 - INFO - 投票结果: 选择路径 0, 答案: 26, 置信度: 1.0
2025-08-04 21:03:04,388 - INFO - 投票结果: 选择路径 0, 答案: 5, 置信度: 0.4
2025-08-04 21:03:04,389 - INFO - 投票结果: 选择路径 0, 答案: 12, 置信度: 1.0
2025-08-04 21:03:04,389 - INFO - 投票结果: 选择路径 0, 答案: 4, 置信度: 0.1
2025-08-04 21:03:04,390 - INFO - 投票结果: 选择路径 0, 答案: 16, 置信度: 0.7
2025-08-04 21:03:04,391 - INFO - 投票结果: 选择路径 0, 答案: 32, 置信度: 1.0
2025-08-04 21:03:04,391 - INFO - 投票结果: 选择路径 0, 答案: 20, 置信度: 0.9
2025-08-04 21:03:04,392 - INFO - 投票结果: 选择路径 0, 答案: 20, 置信度: 0.9
2025-08-04 21:03:04,393 - INFO - 投票结果: 选择路径 0, 答案: 320, 置信度: 1.0
2025-08-04 21:03:04,393 - INFO - 投票结果: 选择路径 0, 答案: 77, 置信度: 1.0
2025-08-04 21:03:04,394 - INFO - 投票结果: 选择路径 0, 答案: 9, 置信度: 0.8
2025-08-04 21:03:04,394 - INFO - 投票结果: 选择路径 0, 答案: 1, 置信度: 0.6
2025-08-04 21:03:04,395 - INFO - 投票结果: 选择路径 0, 答案: 1248, 置信度: 0.7
2025-08-04 21:03:04,396 - INFO - 投票结果: 选择路径 0, 答案: 15, 置信度: 1.0
2025-08-04 21:03:04,396 - INFO - 投票结果: 选择路径 0, 答案: 16, 置信度: 1.0
2025-08-04 21:03:04,397 - INFO - 投票结果: 选择路径 0, 答案: 2, 置信度: 1.0
2025-08-04 21:03:04,398 - INFO - 投票结果: 选择路径 1, 答案: 46, 置信度: 0.3
2025-08-04 21:03:04,398 - INFO - 投票结果: 选择路径 0, 答案: 60, 置信度: 0.9
2025-08-04 21:03:04,399 - INFO - 投票结果: 选择路径 2, 答案: 315, 置信度: 0.6
2025-08-04 21:03:04,400 - INFO - 投票结果: 选择路径 0, 答案: 84, 置信度: 0.8
2025-08-04 21:03:04,400 - INFO - 投票结果: 选择路径 1, 答案: 80, 置信度: 0.4
2025-08-04 21:03:04,401 - INFO - 投票结果: 选择路径 0, 答案: 300, 置信度: 1.0
2025-08-04 21:03:04,402 - INFO - 投票结果: 选择路径 0, 答案: 50, 置信度: 1.0
2025-08-04 21:03:04,402 - INFO - 投票结果: 选择路径 0, 答案: 14, 置信度: 1.0
2025-08-04 21:03:04,403 - INFO - 投票结果: 选择路径 0, 答案: 291, 置信度: 0.4
2025-08-04 21:03:04,403 - INFO - 投票结果: 选择路径 0, 答案: 12, 置信度: 1.0
2025-08-04 21:03:04,404 - INFO - 投票结果: 选择路径 0, 答案: 1240, 置信度: 1.0
2025-08-04 21:03:04,405 - INFO - 投票结果: 选择路径 0, 答案: 8, 置信度: 1.0
2025-08-04 21:03:04,405 - INFO - 投票结果: 选择路径 0, 答案: 107, 置信度: 0.3
2025-08-04 21:03:04,406 - INFO - 投票结果: 选择路径 0, 答案: 2, 置信度: 0.8
2025-08-04 21:03:04,407 - INFO - 投票结果: 选择路径 0, 答案: 2, 置信度: 1.0
2025-08-04 21:03:04,407 - INFO - 投票结果: 选择路径 6, 答案: 268, 置信度: 0.3
2025-08-04 21:03:04,408 - INFO - 投票结果: 选择路径 0, 答案: 160, 置信度: 1.0
2025-08-04 21:03:04,409 - INFO - 投票结果: 选择路径 0, 答案: 1128, 置信度: 0.9
2025-08-04 21:03:04,409 - INFO - 投票结果: 选择路径 0, 答案: 6250, 置信度: 1.0
2025-08-04 21:03:04,410 - INFO - 投票结果: 选择路径 0, 答案: 5, 置信度: 1.0
2025-08-04 21:03:04,410 - INFO - 投票结果: 选择路径 0, 答案: 500, 置信度: 1.0
2025-08-04 21:03:04,411 - INFO - 投票结果: 选择路径 0, 答案: 2, 置信度: 0.4
2025-08-04 21:03:04,412 - INFO - 投票结果: 选择路径 0, 答案: 34, 置信度: 1.0
2025-08-04 21:03:04,412 - INFO - 投票结果: 选择路径 0, 答案: 60, 置信度: 1.0
2025-08-04 21:03:04,413 - INFO - 投票结果: 选择路径 3, 答案: 4, 置信度: 0.3
2025-08-04 21:03:04,414 - INFO - 投票结果: 选择路径 1, 答案: 56, 置信度: 0.8
2025-08-04 21:03:04,414 - INFO - 投票结果: 选择路径 0, 答案: 74, 置信度: 1.0
2025-08-04 21:03:04,415 - INFO - 投票结果: 选择路径 0, 答案: 5, 置信度: 0.9
2025-08-04 21:03:04,415 - INFO - 投票结果: 选择路径 0, 答案: 600, 置信度: 1.0
2025-08-04 21:03:04,416 - INFO - 投票结果: 选择路径 0, 答案: 20, 置信度: 0.7
2025-08-04 21:03:04,417 - INFO - 投票结果: 选择路径 0, 答案: 23, 置信度: 1.0
2025-08-04 21:03:04,417 - INFO - 投票结果: 选择路径 0, 答案: 20, 置信度: 1.0
2025-08-04 21:03:04,418 - INFO - 投票结果: 选择路径 2, 答案: 93.33, 置信度: 0.6
2025-08-04 21:03:04,419 - INFO - 投票结果: 选择路径 0, 答案: 43, 置信度: 1.0
2025-08-04 21:03:04,419 - INFO - 投票结果: 选择路径 0, 答案: 720, 置信度: 1.0
2025-08-04 21:03:04,420 - INFO - 投票结果: 选择路径 0, 答案: 4, 置信度: 0.8
2025-08-04 21:03:04,421 - INFO - 投票结果: 选择路径 0, 答案: 9, 置信度: 1.0
2025-08-04 21:03:04,421 - INFO - 投票结果: 选择路径 5, 答案: 68, 置信度: 0.3
2025-08-04 21:03:04,422 - INFO - 投票结果: 选择路径 0, 答案: 8, 置信度: 1.0
2025-08-04 21:03:04,422 - INFO - 投票结果: 选择路径 1, 答案: 16, 置信度: 0.7
2025-08-04 21:03:04,423 - INFO - 投票结果: 选择路径 0, 答案: 4, 置信度: 0.4
2025-08-04 21:03:04,424 - INFO - 投票结果: 选择路径 0, 答案: 47, 置信度: 0.9
2025-08-04 21:03:04,424 - INFO - 投票结果: 选择路径 1, 答案: 240000, 置信度: 0.7
2025-08-04 21:03:04,425 - INFO - 投票结果: 选择路径 1, 答案: 14, 置信度: 0.7
2025-08-04 21:03:04,426 - INFO - 投票结果: 选择路径 0, 答案: 26, 置信度: 1.0
2025-08-04 21:03:04,426 - INFO - 投票结果: 选择路径 0, 答案: 2.67, 置信度: 0.8
2025-08-04 21:03:04,427 - INFO - 投票结果: 选择路径 0, 答案: 25, 置信度: 0.6
2025-08-04 21:03:04,428 - INFO - 投票结果: 选择路径 1, 答案: 5, 置信度: 0.6
2025-08-04 21:03:04,428 - INFO - 投票结果: 选择路径 0, 答案: 5, 置信度: 1.0
2025-08-04 21:03:04,429 - INFO - 投票结果: 选择路径 0, 答案: 260, 置信度: 0.6
2025-08-04 21:03:04,429 - INFO - 投票结果: 选择路径 0, 答案: 67, 置信度: 0.9
2025-08-04 21:03:04,430 - INFO - 投票结果: 选择路径 1, 答案: 144, 置信度: 0.8
2025-08-04 21:03:04,431 - INFO - 投票结果: 选择路径 0, 答案: 75, 置信度: 1.0
2025-08-04 21:03:04,431 - INFO - 投票结果: 选择路径 0, 答案: 3, 置信度: 1.0
2025-08-04 21:03:04,432 - INFO - 投票结果: 选择路径 0, 答案: 4, 置信度: 1.0
2025-08-04 21:03:04,433 - INFO - 投票结果: 选择路径 0, 答案: 2000, 置信度: 1.0
2025-08-04 21:03:04,433 - INFO - 投票结果: 选择路径 0, 答案: 68, 置信度: 0.4
2025-08-04 21:03:04,434 - INFO - 投票结果: 选择路径 0, 答案: 8, 置信度: 1.0
2025-08-04 21:03:04,434 - INFO - 投票结果: 选择路径 0, 答案: 100, 置信度: 0.9
2025-08-04 21:03:04,435 - INFO - 投票结果: 选择路径 1, 答案: 60, 置信度: 0.7
2025-08-04 21:03:04,436 - INFO - 投票结果: 选择路径 0, 答案: 460, 置信度: 1.0
2025-08-04 21:03:04,436 - INFO - 投票结果: 选择路径 0, 答案: 10, 置信度: 0.5
2025-08-04 21:03:04,437 - INFO - 投票结果: 选择路径 1, 答案: 750, 置信度: 0.7
2025-08-04 21:03:04,438 - INFO - 投票结果: 选择路径 0, 答案: 255, 置信度: 1.0
2025-08-04 21:03:04,438 - INFO - 投票结果: 选择路径 1, 答案: 240, 置信度: 0.6
2025-08-04 21:03:04,439 - INFO - 投票结果: 选择路径 0, 答案: 50, 置信度: 1.0
2025-08-04 21:03:04,440 - INFO - 投票结果: 选择路径 0, 答案: 60000, 置信度: 0.8
2025-08-04 21:03:04,440 - INFO - 投票结果: 选择路径 2, 答案: 77, 置信度: 0.7
2025-08-04 21:03:04,441 - INFO - 投票结果: 选择路径 4, 答案: 10, 置信度: 0.3
2025-08-04 21:03:04,441 - INFO - 投票结果: 选择路径 0, 答案: 75, 置信度: 0.4
2025-08-04 21:03:04,442 - INFO - 投票结果: 选择路径 0, 答案: 13, 置信度: 1.0
2025-08-04 21:03:04,443 - INFO - 投票结果: 选择路径 1, 答案: 4, 置信度: 0.4
2025-08-04 21:03:04,443 - INFO - 投票结果: 选择路径 0, 答案: 260, 置信度: 0.5
2025-08-04 21:03:04,444 - INFO - 投票结果: 选择路径 0, 答案: 540, 置信度: 1.0
2025-08-04 21:03:04,445 - INFO - 投票结果: 选择路径 0, 答案: 104, 置信度: 1.0
2025-08-04 21:03:04,446 - INFO - 投票结果: 选择路径 0, 答案: 27, 置信度: 0.8
2025-08-04 21:03:04,446 - INFO - 投票结果: 选择路径 0, 答案: 75, 置信度: 1.0
2025-08-04 21:03:04,447 - INFO - 投票结果: 选择路径 0, 答案: 36, 置信度: 0.3
2025-08-04 21:03:04,448 - INFO - 投票结果: 选择路径 1, 答案: 120, 置信度: 0.5
2025-08-04 21:03:04,448 - INFO - 投票结果: 选择路径 0, 答案: 348, 置信度: 0.6
2025-08-04 21:03:04,449 - INFO - 投票结果: 选择路径 0, 答案: 15, 置信度: 0.8
2025-08-04 21:03:04,450 - INFO - 投票结果: 选择路径 0, 答案: 247, 置信度: 0.5
2025-08-04 21:03:04,450 - INFO - 投票结果: 选择路径 5, 答案: 12, 置信度: 0.3
2025-08-04 21:03:04,451 - INFO - 投票结果: 选择路径 0, 答案: 85000, 置信度: 0.9
2025-08-04 21:03:04,452 - INFO - 投票结果: 选择路径 1, 答案: 5, 置信度: 0.2
2025-08-04 21:03:04,452 - INFO - 投票结果: 选择路径 0, 答案: 19, 置信度: 0.4
2025-08-04 21:03:04,453 - INFO - 投票结果: 选择路径 0, 答案: 18, 置信度: 1.0
2025-08-04 21:03:04,454 - INFO - 投票结果: 选择路径 1, 答案: 3, 置信度: 0.9
2025-08-04 21:03:04,454 - INFO - 投票结果: 选择路径 0, 答案: 12, 置信度: 1.0
2025-08-04 21:03:04,455 - INFO - 投票结果: 选择路径 3, 答案: 160000, 置信度: 0.2
2025-08-04 21:03:04,456 - INFO - 投票结果: 选择路径 0, 答案: 50, 置信度: 0.8
2025-08-04 21:03:04,456 - INFO - 投票结果: 选择路径 0, 答案: 76, 置信度: 1.0
2025-08-04 21:03:04,457 - INFO - 投票结果: 选择路径 0, 答案: 10, 置信度: 1.0
2025-08-04 21:03:04,458 - INFO - 投票结果: 选择路径 0, 答案: 17, 置信度: 0.9
2025-08-04 21:03:04,458 - INFO - 投票结果: 选择路径 0, 答案: 44, 置信度: 1.0
2025-08-04 21:03:04,459 - INFO - 投票结果: 选择路径 0, 答案: 76, 置信度: 0.5
2025-08-04 21:03:04,460 - INFO - 投票结果: 选择路径 0, 答案: 3, 置信度: 1.0
2025-08-04 21:03:04,460 - INFO - 投票结果: 选择路径 0, 答案: 40, 置信度: 1.0
2025-08-04 21:03:04,461 - INFO - 投票结果: 选择路径 0, 答案: 15, 置信度: 0.8
2025-08-04 21:03:04,461 - INFO - 投票结果: 选择路径 0, 答案: 10, 置信度: 1.0
2025-08-04 21:03:04,462 - INFO - 投票结果: 选择路径 0, 答案: 16, 置信度: 1.0
2025-08-04 21:03:04,463 - INFO - 投票结果: 选择路径 0, 答案: 28, 置信度: 1.0
2025-08-04 21:03:04,463 - INFO - 投票结果: 选择路径 0, 答案: 64, 置信度: 1.0
2025-08-04 21:03:04,464 - INFO - 投票结果: 选择路径 0, 答案: 1125, 置信度: 0.8
2025-08-04 21:03:04,465 - INFO - 投票结果: 选择路径 0, 答案: 8, 置信度: 1.0
2025-08-04 21:03:04,465 - INFO - 投票结果: 选择路径 0, 答案: 29, 置信度: 1.0
2025-08-04 21:03:04,466 - INFO - 投票结果: 选择路径 0, 答案: 16, 置信度: 1.0
2025-08-04 21:03:04,467 - INFO - 投票结果: 选择路径 0, 答案: 225, 置信度: 0.4
2025-08-04 21:03:04,467 - INFO - 投票结果: 选择路径 1, 答案: 72, 置信度: 0.7
2025-08-04 21:03:04,468 - INFO - 投票结果: 选择路径 0, 答案: 576, 置信度: 1.0
2025-08-04 21:03:04,469 - INFO - 投票结果: 选择路径 0, 答案: 34, 置信度: 1.0
2025-08-04 21:03:04,469 - INFO - 投票结果: 选择路径 0, 答案: 10, 置信度: 1.0
2025-08-04 21:03:04,470 - INFO - 投票结果: 选择路径 0, 答案: 9, 置信度: 0.8
2025-08-04 21:03:04,471 - INFO - 投票结果: 选择路径 1, 答案: 140, 置信度: 0.9
2025-08-04 21:03:04,471 - INFO - 投票结果: 选择路径 5, 答案: 40, 置信度: 0.3
2025-08-04 21:03:04,472 - INFO - 投票结果: 选择路径 0, 答案: 315, 置信度: 0.3
2025-08-04 21:03:04,472 - INFO - 投票结果: 选择路径 1, 答案: 16, 置信度: 0.6
2025-08-04 21:03:04,473 - INFO - 投票结果: 选择路径 0, 答案: 132, 置信度: 0.9
2025-08-04 21:03:04,474 - INFO - 投票结果: 选择路径 0, 答案: 64, 置信度: 1.0
2025-08-04 21:03:04,474 - INFO - 投票结果: 选择路径 1, 答案: 72, 置信度: 0.9
2025-08-04 21:03:04,475 - INFO - 投票结果: 选择路径 0, 答案: 8, 置信度: 0.8
2025-08-04 21:03:04,476 - INFO - 投票结果: 选择路径 0, 答案: 4, 置信度: 1.0
2025-08-04 21:03:04,476 - INFO - 投票结果: 选择路径 0, 答案: 160, 置信度: 0.5
2025-08-04 21:03:04,477 - INFO - 投票结果: 选择路径 0, 答案: 15, 置信度: 0.8
2025-08-04 21:03:04,478 - INFO - 投票结果: 选择路径 1, 答案: 539, 置信度: 0.9
2025-08-04 21:03:04,478 - INFO - 投票结果: 选择路径 0, 答案: 7300, 置信度: 0.2
2025-08-04 21:03:04,479 - INFO - 投票结果: 选择路径 0, 答案: 2, 置信度: 1.0
2025-08-04 21:03:04,480 - INFO - 投票结果: 选择路径 0, 答案: 15, 置信度: 1.0
2025-08-04 21:03:04,480 - INFO - 投票结果: 选择路径 0, 答案: 3, 置信度: 0.4
2025-08-04 21:03:04,481 - INFO - 投票结果: 选择路径 3, 答案: 5, 置信度: 0.4
2025-08-04 21:03:04,482 - INFO - 投票结果: 选择路径 0, 答案: 7425, 置信度: 0.5
2025-08-04 21:03:04,482 - INFO - 投票结果: 选择路径 0, 答案: 8, 置信度: 1.0
2025-08-04 21:03:04,483 - INFO - 投票结果: 选择路径 1, 答案: 12, 置信度: 0.4
2025-08-04 21:03:04,483 - INFO - 投票结果: 选择路径 0, 答案: 100, 置信度: 0.8
2025-08-04 21:03:04,484 - INFO - 投票结果: 选择路径 0, 答案: 36, 置信度: 1.0
2025-08-04 21:03:04,485 - INFO - 投票结果: 选择路径 0, 答案: 20, 置信度: 0.7
2025-08-04 21:03:04,485 - INFO - 投票结果: 选择路径 0, 答案: 32, 置信度: 1.0
2025-08-04 21:03:04,486 - INFO - 投票结果: 选择路径 0, 答案: 45, 置信度: 0.9
2025-08-04 21:03:04,487 - INFO - 投票结果: 选择路径 0, 答案: 27, 置信度: 1.0
2025-08-04 21:03:04,487 - INFO - 投票结果: 选择路径 1, 答案: 7.5, 置信度: 0.7
2025-08-04 21:03:04,488 - INFO - 投票结果: 选择路径 0, 答案: 98, 置信度: 1.0
2025-08-04 21:03:04,489 - INFO - 投票结果: 选择路径 0, 答案: 4, 置信度: 0.7
2025-08-04 21:03:04,489 - INFO - 投票结果: 选择路径 1, 答案: 6, 置信度: 0.6
2025-08-04 21:03:04,490 - INFO - 投票结果: 选择路径 0, 答案: 30, 置信度: 0.7
2025-08-04 21:03:04,490 - INFO - 投票结果: 选择路径 0, 答案: 10, 置信度: 1.0
2025-08-04 21:03:04,491 - INFO - 投票结果: 选择路径 2, 答案: 250, 置信度: 0.4
2025-08-04 21:03:04,492 - INFO - 投票结果: 选择路径 0, 答案: 312, 置信度: 0.7
2025-08-04 21:03:04,492 - INFO - 投票结果: 选择路径 0, 答案: 1375, 置信度: 1.0
2025-08-04 21:03:04,493 - INFO - 投票结果: 选择路径 0, 答案: 8, 置信度: 1.0
2025-08-04 21:03:04,494 - INFO - 投票结果: 选择路径 0, 答案: 245, 置信度: 0.5
2025-08-04 21:03:04,494 - INFO - 投票结果: 选择路径 0, 答案: 6, 置信度: 1.0
2025-08-04 21:03:04,495 - INFO - 投票结果: 选择路径 0, 答案: 840, 置信度: 1.0
2025-08-04 21:03:04,496 - INFO - 投票结果: 选择路径 0, 答案: 40, 置信度: 1.0
2025-08-04 21:03:04,497 - INFO - 投票结果: 选择路径 5, 答案: 30, 置信度: 0.2
2025-08-04 21:03:04,497 - INFO - 投票结果: 选择路径 1, 答案: 10, 置信度: 0.8
2025-08-04 21:03:04,498 - INFO - 投票结果: 选择路径 0, 答案: 3430, 置信度: 0.6
2025-08-04 21:03:04,499 - INFO - 投票结果: 选择路径 0, 答案: 16, 置信度: 1.0
2025-08-04 21:03:04,499 - INFO - 投票结果: 选择路径 0, 答案: 17, 置信度: 1.0
2025-08-04 21:03:04,500 - INFO - 投票结果: 选择路径 0, 答案: 2, 置信度: 0.9
2025-08-04 21:03:04,501 - INFO - 投票结果: 选择路径 0, 答案: 14, 置信度: 0.7
2025-08-04 21:03:04,501 - INFO - 投票结果: 选择路径 0, 答案: 27, 置信度: 0.9
2025-08-04 21:03:04,502 - INFO - 投票结果: 选择路径 0, 答案: 84, 置信度: 1.0
2025-08-04 21:03:04,502 - INFO - 投票结果: 选择路径 0, 答案: 70, 置信度: 1.0
2025-08-04 21:03:04,503 - INFO - 投票结果: 选择路径 0, 答案: 20, 置信度: 1.0
2025-08-04 21:03:04,504 - INFO - 投票结果: 选择路径 3, 答案: 1095, 置信度: 0.2
2025-08-04 21:03:04,504 - INFO - 投票结果: 选择路径 1, 答案: 15, 置信度: 0.4
2025-08-04 21:03:04,505 - INFO - 投票结果: 选择路径 0, 答案: 736, 置信度: 0.8
2025-08-04 21:03:04,506 - INFO - 投票结果: 选择路径 0, 答案: 42, 置信度: 1.0
2025-08-04 21:03:04,506 - INFO - 投票结果: 选择路径 7, 答案: 9, 置信度: 0.3
2025-08-04 21:03:04,507 - INFO - 投票结果: 选择路径 2, 答案: 34, 置信度: 0.3
2025-08-04 21:03:04,508 - INFO - 投票结果: 选择路径 1, 答案: 48, 置信度: 0.2
2025-08-04 21:03:04,508 - INFO - 投票结果: 选择路径 1, 答案: 17, 置信度: 0.6
2025-08-04 21:03:04,509 - INFO - 投票结果: 选择路径 0, 答案: 360, 置信度: 1.0
2025-08-04 21:03:04,509 - INFO - 投票结果: 选择路径 1, 答案: 10800, 置信度: 0.7
2025-08-04 21:03:04,510 - INFO - 投票结果: 选择路径 2, 答案: 26, 置信度: 0.4
2025-08-04 21:03:04,511 - INFO - 投票结果: 选择路径 0, 答案: 99286, 置信度: 0.1
2025-08-04 21:03:04,512 - INFO - 投票结果: 选择路径 1, 答案: 6, 置信度: 0.5
2025-08-04 21:03:04,512 - INFO - 投票结果: 选择路径 3, 答案: 20, 置信度: 0.3
2025-08-04 21:03:04,513 - INFO - 投票结果: 选择路径 0, 答案: 88, 置信度: 1.0
2025-08-04 21:03:04,513 - INFO - 投票结果: 选择路径 0, 答案: 12, 置信度: 1.0
2025-08-04 21:03:04,514 - INFO - 投票结果: 选择路径 1, 答案: 3, 置信度: 0.3
2025-08-04 21:03:04,515 - INFO - 投票结果: 选择路径 1, 答案: 16, 置信度: 0.6
2025-08-04 21:03:04,515 - INFO - 投票结果: 选择路径 2, 答案: 1, 置信度: 0.4
2025-08-04 21:03:04,516 - INFO - 投票结果: 选择路径 0, 答案: 50, 置信度: 0.6
2025-08-04 21:03:04,517 - INFO - 投票结果: 选择路径 0, 答案: 6, 置信度: 1.0
2025-08-04 21:03:04,517 - INFO - 投票结果: 选择路径 0, 答案: 4, 置信度: 1.0
2025-08-04 21:03:04,518 - INFO - 投票结果: 选择路径 0, 答案: 20, 置信度: 0.9
2025-08-04 21:03:04,519 - INFO - 投票结果: 选择路径 0, 答案: 800, 置信度: 1.0
2025-08-04 21:03:04,519 - INFO - 投票结果: 选择路径 0, 答案: 1, 置信度: 1.0
2025-08-04 21:03:04,520 - INFO - 投票结果: 选择路径 0, 答案: 50, 置信度: 1.0
2025-08-04 21:03:04,521 - INFO - 投票结果: 选择路径 0, 答案: 72.22, 置信度: 0.4
2025-08-04 21:03:04,521 - INFO - 投票结果: 选择路径 1, 答案: 7, 置信度: 0.6
2025-08-04 21:03:04,522 - INFO - 投票结果: 选择路径 0, 答案: 63, 置信度: 1.0
2025-08-04 21:03:04,522 - INFO - 投票结果: 选择路径 0, 答案: 9, 置信度: 1.0
2025-08-04 21:03:04,523 - INFO - 投票结果: 选择路径 0, 答案: 42, 置信度: 1.0
2025-08-04 21:03:04,524 - INFO - 投票结果: 选择路径 0, 答案: 5, 置信度: 0.4
2025-08-04 21:03:04,524 - INFO - 投票结果: 选择路径 0, 答案: 240, 置信度: 1.0
2025-08-04 21:03:04,525 - INFO - 投票结果: 选择路径 0, 答案: 1000, 置信度: 1.0
2025-08-04 21:03:04,526 - INFO - 投票结果: 选择路径 0, 答案: 109, 置信度: 1.0
2025-08-04 21:03:04,526 - INFO - 投票结果: 选择路径 0, 答案: 140, 置信度: 1.0
2025-08-04 21:03:04,527 - INFO - 投票结果: 选择路径 0, 答案: 55, 置信度: 1.0
2025-08-04 21:03:04,528 - INFO - 投票结果: 选择路径 0, 答案: 16, 置信度: 1.0
2025-08-04 21:03:04,528 - INFO - 投票结果: 选择路径 2, 答案: 112, 置信度: 0.4
2025-08-04 21:03:04,529 - INFO - 投票结果: 选择路径 0, 答案: 110, 置信度: 1.0
2025-08-04 21:03:04,529 - INFO - 投票结果: 选择路径 0, 答案: 13, 置信度: 1.0
2025-08-04 21:03:04,530 - INFO - 投票结果: 选择路径 0, 答案: 5, 置信度: 0.7
2025-08-04 21:03:04,531 - INFO - 投票结果: 选择路径 0, 答案: 48, 置信度: 1.0
2025-08-04 21:03:04,531 - INFO - 投票结果: 选择路径 0, 答案: 8, 置信度: 1.0
2025-08-04 21:03:04,532 - INFO - 投票结果: 选择路径 0, 答案: 8, 置信度: 1.0
2025-08-04 21:03:04,533 - INFO - 投票结果: 选择路径 0, 答案: 56, 置信度: 1.0
2025-08-04 21:03:04,533 - INFO - 投票结果: 选择路径 1, 答案: 3, 置信度: 0.9
2025-08-04 21:03:04,534 - INFO - 投票结果: 选择路径 0, 答案: 42, 置信度: 0.8
2025-08-04 21:03:04,534 - INFO - 投票结果: 选择路径 0, 答案: 4, 置信度: 0.7
2025-08-04 21:03:04,535 - INFO - 投票结果: 选择路径 0, 答案: 20000, 置信度: 1.0
2025-08-04 21:03:04,536 - INFO - 投票结果: 选择路径 2, 答案: 9, 置信度: 0.5
2025-08-04 21:03:04,536 - INFO - 投票结果: 选择路径 0, 答案: 52, 置信度: 1.0
2025-08-04 21:03:04,537 - INFO - 投票结果: 选择路径 0, 答案: 10, 置信度: 0.5
2025-08-04 21:03:04,538 - INFO - 投票结果: 选择路径 0, 答案: 110000, 置信度: 0.4
2025-08-04 21:03:04,538 - INFO - 投票结果: 选择路径 0, 答案: 45, 置信度: 1.0
2025-08-04 21:03:04,539 - INFO - 投票结果: 选择路径 0, 答案: 1, 置信度: 0.5
2025-08-04 21:03:04,540 - INFO - 投票结果: 选择路径 0, 答案: 5600, 置信度: 0.8
2025-08-04 21:03:04,540 - INFO - 投票结果: 选择路径 0, 答案: 7, 置信度: 1.0
2025-08-04 21:03:04,541 - INFO - 投票结果: 选择路径 0, 答案: 25, 置信度: 0.9
2025-08-04 21:03:04,541 - INFO - 投票结果: 选择路径 0, 答案: -91, 置信度: 0.7
2025-08-04 21:03:04,542 - INFO - 投票结果: 选择路径 0, 答案: 540, 置信度: 0.5
2025-08-04 21:03:04,543 - INFO - 投票结果: 选择路径 0, 答案: 24, 置信度: 0.9
2025-08-04 21:03:04,543 - INFO - 投票结果: 选择路径 1, 答案: 6, 置信度: 0.7
2025-08-04 21:03:04,544 - INFO - 投票结果: 选择路径 0, 答案: 40, 置信度: 1.0
2025-08-04 21:03:04,545 - INFO - 投票结果: 选择路径 0, 答案: -3, 置信度: 0.9
2025-08-04 21:03:04,545 - INFO - 投票结果: 选择路径 1, 答案: 224, 置信度: 0.6
2025-08-04 21:03:04,546 - INFO - 投票结果: 选择路径 0, 答案: 227, 置信度: 1.0
2025-08-04 21:03:04,547 - INFO - 投票结果: 选择路径 0, 答案: 762, 置信度: 1.0
2025-08-04 21:03:04,547 - INFO - 投票结果: 选择路径 0, 答案: 34, 置信度: 1.0
2025-08-04 21:03:04,548 - INFO - 投票结果: 选择路径 0, 答案: 2, 置信度: 0.9
2025-08-04 21:03:04,548 - INFO - 投票结果: 选择路径 0, 答案: 2, 置信度: 1.0
2025-08-04 21:03:04,549 - INFO - 投票结果: 选择路径 0, 答案: 23, 置信度: 0.4
2025-08-04 21:03:04,550 - INFO - 投票结果: 选择路径 0, 答案: 4, 置信度: 1.0
2025-08-04 21:03:04,550 - INFO - 投票结果: 选择路径 0, 答案: 110, 置信度: 0.8
2025-08-04 21:03:04,551 - INFO - 投票结果: 选择路径 0, 答案: 750, 置信度: 1.0
2025-08-04 21:03:04,552 - INFO - 投票结果: 选择路径 0, 答案: 240, 置信度: 0.9
2025-08-04 21:03:04,552 - INFO - 投票结果: 选择路径 0, 答案: 300, 置信度: 0.4
2025-08-04 21:03:04,553 - INFO - 投票结果: 选择路径 0, 答案: 105, 置信度: 0.7
2025-08-04 21:03:04,553 - INFO - 投票结果: 选择路径 0, 答案: 120, 置信度: 0.7
2025-08-04 21:03:04,554 - INFO - 投票结果: 选择路径 0, 答案: 240, 置信度: 1.0
2025-08-04 21:03:04,555 - INFO - 投票结果: 选择路径 0, 答案: 4000, 置信度: 0.6
2025-08-04 21:03:04,555 - INFO - 投票结果: 选择路径 0, 答案: 60, 置信度: 0.8
2025-08-04 21:03:04,556 - INFO - 投票结果: 选择路径 0, 答案: 36, 置信度: 0.6
2025-08-04 21:03:04,557 - INFO - 投票结果: 选择路径 0, 答案: 80, 置信度: 0.5
2025-08-04 21:03:04,557 - INFO - 投票结果: 选择路径 1, 答案: 240, 置信度: 0.5
2025-08-04 21:03:04,558 - INFO - 投票结果: 选择路径 0, 答案: 32, 置信度: 0.9
2025-08-04 21:03:04,558 - INFO - 投票结果: 选择路径 0, 答案: 940, 置信度: 0.8
2025-08-04 21:03:04,559 - INFO - 投票结果: 选择路径 0, 答案: 84, 置信度: 1.0
2025-08-04 21:03:04,560 - INFO - 投票结果: 选择路径 0, 答案: 2, 置信度: 0.9
2025-08-04 21:03:04,560 - INFO - 投票结果: 选择路径 0, 答案: 32, 置信度: 1.0
2025-08-04 21:03:04,561 - INFO - 投票结果: 选择路径 0, 答案: 12, 置信度: 0.6
2025-08-04 21:03:04,562 - INFO - 投票结果: 选择路径 0, 答案: 6, 置信度: 0.8
2025-08-04 21:03:04,562 - INFO - 投票结果: 选择路径 3, 答案: 1, 置信度: 0.3
2025-08-04 21:03:04,563 - INFO - 投票结果: 选择路径 0, 答案: 14, 置信度: 1.0
2025-08-04 21:03:04,563 - INFO - 投票结果: 选择路径 0, 答案: 336, 置信度: 0.5
2025-08-04 21:03:04,564 - INFO - 投票结果: 选择路径 0, 答案: 12, 置信度: 1.0
2025-08-04 21:03:04,565 - INFO - 投票结果: 选择路径 0, 答案: 1110, 置信度: 0.9
2025-08-04 21:03:04,565 - INFO - 投票结果: 选择路径 0, 答案: 2, 置信度: 0.6
2025-08-04 21:03:04,566 - INFO - 投票结果: 选择路径 0, 答案: 6, 置信度: 0.9
2025-08-04 21:03:04,567 - INFO - 投票结果: 选择路径 0, 答案: 28, 置信度: 0.7
2025-08-04 21:03:04,567 - INFO - 投票结果: 选择路径 2, 答案: 72000, 置信度: 0.6
2025-08-04 21:03:04,568 - INFO - 投票结果: 选择路径 0, 答案: 32, 置信度: 1.0
2025-08-04 21:03:04,569 - INFO - 投票结果: 选择路径 1, 答案: 60, 置信度: 0.7
2025-08-04 21:03:04,569 - INFO - 投票结果: 选择路径 0, 答案: 90, 置信度: 1.0
2025-08-04 21:03:04,570 - INFO - 投票结果: 选择路径 3, 答案: 104, 置信度: 0.3
2025-08-04 21:03:04,570 - INFO - 投票结果: 选择路径 0, 答案: 270, 置信度: 1.0
2025-08-04 21:03:04,571 - INFO - 投票结果: 选择路径 0, 答案: 56000, 置信度: 0.5
2025-08-04 21:03:04,572 - INFO - 投票结果: 选择路径 0, 答案: 72, 置信度: 0.7
2025-08-04 21:03:04,572 - INFO - 投票结果: 选择路径 0, 答案: 400, 置信度: 1.0
2025-08-04 21:03:04,573 - INFO - 投票结果: 选择路径 0, 答案: 12, 置信度: 0.9
2025-08-04 21:03:04,574 - INFO - 投票结果: 选择路径 2, 答案: 15, 置信度: 0.7
2025-08-04 21:03:04,574 - INFO - 投票结果: 选择路径 0, 答案: 234, 置信度: 0.5
2025-08-04 21:03:04,575 - INFO - 投票结果: 选择路径 0, 答案: 50, 置信度: 0.4
2025-08-04 21:03:04,575 - INFO - 投票结果: 选择路径 0, 答案: 4, 置信度: 1.0
2025-08-04 21:03:04,576 - INFO - 投票结果: 选择路径 0, 答案: 4, 置信度: 1.0
2025-08-04 21:03:04,577 - INFO - 投票结果: 选择路径 0, 答案: 17500, 置信度: 0.9
2025-08-04 21:03:04,577 - INFO - 投票结果: 选择路径 0, 答案: 8, 置信度: 1.0
2025-08-04 21:03:04,578 - INFO - 投票结果: 选择路径 0, 答案: 21, 置信度: 1.0
2025-08-04 21:03:04,579 - INFO - 投票结果: 选择路径 2, 答案: 48, 置信度: 0.3
2025-08-04 21:03:04,580 - INFO - 投票结果: 选择路径 0, 答案: 1, 置信度: 1.0
2025-08-04 21:03:04,580 - INFO - 投票结果: 选择路径 0, 答案: 193, 置信度: 1.0
2025-08-04 21:03:04,581 - INFO - 投票结果: 选择路径 0, 答案: 3, 置信度: 1.0
2025-08-04 21:03:04,581 - INFO - 投票结果: 选择路径 2, 答案: 131250, 置信度: 0.4
2025-08-04 21:03:04,582 - INFO - 投票结果: 选择路径 0, 答案: 24, 置信度: 1.0
2025-08-04 21:03:04,583 - INFO - 投票结果: 选择路径 1, 答案: 35, 置信度: 0.3
2025-08-04 21:03:04,583 - INFO - 投票结果: 选择路径 0, 答案: 490, 置信度: 1.0
2025-08-04 21:03:04,584 - INFO - 投票结果: 选择路径 2, 答案: 19, 置信度: 0.3
2025-08-04 21:03:04,585 - INFO - 投票结果: 选择路径 0, 答案: 60, 置信度: 0.7
2025-08-04 21:03:04,585 - INFO - 投票结果: 选择路径 0, 答案: 17, 置信度: 1.0
2025-08-04 21:03:04,586 - INFO - 投票结果: 选择路径 2, 答案: 6850000, 置信度: 0.4
2025-08-04 21:03:04,587 - INFO - 投票结果: 选择路径 0, 答案: 15, 置信度: 1.0
2025-08-04 21:03:04,587 - INFO - 投票结果: 选择路径 0, 答案: 80, 置信度: 0.6
2025-08-04 21:03:04,588 - INFO - 投票结果: 选择路径 0, 答案: 18, 置信度: 1.0
2025-08-04 21:03:04,588 - INFO - 投票结果: 选择路径 0, 答案: 30, 置信度: 1.0
2025-08-04 21:03:04,589 - INFO - 投票结果: 选择路径 0, 答案: 60, 置信度: 0.9
2025-08-04 21:03:04,590 - INFO - 投票结果: 选择路径 0, 答案: 260, 置信度: 1.0
2025-08-04 21:03:04,590 - INFO - 投票结果: 选择路径 0, 答案: 60, 置信度: 1.0
2025-08-04 21:03:04,591 - INFO - 投票结果: 选择路径 1, 答案: 75, 置信度: 0.8
2025-08-04 21:03:04,592 - INFO - 投票结果: 选择路径 0, 答案: 25, 置信度: 1.0
2025-08-04 21:03:04,592 - INFO - 投票结果: 选择路径 1, 答案: 99, 置信度: 0.4
2025-08-04 21:03:04,593 - INFO - 投票结果: 选择路径 0, 答案: 5, 置信度: 1.0
2025-08-04 21:03:04,593 - INFO - 投票结果: 选择路径 0, 答案: 84, 置信度: 0.8
2025-08-04 21:03:04,594 - INFO - 投票结果: 选择路径 2, 答案: 7, 置信度: 0.7
2025-08-04 21:03:04,595 - INFO - 投票结果: 选择路径 0, 答案: 2, 置信度: 1.0
2025-08-04 21:03:04,595 - INFO - 投票结果: 选择路径 2, 答案: 21, 置信度: 0.7
2025-08-04 21:03:04,596 - INFO - 投票结果: 选择路径 0, 答案: 8, 置信度: 0.9
2025-08-04 21:03:04,597 - INFO - 投票结果: 选择路径 0, 答案: 60, 置信度: 0.3
2025-08-04 21:03:04,597 - INFO - 投票结果: 选择路径 0, 答案: 90000, 置信度: 1.0
2025-08-04 21:03:04,598 - INFO - 投票结果: 选择路径 0, 答案: 2, 置信度: 1.0
2025-08-04 21:03:04,599 - INFO - 投票结果: 选择路径 0, 答案: 40, 置信度: 0.7
2025-08-04 21:03:04,599 - INFO - 投票结果: 选择路径 0, 答案: 2, 置信度: 0.6
2025-08-04 21:03:04,600 - INFO - 投票结果: 选择路径 0, 答案: 100, 置信度: 1.0
2025-08-04 21:03:04,601 - INFO - 投票结果: 选择路径 0, 答案: 30, 置信度: 1.0
2025-08-04 21:03:04,601 - INFO - 投票结果: 选择路径 0, 答案: 8, 置信度: 1.0
2025-08-04 21:03:04,602 - INFO - 投票结果: 选择路径 0, 答案: 31, 置信度: 1.0
2025-08-04 21:03:04,603 - INFO - 投票结果: 选择路径 0, 答案: 120000, 置信度: 0.9
2025-08-04 21:03:04,603 - INFO - 投票结果: 选择路径 0, 答案: 180, 置信度: 1.0
2025-08-04 21:03:04,604 - INFO - 投票结果: 选择路径 0, 答案: 3, 置信度: 1.0
2025-08-04 21:03:04,605 - INFO - 投票结果: 选择路径 0, 答案: 5, 置信度: 0.9
2025-08-04 21:03:04,605 - INFO - 投票结果: 选择路径 0, 答案: 5, 置信度: 0.9
2025-08-04 21:03:04,606 - INFO - 投票结果: 选择路径 0, 答案: 130000, 置信度: 1.0
2025-08-04 21:03:04,607 - INFO - 投票结果: 选择路径 0, 答案: 68, 置信度: 1.0
2025-08-04 21:03:04,607 - INFO - 投票结果: 选择路径 0, 答案: 78, 置信度: 0.9
2025-08-04 21:03:04,608 - INFO - 投票结果: 选择路径 0, 答案: 28, 置信度: 1.0
2025-08-04 21:03:04,608 - INFO - 投票结果: 选择路径 0, 答案: 15, 置信度: 1.0
2025-08-04 21:03:04,609 - INFO - 投票结果: 选择路径 0, 答案: 320, 置信度: 0.4
2025-08-04 21:03:04,610 - INFO - 投票结果: 选择路径 0, 答案: 38.89, 置信度: 0.6
2025-08-04 21:03:04,610 - INFO - 投票结果: 选择路径 3, 答案: 2400, 置信度: 0.3
2025-08-04 21:03:04,611 - INFO - 投票结果: 选择路径 0, 答案: 18, 置信度: 1.0
2025-08-04 21:03:04,612 - INFO - 投票结果: 选择路径 0, 答案: 90, 置信度: 0.9
2025-08-04 21:03:04,612 - INFO - 投票结果: 选择路径 0, 答案: 31, 置信度: 0.6
2025-08-04 21:03:04,613 - INFO - 投票结果: 选择路径 2, 答案: 800, 置信度: 0.3
2025-08-04 21:03:04,614 - INFO - 投票结果: 选择路径 0, 答案: 180, 置信度: 0.8
2025-08-04 21:03:04,614 - INFO - 投票结果: 选择路径 0, 答案: 7, 置信度: 1.0
2025-08-04 21:03:04,615 - INFO - 投票结果: 选择路径 0, 答案: 75, 置信度: 0.8
2025-08-04 21:03:04,615 - INFO - 投票结果: 选择路径 0, 答案: 650, 置信度: 0.9
2025-08-04 21:03:04,616 - INFO - 投票结果: 选择路径 1, 答案: 310, 置信度: 0.5
2025-08-04 21:03:04,617 - INFO - 投票结果: 选择路径 2, 答案: 12, 置信度: 0.7
2025-08-04 21:03:04,617 - INFO - 投票结果: 选择路径 0, 答案: 5, 置信度: 1.0
2025-08-04 21:03:04,618 - INFO - 投票结果: 选择路径 0, 答案: 29, 置信度: 1.0
2025-08-04 21:03:04,619 - INFO - 投票结果: 选择路径 0, 答案: 140, 置信度: 1.0
2025-08-04 21:03:04,619 - INFO - 投票结果: 选择路径 0, 答案: 30, 置信度: 1.0
2025-08-04 21:03:04,620 - INFO - 投票结果: 选择路径 0, 答案: 40, 置信度: 0.4
2025-08-04 21:03:04,621 - INFO - 投票结果: 选择路径 0, 答案: 100, 置信度: 1.0
2025-08-04 21:03:04,621 - INFO - 投票结果: 选择路径 0, 答案: 35, 置信度: 1.0
2025-08-04 21:03:04,622 - INFO - 投票结果: 选择路径 0, 答案: 79, 置信度: 1.0
2025-08-04 21:03:04,623 - INFO - 投票结果: 选择路径 1, 答案: 2, 置信度: 0.5
2025-08-04 21:03:04,623 - INFO - 投票结果: 选择路径 0, 答案: 4, 置信度: 1.0
2025-08-04 21:03:04,624 - INFO - 投票结果: 选择路径 0, 答案: 6, 置信度: 0.9
2025-08-04 21:03:04,625 - INFO - 投票结果: 选择路径 0, 答案: 32, 置信度: 1.0
2025-08-04 21:03:04,625 - INFO - 投票结果: 选择路径 0, 答案: 112, 置信度: 1.0
2025-08-04 21:03:04,626 - INFO - 投票结果: 选择路径 0, 答案: 54, 置信度: 0.3
2025-08-04 21:03:04,626 - INFO - 投票结果: 选择路径 0, 答案: 450, 置信度: 1.0
2025-08-04 21:03:04,627 - INFO - 投票结果: 选择路径 2, 答案: 4400, 置信度: 0.4
2025-08-04 21:03:04,628 - INFO - 投票结果: 选择路径 0, 答案: 450, 置信度: 1.0
2025-08-04 21:03:04,628 - INFO - 投票结果: 选择路径 0, 答案: 6, 置信度: 1.0
2025-08-04 21:03:04,629 - INFO - 投票结果: 选择路径 2, 答案: 8, 置信度: 0.4
2025-08-04 21:03:04,630 - INFO - 投票结果: 选择路径 0, 答案: 144, 置信度: 1.0
2025-08-04 21:03:04,630 - INFO - 投票结果: 选择路径 0, 答案: 8, 置信度: 0.9
2025-08-04 21:03:04,631 - INFO - 投票结果: 选择路径 0, 答案: 2125, 置信度: 1.0
2025-08-04 21:03:04,632 - INFO - 投票结果: 选择路径 0, 答案: 65, 置信度: 0.5
2025-08-04 21:03:04,632 - INFO - 投票结果: 选择路径 0, 答案: 13, 置信度: 1.0
2025-08-04 21:03:04,633 - INFO - 投票结果: 选择路径 0, 答案: 40, 置信度: 0.5
2025-08-04 21:03:04,633 - INFO - 投票结果: 选择路径 0, 答案: 133, 置信度: 1.0
2025-08-04 21:03:04,634 - INFO - 投票结果: 选择路径 0, 答案: 100, 置信度: 1.0
2025-08-04 21:03:04,635 - INFO - 投票结果: 选择路径 0, 答案: 350, 置信度: 1.0
2025-08-04 21:03:04,635 - INFO - 投票结果: 选择路径 1, 答案: 60, 置信度: 0.5
2025-08-04 21:03:04,636 - INFO - 投票结果: 选择路径 0, 答案: 105, 置信度: 1.0
2025-08-04 21:03:04,637 - INFO - 投票结果: 选择路径 1, 答案: 7, 置信度: 0.8
2025-08-04 21:03:04,637 - INFO - 投票结果: 选择路径 0, 答案: 860, 置信度: 0.9
2025-08-04 21:03:04,638 - INFO - 投票结果: 选择路径 0, 答案: 72, 置信度: 1.0
2025-08-04 21:03:04,639 - INFO - 投票结果: 选择路径 1, 答案: 50, 置信度: 0.3
2025-08-04 21:03:04,639 - INFO - 投票结果: 选择路径 0, 答案: 1, 置信度: 1.0
2025-08-04 21:03:04,640 - INFO - 投票结果: 选择路径 0, 答案: 1, 置信度: 0.4
2025-08-04 21:03:04,641 - INFO - 投票结果: 选择路径 4, 答案: 32.73, 置信度: 0.2
2025-08-04 21:03:04,641 - INFO - 投票结果: 选择路径 1, 答案: 140, 置信度: 0.8
2025-08-04 21:03:04,642 - INFO - 投票结果: 选择路径 1, 答案: 20, 置信度: 0.8
2025-08-04 21:03:04,642 - INFO - 投票结果: 选择路径 0, 答案: 1800, 置信度: 0.7
2025-08-04 21:03:04,643 - INFO - 投票结果: 选择路径 0, 答案: 25, 置信度: 0.7
2025-08-04 21:03:04,644 - INFO - 投票结果: 选择路径 0, 答案: 147, 置信度: 1.0
2025-08-04 21:03:04,644 - INFO - 投票结果: 选择路径 0, 答案: 10, 置信度: 1.0
2025-08-04 21:03:04,645 - INFO - 投票结果: 选择路径 0, 答案: 25, 置信度: 1.0
2025-08-04 21:03:04,646 - INFO - 投票结果: 选择路径 0, 答案: 32, 置信度: 0.9
2025-08-04 21:03:04,646 - INFO - 投票结果: 选择路径 0, 答案: 276, 置信度: 1.0
2025-08-04 21:03:04,647 - INFO - 投票结果: 选择路径 2, 答案: 176, 置信度: 0.4
2025-08-04 21:03:04,648 - INFO - 投票结果: 选择路径 0, 答案: 30, 置信度: 1.0
2025-08-04 21:03:04,648 - INFO - 投票结果: 选择路径 0, 答案: 56, 置信度: 0.5
2025-08-04 21:03:04,649 - INFO - 投票结果: 选择路径 0, 答案: 8000, 置信度: 1.0
2025-08-04 21:03:04,650 - INFO - 投票结果: 选择路径 1, 答案: 50, 置信度: 0.5
2025-08-04 21:03:04,650 - INFO - 投票结果: 选择路径 0, 答案: 84, 置信度: 0.6
2025-08-04 21:03:04,651 - INFO - 投票结果: 选择路径 0, 答案: 50, 置信度: 1.0
2025-08-04 21:03:04,651 - INFO - 投票结果: 选择路径 0, 答案: 50, 置信度: 1.0
2025-08-04 21:03:04,652 - INFO - 投票结果: 选择路径 0, 答案: 320, 置信度: 1.0
2025-08-04 21:03:04,653 - INFO - 投票结果: 选择路径 0, 答案: 38, 置信度: 1.0
2025-08-04 21:03:04,653 - INFO - 投票结果: 选择路径 0, 答案: 34, 置信度: 1.0
2025-08-04 21:03:04,654 - INFO - 投票结果: 选择路径 0, 答案: 594, 置信度: 1.0
2025-08-04 21:03:04,655 - INFO - 投票结果: 选择路径 1, 答案: 12, 置信度: 0.3
2025-08-04 21:03:04,656 - INFO - 投票结果: 选择路径 1, 答案: 98, 置信度: 0.7
2025-08-04 21:03:04,656 - INFO - 投票结果: 选择路径 0, 答案: 123, 置信度: 0.9
2025-08-04 21:03:04,657 - INFO - 投票结果: 选择路径 0, 答案: 27, 置信度: 1.0
2025-08-04 21:03:04,658 - INFO - 投票结果: 选择路径 0, 答案: 145, 置信度: 1.0
2025-08-04 21:03:04,658 - INFO - 投票结果: 选择路径 0, 答案: 23, 置信度: 1.0
2025-08-04 21:03:04,659 - INFO - 投票结果: 选择路径 0, 答案: 14, 置信度: 0.5
2025-08-04 21:03:04,660 - INFO - 投票结果: 选择路径 2, 答案: 18, 置信度: 0.5
2025-08-04 21:03:04,660 - INFO - 投票结果: 选择路径 0, 答案: 21, 置信度: 1.0
2025-08-04 21:03:04,661 - INFO - 投票结果: 选择路径 0, 答案: 40000, 置信度: 1.0
2025-08-04 21:03:04,661 - INFO - 投票结果: 选择路径 0, 答案: 90, 置信度: 0.7
2025-08-04 21:03:04,662 - INFO - 投票结果: 选择路径 0, 答案: 11050, 置信度: 0.5
2025-08-04 21:03:04,663 - INFO - 投票结果: 选择路径 0, 答案: 1520, 置信度: 1.0
2025-08-04 21:03:04,664 - INFO - 投票结果: 选择路径 1, 答案: 16, 置信度: 0.3
2025-08-04 21:03:04,664 - INFO - 投票结果: 选择路径 0, 答案: 4000, 置信度: 0.4
2025-08-04 21:03:04,665 - INFO - 投票结果: 选择路径 0, 答案: 93, 置信度: 0.9
2025-08-04 21:03:04,665 - INFO - 投票结果: 选择路径 0, 答案: 40, 置信度: 0.9
2025-08-04 21:03:04,666 - INFO - 投票结果: 选择路径 0, 答案: 15, 置信度: 1.0
2025-08-04 21:03:04,667 - INFO - 投票结果: 选择路径 0, 答案: 66, 置信度: 1.0
2025-08-04 21:03:04,667 - INFO - 投票结果: 选择路径 0, 答案: 5, 置信度: 1.0
2025-08-04 21:03:04,668 - INFO - 投票结果: 选择路径 0, 答案: 5, 置信度: 1.0
2025-08-04 21:03:04,669 - INFO - 投票结果: 选择路径 0, 答案: 0.5, 置信度: 0.6
2025-08-04 21:03:04,669 - INFO - 投票结果: 选择路径 0, 答案: 1430, 置信度: 1.0
2025-08-04 21:03:04,670 - INFO - 投票结果: 选择路径 0, 答案: 36, 置信度: 1.0
2025-08-04 21:03:04,671 - INFO - 投票结果: 选择路径 0, 答案: 80, 置信度: 1.0
2025-08-04 21:03:04,671 - INFO - 投票结果: 选择路径 0, 答案: 29, 置信度: 0.9
2025-08-04 21:03:04,672 - INFO - 投票结果: 选择路径 0, 答案: 122, 置信度: 0.9
2025-08-04 21:03:04,672 - INFO - 投票结果: 选择路径 0, 答案: 60, 置信度: 1.0
2025-08-04 21:03:04,673 - INFO - 投票结果: 选择路径 1, 答案: 145, 置信度: 0.4
2025-08-04 21:03:04,674 - INFO - 投票结果: 选择路径 0, 答案: 21, 置信度: 1.0
2025-08-04 21:03:04,674 - INFO - 投票结果: 选择路径 0, 答案: 45, 置信度: 1.0
2025-08-04 21:03:04,675 - INFO - 投票结果: 选择路径 0, 答案: 273, 置信度: 1.0
2025-08-04 21:03:04,676 - INFO - 投票结果: 选择路径 0, 答案: 12, 置信度: 0.4
2025-08-04 21:03:04,676 - INFO - 投票结果: 选择路径 2, 答案: 5, 置信度: 0.4
2025-08-04 21:03:04,677 - INFO - 投票结果: 选择路径 0, 答案: 1, 置信度: 1.0
2025-08-04 21:03:04,677 - INFO - 投票结果: 选择路径 0, 答案: 1880, 置信度: 0.4
2025-08-04 21:03:04,678 - INFO - 
==================================================
2025-08-04 21:03:04,679 - INFO - 样本 9: Joe has $50 to buy an outfit for his new field trip. There is a 30% off sale at the clothing store. ...
2025-08-04 21:03:04,679 - INFO - 参考答案: The price of the two clothing items totals 35 + 25 = <<35+25=60>>60 dollars before discount.
The total sale discount comes to 60 * 0.3 = <<60*0.3=18>>18 dollars.
The final sale price comes to 60 - 18 = <<60-18=42>>42 dollars.
Joe ends up with 50 - 42 = <<50-42=8>>8 dollars change.
#### 8
2025-08-04 21:03:04,680 - INFO - 提取参考答案: 8
2025-08-04 21:03:04,680 - INFO - 生成答案: 

Step 1:First, read the problem and identify what we need to find. We need to find out how much money Joe will have left after the purchase.

Step 2:Next, set up equations and perform the calculation...
2025-08-04 21:03:04,681 - INFO - 提取答案: 4.64
2025-08-04 21:03:04,682 - INFO - 投票统计: {'voting_method': 'majority', 'best_answer': '4.64', 'vote_count': 3, 'total_paths': 10, 'valid_paths': 10, 'confidence': 0.3, 'answer_distribution': {'4.40': 1, '-6.7': 2, '4.62': 1, '4.64': 3, '4.80': 1, '4.89': 1, '4.4': 1}, 'selected_path_idx': 4}
2025-08-04 21:03:04,682 - INFO - ==================================================
2025-08-04 21:03:04,683 - INFO - 
==================================================
2025-08-04 21:03:04,683 - INFO - 样本 13: Christina records her mood every day on a calendar. Over the past thirty days of moods, she had twel...
2025-08-04 21:03:04,684 - INFO - 参考答案: Christina had 30 - 12 - 8 = <<30-12-8=10>>10 neutral days in the month.
After the first three 8-day periods, she had 30 - 8 * 3 = 30 - 24 = <<30-8*3=6>>6 days of moods left.
Of those days, 12 - 8 = <<12-8=4>>4 days were good.
After the next 3 days with 2 good days, Christina had 4 - 2 = <<4-2=2>>2 good days left.
#### 2
2025-08-04 21:03:04,684 - INFO - 提取参考答案: 2
2025-08-04 21:03:04,685 - INFO - 生成答案: 

Step 1:First, read the problem and identify what we need to find. We need to find the number of good days left in the month.

Step 2:Next, set up equations and perform the calculations. Christina ha...
2025-08-04 21:03:04,686 - INFO - 提取答案: 7
2025-08-04 21:03:04,686 - INFO - 投票统计: {'voting_method': 'majority', 'best_answer': '7', 'vote_count': 3, 'total_paths': 10, 'valid_paths': 10, 'confidence': 0.3, 'answer_distribution': {'7': 3, '14': 1, '8': 1, '1': 2, '11': 1, '2': 1, '0': 1}, 'selected_path_idx': 0}
2025-08-04 21:03:04,687 - INFO - ==================================================
2025-08-04 21:03:04,687 - INFO - 
==================================================
2025-08-04 21:03:04,688 - INFO - 样本 14: Valerie earns $5000 per month, 1/2 of what her brother earns. If their mother earns twice their comb...
2025-08-04 21:03:04,688 - INFO - 参考答案: Valerie's brother earns 2 * $5000 = $<<2*5000=10000>>10000
Their combined salary is $5000+$10000 = $<<5000+10000=15000>>15000
Their mother earn twice their combined earnings, which is 2*$15000 = $<<2*15000=30000>>30000
The total amount of money they all have is $15000+$30000 = $<<15000+30000=45000>>45000
#### 45000
2025-08-04 21:03:04,689 - INFO - 提取参考答案: 45000
2025-08-04 21:03:04,689 - INFO - 生成答案: 

Step 1:First, read the problem and identify what we need to find. We need to find the total amount of money Valerie, her brother, and their mother have together.

Step 2:Next, set up equations and p...
2025-08-04 21:03:04,690 - INFO - 提取答案: 40000
2025-08-04 21:03:04,691 - INFO - 投票统计: {'voting_method': 'majority', 'best_answer': '40000', 'vote_count': 3, 'total_paths': 10, 'valid_paths': 10, 'confidence': 0.3, 'answer_distribution': {'40000': 3, '22500': 1, '45000': 3, '50000': 2, '42000': 1}, 'selected_path_idx': 0}
2025-08-04 21:03:04,691 - INFO - ==================================================
2025-08-04 21:03:04,692 - INFO - 
==================================================
2025-08-04 21:03:04,692 - INFO - 样本 23: A merchant wants to make a choice of purchase between 2 purchase plans: jewelry worth $5,000 or elec...
2025-08-04 21:03:04,693 - INFO - 参考答案: If he purchases jewelry, he will make a profit of 2.5% which is $5000*(2.5/100) = $<<5000*(2.5/100)=125>>125
If he purchases electronic gadgets, he will make a profit of 1.2% which is $8000*(1.2/100) = $<<8000*(1.2/100)=96>>96
If he wants to maximize profit, since $125 > $96, he will choose to purchase jewelry, thereby making a profit of $<<125=125>>125
#### 125
2025-08-04 21:03:04,693 - INFO - 提取参考答案: 125
2025-08-04 21:03:04,694 - INFO - 生成答案: 

Step 1:First, read the problem and identify what we need to find. We need to find the profit the merchant would make by choosing either the jewelry or the electronic gadgets.

Step 2:Next, set up eq...
2025-08-04 21:03:04,695 - INFO - 提取答案: 250
2025-08-04 21:03:04,695 - INFO - 投票统计: {'voting_method': 'majority', 'best_answer': '250', 'vote_count': 2, 'total_paths': 10, 'valid_paths': 10, 'confidence': 0.2, 'answer_distribution': {'250': 2, '8096': 1, '2939': 1, '221': 1, '96': 2, '160': 1, '125': 2}, 'selected_path_idx': 0}
2025-08-04 21:03:04,696 - INFO - ==================================================
2025-08-04 21:03:04,696 - INFO - 
==================================================
2025-08-04 21:03:04,697 - INFO - 样本 25: Tom decides to give his wife an anniversary getaway.  The plane tickets cost $5000 each.  The hotel ...
2025-08-04 21:03:04,697 - INFO - 参考答案: The hotel room is 1500*.2=$<<1500*.2=300>>300 more expensive per night than normal
So they paid 1500+300=$<<1500+300=1800>>1800 per night
That means she paid 1800*3=$<<1800*3=5400>>5400
The plane tickets cost 5000*2=$<<5000*2=10000>>10,000
So the total cost is 10,000+5400=$<<10000+5400=15400>>15,400
#### 15400
2025-08-04 21:03:04,698 - INFO - 提取参考答案: 15400
2025-08-04 21:03:04,699 - INFO - 生成答案: 

Step 1:First, read the problem and identify what we need to find. We need to find the total cost of the trip.

Step 2:Next, set up equations and perform the calculations. The normal price of the hot...
2025-08-04 21:03:04,699 - INFO - 提取答案: 16400
2025-08-04 21:03:04,700 - INFO - 投票统计: {'voting_method': 'majority', 'best_answer': '16400', 'vote_count': 6, 'total_paths': 10, 'valid_paths': 10, 'confidence': 0.6, 'answer_distribution': {'16400': 6, '15400': 3, '11800': 1}, 'selected_path_idx': 0}
2025-08-04 21:03:04,700 - INFO - ==================================================
2025-08-04 21:03:04,701 - INFO - 
==================================================
2025-08-04 21:03:04,701 - INFO - 样本 27: A toy manufacturer receives an order for 400 toys. 5 workers are available to work on the order. 2 o...
2025-08-04 21:03:04,702 - INFO - 参考答案: In the first group of workers, each produces 6 toys * 10 hours = <<6*10=60>>60 toys over their shift.
This is a total of 60 toys * 2 workers = <<60*2=120>>120 toys.
In the second group of workers, each produces 4 toys * 10 hours = <<4*10=40>>40 toys over their shift.
This is a total of 40 toys * 2 workers = <<40*2=80>>80 toys.
Together, these two groups produce 120 + 80 = <<120+80=200>>200 toys.
If the order is still short, then all the workers combined have produced 400 ordered toys – 20 remaining toys = <<400-20=380>>380 toys.
This means the fifth worker produced 380 – 200 = <<380-200=180>>180 toys in total.
The fifth worker therefore produced 180 toys / 10 hours = <<180/10=18>>18 toys per hour.
#### 18
2025-08-04 21:03:04,703 - INFO - 提取参考答案: 18
2025-08-04 21:03:04,703 - INFO - 生成答案: 

Step 1:First, read the problem and identify what we need to find. We need to find the number of toys per hour the fifth worker produces.

Step 2:Next, set up equations and perform the calculations. ...
2025-08-04 21:03:04,704 - INFO - 提取答案: 35.6
2025-08-04 21:03:04,704 - INFO - 投票统计: {'voting_method': 'majority', 'best_answer': '35.6', 'vote_count': 2, 'total_paths': 10, 'valid_paths': 10, 'confidence': 0.2, 'answer_distribution': {'34': 1, '4': 1, '8': 1, '22': 1, '20': 1, '35.6': 2, '38': 1, '36': 1, '3.6': 1}, 'selected_path_idx': 5}
2025-08-04 21:03:04,705 - INFO - ==================================================
2025-08-04 21:03:04,705 - INFO - 
==================================================
2025-08-04 21:03:04,706 - INFO - 样本 39: Marcy makes homemade candles that she markets as 99% guaranteed not to explode. 5% of the more dange...
2025-08-04 21:03:04,707 - INFO - 参考答案: First find what percentage of the candles explode: 100% - 99% = 1%
Then multiply the odds of the candles exploding by the odds of them smelling like wet dog to find the probability of both events happening: 1% * 5% = 0.05%
Then multiply that percentage by the number of candles to find the number of them that have both defects: 0.05% * 50000 candles = <<0.05*.01*50000=25>>25 candles
#### 25
2025-08-04 21:03:04,707 - INFO - 提取参考答案: 25
2025-08-04 21:03:04,708 - INFO - 生成答案: 

Step 1:First, read the problem and identify what we need to find. We need to find the number of candles that both smell like wet dog and explode.

Step 2:Next, set up equations and perform the calcu...
2025-08-04 21:03:04,708 - INFO - 提取答案: 2475
2025-08-04 21:03:04,709 - INFO - 投票统计: {'voting_method': 'majority', 'best_answer': '2475', 'vote_count': 3, 'total_paths': 10, 'valid_paths': 10, 'confidence': 0.3, 'answer_distribution': {'2475': 3, '2500': 2, '25': 2, '500': 1, '125': 1, '4700': 1}, 'selected_path_idx': 0}
2025-08-04 21:03:04,709 - INFO - ==================================================
2025-08-04 21:03:04,710 - INFO - 
==================================================
2025-08-04 21:03:04,711 - INFO - 样本 43: Marin and his neighbor Nancy each eat 4 apples a day. How many apples do they eat in 30 days?...
2025-08-04 21:03:04,711 - INFO - 参考答案: In one day, Marin and Nancy eat 4 + 1 = <<4+1=5>>5 apples.
In 30 days, they eat 30 * 5 = <<30*5=150>>150 apples.
#### 150
2025-08-04 21:03:04,712 - INFO - 提取参考答案: 150
2025-08-04 21:03:04,712 - INFO - 生成答案: 

Step 1:First, read the problem and identify what we need to find. We need to find the total number of apples that Marin and Nancy eat in 30 days.

Step 2:Next, set up equations and perform the calcu...
2025-08-04 21:03:04,713 - INFO - 提取答案: 240
2025-08-04 21:03:04,713 - INFO - 投票统计: {'voting_method': 'majority', 'best_answer': '240', 'vote_count': 10, 'total_paths': 10, 'valid_paths': 10, 'confidence': 1.0, 'answer_distribution': {'240': 10}, 'selected_path_idx': 0}
2025-08-04 21:03:04,714 - INFO - ==================================================
2025-08-04 21:03:04,714 - INFO - 
==================================================
2025-08-04 21:03:04,715 - INFO - 样本 46: Lana is brewing cups of tea for her friends. She has 27 cups, and she divides these into 3 rows. In ...
2025-08-04 21:03:04,716 - INFO - 参考答案: If there are 15 cups of cinnamon tea, then there are a total of 27 – 15 = <<27-15=12>>12 cups of chamomile or mint tea.
As there are equal amounts of chamomile tea and mint tea, there is a total of 12 cups / 2 = <<12/2=6>>6 cups of mint tea.
Dividing these into rows shows that each row holds 6 / 3 = <<6/3=2>>2 cups of mint tea.
#### 2
2025-08-04 21:03:04,716 - INFO - 提取参考答案: 2
2025-08-04 21:03:04,717 - INFO - 生成答案: 

Step 1:First, read the problem and identify what we need to find. We need to find the number of cups of mint tea in each row.

Step 2:Next, set up equations and perform the calculations. Since Lana ...
2025-08-04 21:03:04,717 - INFO - 提取答案: 4
2025-08-04 21:03:04,718 - INFO - 投票统计: {'voting_method': 'majority', 'best_answer': '4', 'vote_count': 8, 'total_paths': 10, 'valid_paths': 10, 'confidence': 0.8, 'answer_distribution': {'4': 8, '9': 1, '4.5': 1}, 'selected_path_idx': 0}
2025-08-04 21:03:04,718 - INFO - ==================================================
2025-08-04 21:03:04,719 - INFO - 
==================================================
2025-08-04 21:03:04,719 - INFO - 样本 49: Raymond and Samantha are cousins. Raymond was born 6 years before Samantha. Raymond had a son at the...
2025-08-04 21:03:04,720 - INFO - 参考答案: When Raymond's son was born Samantha was 23 - 6 = <<23-6=17>>17 years old.
Thus it has been 31 - 17 = <<31-17=14>>14 years since Raymond's son was born.
#### 14
2025-08-04 21:03:04,721 - INFO - 提取参考答案: 14
2025-08-04 21:03:04,721 - INFO - 生成答案: 

Step 1:First, read the problem and identify what we need to find. We need to find the number of years ago that Raymond's son was born.

Step 2:Next, set up equations and perform the calculations. We...
2025-08-04 21:03:04,722 - INFO - 提取答案: 2
2025-08-04 21:03:04,722 - INFO - 投票统计: {'voting_method': 'majority', 'best_answer': '2', 'vote_count': 8, 'total_paths': 10, 'valid_paths': 10, 'confidence': 0.8, 'answer_distribution': {'2': 8, '0': 1, '8': 1}, 'selected_path_idx': 0}
2025-08-04 21:03:04,723 - INFO - ==================================================
2025-08-04 21:03:04,724 - INFO - 
==================================================
2025-08-04 21:03:04,724 - INFO - 样本 64: Emily can peel 6 shrimp a minute and saute 30 shrimp in 10 minutes. How long will it take her to pee...
2025-08-04 21:03:04,725 - INFO - 参考答案: First find how long it takes Emily to peel the shrimp: 90 shrimp / 6 shrimp/minute = <<90/6=15>>15 minutes
Then find how many batches of shrimp she needs to cook: 90 shrimp / 30 shrimp/batch = <<90/30=3>>3 batches
Then multiply the number of batches by the time per batch to find the total cook time: 3 batches * 10 minutes/batch = <<3*10=30>>30 minutes
Then add the peeling time to find the total time Emily spends: 30 minutes + 15 minutes = <<30+15=45>>45 minutes
#### 45
2025-08-04 21:03:04,725 - INFO - 提取参考答案: 45
2025-08-04 21:03:04,726 - INFO - 生成答案: 

Step 1:First, read the problem and identify what we need to find. We need to find the time it takes Emily to peel and cook 90 shrimp.

Step 2:Next, set up equations and perform the calculations. Sin...
2025-08-04 21:03:04,726 - INFO - 提取答案: 18
2025-08-04 21:03:04,727 - INFO - 投票统计: {'voting_method': 'majority', 'best_answer': '18', 'vote_count': 3, 'total_paths': 10, 'valid_paths': 10, 'confidence': 0.3, 'answer_distribution': {'45': 1, '30': 2, '18': 3, '10': 3, '15': 1}, 'selected_path_idx': 3}
2025-08-04 21:03:04,727 - INFO - ==================================================
2025-08-04 21:03:04,728 - INFO - 
==================================================
2025-08-04 21:03:04,729 - INFO - 样本 76: Rose bought five dozens of eggs for $2.40 a dozen. She will sell it for $1 for 3 eggs. How much will...
2025-08-04 21:03:04,729 - INFO - 参考答案: Rose bought five dozens of eggs for $2.40 x 5 = $<<2.40*5=12>>12.
Five dozens of eggs is equal to 12 x 5 = <<12*5=60>>60 eggs.
So there are 60/3 = <<60/3=20>>20 sets of 3 eggs that Rose will sell.
Thus, the total earnings of Rose for selling the eggs are $1 x 20 = $<<20=20>>20.
Therefore, her profit will be $20 - $12 = $<<20-12=8>>8.
#### 8
2025-08-04 21:03:04,730 - INFO - 提取参考答案: 8
2025-08-04 21:03:04,730 - INFO - 生成答案: 

Step 1:First, read the problem and identify what we need to find. We need to find Rose's profit.

Step 2:Next, set up equations and perform the calculations. Since Rose bought five dozens of eggs, s...
2025-08-04 21:03:04,731 - INFO - 提取答案: 48
2025-08-04 21:03:04,732 - INFO - 投票统计: {'voting_method': 'majority', 'best_answer': '48', 'vote_count': 6, 'total_paths': 10, 'valid_paths': 10, 'confidence': 0.6, 'answer_distribution': {'48': 6, '0': 1, '8': 3}, 'selected_path_idx': 0}
2025-08-04 21:03:04,732 - INFO - ==================================================
2025-08-04 21:03:04,733 - INFO - 
==================================================
2025-08-04 21:03:04,733 - INFO - 样本 81: Elise has been selling her Dad's collection of 250 books for three years. Each book sells at 20$, an...
2025-08-04 21:03:04,734 - INFO - 参考答案: If her sales in the current year are 45, she sold 45*2 = <<45*2=90>>90 books in the first year.
The total number of books sold in the first and current year is 90+45 = <<90+45=135>>135.
The total number of books sold in the second year is 250 of the original number of books - 135 sold books - 50 unsold books = <<250-135-50=65>>65 books.
If each book sells at 20$, then she earned 20*65 = $<<20*65=1300>>1300 in the second year
#### 1300
2025-08-04 21:03:04,734 - INFO - 提取参考答案: 1300
2025-08-04 21:03:04,735 - INFO - 生成答案: 

Step 1:First, read the problem and identify what we need to find. We need to find the total amount of money Elise earned in the second year.

Step 2:Next, set up equations and perform the calculatio...
2025-08-04 21:03:04,736 - INFO - 提取答案: 900
2025-08-04 21:03:04,736 - INFO - 投票统计: {'voting_method': 'majority', 'best_answer': '900', 'vote_count': 4, 'total_paths': 10, 'valid_paths': 10, 'confidence': 0.4, 'answer_distribution': {'1660': 1, '900': 4, '500': 1, '2000': 1, '1300': 1, '2200': 1, '1000': 1}, 'selected_path_idx': 1}
2025-08-04 21:03:04,737 - INFO - ==================================================
2025-08-04 21:03:04,737 - INFO - 
==================================================
2025-08-04 21:03:04,738 - INFO - 样本 86: The vending machines sell chips for 40 cents and candy bars for 75 cents. George spent $5 and got 3 ...
2025-08-04 21:03:04,738 - INFO - 参考答案: George got $.05 in change because 5 x .01 = <<5*.01=.05>>.05
George spent $4.95 because 5 - .05 = <<5-.05=4.95>>4.95
George spent $1.2 on chips because 3 x .4 = <<3*.4=1.2>>1.2
George spent 3.75 on candy bars because 4.95 - 1.2 = <<4.95-1.2=3.75>>3.75
George bought 5 candy bars because 3.75 / .75 = <<5=5>>5
#### 5
2025-08-04 21:03:04,739 - INFO - 提取参考答案: 5
2025-08-04 21:03:04,740 - INFO - 生成答案: 

Step 1:First, read the problem and identify what we need to find. We need to find the number of candy bars that George bought.

Step 2:Next, set up equations and perform the calculations. Since Geor...
2025-08-04 21:03:04,740 - INFO - 提取答案: 0
2025-08-04 21:03:04,741 - INFO - 投票统计: {'voting_method': 'majority', 'best_answer': '0', 'vote_count': 4, 'total_paths': 10, 'valid_paths': 10, 'confidence': 0.4, 'answer_distribution': {'48': 1, '0': 4, '5': 2, '33': 1, '6': 1, '8': 1}, 'selected_path_idx': 1}
2025-08-04 21:03:04,741 - INFO - ==================================================
2025-08-04 21:03:04,742 - INFO - 
==================================================
2025-08-04 21:03:04,743 - INFO - 样本 98: One meatball sub sandwich contains 4 meatballs.  Sidney ordered 3 less than ten meatball sub sandwic...
2025-08-04 21:03:04,743 - INFO - 参考答案: 3 less than ten meatball sub sandwiches is 10-3=<<10-3=7>>7 sub sandwiches.
After Mark ate 4 of Sidney's meatball sub sandwiches, 7-4=<<7-4=3>>3 remained.
Finally, after Sidney ordered three more sub sandwiches, there were a total of 3+3=<<3+3=6>>6 sub sandwiches.
If each sub sandwich has 4 meatballs, then the remaining sub sandwiches contain a total of 6*4=<<6*4=24>>24 meatballs.
#### 24
2025-08-04 21:03:04,744 - INFO - 提取参考答案: 24
2025-08-04 21:03:04,744 - INFO - 生成答案: 

Step 1:First, read the problem and identify what we need to find. We need to find the number of meatballs in the sub sandwiches that remained.

Step 2:Next, set up equations and perform the calculat...
2025-08-04 21:03:04,745 - INFO - 提取答案: 12
2025-08-04 21:03:04,745 - INFO - 投票统计: {'voting_method': 'majority', 'best_answer': '12', 'vote_count': 10, 'total_paths': 10, 'valid_paths': 10, 'confidence': 1.0, 'answer_distribution': {'12': 10}, 'selected_path_idx': 0}
2025-08-04 21:03:04,746 - INFO - ==================================================
2025-08-04 21:03:04,747 - INFO - 
==================================================
2025-08-04 21:03:04,747 - INFO - 样本 103: Kim sleepwalks, to monitor her sleeping hours, she installs a camera in her room. Kim usually goes t...
2025-08-04 21:03:04,748 - INFO - 参考答案: Out of 24 hours in a day, 10 pm represents 22 hours.
Until 12 p.m. or 24 hours, Kim slept 24 - 22 = <<24-22=2>>2 hours.
In total, Kim usually sleeps 2 + 6 = <<2+6=8>>8 hours a day.
In minutes, Kim usually sleeps 8 * 60 = <<8*60=480>>480 minutes
Kim was sleepwalking for a total of 38 - 15 = <<38-15=23>>23 minutes.
Within her usual sleep routine, Kim was sleepwalking or awake a total of 23 + 5 =<<23+5=28>>28 minutes.
On that day, Kim slept in her bed for 480 - 28 = <<480-28=452>>452 minutes.
#### 452
2025-08-04 21:03:04,748 - INFO - 提取参考答案: 452
2025-08-04 21:03:04,749 - INFO - 生成答案: 

Step 1:First, read the problem and identify what we need to find. We need to find the total number of minutes Kim slept on her bed that day.

Step 2:Next, set up equations and perform the calculatio...
2025-08-04 21:03:04,749 - INFO - 提取答案: 457
2025-08-04 21:03:04,750 - INFO - 投票统计: {'voting_method': 'majority', 'best_answer': '457', 'vote_count': 1, 'total_paths': 10, 'valid_paths': 10, 'confidence': 0.1, 'answer_distribution': {'457': 1, '278': 1, '220': 1, '260': 1, '100': 1, '557': 1, '508': 1, '475': 1, '503': 1, '452': 1}, 'selected_path_idx': 0}
2025-08-04 21:03:04,751 - INFO - ==================================================
2025-08-04 21:03:04,751 - INFO - 
==================================================
2025-08-04 21:03:04,752 - INFO - 样本 106: Sally went to the seashore for vacation.  Her parents gave her $10 to buy whatever she wanted.  At t...
2025-08-04 21:03:04,752 - INFO - 参考答案: Taffy is buying 1 pound for $3 and gets 1 pound half off. So 1/2 off of 1 pound is $3/2 = $1.50+$3.00=$4.50
4 magnets at $0.25 each is 4*.25=$<<4*0.25=1.00>>1.00
When you add all her purchases, $4.50+$1.50+$1.00 = $<<4.5+1.5+1=7.00>>7.00
She had $10 and spent $7 so she had $10-$7 = $<<10-7=3.00>>3.00 left over
#### 3
2025-08-04 21:03:04,753 - INFO - 提取参考答案: 3
2025-08-04 21:03:04,753 - INFO - 生成答案: 

Step 1:First, read the problem and identify what we need to find. We need to find the amount of money Sally has left.

Step 2:Next, set up equations and perform the calculations. Sally bought 2 poun...
2025-08-04 21:03:04,754 - INFO - 提取答案: 1.50
2025-08-04 21:03:04,754 - INFO - 投票统计: {'voting_method': 'majority', 'best_answer': '1.50', 'vote_count': 3, 'total_paths': 10, 'valid_paths': 10, 'confidence': 0.3, 'answer_distribution': {'1.50': 3, '3': 2, '0': 1, '-1.50': 2, '0.5': 2}, 'selected_path_idx': 0}
2025-08-04 21:03:04,755 - INFO - ==================================================
2025-08-04 21:03:04,756 - INFO - 
==================================================
2025-08-04 21:03:04,756 - INFO - 样本 108: Ophelia and Jenna are living in the same apartment building. They each have 2 fewer sofas than chair...
2025-08-04 21:03:04,757 - INFO - 参考答案: If Ophelia has 20 sofas and 2 fewer sofas than chairs, she has 20+2 = <<20+2=22>>22 chairs.
Jenna has 3 times as many chairs as Ophelia, a total of 3*22 = <<3*22=66>>66 chairs
The total number of chairs Ophelia and Jenna have is 66+22 = <<66+22=88>>88
Since Jenna also has 2 fewer sofas than chairs, the total number of sofas she has is 66-2 = <<66-2=64>>64 sofas.
The total number of sofas Ophelia and Jenna have is 64+20 = <<64+20=84>>84 sofas
Together, they have 84 sofas+88 chairs = <<84+88=172>>172
#### 172
2025-08-04 21:03:04,757 - INFO - 提取参考答案: 172
2025-08-04 21:03:04,758 - INFO - 生成答案: 

Step 1:First, read the problem and identify what we need to find. We need to find the total number of sofas and chairs that Ophelia and Jenna have.

Step 2:Next, set up equations and perform the cal...
2025-08-04 21:03:04,758 - INFO - 提取答案: 108
2025-08-04 21:03:04,759 - INFO - 投票统计: {'voting_method': 'majority', 'best_answer': '108', 'vote_count': 5, 'total_paths': 10, 'valid_paths': 10, 'confidence': 0.5, 'answer_distribution': {'128': 2, '108': 5, '166': 1, '174': 2}, 'selected_path_idx': 1}
2025-08-04 21:03:04,759 - INFO - ==================================================
2025-08-04 21:03:04,760 - INFO - 
==================================================
2025-08-04 21:03:04,761 - INFO - 样本 110: Janet goes to the mall and spends $3.50 on ice cream, $7.50 each for movie tickets for herself and h...
2025-08-04 21:03:04,761 - INFO - 参考答案: First calculate the cost of the movie tickets by multiplying the price per ticket by 2: $7.50 * 2 = $<<7.5*2=15.00>>15.00
Then add up all the money Janet spent: $3.50 + $15.00 + $8.50 = $<<3.5+15+8.5=27.00>>27.00
Now subtract Janet's spending from the initial amount of money she had: $40.00 - $27.00 = $<<40-27=13.00>>13.00
#### 13
2025-08-04 21:03:04,762 - INFO - 提取参考答案: 13
2025-08-04 21:03:04,762 - INFO - 生成答案: 

Step 1:First, read the problem and identify what we need to find. We need to find how many dollars Janet has left.

Step 2:Next, set up equations and perform the calculations. Janet spent $3.50 on i...
2025-08-04 21:03:04,763 - INFO - 提取答案: 13.50
2025-08-04 21:03:04,763 - INFO - 投票统计: {'voting_method': 'majority', 'best_answer': '13.50', 'vote_count': 6, 'total_paths': 10, 'valid_paths': 10, 'confidence': 0.6, 'answer_distribution': {'13.50': 6, '13': 1, '12': 2, '20.50': 1}, 'selected_path_idx': 0}
2025-08-04 21:03:04,764 - INFO - ==================================================
2025-08-04 21:03:04,764 - INFO - 
==================================================
2025-08-04 21:03:04,765 - INFO - 样本 112: After scoring 14 points, Erin now has three times more points than Sara, who scored 8. How many poin...
2025-08-04 21:03:04,765 - INFO - 参考答案: Erin now has three times more points than Sara, which is 3*8= <<3*8=24>>24 more points than Sara.
This means Erin has a total of 8+24 = <<8+24=32>>32 points now.
Before, Erin had 32-14= <<32-14=18>>18 points
#### 18
2025-08-04 21:03:04,766 - INFO - 提取参考答案: 18
2025-08-04 21:03:04,767 - INFO - 生成答案: 

Step 1:First, read the problem and identify what we need to find. We need to find the number of points Erin had before scoring 14 points.

Step 2:Next, set up equations and perform the calculations....
2025-08-04 21:03:04,767 - INFO - 提取答案: 22
2025-08-04 21:03:04,768 - INFO - 投票统计: {'voting_method': 'majority', 'best_answer': '22', 'vote_count': 3, 'total_paths': 10, 'valid_paths': 10, 'confidence': 0.3, 'answer_distribution': {'38': 1, '24': 2, '4': 1, '10': 2, '22': 3, '3.33': 1}, 'selected_path_idx': 5}
2025-08-04 21:03:04,768 - INFO - ==================================================
2025-08-04 21:03:04,769 - INFO - 
==================================================
2025-08-04 21:03:04,769 - INFO - 样本 113: Colby loves going to the movies and every month his parents give him $150 to spend at the movies. Ti...
2025-08-04 21:03:04,770 - INFO - 参考答案: He has spent $50 on Fri/Sat movies because 5 x 10 = <<50=50>>50
He has spent $56 on movies the rest of the day because 8 x 7 = <<8*7=56>>56
He has spent $16 on popcorn because 2 x 8 = <<16=16>>16
He has spent $8 on candy because 4 x 2 = <<4*2=8>>8
He has spent 130 in total because 50 + 56 + 16 + 8 = <<50+56+16+8=130>>130
He plans to spend $10 on popcorn and candy because 8 + 2 = <<8+2=10>>10
He has $10 left to spend because 150 - 130 - 10 = <<150-130-10=10>>10
He can see 1 movie because 10 / 10 = <<10/10=1>>1
#### 1
2025-08-04 21:03:04,771 - INFO - 提取参考答案: 1
2025-08-04 21:03:04,771 - INFO - 生成答案: 

Step 1:First, read the problem and identify what we need to find. We need to find the number of movies Colby can see that night.

Step 2:Next, set up equations and perform the calculations. Colby's ...
2025-08-04 21:03:04,772 - INFO - 提取答案: 2
2025-08-04 21:03:04,772 - INFO - 投票统计: {'voting_method': 'majority', 'best_answer': '2', 'vote_count': 3, 'total_paths': 10, 'valid_paths': 10, 'confidence': 0.3, 'answer_distribution': {'2': 3, '6': 2, '9': 1, '7': 1, '15': 2, '13': 1}, 'selected_path_idx': 0}
2025-08-04 21:03:04,773 - INFO - ==================================================
2025-08-04 21:03:04,773 - INFO - 
==================================================
2025-08-04 21:03:04,774 - INFO - 样本 122: In a school activity, fifty-four students are to be separated into six groups of equal size. If the ...
2025-08-04 21:03:04,775 - INFO - 参考答案: There are 54/6 = <<54/6=9>>9 groups formed from the 54 students.
So, 12 - 9 = <<12-9=3>>3 groups more are needed to form.
#### 3
2025-08-04 21:03:04,775 - INFO - 提取参考答案: 3
2025-08-04 21:03:04,776 - INFO - 生成答案: 

Step 1:First, read the problem and identify what we need to find. We need to find the number of additional groups needed to form.

Step 2:Next, set up equations and perform the calculations. Since 5...
2025-08-04 21:03:04,776 - INFO - 提取答案: 6
2025-08-04 21:03:04,777 - INFO - 投票统计: {'voting_method': 'majority', 'best_answer': '6', 'vote_count': 4, 'total_paths': 10, 'valid_paths': 10, 'confidence': 0.4, 'answer_distribution': {'6': 4, '0': 3, '1': 2, '5': 1}, 'selected_path_idx': 0}
2025-08-04 21:03:04,777 - INFO - ==================================================
2025-08-04 21:03:04,778 - INFO - 
==================================================
2025-08-04 21:03:04,778 - INFO - 样本 125: Rose is out picking flowers for a vase she wants to fill.  She starts off by picking 3 flowers with ...
2025-08-04 21:03:04,779 - INFO - 参考答案: Rose picks 3*5=<<3*5=15>>15 petals worth of the 5 petal flowers.
Rose then picks 4*6=<<4*6=24>>24 petals worth of the 6 petal flowers.
Rose then picks 5*4=<<5*4=20>>20 petals worth of the 4 petal flowers.
Finally, Rose picks 6*7=<<6*7=42>>42 petals worth of the 7 petal flowers.
Rose carries 15+24+20+42=<<15+24+20+42=101>>101 petals worth of flowers back to the vase.
But the wind blows 5+6+4+7=<<5+6+4+7=22>>22 petals worth of flowers away.
So Rose has 101-22=<<101-22=79>>79 petals worth remaining
#### 79
2025-08-04 21:03:04,780 - INFO - 提取参考答案: 79
2025-08-04 21:03:04,780 - INFO - 生成答案: 

Step 1:First, read the problem and identify what we need to find. We need to find the total number of petals on the flowers in the vase.

Step 2:Next, set up equations and perform the calculations. ...
2025-08-04 21:03:04,781 - INFO - 提取答案: 83
2025-08-04 21:03:04,781 - INFO - 投票统计: {'voting_method': 'majority', 'best_answer': '83', 'vote_count': 3, 'total_paths': 10, 'valid_paths': 10, 'confidence': 0.3, 'answer_distribution': {'103': 1, '79': 2, '101': 2, '83': 3, '97': 1, '99': 1}, 'selected_path_idx': 4}
2025-08-04 21:03:04,782 - INFO - ==================================================
2025-08-04 21:03:04,782 - INFO - 
==================================================
2025-08-04 21:03:04,783 - INFO - 样本 133: A food caterer was told to prepare gourmet hot dogs for 36 guests. While most people would only eat ...
2025-08-04 21:03:04,783 - INFO - 参考答案: The food caterer prepared an additional 36/2 = <<36/2=18>>18 hot dogs.
Altogether, he prepared 36 + 18 = <<36+18=54>>54 hotdogs.
If 40 people wanted seconds, he would have needed 40 x 2 = <<40*2=80>>80 hot dogs.
80 - 54 = <<80-54=26>>26 people did not get second hotdogs.
#### 26
2025-08-04 21:03:04,784 - INFO - 提取参考答案: 26
2025-08-04 21:03:04,785 - INFO - 生成答案: 

Step 1:First, read the problem and identify what we need to find. We need to find the number of guests who did not get a second hotdog.

Step 2:Next, set up equations and perform the calculations. T...
2025-08-04 21:03:04,785 - INFO - 提取答案: 44
2025-08-04 21:03:04,786 - INFO - 投票统计: {'voting_method': 'majority', 'best_answer': '44', 'vote_count': 3, 'total_paths': 10, 'valid_paths': 10, 'confidence': 0.3, 'answer_distribution': {'4': 2, '8': 1, '44': 3, '9': 1, '14': 1, '22': 2}, 'selected_path_idx': 3}
2025-08-04 21:03:04,786 - INFO - ==================================================
2025-08-04 21:03:04,787 - INFO - 
==================================================
2025-08-04 21:03:04,787 - INFO - 样本 137: Charlie wants to sell beeswax candles.  For every pound of beeswax, he can make 10 tapered candles. ...
2025-08-04 21:03:04,788 - INFO - 参考答案: 1 pound of beeswax and the wick make 10 candles and he wants to make 20 candles so he needs 20/10 = <<20/10=2>>2 pounds of beeswax
1 pound of beeswax costs $10.00 and he needs 2 pounds so his supplies will cost 10*2 = $<<10*2=20.00>>20.00
He wants to sell each candle for $2.00 each and he's selling 20 candles so that's 2*20 = $<<2*20=40.00>>40.00
If he makes $40.00 selling candles and his supplies cost $20.00 then his net profit is 40-20 = $<<40-20=20.00>>20.00
#### 20
2025-08-04 21:03:04,789 - INFO - 提取参考答案: 20
2025-08-04 21:03:04,789 - INFO - 生成答案: 

Step 1:First, read the problem and identify what we need to find. We need to find Charlie's net profit.

Step 2:Next, set up equations and perform the calculations. The cost of supplies for 20 candl...
2025-08-04 21:03:04,790 - INFO - 提取答案: -160
2025-08-04 21:03:04,790 - INFO - 投票统计: {'voting_method': 'majority', 'best_answer': '-160', 'vote_count': 7, 'total_paths': 10, 'valid_paths': 10, 'confidence': 0.7, 'answer_distribution': {'0': 1, '10': 1, '-160': 7, '30': 1}, 'selected_path_idx': 2}
2025-08-04 21:03:04,791 - INFO - ==================================================
2025-08-04 21:03:04,791 - INFO - 
==================================================
2025-08-04 21:03:04,792 - INFO - 样本 143: Wayne and Bernadette are movie stars heading to the premiere of their latest film. Bernadette wants ...
2025-08-04 21:03:04,792 - INFO - 参考答案: Bernadette takes 4 * 4 = <<4*4=16>>16 minutes to get to the theater.
Her ride takes 16 - 4 = <<16-4=12>>12 minutes longer than Wayne’s to get to the theater.
Thus, she should leave 12 + 5 = <<12+5=17>>17 minutes before Wayne to get to the theater 5 minutes sooner than he does.
#### 17
2025-08-04 21:03:04,793 - INFO - 提取参考答案: 17
2025-08-04 21:03:04,794 - INFO - 生成答案: 

Step 1:First, read the problem and identify what we need to find. We need to find out how much earlier Bernadette should leave than Wayne to get to the theater first.

Step 2:Next, set up equations ...
2025-08-04 21:03:04,794 - INFO - 提取答案: 21
2025-08-04 21:03:04,795 - INFO - 投票统计: {'voting_method': 'majority', 'best_answer': '21', 'vote_count': 4, 'total_paths': 10, 'valid_paths': 10, 'confidence': 0.4, 'answer_distribution': {'20': 1, '21': 4, '15': 1, '0': 1, '13': 1, '4': 1, '16': 1}, 'selected_path_idx': 1}
2025-08-04 21:03:04,795 - INFO - ==================================================
2025-08-04 21:03:04,796 - INFO - 
==================================================
2025-08-04 21:03:04,796 - INFO - 样本 150: Digimon had its 20th anniversary.  When it came out John was twice as old as Jim.  If John is 28 now...
2025-08-04 21:03:04,797 - INFO - 参考答案: When Digimon came out John would have been 28-20=<<28-20=8>>8
So Jim was 8/2=<<8/2=4>>4 years old
That means John is now 4+20=<<4+20=24>>24
#### 24
2025-08-04 21:03:04,797 - INFO - 提取参考答案: 24
2025-08-04 21:03:04,798 - INFO - 生成答案: 

Step 1:First, read the problem and identify what we need to find. We need to find Jim's current age.

Step 2:Next, set up equations and perform the calculations. Let's say Jim's current age is x. Si...
2025-08-04 21:03:04,799 - INFO - 提取答案: 14
2025-08-04 21:03:04,799 - INFO - 投票统计: {'voting_method': 'majority', 'best_answer': '14', 'vote_count': 4, 'total_paths': 10, 'valid_paths': 10, 'confidence': 0.4, 'answer_distribution': {'24': 2, '0': 1, '14': 4, '4': 1, '9': 1, '28': 1}, 'selected_path_idx': 3}
2025-08-04 21:03:04,800 - INFO - ==================================================
2025-08-04 21:03:04,801 - INFO - 
==================================================
2025-08-04 21:03:04,801 - INFO - 样本 155: Mary is making ice cubes with fruit frozen in them for a cocktail party. She makes some strawberry c...
2025-08-04 21:03:04,802 - INFO - 参考答案: Let s be the number of strawberry cubes and b be the number of blueberry cubes. We know that b = 5s - 4 and s + b = 116.
Substituting the first equation into the second, we get s + 5s - 4 = 116.
Combining like terms, we get 6s - 4 = 116
Adding 4 to both sides, we get 6s = 120
Dividing both sides by 6, we get s = 20
Substituting this value back into the equation b = 5s - 4, we get b = 96
#### 96
2025-08-04 21:03:04,802 - INFO - 提取参考答案: 96
2025-08-04 21:03:04,803 - INFO - 生成答案: 

Step 1:First, read the problem and identify what we need to find. We need to find the number of blueberry cubes that Mary makes.

Step 2:Next, set up equations and perform the calculations. Let s be...
2025-08-04 21:03:04,803 - INFO - 提取答案: 92
2025-08-04 21:03:04,804 - INFO - 投票统计: {'voting_method': 'majority', 'best_answer': '92', 'vote_count': 7, 'total_paths': 10, 'valid_paths': 10, 'confidence': 0.7, 'answer_distribution': {'92': 7, '96': 3}, 'selected_path_idx': 0}
2025-08-04 21:03:04,804 - INFO - ==================================================
2025-08-04 21:03:04,805 - INFO - 
==================================================
2025-08-04 21:03:04,805 - INFO - 样本 156: A family of 6 (2 adults and 4 kids) are to divide a watermelon such that each adult gets a slice tha...
2025-08-04 21:03:04,806 - INFO - 参考答案: Let x be the percentage of watermelon that each adult gets.
Since each kid gets half of what each adult gets, each kid gets x/2 percent of the watermelon
So the watermelon gets split into 2*x and 4*(x/2) parts by percentage
The percentages have to sum up to 100 so 2x+2x = 100 (after simplification)
x = 100/4 = <<100/4=25>>25, which means each adult gets 25% of the watermelon.
#### 25
2025-08-04 21:03:04,807 - INFO - 提取参考答案: 25
2025-08-04 21:03:04,807 - INFO - 生成答案: 

Step 1:First, read the problem and identify what we need to find. We need to find the percentage of the watermelon that each adult gets.

Step 2:Next, set up equations and perform the calculations. ...
2025-08-04 21:03:04,808 - INFO - 提取答案: 33.33
2025-08-04 21:03:04,808 - INFO - 投票统计: {'voting_method': 'majority', 'best_answer': '33.33', 'vote_count': 4, 'total_paths': 10, 'valid_paths': 10, 'confidence': 0.4, 'answer_distribution': {'66.67': 1, '16.67': 1, '25': 2, '33.33': 4, '50': 2}, 'selected_path_idx': 3}
2025-08-04 21:03:04,809 - INFO - ==================================================
2025-08-04 21:03:04,810 - INFO - 
==================================================
2025-08-04 21:03:04,810 - INFO - 样本 173: A company's HR hires 20 new employees every month to add to its total workforce. If the company's in...
2025-08-04 21:03:04,811 - INFO - 参考答案: If each month the company hire 20 new employees, the total number of employees in the company in the first month is 200 employees + 20 employees = <<200+20=220>>220 employees
If each employee is paid $4000 per month, the total amount of money paid by the employee to its workers in the first month is 220 employees * $4000/employee = $<<220*4000=880000>>880000
In the second month, 20 more workers are hired, bringing the total number of employees to 220 employees + 20 employees = 240 employees
The company pays a total of 240 employees * $4000/employee = $<<240*4000=960000>>960000 in wages for its employees in the second month.
When an additional 20 workers are hired in the third month, the total number of workers become 240 employees + 20 employees = <<240+20=260>>260 employees
In total, the company 260 employees * $4000/employee = $<<260*4000=1040000>>1040000 in wages on the third month.
The total amount of money the company pays to all its employees in the three months is $1040000 + $960000 + $880000 = <<1040000+960000+880000=2880000>>2880000
#### 2880000
2025-08-04 21:03:04,811 - INFO - 提取参考答案: 2880000
2025-08-04 21:03:04,812 - INFO - 生成答案: 

Step 1:First, read the problem and identify what we need to find. We need to find the total amount of money the company pays to its employees after three months.

Step 2:Next, set up equations and p...
2025-08-04 21:03:04,812 - INFO - 提取答案: 1040000
2025-08-04 21:03:04,813 - INFO - 投票统计: {'voting_method': 'majority', 'best_answer': '1040000', 'vote_count': 10, 'total_paths': 10, 'valid_paths': 10, 'confidence': 1.0, 'answer_distribution': {'1040000': 10}, 'selected_path_idx': 0}
2025-08-04 21:03:04,814 - INFO - ==================================================
2025-08-04 21:03:04,814 - INFO - 
==================================================
2025-08-04 21:03:04,815 - INFO - 样本 194: James gets 10 new CDs.  Each CD cost $15.  He gets them for 40% off.  He decides he doesn't like 5 o...
2025-08-04 21:03:04,815 - INFO - 参考答案: He got a 15*.4=$<<15*.4=6>>6 discount on each CD
That means each CD cost 15-6=$<<15-6=9>>9
So he paid 10*9=$<<10*9=90>>90
That means he was out 90-40=$<<90-40=50>>50
#### 50
2025-08-04 21:03:04,816 - INFO - 提取参考答案: 50
2025-08-04 21:03:04,817 - INFO - 生成答案: 

Step 1:First, read the problem and identify what we need to find. We need to find out how much money James was out after buying the CDs and selling 5 of them.

Step 2:Next, set up equations and perf...
2025-08-04 21:03:04,817 - INFO - 提取答案: 110
2025-08-04 21:03:04,818 - INFO - 投票统计: {'voting_method': 'majority', 'best_answer': '110', 'vote_count': 5, 'total_paths': 10, 'valid_paths': 10, 'confidence': 0.5, 'answer_distribution': {'110': 5, '-110': 2, '40': 1, '90': 1, '105': 1}, 'selected_path_idx': 0}
2025-08-04 21:03:04,818 - INFO - ==================================================
2025-08-04 21:03:04,819 - INFO - 
==================================================
2025-08-04 21:03:04,819 - INFO - 样本 201: For a New Year's resolution, Andy wants to lose 30 lbs. by his birthday, which is July 19th. Today i...
2025-08-04 21:03:04,820 - INFO - 参考答案: January, March, and May have 31 days, February has 28, and April and June have 30, and Andy's birthday is on the 19th day of July. So there are 3 * 31 days + 28 + 2 * 30 days + 19 days = 93 days + 28 + 60 days + 19 days = <<3*31+28+2*30+19=200>>200 days until Andy's birthday.
He wants to lose 30 lbs. At 3500 calories per pound, this is 30 * 3500 = <<30*3500=105000>>105,000 calories total,
To reach his goal, he will have to burn 105,000 calories / 200 days = <<105000/200=525>>525 calories per day more than he consumes.
#### 525
2025-08-04 21:03:04,821 - INFO - 提取参考答案: 525
2025-08-04 21:03:04,821 - INFO - 生成答案: 

Step 1:First, read the problem and identify what we need to find. We need to find the daily calorie deficit needed to help Andy reach his weight loss goal.

Step 2:Next, set up equations and perform...
2025-08-04 21:03:04,822 - INFO - 提取答案: 500
2025-08-04 21:03:04,822 - INFO - 投票统计: {'voting_method': 'majority', 'best_answer': '500', 'vote_count': 3, 'total_paths': 10, 'valid_paths': 10, 'confidence': 0.3, 'answer_distribution': {'500': 3, '1129.9': 1, '11667': 1, '499': 1, '3500': 1, '494': 1, '575': 1, '1150': 1}, 'selected_path_idx': 0}
2025-08-04 21:03:04,823 - INFO - ==================================================
2025-08-04 21:03:04,823 - INFO - 
==================================================
2025-08-04 21:03:04,824 - INFO - 样本 204: An air conditioner cools a room 2 degrees an hour on low and 3 degrees an hour on high. The room wil...
2025-08-04 21:03:04,824 - INFO - 参考答案: The air conditioner ran for 3 hours on low, so the temperature dropped 2 * 3 = <<3*2=6>>6 degrees.
It then ran for 4 hours on high, so the temperature dropped another 3 * 4 = <<3*4=12>>12 degrees.
It was then turned off for 2 hours, so the temperature rose 2 * 2 = <<2*2=4>>4 degrees.
Thus, the final temperature was 6 + 12 - 4 = <<6+12-4=14>>14 degrees lower than the starting temperature.
#### 14
2025-08-04 21:03:04,825 - INFO - 提取参考答案: 14
2025-08-04 21:03:04,825 - INFO - 生成答案: 

Step 1:First, read the problem and identify what we need to find. We need to find the difference in degrees between the starting temperature and the final temperature.

Step 2:Next, set up equations...
2025-08-04 21:03:04,826 - INFO - 提取答案: 10
2025-08-04 21:03:04,827 - INFO - 投票统计: {'voting_method': 'majority', 'best_answer': '10', 'vote_count': 2, 'total_paths': 10, 'valid_paths': 10, 'confidence': 0.2, 'answer_distribution': {'10': 2, '18': 1, '2': 1, '-2': 2, '14': 2, '-14': 1, '-10': 1}, 'selected_path_idx': 0}
2025-08-04 21:03:04,827 - INFO - ==================================================
2025-08-04 21:03:04,828 - INFO - 
==================================================
2025-08-04 21:03:04,828 - INFO - 样本 208: Carmen goes to an auction to win an antique desk. She accepts the opening bid of $200 and continues ...
2025-08-04 21:03:04,829 - INFO - 参考答案: 3 other people are bidding on the desk so there are 3 bids * $50 per bid = $<<3*50=150>>150 added to the cost of the desk by other people.
Carmen also has to bid against each person, so she also adds 3 bids * $50 per bid = $<<3*50=150>>150 to the overall cost.
So in these bids, there has been a total of $150 + $150 = $<<150+150=300>>300 added to the initial cost of the desk.
The desk therefore costs $200 opening bid + $300 added cost = $<<200+300=500>>500.
#### 500
2025-08-04 21:03:04,829 - INFO - 提取参考答案: 500
2025-08-04 21:03:04,830 - INFO - 生成答案: 

Step 1:First, read the problem and identify what we need to find. We need to find the total amount of money that the desk cost Carmen.

Step 2:Next, set up equations and perform the calculations. Ca...
2025-08-04 21:03:04,831 - INFO - 提取答案: 350
2025-08-04 21:03:04,831 - INFO - 投票统计: {'voting_method': 'majority', 'best_answer': '350', 'vote_count': 4, 'total_paths': 10, 'valid_paths': 10, 'confidence': 0.4, 'answer_distribution': {'200': 1, '1100': 3, '350': 4, '1500': 2}, 'selected_path_idx': 2}
2025-08-04 21:03:04,832 - INFO - ==================================================
2025-08-04 21:03:04,832 - INFO - 
==================================================
2025-08-04 21:03:04,833 - INFO - 样本 222: Maggie's oven is malfunctioning. When she sets it to 450 the actual temperature is 468. If it's off ...
2025-08-04 21:03:04,834 - INFO - 参考答案: The oven off by 18 degrees because 468 - 450 = <<468-450=18>>18
The oven is off by 4% because 18 / 450 x 100 = <<18/450*100=4>>4%
Therefore X + .04X = 520
Therefore 1.04X = 520
The temperature to set it is 500 because 520 / 1.04 = <<520/1.04=500>>500
#### 500
2025-08-04 21:03:04,834 - INFO - 提取参考答案: 500
2025-08-04 21:03:04,835 - INFO - 生成答案: 

Step 1:First, read the problem and identify what we need to find. We need to find the temperature that Maggie should set her oven to if her recipe calls for 520 degrees.

Step 2:Next, set up equatio...
2025-08-04 21:03:04,835 - INFO - 提取答案: 538
2025-08-04 21:03:04,836 - INFO - 投票统计: {'voting_method': 'majority', 'best_answer': '538', 'vote_count': 2, 'total_paths': 10, 'valid_paths': 10, 'confidence': 0.2, 'answer_distribution': {'538': 2, '514': 1, '500': 1, '540.8': 2, '572': 1, '542': 1, '540': 1, '578': 1}, 'selected_path_idx': 0}
2025-08-04 21:03:04,836 - INFO - ==================================================
2025-08-04 21:03:04,837 - INFO - 
==================================================
2025-08-04 21:03:04,837 - INFO - 样本 223: Calvin is making soup for his family for dinner. He has a pot with enough soup to fill four adult's ...
2025-08-04 21:03:04,838 - INFO - 参考答案: Four adult bowls equal eight children’s bowls, so each adult bowl is 8 / 4 = <<8/4=2>>2 children’s bowls.
Calvin and his wife will eat two adult bowls, so they will eat the equivalent of 2 * 2 = <<2*2=4>>4 children’s bowls.
Thus, he, his wife, and their children will eat 4 + 2 = <<4+2=6>>6 children’s bowls at dinner.
After dinner, there will be 8 - 6 = <<8-6=2>>2 children’s bowls left over.
There are 2 children, so each child will be able to eat a bowl of leftover soup for lunch 2 / 2 = <<2/2=1>>1 time.
#### 1
2025-08-04 21:03:04,839 - INFO - 提取参考答案: 1
2025-08-04 21:03:04,839 - INFO - 生成答案: 

Step 1:First, read the problem and identify what we need to find. We need to find out how many times each child can have a bowl of soup for lunch from the leftover soup.

Step 2:Next, set up equatio...
2025-08-04 21:03:04,840 - INFO - 提取答案: 2
2025-08-04 21:03:04,840 - INFO - 投票统计: {'voting_method': 'majority', 'best_answer': '2', 'vote_count': 4, 'total_paths': 10, 'valid_paths': 10, 'confidence': 0.4, 'answer_distribution': {'3': 3, '6': 3, '2': 4}, 'selected_path_idx': 3}
2025-08-04 21:03:04,841 - INFO - ==================================================
2025-08-04 21:03:04,841 - INFO - 
==================================================
2025-08-04 21:03:04,842 - INFO - 样本 224: Patty's Plumbing charges $40 to visit a house to make a repair, plus $35 per hour, or part thereof, ...
2025-08-04 21:03:04,842 - INFO - 参考答案: She charged for 3 hours.
The total cost from the hourly rate was 3*35=$<<3*35=105>>105.
She charged 40+105+60=<<40+105+60=205>>205.
#### 205
2025-08-04 21:03:04,843 - INFO - 提取参考答案: 205
2025-08-04 21:03:04,844 - INFO - 生成答案: 

Step 1:First, read the problem and identify what we need to find. We need to find the total amount Patty charged for the job.

Step 2:Next, set up equations and perform the calculations. The labor c...
2025-08-04 21:03:04,844 - INFO - 提取答案: 178.75
2025-08-04 21:03:04,845 - INFO - 投票统计: {'voting_method': 'majority', 'best_answer': '178.75', 'vote_count': 5, 'total_paths': 10, 'valid_paths': 10, 'confidence': 0.5, 'answer_distribution': {'178.25': 2, '170': 1, '178.75': 5, '205': 2}, 'selected_path_idx': 2}
2025-08-04 21:03:04,845 - INFO - ==================================================
2025-08-04 21:03:04,846 - INFO - 
==================================================
2025-08-04 21:03:04,846 - INFO - 样本 228: Cole wanted to buy new jeans for a dance contest. At the store, he couldn't decide between tattered ...
2025-08-04 21:03:04,847 - INFO - 参考答案: Cole saved $6 x 1/3 = $<<6*1/3=2>>2 on the jogger jeans.
So, he saved $6 - $2 = $<<6-2=4>>4 on the tattered jeans.
The original price of the jogger jeans is $22 + $2 = $<<22+2=24>>24.
Cole bought the tattered jeans for $<<28=28>>28
Hence, the original price of the tattered jeans is $28 + $4 = $<<28+4=32>>32.
Therefore, jogger jeans originally cost $32 - $24 = $<<32-24=8>>8 more than the tattered jeans.
#### 8
2025-08-04 21:03:04,847 - INFO - 提取参考答案: 8
2025-08-04 21:03:04,848 - INFO - 生成答案: 

Step 1:First, read the problem and identify what we need to find. We need to find the original price of the jogger jeans.

Step 2:Next, set up equations and perform the calculations. Let x be the or...
2025-08-04 21:03:04,849 - INFO - 提取答案: 6
2025-08-04 21:03:04,849 - INFO - 投票统计: {'voting_method': 'majority', 'best_answer': '6', 'vote_count': 5, 'total_paths': 10, 'valid_paths': 10, 'confidence': 0.5, 'answer_distribution': {'6': 5, '9': 1, '2': 1, '\\frac{6}{5}': 1, '8': 1, '4': 1}, 'selected_path_idx': 0}
2025-08-04 21:03:04,850 - INFO - ==================================================
2025-08-04 21:03:04,850 - INFO - 
==================================================
2025-08-04 21:03:04,851 - INFO - 样本 235: Dennis uses 1 pound of butter for every dozen croissants that he makes.  He needs to make 6 dozen cr...
2025-08-04 21:03:04,851 - INFO - 参考答案: 1 pound of butter makes 1 dozen croissants and he needs to make 6 dozen so he needs 1*6 = <<1*6=6>>6 pounds of butter
The butter is $4.00 a pound and currently on sale for buy one get one half off so every unit of 2 pounds of butter will cost 4*1.5 = $<<4*1.5=6.00>>6.00
He needs 6 pounds of butter and the current promotion is for a unit of 2 pounds of butter so he needs to buy 6/2 = <<6/2=3>>3 units worth of butter
The sale price is $6.00 per 2 pounds of butter and he needs to buy 3 units of butter so 6*3 = $<<6*3=18.00>>18.00 worth of butter
#### 18
2025-08-04 21:03:04,852 - INFO - 提取参考答案: 18
2025-08-04 21:03:04,853 - INFO - 生成答案: 

Step 1:First, read the problem and identify what we need to find. We need to find the cost of the butter that Dennis will purchase.

Step 2:Next, set up equations and perform the calculations. Since...
2025-08-04 21:03:04,853 - INFO - 提取答案: 12
2025-08-04 21:03:04,854 - INFO - 投票统计: {'voting_method': 'majority', 'best_answer': '12', 'vote_count': 5, 'total_paths': 10, 'valid_paths': 10, 'confidence': 0.5, 'answer_distribution': {'12': 5, '24': 1, '18': 2, '36': 2}, 'selected_path_idx': 0}
2025-08-04 21:03:04,854 - INFO - ==================================================
2025-08-04 21:03:04,855 - INFO - 
==================================================
2025-08-04 21:03:04,855 - INFO - 样本 244: Every day Charisma meditates for 15 minutes when she first wakes up and again before she goes to sle...
2025-08-04 21:03:04,856 - INFO - 参考答案: She meditates for 15 minutes in the morning and 15 minutes at night for a total of 15+15 = <<15+15=30>>30 minutes
She meditates 30 minutes daily so in 7 days/1 week she meditates 30*7 = <<30*7=210>>210 minutes
She meditates 210 minutes in 1 week so in 4 weeks she meditates 210*4 = <<210*4=840>>840 minutes
60 minutes are in an hour so she meditates for 840/60 = <<840/60=14>>14 hours
She practices yoga for 1 hour 5 days a week so that's 1*5 = <<1*5=5>>5 hours
Over 4 weeks she practices yoga for 4*5 = <<4*5=20>>20 hours
She spends 14 hours meditating and 20 hours practicing yoga for a total of 14+20 = <<14+20=34>>34 hours
#### 34
2025-08-04 21:03:04,857 - INFO - 提取参考答案: 34
2025-08-04 21:03:04,857 - INFO - 生成答案: 

Step 1:First, read the problem and identify what we need to find. We need to find the total time Charisma has spent on meditation and yoga practice in 4 weeks.

Step 2:Next, set up equations and per...
2025-08-04 21:03:04,858 - INFO - 提取答案: 2040
2025-08-04 21:03:04,858 - INFO - 投票统计: {'voting_method': 'majority', 'best_answer': '2040', 'vote_count': 5, 'total_paths': 10, 'valid_paths': 10, 'confidence': 0.5, 'answer_distribution': {'2040': 5, '34': 1, '1410': 1, '23.5': 1, '1320': 1, '27': 1}, 'selected_path_idx': 0}
2025-08-04 21:03:04,859 - INFO - ==================================================
2025-08-04 21:03:04,859 - INFO - 
==================================================
2025-08-04 21:03:04,860 - INFO - 样本 245: Jenny goes to the florist to buy some flowers. Roses cost $2 each and $15 for a dozen. If she bought...
2025-08-04 21:03:04,860 - INFO - 参考答案: Jenny has $25 because 5 x 5 = <<5*5=25>>25
She buys 1 dozen roses and 3 single roses because 15 - 12 - 3 = <<15-12-3=0>>0
She spends $6 on the single roses because 3 x 2 = <<3*2=6>>6
She spends $21 on roses because 15 + 6 = <<15+6=21>>21
She gets $4 in change because 25 - 21 = <<25-21=4>>4
She gets 16 quarters because 4 x 4 = <<4*4=16>>16
#### 16
2025-08-04 21:03:04,861 - INFO - 提取参考答案: 16
2025-08-04 21:03:04,861 - INFO - 生成答案: 

Step 1:First, read the problem and identify what we need to find. We need to find the number of quarters Jenny leaves with.

Step 2:Next, set up equations and perform the calculations. The cost of 1...
2025-08-04 21:03:04,862 - INFO - 提取答案: 20
2025-08-04 21:03:04,863 - INFO - 投票统计: {'voting_method': 'majority', 'best_answer': '20', 'vote_count': 5, 'total_paths': 10, 'valid_paths': 10, 'confidence': 0.5, 'answer_distribution': {'0': 2, '20': 5, '6': 1, '4': 1, '100': 1}, 'selected_path_idx': 1}
2025-08-04 21:03:04,863 - INFO - ==================================================
2025-08-04 21:03:04,864 - INFO - 
==================================================
2025-08-04 21:03:04,864 - INFO - 样本 247: Last month, Tasha made $80 from selling lemonade and mowing lawns. The first week, she mowed Kamala'...
2025-08-04 21:03:04,865 - INFO - 参考答案: At Kamala's Tasha made three times what she made mowing Joe's lawn, which gives 3 * 6 = <<3*6=18>>18 dollars
Since the lawn mowing sessions at Alba's were 5 times those at Joe's Tasha also made 5 * 6 = <<5*6=30>>30 dollars.
Adding up all the money earned from lawn mowing gives 6 + 18 + 30 = <<6+18+30=54>>54 dollars
Subtracting the lawn mowing money from the total amount gives us 80 - 54 = <<80-54=26>>26 dollars
Tasha therefore made 26 dollars selling lemonade.
#### 26
2025-08-04 21:03:04,865 - INFO - 提取参考答案: 26
2025-08-04 21:03:04,866 - INFO - 生成答案: 

Step 1:First, read the problem and identify what we need to find. We need to find the amount of money Tasha made from lemonade sales.

Step 2:Next, set up equations and perform the calculations. Let...
2025-08-04 21:03:04,867 - INFO - 提取答案: 80
2025-08-04 21:03:04,867 - INFO - 投票统计: {'voting_method': 'majority', 'best_answer': '80', 'vote_count': 2, 'total_paths': 10, 'valid_paths': 10, 'confidence': 0.2, 'answer_distribution': {'80': 2, '68': 1, '26': 1, '\\frac{460}{11}': 1, '29': 1, '-28': 1, '32': 1, '74': 1, '48': 1}, 'selected_path_idx': 0}
2025-08-04 21:03:04,868 - INFO - ==================================================
2025-08-04 21:03:04,868 - INFO - 
==================================================
2025-08-04 21:03:04,869 - INFO - 样本 249: Arnold, Madeline, Camden, and Sarah painted 56 easter eggs. Arnold and Madeline painted the same num...
2025-08-04 21:03:04,869 - INFO - 参考答案: Arnold and Madeline painted 56 - 30 = <<56-30=26>>26 easter eggs.
Arnold and Madeline each painted 26/2 = <<26/2=13>>13 easter eggs.
Sarah painted (30 - 12)/2 = 18/2 = <<(30-12)/2=9>>9 easter eggs.
Camden painted 9 + 12 = <<9+12=21>>21 easter eggs.
Camden painted 21 - 13 = <<21-13=8>>8 eggs more than Arnold.
#### 8
2025-08-04 21:03:04,870 - INFO - 提取参考答案: 8
2025-08-04 21:03:04,870 - INFO - 生成答案: 

Step 1:First, read the problem and identify what we need to find. We need to find the number of eggs that Camden painted, which is 12 more than the number of eggs that Arnold painted.

Step 2:Next, ...
2025-08-04 21:03:04,871 - INFO - 提取答案: 12
2025-08-04 21:03:04,872 - INFO - 投票统计: {'voting_method': 'majority', 'best_answer': '12', 'vote_count': 4, 'total_paths': 10, 'valid_paths': 10, 'confidence': 0.4, 'answer_distribution': {'14': 1, '-160': 1, '13': 1, '12': 4, '5': 1, '26': 1, '8': 1}, 'selected_path_idx': 3}
2025-08-04 21:03:04,872 - INFO - ==================================================
2025-08-04 21:03:04,873 - INFO - 
==================================================
2025-08-04 21:03:04,873 - INFO - 样本 250: Lauren is a cartoonist.  She can draw 5 large-sized picture scenes per day, or she can draw 6 medium...
2025-08-04 21:03:04,874 - INFO - 参考答案: At 5 small-sized picture scenes per day, 45 small-sized scenes will take 45/5 = <<45/5=9>>9 days.
At 6 medium-sized picture scenes per day, 36 medium-sized scenes will take 36/6 = <<36/6=6>>6 days.
At 7 large-sized picture scenes per day, 49 large-sized scenes will take 49/7 = <<49/7=7>>7 days.
Altogether, the entire project will take 9 + 6 +7 = <<9+6+7=22>>22 days to complete.
#### 22
2025-08-04 21:03:04,874 - INFO - 提取参考答案: 22
2025-08-04 21:03:04,875 - INFO - 生成答案: 

Step 1:First, read the problem and identify what we need to find. We need to find the number of days it will take for Lauren to create all of the picture scenes.

Step 2:Next, set up equations and p...
2025-08-04 21:03:04,875 - INFO - 提取答案: 9
2025-08-04 21:03:04,876 - INFO - 投票统计: {'voting_method': 'majority', 'best_answer': '9', 'vote_count': 5, 'total_paths': 10, 'valid_paths': 10, 'confidence': 0.5, 'answer_distribution': {'9': 5, '1': 2, '22': 2, '30': 1}, 'selected_path_idx': 0}
2025-08-04 21:03:04,877 - INFO - ==================================================
2025-08-04 21:03:04,877 - INFO - 
==================================================
2025-08-04 21:03:04,878 - INFO - 样本 267: Kenny is selling his Pokemon cards to buy a ticket to an amusement park, which costs $100. He has a ...
2025-08-04 21:03:04,878 - INFO - 参考答案: He made $150 selling the cards because 100 + 50 = <<100+50=150>>150
He sold 100 cards because 150 / 1.5 = <<150/1.5=100>>100
The cards he sold were 2/3 of his collection because 1 - (1/3) = 2/3
He started with 150 cards because 100 / (2/3) = <<100/(2/3)=150>>150
#### 150
2025-08-04 21:03:04,879 - INFO - 提取参考答案: 150
2025-08-04 21:03:04,879 - INFO - 生成答案: 

Step 1:First, read the problem and identify what we need to find. We need to find the number of cards Kenny started with.

Step 2:Next, set up equations and perform the calculations. Let's assume th...
2025-08-04 21:03:04,880 - INFO - 提取答案: 50
2025-08-04 21:03:04,881 - INFO - 投票统计: {'voting_method': 'majority', 'best_answer': '50', 'vote_count': 3, 'total_paths': 10, 'valid_paths': 10, 'confidence': 0.3, 'answer_distribution': {'58': 1, '27': 1, '50': 3, '150': 1, '9': 1, '75': 1, '33': 1, '300': 1}, 'selected_path_idx': 2}
2025-08-04 21:03:04,881 - INFO - ==================================================
2025-08-04 21:03:04,882 - INFO - 
==================================================
2025-08-04 21:03:04,882 - INFO - 样本 269: 3 customers were kicked out of the Walmart for refusing to wear masks. A number equals to four times...
2025-08-04 21:03:04,883 - INFO - 参考答案: First quadruple the number of customers kicked out for not wearing masks: 4 * 3 customers = <<4*3=12>>12 customers
Then subtract 5 from this number: 12 customers - 5 customers = 7 customers
Then triple that number to find the number of people kicked out for violence: 7 customers * 3 = <<7*3=21>>21 customers
Then subtract the number of customers kicked out for each known reason to find the number kicked out for other reasons: 50 customers - 3 customers - 21 customers - 7 customers = <<50-3-21-7=19>>19 customers
#### 19
2025-08-04 21:03:04,883 - INFO - 提取参考答案: 19
2025-08-04 21:03:04,884 - INFO - 生成答案: 

Step 1:First, read the problem and identify what we need to find. We need to find the number of people who were kicked out for other reasons.

Step 2:Next, set up equations and perform the calculati...
2025-08-04 21:03:04,885 - INFO - 提取答案: 8
2025-08-04 21:03:04,885 - INFO - 投票统计: {'voting_method': 'majority', 'best_answer': '8', 'vote_count': 2, 'total_paths': 10, 'valid_paths': 10, 'confidence': 0.2, 'answer_distribution': {'25': 1, '8': 2, '19': 1, '2': 2, '40': 1, '4': 2, '22': 1}, 'selected_path_idx': 1}
2025-08-04 21:03:04,886 - INFO - ==================================================
2025-08-04 21:03:04,886 - INFO - 
==================================================
2025-08-04 21:03:04,887 - INFO - 样本 276: Erica made 20 Valentine's cards to pass out.  Her dad brought her 2 boxes of pre-made Valentine's ca...
2025-08-04 21:03:04,887 - INFO - 参考答案: Her dad gave her 2 boxes of 15 cards so 2*15 = <<2*15=30>>30
She made 20, was given 30 and received 17 so 20+30+17 = <<20+30+17=67>>67 cards
She passed out 24 and gave 5 cards to family and friends so she gave away 24+5 = <<24+5=29>>29 cards
She had 67 cards and gave away 29 cards so 67-29 = <<67-29=38>>38 cards left
#### 38
2025-08-04 21:03:04,888 - INFO - 提取参考答案: 38
2025-08-04 21:03:04,888 - INFO - 生成答案: 

Step 1:First, read the problem and identify what we need to find. We need to find the number of Valentine's Day cards Erica now has.

Step 2:Next, set up equations and perform the calculations. Eric...
2025-08-04 21:03:04,889 - INFO - 提取答案: 43
2025-08-04 21:03:04,890 - INFO - 投票统计: {'voting_method': 'majority', 'best_answer': '43', 'vote_count': 8, 'total_paths': 10, 'valid_paths': 10, 'confidence': 0.8, 'answer_distribution': {'38': 2, '43': 8}, 'selected_path_idx': 2}
2025-08-04 21:03:04,890 - INFO - ==================================================
2025-08-04 21:03:04,891 - INFO - 
==================================================
2025-08-04 21:03:04,891 - INFO - 样本 278: If Marcy works for the same company for 40 years, she gets an annual pension of $50,000/year. Starti...
2025-08-04 21:03:04,892 - INFO - 参考答案: First find how many years Marcy works after 20 years: 30 years - 20 years = <<30-20=10>>10 years
Then multiply that number by the amount of her pension she gets per year: 10 years * 5% = 50%
Then multiply that percentage by the total amount of the full pension to find how much she gets: $50,000 * 50% = $<<50000*50*.01=25000>>25,000
#### 25000
2025-08-04 21:03:04,892 - INFO - 提取参考答案: 25000
2025-08-04 21:03:04,893 - INFO - 生成答案: 

Step 1:First, read the problem and identify what we need to find. We need to find Marcy's annual pension after quitting the company after 30 years.

Step 2:Next, set up equations and perform the cal...
2025-08-04 21:03:04,893 - INFO - 提取答案: 100000
2025-08-04 21:03:04,894 - INFO - 投票统计: {'voting_method': 'majority', 'best_answer': '100000', 'vote_count': 1, 'total_paths': 10, 'valid_paths': 10, 'confidence': 0.1, 'answer_distribution': {'100000': 1, '1002250': 1, '4052.25': 1, '662.65': 1, '50000+50000*0.95^10': 1, '54072.25': 1, '85145': 1, '54072.50': 1, '1525000': 1, '131136.25': 1}, 'selected_path_idx': 0}
2025-08-04 21:03:04,895 - INFO - ==================================================
2025-08-04 21:03:04,895 - INFO - 
==================================================
2025-08-04 21:03:04,896 - INFO - 样本 293: Elly is organizing her books on the new bookcases her parents bought her. Each of the middle 2 shelv...
2025-08-04 21:03:04,896 - INFO - 参考答案: The bottom shelf can hold 2 * 10 = <<2*10=20>>20 books.
The 2 middle shelves can hold a total of 2 * 10 = <<2*10=20>>20 books.
The top shelf can hold 20 – 5 = <<20-5=15>>15 books.
Each bookcase can hold a total of 20 books + 20 books + 15 books = <<20+20+15=55>>55 books.
To hold all of her books, she needs 110 / 55 = <<110/55=2>>2 bookcases.
#### 2
2025-08-04 21:03:04,897 - INFO - 提取参考答案: 2
2025-08-04 21:03:04,898 - INFO - 生成答案: 

Step 1:First, read the problem and identify what we need to find. We need to find the number of bookcases Elly needs to hold all of her books.

Step 2:Next, set up equations and perform the calculat...
2025-08-04 21:03:04,898 - INFO - 提取答案: 3
2025-08-04 21:03:04,899 - INFO - 投票统计: {'voting_method': 'majority', 'best_answer': '3', 'vote_count': 4, 'total_paths': 10, 'valid_paths': 10, 'confidence': 0.4, 'answer_distribution': {'10': 1, '3': 4, '4': 2, '5': 1, '110': 2}, 'selected_path_idx': 1}
2025-08-04 21:03:04,899 - INFO - ==================================================
2025-08-04 21:03:04,900 - INFO - 
==================================================
2025-08-04 21:03:04,901 - INFO - 样本 296: Andy's car fuel efficiency is 10 MPG (miles per gallon). If the current price for regular gas is $3/...
2025-08-04 21:03:04,901 - INFO - 参考答案: Between Monday to Friday there are 5 days
If the one-way distance between his home and office is 5 miles the total round trip distance Andy drives daily is 5*2 = <<5*2=10>>10 miles
That means he drives a total of 10 miles * 5 days = <<10*5=50>>50 miles per week
If his car's fuel efficiency is 10 MPG, then his car is consuming a total of 50 miles / 10 MPG = <<50/10=5>>5 gallons of gas each week
Given that each gallon of gas costs $3, then his car is consuming 5 * $3 = $<<5*3=15>>15 worth of gas each week
#### 15
2025-08-04 21:03:04,902 - INFO - 提取参考答案: 15
2025-08-04 21:03:04,902 - INFO - 生成答案: 

Step 1:First, read the problem and identify what we need to find. We need to find out how much money Andy's car is consuming per week.

Step 2:Next, set up equations and perform the calculations. Si...
2025-08-04 21:03:04,903 - INFO - 提取答案: 7.50
2025-08-04 21:03:04,904 - INFO - 投票统计: {'voting_method': 'majority', 'best_answer': '7.50', 'vote_count': 5, 'total_paths': 10, 'valid_paths': 10, 'confidence': 0.5, 'answer_distribution': {'15': 4, '7.50': 5, '1.5': 1}, 'selected_path_idx': 1}
2025-08-04 21:03:04,904 - INFO - ==================================================
2025-08-04 21:03:04,905 - INFO - 
==================================================
2025-08-04 21:03:04,905 - INFO - 样本 304: Tara bought 8 packs of 5 canvas bags for $4 each. She painted them and sold them at a craft fair for...
2025-08-04 21:03:04,906 - INFO - 参考答案: The total number of bags is 8*5 = <<8*5=40>>40
The cost of the 40 bags is 40*4 = <<40*4=160>>160
Tara sold the 40 bags at 8 each earning her 40*8 = <<40*8=320>>320
Her profit was 320-160 = <<320-160=160>>160
#### 160
2025-08-04 21:03:04,907 - INFO - 提取参考答案: 160
2025-08-04 21:03:04,907 - INFO - 生成答案: 

Step 1:First, read the problem and identify what we need to find. We need to find the profit Tara earned on her bags.

Step 2:Next, set up equations and perform the calculations. The total cost of t...
2025-08-04 21:03:04,908 - INFO - 提取答案: 32
2025-08-04 21:03:04,908 - INFO - 投票统计: {'voting_method': 'majority', 'best_answer': '32', 'vote_count': 6, 'total_paths': 10, 'valid_paths': 10, 'confidence': 0.6, 'answer_distribution': {'32': 6, '288': 1, '160': 3}, 'selected_path_idx': 0}
2025-08-04 21:03:04,909 - INFO - ==================================================
2025-08-04 21:03:04,910 - INFO - 
==================================================
2025-08-04 21:03:04,910 - INFO - 样本 310: Sara wants to buy herself a new jacket and 2 pairs of shoes. The jacket she wants costs $30 and each...
2025-08-04 21:03:04,911 - INFO - 参考答案: Both pairs of shoes will cost a total of 2 * $20 = $<<2*20=40>>40.
Sara will need to save a total of $30 + $40 = $<<30+40=70>>70 to buy everything that she wants.
Sara has earned 4 * $5 = $<<4*5=20>>20 from babysitting.
Between her savings and the babysitting, Sara has already saved $10 + $20 = $<<10+20=30>>30.
Sara needs to earn an additional $70 - $30 = $<<70-30=40>>40 from mowing the lawn to afford her clothes.
Sara must mow the lawn $40 / $4 = <<40/4=10>>10 times to afford to buy the jacket and shoes.
#### 10
2025-08-04 21:03:04,911 - INFO - 提取参考答案: 10
2025-08-04 21:03:04,912 - INFO - 生成答案: 

Step 1:First, read the problem and identify what we need to find. We need to find the number of times Sara must mow the lawn before she can afford the jacket and shoes.

Step 2:Next, set up equation...
2025-08-04 21:03:04,912 - INFO - 提取答案: 15
2025-08-04 21:03:04,913 - INFO - 投票统计: {'voting_method': 'majority', 'best_answer': '15', 'vote_count': 7, 'total_paths': 10, 'valid_paths': 10, 'confidence': 0.7, 'answer_distribution': {'15': 7, '10': 2, '3': 1}, 'selected_path_idx': 0}
2025-08-04 21:03:04,913 - INFO - ==================================================
2025-08-04 21:03:04,914 - INFO - 
==================================================
2025-08-04 21:03:04,915 - INFO - 样本 314: Ben bought a car for $20000 in 2007. The price of the car depreciates at a constant rate of 21% per ...
2025-08-04 21:03:04,915 - INFO - 参考答案: The price of the car depreciates of 20000 * 21% = $<<20000*21*.01=4200>>4200 per year.
Ben had the car for 2010 - 2007 = <<2010-2007=3>>3 years.
The price of the car depreciates 4200 * 3 = $<<4200*3=12600>>12600 from 2007 to 2010.
So the price of the car in the year 2010 is $20000 - $12600 = $<<20000-12600=7400>>7400.
#### 7400
2025-08-04 21:03:04,916 - INFO - 提取参考答案: 7400
2025-08-04 21:03:04,916 - INFO - 生成答案: 

Step 1:First, read the problem and identify what we need to find. We need to find the price of the car in the year 2010.

Step 2:Next, set up equations and perform the calculations. The price of the...
2025-08-04 21:03:04,917 - INFO - 提取答案: 9804
2025-08-04 21:03:04,917 - INFO - 投票统计: {'voting_method': 'majority', 'best_answer': '9804', 'vote_count': 2, 'total_paths': 10, 'valid_paths': 10, 'confidence': 0.2, 'answer_distribution': {'9804': 2, '9888': 1, '10240': 1, '9820': 1, '9799.42': 1, '10000': 1, '9800.2': 1, '9816.4': 1, '9792': 1}, 'selected_path_idx': 0}
2025-08-04 21:03:04,918 - INFO - ==================================================
2025-08-04 21:03:04,919 - INFO - 
==================================================
2025-08-04 21:03:04,919 - INFO - 样本 317: At the trip to the county-level scavenger hunt competition, 90 people were required to split into gr...
2025-08-04 21:03:04,920 - INFO - 参考答案: Since the total number of people at the competition was 90, they formed 90/9=<<90/9=10>>10 groups after splitting into 9-person groups.
If 3/5 of the number of groups each had members bringing back 2 seashells each, then 3/5*10=<<3/5*10=6>>6 groups had members bringing back 2 seashells.
Since each group had 9 people, the number of people in the 6 groups, who found 2 seashells each, was 6*9= <<6*9=54>>54.
The total number of seashells the 54 people brought is 54*2=<<54*2=108>>108 seashells.
#### 108
2025-08-04 21:03:04,920 - INFO - 提取参考答案: 108
2025-08-04 21:03:04,921 - INFO - 生成答案: 

Step 1:First, read the problem and identify what we need to find. We need to find the number of seashells that the groups brought back.

Step 2:Next, set up equations and perform the calculations. S...
2025-08-04 21:03:04,921 - INFO - 提取答案: 12
2025-08-04 21:03:04,922 - INFO - 投票统计: {'voting_method': 'majority', 'best_answer': '12', 'vote_count': 8, 'total_paths': 10, 'valid_paths': 10, 'confidence': 0.8, 'answer_distribution': {'972': 1, '108': 1, '12': 8}, 'selected_path_idx': 2}
2025-08-04 21:03:04,922 - INFO - ==================================================
2025-08-04 21:03:04,923 - INFO - 
==================================================
2025-08-04 21:03:04,924 - INFO - 样本 320: Ava and Emma want to know who is better at the new video game Ava got for her birthday. They are eac...
2025-08-04 21:03:04,924 - INFO - 参考答案: For jumping on enemies, Emma earns 8 * 10 = <<8*10=80>>80 fewer points than Ava.
For collecting berries, Emma earns 3 * 5 = <<3*5=15>>15 fewer points than Ava.
For finishing the level faster, Emma earns 4 * 30 = <<4*30=120>>120 more points than Ava.
Overall, Emma has 120 – 80 - 15 = <<120-80-15=25>>25 more points than Ava.
#### 25
2025-08-04 21:03:04,925 - INFO - 提取参考答案: 25
2025-08-04 21:03:04,925 - INFO - 生成答案: 

Step 1:First, read the problem and identify what we need to find. We need to find the difference between Ava's score and Emma's score.

Step 2:Next, set up equations and perform the calculations. Le...
2025-08-04 21:03:04,926 - INFO - 提取答案: 40
2025-08-04 21:03:04,926 - INFO - 投票统计: {'voting_method': 'majority', 'best_answer': '40', 'vote_count': 1, 'total_paths': 10, 'valid_paths': 10, 'confidence': 0.1, 'answer_distribution': {'40': 1, '215': 1, '20': 1, '80': 1, '30': 1, '122.6': 1, '10pointsforeacheneyshejupson,andshejupson8oreeneiesthanEa': 1, '75': 1, '-25': 1, '65': 1}, 'selected_path_idx': 0}
2025-08-04 21:03:04,927 - INFO - ==================================================
2025-08-04 21:03:04,927 - INFO - 
==================================================
2025-08-04 21:03:04,928 - INFO - 样本 327: Sasha and Julie are best friends playing on opposing basketball teams. The teams have two practice g...
2025-08-04 21:03:04,929 - INFO - 参考答案: In the first game, Sasha scored 14 points, and Julie scored four fewer points: 14-4 = <<14-4=10>>10 points.
In the second game, Sasha scored 6 points fewer than Julie's score in the first game, meaning she scored 10-6=<<10-6=4>>4 points.
Sasha scored 10+4=<<10+4=14>>14 points in the two games.
#### 14
2025-08-04 21:03:04,929 - INFO - 提取参考答案: 14
2025-08-04 21:03:04,930 - INFO - 生成答案: 

Step 1:First, read the problem and identify what we need to find. We need to find the total number of points Sasha scored during both games.

Step 2:Next, set up equations and perform the calculatio...
2025-08-04 21:03:04,930 - INFO - 提取答案: 18
2025-08-04 21:03:04,931 - INFO - 投票统计: {'voting_method': 'majority', 'best_answer': '18', 'vote_count': 10, 'total_paths': 10, 'valid_paths': 10, 'confidence': 1.0, 'answer_distribution': {'18': 10}, 'selected_path_idx': 0}
2025-08-04 21:03:04,931 - INFO - ==================================================
2025-08-04 21:03:04,932 - INFO - 
==================================================
2025-08-04 21:03:04,932 - INFO - 样本 328: Christina is planning a birthday party and needs .75 gift bags per invited guest, because 1/4 of att...
2025-08-04 21:03:04,933 - INFO - 参考答案: She needs 12 gift bags because 16 x .75 = <<16*.75=12>>12
She will spend $24 because 12 x 2 = <<12*2=24>>24
#### 24
2025-08-04 21:03:04,933 - INFO - 提取参考答案: 24
2025-08-04 21:03:04,934 - INFO - 生成答案: 

Step 1:First, read the problem and identify what we need to find. We need to find the total amount of money Christina will spend on gift bags.

Step 2:Next, set up equations and perform the calculat...
2025-08-04 21:03:04,935 - INFO - 提取答案: 18
2025-08-04 21:03:04,935 - INFO - 投票统计: {'voting_method': 'majority', 'best_answer': '18', 'vote_count': 7, 'total_paths': 10, 'valid_paths': 10, 'confidence': 0.7, 'answer_distribution': {'18': 7, '24': 3}, 'selected_path_idx': 0}
2025-08-04 21:03:04,936 - INFO - ==================================================
2025-08-04 21:03:04,936 - INFO - 
==================================================
2025-08-04 21:03:04,937 - INFO - 样本 329: Mrs. Tatiana owns a grocery store that sells different fruits and vegetables, which includes carrots...
2025-08-04 21:03:04,937 - INFO - 参考答案: In the first year, the price of carrots increases by 5/100*120 = $<<5/100*120=6>>6
After 3 years, the price of carrots will increase by $6*3 = $<<6*3=18>>18
The total price of carrots after three years will be 120+18 = $<<120+18=138>>138
#### 138
2025-08-04 21:03:04,938 - INFO - 提取参考答案: 138
2025-08-04 21:03:04,939 - INFO - 生成答案: 

Step 1:First, read the problem and identify what we need to find. We need to find the price of carrots after three years.

Step 2:Next, set up equations and perform the calculations. The initial pri...
2025-08-04 21:03:04,939 - INFO - 提取答案: 139
2025-08-04 21:03:04,940 - INFO - 投票统计: {'voting_method': 'majority', 'best_answer': '139', 'vote_count': 10, 'total_paths': 10, 'valid_paths': 10, 'confidence': 1.0, 'answer_distribution': {'139': 10}, 'selected_path_idx': 0}
2025-08-04 21:03:04,940 - INFO - ==================================================
2025-08-04 21:03:04,941 - INFO - 
==================================================
2025-08-04 21:03:04,941 - INFO - 样本 331: Jessica makes $2,000.00 a month.  She sets 25% of her paycheck aside to put towards fancy shoes.  Ea...
2025-08-04 21:03:04,942 - INFO - 参考答案: She is paid $2,000.00 a month and she saves 25% for shoes so she saves 2000*.25 = $<<2000*.25=500.00>>500.00
She saves $500.00 a month for 12 months so she saves 500*12 = $<<500*12=6000.00>>6,000.00
Each pair of shoes costs $1,000.00 and she has saved $6,000.00 so she can buy 6000/1000 = 6 pair of shoes per year
#### 6
2025-08-04 21:03:04,942 - INFO - 提取参考答案: 6
2025-08-04 21:03:04,943 - INFO - 生成答案: 

Step 1:First, read the problem and identify what we need to find. We need to find the number of shoes Jessica can buy in a year.

Step 2:Next, set up equations and perform the calculations. Jessica'...
2025-08-04 21:03:04,943 - INFO - 提取答案: 18
2025-08-04 21:03:04,944 - INFO - 投票统计: {'voting_method': 'majority', 'best_answer': '18', 'vote_count': 6, 'total_paths': 10, 'valid_paths': 10, 'confidence': 0.6, 'answer_distribution': {'18': 6, '18000': 1, '6': 2, '12': 1}, 'selected_path_idx': 0}
2025-08-04 21:03:04,945 - INFO - ==================================================
2025-08-04 21:03:04,945 - INFO - 
==================================================
2025-08-04 21:03:04,946 - INFO - 样本 335: The Llesis family drove and hiked 6 hours to their vacation spot. They drove an average of 50 miles ...
2025-08-04 21:03:04,947 - INFO - 参考答案: Half the average speed of Llesis family driving is 50/2 = <<50/2=25>>25 miles per hour.
Hence, their average speed hiking was 25 - 5 = <<25-5=20>>20 miles per hour.
So, they hiked 20 x 1.5 = <<20*1.5=30>>30 miles.
It took them a total of 6 - 1.5 = <<6-1.5=4.5>>4.5 hours driving.
So, they drove 50 x 4.5 = <<50*4.5=225>>225 miles.
Therefore, their vacation spot was 30 + 225 = <<30+225=255>>255 miles far.
#### 255
2025-08-04 21:03:04,948 - INFO - 提取参考答案: 255
2025-08-04 21:03:04,948 - INFO - 生成答案: 

Step 1:First, read the problem and identify what we need to find. We need to find the distance to their vacation spot.

Step 2:Next, set up equations and perform the calculations. Let's say their sp...
2025-08-04 21:03:04,949 - INFO - 提取答案: 225
2025-08-04 21:03:04,950 - INFO - 投票统计: {'voting_method': 'majority', 'best_answer': '225', 'vote_count': 3, 'total_paths': 10, 'valid_paths': 10, 'confidence': 0.3, 'answer_distribution': {'45': 1, '225': 3, '75': 1, '48': 1, '350': 1, '405': 1, '96': 1, '195': 1}, 'selected_path_idx': 1}
2025-08-04 21:03:04,950 - INFO - ==================================================
2025-08-04 21:03:04,951 - INFO - 
==================================================
2025-08-04 21:03:04,951 - INFO - 样本 338: Cedar Falls Middle School has students in grades 4 – 7 and each year they are challenged to earn as ...
2025-08-04 21:03:04,952 - INFO - 参考答案: There are 4 grades in the middle school x 10 students = <<4*10=40>>40 students who get to try the escape room.
There will be 40 students / 8 students in a group = <<40/8=5>>5 groups who get to try the escape room.
It will take 5 groups x 45 minutes = <<5*45=225>>225 minutes.
#### 225
2025-08-04 21:03:04,952 - INFO - 提取参考答案: 225
2025-08-04 21:03:04,953 - INFO - 生成答案: 

Step 1:First, read the problem and identify what we need to find. We need to find the total time it will take for all students to try the escape room.

Step 2:Next, set up equations and perform the ...
2025-08-04 21:03:04,953 - INFO - 提取答案: 180
2025-08-04 21:03:04,954 - INFO - 投票统计: {'voting_method': 'majority', 'best_answer': '180', 'vote_count': 6, 'total_paths': 10, 'valid_paths': 10, 'confidence': 0.6, 'answer_distribution': {'90': 1, '180': 6, '450': 1, '225': 2}, 'selected_path_idx': 1}
2025-08-04 21:03:04,955 - INFO - ==================================================
2025-08-04 21:03:04,955 - INFO - 
==================================================
2025-08-04 21:03:04,956 - INFO - 样本 345: 9 out of 10 cheerleaders are 64" tall.  The 10th cheerleader is 60" tall.  If they build a human pyr...
2025-08-04 21:03:04,956 - INFO - 参考答案: All but one cheerleader is 64" tall and these cheerleaders make up the bottom 3 layers of the pyramid. So, when standing on top of each other, they are 64*3 = <<64*3=192>>192" tall
The shortest cheerleader is at the top of the pyramid and is 60" tall so the pyramid is 192+60 = <<252=252>>252" tall
12" are in 1 foot and the pyramid is 252" tall so it's 252/12 = <<252/12=21>>21 feet tall
#### 21
2025-08-04 21:03:04,957 - INFO - 提取参考答案: 21
2025-08-04 21:03:04,957 - INFO - 生成答案: 

Step 1:First, read the problem and identify what we need to find. We need to find the height of the human pyramid in feet.

Step 2:Next, set up equations and perform the calculations. The average he...
2025-08-04 21:03:04,958 - INFO - 提取答案: 48
2025-08-04 21:03:04,959 - INFO - 投票统计: {'voting_method': 'majority', 'best_answer': '48', 'vote_count': 3, 'total_paths': 10, 'valid_paths': 10, 'confidence': 0.3, 'answer_distribution': {'48': 3, '98': 1, '57.5': 1, '48.58': 1, '58': 1, '58.5': 1, '48.3': 1, '14.26': 1}, 'selected_path_idx': 0}
2025-08-04 21:03:04,959 - INFO - ==================================================
2025-08-04 21:03:04,960 - INFO - 
==================================================
2025-08-04 21:03:04,960 - INFO - 样本 346: Last night Rick killed ten wolves and 15 cougars while hunting. Today Rick killed three times as man...
2025-08-04 21:03:04,961 - INFO - 参考答案: The total number of animals that Rick killed while hunting yesterday is 15+10 = <<15+10=25>>25
Today, Rick killed three fewer cougars than the previous night, a total of 15-3 = <<15-3=12>>12 cougars.
He also killed three times as many wolves as cougars today, a total of 3*12 = <<3*12=36>>36 wolves.
Together, his hunt today yielded 36+12 = <<36+12=48>>48 animals.
In total, he has 48+25 = <<48+25=73>>73 animals from the hunt.
#### 73
2025-08-04 21:03:04,961 - INFO - 提取参考答案: 73
2025-08-04 21:03:04,962 - INFO - 生成答案: 

Step 1:First, read the problem and identify what we need to find. We need to find the total number of animals Rick killed.

Step 2:Next, set up equations and perform the calculations. Let's denote t...
2025-08-04 21:03:04,962 - INFO - 提取答案: 82
2025-08-04 21:03:04,963 - INFO - 投票统计: {'voting_method': 'majority', 'best_answer': '82', 'vote_count': 3, 'total_paths': 10, 'valid_paths': 10, 'confidence': 0.3, 'answer_distribution': {'82': 3, '48': 1, '38': 1, '61': 2, '73': 3}, 'selected_path_idx': 0}
2025-08-04 21:03:04,964 - INFO - ==================================================
2025-08-04 21:03:04,964 - INFO - 
==================================================
2025-08-04 21:03:04,965 - INFO - 样本 349: Three people divided an amount of $1920. The second took $80 more than the first and the third took ...
2025-08-04 21:03:04,965 - INFO - 参考答案: Let X be the amount of what the first took.
The second took X+<<+80=80>>80.
The third took (X+80)*2.
The total amount X + (X+80) + (X+80)*2 = 1920.
X + X + 80 + 2*X + 80*2 = 1920
X*4 + 240 = 1920.
X*4 = 1680.
X = <<420=420>>420.
#### 420
2025-08-04 21:03:04,966 - INFO - 提取参考答案: 420
2025-08-04 21:03:04,966 - INFO - 生成答案: 

Step 1:First, read the problem and identify what we need to find. We need to find the share of the first person.

Step 2:Next, set up equations and perform the calculations. Let's assume that the sh...
2025-08-04 21:03:04,967 - INFO - 提取答案: 400
2025-08-04 21:03:04,967 - INFO - 投票统计: {'voting_method': 'majority', 'best_answer': '400', 'vote_count': 5, 'total_paths': 10, 'valid_paths': 10, 'confidence': 0.5, 'answer_distribution': {'400': 5, '420': 4, '560': 1}, 'selected_path_idx': 0}
2025-08-04 21:03:04,968 - INFO - ==================================================
2025-08-04 21:03:04,969 - INFO - 
==================================================
2025-08-04 21:03:04,970 - INFO - 样本 353: While walking down the street with his 3 younger siblings, Greg found $20. To be fair to his sibling...
2025-08-04 21:03:04,970 - INFO - 参考答案: Greg and his 3 siblings equal 3 people + 1 person = <<3+1=4>>4 people.
The 20 dollars were divided equally, so each of them received $20 / 4 people = <<20/4=5>>5 dollars/person
#### 5
2025-08-04 21:03:04,971 - INFO - 提取参考答案: 5
2025-08-04 21:03:04,971 - INFO - 生成答案: 

Step 1:First, read the problem and identify what we need to find. We need to find the amount of money each of Greg's siblings will get.

Step 2:Next, set up equations and perform the calculations. T...
2025-08-04 21:03:04,972 - INFO - 提取答案: 6.67
2025-08-04 21:03:04,972 - INFO - 投票统计: {'voting_method': 'majority', 'best_answer': '6.67', 'vote_count': 4, 'total_paths': 10, 'valid_paths': 10, 'confidence': 0.4, 'answer_distribution': {'6.67': 4, '5': 4, '6': 1, '\\frac{20}{3}': 1}, 'selected_path_idx': 0}
2025-08-04 21:03:04,973 - INFO - ==================================================
2025-08-04 21:03:04,974 - INFO - 
==================================================
2025-08-04 21:03:04,974 - INFO - 样本 358: Blake and Kelly are having a contest to see who can run the most in 15 minutes. They decide to do it...
2025-08-04 21:03:04,975 - INFO - 参考答案: Blake runs 200 yards for each back and forth because 100 x 2 = 200
He runs 3000 yards in total because 200 x 15 = <<200*15=3000>>3000
Kelly runs 200 yards at first because 100 x 2 = <<100*2=200>>200
She runs 80 yards each time she does a back and forth to the 40-yard line because 40 x 2 = <<40*2=80>>80
She runs 2720 from these back and forth because 34 x 80 = <<34*80=2720>>2720
She runs 2920 in total because 2720 + 200 = <<2720+200=2920>>2920
Blake won because 3000 > 2920
The winner ran 80 yards more than the loser because 3000 - 2920 = <<3000-2920=80>>80
#### 80
2025-08-04 21:03:04,975 - INFO - 提取参考答案: 80
2025-08-04 21:03:04,976 - INFO - 生成答案: 

Step 1:First, read the problem and identify what we need to find. We need to find out how much farther the winner runs than the loser.

Step 2:Next, set up equations and perform the calculations. Bl...
2025-08-04 21:03:04,976 - INFO - 提取答案: 280
2025-08-04 21:03:04,977 - INFO - 投票统计: {'voting_method': 'majority', 'best_answer': '280', 'vote_count': 4, 'total_paths': 10, 'valid_paths': 10, 'confidence': 0.4, 'answer_distribution': {'540': 1, '280': 4, '3120': 1, '2690': 1, '4620': 1, '1080': 2}, 'selected_path_idx': 1}
2025-08-04 21:03:04,978 - INFO - ==================================================
2025-08-04 21:03:04,978 - INFO - 
==================================================
2025-08-04 21:03:04,979 - INFO - 样本 360: Thomas withdraws $1000 in 20 dollar bills from the bank account.  He loses 10 bills while getting ho...
2025-08-04 21:03:04,979 - INFO - 参考答案: He withdrew 1000/20=<<1000/20=50>>50 bills
So he has 50-10=<<50-10=40>>40 bills left over
He uses half the bills to pay for something, so he has 40/2=<<40/2=20>>20 bills
He triples his money which gives him 20*3=<<20*3=60>>60 bills
So he has 60*20=$<<60*20=1200>>1200
Converting to 5s means he has 1200/5=<<1200/5=240>>240 bills
#### 240
2025-08-04 21:03:04,980 - INFO - 提取参考答案: 240
2025-08-04 21:03:04,980 - INFO - 生成答案: 

Step 1:First, read the problem and identify what we need to find. We need to find the number of 5 dollar bills Thomas has.

Step 2:Next, set up equations and perform the calculations. Thomas withdra...
2025-08-04 21:03:04,981 - INFO - 提取答案: 12
2025-08-04 21:03:04,981 - INFO - 投票统计: {'voting_method': 'majority', 'best_answer': '12', 'vote_count': 10, 'total_paths': 10, 'valid_paths': 10, 'confidence': 1.0, 'answer_distribution': {'12': 10}, 'selected_path_idx': 0}
2025-08-04 21:03:04,982 - INFO - ==================================================
2025-08-04 21:03:04,983 - INFO - 
==================================================
2025-08-04 21:03:04,983 - INFO - 样本 370: Solo has to read 4 pages from his Science textbook, 20 pages from his Social Studies textbook, 7 pag...
2025-08-04 21:03:04,984 - INFO - 参考答案: Solo has to read a total of 4 + 20 + 7 + 8 = <<4+20+7+8=39>>39 pages.
After Monday, he had a remainder of 39 - 15 = <<39-15=24>>24 pages to read.
To complete his reading, he must read 24/4 = <<24/4=6>>6 pages a day.
#### 6
2025-08-04 21:03:04,984 - INFO - 提取参考答案: 6
2025-08-04 21:03:04,985 - INFO - 生成答案: 

Step 1:First, read the problem and identify what we need to find. We need to find the average number of pages Solo needs to read in one day.

Step 2:Next, set up equations and perform the calculatio...
2025-08-04 21:03:04,985 - INFO - 提取答案: 9.75
2025-08-04 21:03:04,986 - INFO - 投票统计: {'voting_method': 'majority', 'best_answer': '9.75', 'vote_count': 5, 'total_paths': 10, 'valid_paths': 10, 'confidence': 0.5, 'answer_distribution': {'9.75': 5, '6': 5}, 'selected_path_idx': 0}
2025-08-04 21:03:04,987 - INFO - ==================================================
2025-08-04 21:03:04,987 - INFO - 
==================================================
2025-08-04 21:03:04,988 - INFO - 样本 382: Debra is monitoring a beehive to see how many bees come and go in a day. She sees 30 bees leave the ...
2025-08-04 21:03:04,988 - INFO - 参考答案: Debra first sees 30 bees leave the hive, then sees 1/2 that many return, 30 x 1/2 = <<30*1/2=15>>15 bees that return and 15 bees that are still away from the hive.
Debra sees twice as many bees as first left the hive--which was 30--fly from the hive in the next 6 hours, 30 x 2 = <<30*2=60>>60 bees that leave the hive.
In total, 30 + 60 = <<30+60=90>>90 bees left the hive.
There were 90 bees total that left the hive - 15 bees that already returned = <<90-15=75>>75 bees that return to the hive in the last 6 hours of the day.
#### 75
2025-08-04 21:03:04,989 - INFO - 提取参考答案: 75
2025-08-04 21:03:04,989 - INFO - 生成答案: 

Step 1:First, read the problem and identify what we need to find. We need to find the number of bees that returned to the hive in the last 6 hours of the day.

Step 2:Next, set up equations and perf...
2025-08-04 21:03:04,990 - INFO - 提取答案: 45
2025-08-04 21:03:04,991 - INFO - 投票统计: {'voting_method': 'majority', 'best_answer': '45', 'vote_count': 5, 'total_paths': 10, 'valid_paths': 10, 'confidence': 0.5, 'answer_distribution': {'30': 1, '15': 2, '45': 5, '60': 1, '75': 1}, 'selected_path_idx': 2}
2025-08-04 21:03:04,991 - INFO - ==================================================
2025-08-04 21:03:04,992 - INFO - 
==================================================
2025-08-04 21:03:04,992 - INFO - 样本 386: The ice cream parlor was offering a deal, buy 2 scoops of ice cream, get 1 scoop free.  Each scoop c...
2025-08-04 21:03:04,993 - INFO - 参考答案: Each scoop cost $1.50. If she buys 2, she gets one free. So it will cost her 2 * 1.50 = $<<2*1.50=3.00>>3.00 for thee scoops total.
If you break it down, 3 scoops of ice cream cost $3.00 so 3/3 = $<<3/3=1.00>>1.00 per scoop
Erin has $6.00 and each scoop ends up costing $1.00 each then 6/1 = <<6/1=6>>6 scoops total
#### 6
2025-08-04 21:03:04,993 - INFO - 提取参考答案: 6
2025-08-04 21:03:04,994 - INFO - 生成答案: 

Step 1:First, read the problem and identify what we need to find. We need to find the number of scoops of ice cream Erin should buy.

Step 2:Next, set up equations and perform the calculations. Erin...
2025-08-04 21:03:04,995 - INFO - 提取答案: 4
2025-08-04 21:03:04,995 - INFO - 投票统计: {'voting_method': 'majority', 'best_answer': '4', 'vote_count': 5, 'total_paths': 10, 'valid_paths': 10, 'confidence': 0.5, 'answer_distribution': {'4': 5, '3': 1, '8': 1, '2': 2, '5': 1}, 'selected_path_idx': 0}
2025-08-04 21:03:04,996 - INFO - ==================================================
2025-08-04 21:03:04,996 - INFO - 
==================================================
2025-08-04 21:03:04,997 - INFO - 样本 391: Jordan wanted to surprise her mom with a homemade birthday cake.  From reading the instructions, she...
2025-08-04 21:03:04,997 - INFO - 参考答案: 1 hour is 60 minutes so we know that 2 hours to cool the cake is the same as 2*60 so <<2*60=120>>120 min
It will take Jordan 20 min to make the batter, 30 to bake, 120 to cool and 10 to frost so the cake will take 20 +30 +120 +10 = <<20+30+120+10=180>>180 minutes total
Jordan needs to convert 180 minutes to hours so 180/60 = <<180/60=3>>3 hours
If the cake needs to be finished by 5:00 pm and it will take 3 hours total to make then 5-3 = <<5-3=2>>2:00 pm is the latest she can start making the cake
#### 2
2025-08-04 21:03:04,998 - INFO - 提取参考答案: 2
2025-08-04 21:03:04,998 - INFO - 生成答案: 

Step 1:First, read the problem and identify what we need to find. We need to find the latest time of day that Jordan can start making the cake to be ready to serve it at 5:00 pm.

Step 2:Next, set u...
2025-08-04 21:03:04,999 - INFO - 提取答案: 2:00p
2025-08-04 21:03:05,000 - INFO - 投票统计: {'voting_method': 'majority', 'best_answer': '2:00p', 'vote_count': 8, 'total_paths': 10, 'valid_paths': 10, 'confidence': 0.8, 'answer_distribution': {'2:00p': 8, '2': 1, '2:00': 1}, 'selected_path_idx': 0}
2025-08-04 21:03:05,000 - INFO - ==================================================
2025-08-04 21:03:05,001 - INFO - 
==================================================
2025-08-04 21:03:05,001 - INFO - 样本 396: Sadie slept 8 hours on Monday. For the next two days, she slept 2 hours less, each, because she had ...
2025-08-04 21:03:05,002 - INFO - 参考答案: If on Monday she slept 8 hours, then she slept 8-2 = <<8-2=6>>6 hours on each of the next two days.
The total number of hours slept for the two days will be 6*2 = <<6*2=12>>12 hours.
If she slept 1 hour more for the rest of the week each day, then each day she slept 6+1 = <<6+1=7>>7 hours.
The total for the rest of the week will be 4*7 = <<4*7=28>>28 hours.
The total number of hours slept for the whole week will be 8+12+28 = <<8+12+28=48>>48 hours.
#### 48
2025-08-04 21:03:05,002 - INFO - 提取参考答案: 48
2025-08-04 21:03:05,003 - INFO - 生成答案: 

Step 1:First, read the problem and identify what we need to find. We need to find the total number of hours Sadie slept throughout the week.

Step 2:Next, set up equations and perform the calculatio...
2025-08-04 21:03:05,004 - INFO - 提取答案: 55
2025-08-04 21:03:05,004 - INFO - 投票统计: {'voting_method': 'majority', 'best_answer': '55', 'vote_count': 4, 'total_paths': 10, 'valid_paths': 10, 'confidence': 0.4, 'answer_distribution': {'55': 4, '29': 1, '27': 1, '40': 3, '33': 1}, 'selected_path_idx': 0}
2025-08-04 21:03:05,005 - INFO - ==================================================
2025-08-04 21:03:05,005 - INFO - 
==================================================
2025-08-04 21:03:05,006 - INFO - 样本 399: Ronnie was given $5 while Rissa was given thrice as much. After each of them had given an equal amou...
2025-08-04 21:03:05,006 - INFO - 参考答案: Rissa was given $5 x 3 = $<<5*3=15>>15.
After Rissa had given an amount to her sister, she has $15 x 4/5 = $<<15*4/5=12>>12 left.
This means she has given $15 - $12 = $<<15-12=3>>3.
Since Ronnie had given the same amount as Rissa, then Ronnie is left with $5 - $3 = $<<5-3=2>>2.
#### 2
2025-08-04 21:03:05,007 - INFO - 提取参考答案: 2
2025-08-04 21:03:05,008 - INFO - 生成答案: 

Step 1:First, read the problem and identify what we need to find. We need to find the amount of money left in Ronnie's hands.

Step 2:Next, set up equations and perform the calculations. Let's assum...
2025-08-04 21:03:05,008 - INFO - 提取答案: 3
2025-08-04 21:03:05,009 - INFO - 投票统计: {'voting_method': 'majority', 'best_answer': '3', 'vote_count': 2, 'total_paths': 10, 'valid_paths': 10, 'confidence': 0.2, 'answer_distribution': {'3': 2, '2x/3': 1, '3.5': 1, '4x/5': 1, '2.5': 1, '4/5x': 1, '2': 1, '5': 2}, 'selected_path_idx': 0}
2025-08-04 21:03:05,009 - INFO - ==================================================
2025-08-04 21:03:05,010 - INFO - 
==================================================
2025-08-04 21:03:05,010 - INFO - 样本 406: Susan orders 3 magazines that send 12 issues a year.  She has 1 magazine that sends 6 issues a year....
2025-08-04 21:03:05,011 - INFO - 参考答案: She has 3 magazines that send 12 issues so that’s 3*12 = <<3*12=36>>36 issues
Her last magazine sends her 4 times the amount of the 6 issue magazine so that’s 4*6 = <<4*6=24>>24 issues
All total she receives 36+24+6 = <<36+24+6=66>>66 magazine issues a year
#### 66
2025-08-04 21:03:05,011 - INFO - 提取参考答案: 66
2025-08-04 21:03:05,012 - INFO - 生成答案: 

Step 1:First, read the problem and identify what we need to find. We need to find the total number of magazines Susan receives every year.

Step 2:Next, set up equations and perform the calculations...
2025-08-04 21:03:05,013 - INFO - 提取答案: 5
2025-08-04 21:03:05,013 - INFO - 投票统计: {'voting_method': 'majority', 'best_answer': '5', 'vote_count': 3, 'total_paths': 10, 'valid_paths': 10, 'confidence': 0.3, 'answer_distribution': {'3': 2, '5': 3, '37': 1, '72': 1, '42': 2, '7': 1}, 'selected_path_idx': 1}
2025-08-04 21:03:05,014 - INFO - ==================================================
2025-08-04 21:03:05,014 - INFO - 
==================================================
2025-08-04 21:03:05,015 - INFO - 样本 417: An interior design firm offers installation for $129.00.  It includes hanging 4 mirrors, 2 shelves, ...
2025-08-04 21:03:05,015 - INFO - 参考答案: The service includes 4 mirrors and she has 6 so that's 6-4 = <<6-4=2>>2 extra mirrors
An additional item is an extra $15.00 so that's 2*15 = $30.00
The service includes 1 chandelier and she has 2 so that's 2-1 = 1 extra chandelier
An additional item is an extra $15.00 so that's 1*15 = $<<1*15=15.00>>15.00
The service includes 10 pictures and she has 20 to that's 20-10 = <<20-10=10>>10 extra pictures
An additional item is an extra $15.00 so that's 10*15 = $<<10*15=150.00>>150.00
The service costs $129.00 and the extra mirrors are $30.00, the chandelier is $15.00 and the pictures are $150.00 for a total of 129+30+15+150 = $<<129+30+15+150=324.00>>324.00
#### 324
2025-08-04 21:03:05,016 - INFO - 提取参考答案: 324
2025-08-04 21:03:05,017 - INFO - 生成答案: 

Step 1:First, read the problem and identify what we need to find. We need to find the total cost of installing the items for Angela.

Step 2:Next, set up equations and perform the calculations. The ...
2025-08-04 21:03:05,017 - INFO - 提取答案: 549
2025-08-04 21:03:05,018 - INFO - 投票统计: {'voting_method': 'majority', 'best_answer': '549', 'vote_count': 8, 'total_paths': 10, 'valid_paths': 10, 'confidence': 0.8, 'answer_distribution': {'549': 8, '474': 1, '579': 1}, 'selected_path_idx': 0}
2025-08-04 21:03:05,018 - INFO - ==================================================
2025-08-04 21:03:05,019 - INFO - 
==================================================
2025-08-04 21:03:05,019 - INFO - 样本 424: Theo has $6000 he wishes to spend on his upcoming business trip to South Africa. He buys 6 business ...
2025-08-04 21:03:05,020 - INFO - 参考答案: Theo buys business suits for 6 suits * $100/suit = $<<6*100=600>>600.
Theo buys suitcases for 3 suitcases * $50/suitcase = $<<3*50=150>>150.
Theo buys a flight ticket that costs $700 + 5 * $100 = $<<700+5*100=1200>>1200.
Theo can spend $6000 - $600 - $150 - $1200 - $2000 = $<<6000-600-150-1200-2000=2050>>2050 on gifts for his friends.
#### 2050
2025-08-04 21:03:05,021 - INFO - 提取参考答案: 2050
2025-08-04 21:03:05,021 - INFO - 生成答案: 

Step 1:First, read the problem and identify what we need to find. We need to find the amount that Theo has to spend on buying gifts for his business partners in South Africa.

Step 2:Next, set up eq...
2025-08-04 21:03:05,022 - INFO - 提取答案: 1950
2025-08-04 21:03:05,022 - INFO - 投票统计: {'voting_method': 'majority', 'best_answer': '1950', 'vote_count': 3, 'total_paths': 10, 'valid_paths': 10, 'confidence': 0.3, 'answer_distribution': {'2350': 2, '2050': 2, '1000': 1, '1050': 1, '1950': 3, '2550': 1}, 'selected_path_idx': 4}
2025-08-04 21:03:05,023 - INFO - ==================================================
2025-08-04 21:03:05,023 - INFO - 
==================================================
2025-08-04 21:03:05,024 - INFO - 样本 425: While at the dollar store, Sloane counts 100 customers entering the store. The next day, she counts ...
2025-08-04 21:03:05,024 - INFO - 参考答案: On the second day, she counted 100+50 = <<100+50=150>>150 customers.
The total for the first two days is 150+100 = <<150+100=250>>250 customers.
If the total count for three days was 500, she counted 500-250 = <<500-250=250>>250 customers on the third day.
#### 250
2025-08-04 21:03:05,025 - INFO - 提取参考答案: 250
2025-08-04 21:03:05,026 - INFO - 生成答案: 

Step 1:First, read the problem and identify what we need to find. We need to find the number of customers Sloane counted on the third day.

Step 2:Next, set up equations and perform the calculations...
2025-08-04 21:03:05,026 - INFO - 提取答案: 500
2025-08-04 21:03:05,027 - INFO - 投票统计: {'voting_method': 'majority', 'best_answer': '500', 'vote_count': 2, 'total_paths': 10, 'valid_paths': 10, 'confidence': 0.2, 'answer_distribution': {'275': 1, '116': 1, '350': 1, '184': 1, '500': 2, '233': 1, '166': 1, '216': 1, '48': 1}, 'selected_path_idx': 4}
2025-08-04 21:03:05,027 - INFO - ==================================================
2025-08-04 21:03:05,028 - INFO - 
==================================================
2025-08-04 21:03:05,028 - INFO - 样本 432: Emil is 19 years old now. When he turns 24, he will be half the age of his dad but twice as old as h...
2025-08-04 21:03:05,029 - INFO - 参考答案: His dad will be 24 x 2 = <<24*2=48>>48 years old when Emil is 24.
His brother will be 24 / 2 = <<24/2=12>>12 years old then.
Emil will turn 24 in 24 - 19 = <<24-19=5>>5 years.
The age of his father now is 48 - 5= <<48-5=43>>43.
His brother is 12 - 5 = <<12-5=7>>7 years old right now.
The sum of his dad's and his brother's ages now is 43 + 7 = <<43+7=50>>50.
#### 50
2025-08-04 21:03:05,029 - INFO - 提取参考答案: 50
2025-08-04 21:03:05,030 - INFO - 生成答案: 

Step 1:First, read the problem and identify what we need to find. We need to find the sum of the ages of Emil's dad and his brother now.

Step 2:Next, set up equations and perform the calculations. ...
2025-08-04 21:03:05,031 - INFO - 提取答案: 60
2025-08-04 21:03:05,031 - INFO - 投票统计: {'voting_method': 'majority', 'best_answer': '60', 'vote_count': 5, 'total_paths': 10, 'valid_paths': 10, 'confidence': 0.5, 'answer_distribution': {'60': 5, '27': 1, '67': 1, '50': 1, '62': 1, '91': 1}, 'selected_path_idx': 0}
2025-08-04 21:03:05,032 - INFO - ==================================================
2025-08-04 21:03:05,032 - INFO - 
==================================================
2025-08-04 21:03:05,033 - INFO - 样本 440: John plans to sell all his toys and use the money to buy video games. He has 13 lego sets and he sel...
2025-08-04 21:03:05,033 - INFO - 参考答案: He spent $160 on video games because 8 x 20 = <<8*20=160>>160
He earned $165 from his sale because 160 + 5 = <<160+5=165>>165
He sold 11 lego sets because 11 x 15 = <<11*15=165>>165
He has 2 sets left because 13 - 11 = <<13-11=2>>2
#### 2
2025-08-04 21:03:05,034 - INFO - 提取参考答案: 2
2025-08-04 21:03:05,035 - INFO - 生成答案: 

Step 1:First, read the problem and identify what we need to find. We need to find the number of lego sets John still has.

Step 2:Next, set up equations and perform the calculations. John sells 13 l...
2025-08-04 21:03:05,035 - INFO - 提取答案: 11
2025-08-04 21:03:05,036 - INFO - 投票统计: {'voting_method': 'majority', 'best_answer': '11', 'vote_count': 3, 'total_paths': 10, 'valid_paths': 10, 'confidence': 0.3, 'answer_distribution': {'11': 3, '0': 2, '-62': 1, '2': 1, '10': 1, '48': 2}, 'selected_path_idx': 0}
2025-08-04 21:03:05,036 - INFO - ==================================================
2025-08-04 21:03:05,037 - INFO - 
==================================================
2025-08-04 21:03:05,037 - INFO - 样本 442: Brinley is in Mr. Bert's math class. Mr. Bert gives six tests each semester. He allows the students ...
2025-08-04 21:03:05,038 - INFO - 参考答案: First, identify the lowest score, which is 71, and remove it.
Since Brinley wants a score of 93, we know her total score needs to be 93 (average) * 5 (tests) = <<93*5=465>>465 points
So far, Brinley has earned 89 + 92 +100 + 86 = <<89+92+100+86=367>>367 points
The final test must be 465 - 367 = <<465-367=98>>98 points.
#### 98
2025-08-04 21:03:05,038 - INFO - 提取参考答案: 98
2025-08-04 21:03:05,039 - INFO - 生成答案: 

Step 1:First, read the problem and identify what we need to find. We need to find the score that Brinley needs on the sixth test to get an average of 93.

Step 2:Next, set up equations and perform t...
2025-08-04 21:03:05,040 - INFO - 提取答案: 120
2025-08-04 21:03:05,040 - INFO - 投票统计: {'voting_method': 'majority', 'best_answer': '120', 'vote_count': 6, 'total_paths': 10, 'valid_paths': 10, 'confidence': 0.6, 'answer_distribution': {'120': 6, '206': 1, '98': 1, '191': 2}, 'selected_path_idx': 0}
2025-08-04 21:03:05,041 - INFO - ==================================================
2025-08-04 21:03:05,041 - INFO - 
==================================================
2025-08-04 21:03:05,042 - INFO - 样本 446: Ruiz can make 120 pounds of chocolates in two hours. Marissa makes 3/4 times as many pounds of choco...
2025-08-04 21:03:05,042 - INFO - 参考答案: Merissa makes 3/4 * 120 pounds = <<3/4*120=90>>90 pounds of chocolate in an hour.
Ruiz makes 120 pounds of chocolate in two hours; this means she makes 120 pounds / 2 hours = <<120/2=60>>60 pounds of chocolate in an hour.
If they worked for 12 hours, Ruiz made 12 hours * 60 pounds/hour = <<12*60=720>>720 pounds of chocolate while
Marissa made 90 pounds/hour * 12 hours = <<90*12=1080>>1080 pounds of chocolate
The combined amount of pounds of chocolate they both ate is 1080 pounds + 720 pounds = <<1080+720=1800>>1800 pounds of chocolate
#### 1800
2025-08-04 21:03:05,043 - INFO - 提取参考答案: 1800
2025-08-04 21:03:05,043 - INFO - 生成答案: 

Step 1:First, read the problem and identify what we need to find. We need to find the total amount of chocolate pounds they made together.

Step 2:Next, set up equations and perform the calculations...
2025-08-04 21:03:05,044 - INFO - 提取答案: 1260
2025-08-04 21:03:05,045 - INFO - 投票统计: {'voting_method': 'majority', 'best_answer': '1260', 'vote_count': 10, 'total_paths': 10, 'valid_paths': 10, 'confidence': 1.0, 'answer_distribution': {'1260': 10}, 'selected_path_idx': 0}
2025-08-04 21:03:05,045 - INFO - ==================================================
2025-08-04 21:03:05,046 - INFO - 
==================================================
2025-08-04 21:03:05,046 - INFO - 样本 453: Johnny's dad brought him to watch some horse racing and his dad bet money. On the first race, he los...
2025-08-04 21:03:05,047 - INFO - 参考答案: On the second race he won $11 because 1+ 5 x 2 = <<1+5*2=11>>11
On the third race he lost $15 because 10 x 1.5 = <<10*1.5=15>>15
He lost a total of $20 on the first and third races because 15 + 5 = <<15+5=20>>20

He lost $9 that day because 11 - 20 = <<11-20=-9>>-9
He lost an average of $3 per race because 9 / 3 = <<9/3=3>>3
#### 3
2025-08-04 21:03:05,047 - INFO - 提取参考答案: 3
2025-08-04 21:03:05,048 - INFO - 生成答案: 

Step 1:First, read the problem and identify what we need to find. We need to find the average amount of money lost by Johnny's dad that day.

Step 2:Next, set up equations and perform the calculatio...
2025-08-04 21:03:05,049 - INFO - 提取答案: 7.17
2025-08-04 21:03:05,049 - INFO - 投票统计: {'voting_method': 'majority', 'best_answer': '7.17', 'vote_count': 6, 'total_paths': 10, 'valid_paths': 10, 'confidence': 0.6, 'answer_distribution': {'8': 1, '7.17': 6, '4.67': 1, '1.5x+0.8333': 1, '10.83': 1}, 'selected_path_idx': 1}
2025-08-04 21:03:05,050 - INFO - ==================================================
2025-08-04 21:03:05,050 - INFO - 
==================================================
2025-08-04 21:03:05,051 - INFO - 样本 456: Chase and Rider can ride their bikes thrice a day for 5 days; but on two other days, they ride twice...
2025-08-04 21:03:05,051 - INFO - 参考答案: Each person rides his bike 3 x 5 = <<3*5=15>>15 times for 5 days.
Together, they ride 15+15 = <<15+15=30>>30 times for five days.
Each person rides his bike 3 x 2 = <<3*2=6>>6 times for every day of the other two days.
This means each person rides 6*2 = <<6*2=12>>12 times on each day of the other two days.
The total for the other two days is 12+12 = <<12+12=24>>24
For the whole week the together ride 24+30 = <<24+30=54>>54 times
#### 54
2025-08-04 21:03:05,052 - INFO - 提取参考答案: 54
2025-08-04 21:03:05,052 - INFO - 生成答案: 

Step 1:First, read the problem and identify what we need to find. We need to find the total number of times Chase and Rider ride their bikes a week.

Step 2:Next, set up equations and perform the ca...
2025-08-04 21:03:05,053 - INFO - 提取答案: 27
2025-08-04 21:03:05,053 - INFO - 投票统计: {'voting_method': 'majority', 'best_answer': '27', 'vote_count': 6, 'total_paths': 10, 'valid_paths': 10, 'confidence': 0.6, 'answer_distribution': {'18': 1, '19': 1, '27': 6, '13': 1, '84': 1}, 'selected_path_idx': 2}
2025-08-04 21:03:05,054 - INFO - ==================================================
2025-08-04 21:03:05,055 - INFO - 
==================================================
2025-08-04 21:03:05,055 - INFO - 样本 460: John visits his parents twice a month.  It takes him 2 hours to drive there at a speed of 70 mph.  C...
2025-08-04 21:03:05,056 - INFO - 参考答案: His parents live 70*2=<<70*2=140>>140 miles away
So he drives 140*2=<<140*2=280>>280 miles a round trip
280*2 = <<280*2=560>>560 miles a month
#### 560
2025-08-04 21:03:05,056 - INFO - 提取参考答案: 560
2025-08-04 21:03:05,057 - INFO - 生成答案: 

Step 1:First, read the problem and identify what we need to find. We need to find the total number of miles John drives in a month when visiting his parents.

Step 2:Next, set up equations and perfo...
2025-08-04 21:03:05,057 - INFO - 提取答案: 280
2025-08-04 21:03:05,058 - INFO - 投票统计: {'voting_method': 'majority', 'best_answer': '280', 'vote_count': 8, 'total_paths': 10, 'valid_paths': 10, 'confidence': 0.8, 'answer_distribution': {'280': 8, '560': 2}, 'selected_path_idx': 0}
2025-08-04 21:03:05,059 - INFO - ==================================================
2025-08-04 21:03:05,059 - INFO - 
==================================================
2025-08-04 21:03:05,060 - INFO - 样本 470: A team of 4 painters worked on a mansion for 3/8ths of a day every day for 3 weeks. How many hours o...
2025-08-04 21:03:05,060 - INFO - 参考答案: There are 24 hours in a day so 3/8ths of a day is (3/8)*24 = <<3/8*24=9>>9 hours
One week has 7 days so 3 weeks have 7*3 = <<7*3=21>>21 days
Each painter put in 9*21 = <<9*21=189>>189 hours of work
#### 189
2025-08-04 21:03:05,061 - INFO - 提取参考答案: 189
2025-08-04 21:03:05,061 - INFO - 生成答案: 

Step 1:First, read the problem and identify what we need to find. We need to find the number of hours of work each painter put in.

Step 2:Next, set up equations and perform the calculations. There ...
2025-08-04 21:03:05,062 - INFO - 提取答案: 47.25
2025-08-04 21:03:05,063 - INFO - 投票统计: {'voting_method': 'majority', 'best_answer': '47.25', 'vote_count': 3, 'total_paths': 10, 'valid_paths': 10, 'confidence': 0.3, 'answer_distribution': {'2.53125': 1, '189': 1, '6.75': 1, '47.25': 3, '1.96875': 2, '15.75': 1, '4.5': 1}, 'selected_path_idx': 3}
2025-08-04 21:03:05,063 - INFO - ==================================================
2025-08-04 21:03:05,064 - INFO - 
==================================================
2025-08-04 21:03:05,064 - INFO - 样本 474: Carla is downloading a 200 GB file. Normally she can download 2 GB/minute, but 40% of the way throug...
2025-08-04 21:03:05,065 - INFO - 参考答案: First find how many gigabytes are in 40% of the file: 200 GB * 40% = <<200*40*.01=80>>80 GB
Then divide that number by the download rate to find the time until Windows restarts: 80 GB / 2 GB/minute = <<80/2=40>>40 minutes
Then find the time to download the whole file after the restart: 200 GB / 2 GB/minute = <<200/2=100>>100 minutes
Then add the time to download 40% of the file, to download the whole file, and to wait for Windows to update: 40 minutes + 100 minutes + 20 minutes = <<40+100+20=160>>160 minutes
#### 160
2025-08-04 21:03:05,065 - INFO - 提取参考答案: 160
2025-08-04 21:03:05,066 - INFO - 生成答案: 

Step 1:First, read the problem and identify what we need to find. We need to find the total time it takes to download the file.

Step 2:Next, set up equations and perform the calculations. The first...
2025-08-04 21:03:05,066 - INFO - 提取答案: 120
2025-08-04 21:03:05,067 - INFO - 投票统计: {'voting_method': 'majority', 'best_answer': '120', 'vote_count': 3, 'total_paths': 10, 'valid_paths': 10, 'confidence': 0.3, 'answer_distribution': {'80': 1, '120': 3, 'Infinity': 1, '220': 2, '100': 3}, 'selected_path_idx': 1}
2025-08-04 21:03:05,068 - INFO - ==================================================
2025-08-04 21:03:05,068 - INFO - 
==================================================
2025-08-04 21:03:05,069 - INFO - 样本 478: It is approximately 1955 kilometers from San Diego, California to New York City, New York. If Bernic...
2025-08-04 21:03:05,069 - INFO - 参考答案: 325 * 4 = <<325*4=1300>>1300 km
1955 - 1300 = <<1955-1300=655>>655 km
Bernice will still have 655 kilometers to travel.
#### 655
2025-08-04 21:03:05,070 - INFO - 提取参考答案: 655
2025-08-04 21:03:05,070 - INFO - 生成答案: 

Step 1:First, read the problem and identify what we need to find. We need to find the number of kilometers Bernice still needs to drive.

Step 2:Next, set up equations and perform the calculations. ...
2025-08-04 21:03:05,071 - INFO - 提取答案: 1630
2025-08-04 21:03:05,071 - INFO - 投票统计: {'voting_method': 'majority', 'best_answer': '1630', 'vote_count': 7, 'total_paths': 10, 'valid_paths': 10, 'confidence': 0.7, 'answer_distribution': {'1630': 7, '25': 1, '16': 1, '406.25': 1}, 'selected_path_idx': 0}
2025-08-04 21:03:05,072 - INFO - ==================================================
2025-08-04 21:03:05,073 - INFO - 
==================================================
2025-08-04 21:03:05,073 - INFO - 样本 485: The book is printed on paper that, when stacked, is 100 pages to the inch. Each paper is printed on ...
2025-08-04 21:03:05,074 - INFO - 参考答案: There are 1.5*100=<<1.5*100=150>>150 pieces of paper.
Then there are 150*2=<<150*2=300>>300 pages.
#### 300
2025-08-04 21:03:05,074 - INFO - 提取参考答案: 300
2025-08-04 21:03:05,075 - INFO - 生成答案: 

Step 1:First, read the problem and identify what we need to find. We need to find the number of pages in the book.

Step 2:Next, set up equations and perform the calculations. Since the book is 1.5 ...
2025-08-04 21:03:05,076 - INFO - 提取答案: 3
2025-08-04 21:03:05,076 - INFO - 投票统计: {'voting_method': 'majority', 'best_answer': '3', 'vote_count': 3, 'total_paths': 10, 'valid_paths': 10, 'confidence': 0.3, 'answer_distribution': {'3': 3, '300': 2, '150': 3, '6': 1, '30': 1}, 'selected_path_idx': 0}
2025-08-04 21:03:05,077 - INFO - ==================================================
2025-08-04 21:03:05,077 - INFO - 
==================================================
2025-08-04 21:03:05,078 - INFO - 样本 492: Paul is at a train station and is waiting for his train. He isn't sure how long he needs to wait, bu...
2025-08-04 21:03:05,079 - INFO - 参考答案: The first train stays in the station for 10 minutes * 2 = <<10*2=20>>20 minutes.
So Paul waits for the first train for 20 + 10 = <<20+10=30>>30 minutes.
The second train arrives after half an hour, which is the same as 60 minutes / 2 = <<60/2=30>>30 minutes.
It then stays in the station for a quarter of the time the first train did which is 20 minutes / 4 = <<20/4=5>>5 minutes.
So Paul waits for the second train for 30 + 5 = <<30+5=35>>35 minutes.
The third train arrives an hour later, which is the same as 60 minutes * 1 hour = <<60*1=60>>60 minutes.
After the final wait, Paul has waited a total of 30 minutes for the first train + 35 minutes for the second train + 60 minutes for the third train + 20 minutes final wait = <<30+35+60+20=145>>145 minutes.
#### 145
2025-08-04 21:03:05,079 - INFO - 提取参考答案: 145
2025-08-04 21:03:05,080 - INFO - 生成答案: 

Step 1:First, read the problem and identify what we need to find. We need to find the total time Paul will wait for his train.

Step 2:Next, set up equations and perform the calculations. The first ...
2025-08-04 21:03:05,080 - INFO - 提取答案: 135
2025-08-04 21:03:05,081 - INFO - 投票统计: {'voting_method': 'majority', 'best_answer': '135', 'vote_count': 2, 'total_paths': 10, 'valid_paths': 10, 'confidence': 0.2, 'answer_distribution': {'135': 2, '95.5': 2, '21.833': 1, '80': 1, '65': 1, '95': 1, '115': 2}, 'selected_path_idx': 0}
2025-08-04 21:03:05,081 - INFO - ==================================================
2025-08-04 21:03:05,082 - INFO - 
==================================================
2025-08-04 21:03:05,082 - INFO - 样本 494: Jen decides to travel to 3 different countries.  He has to pay $400 for the supplies he needs, in to...
2025-08-04 21:03:05,083 - INFO - 参考答案: He pays 400*.5=$<<400*.5=200>>200 more for tickets than supplies
That means the tickets cost 400+200=$<<400+200=600>>600
So it cost 600+400=$<<600+400=1000>>1000 in total.
#### 1000
2025-08-04 21:03:05,084 - INFO - 提取参考答案: 1000
2025-08-04 21:03:05,084 - INFO - 生成答案: 

Step 1:First, read the problem and identify what we need to find. We need to find the cost of the travel tickets.

Step 2:Next, set up equations and perform the calculations. The cost of the supplie...
2025-08-04 21:03:05,085 - INFO - 提取答案: 600
2025-08-04 21:03:05,085 - INFO - 投票统计: {'voting_method': 'majority', 'best_answer': '600', 'vote_count': 8, 'total_paths': 10, 'valid_paths': 10, 'confidence': 0.8, 'answer_distribution': {'600': 8, '1000': 2}, 'selected_path_idx': 0}
2025-08-04 21:03:05,086 - INFO - ==================================================
2025-08-04 21:03:05,086 - INFO - 
==================================================
2025-08-04 21:03:05,087 - INFO - 样本 502: Cars have lined up on the motorway. Some of the cars drive through in the first 15 minutes of the tr...
2025-08-04 21:03:05,087 - INFO - 参考答案: The cars that exited do not need to be included so there were 30 original cars – 5 cars that exited = <<30-5=25>>25 cars that drove through the traffic jam.
Most of the cars exited in the final 15 minutes so in the first 15 minutes, there must have been 25 total cars – 20 cars that drove through in the final 15 minutes = 5 cars that drove through the traffic jam.
#### 5
2025-08-04 21:03:05,088 - INFO - 提取参考答案: 5
2025-08-04 21:03:05,089 - INFO - 生成答案: 

Step 1:First, read the problem and identify what we need to find. We need to find the number of cars that drove through the traffic jam in the first 15 minutes.

Step 2:Next, set up equations and pe...
2025-08-04 21:03:05,089 - INFO - 提取答案: 10
2025-08-04 21:03:05,090 - INFO - 投票统计: {'voting_method': 'majority', 'best_answer': '10', 'vote_count': 4, 'total_paths': 10, 'valid_paths': 10, 'confidence': 0.4, 'answer_distribution': {'10': 4, '5': 4, '15': 2}, 'selected_path_idx': 0}
2025-08-04 21:03:05,090 - INFO - ==================================================
2025-08-04 21:03:05,091 - INFO - 
==================================================
2025-08-04 21:03:05,091 - INFO - 样本 504: The Adams family is busy making cookies. So far, they've made 7995 cookies. They have 2595 rainbow c...
2025-08-04 21:03:05,092 - INFO - 参考答案: The total number of pieces of rainbow and oatmeal cookies is 2595 + 3075 = <<2595+3075=5670>>5670.
Therefore, they made 7995 - 5670 = <<7995-5670=2325>>2325 chocolate chip cookies.
#### 2325
2025-08-04 21:03:05,092 - INFO - 提取参考答案: 2325
2025-08-04 21:03:05,093 - INFO - 生成答案: 

Step 1:First, read the problem and identify what we need to find. We need to find the number of chocolate chip cookies the Adams family made.

Step 2:Next, set up equations and perform the calculati...
2025-08-04 21:03:05,094 - INFO - 提取答案: 2330
2025-08-04 21:03:05,094 - INFO - 投票统计: {'voting_method': 'majority', 'best_answer': '2330', 'vote_count': 6, 'total_paths': 10, 'valid_paths': 10, 'confidence': 0.6, 'answer_distribution': {'2330': 6, '2325': 3, '2345': 1}, 'selected_path_idx': 0}
2025-08-04 21:03:05,095 - INFO - ==================================================
2025-08-04 21:03:05,095 - INFO - 
==================================================
2025-08-04 21:03:05,096 - INFO - 样本 521: A simple folding newspaper or tabloid can be made by folding a piece of paper vertically and unfoldi...
2025-08-04 21:03:05,096 - INFO - 参考答案: Each piece prints 4 pages.
Then 32/4=<<32/4=8>>8 pieces of paper would be used.
#### 8
2025-08-04 21:03:05,097 - INFO - 提取参考答案: 8
2025-08-04 21:03:05,098 - INFO - 生成答案: 

Step 1:First, read the problem and identify what we need to find. We need to find the total number of pieces of paper used to make a 32-page tabloid.

Step 2:Next, set up equations and perform the c...
2025-08-04 21:03:05,098 - INFO - 提取答案: 64
2025-08-04 21:03:05,099 - INFO - 投票统计: {'voting_method': 'majority', 'best_answer': '64', 'vote_count': 4, 'total_paths': 10, 'valid_paths': 10, 'confidence': 0.4, 'answer_distribution': {'64': 4, '112': 1, '32': 2, '63': 2, '16': 1}, 'selected_path_idx': 0}
2025-08-04 21:03:05,099 - INFO - ==================================================
2025-08-04 21:03:05,100 - INFO - 
==================================================
2025-08-04 21:03:05,100 - INFO - 样本 531: A company pays each of its employees $600 in a month. The company has a policy of increasing the sal...
2025-08-04 21:03:05,101 - INFO - 参考答案: In a month, Sylvie earns $600. which totals $600/month * 12 months/year = $7200 in a year.
Sylvie earnings will increase by 10/100 * $7200/year = $<<10/100*7200=720>>720/year after 5 years.
In three years, the total increase in her salary will be 3 years * $720/year = $<<3*720=2160>>2160
After three years, Sylvie will be paid $7200 + $2160 = $<<7200+2160=9360>>9360
#### 9360
2025-08-04 21:03:05,102 - INFO - 提取参考答案: 9360
2025-08-04 21:03:05,102 - INFO - 生成答案: 

Step 1:First, read the problem and identify what we need to find. We need to find Sylvie's annual salary after three more years of service.

Step 2:Next, set up equations and perform the calculation...
2025-08-04 21:03:05,103 - INFO - 提取答案: 48
2025-08-04 21:03:05,103 - INFO - 投票统计: {'voting_method': 'majority', 'best_answer': '48', 'vote_count': 2, 'total_paths': 10, 'valid_paths': 10, 'confidence': 0.2, 'answer_distribution': {'878.6': 1, '1062.9366': 1, '10800': 1, '48': 2, '1062.93': 2, '966.306': 1, '1062.936': 1, '726': 1}, 'selected_path_idx': 3}
2025-08-04 21:03:05,104 - INFO - ==================================================
2025-08-04 21:03:05,104 - INFO - 
==================================================
2025-08-04 21:03:05,105 - INFO - 样本 542: An airport has only 2 planes that fly multiple times a day. Each day, the first plane goes to Greece...
2025-08-04 21:03:05,105 - INFO - 参考答案: The second plane flies half as much as the first, so the first plane makes 44 flights * 2 = <<44*2=88>>88 flights a day.
If 3/4 of the first plane’s flights are to Greece, then flights to France or Germany make up 1 – 3/4 = 1/4 of the total daily flights.
Therefore, 88 daily flights / 4 = <<88/4=22>>22 flights to France or Germany.
Splitting these flights equally means the first plane makes 22 flights / 2 = <<22/2=11>>11 flights to France in one day.
#### 11
2025-08-04 21:03:05,106 - INFO - 提取参考答案: 11
2025-08-04 21:03:05,107 - INFO - 生成答案: 

Step 1:First, read the problem and identify what we need to find. We need to find the number of flights the first plane takes to France in one day.

Step 2:Next, set up equations and perform the cal...
2025-08-04 21:03:05,107 - INFO - 提取答案: 22
2025-08-04 21:03:05,108 - INFO - 投票统计: {'voting_method': 'majority', 'best_answer': '22', 'vote_count': 5, 'total_paths': 10, 'valid_paths': 10, 'confidence': 0.5, 'answer_distribution': {'22': 5, '66': 1, '11': 2, '32': 1, '29': 1}, 'selected_path_idx': 0}
2025-08-04 21:03:05,108 - INFO - ==================================================
2025-08-04 21:03:05,109 - INFO - 
==================================================
2025-08-04 21:03:05,109 - INFO - 样本 544: There are 10 quarts of tea left from the party. Four students each drank 1.5 quarts of tea and 16 st...
2025-08-04 21:03:05,110 - INFO - 参考答案: 4 students drank 1.5 quarts = 4 * 1.5 = <<4*1.5=6>>6 quarts
16 students drank 2 quarts = 16 * 2 = <<16*2=32>>32 quarts
Students drank 6 + 32 quarts = <<6+32=38>>38 quarts
Students + tea left = 38 + 10 quarts = <<38+10=48>>48 quarts
48 quarts = 12 gallons
The party started with 12 gallons of tea.
#### 12
2025-08-04 21:03:05,110 - INFO - 提取参考答案: 12
2025-08-04 21:03:05,111 - INFO - 生成答案: 

Step 1:First, read the problem and identify what we need to find. We need to find the total amount of tea that was at the beginning of the party.

Step 2:Next, set up equations and perform the calcu...
2025-08-04 21:03:05,112 - INFO - 提取答案: 48
2025-08-04 21:03:05,112 - INFO - 投票统计: {'voting_method': 'majority', 'best_answer': '48', 'vote_count': 5, 'total_paths': 10, 'valid_paths': 10, 'confidence': 0.5, 'answer_distribution': {'48': 5, '12': 3, '19.5': 1, '80': 1}, 'selected_path_idx': 0}
2025-08-04 21:03:05,113 - INFO - ==================================================
2025-08-04 21:03:05,113 - INFO - 
==================================================
2025-08-04 21:03:05,114 - INFO - 样本 559: James buys a plane.  The plane cost $150,000.  He pays $5000 a month to rent a hanger to keep it in....
2025-08-04 21:03:05,114 - INFO - 参考答案: The fuel cost 5000*2=$<<5000*2=10000>>10000 per month
With the hanger that means he pays 10000+5000=$<<10000+5000=15000>>15,000 per month
So he spends 12*15000=$<<12*15000=180000>>180,000 a year
That means the total cost was 150,000+180,000=$<<150000+180000=330000>>330,000
#### 330000
2025-08-04 21:03:05,115 - INFO - 提取参考答案: 330000
2025-08-04 21:03:05,116 - INFO - 生成答案: 

Step 1:First, read the problem and identify what we need to find. We need to find the total cost of the plane for the first year.

Step 2:Next, set up equations and perform the calculations. The tot...
2025-08-04 21:03:05,116 - INFO - 提取答案: 180000
2025-08-04 21:03:05,117 - INFO - 投票统计: {'voting_method': 'majority', 'best_answer': '180000', 'vote_count': 5, 'total_paths': 10, 'valid_paths': 10, 'confidence': 0.5, 'answer_distribution': {'330000': 4, '240000': 1, '180000': 5}, 'selected_path_idx': 3}
2025-08-04 21:03:05,117 - INFO - ==================================================
2025-08-04 21:03:05,118 - INFO - 
==================================================
2025-08-04 21:03:05,118 - INFO - 样本 562: The power goes out in Brianna's house one night so she and her family gather all their candles and f...
2025-08-04 21:03:05,119 - INFO - 参考答案: For every one of the 8 rooms in the house, there are 2 flashlights, 8 x 2 = <<8*2=16>>16 flashlights.
For every person there is 1 flashlight, 1 x 4 people = <<1*4=4>>4 flashlights.
Total, there are 16 + 4 = <<16+4=20>>20 flashlights in the house being used by Brianna and her family.
For half of the 8 rooms, there are 4 small candles each, 8/2 x 4 = <<8/2*4=16>>16 small candles in half the rooms.
For the other half of the 8 rooms, there are 5 medium candles each, 8/2 x 5 = <<8/2*5=20>>20 medium candles in all the rooms.
Total, there are 16 + 20 = <<16+20=36>>36 candles in the house.
Combined, there are 20 flashlights + 36 candles = <<20+36=56>>56 flashlights and candles in the house.
#### 56
2025-08-04 21:03:05,119 - INFO - 提取参考答案: 56
2025-08-04 21:03:05,120 - INFO - 生成答案: 

Step 1:First, read the problem and identify what we need to find. We need to find the total number of candles and flashlights that Brianna's family is using when the lights go out.

Step 2:Next, set...
2025-08-04 21:03:05,121 - INFO - 提取答案: 40
2025-08-04 21:03:05,121 - INFO - 投票统计: {'voting_method': 'majority', 'best_answer': '40', 'vote_count': 6, 'total_paths': 10, 'valid_paths': 10, 'confidence': 0.6, 'answer_distribution': {'40': 6, '44': 1, '28': 1, '54': 1, '48': 1}, 'selected_path_idx': 0}
2025-08-04 21:03:05,122 - INFO - ==================================================
2025-08-04 21:03:05,122 - INFO - 
==================================================
2025-08-04 21:03:05,123 - INFO - 样本 570: Generally, a 5-year-old avocado tree produces 50 fruits, a 6-year-old one produces 3 times the initi...
2025-08-04 21:03:05,123 - INFO - 参考答案: At 5 years it produces 50 fruits
At 6 years it produces 50 * 3 = <<50*3=150>>150 fruits.
At 7 years, it produces 50 * 7 = <<50*7=350>>350 fruits
At 10 years, it produces 50 * 20 = <<50*20=1000>>1000 fruits
At 8 years, it produces 200 fewer fruits than at 10 years, so it produces 1000 - 200 = 800 fruits
During 10 years, an avocado tree can produce a total of 50 + 150 + 350 + 800 + 1000 = <<50+150+350+800+1000=2350>>2350 fruits
#### 2350
2025-08-04 21:03:05,124 - INFO - 提取参考答案: 2350
2025-08-04 21:03:05,125 - INFO - 生成答案: 

Step 1:First, read the problem and identify what we need to find. We need to find the total number of fruits that the avocado tree can produce during its 10 years of life.

Step 2:Next, set up equat...
2025-08-04 21:03:05,125 - INFO - 提取答案: 1950
2025-08-04 21:03:05,126 - INFO - 投票统计: {'voting_method': 'majority', 'best_answer': '1950', 'vote_count': 2, 'total_paths': 10, 'valid_paths': 10, 'confidence': 0.2, 'answer_distribution': {'2900': 1, '1950': 2, '2050': 2, '2250': 1, '2650': 1, '1530': 1, '950': 1, '1600': 1}, 'selected_path_idx': 1}
2025-08-04 21:03:05,126 - INFO - ==================================================
2025-08-04 21:03:05,127 - INFO - 
==================================================
2025-08-04 21:03:05,127 - INFO - 样本 571: Carlos is planting a lemon tree. The tree will cost $90 to plant. Each year it will grow 7 lemons, w...
2025-08-04 21:03:05,128 - INFO - 参考答案: He makes $10.5 selling lemons each year because 7 x 1.5 = <<7*1.5=10.5>>10.5
He earns $7.5 each year from the lemon tree because 10.5 - 3 = <<10.5-3=7.5>>7.5
It will take 12 years to earn enough to pay off the tree because 90 / 7.5 = <<90/7.5=12>>12
He will make money in year 13 because 12 + 1 = <<12+1=13>>13
#### 13
2025-08-04 21:03:05,128 - INFO - 提取参考答案: 13
2025-08-04 21:03:05,129 - INFO - 生成答案: 

Step 1:First, read the problem and identify what we need to find. We need to find the number of years it will take before Carlos starts earning money on the lemon tree.

Step 2:Next, set up equation...
2025-08-04 21:03:05,130 - INFO - 提取答案: 12
2025-08-04 21:03:05,130 - INFO - 投票统计: {'voting_method': 'majority', 'best_answer': '12', 'vote_count': 6, 'total_paths': 10, 'valid_paths': 10, 'confidence': 0.6, 'answer_distribution': {'2': 1, '12': 6, '13': 2, '9': 1}, 'selected_path_idx': 1}
2025-08-04 21:03:05,131 - INFO - ==================================================
2025-08-04 21:03:05,131 - INFO - 
==================================================
2025-08-04 21:03:05,132 - INFO - 样本 586: In one hour, Ezra read twice as many books as Ahmed. Ezra has read 300 books this hour and decided t...
2025-08-04 21:03:05,132 - INFO - 参考答案: If Ezra has read 300 books this hour and decided to read 150 more in the next hour, he has read a total of 300+150=<<300+150=450>>450
Since Ezra reads twice as many books as Ahmed, Ahmed has read 450/2=<<450/2=225>>225 books.
Together, Ahmed and Ezra has read 225+450=<<225+450=675>>675 books
#### 675
2025-08-04 21:03:05,133 - INFO - 提取参考答案: 675
2025-08-04 21:03:05,134 - INFO - 生成答案: 

Step 1:First, read the problem and identify what we need to find. We need to find the total number of books that Ezra and Ahmed have read.

Step 2:Next, set up equations and perform the calculations...
2025-08-04 21:03:05,134 - INFO - 提取答案: 600
2025-08-04 21:03:05,135 - INFO - 投票统计: {'voting_method': 'majority', 'best_answer': '600', 'vote_count': 9, 'total_paths': 10, 'valid_paths': 10, 'confidence': 0.9, 'answer_distribution': {'600': 9, '450': 1}, 'selected_path_idx': 0}
2025-08-04 21:03:05,135 - INFO - ==================================================
2025-08-04 21:03:05,136 - INFO - 
==================================================
2025-08-04 21:03:05,136 - INFO - 样本 587: At Allan's house, there is twice as much corn as cannolis. He has a total of 40 cannolis in his hous...
2025-08-04 21:03:05,137 - INFO - 参考答案: Before buying any corn and cannoli, Allan had twice as much corn as cannoli, which is 40 cannoli * 2 corn/cannoli = <<40*2=80>>80 corns
The total number of corns and cannolis that Allan had before is 80 corn + 40 corn = <<80+40=120>>120 corn
When he bought 40 fewer corns than cannolis, he bought 60 corn - 40 corn = <<60-40=20>>20 corns
In total, he bought 20 corns + 60 cannolis = <<20+60=80>>80 items
After the purchases, Allan has 120 items + 80 items = <<120+80=200>>200 total corns and cannolis combined.
#### 200
2025-08-04 21:03:05,138 - INFO - �