2025-08-06 07:45:23,782 - INFO - 配置文件验证通过
2025-08-06 07:45:23,786 - INFO - 随机种子已设置为: 42
2025-08-06 07:45:23,789 - INFO - 使用已提供的模型实例: Llama-3.2-3B-Instruct
2025-08-06 07:45:23,792 - INFO - 加载数据集: GSM8k_test
2025-08-06 07:45:23,795 - INFO - 随机种子已设置为: 42
2025-08-06 07:45:23,802 - INFO - 数据集加载完成，共 1319 条数据，已打乱顺序
2025-08-06 07:45:23,806 - INFO - 使用投票机制，每个问题生成 10 条路径
2025-08-06 07:45:23,809 - INFO - 批量生成模式：为 1319 个问题各生成 10 条路径
2025-08-06 07:45:23,813 - INFO - 开始CoT生成，共4个步骤:
2025-08-06 07:45:23,816 - INFO - 开始CoT步骤 1，min_p=0.4
2025-08-06 07:45:26,129 - INFO - 开始CoT步骤 2，min_p=0.2
2025-08-06 07:45:38,183 - INFO - 开始CoT步骤 3，min_p=0.4
2025-08-06 07:45:48,872 - INFO - 开始CoT步骤 4，min_p=1
2025-08-06 07:45:53,698 - INFO - CoT生成完成，共 1319 条CoT
2025-08-06 07:45:53,723 - INFO - 开始CoT生成，共4个步骤:
2025-08-06 07:45:53,729 - INFO - 开始CoT步骤 1，min_p=0.4
2025-08-06 07:45:56,024 - INFO - 开始CoT步骤 2，min_p=0.2
2025-08-06 07:46:08,092 - INFO - 开始CoT步骤 3，min_p=0.4
2025-08-06 07:46:18,661 - INFO - 开始CoT步骤 4，min_p=1
2025-08-06 07:46:22,640 - INFO - CoT生成完成，共 1319 条CoT
2025-08-06 07:46:22,665 - INFO - 开始CoT生成，共4个步骤:
2025-08-06 07:46:22,672 - INFO - 开始CoT步骤 1，min_p=0.4
2025-08-06 07:46:24,959 - INFO - 开始CoT步骤 2，min_p=0.2
2025-08-06 07:46:36,765 - INFO - 开始CoT步骤 3，min_p=0.4
2025-08-06 07:46:47,374 - INFO - 开始CoT步骤 4，min_p=1
2025-08-06 07:46:52,463 - INFO - CoT生成完成，共 1319 条CoT
2025-08-06 07:46:52,487 - INFO - 开始CoT生成，共4个步骤:
2025-08-06 07:46:52,492 - INFO - 开始CoT步骤 1，min_p=0.4
2025-08-06 07:46:54,743 - INFO - 开始CoT步骤 2，min_p=0.2
2025-08-06 07:47:06,795 - INFO - 开始CoT步骤 3，min_p=0.4
2025-08-06 07:47:17,616 - INFO - 开始CoT步骤 4，min_p=1
2025-08-06 07:47:22,500 - INFO - CoT生成完成，共 1319 条CoT
2025-08-06 07:47:22,525 - INFO - 开始CoT生成，共4个步骤:
2025-08-06 07:47:22,531 - INFO - 开始CoT步骤 1，min_p=0.4
2025-08-06 07:47:24,788 - INFO - 开始CoT步骤 2，min_p=0.2
2025-08-06 07:47:36,731 - INFO - 开始CoT步骤 3，min_p=0.4
2025-08-06 07:47:47,432 - INFO - 开始CoT步骤 4，min_p=1
2025-08-06 07:47:52,104 - INFO - CoT生成完成，共 1319 条CoT
2025-08-06 07:47:52,131 - INFO - 开始CoT生成，共4个步骤:
2025-08-06 07:47:52,138 - INFO - 开始CoT步骤 1，min_p=0.4
2025-08-06 07:47:54,667 - INFO - 开始CoT步骤 2，min_p=0.2
2025-08-06 07:48:06,643 - INFO - 开始CoT步骤 3，min_p=0.4
2025-08-06 07:48:17,378 - INFO - 开始CoT步骤 4，min_p=1
2025-08-06 07:48:21,580 - INFO - CoT生成完成，共 1319 条CoT
2025-08-06 07:48:21,605 - INFO - 开始CoT生成，共4个步骤:
2025-08-06 07:48:21,611 - INFO - 开始CoT步骤 1，min_p=0.4
2025-08-06 07:48:24,140 - INFO - 开始CoT步骤 2，min_p=0.2
2025-08-06 07:48:36,013 - INFO - 开始CoT步骤 3，min_p=0.4
2025-08-06 07:48:46,587 - INFO - 开始CoT步骤 4，min_p=1
2025-08-06 07:48:51,177 - INFO - CoT生成完成，共 1319 条CoT
2025-08-06 07:48:51,203 - INFO - 开始CoT生成，共4个步骤:
2025-08-06 07:48:51,208 - INFO - 开始CoT步骤 1，min_p=0.4
2025-08-06 07:48:53,763 - INFO - 开始CoT步骤 2，min_p=0.2
2025-08-06 07:49:05,700 - INFO - 开始CoT步骤 3，min_p=0.4
2025-08-06 07:49:16,541 - INFO - 开始CoT步骤 4，min_p=1
2025-08-06 07:49:21,040 - INFO - CoT生成完成，共 1319 条CoT
2025-08-06 07:49:21,065 - INFO - 开始CoT生成，共4个步骤:
2025-08-06 07:49:21,071 - INFO - 开始CoT步骤 1，min_p=0.4
2025-08-06 07:49:23,632 - INFO - 开始CoT步骤 2，min_p=0.2
2025-08-06 07:49:35,716 - INFO - 开始CoT步骤 3，min_p=0.4
2025-08-06 07:49:46,354 - INFO - 开始CoT步骤 4，min_p=1
2025-08-06 07:49:51,339 - INFO - CoT生成完成，共 1319 条CoT
2025-08-06 07:49:51,364 - INFO - 开始CoT生成，共4个步骤:
2025-08-06 07:49:51,370 - INFO - 开始CoT步骤 1，min_p=0.4
2025-08-06 07:49:53,924 - INFO - 开始CoT步骤 2，min_p=0.2
2025-08-06 07:50:05,628 - INFO - 开始CoT步骤 3，min_p=0.4
2025-08-06 07:50:16,167 - INFO - 开始CoT步骤 4，min_p=1
2025-08-06 07:50:21,110 - INFO - CoT生成完成，共 1319 条CoT
2025-08-06 07:50:21,137 - INFO - 批量生成完成：共生成 1319 组路径，每组 10 条
2025-08-06 07:50:21,143 - INFO - 投票结果: 选择路径 1, 答案: 52, 置信度: 0.6
2025-08-06 07:50:21,146 - INFO - 投票结果: 选择路径 0, 答案: 5, 置信度: 1.0
2025-08-06 07:50:21,149 - INFO - 投票结果: 选择路径 0, 答案: 83, 置信度: 1.0
2025-08-06 07:50:21,152 - INFO - 投票结果: 选择路径 0, 答案: 10, 置信度: 0.8
2025-08-06 07:50:21,155 - INFO - 投票结果: 选择路径 0, 答案: 100, 置信度: 0.6
2025-08-06 07:50:21,159 - INFO - 投票结果: 选择路径 0, 答案: 36, 置信度: 0.9
2025-08-06 07:50:21,162 - INFO - 投票结果: 选择路径 0, 答案: 48, 置信度: 1.0
2025-08-06 07:50:21,165 - INFO - 投票结果: 选择路径 0, 答案: 16, 置信度: 1.0
2025-08-06 07:50:21,168 - INFO - 投票结果: 选择路径 1, 答案: 4.64, 置信度: 0.7
2025-08-06 07:50:21,171 - INFO - 投票结果: 选择路径 0, 答案: 48, 置信度: 1.0
2025-08-06 07:50:21,174 - INFO - 投票结果: 选择路径 0, 答案: 90, 置信度: 1.0
2025-08-06 07:50:21,177 - INFO - 投票结果: 选择路径 0, 答案: 10, 置信度: 1.0
2025-08-06 07:50:21,180 - INFO - 投票结果: 选择路径 5, 答案: 12, 置信度: 0.3
2025-08-06 07:50:21,183 - INFO - 投票结果: 选择路径 0, 答案: 45000, 置信度: 0.7
2025-08-06 07:50:21,186 - INFO - 投票结果: 选择路径 0, 答案: 18, 置信度: 0.9
2025-08-06 07:50:21,189 - INFO - 投票结果: 选择路径 0, 答案: 140, 置信度: 1.0
2025-08-06 07:50:21,192 - INFO - 投票结果: 选择路径 0, 答案: 17, 置信度: 0.9
2025-08-06 07:50:21,195 - INFO - 投票结果: 选择路径 0, 答案: 68, 置信度: 1.0
2025-08-06 07:50:21,199 - INFO - 投票结果: 选择路径 0, 答案: 8, 置信度: 1.0
2025-08-06 07:50:21,202 - INFO - 投票结果: 选择路径 0, 答案: 14, 置信度: 1.0
2025-08-06 07:50:21,205 - INFO - 投票结果: 选择路径 3, 答案: 50, 置信度: 0.5
2025-08-06 07:50:21,208 - INFO - 投票结果: 选择路径 0, 答案: 100, 置信度: 1.0
2025-08-06 07:50:21,211 - INFO - 投票结果: 选择路径 0, 答案: 125, 置信度: 0.2
2025-08-06 07:50:21,214 - INFO - 投票结果: 选择路径 2, 答案: 48, 置信度: 0.5
2025-08-06 07:50:21,218 - INFO - 投票结果: 选择路径 0, 答案: 16400, 置信度: 0.9
2025-08-06 07:50:21,221 - INFO - 投票结果: 选择路径 0, 答案: 250, 置信度: 1.0
2025-08-06 07:50:21,224 - INFO - 投票结果: 选择路径 4, 答案: 18, 置信度: 0.4
2025-08-06 07:50:21,227 - INFO - 投票结果: 选择路径 0, 答案: 1490, 置信度: 1.0
2025-08-06 07:50:21,230 - INFO - 投票结果: 选择路径 0, 答案: 11, 置信度: 1.0
2025-08-06 07:50:21,233 - INFO - 投票结果: 选择路径 1, 答案: 106, 置信度: 0.5
2025-08-06 07:50:21,236 - INFO - 投票结果: 选择路径 0, 答案: 138, 置信度: 0.7
2025-08-06 07:50:21,239 - INFO - 投票结果: 选择路径 0, 答案: 15, 置信度: 1.0
2025-08-06 07:50:21,242 - INFO - 投票结果: 选择路径 0, 答案: 4, 置信度: 1.0
2025-08-06 07:50:21,246 - INFO - 投票结果: 选择路径 0, 答案: 82, 置信度: 1.0
2025-08-06 07:50:21,249 - INFO - 投票结果: 选择路径 0, 答案: 2, 置信度: 0.9
2025-08-06 07:50:21,252 - INFO - 投票结果: 选择路径 0, 答案: 51, 置信度: 0.6
2025-08-06 07:50:21,255 - INFO - 投票结果: 选择路径 0, 答案: 4, 置信度: 0.7
2025-08-06 07:50:21,258 - INFO - 投票结果: 选择路径 0, 答案: 100, 置信度: 0.8
2025-08-06 07:50:21,261 - INFO - 投票结果: 选择路径 0, 答案: 25, 置信度: 0.3
2025-08-06 07:50:21,264 - INFO - 投票结果: 选择路径 0, 答案: 188, 置信度: 1.0
2025-08-06 07:50:21,267 - INFO - 投票结果: 选择路径 0, 答案: 30, 置信度: 0.9
2025-08-06 07:50:21,271 - INFO - 投票结果: 选择路径 0, 答案: 30, 置信度: 1.0
2025-08-06 07:50:21,274 - INFO - 投票结果: 选择路径 0, 答案: 240, 置信度: 1.0
2025-08-06 07:50:21,277 - INFO - 投票结果: 选择路径 0, 答案: 7, 置信度: 1.0
2025-08-06 07:50:21,280 - INFO - 投票结果: 选择路径 1, 答案: 350, 置信度: 0.5
2025-08-06 07:50:21,283 - INFO - 投票结果: 选择路径 0, 答案: 4, 置信度: 0.7
2025-08-06 07:50:21,286 - INFO - 投票结果: 选择路径 0, 答案: 36, 置信度: 1.0
2025-08-06 07:50:21,289 - INFO - 投票结果: 选择路径 2, 答案: 3, 置信度: 0.3
2025-08-06 07:50:21,292 - INFO - 投票结果: 选择路径 0, 答案: 2, 置信度: 0.7
2025-08-06 07:50:21,296 - INFO - 投票结果: 选择路径 0, 答案: 33, 置信度: 1.0
2025-08-06 07:50:21,299 - INFO - 投票结果: 选择路径 1, 答案: 21, 置信度: 0.8
2025-08-06 07:50:21,302 - INFO - 投票结果: 选择路径 0, 答案: 175, 置信度: 0.4
2025-08-06 07:50:21,305 - INFO - 投票结果: 选择路径 0, 答案: 60, 置信度: 1.0
2025-08-06 07:50:21,308 - INFO - 投票结果: 选择路径 0, 答案: 49, 置信度: 0.9
2025-08-06 07:50:21,312 - INFO - 投票结果: 选择路径 0, 答案: 2100, 置信度: 0.6
2025-08-06 07:50:21,315 - INFO - 投票结果: 选择路径 1, 答案: 27, 置信度: 0.6
2025-08-06 07:50:21,318 - INFO - 投票结果: 选择路径 0, 答案: 16, 置信度: 0.4
2025-08-06 07:50:21,321 - INFO - 投票结果: 选择路径 0, 答案: 49, 置信度: 0.9
2025-08-06 07:50:21,324 - INFO - 投票结果: 选择路径 0, 答案: 6, 置信度: 0.6
2025-08-06 07:50:21,327 - INFO - 投票结果: 选择路径 1, 答案: 32, 置信度: 0.8
2025-08-06 07:50:21,330 - INFO - 投票结果: 选择路径 1, 答案: 168, 置信度: 0.2
2025-08-06 07:50:21,333 - INFO - 投票结果: 选择路径 0, 答案: 225, 置信度: 1.0
2025-08-06 07:50:21,336 - INFO - 投票结果: 选择路径 0, 答案: 50, 置信度: 1.0
2025-08-06 07:50:21,340 - INFO - 投票结果: 选择路径 1, 答案: 45, 置信度: 0.5
2025-08-06 07:50:21,343 - INFO - 投票结果: 选择路径 0, 答案: 7, 置信度: 1.0
2025-08-06 07:50:21,346 - INFO - 投票结果: 选择路径 0, 答案: 800, 置信度: 0.9
2025-08-06 07:50:21,349 - INFO - 投票结果: 选择路径 0, 答案: 22, 置信度: 1.0
2025-08-06 07:50:21,352 - INFO - 投票结果: 选择路径 1, 答案: 235, 置信度: 0.9
2025-08-06 07:50:21,355 - INFO - 投票结果: 选择路径 0, 答案: 3, 置信度: 1.0
2025-08-06 07:50:21,358 - INFO - 投票结果: 选择路径 1, 答案: 2, 置信度: 0.4
2025-08-06 07:50:21,361 - INFO - 投票结果: 选择路径 1, 答案: 3000, 置信度: 0.7
2025-08-06 07:50:21,365 - INFO - 投票结果: 选择路径 0, 答案: 300, 置信度: 0.8
2025-08-06 07:50:21,368 - INFO - 投票结果: 选择路径 0, 答案: 20, 置信度: 0.7
2025-08-06 07:50:21,371 - INFO - 投票结果: 选择路径 0, 答案: 130, 置信度: 1.0
2025-08-06 07:50:21,374 - INFO - 投票结果: 选择路径 1, 答案: 1, 置信度: 0.4
2025-08-06 07:50:21,377 - INFO - 投票结果: 选择路径 0, 答案: 48, 置信度: 0.7
2025-08-06 07:50:21,380 - INFO - 投票结果: 选择路径 0, 答案: 50, 置信度: 0.7
2025-08-06 07:50:21,383 - INFO - 投票结果: 选择路径 0, 答案: 3, 置信度: 0.4
2025-08-06 07:50:21,386 - INFO - 投票结果: 选择路径 0, 答案: 5, 置信度: 0.4
2025-08-06 07:50:21,390 - INFO - 投票结果: 选择路径 0, 答案: 110, 置信度: 1.0
2025-08-06 07:50:21,393 - INFO - 投票结果: 选择路径 0, 答案: 90, 置信度: 0.1
2025-08-06 07:50:21,396 - INFO - 投票结果: 选择路径 0, 答案: 16, 置信度: 1.0
2025-08-06 07:50:21,399 - INFO - 投票结果: 选择路径 0, 答案: 80, 置信度: 1.0
2025-08-06 07:50:21,402 - INFO - 投票结果: 选择路径 0, 答案: 45, 置信度: 0.9
2025-08-06 07:50:21,405 - INFO - 投票结果: 选择路径 0, 答案: 36, 置信度: 1.0
2025-08-06 07:50:21,408 - INFO - 投票结果: 选择路径 0, 答案: 5, 置信度: 0.5
2025-08-06 07:50:21,411 - INFO - 投票结果: 选择路径 0, 答案: 9, 置信度: 0.5
2025-08-06 07:50:21,414 - INFO - 投票结果: 选择路径 0, 答案: 36, 置信度: 1.0
2025-08-06 07:50:21,417 - INFO - 投票结果: 选择路径 0, 答案: 60, 置信度: 0.9
2025-08-06 07:50:21,420 - INFO - 投票结果: 选择路径 0, 答案: 9, 置信度: 0.9
2025-08-06 07:50:21,423 - INFO - 投票结果: 选择路径 0, 答案: 1, 置信度: 0.8
2025-08-06 07:50:21,426 - INFO - 投票结果: 选择路径 0, 答案: 30, 置信度: 1.0
2025-08-06 07:50:21,429 - INFO - 投票结果: 选择路径 1, 答案: 50000, 置信度: 0.3
2025-08-06 07:50:21,433 - INFO - 投票结果: 选择路径 0, 答案: 34, 置信度: 1.0
2025-08-06 07:50:21,436 - INFO - 投票结果: 选择路径 2, 答案: 44, 置信度: 0.2
2025-08-06 07:50:21,439 - INFO - 投票结果: 选择路径 0, 答案: 306, 置信度: 1.0
2025-08-06 07:50:21,442 - INFO - 投票结果: 选择路径 0, 答案: 55, 置信度: 0.9
2025-08-06 07:50:21,445 - INFO - 投票结果: 选择路径 0, 答案: 12, 置信度: 0.9
2025-08-06 07:50:21,448 - INFO - 投票结果: 选择路径 0, 答案: 75, 置信度: 1.0
2025-08-06 07:50:21,451 - INFO - 投票结果: 选择路径 0, 答案: 24, 置信度: 0.6
2025-08-06 07:50:21,454 - INFO - 投票结果: 选择路径 0, 答案: 50, 置信度: 0.7
2025-08-06 07:50:21,457 - INFO - 投票结果: 选择路径 0, 答案: 110, 置信度: 1.0
2025-08-06 07:50:21,460 - INFO - 投票结果: 选择路径 0, 答案: 353, 置信度: 0.1
2025-08-06 07:50:21,463 - INFO - 投票结果: 选择路径 0, 答案: 30, 置信度: 1.0
2025-08-06 07:50:21,467 - INFO - 投票结果: 选择路径 0, 答案: 80, 置信度: 1.0
2025-08-06 07:50:21,470 - INFO - 投票结果: 选择路径 0, 答案: 1.50, 置信度: 0.6
2025-08-06 07:50:21,473 - INFO - 投票结果: 选择路径 0, 答案: 120, 置信度: 1.0
2025-08-06 07:50:21,476 - INFO - 投票结果: 选择路径 0, 答案: 108, 置信度: 0.5
2025-08-06 07:50:21,479 - INFO - 投票结果: 选择路径 0, 答案: 70, 置信度: 1.0
2025-08-06 07:50:21,482 - INFO - 投票结果: 选择路径 1, 答案: 13.50, 置信度: 0.6
2025-08-06 07:50:21,485 - INFO - 投票结果: 选择路径 0, 答案: 150, 置信度: 1.0
2025-08-06 07:50:21,488 - INFO - 投票结果: 选择路径 0, 答案: 10, 置信度: 0.5
2025-08-06 07:50:21,491 - INFO - 投票结果: 选择路径 3, 答案: 2, 置信度: 0.4
2025-08-06 07:50:21,494 - INFO - 投票结果: 选择路径 0, 答案: 250, 置信度: 1.0
2025-08-06 07:50:21,497 - INFO - 投票结果: 选择路径 0, 答案: 3, 置信度: 1.0
2025-08-06 07:50:21,501 - INFO - 投票结果: 选择路径 0, 答案: 15, 置信度: 1.0
2025-08-06 07:50:21,504 - INFO - 投票结果: 选择路径 0, 答案: 12, 置信度: 1.0
2025-08-06 07:50:21,507 - INFO - 投票结果: 选择路径 0, 答案: 60, 置信度: 1.0
2025-08-06 07:50:21,510 - INFO - 投票结果: 选择路径 0, 答案: 3, 置信度: 1.0
2025-08-06 07:50:21,513 - INFO - 投票结果: 选择路径 0, 答案: 9, 置信度: 0.6
2025-08-06 07:50:21,516 - INFO - 投票结果: 选择路径 0, 答案: 140000, 置信度: 1.0
2025-08-06 07:50:21,519 - INFO - 投票结果: 选择路径 1, 答案: 6, 置信度: 0.4
2025-08-06 07:50:21,522 - INFO - 投票结果: 选择路径 0, 答案: 2400, 置信度: 1.0
2025-08-06 07:50:21,525 - INFO - 投票结果: 选择路径 0, 答案: 4, 置信度: 1.0
2025-08-06 07:50:21,528 - INFO - 投票结果: 选择路径 0, 答案: 101, 置信度: 0.4
2025-08-06 07:50:21,532 - INFO - 投票结果: 选择路径 0, 答案: 300, 置信度: 1.0
2025-08-06 07:50:21,535 - INFO - 投票结果: 选择路径 0, 答案: 91, 置信度: 0.8
2025-08-06 07:50:21,538 - INFO - 投票结果: 选择路径 0, 答案: 8, 置信度: 0.9
2025-08-06 07:50:21,541 - INFO - 投票结果: 选择路径 0, 答案: 120, 置信度: 0.9
2025-08-06 07:50:21,544 - INFO - 投票结果: 选择路径 0, 答案: 350, 置信度: 1.0
2025-08-06 07:50:21,547 - INFO - 投票结果: 选择路径 1, 答案: 2600, 置信度: 0.9
2025-08-06 07:50:21,550 - INFO - 投票结果: 选择路径 0, 答案: 10, 置信度: 1.0
2025-08-06 07:50:21,553 - INFO - 投票结果: 选择路径 0, 答案: 4, 置信度: 0.4
2025-08-06 07:50:21,556 - INFO - 投票结果: 选择路径 0, 答案: 7, 置信度: 0.9
2025-08-06 07:50:21,559 - INFO - 投票结果: 选择路径 0, 答案: 31, 置信度: 0.7
2025-08-06 07:50:21,562 - INFO - 投票结果: 选择路径 0, 答案: 975, 置信度: 0.9
2025-08-06 07:50:21,565 - INFO - 投票结果: 选择路径 2, 答案: -160, 置信度: 0.6
2025-08-06 07:50:21,568 - INFO - 投票结果: 选择路径 0, 答案: 120, 置信度: 0.9
2025-08-06 07:50:21,571 - INFO - 投票结果: 选择路径 0, 答案: 220, 置信度: 1.0
2025-08-06 07:50:21,574 - INFO - 投票结果: 选择路径 0, 答案: 87, 置信度: 1.0
2025-08-06 07:50:21,578 - INFO - 投票结果: 选择路径 0, 答案: 300, 置信度: 1.0
2025-08-06 07:50:21,581 - INFO - 投票结果: 选择路径 0, 答案: 30, 置信度: 0.9
2025-08-06 07:50:21,584 - INFO - 投票结果: 选择路径 2, 答案: 11, 置信度: 0.3
2025-08-06 07:50:21,587 - INFO - 投票结果: 选择路径 0, 答案: 16, 置信度: 0.9
2025-08-06 07:50:21,590 - INFO - 投票结果: 选择路径 0, 答案: 7, 置信度: 1.0
2025-08-06 07:50:21,593 - INFO - 投票结果: 选择路径 5, 答案: 81, 置信度: 0.3
2025-08-06 07:50:21,596 - INFO - 投票结果: 选择路径 0, 答案: 5, 置信度: 1.0
2025-08-06 07:50:21,599 - INFO - 投票结果: 选择路径 0, 答案: 9, 置信度: 1.0
2025-08-06 07:50:21,602 - INFO - 投票结果: 选择路径 0, 答案: 10, 置信度: 1.0
2025-08-06 07:50:21,605 - INFO - 投票结果: 选择路径 0, 答案: 14, 置信度: 0.8
2025-08-06 07:50:21,608 - INFO - 投票结果: 选择路径 0, 答案: 5, 置信度: 1.0
2025-08-06 07:50:21,611 - INFO - 投票结果: 选择路径 0, 答案: 50, 置信度: 1.0
2025-08-06 07:50:21,615 - INFO - 投票结果: 选择路径 0, 答案: 48, 置信度: 0.7
2025-08-06 07:50:21,618 - INFO - 投票结果: 选择路径 0, 答案: 25, 置信度: 1.0
2025-08-06 07:50:21,621 - INFO - 投票结果: 选择路径 0, 答案: 92, 置信度: 0.5
2025-08-06 07:50:21,624 - INFO - 投票结果: 选择路径 1, 答案: 66.67, 置信度: 0.4
2025-08-06 07:50:21,627 - INFO - 投票结果: 选择路径 0, 答案: 180, 置信度: 0.7
2025-08-06 07:50:21,630 - INFO - 投票结果: 选择路径 0, 答案: 21, 置信度: 1.0
2025-08-06 07:50:21,633 - INFO - 投票结果: 选择路径 0, 答案: 1200, 置信度: 1.0
2025-08-06 07:50:21,636 - INFO - 投票结果: 选择路径 0, 答案: 255, 置信度: 0.5
2025-08-06 07:50:21,639 - INFO - 投票结果: 选择路径 0, 答案: 4, 置信度: 1.0
2025-08-06 07:50:21,642 - INFO - 投票结果: 选择路径 0, 答案: 10, 置信度: 1.0
2025-08-06 07:50:21,646 - INFO - 投票结果: 选择路径 0, 答案: 700, 置信度: 0.8
2025-08-06 07:50:21,649 - INFO - 投票结果: 选择路径 0, 答案: 38, 置信度: 1.0
2025-08-06 07:50:21,652 - INFO - 投票结果: 选择路径 0, 答案: 32, 置信度: 0.9
2025-08-06 07:50:21,655 - INFO - 投票结果: 选择路径 0, 答案: 30, 置信度: 0.9
2025-08-06 07:50:21,658 - INFO - 投票结果: 选择路径 0, 答案: 16, 置信度: 1.0
2025-08-06 07:50:21,661 - INFO - 投票结果: 选择路径 0, 答案: 40, 置信度: 0.9
2025-08-06 07:50:21,664 - INFO - 投票结果: 选择路径 0, 答案: 288, 置信度: 1.0
2025-08-06 07:50:21,667 - INFO - 投票结果: 选择路径 0, 答案: 1100, 置信度: 0.9
2025-08-06 07:50:21,670 - INFO - 投票结果: 选择路径 0, 答案: 20, 置信度: 1.0
2025-08-06 07:50:21,673 - INFO - 投票结果: 选择路径 0, 答案: 2, 置信度: 0.9
2025-08-06 07:50:21,676 - INFO - 投票结果: 选择路径 0, 答案: 1040000, 置信度: 0.7
2025-08-06 07:50:21,679 - INFO - 投票结果: 选择路径 0, 答案: 9, 置信度: 1.0
2025-08-06 07:50:21,682 - INFO - 投票结果: 选择路径 0, 答案: 132, 置信度: 1.0
2025-08-06 07:50:21,685 - INFO - 投票结果: 选择路径 0, 答案: 93, 置信度: 1.0
2025-08-06 07:50:21,688 - INFO - 投票结果: 选择路径 0, 答案: 4, 置信度: 0.9
2025-08-06 07:50:21,692 - INFO - 投票结果: 选择路径 0, 答案: 25, 置信度: 0.5
2025-08-06 07:50:21,695 - INFO - 投票结果: 选择路径 0, 答案: 33, 置信度: 1.0
2025-08-06 07:50:21,698 - INFO - 投票结果: 选择路径 0, 答案: 12, 置信度: 0.8
2025-08-06 07:50:21,701 - INFO - 投票结果: 选择路径 0, 答案: 7200, 置信度: 1.0
2025-08-06 07:50:21,704 - INFO - 投票结果: 选择路径 0, 答案: 60, 置信度: 1.0
2025-08-06 07:50:21,707 - INFO - 投票结果: 选择路径 1, 答案: 44, 置信度: 0.9
2025-08-06 07:50:21,710 - INFO - 投票结果: 选择路径 1, 答案: 113, 置信度: 0.7
2025-08-06 07:50:21,713 - INFO - 投票结果: 选择路径 1, 答案: 43500, 置信度: 0.4
2025-08-06 07:50:21,716 - INFO - 投票结果: 选择路径 0, 答案: 720, 置信度: 1.0
2025-08-06 07:50:21,719 - INFO - 投票结果: 选择路径 0, 答案: 50, 置信度: 1.0
2025-08-06 07:50:21,722 - INFO - 投票结果: 选择路径 0, 答案: 24, 置信度: 1.0
2025-08-06 07:50:21,725 - INFO - 投票结果: 选择路径 0, 答案: 43, 置信度: 0.7
2025-08-06 07:50:21,728 - INFO - 投票结果: 选择路径 0, 答案: 30, 置信度: 1.0
2025-08-06 07:50:21,731 - INFO - 投票结果: 选择路径 0, 答案: 23, 置信度: 0.7
2025-08-06 07:50:21,734 - INFO - 投票结果: 选择路径 1, 答案: 251, 置信度: 0.7
2025-08-06 07:50:21,738 - INFO - 投票结果: 选择路径 0, 答案: 35, 置信度: 1.0
2025-08-06 07:50:21,741 - INFO - 投票结果: 选择路径 2, 答案: 110, 置信度: 0.5
2025-08-06 07:50:21,744 - INFO - 投票结果: 选择路径 0, 答案: 82, 置信度: 1.0
2025-08-06 07:50:21,747 - INFO - 投票结果: 选择路径 0, 答案: 2100, 置信度: 1.0
2025-08-06 07:50:21,750 - INFO - 投票结果: 选择路径 0, 答案: 3, 置信度: 0.8
2025-08-06 07:50:21,753 - INFO - 投票结果: 选择路径 0, 答案: 12, 置信度: 1.0
2025-08-06 07:50:21,756 - INFO - 投票结果: 选择路径 1, 答案: 6, 置信度: 0.6
2025-08-06 07:50:21,759 - INFO - 投票结果: 选择路径 0, 答案: 12, 置信度: 0.7
2025-08-06 07:50:21,762 - INFO - 投票结果: 选择路径 0, 答案: 495, 置信度: 0.1
2025-08-06 07:50:21,765 - INFO - 投票结果: 选择路径 0, 答案: 27, 置信度: 1.0
2025-08-06 07:50:21,768 - INFO - 投票结果: 选择路径 0, 答案: 360, 置信度: 1.0
2025-08-06 07:50:21,771 - INFO - 投票结果: 选择路径 2, 答案: 14, 置信度: 0.4
2025-08-06 07:50:21,774 - INFO - 投票结果: 选择路径 0, 答案: 694, 置信度: 0.8
2025-08-06 07:50:21,777 - INFO - 投票结果: 选择路径 0, 答案: 3, 置信度: 1.0
2025-08-06 07:50:21,781 - INFO - 投票结果: 选择路径 0, 答案: 360, 置信度: 0.9
2025-08-06 07:50:21,784 - INFO - 投票结果: 选择路径 4, 答案: 400, 置信度: 0.2
2025-08-06 07:50:21,787 - INFO - 投票结果: 选择路径 0, 答案: 20, 置信度: 1.0
2025-08-06 07:50:21,790 - INFO - 投票结果: 选择路径 0, 答案: 3360, 置信度: 1.0
2025-08-06 07:50:21,793 - INFO - 投票结果: 选择路径 0, 答案: 39, 置信度: 0.6
2025-08-06 07:50:21,796 - INFO - 投票结果: 选择路径 0, 答案: 12, 置信度: 1.0
2025-08-06 07:50:21,799 - INFO - 投票结果: 选择路径 0, 答案: 215, 置信度: 1.0
2025-08-06 07:50:21,802 - INFO - 投票结果: 选择路径 0, 答案: 4, 置信度: 0.2
2025-08-06 07:50:21,805 - INFO - 投票结果: 选择路径 0, 答案: 9, 置信度: 1.0
2025-08-06 07:50:21,808 - INFO - 投票结果: 选择路径 0, 答案: 520, 置信度: 0.8
2025-08-06 07:50:21,812 - INFO - 投票结果: 选择路径 0, 答案: 62, 置信度: 0.8
2025-08-06 07:50:21,815 - INFO - 投票结果: 选择路径 1, 答案: 122, 置信度: 0.4
2025-08-06 07:50:21,818 - INFO - 投票结果: 选择路径 0, 答案: 120, 置信度: 1.0
2025-08-06 07:50:21,821 - INFO - 投票结果: 选择路径 0, 答案: 15, 置信度: 1.0
2025-08-06 07:50:21,824 - INFO - 投票结果: 选择路径 0, 答案: 185, 置信度: 0.4
2025-08-06 07:50:21,827 - INFO - 投票结果: 选择路径 0, 答案: 557, 置信度: 0.1
2025-08-06 07:50:21,830 - INFO - 投票结果: 选择路径 2, 答案: 2, 置信度: 0.5
2025-08-06 07:50:21,833 - INFO - 投票结果: 选择路径 0, 答案: 178.75, 置信度: 0.7
2025-08-06 07:50:21,836 - INFO - 投票结果: 选择路径 0, 答案: 202, 置信度: 0.7
2025-08-06 07:50:21,839 - INFO - 投票结果: 选择路径 2, 答案: 21, 置信度: 0.6
2025-08-06 07:50:21,842 - INFO - 投票结果: 选择路径 0, 答案: 10, 置信度: 0.8
2025-08-06 07:50:21,846 - INFO - 投票结果: 选择路径 0, 答案: 6, 置信度: 0.4
2025-08-06 07:50:21,849 - INFO - 投票结果: 选择路径 0, 答案: 43200, 置信度: 0.8
2025-08-06 07:50:21,852 - INFO - 投票结果: 选择路径 0, 答案: 10, 置信度: 1.0
2025-08-06 07:50:21,855 - INFO - 投票结果: 选择路径 0, 答案: 0, 置信度: 0.2
2025-08-06 07:50:21,858 - INFO - 投票结果: 选择路径 2, 答案: 36, 置信度: 0.3
2025-08-06 07:50:21,861 - INFO - 投票结果: 选择路径 0, 答案: 160, 置信度: 0.5
2025-08-06 07:50:21,864 - INFO - 投票结果: 选择路径 0, 答案: 40, 置信度: 1.0
2025-08-06 07:50:21,867 - INFO - 投票结果: 选择路径 0, 答案: 18, 置信度: 0.2
2025-08-06 07:50:21,870 - INFO - 投票结果: 选择路径 1, 答案: 12, 置信度: 0.5
2025-08-06 07:50:21,873 - INFO - 投票结果: 选择路径 0, 答案: 36, 置信度: 1.0
2025-08-06 07:50:21,877 - INFO - 投票结果: 选择路径 0, 答案: 9, 置信度: 1.0
2025-08-06 07:50:21,880 - INFO - 投票结果: 选择路径 0, 答案: 16, 置信度: 1.0
2025-08-06 07:50:21,883 - INFO - 投票结果: 选择路径 0, 答案: 60, 置信度: 1.0
2025-08-06 07:50:21,886 - INFO - 投票结果: 选择路径 0, 答案: 4, 置信度: 1.0
2025-08-06 07:50:21,889 - INFO - 投票结果: 选择路径 0, 答案: 3, 置信度: 1.0
2025-08-06 07:50:21,892 - INFO - 投票结果: 选择路径 0, 答案: 100, 置信度: 1.0
2025-08-06 07:50:21,895 - INFO - 投票结果: 选择路径 2, 答案: 2040, 置信度: 0.6
2025-08-06 07:50:21,898 - INFO - 投票结果: 选择路径 1, 答案: 20, 置信度: 0.4
2025-08-06 07:50:21,901 - INFO - 投票结果: 选择路径 0, 答案: 29, 置信度: 1.0
2025-08-06 07:50:21,904 - INFO - 投票结果: 选择路径 4, 答案: 80, 置信度: 0.2
2025-08-06 07:50:21,907 - INFO - 投票结果: 选择路径 0, 答案: 23, 置信度: 1.0
2025-08-06 07:50:21,910 - INFO - 投票结果: 选择路径 0, 答案: 12, 置信度: 0.7
2025-08-06 07:50:21,914 - INFO - 投票结果: 选择路径 3, 答案: 9, 置信度: 0.5
2025-08-06 07:50:21,917 - INFO - 投票结果: 选择路径 0, 答案: 156, 置信度: 0.5
2025-08-06 07:50:21,920 - INFO - 投票结果: 选择路径 2, 答案: 48, 置信度: 0.5
2025-08-06 07:50:21,923 - INFO - 投票结果: 选择路径 0, 答案: 10, 置信度: 1.0
2025-08-06 07:50:21,926 - INFO - 投票结果: 选择路径 0, 答案: 8, 置信度: 1.0
2025-08-06 07:50:21,929 - INFO - 投票结果: 选择路径 0, 答案: 32, 置信度: 1.0
2025-08-06 07:50:21,932 - INFO - 投票结果: 选择路径 0, 答案: 48, 置信度: 1.0
2025-08-06 07:50:21,935 - INFO - 投票结果: 选择路径 0, 答案: 500, 置信度: 1.0
2025-08-06 07:50:21,938 - INFO - 投票结果: 选择路径 0, 答案: 8, 置信度: 1.0
2025-08-06 07:50:21,941 - INFO - 投票结果: 选择路径 0, 答案: 6, 置信度: 0.7
2025-08-06 07:50:21,945 - INFO - 投票结果: 选择路径 0, 答案: -10, 置信度: 1.0
2025-08-06 07:50:21,948 - INFO - 投票结果: 选择路径 0, 答案: 5, 置信度: 1.0
2025-08-06 07:50:21,951 - INFO - 投票结果: 选择路径 0, 答案: 8, 置信度: 1.0
2025-08-06 07:50:21,954 - INFO - 投票结果: 选择路径 0, 答案: 34, 置信度: 1.0
2025-08-06 07:50:21,957 - INFO - 投票结果: 选择路径 0, 答案: 30, 置信度: 0.9
2025-08-06 07:50:21,960 - INFO - 投票结果: 选择路径 0, 答案: 1000, 置信度: 1.0
2025-08-06 07:50:21,963 - INFO - 投票结果: 选择路径 1, 答案: 6, 置信度: 0.6
2025-08-06 07:50:21,966 - INFO - 投票结果: 选择路径 5, 答案: 50, 置信度: 0.3
2025-08-06 07:50:21,969 - INFO - 投票结果: 选择路径 0, 答案: 1920, 置信度: 1.0
2025-08-06 07:50:21,973 - INFO - 投票结果: 选择路径 5, 答案: 2, 置信度: 0.4
2025-08-06 07:50:21,976 - INFO - 投票结果: 选择路径 0, 答案: 50, 置信度: 1.0
2025-08-06 07:50:21,979 - INFO - 投票结果: 选择路径 0, 答案: 2000, 置信度: 0.4
2025-08-06 07:50:21,982 - INFO - 投票结果: 选择路径 0, 答案: 5, 置信度: 1.0
2025-08-06 07:50:21,985 - INFO - 投票结果: 选择路径 0, 答案: 10, 置信度: 1.0
2025-08-06 07:50:21,988 - INFO - 投票结果: 选择路径 0, 答案: 7, 置信度: 1.0
2025-08-06 07:50:21,991 - INFO - 投票结果: 选择路径 0, 答案: 20, 置信度: 1.0
2025-08-06 07:50:21,994 - INFO - 投票结果: 选择路径 0, 答案: 43, 置信度: 0.5
2025-08-06 07:50:21,997 - INFO - 投票结果: 选择路径 0, 答案: 9, 置信度: 0.9
2025-08-06 07:50:22,000 - INFO - 投票结果: 选择路径 5, 答案: 131445, 置信度: 0.2
2025-08-06 07:50:22,004 - INFO - 投票结果: 选择路径 1, 答案: 120, 置信度: 0.6
2025-08-06 07:50:22,007 - INFO - 投票结果: 选择路径 6, 答案: 10932, 置信度: 0.2
2025-08-06 07:50:22,010 - INFO - 投票结果: 选择路径 0, 答案: 4, 置信度: 0.4
2025-08-06 07:50:22,013 - INFO - 投票结果: 选择路径 0, 答案: 595, 置信度: 1.0
2025-08-06 07:50:22,016 - INFO - 投票结果: 选择路径 0, 答案: 110, 置信度: 1.0
2025-08-06 07:50:22,019 - INFO - 投票结果: 选择路径 0, 答案: 4800, 置信度: 1.0
2025-08-06 07:50:22,022 - INFO - 投票结果: 选择路径 0, 答案: 140, 置信度: 0.9
2025-08-06 07:50:22,025 - INFO - 投票结果: 选择路径 0, 答案: 34, 置信度: 1.0
2025-08-06 07:50:22,028 - INFO - 投票结果: 选择路径 0, 答案: 10, 置信度: 1.0
2025-08-06 07:50:22,031 - INFO - 投票结果: 选择路径 1, 答案: 2050, 置信度: 0.2
2025-08-06 07:50:22,034 - INFO - 投票结果: 选择路径 0, 答案: 30, 置信度: 1.0
2025-08-06 07:50:22,037 - INFO - 投票结果: 选择路径 0, 答案: 224000, 置信度: 0.4
2025-08-06 07:50:22,040 - INFO - 投票结果: 选择路径 0, 答案: 168, 置信度: 1.0
2025-08-06 07:50:22,043 - INFO - 投票结果: 选择路径 0, 答案: 120, 置信度: 1.0
2025-08-06 07:50:22,046 - INFO - 投票结果: 选择路径 1, 答案: 3, 置信度: 0.7
2025-08-06 07:50:22,049 - INFO - 投票结果: 选择路径 0, 答案: 20, 置信度: 1.0
2025-08-06 07:50:22,053 - INFO - 投票结果: 选择路径 0, 答案: 4, 置信度: 1.0
2025-08-06 07:50:22,056 - INFO - 投票结果: 选择路径 1, 答案: 7.50, 置信度: 0.6
2025-08-06 07:50:22,059 - INFO - 投票结果: 选择路径 0, 答案: 8, 置信度: 1.0
2025-08-06 07:50:22,062 - INFO - 投票结果: 选择路径 0, 答案: 308, 置信度: 1.0
2025-08-06 07:50:22,065 - INFO - 投票结果: 选择路径 0, 答案: 187, 置信度: 1.0
2025-08-06 07:50:22,068 - INFO - 投票结果: 选择路径 1, 答案: 123, 置信度: 0.9
2025-08-06 07:50:22,071 - INFO - 投票结果: 选择路径 0, 答案: 2, 置信度: 0.3
2025-08-06 07:50:22,074 - INFO - 投票结果: 选择路径 0, 答案: 142.86, 置信度: 0.2
2025-08-06 07:50:22,077 - INFO - 投票结果: 选择路径 0, 答案: 14000, 置信度: 1.0
2025-08-06 07:50:22,080 - INFO - 投票结果: 选择路径 2, 答案: 32, 置信度: 0.7
2025-08-06 07:50:22,083 - INFO - 投票结果: 选择路径 0, 答案: 7, 置信度: 1.0
2025-08-06 07:50:22,086 - INFO - 投票结果: 选择路径 0, 答案: 480, 置信度: 0.7
2025-08-06 07:50:22,089 - INFO - 投票结果: 选择路径 0, 答案: 2, 置信度: 1.0
2025-08-06 07:50:22,092 - INFO - 投票结果: 选择路径 0, 答案: 45, 置信度: 1.0
2025-08-06 07:50:22,096 - INFO - 投票结果: 选择路径 0, 答案: 31, 置信度: 0.8
2025-08-06 07:50:22,099 - INFO - 投票结果: 选择路径 1, 答案: 8, 置信度: 0.3
2025-08-06 07:50:22,102 - INFO - 投票结果: 选择路径 0, 答案: 18, 置信度: 1.0
2025-08-06 07:50:22,105 - INFO - 投票结果: 选择路径 0, 答案: 6, 置信度: 0.6
2025-08-06 07:50:22,108 - INFO - 投票结果: 选择路径 0, 答案: 93000, 置信度: 1.0
2025-08-06 07:50:22,111 - INFO - 投票结果: 选择路径 2, 答案: 10080, 置信度: 0.2
2025-08-06 07:50:22,114 - INFO - 投票结果: 选择路径 0, 答案: 150, 置信度: 1.0
2025-08-06 07:50:22,117 - INFO - 投票结果: 选择路径 0, 答案: 220, 置信度: 0.9
2025-08-06 07:50:22,120 - INFO - 投票结果: 选择路径 0, 答案: 12, 置信度: 0.9
2025-08-06 07:50:22,123 - INFO - 投票结果: 选择路径 0, 答案: 71, 置信度: 1.0
2025-08-06 07:50:22,127 - INFO - 投票结果: 选择路径 0, 答案: 8, 置信度: 1.0
2025-08-06 07:50:22,130 - INFO - 投票结果: 选择路径 2, 答案: 0, 置信度: 0.3
2025-08-06 07:50:22,133 - INFO - 投票结果: 选择路径 0, 答案: 53, 置信度: 1.0
2025-08-06 07:50:22,136 - INFO - 投票结果: 选择路径 0, 答案: 31800, 置信度: 0.9
2025-08-06 07:50:22,139 - INFO - 投票结果: 选择路径 0, 答案: 4, 置信度: 0.8
2025-08-06 07:50:22,142 - INFO - 投票结果: 选择路径 0, 答案: 12, 置信度: 1.0
2025-08-06 07:50:22,145 - INFO - 投票结果: 选择路径 0, 答案: 10, 置信度: 1.0
2025-08-06 07:50:22,148 - INFO - 投票结果: 选择路径 1, 答案: 2800, 置信度: 0.6
2025-08-06 07:50:22,151 - INFO - 投票结果: 选择路径 0, 答案: 18, 置信度: 1.0
2025-08-06 07:50:22,154 - INFO - 投票结果: 选择路径 0, 答案: 24, 置信度: 0.6
2025-08-06 07:50:22,157 - INFO - 投票结果: 选择路径 0, 答案: 139, 置信度: 1.0
2025-08-06 07:50:22,161 - INFO - 投票结果: 选择路径 1, 答案: 36, 置信度: 0.4
2025-08-06 07:50:22,164 - INFO - 投票结果: 选择路径 1, 答案: 12, 置信度: 0.6
2025-08-06 07:50:22,167 - INFO - 投票结果: 选择路径 0, 答案: 12, 置信度: 1.0
2025-08-06 07:50:22,170 - INFO - 投票结果: 选择路径 0, 答案: 78, 置信度: 1.0
2025-08-06 07:50:22,173 - INFO - 投票结果: 选择路径 0, 答案: 3, 置信度: 1.0
2025-08-06 07:50:22,176 - INFO - 投票结果: 选择路径 0, 答案: 75, 置信度: 0.2
2025-08-06 07:50:22,179 - INFO - 投票结果: 选择路径 1, 答案: 163, 置信度: 0.3
2025-08-06 07:50:22,182 - INFO - 投票结果: 选择路径 1, 答案: 90, 置信度: 0.8
2025-08-06 07:50:22,185 - INFO - 投票结果: 选择路径 1, 答案: 180, 置信度: 0.3
2025-08-06 07:50:22,188 - INFO - 投票结果: 选择路径 5, 答案: 1260, 置信度: 0.2
2025-08-06 07:50:22,191 - INFO - 投票结果: 选择路径 1, 答案: 5, 置信度: 0.3
2025-08-06 07:50:22,194 - INFO - 投票结果: 选择路径 0, 答案: 90, 置信度: 1.0
2025-08-06 07:50:22,197 - INFO - 投票结果: 选择路径 0, 答案: 42, 置信度: 1.0
2025-08-06 07:50:22,200 - INFO - 投票结果: 选择路径 0, 答案: 162, 置信度: 1.0
2025-08-06 07:50:22,203 - INFO - 投票结果: 选择路径 0, 答案: 9, 置信度: 1.0
2025-08-06 07:50:22,206 - INFO - 投票结果: 选择路径 1, 答案: 53, 置信度: 0.3
2025-08-06 07:50:22,210 - INFO - 投票结果: 选择路径 1, 答案: 73, 置信度: 0.3
2025-08-06 07:50:22,213 - INFO - 投票结果: 选择路径 0, 答案: 14000, 置信度: 0.8
2025-08-06 07:50:22,216 - INFO - 投票结果: 选择路径 0, 答案: 45, 置信度: 0.6
2025-08-06 07:50:22,219 - INFO - 投票结果: 选择路径 0, 答案: 420, 置信度: 0.7
2025-08-06 07:50:22,222 - INFO - 投票结果: 选择路径 1, 答案: 15, 置信度: 0.7
2025-08-06 07:50:22,225 - INFO - 投票结果: 选择路径 0, 答案: 30, 置信度: 1.0
2025-08-06 07:50:22,228 - INFO - 投票结果: 选择路径 0, 答案: 280, 置信度: 1.0
2025-08-06 07:50:22,231 - INFO - 投票结果: 选择路径 0, 答案: 5, 置信度: 0.7
2025-08-06 07:50:22,234 - INFO - 投票结果: 选择路径 0, 答案: 135, 置信度: 1.0
2025-08-06 07:50:22,237 - INFO - 投票结果: 选择路径 0, 答案: 67, 置信度: 1.0
2025-08-06 07:50:22,240 - INFO - 投票结果: 选择路径 0, 答案: 1260, 置信度: 1.0
2025-08-06 07:50:22,243 - INFO - 投票结果: 选择路径 0, 答案: 80, 置信度: 1.0
2025-08-06 07:50:22,246 - INFO - 投票结果: 选择路径 1, 答案: 1220, 置信度: 0.3
2025-08-06 07:50:22,249 - INFO - 投票结果: 选择路径 0, 答案: 15, 置信度: 1.0
2025-08-06 07:50:22,252 - INFO - 投票结果: 选择路径 0, 答案: 12, 置信度: 1.0
2025-08-06 07:50:22,255 - INFO - 投票结果: 选择路径 0, 答案: 15, 置信度: 1.0
2025-08-06 07:50:22,259 - INFO - 投票结果: 选择路径 0, 答案: 221, 置信度: 1.0
2025-08-06 07:50:22,262 - INFO - 投票结果: 选择路径 0, 答案: 5, 置信度: 1.0
2025-08-06 07:50:22,265 - INFO - 投票结果: 选择路径 0, 答案: 11, 置信度: 0.8
2025-08-06 07:50:22,268 - INFO - 投票结果: 选择路径 2, 答案: 8400, 置信度: 0.6
2025-08-06 07:50:22,271 - INFO - 投票结果: 选择路径 0, 答案: 3000, 置信度: 1.0
2025-08-06 07:50:22,274 - INFO - 投票结果: 选择路径 0, 答案: 60, 置信度: 1.0
2025-08-06 07:50:22,277 - INFO - 投票结果: 选择路径 1, 答案: 826, 置信度: 0.4
2025-08-06 07:50:22,281 - INFO - 投票结果: 选择路径 1, 答案: 20, 置信度: 0.5
2025-08-06 07:50:22,284 - INFO - 投票结果: 选择路径 0, 答案: 9.75, 置信度: 0.7
2025-08-06 07:50:22,287 - INFO - 投票结果: 选择路径 0, 答案: 12, 置信度: 0.5
2025-08-06 07:50:22,290 - INFO - 投票结果: 选择路径 0, 答案: 480, 置信度: 1.0
2025-08-06 07:50:22,293 - INFO - 投票结果: 选择路径 0, 答案: 14400, 置信度: 0.8
2025-08-06 07:50:22,296 - INFO - 投票结果: 选择路径 0, 答案: 3, 置信度: 0.9
2025-08-06 07:50:22,299 - INFO - 投票结果: 选择路径 0, 答案: 250, 置信度: 1.0
2025-08-06 07:50:22,302 - INFO - 投票结果: 选择路径 0, 答案: 168, 置信度: 1.0
2025-08-06 07:50:22,306 - INFO - 投票结果: 选择路径 7, 答案: 2160, 置信度: 0.3
2025-08-06 07:50:22,309 - INFO - 投票结果: 选择路径 0, 答案: 120, 置信度: 0.8
2025-08-06 07:50:22,312 - INFO - 投票结果: 选择路径 0, 答案: 270, 置信度: 1.0
2025-08-06 07:50:22,315 - INFO - 投票结果: 选择路径 0, 答案: 26, 置信度: 1.0
2025-08-06 07:50:22,318 - INFO - 投票结果: 选择路径 0, 答案: 20, 置信度: 0.7
2025-08-06 07:50:22,321 - INFO - 投票结果: 选择路径 0, 答案: 15, 置信度: 0.4
2025-08-06 07:50:22,324 - INFO - 投票结果: 选择路径 0, 答案: 101, 置信度: 1.0
2025-08-06 07:50:22,327 - INFO - 投票结果: 选择路径 2, 答案: 230, 置信度: 0.2
2025-08-06 07:50:22,330 - INFO - 投票结果: 选择路径 0, 答案: 85, 置信度: 1.0
2025-08-06 07:50:22,333 - INFO - 投票结果: 选择路径 1, 答案: 3, 置信度: 0.5
2025-08-06 07:50:22,337 - INFO - 投票结果: 选择路径 1, 答案: 3200, 置信度: 0.4
2025-08-06 07:50:22,340 - INFO - 投票结果: 选择路径 0, 答案: 300, 置信度: 1.0
2025-08-06 07:50:22,343 - INFO - 投票结果: 选择路径 0, 答案: 31, 置信度: 1.0
2025-08-06 07:50:22,346 - INFO - 投票结果: 选择路径 0, 答案: 12, 置信度: 0.9
2025-08-06 07:50:22,349 - INFO - 投票结果: 选择路径 2, 答案: 2:00p, 置信度: 0.7
2025-08-06 07:50:22,352 - INFO - 投票结果: 选择路径 0, 答案: 3, 置信度: 1.0
2025-08-06 07:50:22,355 - INFO - 投票结果: 选择路径 1, 答案: 10, 置信度: 0.5
2025-08-06 07:50:22,358 - INFO - 投票结果: 选择路径 0, 答案: 45, 置信度: 1.0
2025-08-06 07:50:22,361 - INFO - 投票结果: 选择路径 0, 答案: 200, 置信度: 0.9
2025-08-06 07:50:22,364 - INFO - 投票结果: 选择路径 2, 答案: 34, 置信度: 0.3
2025-08-06 07:50:22,367 - INFO - 投票结果: 选择路径 0, 答案: 10, 置信度: 1.0
2025-08-06 07:50:22,370 - INFO - 投票结果: 选择路径 0, 答案: 98, 置信度: 0.9
2025-08-06 07:50:22,374 - INFO - 投票结果: 选择路径 5, 答案: 0, 置信度: 0.3
2025-08-06 07:50:22,377 - INFO - 投票结果: 选择路径 0, 答案: 45, 置信度: 0.6
2025-08-06 07:50:22,380 - INFO - 投票结果: 选择路径 5, 答案: 7.5, 置信度: 0.3
2025-08-06 07:50:22,383 - INFO - 投票结果: 选择路径 0, 答案: 8, 置信度: 0.8
2025-08-06 07:50:22,386 - INFO - 投票结果: 选择路径 0, 答案: 112.5, 置信度: 0.2
2025-08-06 07:50:22,389 - INFO - 投票结果: 选择路径 0, 答案: 70, 置信度: 1.0
2025-08-06 07:50:22,392 - INFO - 投票结果: 选择路径 0, 答案: 294, 置信度: 0.9
2025-08-06 07:50:22,395 - INFO - 投票结果: 选择路径 0, 答案: 5, 置信度: 0.5
2025-08-06 07:50:22,398 - INFO - 投票结果: 选择路径 0, 答案: 13, 置信度: 1.0
2025-08-06 07:50:22,401 - INFO - 投票结果: 选择路径 0, 答案: 195, 置信度: 0.9
2025-08-06 07:50:22,405 - INFO - 投票结果: 选择路径 0, 答案: 7, 置信度: 1.0
2025-08-06 07:50:22,408 - INFO - 投票结果: 选择路径 0, 答案: 1875, 置信度: 1.0
2025-08-06 07:50:22,411 - INFO - 投票结果: 选择路径 0, 答案: 385000, 置信度: 1.0
2025-08-06 07:50:22,414 - INFO - 投票结果: 选择路径 0, 答案: 85, 置信度: 1.0
2025-08-06 07:50:22,417 - INFO - 投票结果: 选择路径 0, 答案: 27, 置信度: 1.0
2025-08-06 07:50:22,420 - INFO - 投票结果: 选择路径 0, 答案: 159, 置信度: 1.0
2025-08-06 07:50:22,423 - INFO - 投票结果: 选择路径 0, 答案: 25, 置信度: 0.9
2025-08-06 07:50:22,426 - INFO - 投票结果: 选择路径 0, 答案: 720, 置信度: 1.0
2025-08-06 07:50:22,429 - INFO - 投票结果: 选择路径 0, 答案: 549, 置信度: 0.8
2025-08-06 07:50:22,433 - INFO - 投票结果: 选择路径 0, 答案: 7, 置信度: 1.0
2025-08-06 07:50:22,436 - INFO - 投票结果: 选择路径 0, 答案: 25, 置信度: 0.6
2025-08-06 07:50:22,439 - INFO - 投票结果: 选择路径 3, 答案: 90, 置信度: 0.5
2025-08-06 07:50:22,442 - INFO - 投票结果: 选择路径 0, 答案: 2, 置信度: 0.8
2025-08-06 07:50:22,445 - INFO - 投票结果: 选择路径 0, 答案: 22, 置信度: 0.9
2025-08-06 07:50:22,448 - INFO - 投票结果: 选择路径 1, 答案: 40, 置信度: 0.6
2025-08-06 07:50:22,451 - INFO - 投票结果: 选择路径 0, 答案: 50, 置信度: 0.3
2025-08-06 07:50:22,454 - INFO - 投票结果: 选择路径 1, 答案: 500, 置信度: 0.5
2025-08-06 07:50:22,457 - INFO - 投票结果: 选择路径 0, 答案: 10, 置信度: 0.9
2025-08-06 07:50:22,460 - INFO - 投票结果: 选择路径 3, 答案: 36, 置信度: 0.5
2025-08-06 07:50:22,464 - INFO - 投票结果: 选择路径 1, 答案: 17, 置信度: 0.7
2025-08-06 07:50:22,467 - INFO - 投票结果: 选择路径 0, 答案: 50, 置信度: 0.6
2025-08-06 07:50:22,470 - INFO - 投票结果: 选择路径 0, 答案: 96, 置信度: 0.6
2025-08-06 07:50:22,473 - INFO - 投票结果: 选择路径 1, 答案: 280, 置信度: 0.5
2025-08-06 07:50:22,476 - INFO - 投票结果: 选择路径 4, 答案: 60, 置信度: 0.4
2025-08-06 07:50:22,479 - INFO - 投票结果: 选择路径 0, 答案: 142, 置信度: 1.0
2025-08-06 07:50:22,482 - INFO - 投票结果: 选择路径 0, 答案: 5, 置信度: 0.7
2025-08-06 07:50:22,485 - INFO - 投票结果: 选择路径 0, 答案: 95, 置信度: 1.0
2025-08-06 07:50:22,488 - INFO - 投票结果: 选择路径 0, 答案: 175, 置信度: 1.0
2025-08-06 07:50:22,491 - INFO - 投票结果: 选择路径 0, 答案: 20, 置信度: 1.0
2025-08-06 07:50:22,494 - INFO - 投票结果: 选择路径 0, 答案: 15, 置信度: 1.0
2025-08-06 07:50:22,498 - INFO - 投票结果: 选择路径 1, 答案: 370, 置信度: 0.8
2025-08-06 07:50:22,501 - INFO - 投票结果: 选择路径 0, 答案: 2, 置信度: 0.4
2025-08-06 07:50:22,504 - INFO - 投票结果: 选择路径 0, 答案: 2, 置信度: 1.0
2025-08-06 07:50:22,507 - INFO - 投票结果: 选择路径 0, 答案: 120, 置信度: 0.6
2025-08-06 07:50:22,510 - INFO - 投票结果: 选择路径 0, 答案: 70, 置信度: 1.0
2025-08-06 07:50:22,513 - INFO - 投票结果: 选择路径 0, 答案: 17000, 置信度: 0.9
2025-08-06 07:50:22,516 - INFO - 投票结果: 选择路径 0, 答案: 57, 置信度: 0.9
2025-08-06 07:50:22,519 - INFO - 投票结果: 选择路径 0, 答案: 1260, 置信度: 1.0
2025-08-06 07:50:22,522 - INFO - 投票结果: 选择路径 0, 答案: 4500, 置信度: 1.0
2025-08-06 07:50:22,525 - INFO - 投票结果: 选择路径 0, 答案: 5, 置信度: 0.7
2025-08-06 07:50:22,528 - INFO - 投票结果: 选择路径 0, 答案: 360, 置信度: 1.0
2025-08-06 07:50:22,531 - INFO - 投票结果: 选择路径 0, 答案: 50, 置信度: 0.6
2025-08-06 07:50:22,534 - INFO - 投票结果: 选择路径 3, 答案: 95, 置信度: 0.3
2025-08-06 07:50:22,538 - INFO - 投票结果: 选择路径 0, 答案: 2, 置信度: 0.9
2025-08-06 07:50:22,541 - INFO - 投票结果: 选择路径 0, 答案: 7.17, 置信度: 0.5
2025-08-06 07:50:22,544 - INFO - 投票结果: 选择路径 1, 答案: 5760, 置信度: 0.8
2025-08-06 07:50:22,547 - INFO - 投票结果: 选择路径 0, 答案: 35, 置信度: 0.8
2025-08-06 07:50:22,550 - INFO - 投票结果: 选择路径 1, 答案: 27, 置信度: 0.4
2025-08-06 07:50:22,553 - INFO - 投票结果: 选择路径 0, 答案: 7, 置信度: 0.7
2025-08-06 07:50:22,556 - INFO - 投票结果: 选择路径 0, 答案: 3, 置信度: 1.0
2025-08-06 07:50:22,559 - INFO - 投票结果: 选择路径 1, 答案: 147, 置信度: 0.3
2025-08-06 07:50:22,563 - INFO - 投票结果: 选择路径 0, 答案: 280, 置信度: 0.7
2025-08-06 07:50:22,566 - INFO - 投票结果: 选择路径 1, 答案: 16, 置信度: 0.7
2025-08-06 07:50:22,569 - INFO - 投票结果: 选择路径 0, 答案: 10, 置信度: 1.0
2025-08-06 07:50:22,572 - INFO - 投票结果: 选择路径 0, 答案: 101, 置信度: 1.0
2025-08-06 07:50:22,575 - INFO - 投票结果: 选择路径 1, 答案: 12, 置信度: 0.8
2025-08-06 07:50:22,578 - INFO - 投票结果: 选择路径 0, 答案: 78, 置信度: 0.9
2025-08-06 07:50:22,581 - INFO - 投票结果: 选择路径 0, 答案: 16, 置信度: 1.0
2025-08-06 07:50:22,584 - INFO - 投票结果: 选择路径 0, 答案: 8, 置信度: 0.8
2025-08-06 07:50:22,588 - INFO - 投票结果: 选择路径 0, 答案: 20, 置信度: 0.5
2025-08-06 07:50:22,591 - INFO - 投票结果: 选择路径 1, 答案: 280, 置信度: 0.6
2025-08-06 07:50:22,594 - INFO - 投票结果: 选择路径 1, 答案: 47.25, 置信度: 0.3
2025-08-06 07:50:22,597 - INFO - 投票结果: 选择路径 1, 答案: 105, 置信度: 0.8
2025-08-06 07:50:22,600 - INFO - 投票结果: 选择路径 2, 答案: 16, 置信度: 0.5
2025-08-06 07:50:22,603 - INFO - 投票结果: 选择路径 0, 答案: 6, 置信度: 1.0
2025-08-06 07:50:22,606 - INFO - 投票结果: 选择路径 0, 答案: 120, 置信度: 0.3
2025-08-06 07:50:22,609 - INFO - 投票结果: 选择路径 0, 答案: 770, 置信度: 1.0
2025-08-06 07:50:22,612 - INFO - 投票结果: 选择路径 0, 答案: 28, 置信度: 1.0
2025-08-06 07:50:22,615 - INFO - 投票结果: 选择路径 2, 答案: 25, 置信度: 0.3
2025-08-06 07:50:22,618 - INFO - 投票结果: 选择路径 0, 答案: 1630, 置信度: 0.9
2025-08-06 07:50:22,621 - INFO - 投票结果: 选择路径 0, 答案: 55, 置信度: 0.9
2025-08-06 07:50:22,625 - INFO - 投票结果: 选择路径 0, 答案: 58, 置信度: 0.6
2025-08-06 07:50:22,628 - INFO - 投票结果: 选择路径 0, 答案: 11, 置信度: 1.0
2025-08-06 07:50:22,631 - INFO - 投票结果: 选择路径 0, 答案: 3, 置信度: 1.0
2025-08-06 07:50:22,634 - INFO - 投票结果: 选择路径 0, 答案: 20, 置信度: 0.9
2025-08-06 07:50:22,637 - INFO - 投票结果: 选择路径 0, 答案: 15, 置信度: 0.8
2025-08-06 07:50:22,640 - INFO - 投票结果: 选择路径 3, 答案: 6, 置信度: 0.4
2025-08-06 07:50:22,643 - INFO - 投票结果: 选择路径 0, 答案: 70, 置信度: 0.8
2025-08-06 07:50:22,646 - INFO - 投票结果: 选择路径 0, 答案: 63, 置信度: 1.0
2025-08-06 07:50:22,649 - INFO - 投票结果: 选择路径 1, 答案: 14, 置信度: 0.7
2025-08-06 07:50:22,652 - INFO - 投票结果: 选择路径 0, 答案: 11, 置信度: 1.0
2025-08-06 07:50:22,656 - INFO - 投票结果: 选择路径 0, 答案: 153, 置信度: 0.9
2025-08-06 07:50:22,659 - INFO - 投票结果: 选择路径 0, 答案: 15, 置信度: 1.0
2025-08-06 07:50:22,662 - INFO - 投票结果: 选择路径 0, 答案: 115, 置信度: 0.1
2025-08-06 07:50:22,665 - INFO - 投票结果: 选择路径 1, 答案: 175, 置信度: 0.5
2025-08-06 07:50:22,668 - INFO - 投票结果: 选择路径 0, 答案: 600, 置信度: 0.9
2025-08-06 07:50:22,671 - INFO - 投票结果: 选择路径 1, 答案: 20, 置信度: 0.7
2025-08-06 07:50:22,674 - INFO - 投票结果: 选择路径 0, 答案: 12, 置信度: 0.9
2025-08-06 07:50:22,677 - INFO - 投票结果: 选择路径 1, 答案: 87, 置信度: 0.9
2025-08-06 07:50:22,680 - INFO - 投票结果: 选择路径 3, 答案: 54, 置信度: 0.5
2025-08-06 07:50:22,683 - INFO - 投票结果: 选择路径 0, 答案: 10, 置信度: 0.7
2025-08-06 07:50:22,686 - INFO - 投票结果: 选择路径 0, 答案: 18, 置信度: 1.0
2025-08-06 07:50:22,690 - INFO - 投票结果: 选择路径 0, 答案: 230, 置信度: 1.0
2025-08-06 07:50:22,693 - INFO - 投票结果: 选择路径 1, 答案: 10, 置信度: 0.6
2025-08-06 07:50:22,696 - INFO - 投票结果: 选择路径 0, 答案: 1198, 置信度: 0.6
2025-08-06 07:50:22,699 - INFO - 投票结果: 选择路径 0, 答案: 2325, 置信度: 0.9
2025-08-06 07:50:22,702 - INFO - 投票结果: 选择路径 0, 答案: 80, 置信度: 1.0
2025-08-06 07:50:22,705 - INFO - 投票结果: 选择路径 0, 答案: 880, 置信度: 1.0
2025-08-06 07:50:22,708 - INFO - 投票结果: 选择路径 1, 答案: 5, 置信度: 0.8
2025-08-06 07:50:22,711 - INFO - 投票结果: 选择路径 0, 答案: 45, 置信度: 0.8
2025-08-06 07:50:22,714 - INFO - 投票结果: 选择路径 0, 答案: 75, 置信度: 1.0
2025-08-06 07:50:22,717 - INFO - 投票结果: 选择路径 0, 答案: 4, 置信度: 0.9
2025-08-06 07:50:22,720 - INFO - 投票结果: 选择路径 0, 答案: 350, 置信度: 1.0
2025-08-06 07:50:22,723 - INFO - 投票结果: 选择路径 0, 答案: 200, 置信度: 1.0
2025-08-06 07:50:22,727 - INFO - 投票结果: 选择路径 0, 答案: 1000, 置信度: 0.8
2025-08-06 07:50:22,730 - INFO - 投票结果: 选择路径 0, 答案: 21, 置信度: 1.0
2025-08-06 07:50:22,733 - INFO - 投票结果: 选择路径 0, 答案: 19, 置信度: 1.0
2025-08-06 07:50:22,736 - INFO - 投票结果: 选择路径 0, 答案: 13, 置信度: 0.9
2025-08-06 07:50:22,739 - INFO - 投票结果: 选择路径 2, 答案: 10, 置信度: 0.5
2025-08-06 07:50:22,742 - INFO - 投票结果: 选择路径 0, 答案: 440, 置信度: 1.0
2025-08-06 07:50:22,745 - INFO - 投票结果: 选择路径 0, 答案: 48, 置信度: 1.0
2025-08-06 07:50:22,748 - INFO - 投票结果: 选择路径 0, 答案: 33, 置信度: 0.6
2025-08-06 07:50:22,751 - INFO - 投票结果: 选择路径 0, 答案: 64, 置信度: 0.3
2025-08-06 07:50:22,755 - INFO - 投票结果: 选择路径 0, 答案: 22, 置信度: 1.0
2025-08-06 07:50:22,758 - INFO - 投票结果: 选择路径 0, 答案: 57500, 置信度: 1.0
2025-08-06 07:50:22,761 - INFO - 投票结果: 选择路径 0, 答案: 35, 置信度: 1.0
2025-08-06 07:50:22,764 - INFO - 投票结果: 选择路径 0, 答案: 26, 置信度: 0.9
2025-08-06 07:50:22,767 - INFO - 投票结果: 选择路径 2, 答案: 20, 置信度: 0.4
2025-08-06 07:50:22,770 - INFO - 投票结果: 选择路径 0, 答案: 27000, 置信度: 1.0
2025-08-06 07:50:22,773 - INFO - 投票结果: 选择路径 0, 答案: 157, 置信度: 1.0
2025-08-06 07:50:22,776 - INFO - 投票结果: 选择路径 0, 答案: 14, 置信度: 1.0
2025-08-06 07:50:22,779 - INFO - 投票结果: 选择路径 0, 答案: 26, 置信度: 1.0
2025-08-06 07:50:22,784 - INFO - 投票结果: 选择路径 1, 答案: 966.306, 置信度: 0.4
2025-08-06 07:50:22,787 - INFO - 投票结果: 选择路径 0, 答案: 12, 置信度: 1.0
2025-08-06 07:50:22,790 - INFO - 投票结果: 选择路径 5, 答案: 11, 置信度: 0.3
2025-08-06 07:50:22,793 - INFO - 投票结果: 选择路径 0, 答案: 366, 置信度: 1.0
2025-08-06 07:50:22,796 - INFO - 投票结果: 选择路径 2, 答案: 195, 置信度: 0.7
2025-08-06 07:50:22,799 - INFO - 投票结果: 选择路径 0, 答案: 90, 置信度: 1.0
2025-08-06 07:50:22,802 - INFO - 投票结果: 选择路径 0, 答案: 10, 置信度: 0.7
2025-08-06 07:50:22,805 - INFO - 投票结果: 选择路径 0, 答案: 400, 置信度: 1.0
2025-08-06 07:50:22,809 - INFO - 投票结果: 选择路径 0, 答案: 6, 置信度: 0.8
2025-08-06 07:50:22,812 - INFO - 投票结果: 选择路径 0, 答案: 17, 置信度: 1.0
2025-08-06 07:50:22,815 - INFO - 投票结果: 选择路径 0, 答案: 80, 置信度: 0.9
2025-08-06 07:50:22,818 - INFO - 投票结果: 选择路径 0, 答案: 11, 置信度: 0.4
2025-08-06 07:50:22,821 - INFO - 投票结果: 选择路径 0, 答案: 44, 置信度: 1.0
2025-08-06 07:50:22,824 - INFO - 投票结果: 选择路径 0, 答案: 48, 置信度: 0.5
2025-08-06 07:50:22,827 - INFO - 投票结果: 选择路径 0, 答案: 27, 置信度: 1.0
2025-08-06 07:50:22,830 - INFO - 投票结果: 选择路径 1, 答案: 120, 置信度: 0.9
2025-08-06 07:50:22,833 - INFO - 投票结果: 选择路径 0, 答案: 12, 置信度: 1.0
2025-08-06 07:50:22,836 - INFO - 投票结果: 选择路径 0, 答案: 5, 置信度: 1.0
2025-08-06 07:50:22,839 - INFO - 投票结果: 选择路径 0, 答案: 36, 置信度: 1.0
2025-08-06 07:50:22,842 - INFO - 投票结果: 选择路径 0, 答案: 9, 置信度: 1.0
2025-08-06 07:50:22,846 - INFO - 投票结果: 选择路径 0, 答案: 2, 置信度: 1.0
2025-08-06 07:50:22,849 - INFO - 投票结果: 选择路径 0, 答案: 38, 置信度: 0.4
2025-08-06 07:50:22,852 - INFO - 投票结果: 选择路径 0, 答案: 70, 置信度: 1.0
2025-08-06 07:50:22,855 - INFO - 投票结果: 选择路径 0, 答案: 3160, 置信度: 0.3
2025-08-06 07:50:22,858 - INFO - 投票结果: 选择路径 0, 答案: 3200, 置信度: 1.0
2025-08-06 07:50:22,861 - INFO - 投票结果: 选择路径 0, 答案: 142, 置信度: 0.4
2025-08-06 07:50:22,864 - INFO - 投票结果: 选择路径 0, 答案: 90, 置信度: 1.0
2025-08-06 07:50:22,867 - INFO - 投票结果: 选择路径 0, 答案: 200, 置信度: 0.9
2025-08-06 07:50:22,870 - INFO - 投票结果: 选择路径 1, 答案: 330000, 置信度: 0.6
2025-08-06 07:50:22,873 - INFO - 投票结果: 选择路径 0, 答案: 9, 置信度: 1.0
2025-08-06 07:50:22,877 - INFO - 投票结果: 选择路径 0, 答案: 10, 置信度: 1.0
2025-08-06 07:50:22,880 - INFO - 投票结果: 选择路径 0, 答案: 40, 置信度: 0.5
2025-08-06 07:50:22,883 - INFO - 投票结果: 选择路径 0, 答案: 700, 置信度: 1.0
2025-08-06 07:50:22,886 - INFO - 投票结果: 选择路径 0, 答案: 12, 置信度: 1.0
2025-08-06 07:50:22,889 - INFO - 投票结果: 选择路径 0, 答案: 3, 置信度: 1.0
2025-08-06 07:50:22,892 - INFO - 投票结果: 选择路径 0, 答案: 320, 置信度: 0.9
2025-08-06 07:50:22,895 - INFO - 投票结果: 选择路径 0, 答案: 50, 置信度: 0.4
2025-08-06 07:50:22,898 - INFO - 投票结果: 选择路径 0, 答案: 50, 置信度: 0.7
2025-08-06 07:50:22,901 - INFO - 投票结果: 选择路径 0, 答案: 50, 置信度: 1.0
2025-08-06 07:50:22,904 - INFO - 投票结果: 选择路径 2, 答案: 2050, 置信度: 0.4
2025-08-06 07:50:22,907 - INFO - 投票结果: 选择路径 1, 答案: 12, 置信度: 0.6
2025-08-06 07:50:22,910 - INFO - 投票结果: 选择路径 0, 答案: 2640, 置信度: 0.9
2025-08-06 07:50:22,913 - INFO - 投票结果: 选择路径 0, 答案: 98, 置信度: 1.0
2025-08-06 07:50:22,916 - INFO - 投票结果: 选择路径 0, 答案: 19, 置信度: 1.0
2025-08-06 07:50:22,920 - INFO - 投票结果: 选择路径 0, 答案: 21, 置信度: 1.0
2025-08-06 07:50:22,923 - INFO - 投票结果: 选择路径 1, 答案: 5, 置信度: 0.8
2025-08-06 07:50:22,926 - INFO - 投票结果: 选择路径 0, 答案: 30, 置信度: 1.0
2025-08-06 07:50:22,929 - INFO - 投票结果: 选择路径 0, 答案: 34, 置信度: 0.9
2025-08-06 07:50:22,932 - INFO - 投票结果: 选择路径 0, 答案: 48, 置信度: 0.6
2025-08-06 07:50:22,936 - INFO - 投票结果: 选择路径 0, 答案: 7, 置信度: 1.0
2025-08-06 07:50:22,939 - INFO - 投票结果: 选择路径 0, 答案: 50, 置信度: 1.0
2025-08-06 07:50:22,942 - INFO - 投票结果: 选择路径 0, 答案: 25, 置信度: 1.0
2025-08-06 07:50:22,945 - INFO - 投票结果: 选择路径 0, 答案: 500, 置信度: 1.0
2025-08-06 07:50:22,948 - INFO - 投票结果: 选择路径 0, 答案: 300, 置信度: 1.0
2025-08-06 07:50:22,951 - INFO - 投票结果: 选择路径 0, 答案: 842, 置信度: 1.0
2025-08-06 07:50:22,954 - INFO - 投票结果: 选择路径 1, 答案: 600, 置信度: 0.9
2025-08-06 07:50:22,957 - INFO - 投票结果: 选择路径 4, 答案: 160, 置信度: 0.4
2025-08-06 07:50:22,960 - INFO - 投票结果: 选择路径 0, 答案: 32, 置信度: 0.9
2025-08-06 07:50:22,963 - INFO - 投票结果: 选择路径 0, 答案: 15, 置信度: 0.9
2025-08-06 07:50:22,966 - INFO - 投票结果: 选择路径 0, 答案: 243, 置信度: 1.0
2025-08-06 07:50:22,969 - INFO - 投票结果: 选择路径 0, 答案: 60, 置信度: 0.9
2025-08-06 07:50:22,973 - INFO - 投票结果: 选择路径 0, 答案: 1218, 置信度: 1.0
2025-08-06 07:50:22,976 - INFO - 投票结果: 选择路径 2, 答案: 16, 置信度: 0.7
2025-08-06 07:50:22,979 - INFO - 投票结果: 选择路径 0, 答案: 40, 置信度: 1.0
2025-08-06 07:50:22,982 - INFO - 投票结果: 选择路径 0, 答案: 1210, 置信度: 1.0
2025-08-06 07:50:22,985 - INFO - 投票结果: 选择路径 0, 答案: 50, 置信度: 1.0
2025-08-06 07:50:22,988 - INFO - 投票结果: 选择路径 0, 答案: 12, 置信度: 1.0
2025-08-06 07:50:22,991 - INFO - 投票结果: 选择路径 1, 答案: 3528, 置信度: 0.9
2025-08-06 07:50:22,994 - INFO - 投票结果: 选择路径 1, 答案: 150, 置信度: 0.6
2025-08-06 07:50:22,997 - INFO - 投票结果: 选择路径 0, 答案: 1050, 置信度: 1.0
2025-08-06 07:50:23,000 - INFO - 投票结果: 选择路径 0, 答案: 2304, 置信度: 1.0
2025-08-06 07:50:23,003 - INFO - 投票结果: 选择路径 0, 答案: 115, 置信度: 0.3
2025-08-06 07:50:23,006 - INFO - 投票结果: 选择路径 0, 答案: 70000, 置信度: 0.3
2025-08-06 07:50:23,010 - INFO - 投票结果: 选择路径 0, 答案: 410, 置信度: 0.8
2025-08-06 07:50:23,013 - INFO - 投票结果: 选择路径 0, 答案: 32, 置信度: 1.0
2025-08-06 07:50:23,016 - INFO - 投票结果: 选择路径 0, 答案: 120, 置信度: 0.8
2025-08-06 07:50:23,019 - INFO - 投票结果: 选择路径 0, 答案: 29, 置信度: 0.9
2025-08-06 07:50:23,022 - INFO - 投票结果: 选择路径 1, 答案: 200, 置信度: 0.5
2025-08-06 07:50:23,025 - INFO - 投票结果: 选择路径 0, 答案: 80, 置信度: 0.7
2025-08-06 07:50:23,028 - INFO - 投票结果: 选择路径 0, 答案: 200, 置信度: 0.9
2025-08-06 07:50:23,031 - INFO - 投票结果: 选择路径 0, 答案: 2, 置信度: 0.8
2025-08-06 07:50:23,034 - INFO - 投票结果: 选择路径 0, 答案: 9, 置信度: 1.0
2025-08-06 07:50:23,037 - INFO - 投票结果: 选择路径 0, 答案: 100, 置信度: 1.0
2025-08-06 07:50:23,040 - INFO - 投票结果: 选择路径 0, 答案: 40, 置信度: 1.0
2025-08-06 07:50:23,044 - INFO - 投票结果: 选择路径 2, 答案: 50, 置信度: 0.4
2025-08-06 07:50:23,047 - INFO - 投票结果: 选择路径 0, 答案: 5600, 置信度: 0.8
2025-08-06 07:50:23,050 - INFO - 投票结果: 选择路径 0, 答案: 5, 置信度: 0.9
2025-08-06 07:50:23,053 - INFO - 投票结果: 选择路径 0, 答案: 600, 置信度: 1.0
2025-08-06 07:50:23,056 - INFO - 投票结果: 选择路径 0, 答案: 6, 置信度: 1.0
2025-08-06 07:50:23,059 - INFO - 投票结果: 选择路径 0, 答案: 1, 置信度: 1.0
2025-08-06 07:50:23,062 - INFO - 投票结果: 选择路径 0, 答案: 360, 置信度: 1.0
2025-08-06 07:50:23,065 - INFO - 投票结果: 选择路径 0, 答案: 45, 置信度: 1.0
2025-08-06 07:50:23,068 - INFO - 投票结果: 选择路径 0, 答案: 310, 置信度: 1.0
2025-08-06 07:50:23,071 - INFO - 投票结果: 选择路径 0, 答案: 5, 置信度: 0.5
2025-08-06 07:50:23,075 - INFO - 投票结果: 选择路径 0, 答案: 30, 置信度: 1.0
2025-08-06 07:50:23,078 - INFO - 投票结果: 选择路径 0, 答案: 220, 置信度: 1.0
2025-08-06 07:50:23,081 - INFO - 投票结果: 选择路径 0, 答案: 310, 置信度: 1.0
2025-08-06 07:50:23,084 - INFO - 投票结果: 选择路径 0, 答案: 250, 置信度: 0.8
2025-08-06 07:50:23,087 - INFO - 投票结果: 选择路径 1, 答案: 118000, 置信度: 0.5
2025-08-06 07:50:23,090 - INFO - 投票结果: 选择路径 0, 答案: 160, 置信度: 1.0
2025-08-06 07:50:23,093 - INFO - 投票结果: 选择路径 0, 答案: 4, 置信度: 0.7
2025-08-06 07:50:23,096 - INFO - 投票结果: 选择路径 0, 答案: 6, 置信度: 1.0
2025-08-06 07:50:23,099 - INFO - 投票结果: 选择路径 1, 答案: 64, 置信度: 0.7
2025-08-06 07:50:23,102 - INFO - 投票结果: 选择路径 0, 答案: 335, 置信度: 1.0
2025-08-06 07:50:23,105 - INFO - 投票结果: 选择路径 0, 答案: 44, 置信度: 1.0
2025-08-06 07:50:23,108 - INFO - 投票结果: 选择路径 0, 答案: 216, 置信度: 1.0
2025-08-06 07:50:23,112 - INFO - 投票结果: 选择路径 0, 答案: 40, 置信度: 0.9
2025-08-06 07:50:23,115 - INFO - 投票结果: 选择路径 0, 答案: 6, 置信度: 0.6
2025-08-06 07:50:23,118 - INFO - 投票结果: 选择路径 0, 答案: 135, 置信度: 0.8
2025-08-06 07:50:23,121 - INFO - 投票结果: 选择路径 0, 答案: 16, 置信度: 0.5
2025-08-06 07:50:23,124 - INFO - 投票结果: 选择路径 0, 答案: 6, 置信度: 1.0
2025-08-06 07:50:23,127 - INFO - 投票结果: 选择路径 0, 答案: 17, 置信度: 1.0
2025-08-06 07:50:23,130 - INFO - 投票结果: 选择路径 0, 答案: 540, 置信度: 0.9
2025-08-06 07:50:23,133 - INFO - 投票结果: 选择路径 0, 答案: 621, 置信度: 0.8
2025-08-06 07:50:23,136 - INFO - 投票结果: 选择路径 0, 答案: 120, 置信度: 1.0
2025-08-06 07:50:23,139 - INFO - 投票结果: 选择路径 0, 答案: 56, 置信度: 0.9
2025-08-06 07:50:23,142 - INFO - 投票结果: 选择路径 0, 答案: 2, 置信度: 1.0
2025-08-06 07:50:23,145 - INFO - 投票结果: 选择路径 0, 答案: 3, 置信度: 1.0
2025-08-06 07:50:23,148 - INFO - 投票结果: 选择路径 0, 答案: 104, 置信度: 0.9
2025-08-06 07:50:23,151 - INFO - 投票结果: 选择路径 0, 答案: 5, 置信度: 1.0
2025-08-06 07:50:23,154 - INFO - 投票结果: 选择路径 0, 答案: 21, 置信度: 0.7
2025-08-06 07:50:23,158 - INFO - 投票结果: 选择路径 0, 答案: 6, 置信度: 1.0
2025-08-06 07:50:23,161 - INFO - 投票结果: 选择路径 1, 答案: 63.33, 置信度: 0.6
2025-08-06 07:50:23,164 - INFO - 投票结果: 选择路径 0, 答案: 10, 置信度: 1.0
2025-08-06 07:50:23,167 - INFO - 投票结果: 选择路径 0, 答案: 9, 置信度: 0.6
2025-08-06 07:50:23,170 - INFO - 投票结果: 选择路径 0, 答案: 5, 置信度: 1.0
2025-08-06 07:50:23,173 - INFO - 投票结果: 选择路径 1, 答案: 16, 置信度: 0.8
2025-08-06 07:50:23,176 - INFO - 投票结果: 选择路径 0, 答案: 296, 置信度: 0.9
2025-08-06 07:50:23,179 - INFO - 投票结果: 选择路径 0, 答案: 750, 置信度: 0.6
2025-08-06 07:50:23,182 - INFO - 投票结果: 选择路径 0, 答案: 2, 置信度: 0.6
2025-08-06 07:50:23,185 - INFO - 投票结果: 选择路径 0, 答案: 4, 置信度: 1.0
2025-08-06 07:50:23,188 - INFO - 投票结果: 选择路径 0, 答案: 25, 置信度: 1.0
2025-08-06 07:50:23,191 - INFO - 投票结果: 选择路径 0, 答案: 210, 置信度: 0.7
2025-08-06 07:50:23,194 - INFO - 投票结果: 选择路径 1, 答案: 2, 置信度: 0.5
2025-08-06 07:50:23,197 - INFO - 投票结果: 选择路径 0, 答案: 35, 置信度: 0.8
2025-08-06 07:50:23,200 - INFO - 投票结果: 选择路径 0, 答案: 24, 置信度: 0.9
2025-08-06 07:50:23,204 - INFO - 投票结果: 选择路径 0, 答案: \frac{40}{3}, 置信度: 0.2
2025-08-06 07:50:23,207 - INFO - 投票结果: 选择路径 0, 答案: 69, 置信度: 0.9
2025-08-06 07:50:23,210 - INFO - 投票结果: 选择路径 0, 答案: 168, 置信度: 1.0
2025-08-06 07:50:23,213 - INFO - 投票结果: 选择路径 0, 答案: 20, 置信度: 1.0
2025-08-06 07:50:23,216 - INFO - 投票结果: 选择路径 0, 答案: 4, 置信度: 1.0
2025-08-06 07:50:23,219 - INFO - 投票结果: 选择路径 0, 答案: 1596, 置信度: 0.9
2025-08-06 07:50:23,222 - INFO - 投票结果: 选择路径 0, 答案: 150, 置信度: 0.2
2025-08-06 07:50:23,225 - INFO - 投票结果: 选择路径 0, 答案: 20, 置信度: 1.0
2025-08-06 07:50:23,228 - INFO - 投票结果: 选择路径 0, 答案: 2, 置信度: 1.0
2025-08-06 07:50:23,231 - INFO - 投票结果: 选择路径 1, 答案: 14, 置信度: 0.3
2025-08-06 07:50:23,234 - INFO - 投票结果: 选择路径 0, 答案: 3140, 置信度: 0.9
2025-08-06 07:50:23,237 - INFO - 投票结果: 选择路径 0, 答案: 4, 置信度: 1.0
2025-08-06 07:50:23,241 - INFO - 投票结果: 选择路径 0, 答案: 81, 置信度: 1.0
2025-08-06 07:50:23,244 - INFO - 投票结果: 选择路径 1, 答案: 50, 置信度: 0.5
2025-08-06 07:50:23,247 - INFO - 投票结果: 选择路径 0, 答案: 1400, 置信度: 0.6
2025-08-06 07:50:23,250 - INFO - 投票结果: 选择路径 0, 答案: 25, 置信度: 0.3
2025-08-06 07:50:23,253 - INFO - 投票结果: 选择路径 2, 答案: 30, 置信度: 0.7
2025-08-06 07:50:23,256 - INFO - 投票结果: 选择路径 0, 答案: 26, 置信度: 1.0
2025-08-06 07:50:23,259 - INFO - 投票结果: 选择路径 0, 答案: 13, 置信度: 1.0
2025-08-06 07:50:23,262 - INFO - 投票结果: 选择路径 0, 答案: 623, 置信度: 0.6
2025-08-06 07:50:23,265 - INFO - 投票结果: 选择路径 1, 答案: 92, 置信度: 0.9
2025-08-06 07:50:23,268 - INFO - 投票结果: 选择路径 1, 答案: 20, 置信度: 0.5
2025-08-06 07:50:23,272 - INFO - 投票结果: 选择路径 0, 答案: 55, 置信度: 1.0
2025-08-06 07:50:23,275 - INFO - 投票结果: 选择路径 0, 答案: 90, 置信度: 0.9
2025-08-06 07:50:23,278 - INFO - 投票结果: 选择路径 1, 答案: 75, 置信度: 0.5
2025-08-06 07:50:23,281 - INFO - 投票结果: 选择路径 0, 答案: 10, 置信度: 1.0
2025-08-06 07:50:23,284 - INFO - 投票结果: 选择路径 0, 答案: 70, 置信度: 1.0
2025-08-06 07:50:23,287 - INFO - 投票结果: 选择路径 0, 答案: 4, 置信度: 0.4
2025-08-06 07:50:23,290 - INFO - 投票结果: 选择路径 0, 答案: 2450, 置信度: 0.9
2025-08-06 07:50:23,293 - INFO - 投票结果: 选择路径 0, 答案: 20, 置信度: 0.6
2025-08-06 07:50:23,296 - INFO - 投票结果: 选择路径 3, 答案: 378000, 置信度: 0.5
2025-08-06 07:50:23,299 - INFO - 投票结果: 选择路径 0, 答案: 38, 置信度: 0.9
2025-08-06 07:50:23,302 - INFO - 投票结果: 选择路径 0, 答案: 300, 置信度: 0.9
2025-08-06 07:50:23,305 - INFO - 投票结果: 选择路径 0, 答案: 75, 置信度: 1.0
2025-08-06 07:50:23,309 - INFO - 投票结果: 选择路径 0, 答案: 1800, 置信度: 0.6
2025-08-06 07:50:23,312 - INFO - 投票结果: 选择路径 0, 答案: 18, 置信度: 0.9
2025-08-06 07:50:23,315 - INFO - 投票结果: 选择路径 0, 答案: 9500, 置信度: 0.9
2025-08-06 07:50:23,318 - INFO - 投票结果: 选择路径 0, 答案: 7, 置信度: 1.0
2025-08-06 07:50:23,321 - INFO - 投票结果: 选择路径 0, 答案: 336, 置信度: 1.0
2025-08-06 07:50:23,324 - INFO - 投票结果: 选择路径 6, 答案: 48, 置信度: 0.2
2025-08-06 07:50:23,327 - INFO - 投票结果: 选择路径 0, 答案: 78, 置信度: 1.0
2025-08-06 07:50:23,330 - INFO - 投票结果: 选择路径 3, 答案: 155, 置信度: 0.5
2025-08-06 07:50:23,333 - INFO - 投票结果: 选择路径 1, 答案: 15, 置信度: 0.4
2025-08-06 07:50:23,336 - INFO - 投票结果: 选择路径 0, 答案: 375, 置信度: 0.9
2025-08-06 07:50:23,339 - INFO - 投票结果: 选择路径 0, 答案: 54, 置信度: 0.8
2025-08-06 07:50:23,342 - INFO - 投票结果: 选择路径 0, 答案: 6400, 置信度: 0.7
2025-08-06 07:50:23,346 - INFO - 投票结果: 选择路径 0, 答案: 14, 置信度: 0.5
2025-08-06 07:50:23,349 - INFO - 投票结果: 选择路径 2, 答案: 84, 置信度: 0.5
2025-08-06 07:50:23,352 - INFO - 投票结果: 选择路径 1, 答案: 100, 置信度: 0.4
2025-08-06 07:50:23,355 - INFO - 投票结果: 选择路径 0, 答案: 450, 置信度: 1.0
2025-08-06 07:50:23,358 - INFO - 投票结果: 选择路径 0, 答案: 6000, 置信度: 0.6
2025-08-06 07:50:23,361 - INFO - 投票结果: 选择路径 1, 答案: 43, 置信度: 0.3
2025-08-06 07:50:23,364 - INFO - 投票结果: 选择路径 0, 答案: 6, 置信度: 1.0
2025-08-06 07:50:23,367 - INFO - 投票结果: 选择路径 0, 答案: 1200, 置信度: 0.9
2025-08-06 07:50:23,370 - INFO - 投票结果: 选择路径 0, 答案: 24, 置信度: 0.8
2025-08-06 07:50:23,374 - INFO - 投票结果: 选择路径 0, 答案: 13, 置信度: 0.3
2025-08-06 07:50:23,377 - INFO - 投票结果: 选择路径 0, 答案: 28.33, 置信度: 0.8
2025-08-06 07:50:23,380 - INFO - 投票结果: 选择路径 0, 答案: 230, 置信度: 0.8
2025-08-06 07:50:23,383 - INFO - 投票结果: 选择路径 3, 答案: 5.25, 置信度: 0.3
2025-08-06 07:50:23,386 - INFO - 投票结果: 选择路径 0, 答案: 40, 置信度: 0.3
2025-08-06 07:50:23,389 - INFO - 投票结果: 选择路径 0, 答案: 14, 置信度: 0.9
2025-08-06 07:50:23,392 - INFO - 投票结果: 选择路径 0, 答案: 20, 置信度: 1.0
2025-08-06 07:50:23,395 - INFO - 投票结果: 选择路径 0, 答案: 180, 置信度: 0.5
2025-08-06 07:50:23,398 - INFO - 投票结果: 选择路径 0, 答案: 3, 置信度: 0.8
2025-08-06 07:50:23,401 - INFO - 投票结果: 选择路径 3, 答案: 168, 置信度: 0.3
2025-08-06 07:50:23,405 - INFO - 投票结果: 选择路径 0, 答案: 64, 置信度: 0.9
2025-08-06 07:50:23,408 - INFO - 投票结果: 选择路径 0, 答案: 48, 置信度: 1.0
2025-08-06 07:50:23,411 - INFO - 投票结果: 选择路径 0, 答案: 4, 置信度: 1.0
2025-08-06 07:50:23,414 - INFO - 投票结果: 选择路径 0, 答案: 14, 置信度: 0.9
2025-08-06 07:50:23,417 - INFO - 投票结果: 选择路径 1, 答案: 28, 置信度: 0.4
2025-08-06 07:50:23,420 - INFO - 投票结果: 选择路径 5, 答案: 15, 置信度: 0.3
2025-08-06 07:50:23,423 - INFO - 投票结果: 选择路径 0, 答案: 144, 置信度: 0.8
2025-08-06 07:50:23,426 - INFO - 投票结果: 选择路径 0, 答案: 560, 置信度: 0.6
2025-08-06 07:50:23,429 - INFO - 投票结果: 选择路径 0, 答案: 428, 置信度: 0.9
2025-08-06 07:50:23,432 - INFO - 投票结果: 选择路径 0, 答案: 665, 置信度: 1.0
2025-08-06 07:50:23,436 - INFO - 投票结果: 选择路径 1, 答案: 7500, 置信度: 0.3
2025-08-06 07:50:23,439 - INFO - 投票结果: 选择路径 0, 答案: 2.5, 置信度: 0.7
2025-08-06 07:50:23,442 - INFO - 投票结果: 选择路径 0, 答案: 90, 置信度: 0.9
2025-08-06 07:50:23,445 - INFO - 投票结果: 选择路径 0, 答案: 570, 置信度: 1.0
2025-08-06 07:50:23,448 - INFO - 投票结果: 选择路径 0, 答案: 5, 置信度: 0.9
2025-08-06 07:50:23,451 - INFO - 投票结果: 选择路径 0, 答案: 86, 置信度: 0.6
2025-08-06 07:50:23,454 - INFO - 投票结果: 选择路径 0, 答案: 160, 置信度: 1.0
2025-08-06 07:50:23,457 - INFO - 投票结果: 选择路径 0, 答案: 6, 置信度: 1.0
2025-08-06 07:50:23,461 - INFO - 投票结果: 选择路径 0, 答案: 6000, 置信度: 1.0
2025-08-06 07:50:23,464 - INFO - 投票结果: 选择路径 0, 答案: 800, 置信度: 0.7
2025-08-06 07:50:23,467 - INFO - 投票结果: 选择路径 0, 答案: 1, 置信度: 1.0
2025-08-06 07:50:23,470 - INFO - 投票结果: 选择路径 0, 答案: 4, 置信度: 0.6
2025-08-06 07:50:23,473 - INFO - 投票结果: 选择路径 0, 答案: 31, 置信度: 0.6
2025-08-06 07:50:23,476 - INFO - 投票结果: 选择路径 0, 答案: 276000, 置信度: 1.0
2025-08-06 07:50:23,479 - INFO - 投票结果: 选择路径 0, 答案: 482, 置信度: 0.9
2025-08-06 07:50:23,482 - INFO - 投票结果: 选择路径 0, 答案: 100, 置信度: 1.0
2025-08-06 07:50:23,485 - INFO - 投票结果: 选择路径 0, 答案: 21, 置信度: 1.0
2025-08-06 07:50:23,488 - INFO - 投票结果: 选择路径 0, 答案: 40, 置信度: 1.0
2025-08-06 07:50:23,491 - INFO - 投票结果: 选择路径 0, 答案: 180000, 置信度: 1.0
2025-08-06 07:50:23,494 - INFO - 投票结果: 选择路径 0, 答案: 14, 置信度: 1.0
2025-08-06 07:50:23,497 - INFO - 投票结果: 选择路径 0, 答案: 54, 置信度: 0.9
2025-08-06 07:50:23,501 - INFO - 投票结果: 选择路径 0, 答案: 5, 置信度: 1.0
2025-08-06 07:50:23,504 - INFO - 投票结果: 选择路径 0, 答案: 48, 置信度: 0.7
2025-08-06 07:50:23,507 - INFO - 投票结果: 选择路径 0, 答案: 390, 置信度: 0.8
2025-08-06 07:50:23,510 - INFO - 投票结果: 选择路径 0, 答案: 22, 置信度: 1.0
2025-08-06 07:50:23,513 - INFO - 投票结果: 选择路径 0, 答案: 12, 置信度: 0.9
2025-08-06 07:50:23,516 - INFO - 投票结果: 选择路径 0, 答案: 18000, 置信度: 0.9
2025-08-06 07:50:23,519 - INFO - 投票结果: 选择路径 0, 答案: 8642, 置信度: 1.0
2025-08-06 07:50:23,522 - INFO - 投票结果: 选择路径 0, 答案: 10, 置信度: 1.0
2025-08-06 07:50:23,525 - INFO - 投票结果: 选择路径 0, 答案: 36, 置信度: 0.3
2025-08-06 07:50:23,528 - INFO - 投票结果: 选择路径 0, 答案: 22, 置信度: 1.0
2025-08-06 07:50:23,531 - INFO - 投票结果: 选择路径 0, 答案: 61, 置信度: 0.4
2025-08-06 07:50:23,535 - INFO - 投票结果: 选择路径 0, 答案: 10, 置信度: 0.9
2025-08-06 07:50:23,538 - INFO - 投票结果: 选择路径 1, 答案: 15, 置信度: 0.8
2025-08-06 07:50:23,541 - INFO - 投票结果: 选择路径 0, 答案: 14, 置信度: 1.0
2025-08-06 07:50:23,544 - INFO - 投票结果: 选择路径 0, 答案: 14, 置信度: 1.0
2025-08-06 07:50:23,547 - INFO - 投票结果: 选择路径 0, 答案: 4, 置信度: 1.0
2025-08-06 07:50:23,550 - INFO - 投票结果: 选择路径 0, 答案: 3000, 置信度: 0.9
2025-08-06 07:50:23,554 - INFO - 投票结果: 选择路径 1, 答案: 5, 置信度: 0.4
2025-08-06 07:50:23,557 - INFO - 投票结果: 选择路径 0, 答案: 374, 置信度: 0.4
2025-08-06 07:50:23,560 - INFO - 投票结果: 选择路径 0, 答案: 1080, 置信度: 0.7
2025-08-06 07:50:23,563 - INFO - 投票结果: 选择路径 0, 答案: 84, 置信度: 0.8
2025-08-06 07:50:23,566 - INFO - 投票结果: 选择路径 0, 答案: 91, 置信度: 1.0
2025-08-06 07:50:23,569 - INFO - 投票结果: 选择路径 0, 答案: 18, 置信度: 0.9
2025-08-06 07:50:23,572 - INFO - 投票结果: 选择路径 0, 答案: 180, 置信度: 1.0
2025-08-06 07:50:23,575 - INFO - 投票结果: 选择路径 0, 答案: 350, 置信度: 0.6
2025-08-06 07:50:23,578 - INFO - 投票结果: 选择路径 0, 答案: 6, 置信度: 0.5
2025-08-06 07:50:23,581 - INFO - 投票结果: 选择路径 0, 答案: 129200, 置信度: 1.0
2025-08-06 07:50:23,585 - INFO - 投票结果: 选择路径 0, 答案: 10, 置信度: 1.0
2025-08-06 07:50:23,588 - INFO - 投票结果: 选择路径 0, 答案: 14, 置信度: 1.0
2025-08-06 07:50:23,591 - INFO - 投票结果: 选择路径 0, 答案: 12, 置信度: 1.0
2025-08-06 07:50:23,594 - INFO - 投票结果: 选择路径 1, 答案: 68, 置信度: 0.3
2025-08-06 07:50:23,597 - INFO - 投票结果: 选择路径 0, 答案: 58, 置信度: 1.0
2025-08-06 07:50:23,600 - INFO - 投票结果: 选择路径 0, 答案: 40, 置信度: 1.0
2025-08-06 07:50:23,603 - INFO - 投票结果: 选择路径 0, 答案: 132, 置信度: 1.0
2025-08-06 07:50:23,606 - INFO - 投票结果: 选择路径 0, 答案: 120, 置信度: 1.0
2025-08-06 07:50:23,609 - INFO - 投票结果: 选择路径 0, 答案: 120, 置信度: 1.0
2025-08-06 07:50:23,612 - INFO - 投票结果: 选择路径 0, 答案: 120, 置信度: 0.7
2025-08-06 07:50:23,615 - INFO - 投票结果: 选择路径 0, 答案: 15, 置信度: 1.0
2025-08-06 07:50:23,618 - INFO - 投票结果: 选择路径 0, 答案: 576, 置信度: 1.0
2025-08-06 07:50:23,622 - INFO - 投票结果: 选择路径 1, 答案: 5, 置信度: 0.9
2025-08-06 07:50:23,625 - INFO - 投票结果: 选择路径 0, 答案: 20, 置信度: 1.0
2025-08-06 07:50:23,628 - INFO - 投票结果: 选择路径 0, 答案: 40, 置信度: 0.9
2025-08-06 07:50:23,631 - INFO - 投票结果: 选择路径 0, 答案: 23, 置信度: 1.0
2025-08-06 07:50:23,634 - INFO - 投票结果: 选择路径 1, 答案: 156, 置信度: 0.9
2025-08-06 07:50:23,637 - INFO - 投票结果: 选择路径 0, 答案: 280, 置信度: 0.6
2025-08-06 07:50:23,640 - INFO - 投票结果: 选择路径 1, 答案: 16, 置信度: 0.6
2025-08-06 07:50:23,643 - INFO - 投票结果: 选择路径 0, 答案: 2, 置信度: 1.0
2025-08-06 07:50:23,646 - INFO - 投票结果: 选择路径 0, 答案: 120, 置信度: 1.0
2025-08-06 07:50:23,649 - INFO - 投票结果: 选择路径 0, 答案: 52, 置信度: 0.5
2025-08-06 07:50:23,653 - INFO - 投票结果: 选择路径 0, 答案: 15, 置信度: 1.0
2025-08-06 07:50:23,656 - INFO - 投票结果: 选择路径 0, 答案: 9, 置信度: 1.0
2025-08-06 07:50:23,659 - INFO - 投票结果: 选择路径 1, 答案: 75, 置信度: 0.2
2025-08-06 07:50:23,662 - INFO - 投票结果: 选择路径 0, 答案: 20, 置信度: 1.0
2025-08-06 07:50:23,665 - INFO - 投票结果: 选择路径 0, 答案: 30, 置信度: 0.6
2025-08-06 07:50:23,668 - INFO - 投票结果: 选择路径 0, 答案: 80, 置信度: 0.6
2025-08-06 07:50:23,671 - INFO - 投票结果: 选择路径 0, 答案: 5, 置信度: 1.0
2025-08-06 07:50:23,674 - INFO - 投票结果: 选择路径 1, 答案: 5, 置信度: 0.8
2025-08-06 07:50:23,677 - INFO - 投票结果: 选择路径 0, 答案: 80, 置信度: 1.0
2025-08-06 07:50:23,680 - INFO - 投票结果: 选择路径 0, 答案: 38, 置信度: 0.8
2025-08-06 07:50:23,683 - INFO - 投票结果: 选择路径 0, 答案: 42, 置信度: 1.0
2025-08-06 07:50:23,686 - INFO - 投票结果: 选择路径 0, 答案: 3, 置信度: 1.0
2025-08-06 07:50:23,689 - INFO - 投票结果: 选择路径 0, 答案: 50, 置信度: 1.0
2025-08-06 07:50:23,693 - INFO - 投票结果: 选择路径 0, 答案: 17, 置信度: 1.0
2025-08-06 07:50:23,696 - INFO - 投票结果: 选择路径 6, 答案: 5, 置信度: 0.2
2025-08-06 07:50:23,699 - INFO - 投票结果: 选择路径 1, 答案: 20, 置信度: 0.9
2025-08-06 07:50:23,702 - INFO - 投票结果: 选择路径 1, 答案: 120, 置信度: 0.5
2025-08-06 07:50:23,705 - INFO - 投票结果: 选择路径 1, 答案: 1, 置信度: 0.2
2025-08-06 07:50:23,708 - INFO - 投票结果: 选择路径 0, 答案: 45, 置信度: 1.0
2025-08-06 07:50:23,711 - INFO - 投票结果: 选择路径 0, 答案: 11, 置信度: 0.6
2025-08-06 07:50:23,714 - INFO - 投票结果: 选择路径 0, 答案: 10, 置信度: 1.0
2025-08-06 07:50:23,717 - INFO - 投票结果: 选择路径 0, 答案: 318, 置信度: 0.7
2025-08-06 07:50:23,720 - INFO - 投票结果: 选择路径 0, 答案: 92, 置信度: 0.8
2025-08-06 07:50:23,723 - INFO - 投票结果: 选择路径 0, 答案: 70, 置信度: 1.0
2025-08-06 07:50:23,727 - INFO - 投票结果: 选择路径 0, 答案: 62, 置信度: 0.5
2025-08-06 07:50:23,730 - INFO - 投票结果: 选择路径 0, 答案: 1509, 置信度: 1.0
2025-08-06 07:50:23,733 - INFO - 投票结果: 选择路径 0, 答案: 2, 置信度: 1.0
2025-08-06 07:50:23,736 - INFO - 投票结果: 选择路径 0, 答案: 1, 置信度: 1.0
2025-08-06 07:50:23,739 - INFO - 投票结果: 选择路径 0, 答案: 1170, 置信度: 0.9
2025-08-06 07:50:23,742 - INFO - 投票结果: 选择路径 0, 答案: 28, 置信度: 1.0
2025-08-06 07:50:23,746 - INFO - 投票结果: 选择路径 0, 答案: 20, 置信度: 0.8
2025-08-06 07:50:23,749 - INFO - 投票结果: 选择路径 0, 答案: 20, 置信度: 1.0
2025-08-06 07:50:23,752 - INFO - 投票结果: 选择路径 0, 答案: 65960, 置信度: 0.6
2025-08-06 07:50:23,755 - INFO - 投票结果: 选择路径 3, 答案: 16, 置信度: 0.4
2025-08-06 07:50:23,758 - INFO - 投票结果: 选择路径 0, 答案: 575, 置信度: 1.0
2025-08-06 07:50:23,761 - INFO - 投票结果: 选择路径 0, 答案: 60, 置信度: 1.0
2025-08-06 07:50:23,764 - INFO - 投票结果: 选择路径 0, 答案: 42, 置信度: 0.7
2025-08-06 07:50:23,767 - INFO - 投票结果: 选择路径 1, 答案: 23, 置信度: 0.3
2025-08-06 07:50:23,770 - INFO - 投票结果: 选择路径 1, 答案: 71, 置信度: 0.6
2025-08-06 07:50:23,773 - INFO - 投票结果: 选择路径 0, 答案: 70, 置信度: 1.0
2025-08-06 07:50:23,776 - INFO - 投票结果: 选择路径 1, 答案: 25, 置信度: 0.5
2025-08-06 07:50:23,779 - INFO - 投票结果: 选择路径 0, 答案: 160, 置信度: 0.8
2025-08-06 07:50:23,783 - INFO - 投票结果: 选择路径 1, 答案: 398, 置信度: 0.5
2025-08-06 07:50:23,786 - INFO - 投票结果: 选择路径 0, 答案: 5, 置信度: 1.0
2025-08-06 07:50:23,789 - INFO - 投票结果: 选择路径 1, 答案: 42000, 置信度: 0.7
2025-08-06 07:50:23,792 - INFO - 投票结果: 选择路径 0, 答案: 52, 置信度: 0.5
2025-08-06 07:50:23,795 - INFO - 投票结果: 选择路径 0, 答案: 10, 置信度: 0.5
2025-08-06 07:50:23,798 - INFO - 投票结果: 选择路径 0, 答案: 2, 置信度: 0.3
2025-08-06 07:50:23,801 - INFO - 投票结果: 选择路径 0, 答案: 40, 置信度: 0.8
2025-08-06 07:50:23,804 - INFO - 投票结果: 选择路径 0, 答案: 100, 置信度: 1.0
2025-08-06 07:50:23,807 - INFO - 投票结果: 选择路径 0, 答案: 60, 置信度: 1.0
2025-08-06 07:50:23,810 - INFO - 投票结果: 选择路径 0, 答案: 100, 置信度: 1.0
2025-08-06 07:50:23,814 - INFO - 投票结果: 选择路径 0, 答案: 72, 置信度: 0.7
2025-08-06 07:50:23,817 - INFO - 投票结果: 选择路径 0, 答案: 20, 置信度: 0.7
2025-08-06 07:50:23,820 - INFO - 投票结果: 选择路径 0, 答案: 6277, 置信度: 1.0
2025-08-06 07:50:23,823 - INFO - 投票结果: 选择路径 3, 答案: 21, 置信度: 0.3
2025-08-06 07:50:23,826 - INFO - 投票结果: 选择路径 1, 答案: 26, 置信度: 0.9
2025-08-06 07:50:23,829 - INFO - 投票结果: 选择路径 2, 答案: 5, 置信度: 0.3
2025-08-06 07:50:23,832 - INFO - 投票结果: 选择路径 0, 答案: 12, 置信度: 0.9
2025-08-06 07:50:23,835 - INFO - 投票结果: 选择路径 0, 答案: 42, 置信度: 0.1
2025-08-06 07:50:23,838 - INFO - 投票结果: 选择路径 0, 答案: 16, 置信度: 0.7
2025-08-06 07:50:23,841 - INFO - 投票结果: 选择路径 0, 答案: 32, 置信度: 1.0
2025-08-06 07:50:23,844 - INFO - 投票结果: 选择路径 0, 答案: 20, 置信度: 1.0
2025-08-06 07:50:23,847 - INFO - 投票结果: 选择路径 0, 答案: 20, 置信度: 1.0
2025-08-06 07:50:23,850 - INFO - 投票结果: 选择路径 0, 答案: 320, 置信度: 1.0
2025-08-06 07:50:23,854 - INFO - 投票结果: 选择路径 0, 答案: 77, 置信度: 1.0
2025-08-06 07:50:23,857 - INFO - 投票结果: 选择路径 0, 答案: 9, 置信度: 0.7
2025-08-06 07:50:23,860 - INFO - 投票结果: 选择路径 0, 答案: 1, 置信度: 0.7
2025-08-06 07:50:23,863 - INFO - 投票结果: 选择路径 1, 答案: 1248, 置信度: 0.8
2025-08-06 07:50:23,866 - INFO - 投票结果: 选择路径 0, 答案: 15, 置信度: 0.9
2025-08-06 07:50:23,869 - INFO - 投票结果: 选择路径 0, 答案: 16, 置信度: 1.0
2025-08-06 07:50:23,872 - INFO - 投票结果: 选择路径 0, 答案: 2, 置信度: 1.0
2025-08-06 07:50:23,875 - INFO - 投票结果: 选择路径 1, 答案: 46, 置信度: 0.3
2025-08-06 07:50:23,878 - INFO - 投票结果: 选择路径 0, 答案: 60, 置信度: 0.8
2025-08-06 07:50:23,881 - INFO - 投票结果: 选择路径 2, 答案: 315, 置信度: 0.3
2025-08-06 07:50:23,884 - INFO - 投票结果: 选择路径 0, 答案: 84, 置信度: 0.8
2025-08-06 07:50:23,887 - INFO - 投票结果: 选择路径 0, 答案: 100, 置信度: 0.2
2025-08-06 07:50:23,891 - INFO - 投票结果: 选择路径 0, 答案: 300, 置信度: 0.9
2025-08-06 07:50:23,894 - INFO - 投票结果: 选择路径 0, 答案: 50, 置信度: 1.0
2025-08-06 07:50:23,897 - INFO - 投票结果: 选择路径 0, 答案: 14, 置信度: 1.0
2025-08-06 07:50:23,900 - INFO - 投票结果: 选择路径 1, 答案: 291, 置信度: 0.5
2025-08-06 07:50:23,903 - INFO - 投票结果: 选择路径 0, 答案: 12, 置信度: 1.0
2025-08-06 07:50:23,906 - INFO - 投票结果: 选择路径 0, 答案: 1240, 置信度: 1.0
2025-08-06 07:50:23,909 - INFO - 投票结果: 选择路径 0, 答案: 8, 置信度: 1.0
2025-08-06 07:50:23,912 - INFO - 投票结果: 选择路径 0, 答案: 83, 置信度: 0.3
2025-08-06 07:50:23,915 - INFO - 投票结果: 选择路径 0, 答案: 2, 置信度: 0.4
2025-08-06 07:50:23,918 - INFO - 投票结果: 选择路径 0, 答案: 2, 置信度: 1.0
2025-08-06 07:50:23,921 - INFO - 投票结果: 选择路径 1, 答案: 268, 置信度: 0.4
2025-08-06 07:50:23,924 - INFO - 投票结果: 选择路径 0, 答案: 160, 置信度: 1.0
2025-08-06 07:50:23,928 - INFO - 投票结果: 选择路径 1, 答案: 1128, 置信度: 0.6
2025-08-06 07:50:23,931 - INFO - 投票结果: 选择路径 0, 答案: 6250, 置信度: 1.0
2025-08-06 07:50:23,934 - INFO - 投票结果: 选择路径 0, 答案: 5, 置信度: 1.0
2025-08-06 07:50:23,937 - INFO - 投票结果: 选择路径 0, 答案: 500, 置信度: 1.0
2025-08-06 07:50:23,940 - INFO - 投票结果: 选择路径 2, 答案: 2, 置信度: 0.4
2025-08-06 07:50:23,943 - INFO - 投票结果: 选择路径 0, 答案: 34, 置信度: 1.0
2025-08-06 07:50:23,946 - INFO - 投票结果: 选择路径 0, 答案: 60, 置信度: 1.0
2025-08-06 07:50:23,949 - INFO - 投票结果: 选择路径 1, 答案: 6, 置信度: 0.6
2025-08-06 07:50:23,952 - INFO - 投票结果: 选择路径 0, 答案: 56, 置信度: 0.9
2025-08-06 07:50:23,956 - INFO - 投票结果: 选择路径 1, 答案: 74, 置信度: 0.9
2025-08-06 07:50:23,959 - INFO - 投票结果: 选择路径 0, 答案: 5, 置信度: 1.0
2025-08-06 07:50:23,962 - INFO - 投票结果: 选择路径 0, 答案: 600, 置信度: 1.0
2025-08-06 07:50:23,965 - INFO - 投票结果: 选择路径 0, 答案: 20, 置信度: 0.9
2025-08-06 07:50:23,968 - INFO - 投票结果: 选择路径 0, 答案: 23, 置信度: 1.0
2025-08-06 07:50:23,971 - INFO - 投票结果: 选择路径 0, 答案: 20, 置信度: 1.0
2025-08-06 07:50:23,974 - INFO - 投票结果: 选择路径 0, 答案: 80, 置信度: 0.7
2025-08-06 07:50:23,977 - INFO - 投票结果: 选择路径 0, 答案: 43, 置信度: 0.9
2025-08-06 07:50:23,980 - INFO - 投票结果: 选择路径 0, 答案: 720, 置信度: 1.0
2025-08-06 07:50:23,983 - INFO - 投票结果: 选择路径 0, 答案: 4, 置信度: 0.8
2025-08-06 07:50:23,986 - INFO - 投票结果: 选择路径 0, 答案: 9, 置信度: 1.0
2025-08-06 07:50:23,989 - INFO - 投票结果: 选择路径 0, 答案: 40, 置信度: 0.4
2025-08-06 07:50:23,992 - INFO - 投票结果: 选择路径 0, 答案: 8, 置信度: 1.0
2025-08-06 07:50:23,996 - INFO - 投票结果: 选择路径 0, 答案: 16, 置信度: 0.6
2025-08-06 07:50:23,999 - INFO - 投票结果: 选择路径 1, 答案: 4, 置信度: 0.4
2025-08-06 07:50:24,002 - INFO - 投票结果: 选择路径 0, 答案: 47, 置信度: 1.0
2025-08-06 07:50:24,005 - INFO - 投票结果: 选择路径 0, 答案: 240000, 置信度: 1.0
2025-08-06 07:50:24,008 - INFO - 投票结果: 选择路径 0, 答案: 14, 置信度: 1.0
2025-08-06 07:50:24,011 - INFO - 投票结果: 选择路径 0, 答案: 26, 置信度: 1.0
2025-08-06 07:50:24,014 - INFO - 投票结果: 选择路径 1, 答案: 2.67, 置信度: 0.3
2025-08-06 07:50:24,017 - INFO - 投票结果: 选择路径 1, 答案: 25, 置信度: 0.4
2025-08-06 07:50:24,020 - INFO - 投票结果: 选择路径 0, 答案: 5, 置信度: 0.9
2025-08-06 07:50:24,023 - INFO - 投票结果: 选择路径 0, 答案: 5, 置信度: 1.0
2025-08-06 07:50:24,026 - INFO - 投票结果: 选择路径 1, 答案: 260, 置信度: 0.6
2025-08-06 07:50:24,029 - INFO - 投票结果: 选择路径 0, 答案: 67, 置信度: 1.0
2025-08-06 07:50:24,032 - INFO - 投票结果: 选择路径 0, 答案: 144, 置信度: 0.9
2025-08-06 07:50:24,035 - INFO - 投票结果: 选择路径 0, 答案: 75, 置信度: 1.0
2025-08-06 07:50:24,038 - INFO - 投票结果: 选择路径 0, 答案: 3, 置信度: 1.0
2025-08-06 07:50:24,042 - INFO - 投票结果: 选择路径 0, 答案: 4, 置信度: 1.0
2025-08-06 07:50:24,045 - INFO - 投票结果: 选择路径 0, 答案: 2000, 置信度: 1.0
2025-08-06 07:50:24,048 - INFO - 投票结果: 选择路径 0, 答案: 68, 置信度: 0.6
2025-08-06 07:50:24,051 - INFO - 投票结果: 选择路径 0, 答案: 8, 置信度: 1.0
2025-08-06 07:50:24,054 - INFO - 投票结果: 选择路径 0, 答案: 100, 置信度: 1.0
2025-08-06 07:50:24,057 - INFO - 投票结果: 选择路径 0, 答案: 60, 置信度: 0.8
2025-08-06 07:50:24,060 - INFO - 投票结果: 选择路径 0, 答案: 460, 置信度: 1.0
2025-08-06 07:50:24,064 - INFO - 投票结果: 选择路径 0, 答案: 10, 置信度: 0.8
2025-08-06 07:50:24,067 - INFO - 投票结果: 选择路径 0, 答案: 750, 置信度: 0.8
2025-08-06 07:50:24,070 - INFO - 投票结果: 选择路径 0, 答案: 255, 置信度: 0.8
2025-08-06 07:50:24,073 - INFO - 投票结果: 选择路径 0, 答案: 240, 置信度: 0.7
2025-08-06 07:50:24,076 - INFO - 投票结果: 选择路径 0, 答案: 50, 置信度: 1.0
2025-08-06 07:50:24,079 - INFO - 投票结果: 选择路径 0, 答案: 60000, 置信度: 1.0
2025-08-06 07:50:24,082 - INFO - 投票结果: 选择路径 0, 答案: 97, 置信度: 0.6
2025-08-06 07:50:24,085 - INFO - 投票结果: 选择路径 8, 答案: 10, 置信度: 0.2
2025-08-06 07:50:24,088 - INFO - 投票结果: 选择路径 1, 答案: 75, 置信度: 0.4
2025-08-06 07:50:24,091 - INFO - 投票结果: 选择路径 0, 答案: 13, 置信度: 0.9
2025-08-06 07:50:24,094 - INFO - 投票结果: 选择路径 0, 答案: 4, 置信度: 0.8
2025-08-06 07:50:24,097 - INFO - 投票结果: 选择路径 0, 答案: 260, 置信度: 0.4
2025-08-06 07:50:24,101 - INFO - 投票结果: 选择路径 0, 答案: 540, 置信度: 1.0
2025-08-06 07:50:24,104 - INFO - 投票结果: 选择路径 0, 答案: 104, 置信度: 1.0
2025-08-06 07:50:24,107 - INFO - 投票结果: 选择路径 0, 答案: 27, 置信度: 0.9
2025-08-06 07:50:24,110 - INFO - 投票结果: 选择路径 0, 答案: 75, 置信度: 1.0
2025-08-06 07:50:24,113 - INFO - 投票结果: 选择路径 4, 答案: 39, 置信度: 0.2
2025-08-06 07:50:24,116 - INFO - 投票结果: 选择路径 0, 答案: 120, 置信度: 0.5
2025-08-06 07:50:24,119 - INFO - 投票结果: 选择路径 3, 答案: 348, 置信度: 0.5
2025-08-06 07:50:24,122 - INFO - 投票结果: 选择路径 0, 答案: 15, 置信度: 0.9
2025-08-06 07:50:24,125 - INFO - 投票结果: 选择路径 0, 答案: 247, 置信度: 0.6
2025-08-06 07:50:24,128 - INFO - 投票结果: 选择路径 0, 答案: 12, 置信度: 0.3
2025-08-06 07:50:24,131 - INFO - 投票结果: 选择路径 0, 答案: 85000, 置信度: 0.8
2025-08-06 07:50:24,134 - INFO - 投票结果: 选择路径 0, 答案: 9, 置信度: 0.3
2025-08-06 07:50:24,138 - INFO - 投票结果: 选择路径 1, 答案: 19, 置信度: 0.6
2025-08-06 07:50:24,141 - INFO - 投票结果: 选择路径 0, 答案: 18, 置信度: 1.0
2025-08-06 07:50:24,144 - INFO - 投票结果: 选择路径 0, 答案: 3, 置信度: 0.9
2025-08-06 07:50:24,147 - INFO - 投票结果: 选择路径 0, 答案: 12, 置信度: 1.0
2025-08-06 07:50:24,150 - INFO - 投票结果: 选择路径 2, 答案: 160000, 置信度: 0.4
2025-08-06 07:50:24,153 - INFO - 投票结果: 选择路径 0, 答案: 50, 置信度: 0.9
2025-08-06 07:50:24,156 - INFO - 投票结果: 选择路径 0, 答案: 76, 置信度: 1.0
2025-08-06 07:50:24,159 - INFO - 投票结果: 选择路径 0, 答案: 10, 置信度: 0.9
2025-08-06 07:50:24,162 - INFO - 投票结果: 选择路径 1, 答案: 17, 置信度: 0.9
2025-08-06 07:50:24,165 - INFO - 投票结果: 选择路径 0, 答案: 44, 置信度: 1.0
2025-08-06 07:50:24,168 - INFO - 投票结果: 选择路径 0, 答案: 4, 置信度: 0.6
2025-08-06 07:50:24,171 - INFO - 投票结果: 选择路径 0, 答案: 3, 置信度: 1.0
2025-08-06 07:50:24,174 - INFO - 投票结果: 选择路径 1, 答案: 40, 置信度: 0.9
2025-08-06 07:50:24,177 - INFO - 投票结果: 选择路径 0, 答案: 15, 置信度: 1.0
2025-08-06 07:50:24,181 - INFO - 投票结果: 选择路径 0, 答案: 10, 置信度: 0.8
2025-08-06 07:50:24,184 - INFO - 投票结果: 选择路径 0, 答案: 16, 置信度: 0.9
2025-08-06 07:50:24,187 - INFO - 投票结果: 选择路径 1, 答案: 28, 置信度: 0.8
2025-08-06 07:50:24,190 - INFO - 投票结果: 选择路径 0, 答案: 64, 置信度: 1.0
2025-08-06 07:50:24,193 - INFO - 投票结果: 选择路径 0, 答案: 1125, 置信度: 0.8
2025-08-06 07:50:24,196 - INFO - 投票结果: 选择路径 0, 答案: 8, 置信度: 1.0
2025-08-06 07:50:24,199 - INFO - 投票结果: 选择路径 0, 答案: 29, 置信度: 1.0
2025-08-06 07:50:24,202 - INFO - 投票结果: 选择路径 0, 答案: 16, 置信度: 1.0
2025-08-06 07:50:24,205 - INFO - 投票结果: 选择路径 0, 答案: 246, 置信度: 0.1
2025-08-06 07:50:24,208 - INFO - 投票结果: 选择路径 2, 答案: 72, 置信度: 0.5
2025-08-06 07:50:24,211 - INFO - 投票结果: 选择路径 0, 答案: 576, 置信度: 1.0
2025-08-06 07:50:24,214 - INFO - 投票结果: 选择路径 0, 答案: 34, 置信度: 0.9
2025-08-06 07:50:24,217 - INFO - 投票结果: 选择路径 0, 答案: 10, 置信度: 1.0
2025-08-06 07:50:24,221 - INFO - 投票结果: 选择路径 0, 答案: 9, 置信度: 0.9
2025-08-06 07:50:24,224 - INFO - 投票结果: 选择路径 0, 答案: 140, 置信度: 1.0
2025-08-06 07:50:24,227 - INFO - 投票结果: 选择路径 0, 答案: 30, 置信度: 0.2
2025-08-06 07:50:24,230 - INFO - 投票结果: 选择路径 0, 答案: 315, 置信度: 0.3
2025-08-06 07:50:24,233 - INFO - 投票结果: 选择路径 0, 答案: 16, 置信度: 0.7
2025-08-06 07:50:24,236 - INFO - 投票结果: 选择路径 0, 答案: 132, 置信度: 0.9
2025-08-06 07:50:24,239 - INFO - 投票结果: 选择路径 0, 答案: 64, 置信度: 1.0
2025-08-06 07:50:24,242 - INFO - 投票结果: 选择路径 0, 答案: 72, 置信度: 0.9
2025-08-06 07:50:24,245 - INFO - 投票结果: 选择路径 0, 答案: 8, 置信度: 1.0
2025-08-06 07:50:24,248 - INFO - 投票结果: 选择路径 0, 答案: 4, 置信度: 1.0
2025-08-06 07:50:24,252 - INFO - 投票结果: 选择路径 0, 答案: 120, 置信度: 1.0
2025-08-06 07:50:24,255 - INFO - 投票结果: 选择路径 1, 答案: 15, 置信度: 0.9
2025-08-06 07:50:24,258 - INFO - 投票结果: 选择路径 0, 答案: 539, 置信度: 0.8
2025-08-06 07:50:24,261 - INFO - 投票结果: 选择路径 1, 答案: 7300, 置信度: 0.4
2025-08-06 07:50:24,264 - INFO - 投票结果: 选择路径 0, 答案: 2, 置信度: 1.0
2025-08-06 07:50:24,267 - INFO - 投票结果: 选择路径 0, 答案: 15, 置信度: 0.9
2025-08-06 07:50:24,270 - INFO - 投票结果: 选择路径 1, 答案: 17, 置信度: 0.4
2025-08-06 07:50:24,273 - INFO - 投票结果: 选择路径 2, 答案: 2, 置信度: 0.5
2025-08-06 07:50:24,276 - INFO - 投票结果: 选择路径 1, 答案: 7425, 置信度: 0.8
2025-08-06 07:50:24,280 - INFO - 投票结果: 选择路径 0, 答案: 8, 置信度: 1.0
2025-08-06 07:50:24,283 - INFO - 投票结果: 选择路径 1, 答案: 13, 置信度: 0.3
2025-08-06 07:50:24,286 - INFO - 投票结果: 选择路径 0, 答案: 100, 置信度: 1.0
2025-08-06 07:50:24,289 - INFO - 投票结果: 选择路径 0, 答案: 36, 置信度: 1.0
2025-08-06 07:50:24,292 - INFO - 投票结果: 选择路径 0, 答案: 20, 置信度: 0.6
2025-08-06 07:50:24,295 - INFO - 投票结果: 选择路径 0, 答案: 32, 置信度: 1.0
2025-08-06 07:50:24,298 - INFO - 投票结果: 选择路径 1, 答案: 45, 置信度: 0.8
2025-08-06 07:50:24,301 - INFO - 投票结果: 选择路径 0, 答案: 27, 置信度: 0.9
2025-08-06 07:50:24,304 - INFO - 投票结果: 选择路径 0, 答案: 7.5, 置信度: 0.7
2025-08-06 07:50:24,307 - INFO - 投票结果: 选择路径 0, 答案: 98, 置信度: 1.0
2025-08-06 07:50:24,310 - INFO - 投票结果: 选择路径 1, 答案: 4, 置信度: 0.9
2025-08-06 07:50:24,313 - INFO - 投票结果: 选择路径 0, 答案: 6, 置信度: 0.4
2025-08-06 07:50:24,316 - INFO - 投票结果: 选择路径 0, 答案: 14, 置信度: 0.5
2025-08-06 07:50:24,319 - INFO - 投票结果: 选择路径 0, 答案: 10, 置信度: 1.0
2025-08-06 07:50:24,322 - INFO - 投票结果: 选择路径 2, 答案: 250, 置信度: 0.4
2025-08-06 07:50:24,325 - INFO - 投票结果: 选择路径 0, 答案: 312, 置信度: 0.9
2025-08-06 07:50:24,329 - INFO - 投票结果: 选择路径 0, 答案: 1375, 置信度: 1.0
2025-08-06 07:50:24,332 - INFO - 投票结果: 选择路径 0, 答案: 8, 置信度: 1.0
2025-08-06 07:50:24,335 - INFO - 投票结果: 选择路径 2, 答案: 262, 置信度: 0.5
2025-08-06 07:50:24,338 - INFO - 投票结果: 选择路径 0, 答案: 6, 置信度: 1.0
2025-08-06 07:50:24,341 - INFO - 投票结果: 选择路径 0, 答案: 840, 置信度: 1.0
2025-08-06 07:50:24,344 - INFO - 投票结果: 选择路径 0, 答案: 40, 置信度: 0.9
2025-08-06 07:50:24,347 - INFO - 投票结果: 选择路径 0, 答案: 150, 置信度: 0.3
2025-08-06 07:50:24,350 - INFO - 投票结果: 选择路径 0, 答案: 10, 置信度: 0.9
2025-08-06 07:50:24,354 - INFO - 投票结果: 选择路径 1, 答案: 3430, 置信度: 0.5
2025-08-06 07:50:24,357 - INFO - 投票结果: 选择路径 0, 答案: 16, 置信度: 0.9
2025-08-06 07:50:24,360 - INFO - 投票结果: 选择路径 0, 答案: 17, 置信度: 1.0
2025-08-06 07:50:24,363 - INFO - 投票结果: 选择路径 0, 答案: 2, 置信度: 0.9
2025-08-06 07:50:24,366 - INFO - 投票结果: 选择路径 0, 答案: 14, 置信度: 0.9
2025-08-06 07:50:24,369 - INFO - 投票结果: 选择路径 0, 答案: 27, 置信度: 1.0
2025-08-06 07:50:24,372 - INFO - 投票结果: 选择路径 0, 答案: 84, 置信度: 1.0
2025-08-06 07:50:24,375 - INFO - 投票结果: 选择路径 0, 答案: 70, 置信度: 1.0
2025-08-06 07:50:24,378 - INFO - 投票结果: 选择路径 0, 答案: 20, 置信度: 1.0
2025-08-06 07:50:24,381 - INFO - 投票结果: 选择路径 1, 答案: 802, 置信度: 0.5
2025-08-06 07:50:24,384 - INFO - 投票结果: 选择路径 2, 答案: 15, 置信度: 0.6
2025-08-06 07:50:24,388 - INFO - 投票结果: 选择路径 1, 答案: 736, 置信度: 0.7
2025-08-06 07:50:24,391 - INFO - 投票结果: 选择路径 0, 答案: 42, 置信度: 0.9
2025-08-06 07:50:24,394 - INFO - 投票结果: 选择路径 1, 答案: 9, 置信度: 0.7
2025-08-06 07:50:24,397 - INFO - 投票结果: 选择路径 5, 答案: 34, 置信度: 0.3
2025-08-06 07:50:24,400 - INFO - 投票结果: 选择路径 1, 答案: 465, 置信度: 0.3
2025-08-06 07:50:24,403 - INFO - 投票结果: 选择路径 0, 答案: 17, 置信度: 0.4
2025-08-06 07:50:24,407 - INFO - 投票结果: 选择路径 0, 答案: 360, 置信度: 1.0
2025-08-06 07:50:24,410 - INFO - 投票结果: 选择路径 0, 答案: 10800, 置信度: 1.0
2025-08-06 07:50:24,413 - INFO - 投票结果: 选择路径 0, 答案: 78, 置信度: 0.3
2025-08-06 07:50:24,416 - INFO - 投票结果: 选择路径 0, 答案: 134969.23, 置信度: 0.1
2025-08-06 07:50:24,419 - INFO - 投票结果: 选择路径 0, 答案: 6, 置信度: 0.9
2025-08-06 07:50:24,422 - INFO - 投票结果: 选择路径 0, 答案: 20, 置信度: 0.5
2025-08-06 07:50:24,425 - INFO - 投票结果: 选择路径 0, 答案: 88, 置信度: 1.0
2025-08-06 07:50:24,428 - INFO - 投票结果: 选择路径 0, 答案: 12, 置信度: 1.0
2025-08-06 07:50:24,431 - INFO - 投票结果: 选择路径 0, 答案: 6, 置信度: 0.2
2025-08-06 07:50:24,434 - INFO - 投票结果: 选择路径 0, 答案: 16, 置信度: 0.7
2025-08-06 07:50:24,437 - INFO - 投票结果: 选择路径 0, 答案: 1, 置信度: 0.3
2025-08-06 07:50:24,441 - INFO - 投票结果: 选择路径 1, 答案: 50, 置信度: 0.4
2025-08-06 07:50:24,444 - INFO - 投票结果: 选择路径 0, 答案: 6, 置信度: 1.0
2025-08-06 07:50:24,447 - INFO - 投票结果: 选择路径 0, 答案: 4, 置信度: 1.0
2025-08-06 07:50:24,450 - INFO - 投票结果: 选择路径 1, 答案: 20, 置信度: 0.9
2025-08-06 07:50:24,453 - INFO - 投票结果: 选择路径 0, 答案: 800, 置信度: 1.0
2025-08-06 07:50:24,456 - INFO - 投票结果: 选择路径 0, 答案: 1, 置信度: 1.0
2025-08-06 07:50:24,459 - INFO - 投票结果: 选择路径 0, 答案: 50, 置信度: 1.0
2025-08-06 07:50:24,462 - INFO - 投票结果: 选择路径 1, 答案: 72.22, 置信度: 0.6
2025-08-06 07:50:24,465 - INFO - 投票结果: 选择路径 0, 答案: 7, 置信度: 0.8
2025-08-06 07:50:24,468 - INFO - 投票结果: 选择路径 0, 答案: 63, 置信度: 1.0
2025-08-06 07:50:24,471 - INFO - 投票结果: 选择路径 0, 答案: 9, 置信度: 0.7
2025-08-06 07:50:24,474 - INFO - 投票结果: 选择路径 0, 答案: 42, 置信度: 1.0
2025-08-06 07:50:24,477 - INFO - 投票结果: 选择路径 0, 答案: 5, 置信度: 0.9
2025-08-06 07:50:24,480 - INFO - 投票结果: 选择路径 0, 答案: 240, 置信度: 1.0
2025-08-06 07:50:24,484 - INFO - 投票结果: 选择路径 0, 答案: 1000, 置信度: 1.0
2025-08-06 07:50:24,487 - INFO - 投票结果: 选择路径 0, 答案: 109, 置信度: 1.0
2025-08-06 07:50:24,490 - INFO - 投票结果: 选择路径 0, 答案: 140, 置信度: 0.9
2025-08-06 07:50:24,493 - INFO - 投票结果: 选择路径 0, 答案: 55, 置信度: 1.0
2025-08-06 07:50:24,496 - INFO - 投票结果: 选择路径 0, 答案: 16, 置信度: 1.0
2025-08-06 07:50:24,499 - INFO - 投票结果: 选择路径 1, 答案: 112, 置信度: 0.5
2025-08-06 07:50:24,502 - INFO - 投票结果: 选择路径 0, 答案: 110, 置信度: 1.0
2025-08-06 07:50:24,505 - INFO - 投票结果: 选择路径 0, 答案: 13, 置信度: 1.0
2025-08-06 07:50:24,508 - INFO - 投票结果: 选择路径 0, 答案: 5, 置信度: 0.7
2025-08-06 07:50:24,512 - INFO - 投票结果: 选择路径 0, 答案: 48, 置信度: 1.0
2025-08-06 07:50:24,515 - INFO - 投票结果: 选择路径 0, 答案: 8, 置信度: 1.0
2025-08-06 07:50:24,518 - INFO - 投票结果: 选择路径 0, 答案: 8, 置信度: 1.0
2025-08-06 07:50:24,521 - INFO - 投票结果: 选择路径 0, 答案: 56, 置信度: 0.9
2025-08-06 07:50:24,524 - INFO - 投票结果: 选择路径 0, 答案: 3, 置信度: 1.0
2025-08-06 07:50:24,527 - INFO - 投票结果: 选择路径 0, 答案: 42, 置信度: 0.4
2025-08-06 07:50:24,530 - INFO - 投票结果: 选择路径 2, 答案: 4, 置信度: 0.5
2025-08-06 07:50:24,533 - INFO - 投票结果: 选择路径 0, 答案: 20000, 置信度: 1.0
2025-08-06 07:50:24,536 - INFO - 投票结果: 选择路径 4, 答案: 9, 置信度: 0.5
2025-08-06 07:50:24,540 - INFO - 投票结果: 选择路径 0, 答案: 52, 置信度: 1.0
2025-08-06 07:50:24,543 - INFO - 投票结果: 选择路径 1, 答案: 10, 置信度: 0.5
2025-08-06 07:50:24,546 - INFO - 投票结果: 选择路径 0, 答案: 110000, 置信度: 0.6
2025-08-06 07:50:24,549 - INFO - 投票结果: 选择路径 0, 答案: 45, 置信度: 1.0
2025-08-06 07:50:24,552 - INFO - 投票结果: 选择路径 0, 答案: 1, 置信度: 0.5
2025-08-06 07:50:24,555 - INFO - 投票结果: 选择路径 5, 答案: 5600, 置信度: 0.5
2025-08-06 07:50:24,558 - INFO - 投票结果: 选择路径 0, 答案: 7, 置信度: 1.0
2025-08-06 07:50:24,561 - INFO - 投票结果: 选择路径 1, 答案: 25, 置信度: 0.7
2025-08-06 07:50:24,564 - INFO - 投票结果: 选择路径 0, 答案: -91, 置信度: 0.7
2025-08-06 07:50:24,567 - INFO - 投票结果: 选择路径 0, 答案: 180, 置信度: 0.7
2025-08-06 07:50:24,570 - INFO - 投票结果: 选择路径 0, 答案: 24, 置信度: 0.6
2025-08-06 07:50:24,574 - INFO - 投票结果: 选择路径 1, 答案: 6, 置信度: 0.7
2025-08-06 07:50:24,577 - INFO - 投票结果: 选择路径 1, 答案: 40, 置信度: 0.9
2025-08-06 07:50:24,580 - INFO - 投票结果: 选择路径 0, 答案: -3, 置信度: 1.0
2025-08-06 07:50:24,583 - INFO - 投票结果: 选择路径 0, 答案: 224, 置信度: 0.8
2025-08-06 07:50:24,586 - INFO - 投票结果: 选择路径 0, 答案: 227, 置信度: 1.0
2025-08-06 07:50:24,589 - INFO - 投票结果: 选择路径 0, 答案: 762, 置信度: 1.0
2025-08-06 07:50:24,592 - INFO - 投票结果: 选择路径 0, 答案: 34, 置信度: 1.0
2025-08-06 07:50:24,595 - INFO - 投票结果: 选择路径 0, 答案: 2, 置信度: 0.9
2025-08-06 07:50:24,598 - INFO - 投票结果: 选择路径 0, 答案: 2, 置信度: 0.8
2025-08-06 07:50:24,601 - INFO - 投票结果: 选择路径 0, 答案: 23, 置信度: 0.2
2025-08-06 07:50:24,604 - INFO - 投票结果: 选择路径 0, 答案: 4, 置信度: 1.0
2025-08-06 07:50:24,607 - INFO - 投票结果: 选择路径 0, 答案: 110, 置信度: 0.7
2025-08-06 07:50:24,611 - INFO - 投票结果: 选择路径 0, 答案: 750, 置信度: 1.0
2025-08-06 07:50:24,614 - INFO - 投票结果: 选择路径 0, 答案: 240, 置信度: 0.9
2025-08-06 07:50:24,617 - INFO - 投票结果: 选择路径 3, 答案: 300, 置信度: 0.3
2025-08-06 07:50:24,620 - INFO - 投票结果: 选择路径 0, 答案: 105, 置信度: 0.8
2025-08-06 07:50:24,623 - INFO - 投票结果: 选择路径 0, 答案: 120, 置信度: 0.9
2025-08-06 07:50:24,626 - INFO - 投票结果: 选择路径 0, 答案: 240, 置信度: 1.0
2025-08-06 07:50:24,629 - INFO - 投票结果: 选择路径 0, 答案: 4000, 置信度: 0.6
2025-08-06 07:50:24,633 - INFO - 投票结果: 选择路径 0, 答案: 60, 置信度: 1.0
2025-08-06 07:50:24,636 - INFO - 投票结果: 选择路径 2, 答案: 36, 置信度: 0.8
2025-08-06 07:50:24,639 - INFO - 投票结果: 选择路径 1, 答案: 80, 置信度: 0.7
2025-08-06 07:50:24,642 - INFO - 投票结果: 选择路径 1, 答案: 240, 置信度: 0.5
2025-08-06 07:50:24,645 - INFO - 投票结果: 选择路径 0, 答案: 32, 置信度: 0.9
2025-08-06 07:50:24,648 - INFO - 投票结果: 选择路径 0, 答案: 940, 置信度: 1.0
2025-08-06 07:50:24,651 - INFO - 投票结果: 选择路径 0, 答案: 84, 置信度: 1.0
2025-08-06 07:50:24,654 - INFO - 投票结果: 选择路径 0, 答案: 2, 置信度: 0.7
2025-08-06 07:50:24,657 - INFO - 投票结果: 选择路径 0, 答案: 32, 置信度: 1.0
2025-08-06 07:50:24,660 - INFO - 投票结果: 选择路径 1, 答案: 12, 置信度: 0.5
2025-08-06 07:50:24,663 - INFO - 投票结果: 选择路径 1, 答案: 6, 置信度: 0.6
2025-08-06 07:50:24,667 - INFO - 投票结果: 选择路径 0, 答案: 1, 置信度: 0.5
2025-08-06 07:50:24,670 - INFO - 投票结果: 选择路径 0, 答案: 14, 置信度: 1.0
2025-08-06 07:50:24,673 - INFO - 投票结果: 选择路径 0, 答案: 448, 置信度: 1.0
2025-08-06 07:50:24,676 - INFO - 投票结果: 选择路径 0, 答案: 12, 置信度: 1.0
2025-08-06 07:50:24,679 - INFO - 投票结果: 选择路径 0, 答案: 1110, 置信度: 0.8
2025-08-06 07:50:24,682 - INFO - 投票结果: 选择路径 0, 答案: 2, 置信度: 0.5
2025-08-06 07:50:24,685 - INFO - 投票结果: 选择路径 0, 答案: 6, 置信度: 1.0
2025-08-06 07:50:24,688 - INFO - 投票结果: 选择路径 0, 答案: 28, 置信度: 1.0
2025-08-06 07:50:24,691 - INFO - 投票结果: 选择路径 0, 答案: 72000, 置信度: 0.5
2025-08-06 07:50:24,694 - INFO - 投票结果: 选择路径 0, 答案: 32, 置信度: 1.0
2025-08-06 07:50:24,697 - INFO - 投票结果: 选择路径 0, 答案: 60, 置信度: 1.0
2025-08-06 07:50:24,701 - INFO - 投票结果: 选择路径 0, 答案: 90, 置信度: 1.0
2025-08-06 07:50:24,704 - INFO - 投票结果: 选择路径 1, 答案: 2x+4, 置信度: 0.4
2025-08-06 07:50:24,707 - INFO - 投票结果: 选择路径 0, 答案: 270, 置信度: 1.0
2025-08-06 07:50:24,710 - INFO - 投票结果: 选择路径 2, 答案: 5600, 置信度: 0.5
2025-08-06 07:50:24,713 - INFO - 投票结果: 选择路径 0, 答案: 72, 置信度: 1.0
2025-08-06 07:50:24,716 - INFO - 投票结果: 选择路径 0, 答案: 400, 置信度: 0.8
2025-08-06 07:50:24,719 - INFO - 投票结果: 选择路径 0, 答案: 12, 置信度: 0.6
2025-08-06 07:50:24,723 - INFO - 投票结果: 选择路径 0, 答案: 25, 置信度: 0.5
2025-08-06 07:50:24,726 - INFO - 投票结果: 选择路径 2, 答案: 54, 置信度: 0.4
2025-08-06 07:50:24,729 - INFO - 投票结果: 选择路径 0, 答案: 25, 置信度: 0.3
2025-08-06 07:50:24,732 - INFO - 投票结果: 选择路径 0, 答案: 4, 置信度: 0.9
2025-08-06 07:50:24,735 - INFO - 投票结果: 选择路径 0, 答案: 4, 置信度: 1.0
2025-08-06 07:50:24,738 - INFO - 投票结果: 选择路径 0, 答案: 17500, 置信度: 0.9
2025-08-06 07:50:24,741 - INFO - 投票结果: 选择路径 0, 答案: 8, 置信度: 1.0
2025-08-06 07:50:24,744 - INFO - 投票结果: 选择路径 0, 答案: 21, 置信度: 1.0
2025-08-06 07:50:24,747 - INFO - 投票结果: 选择路径 2, 答案: 36, 置信度: 0.2
2025-08-06 07:50:24,751 - INFO - 投票结果: 选择路径 0, 答案: 1, 置信度: 0.9
2025-08-06 07:50:24,788 - INFO - 投票结果: 选择路径 0, 答案: 193, 置信度: 1.0
2025-08-06 07:50:24,793 - INFO - 投票结果: 选择路径 0, 答案: 3, 置信度: 0.8
2025-08-06 07:50:24,799 - INFO - 投票结果: 选择路径 0, 答案: 131250, 置信度: 0.4
2025-08-06 07:50:24,803 - INFO - 投票结果: 选择路径 0, 答案: 24, 置信度: 1.0
2025-08-06 07:50:24,807 - INFO - 投票结果: 选择路径 3, 答案: 31, 置信度: 0.3
2025-08-06 07:50:24,810 - INFO - 投票结果: 选择路径 0, 答案: 490, 置信度: 1.0
2025-08-06 07:50:24,813 - INFO - 投票结果: 选择路径 0, 答案: 19, 置信度: 0.4
2025-08-06 07:50:24,816 - INFO - 投票结果: 选择路径 0, 答案: 60, 置信度: 0.8
2025-08-06 07:50:24,819 - INFO - 投票结果: 选择路径 0, 答案: 17, 置信度: 0.9
2025-08-06 07:50:24,822 - INFO - 投票结果: 选择路径 2, 答案: 6850000, 置信度: 0.3
2025-08-06 07:50:24,825 - INFO - 投票结果: 选择路径 0, 答案: 15, 置信度: 1.0
2025-08-06 07:50:24,828 - INFO - 投票结果: 选择路径 2, 答案: 80, 置信度: 0.6
2025-08-06 07:50:24,832 - INFO - 投票结果: 选择路径 0, 答案: 18, 置信度: 1.0
2025-08-06 07:50:24,835 - INFO - 投票结果: 选择路径 1, 答案: 30, 置信度: 0.9
2025-08-06 07:50:24,838 - INFO - 投票结果: 选择路径 0, 答案: 60, 置信度: 1.0
2025-08-06 07:50:24,841 - INFO - 投票结果: 选择路径 0, 答案: 260, 置信度: 1.0
2025-08-06 07:50:24,844 - INFO - 投票结果: 选择路径 0, 答案: 60, 置信度: 1.0
2025-08-06 07:50:24,847 - INFO - 投票结果: 选择路径 0, 答案: 75, 置信度: 0.5
2025-08-06 07:50:24,850 - INFO - 投票结果: 选择路径 0, 答案: 25, 置信度: 1.0
2025-08-06 07:50:24,853 - INFO - 投票结果: 选择路径 0, 答案: 53, 置信度: 0.3
2025-08-06 07:50:24,857 - INFO - 投票结果: 选择路径 0, 答案: 5, 置信度: 1.0
2025-08-06 07:50:24,860 - INFO - 投票结果: 选择路径 0, 答案: 84, 置信度: 0.8
2025-08-06 07:50:24,863 - INFO - 投票结果: 选择路径 0, 答案: 7, 置信度: 0.7
2025-08-06 07:50:24,866 - INFO - 投票结果: 选择路径 0, 答案: 2, 置信度: 1.0
2025-08-06 07:50:24,869 - INFO - 投票结果: 选择路径 1, 答案: 21, 置信度: 0.7
2025-08-06 07:50:24,872 - INFO - 投票结果: 选择路径 0, 答案: 8, 置信度: 1.0
2025-08-06 07:50:24,875 - INFO - 投票结果: 选择路径 0, 答案: 50, 置信度: 0.3
2025-08-06 07:50:24,878 - INFO - 投票结果: 选择路径 0, 答案: 90000, 置信度: 1.0
2025-08-06 07:50:24,881 - INFO - 投票结果: 选择路径 0, 答案: 2, 置信度: 1.0
2025-08-06 07:50:24,884 - INFO - 投票结果: 选择路径 1, 答案: 40, 置信度: 0.7
2025-08-06 07:50:24,887 - INFO - 投票结果: 选择路径 0, 答案: 2, 置信度: 0.7
2025-08-06 07:50:24,891 - INFO - 投票结果: 选择路径 0, 答案: 100, 置信度: 1.0
2025-08-06 07:50:24,894 - INFO - 投票结果: 选择路径 0, 答案: 30, 置信度: 1.0
2025-08-06 07:50:24,897 - INFO - 投票结果: 选择路径 0, 答案: 8, 置信度: 1.0
2025-08-06 07:50:24,900 - INFO - 投票结果: 选择路径 0, 答案: 31, 置信度: 1.0
2025-08-06 07:50:24,903 - INFO - 投票结果: 选择路径 0, 答案: 120000, 置信度: 0.7
2025-08-06 07:50:24,906 - INFO - 投票结果: 选择路径 0, 答案: 180, 置信度: 1.0
2025-08-06 07:50:24,909 - INFO - 投票结果: 选择路径 0, 答案: 3, 置信度: 1.0
2025-08-06 07:50:24,912 - INFO - 投票结果: 选择路径 0, 答案: 5, 置信度: 0.9
2025-08-06 07:50:24,915 - INFO - 投票结果: 选择路径 0, 答案: 5, 置信度: 1.0
2025-08-06 07:50:24,918 - INFO - 投票结果: 选择路径 0, 答案: 130000, 置信度: 0.9
2025-08-06 07:50:24,921 - INFO - 投票结果: 选择路径 0, 答案: 68, 置信度: 0.6
2025-08-06 07:50:24,924 - INFO - 投票结果: 选择路径 0, 答案: 78, 置信度: 0.9
2025-08-06 07:50:24,927 - INFO - 投票结果: 选择路径 0, 答案: 28, 置信度: 1.0
2025-08-06 07:50:24,930 - INFO - 投票结果: 选择路径 0, 答案: 15, 置信度: 1.0
2025-08-06 07:50:24,933 - INFO - 投票结果: 选择路径 0, 答案: 290, 置信度: 0.7
2025-08-06 07:50:24,937 - INFO - 投票结果: 选择路径 0, 答案: 38.89, 置信度: 0.4
2025-08-06 07:50:24,940 - INFO - 投票结果: 选择路径 0, 答案: 600, 置信度: 0.4
2025-08-06 07:50:24,943 - INFO - 投票结果: 选择路径 0, 答案: 18, 置信度: 1.0
2025-08-06 07:50:24,946 - INFO - 投票结果: 选择路径 0, 答案: 90, 置信度: 1.0
2025-08-06 07:50:24,949 - INFO - 投票结果: 选择路径 0, 答案: 31, 置信度: 0.8
2025-08-06 07:50:24,952 - INFO - 投票结果: 选择路径 0, 答案: 1200, 置信度: 0.2
2025-08-06 07:50:24,955 - INFO - 投票结果: 选择路径 0, 答案: 180, 置信度: 0.7
2025-08-06 07:50:24,958 - INFO - 投票结果: 选择路径 0, 答案: 7, 置信度: 1.0
2025-08-06 07:50:24,961 - INFO - 投票结果: 选择路径 0, 答案: 75, 置信度: 0.8
2025-08-06 07:50:24,964 - INFO - 投票结果: 选择路径 0, 答案: 650, 置信度: 1.0
2025-08-06 07:50:24,967 - INFO - 投票结果: 选择路径 2, 答案: 310, 置信度: 0.5
2025-08-06 07:50:24,970 - INFO - 投票结果: 选择路径 0, 答案: 12, 置信度: 0.8
2025-08-06 07:50:24,974 - INFO - 投票结果: 选择路径 0, 答案: 5, 置信度: 1.0
2025-08-06 07:50:24,977 - INFO - 投票结果: 选择路径 0, 答案: 29, 置信度: 1.0
2025-08-06 07:50:24,980 - INFO - 投票结果: 选择路径 0, 答案: 140, 置信度: 1.0
2025-08-06 07:50:24,983 - INFO - 投票结果: 选择路径 0, 答案: 30, 置信度: 1.0
2025-08-06 07:50:24,986 - INFO - 投票结果: 选择路径 0, 答案: 40, 置信度: 0.5
2025-08-06 07:50:24,989 - INFO - 投票结果: 选择路径 0, 答案: 100, 置信度: 1.0
2025-08-06 07:50:24,992 - INFO - 投票结果: 选择路径 0, 答案: 35, 置信度: 1.0
2025-08-06 07:50:24,995 - INFO - 投票结果: 选择路径 0, 答案: 79, 置信度: 1.0
2025-08-06 07:50:24,998 - INFO - 投票结果: 选择路径 0, 答案: 5, 置信度: 0.3
2025-08-06 07:50:25,001 - INFO - 投票结果: 选择路径 0, 答案: 4, 置信度: 1.0
2025-08-06 07:50:25,005 - INFO - 投票结果: 选择路径 0, 答案: 6, 置信度: 0.9
2025-08-06 07:50:25,008 - INFO - 投票结果: 选择路径 0, 答案: 32, 置信度: 1.0
2025-08-06 07:50:25,011 - INFO - 投票结果: 选择路径 0, 答案: 112, 置信度: 1.0
2025-08-06 07:50:25,014 - INFO - 投票结果: 选择路径 1, 答案: 54, 置信度: 0.5
2025-08-06 07:50:25,017 - INFO - 投票结果: 选择路径 0, 答案: 450, 置信度: 1.0
2025-08-06 07:50:25,020 - INFO - 投票结果: 选择路径 0, 答案: 6000, 置信度: 0.5
2025-08-06 07:50:25,023 - INFO - 投票结果: 选择路径 0, 答案: 450, 置信度: 0.9
2025-08-06 07:50:25,026 - INFO - 投票结果: 选择路径 0, 答案: 6, 置信度: 1.0
2025-08-06 07:50:25,029 - INFO - 投票结果: 选择路径 1, 答案: 14, 置信度: 0.4
2025-08-06 07:50:25,032 - INFO - 投票结果: 选择路径 0, 答案: 144, 置信度: 1.0
2025-08-06 07:50:25,035 - INFO - 投票结果: 选择路径 0, 答案: 8, 置信度: 0.9
2025-08-06 07:50:25,038 - INFO - 投票结果: 选择路径 0, 答案: 2125, 置信度: 1.0
2025-08-06 07:50:25,041 - INFO - 投票结果: 选择路径 0, 答案: 65, 置信度: 0.6
2025-08-06 07:50:25,044 - INFO - 投票结果: 选择路径 0, 答案: 13, 置信度: 0.9
2025-08-06 07:50:25,047 - INFO - 投票结果: 选择路径 0, 答案: 112, 置信度: 0.9
2025-08-06 07:50:25,050 - INFO - 投票结果: 选择路径 0, 答案: 133, 置信度: 1.0
2025-08-06 07:50:25,054 - INFO - 投票结果: 选择路径 0, 答案: 100, 置信度: 1.0
2025-08-06 07:50:25,057 - INFO - 投票结果: 选择路径 0, 答案: 350, 置信度: 1.0
2025-08-06 07:50:25,060 - INFO - 投票结果: 选择路径 0, 答案: 44.4, 置信度: 0.6
2025-08-06 07:50:25,063 - INFO - 投票结果: 选择路径 0, 答案: 105, 置信度: 1.0
2025-08-06 07:50:25,066 - INFO - 投票结果: 选择路径 0, 答案: 7, 置信度: 0.6
2025-08-06 07:50:25,069 - INFO - 投票结果: 选择路径 0, 答案: 860, 置信度: 1.0
2025-08-06 07:50:25,072 - INFO - 投票结果: 选择路径 0, 答案: 72, 置信度: 1.0
2025-08-06 07:50:25,075 - INFO - 投票结果: 选择路径 0, 答案: 50, 置信度: 0.4
2025-08-06 07:50:25,078 - INFO - 投票结果: 选择路径 0, 答案: 1, 置信度: 1.0
2025-08-06 07:50:25,081 - INFO - 投票结果: 选择路径 0, 答案: 2, 置信度: 0.2
2025-08-06 07:50:25,084 - INFO - 投票结果: 选择路径 0, 答案: 36, 置信度: 0.6
2025-08-06 07:50:25,087 - INFO - 投票结果: 选择路径 0, 答案: 140, 置信度: 0.9
2025-08-06 07:50:25,090 - INFO - 投票结果: 选择路径 0, 答案: 20, 置信度: 0.7
2025-08-06 07:50:25,093 - INFO - 投票结果: 选择路径 0, 答案: 1800, 置信度: 0.7
2025-08-06 07:50:25,096 - INFO - 投票结果: 选择路径 0, 答案: 35, 置信度: 0.5
2025-08-06 07:50:25,100 - INFO - 投票结果: 选择路径 0, 答案: 147, 置信度: 1.0
2025-08-06 07:50:25,103 - INFO - 投票结果: 选择路径 0, 答案: 10, 置信度: 1.0
2025-08-06 07:50:25,106 - INFO - 投票结果: 选择路径 0, 答案: 25, 置信度: 1.0
2025-08-06 07:50:25,109 - INFO - 投票结果: 选择路径 0, 答案: 32, 置信度: 1.0
2025-08-06 07:50:25,112 - INFO - 投票结果: 选择路径 0, 答案: 276, 置信度: 1.0
2025-08-06 07:50:25,115 - INFO - 投票结果: 选择路径 0, 答案: 96, 置信度: 0.3
2025-08-06 07:50:25,118 - INFO - 投票结果: 选择路径 0, 答案: 30, 置信度: 1.0
2025-08-06 07:50:25,121 - INFO - 投票结果: 选择路径 0, 答案: 56, 置信度: 0.5
2025-08-06 07:50:25,124 - INFO - 投票结果: 选择路径 0, 答案: 8000, 置信度: 1.0
2025-08-06 07:50:25,127 - INFO - 投票结果: 选择路径 2, 答案: 50, 置信度: 0.5
2025-08-06 07:50:25,130 - INFO - 投票结果: 选择路径 1, 答案: 84, 置信度: 0.7
2025-08-06 07:50:25,133 - INFO - 投票结果: 选择路径 0, 答案: 50, 置信度: 0.9
2025-08-06 07:50:25,136 - INFO - 投票结果: 选择路径 0, 答案: 50, 置信度: 1.0
2025-08-06 07:50:25,139 - INFO - 投票结果: 选择路径 0, 答案: 320, 置信度: 1.0
2025-08-06 07:50:25,142 - INFO - 投票结果: 选择路径 0, 答案: 38, 置信度: 1.0
2025-08-06 07:50:25,145 - INFO - 投票结果: 选择路径 0, 答案: 34, 置信度: 0.9
2025-08-06 07:50:25,148 - INFO - 投票结果: 选择路径 0, 答案: 594, 置信度: 0.9
2025-08-06 07:50:25,152 - INFO - 投票结果: 选择路径 4, 答案: 36, 置信度: 0.3
2025-08-06 07:50:25,155 - INFO - 投票结果: 选择路径 0, 答案: 98, 置信度: 0.6
2025-08-06 07:50:25,158 - INFO - 投票结果: 选择路径 0, 答案: 123, 置信度: 1.0
2025-08-06 07:50:25,161 - INFO - 投票结果: 选择路径 0, 答案: 27, 置信度: 1.0
2025-08-06 07:50:25,164 - INFO - 投票结果: 选择路径 0, 答案: 145, 置信度: 1.0
2025-08-06 07:50:25,167 - INFO - 投票结果: 选择路径 0, 答案: 23, 置信度: 0.9
2025-08-06 07:50:25,170 - INFO - 投票结果: 选择路径 1, 答案: 14, 置信度: 0.7
2025-08-06 07:50:25,173 - INFO - 投票结果: 选择路径 1, 答案: 18, 置信度: 0.6
2025-08-06 07:50:25,176 - INFO - 投票结果: 选择路径 0, 答案: 21, 置信度: 1.0
2025-08-06 07:50:25,179 - INFO - 投票结果: 选择路径 0, 答案: 40000, 置信度: 1.0
2025-08-06 07:50:25,182 - INFO - 投票结果: 选择路径 4, 答案: 90, 置信度: 0.5
2025-08-06 07:50:25,186 - INFO - 投票结果: 选择路径 0, 答案: 11150, 置信度: 0.4
2025-08-06 07:50:25,189 - INFO - 投票结果: 选择路径 0, 答案: 1520, 置信度: 1.0
2025-08-06 07:50:25,192 - INFO - 投票结果: 选择路径 0, 答案: 32, 置信度: 0.4
2025-08-06 07:50:25,195 - INFO - 投票结果: 选择路径 1, 答案: 2000, 置信度: 0.5
2025-08-06 07:50:25,198 - INFO - 投票结果: 选择路径 0, 答案: 93, 置信度: 0.9
2025-08-06 07:50:25,202 - INFO - 投票结果: 选择路径 0, 答案: 40, 置信度: 0.8
2025-08-06 07:50:25,205 - INFO - 投票结果: 选择路径 0, 答案: 15, 置信度: 1.0
2025-08-06 07:50:25,208 - INFO - 投票结果: 选择路径 0, 答案: 66, 置信度: 1.0
2025-08-06 07:50:25,211 - INFO - 投票结果: 选择路径 0, 答案: 5, 置信度: 0.9
2025-08-06 07:50:25,214 - INFO - 投票结果: 选择路径 0, 答案: 5, 置信度: 1.0
2025-08-06 07:50:25,217 - INFO - 投票结果: 选择路径 1, 答案: 5, 置信度: 0.6
2025-08-06 07:50:25,220 - INFO - 投票结果: 选择路径 0, 答案: 1430, 置信度: 1.0
2025-08-06 07:50:25,223 - INFO - 投票结果: 选择路径 0, 答案: 36, 置信度: 0.9
2025-08-06 07:50:25,226 - INFO - 投票结果: 选择路径 0, 答案: 80, 置信度: 1.0
2025-08-06 07:50:25,229 - INFO - 投票结果: 选择路径 0, 答案: 29, 置信度: 1.0
2025-08-06 07:50:25,232 - INFO - 投票结果: 选择路径 0, 答案: 122, 置信度: 1.0
2025-08-06 07:50:25,235 - INFO - 投票结果: 选择路径 0, 答案: 60, 置信度: 1.0
2025-08-06 07:50:25,238 - INFO - 投票结果: 选择路径 0, 答案: 20, 置信度: 0.3
2025-08-06 07:50:25,241 - INFO - 投票结果: 选择路径 0, 答案: 21, 置信度: 1.0
2025-08-06 07:50:25,244 - INFO - 投票结果: 选择路径 0, 答案: 45, 置信度: 1.0
2025-08-06 07:50:25,247 - INFO - 投票结果: 选择路径 0, 答案: 273, 置信度: 1.0
2025-08-06 07:50:25,251 - INFO - 投票结果: 选择路径 2, 答案: 12, 置信度: 0.6
2025-08-06 07:50:25,254 - INFO - 投票结果: 选择路径 1, 答案: 5, 置信度: 0.8
2025-08-06 07:50:25,257 - INFO - 投票结果: 选择路径 0, 答案: 1, 置信度: 1.0
2025-08-06 07:50:25,260 - INFO - 投票结果: 选择路径 0, 答案: 1880, 置信度: 0.5
2025-08-06 07:50:25,263 - INFO - 
==================================================
2025-08-06 07:50:25,266 - INFO - 样本 5: Dominick went to his team's changing room and saw half as many robots as helmets and half as many he...
2025-08-06 07:50:25,269 - INFO - 参考答案: If the number of helmets was 20, there were 2 footballs/helmet * 20 helmets = <<20*2=40>>40 footballs
There were half as many robots as helmets, so in total, there were 1 robot/2 helmets * 20 helmets = <<1/2*20=10>>10 robots.
The total number of items in the changing room is 10 robots + 40 footballs + 20 helmets = <<10+40+20=70>>70 items
#### 70
2025-08-06 07:50:25,272 - INFO - 提取参考答案: 70
2025-08-06 07:50:25,275 - INFO - 生成答案: 

Step 1:First, read the problem and identify what we need to find. We need to find the total number of items Dominick saw.

Step 2:Next, set up equations and perform the calculations. Since there wer...
2025-08-06 07:50:25,278 - INFO - 提取答案: 100
2025-08-06 07:50:25,281 - INFO - 投票统计: {'voting_method': 'majority', 'best_answer': '100', 'vote_count': 6, 'total_paths': 10, 'valid_paths': 10, 'confidence': 0.6, 'answer_distribution': {'100': 6, '70': 4}, 'selected_path_idx': 0}
2025-08-06 07:50:25,285 - INFO - ==================================================
2025-08-06 07:50:25,288 - INFO - 
==================================================
2025-08-06 07:50:25,290 - INFO - 样本 9: Joe has $50 to buy an outfit for his new field trip. There is a 30% off sale at the clothing store. ...
2025-08-06 07:50:25,293 - INFO - 参考答案: The price of the two clothing items totals 35 + 25 = <<35+25=60>>60 dollars before discount.
The total sale discount comes to 60 * 0.3 = <<60*0.3=18>>18 dollars.
The final sale price comes to 60 - 18 = <<60-18=42>>42 dollars.
Joe ends up with 50 - 42 = <<50-42=8>>8 dollars change.
#### 8
2025-08-06 07:50:25,297 - INFO - 提取参考答案: 8
2025-08-06 07:50:25,300 - INFO - 生成答案: 

Step 1:First, read the problem and identify what we need to find. We need to find out how much money Joe will have left after the purchase.

Step 2:Next, set up equations and perform the calculation...
2025-08-06 07:50:25,303 - INFO - 提取答案: 4.64
2025-08-06 07:50:25,306 - INFO - 投票统计: {'voting_method': 'majority', 'best_answer': '4.64', 'vote_count': 7, 'total_paths': 10, 'valid_paths': 10, 'confidence': 0.7, 'answer_distribution': {'4.88': 1, '4.64': 7, '5.64': 1, '8': 1}, 'selected_path_idx': 1}
2025-08-06 07:50:25,309 - INFO - ==================================================
2025-08-06 07:50:25,312 - INFO - 
==================================================
2025-08-06 07:50:25,315 - INFO - 样本 13: Christina records her mood every day on a calendar. Over the past thirty days of moods, she had twel...
2025-08-06 07:50:25,318 - INFO - 参考答案: Christina had 30 - 12 - 8 = <<30-12-8=10>>10 neutral days in the month.
After the first three 8-day periods, she had 30 - 8 * 3 = 30 - 24 = <<30-8*3=6>>6 days of moods left.
Of those days, 12 - 8 = <<12-8=4>>4 days were good.
After the next 3 days with 2 good days, Christina had 4 - 2 = <<4-2=2>>2 good days left.
#### 2
2025-08-06 07:50:25,321 - INFO - 提取参考答案: 2
2025-08-06 07:50:25,324 - INFO - 生成答案: 

Step 1:First, read the problem and identify what we need to find. We need to find the number of good days left in the month.

Step 2:Next, set up equations and perform the calculations. The total nu...
2025-08-06 07:50:25,328 - INFO - 提取答案: 12
2025-08-06 07:50:25,331 - INFO - 投票统计: {'voting_method': 'majority', 'best_answer': '12', 'vote_count': 3, 'total_paths': 10, 'valid_paths': 10, 'confidence': 0.3, 'answer_distribution': {'3': 1, '1': 1, '9': 1, '6': 1, '4': 1, '12': 3, '7': 1, '5': 1}, 'selected_path_idx': 5}
2025-08-06 07:50:25,334 - INFO - ==================================================
2025-08-06 07:50:25,337 - INFO - 
==================================================
2025-08-06 07:50:25,340 - INFO - 样本 25: Tom decides to give his wife an anniversary getaway.  The plane tickets cost $5000 each.  The hotel ...
2025-08-06 07:50:25,343 - INFO - 参考答案: The hotel room is 1500*.2=$<<1500*.2=300>>300 more expensive per night than normal
So they paid 1500+300=$<<1500+300=1800>>1800 per night
That means she paid 1800*3=$<<1800*3=5400>>5400
The plane tickets cost 5000*2=$<<5000*2=10000>>10,000
So the total cost is 10,000+5400=$<<10000+5400=15400>>15,400
#### 15400
2025-08-06 07:50:25,346 - INFO - 提取参考答案: 15400
2025-08-06 07:50:25,349 - INFO - 生成答案: 

Step 1:First, read the problem and identify what we need to find. We need to find the total cost of the trip.

Step 2:Next, set up equations and perform the calculations. The normal price of the hot...
2025-08-06 07:50:25,352 - INFO - 提取答案: 16400
2025-08-06 07:50:25,355 - INFO - 投票统计: {'voting_method': 'majority', 'best_answer': '16400', 'vote_count': 9, 'total_paths': 10, 'valid_paths': 10, 'confidence': 0.9, 'answer_distribution': {'16400': 9, '18400': 1}, 'selected_path_idx': 0}
2025-08-06 07:50:25,359 - INFO - ==================================================
2025-08-06 07:50:25,362 - INFO - 
==================================================
2025-08-06 07:50:25,365 - INFO - 样本 43: Marin and his neighbor Nancy each eat 4 apples a day. How many apples do they eat in 30 days?...
2025-08-06 07:50:25,368 - INFO - 参考答案: In one day, Marin and Nancy eat 4 + 1 = <<4+1=5>>5 apples.
In 30 days, they eat 30 * 5 = <<30*5=150>>150 apples.
#### 150
2025-08-06 07:50:25,371 - INFO - 提取参考答案: 150
2025-08-06 07:50:25,374 - INFO - 生成答案: 

Step 1:First, read the problem and identify what we need to find. We need to find the total number of apples that Marin and Nancy eat in 30 days.

Step 2:Next, set up equations and perform the calcu...
2025-08-06 07:50:25,377 - INFO - 提取答案: 240
2025-08-06 07:50:25,380 - INFO - 投票统计: {'voting_method': 'majority', 'best_answer': '240', 'vote_count': 10, 'total_paths': 10, 'valid_paths': 10, 'confidence': 1.0, 'answer_distribution': {'240': 10}, 'selected_path_idx': 0}
2025-08-06 07:50:25,383 - INFO - ==================================================
2025-08-06 07:50:25,386 - INFO - 
==================================================
2025-08-06 07:50:25,389 - INFO - 样本 46: Lana is brewing cups of tea for her friends. She has 27 cups, and she divides these into 3 rows. In ...
2025-08-06 07:50:25,392 - INFO - 参考答案: If there are 15 cups of cinnamon tea, then there are a total of 27 – 15 = <<27-15=12>>12 cups of chamomile or mint tea.
As there are equal amounts of chamomile tea and mint tea, there is a total of 12 cups / 2 = <<12/2=6>>6 cups of mint tea.
Dividing these into rows shows that each row holds 6 / 3 = <<6/3=2>>2 cups of mint tea.
#### 2
2025-08-06 07:50:25,396 - INFO - 提取参考答案: 2
2025-08-06 07:50:25,399 - INFO - 生成答案: 

Step 1:First, read the problem and identify what we need to find. We need to find the number of cups of mint tea in each row.

Step 2:Next, set up equations and perform the calculations. Let's assum...
2025-08-06 07:50:25,402 - INFO - 提取答案: 4
2025-08-06 07:50:25,405 - INFO - 投票统计: {'voting_method': 'majority', 'best_answer': '4', 'vote_count': 7, 'total_paths': 10, 'valid_paths': 10, 'confidence': 0.7, 'answer_distribution': {'4': 7, '5': 2, '2': 1}, 'selected_path_idx': 0}
2025-08-06 07:50:25,408 - INFO - ==================================================
2025-08-06 07:50:25,411 - INFO - 
==================================================
2025-08-06 07:50:25,414 - INFO - 样本 48: A teacher uses a 5-inch piece of chalk to write math equations on a chalkboard for his students. The...
2025-08-06 07:50:25,417 - INFO - 参考答案: The teacher uses 45% of his 5 inch stick of chalk on Monday, or 5 * .45 = <<5*.45=2.25>>2.25 inches.
He is left with 5 - 2.25 = <<5-2.25=2.75>>2.75 inches of chalk.
The next day he will use 20% of 2.75 inches, which is 2.75 * .2 = <<2.75*.2=.55>>.55 inches of chalk used.
That leaves him with 2.75 - .55 = <<2.75-.55=2.2>>2.2 inches of chalk.
The day after that, he will use 2.2 * .2 = <<2.2*.2=.44>>.44 inches of chalk.
That will leave him with 2.2 - .44 = <<2.2-.44=1.76>>1.76 inches of chalk.
Since 1.76 is less than 2 inches, he will recycle this stick in 2 days.
#### 2
2025-08-06 07:50:25,420 - INFO - 提取参考答案: 2
2025-08-06 07:50:25,424 - INFO - 生成答案: 

Step 1:First, read the problem and identify what we need to find. We need to find the number of days the teacher has before he has to recycle the piece of chalk.

Step 2:Next, set up equations and p...
2025-08-06 07:50:25,427 - INFO - 提取答案: 3
2025-08-06 07:50:25,430 - INFO - 投票统计: {'voting_method': 'majority', 'best_answer': '3', 'vote_count': 3, 'total_paths': 10, 'valid_paths': 10, 'confidence': 0.3, 'answer_distribution': {'1': 1, '12': 1, '3': 3, '1.67': 1, '11.25': 1, '5': 2, '4': 1}, 'selected_path_idx': 2}
2025-08-06 07:50:25,433 - INFO - ==================================================
2025-08-06 07:50:25,436 - INFO - 
==================================================
2025-08-06 07:50:25,439 - INFO - 样本 49: Raymond and Samantha are cousins. Raymond was born 6 years before Samantha. Raymond had a son at the...
2025-08-06 07:50:25,442 - INFO - 参考答案: When Raymond's son was born Samantha was 23 - 6 = <<23-6=17>>17 years old.
Thus it has been 31 - 17 = <<31-17=14>>14 years since Raymond's son was born.
#### 14
2025-08-06 07:50:25,445 - INFO - 提取参考答案: 14
2025-08-06 07:50:25,448 - INFO - 生成答案: 

Step 1:First, read the problem and identify what we need to find. We need to find the number of years ago Raymond's son was born.

Step 2:Next, set up equations and perform the calculations. Since R...
2025-08-06 07:50:25,451 - INFO - 提取答案: 2
2025-08-06 07:50:25,454 - INFO - 投票统计: {'voting_method': 'majority', 'best_answer': '2', 'vote_count': 7, 'total_paths': 10, 'valid_paths': 10, 'confidence': 0.7, 'answer_distribution': {'2': 7, '29': 2, '6': 1}, 'selected_path_idx': 0}
2025-08-06 07:50:25,457 - INFO - ==================================================
2025-08-06 07:50:25,460 - INFO - 
==================================================
2025-08-06 07:50:25,463 - INFO - 样本 55: John decides to buy new phones for him, his 2 kids, and his wife.  Each phone after the first 2 is h...
2025-08-06 07:50:25,466 - INFO - 参考答案: He bought 1+2+1=<<1+2+1=4>>4 phones
2 of the phones cost 600 so their cost is 2*600=$<<2*600=1200>>1200
The other two phones cost 600/2=$<<600/2=300>>300
So they cost 300*2=$<<300*2=600>>600
So the total cost is 1200+600=$<<1200+600=1800>>1800
#### 1800
2025-08-06 07:50:25,470 - INFO - 提取参考答案: 1800
2025-08-06 07:50:25,472 - INFO - 生成答案: 

Step 1:First, read the problem and identify what we need to find. We need to find the total amount John paid for the new phones.

Step 2:Next, set up equations and perform the calculations. The firs...
2025-08-06 07:50:25,476 - INFO - 提取答案: 2100
2025-08-06 07:50:25,479 - INFO - 投票统计: {'voting_method': 'majority', 'best_answer': '2100', 'vote_count': 6, 'total_paths': 10, 'valid_paths': 10, 'confidence': 0.6, 'answer_distribution': {'2100': 6, '1800': 1, '1925': 1, '2400': 1, '1500': 1}, 'selected_path_idx': 0}
2025-08-06 07:50:25,482 - INFO - ==================================================
2025-08-06 07:50:25,485 - INFO - 
==================================================
2025-08-06 07:50:25,488 - INFO - 样本 76: Rose bought five dozens of eggs for $2.40 a dozen. She will sell it for $1 for 3 eggs. How much will...
2025-08-06 07:50:25,491 - INFO - 参考答案: Rose bought five dozens of eggs for $2.40 x 5 = $<<2.40*5=12>>12.
Five dozens of eggs is equal to 12 x 5 = <<12*5=60>>60 eggs.
So there are 60/3 = <<60/3=20>>20 sets of 3 eggs that Rose will sell.
Thus, the total earnings of Rose for selling the eggs are $1 x 20 = $<<20=20>>20.
Therefore, her profit will be $20 - $12 = $<<20-12=8>>8.
#### 8
2025-08-06 07:50:25,494 - INFO - 提取参考答案: 8
2025-08-06 07:50:25,497 - INFO - 生成答案: 

Step 1:First, read the problem and identify what we need to find. We need to find Rose's profit.

Step 2:Next, set up equations and perform the calculations. Since Rose bought five dozens of eggs, s...
2025-08-06 07:50:25,501 - INFO - 提取答案: 48
2025-08-06 07:50:25,504 - INFO - 投票统计: {'voting_method': 'majority', 'best_answer': '48', 'vote_count': 7, 'total_paths': 10, 'valid_paths': 10, 'confidence': 0.7, 'answer_distribution': {'48': 7, '8': 2, '31.20': 1}, 'selected_path_idx': 0}
2025-08-06 07:50:25,507 - INFO - ==================================================
2025-08-06 07:50:25,510 - INFO - 
==================================================
2025-08-06 07:50:25,513 - INFO - 样本 81: Elise has been selling her Dad's collection of 250 books for three years. Each book sells at 20$, an...
2025-08-06 07:50:25,516 - INFO - 参考答案: If her sales in the current year are 45, she sold 45*2 = <<45*2=90>>90 books in the first year.
The total number of books sold in the first and current year is 90+45 = <<90+45=135>>135.
The total number of books sold in the second year is 250 of the original number of books - 135 sold books - 50 unsold books = <<250-135-50=65>>65 books.
If each book sells at 20$, then she earned 20*65 = $<<20*65=1300>>1300 in the second year
#### 1300
2025-08-06 07:50:25,519 - INFO - 提取参考答案: 1300
2025-08-06 07:50:25,522 - INFO - 生成答案: 

Step 1:First, read the problem and identify what we need to find. We need to find the total amount of money Elise earned in the second year.

Step 2:Next, set up equations and perform the calculatio...
2025-08-06 07:50:25,526 - INFO - 提取答案: 90
2025-08-06 07:50:25,529 - INFO - 投票统计: {'voting_method': 'majority', 'best_answer': '90', 'vote_count': 1, 'total_paths': 10, 'valid_paths': 10, 'confidence': 0.1, 'answer_distribution': {'90': 1, '300': 1, '1300': 1, '1500': 1, '2666.8': 1, '900': 1, '1600': 1, '2200': 1, '1340': 1, '2740': 1}, 'selected_path_idx': 0}
2025-08-06 07:50:25,532 - INFO - ==================================================
2025-08-06 07:50:25,535 - INFO - 
==================================================
2025-08-06 07:50:25,538 - INFO - 样本 93: Josh decides to try flipping a house.  He buys a house for $80,000 and then puts in $50,000 in repai...
2025-08-06 07:50:25,541 - INFO - 参考答案: The cost of the house and repairs came out to 80,000+50,000=$<<80000+50000=130000>>130,000
He increased the value of the house by 80,000*1.5=<<80000*1.5=120000>>120,000
So the new value of the house is 120,000+80,000=$<<120000+80000=200000>>200,000
So he made a profit of 200,000-130,000=$<<200000-130000=70000>>70,000
#### 70000
2025-08-06 07:50:25,545 - INFO - 提取参考答案: 70000
2025-08-06 07:50:25,548 - INFO - 生成答案: 

Step 1:First, read the problem and identify what we need to find. We need to find the profit that Josh made.

Step 2:Next, set up equations and perform the calculations. The value of the house after...
2025-08-06 07:50:25,551 - INFO - 提取答案: 50000
2025-08-06 07:50:25,554 - INFO - 投票统计: {'voting_method': 'majority', 'best_answer': '50000', 'vote_count': 3, 'total_paths': 10, 'valid_paths': 10, 'confidence': 0.3, 'answer_distribution': {'195000': 2, '50000': 3, '0': 3, '70000': 1, '43333': 1}, 'selected_path_idx': 1}
2025-08-06 07:50:25,557 - INFO - ==================================================
2025-08-06 07:50:25,560 - INFO - 
==================================================
2025-08-06 07:50:25,563 - INFO - 样本 95: There is one set of twins and one set of triplets. One twin is 7 years older than one triplet. If th...
2025-08-06 07:50:25,566 - INFO - 参考答案: Let T = age of triplet
Twin's age = T + <<+7=7>>7
Twin's combined age = 2 * (T + 7)
Triplet's combined age = <<3=3>>3T
2 * (T + 7) + 3T = 44
2T + 14 + 3T = 44
5T + 14 = 44
5T = 30
T = <<6=6>>6
Twin = 6 + 7 = <<6+7=13>>13
The twins are each <<13=13>>13 years old.
#### 13
2025-08-06 07:50:25,570 - INFO - 提取参考答案: 13
2025-08-06 07:50:25,573 - INFO - 生成答案: 

Step 1:First, read the problem and identify what we need to find. We need to find the age of one of the twins.

Step 2:Next, set up equations and perform the calculations. Let's assume the age of th...
2025-08-06 07:50:25,576 - INFO - 提取答案: 44
2025-08-06 07:50:25,579 - INFO - 投票统计: {'voting_method': 'majority', 'best_answer': '44', 'vote_count': 2, 'total_paths': 10, 'valid_paths': 10, 'confidence': 0.2, 'answer_distribution': {'10': 1, '8': 1, '44': 2, '13': 2, '18': 1, '25.5': 1, '9': 1, '12.33': 1}, 'selected_path_idx': 2}
2025-08-06 07:50:25,582 - INFO - ==================================================
2025-08-06 07:50:25,585 - INFO - 
==================================================
2025-08-06 07:50:25,588 - INFO - 样本 98: One meatball sub sandwich contains 4 meatballs.  Sidney ordered 3 less than ten meatball sub sandwic...
2025-08-06 07:50:25,591 - INFO - 参考答案: 3 less than ten meatball sub sandwiches is 10-3=<<10-3=7>>7 sub sandwiches.
After Mark ate 4 of Sidney's meatball sub sandwiches, 7-4=<<7-4=3>>3 remained.
Finally, after Sidney ordered three more sub sandwiches, there were a total of 3+3=<<3+3=6>>6 sub sandwiches.
If each sub sandwich has 4 meatballs, then the remaining sub sandwiches contain a total of 6*4=<<6*4=24>>24 meatballs.
#### 24
2025-08-06 07:50:25,594 - INFO - 提取参考答案: 24
2025-08-06 07:50:25,597 - INFO - 生成答案: 

Step 1:First, read the problem and identify what we need to find. We need to find the number of meatballs in the remaining sub sandwiches.

Step 2:Next, set up equations and perform the calculations...
2025-08-06 07:50:25,601 - INFO - 提取答案: 12
2025-08-06 07:50:25,604 - INFO - 投票统计: {'voting_method': 'majority', 'best_answer': '12', 'vote_count': 9, 'total_paths': 10, 'valid_paths': 10, 'confidence': 0.9, 'answer_distribution': {'12': 9, '40': 1}, 'selected_path_idx': 0}
2025-08-06 07:50:25,607 - INFO - ==================================================
2025-08-06 07:50:25,610 - INFO - 
==================================================
2025-08-06 07:50:25,613 - INFO - 样本 103: Kim sleepwalks, to monitor her sleeping hours, she installs a camera in her room. Kim usually goes t...
2025-08-06 07:50:25,616 - INFO - 参考答案: Out of 24 hours in a day, 10 pm represents 22 hours.
Until 12 p.m. or 24 hours, Kim slept 24 - 22 = <<24-22=2>>2 hours.
In total, Kim usually sleeps 2 + 6 = <<2+6=8>>8 hours a day.
In minutes, Kim usually sleeps 8 * 60 = <<8*60=480>>480 minutes
Kim was sleepwalking for a total of 38 - 15 = <<38-15=23>>23 minutes.
Within her usual sleep routine, Kim was sleepwalking or awake a total of 23 + 5 =<<23+5=28>>28 minutes.
On that day, Kim slept in her bed for 480 - 28 = <<480-28=452>>452 minutes.
#### 452
2025-08-06 07:50:25,619 - INFO - 提取参考答案: 452
2025-08-06 07:50:25,622 - INFO - 生成答案: 

Step 1:First, read the problem and identify what we need to find. We need to find the total number of minutes that Kim slept on her bed that day.

Step 2:Next, set up equations and perform the calcu...
2025-08-06 07:50:25,625 - INFO - 提取答案: 353
2025-08-06 07:50:25,628 - INFO - 投票统计: {'voting_method': 'majority', 'best_answer': '353', 'vote_count': 1, 'total_paths': 10, 'valid_paths': 10, 'confidence': 0.1, 'answer_distribution': {'353': 1, '503': 1, '445': 1, '452': 1, '397': 1, '498': 1, '442': 1, '263': 1, '493': 1, '123': 1}, 'selected_path_idx': 0}
2025-08-06 07:50:25,632 - INFO - ==================================================
2025-08-06 07:50:25,634 - INFO - 
==================================================
2025-08-06 07:50:25,637 - INFO - 样本 106: Sally went to the seashore for vacation.  Her parents gave her $10 to buy whatever she wanted.  At t...
2025-08-06 07:50:25,641 - INFO - 参考答案: Taffy is buying 1 pound for $3 and gets 1 pound half off. So 1/2 off of 1 pound is $3/2 = $1.50+$3.00=$4.50
4 magnets at $0.25 each is 4*.25=$<<4*0.25=1.00>>1.00
When you add all her purchases, $4.50+$1.50+$1.00 = $<<4.5+1.5+1=7.00>>7.00
She had $10 and spent $7 so she had $10-$7 = $<<10-7=3.00>>3.00 left over
#### 3
2025-08-06 07:50:25,644 - INFO - 提取参考答案: 3
2025-08-06 07:50:25,647 - INFO - 生成答案: 

Step 1:First, read the problem and identify what we need to find. We need to find out how much money Sally has left.

Step 2:Next, set up equations and perform the calculations. Sally bought 2 pound...
2025-08-06 07:50:25,650 - INFO - 提取答案: 1.50
2025-08-06 07:50:25,653 - INFO - 投票统计: {'voting_method': 'majority', 'best_answer': '1.50', 'vote_count': 6, 'total_paths': 10, 'valid_paths': 10, 'confidence': 0.6, 'answer_distribution': {'1.50': 6, '3': 1, '0': 2, '4.50': 1}, 'selected_path_idx': 0}
2025-08-06 07:50:25,656 - INFO - ==================================================
2025-08-06 07:50:25,659 - INFO - 
==================================================
2025-08-06 07:50:25,662 - INFO - 样本 108: Ophelia and Jenna are living in the same apartment building. They each have 2 fewer sofas than chair...
2025-08-06 07:50:25,665 - INFO - 参考答案: If Ophelia has 20 sofas and 2 fewer sofas than chairs, she has 20+2 = <<20+2=22>>22 chairs.
Jenna has 3 times as many chairs as Ophelia, a total of 3*22 = <<3*22=66>>66 chairs
The total number of chairs Ophelia and Jenna have is 66+22 = <<66+22=88>>88
Since Jenna also has 2 fewer sofas than chairs, the total number of sofas she has is 66-2 = <<66-2=64>>64 sofas.
The total number of sofas Ophelia and Jenna have is 64+20 = <<64+20=84>>84 sofas
Together, they have 84 sofas+88 chairs = <<84+88=172>>172
#### 172
2025-08-06 07:50:25,669 - INFO - 提取参考答案: 172
2025-08-06 07:50:25,672 - INFO - 生成答案: 

Step 1:First, read the problem and identify what we need to find. We need to find the total number of sofas and chairs that Ophelia and Jenna have.

Step 2:Next, set up equations and perform the cal...
2025-08-06 07:50:25,675 - INFO - 提取答案: 108
2025-08-06 07:50:25,678 - INFO - 投票统计: {'voting_method': 'majority', 'best_answer': '108', 'vote_count': 5, 'total_paths': 10, 'valid_paths': 10, 'confidence': 0.5, 'answer_distribution': {'108': 5, '172': 2, '128': 1, '174': 2}, 'selected_path_idx': 0}
2025-08-06 07:50:25,681 - INFO - ==================================================
2025-08-06 07:50:25,684 - INFO - 
==================================================
2025-08-06 07:50:25,687 - INFO - 样本 110: Janet goes to the mall and spends $3.50 on ice cream, $7.50 each for movie tickets for herself and h...
2025-08-06 07:50:25,690 - INFO - 参考答案: First calculate the cost of the movie tickets by multiplying the price per ticket by 2: $7.50 * 2 = $<<7.5*2=15.00>>15.00
Then add up all the money Janet spent: $3.50 + $15.00 + $8.50 = $<<3.5+15+8.5=27.00>>27.00
Now subtract Janet's spending from the initial amount of money she had: $40.00 - $27.00 = $<<40-27=13.00>>13.00
#### 13
2025-08-06 07:50:25,694 - INFO - 提取参考答案: 13
2025-08-06 07:50:25,697 - INFO - 生成答案: 

Step 1:First, read the problem and identify what we need to find. We need to find out how many dollars Janet has left.

Step 2:Next, set up equations and perform the calculations. Janet spent $3.50 ...
2025-08-06 07:50:25,700 - INFO - 提取答案: 13.50
2025-08-06 07:50:25,703 - INFO - 投票统计: {'voting_method': 'majority', 'best_answer': '13.50', 'vote_count': 6, 'total_paths': 10, 'valid_paths': 10, 'confidence': 0.6, 'answer_distribution': {'12': 1, '13.50': 6, '13': 1, '20.50': 2}, 'selected_path_idx': 1}
2025-08-06 07:50:25,706 - INFO - ==================================================
2025-08-06 07:50:25,709 - INFO - 
==================================================
2025-08-06 07:50:25,712 - INFO - 样本 112: After scoring 14 points, Erin now has three times more points than Sara, who scored 8. How many poin...
2025-08-06 07:50:25,715 - INFO - 参考答案: Erin now has three times more points than Sara, which is 3*8= <<3*8=24>>24 more points than Sara.
This means Erin has a total of 8+24 = <<8+24=32>>32 points now.
Before, Erin had 32-14= <<32-14=18>>18 points
#### 18
2025-08-06 07:50:25,718 - INFO - 提取参考答案: 18
2025-08-06 07:50:25,721 - INFO - 生成答案: 

Step 1:First, read the problem and identify what we need to find. We need to find the number of points Erin had before scoring 14 points.

Step 2:Next, set up equations and perform the calculations....
2025-08-06 07:50:25,724 - INFO - 提取答案: 10
2025-08-06 07:50:25,727 - INFO - 投票统计: {'voting_method': 'majority', 'best_answer': '10', 'vote_count': 5, 'total_paths': 10, 'valid_paths': 10, 'confidence': 0.5, 'answer_distribution': {'10': 5, '22': 1, 'Nosolution': 1, '52': 1, '48': 1, '20': 1}, 'selected_path_idx': 0}
2025-08-06 07:50:25,731 - INFO - ==================================================
2025-08-06 07:50:25,734 - INFO - 
==================================================
2025-08-06 07:50:25,736 - INFO - 样本 113: Colby loves going to the movies and every month his parents give him $150 to spend at the movies. Ti...
2025-08-06 07:50:25,739 - INFO - 参考答案: He has spent $50 on Fri/Sat movies because 5 x 10 = <<50=50>>50
He has spent $56 on movies the rest of the day because 8 x 7 = <<8*7=56>>56
He has spent $16 on popcorn because 2 x 8 = <<16=16>>16
He has spent $8 on candy because 4 x 2 = <<4*2=8>>8
He has spent 130 in total because 50 + 56 + 16 + 8 = <<50+56+16+8=130>>130
He plans to spend $10 on popcorn and candy because 8 + 2 = <<8+2=10>>10
He has $10 left to spend because 150 - 130 - 10 = <<150-130-10=10>>10
He can see 1 movie because 10 / 10 = <<10/10=1>>1
#### 1
2025-08-06 07:50:25,743 - INFO - 提取参考答案: 1
2025-08-06 07:50:25,746 - INFO - 生成答案: 

Step 1:First, read the problem and identify what we need to find. We need to find the number of movies Colby can see.

Step 2:Next, set up equations and perform the calculations. Colby's monthly bud...
2025-08-06 07:50:25,749 - INFO - 提取答案: 2
2025-08-06 07:50:25,752 - INFO - 投票统计: {'voting_method': 'majority', 'best_answer': '2', 'vote_count': 4, 'total_paths': 10, 'valid_paths': 10, 'confidence': 0.4, 'answer_distribution': {'7': 1, '1': 1, '14': 1, '2': 4, '10': 2, '0': 1}, 'selected_path_idx': 3}
2025-08-06 07:50:25,756 - INFO - ==================================================
2025-08-06 07:50:25,759 - INFO - 
==================================================
2025-08-06 07:50:25,762 - INFO - 样本 122: In a school activity, fifty-four students are to be separated into six groups of equal size. If the ...
2025-08-06 07:50:25,765 - INFO - 参考答案: There are 54/6 = <<54/6=9>>9 groups formed from the 54 students.
So, 12 - 9 = <<12-9=3>>3 groups more are needed to form.
#### 3
2025-08-06 07:50:25,768 - INFO - 提取参考答案: 3
2025-08-06 07:50:25,770 - INFO - 生成答案: 

Step 1:First, read the problem and identify what we need to find. We need to find the number of additional groups needed to form.

Step 2:Next, set up equations and perform the calculations. Since t...
2025-08-06 07:50:25,774 - INFO - 提取答案: 6
2025-08-06 07:50:25,777 - INFO - 投票统计: {'voting_method': 'majority', 'best_answer': '6', 'vote_count': 4, 'total_paths': 10, 'valid_paths': 10, 'confidence': 0.4, 'answer_distribution': {'9': 1, '6': 4, '0': 3, '24': 1, '1': 1}, 'selected_path_idx': 1}
2025-08-06 07:50:25,780 - INFO - ==================================================
2025-08-06 07:50:25,783 - INFO - 
==================================================
2025-08-06 07:50:25,786 - INFO - 样本 125: Rose is out picking flowers for a vase she wants to fill.  She starts off by picking 3 flowers with ...
2025-08-06 07:50:25,789 - INFO - 参考答案: Rose picks 3*5=<<3*5=15>>15 petals worth of the 5 petal flowers.
Rose then picks 4*6=<<4*6=24>>24 petals worth of the 6 petal flowers.
Rose then picks 5*4=<<5*4=20>>20 petals worth of the 4 petal flowers.
Finally, Rose picks 6*7=<<6*7=42>>42 petals worth of the 7 petal flowers.
Rose carries 15+24+20+42=<<15+24+20+42=101>>101 petals worth of flowers back to the vase.
But the wind blows 5+6+4+7=<<5+6+4+7=22>>22 petals worth of flowers away.
So Rose has 101-22=<<101-22=79>>79 petals worth remaining
#### 79
2025-08-06 07:50:25,792 - INFO - 提取参考答案: 79
2025-08-06 07:50:25,795 - INFO - 生成答案: 

Step 1:First, read the problem and identify what we need to find. We need to find the total number of petals on the flowers in the vase.

Step 2:Next, set up equations and perform the calculations. ...
2025-08-06 07:50:25,799 - INFO - 提取答案: 101
2025-08-06 07:50:25,802 - INFO - 投票统计: {'voting_method': 'majority', 'best_answer': '101', 'vote_count': 4, 'total_paths': 10, 'valid_paths': 10, 'confidence': 0.4, 'answer_distribution': {'101': 4, '79': 1, '83': 4, '99': 1}, 'selected_path_idx': 0}
2025-08-06 07:50:25,805 - INFO - ==================================================
2025-08-06 07:50:25,808 - INFO - 
==================================================
2025-08-06 07:50:25,811 - INFO - 样本 133: A food caterer was told to prepare gourmet hot dogs for 36 guests. While most people would only eat ...
2025-08-06 07:50:25,814 - INFO - 参考答案: The food caterer prepared an additional 36/2 = <<36/2=18>>18 hot dogs.
Altogether, he prepared 36 + 18 = <<36+18=54>>54 hotdogs.
If 40 people wanted seconds, he would have needed 40 x 2 = <<40*2=80>>80 hot dogs.
80 - 54 = <<80-54=26>>26 people did not get second hotdogs.
#### 26
2025-08-06 07:50:25,817 - INFO - 提取参考答案: 26
2025-08-06 07:50:25,820 - INFO - 生成答案: 

Step 1:First, read the problem and identify what we need to find. We need to find the number of guests who did not get a second hotdog.

Step 2:Next, set up equations and perform the calculations. T...
2025-08-06 07:50:25,823 - INFO - 提取答案: 4
2025-08-06 07:50:25,826 - INFO - 投票统计: {'voting_method': 'majority', 'best_answer': '4', 'vote_count': 4, 'total_paths': 10, 'valid_paths': 10, 'confidence': 0.4, 'answer_distribution': {'4': 4, '22': 4, '18': 2}, 'selected_path_idx': 0}
2025-08-06 07:50:25,829 - INFO - ==================================================
2025-08-06 07:50:25,832 - INFO - 
==================================================
2025-08-06 07:50:25,835 - INFO - 样本 137: Charlie wants to sell beeswax candles.  For every pound of beeswax, he can make 10 tapered candles. ...
2025-08-06 07:50:25,838 - INFO - 参考答案: 1 pound of beeswax and the wick make 10 candles and he wants to make 20 candles so he needs 20/10 = <<20/10=2>>2 pounds of beeswax
1 pound of beeswax costs $10.00 and he needs 2 pounds so his supplies will cost 10*2 = $<<10*2=20.00>>20.00
He wants to sell each candle for $2.00 each and he's selling 20 candles so that's 2*20 = $<<2*20=40.00>>40.00
If he makes $40.00 selling candles and his supplies cost $20.00 then his net profit is 40-20 = $<<40-20=20.00>>20.00
#### 20
2025-08-06 07:50:25,842 - INFO - 提取参考答案: 20
2025-08-06 07:50:25,845 - INFO - 生成答案: 

Step 1:First, read the problem and identify what we need to find. We need to find Charlie's net profit if he makes and sells 20 candles.

Step 2:Next, set up equations and perform the calculations. ...
2025-08-06 07:50:25,848 - INFO - 提取答案: -160
2025-08-06 07:50:25,851 - INFO - 投票统计: {'voting_method': 'majority', 'best_answer': '-160', 'vote_count': 6, 'total_paths': 10, 'valid_paths': 10, 'confidence': 0.6, 'answer_distribution': {'20': 1, '-200': 1, '-160': 6, '30': 2}, 'selected_path_idx': 2}
2025-08-06 07:50:25,855 - INFO - ==================================================
2025-08-06 07:50:25,858 - INFO - 
==================================================
2025-08-06 07:50:25,861 - INFO - 样本 143: Wayne and Bernadette are movie stars heading to the premiere of their latest film. Bernadette wants ...
2025-08-06 07:50:25,864 - INFO - 参考答案: Bernadette takes 4 * 4 = <<4*4=16>>16 minutes to get to the theater.
Her ride takes 16 - 4 = <<16-4=12>>12 minutes longer than Wayne’s to get to the theater.
Thus, she should leave 12 + 5 = <<12+5=17>>17 minutes before Wayne to get to the theater 5 minutes sooner than he does.
#### 17
2025-08-06 07:50:25,867 - INFO - 提取参考答案: 17
2025-08-06 07:50:25,870 - INFO - 生成答案: 

Step 1:First, read the problem and identify what we need to find. We need to find the time difference between the departure times of Wayne and Bernadette.

Step 2:Next, set up equations and perform ...
2025-08-06 07:50:25,874 - INFO - 提取答案: 11
2025-08-06 07:50:25,877 - INFO - 投票统计: {'voting_method': 'majority', 'best_answer': '11', 'vote_count': 3, 'total_paths': 10, 'valid_paths': 10, 'confidence': 0.3, 'answer_distribution': {'5': 2, '21': 2, '11': 3, '16': 1, '17': 1, '-11': 1}, 'selected_path_idx': 2}
2025-08-06 07:50:25,880 - INFO - ==================================================
2025-08-06 07:50:25,883 - INFO - 
==================================================
2025-08-06 07:50:25,886 - INFO - 样本 150: Digimon had its 20th anniversary.  When it came out John was twice as old as Jim.  If John is 28 now...
2025-08-06 07:50:25,889 - INFO - 参考答案: When Digimon came out John would have been 28-20=<<28-20=8>>8
So Jim was 8/2=<<8/2=4>>4 years old
That means John is now 4+20=<<4+20=24>>24
#### 24
2025-08-06 07:50:25,892 - INFO - 提取参考答案: 24
2025-08-06 07:50:25,895 - INFO - 生成答案: 

Step 1:First, read the problem and identify what we need to find. We need to find Jim's current age.

Step 2:Next, set up equations and perform the calculations. Let x be Jim's current age. Since Jo...
2025-08-06 07:50:25,898 - INFO - 提取答案: 14
2025-08-06 07:50:25,901 - INFO - 投票统计: {'voting_method': 'majority', 'best_answer': '14', 'vote_count': 8, 'total_paths': 10, 'valid_paths': 10, 'confidence': 0.8, 'answer_distribution': {'14': 8, '4': 1, '24': 1}, 'selected_path_idx': 0}
2025-08-06 07:50:25,904 - INFO - ==================================================
2025-08-06 07:50:25,907 - INFO - 
==================================================
2025-08-06 07:50:25,910 - INFO - 样本 155: Mary is making ice cubes with fruit frozen in them for a cocktail party. She makes some strawberry c...
2025-08-06 07:50:25,913 - INFO - 参考答案: Let s be the number of strawberry cubes and b be the number of blueberry cubes. We know that b = 5s - 4 and s + b = 116.
Substituting the first equation into the second, we get s + 5s - 4 = 116.
Combining like terms, we get 6s - 4 = 116
Adding 4 to both sides, we get 6s = 120
Dividing both sides by 6, we get s = 20
Substituting this value back into the equation b = 5s - 4, we get b = 96
#### 96
2025-08-06 07:50:25,917 - INFO - 提取参考答案: 96
2025-08-06 07:50:25,920 - INFO - 生成答案: 

Step 1:First, read the problem and identify what we need to find. We need to find the number of blueberry cubes Mary makes.

Step 2:Next, set up equations and perform the calculations. Let's say the...
2025-08-06 07:50:25,923 - INFO - 提取答案: 92
2025-08-06 07:50:25,926 - INFO - 投票统计: {'voting_method': 'majority', 'best_answer': '92', 'vote_count': 5, 'total_paths': 10, 'valid_paths': 10, 'confidence': 0.5, 'answer_distribution': {'92': 5, '96': 4, '48': 1}, 'selected_path_idx': 0}
2025-08-06 07:50:25,929 - INFO - ==================================================
2025-08-06 07:50:25,932 - INFO - 
==================================================
2025-08-06 07:50:25,935 - INFO - 样本 156: A family of 6 (2 adults and 4 kids) are to divide a watermelon such that each adult gets a slice tha...
2025-08-06 07:50:25,938 - INFO - 参考答案: Let x be the percentage of watermelon that each adult gets.
Since each kid gets half of what each adult gets, each kid gets x/2 percent of the watermelon
So the watermelon gets split into 2*x and 4*(x/2) parts by percentage
The percentages have to sum up to 100 so 2x+2x = 100 (after simplification)
x = 100/4 = <<100/4=25>>25, which means each adult gets 25% of the watermelon.
#### 25
2025-08-06 07:50:25,941 - INFO - 提取参考答案: 25
2025-08-06 07:50:25,944 - INFO - 生成答案: 

Step 1:First, read the problem and identify what we need to find. We need to find the percentage of the watermelon that each adult gets.

Step 2:Next, set up equations and perform the calculations. ...
2025-08-06 07:50:25,947 - INFO - 提取答案: 66.67
2025-08-06 07:50:25,950 - INFO - 投票统计: {'voting_method': 'majority', 'best_answer': '66.67', 'vote_count': 4, 'total_paths': 10, 'valid_paths': 10, 'confidence': 0.4, 'answer_distribution': {'25': 1, '66.67': 4, '33.33': 4, '50': 1}, 'selected_path_idx': 1}
2025-08-06 07:50:25,954 - INFO - ==================================================
2025-08-06 07:50:25,957 - INFO - 
==================================================
2025-08-06 07:50:25,960 - INFO - 样本 173: A company's HR hires 20 new employees every month to add to its total workforce. If the company's in...
2025-08-06 07:50:25,963 - INFO - 参考答案: If each month the company hire 20 new employees, the total number of employees in the company in the first month is 200 employees + 20 employees = <<200+20=220>>220 employees
If each employee is paid $4000 per month, the total amount of money paid by the employee to its workers in the first month is 220 employees * $4000/employee = $<<220*4000=880000>>880000
In the second month, 20 more workers are hired, bringing the total number of employees to 220 employees + 20 employees = 240 employees
The company pays a total of 240 employees * $4000/employee = $<<240*4000=960000>>960000 in wages for its employees in the second month.
When an additional 20 workers are hired in the third month, the total number of workers become 240 employees + 20 employees = <<240+20=260>>260 employees
In total, the company 260 employees * $4000/employee = $<<260*4000=1040000>>1040000 in wages on the third month.
The total amount of money the company pays to all its employees in the three months is $1040000 + $960000 + $880000 = <<1040000+960000+880000=2880000>>2880000
#### 2880000
2025-08-06 07:50:25,967 - INFO - 提取参考答案: 2880000
2025-08-06 07:50:25,970 - INFO - 生成答案: 

Step 1:First, read the problem and identify what we need to find. We need to find the total amount of money the company pays to its employees after three months.

Step 2:Next, set up equations and p...
2025-08-06 07:50:25,973 - INFO - 提取答案: 1040000
2025-08-06 07:50:25,976 - INFO - 投票统计: {'voting_method': 'majority', 'best_answer': '1040000', 'vote_count': 7, 'total_paths': 10, 'valid_paths': 10, 'confidence': 0.7, 'answer_distribution': {'1040000': 7, '3120000': 3}, 'selected_path_idx': 0}
2025-08-06 07:50:25,980 - INFO - ==================================================
2025-08-06 07:50:25,983 - INFO - 
==================================================
2025-08-06 07:50:25,985 - INFO - 样本 178: Maggie spent a quarter of her money, while Riza spent one-third of her money. They each had $60. How...
2025-08-06 07:50:25,988 - INFO - 参考答案: Maggie spent $60/4 = $<<60/4=15>>15.
So, Maggie is left with $60 - $15 = $<<60-15=45>>45.
Riza spent $60/3 = $<<60/3=20>>20.
So, Riza is left with $60 - $20 = $<<60-20=40>>40.
Thus, they have a total of $45 + $40 = $<<45+40=85>>85 left.
#### 85
2025-08-06 07:50:25,992 - INFO - 提取参考答案: 85
2025-08-06 07:50:25,995 - INFO - 生成答案: 

Step 1:First, read the problem and identify what we need to find. We need to find the total amount of money that Maggie and Riza have left.

Step 2:Next, set up equations and perform the calculation...
2025-08-06 07:50:25,998 - INFO - 提取答案: 25
2025-08-06 07:50:26,001 - INFO - 投票统计: {'voting_method': 'majority', 'best_answer': '25', 'vote_count': 5, 'total_paths': 10, 'valid_paths': 10, 'confidence': 0.5, 'answer_distribution': {'25': 5, '48': 1, '60': 1, '72': 1, '85': 2}, 'selected_path_idx': 0}
2025-08-06 07:50:26,004 - INFO - ==================================================
2025-08-06 07:50:26,007 - INFO - 
==================================================
2025-08-06 07:50:26,010 - INFO - 样本 194: James gets 10 new CDs.  Each CD cost $15.  He gets them for 40% off.  He decides he doesn't like 5 o...
2025-08-06 07:50:26,013 - INFO - 参考答案: He got a 15*.4=$<<15*.4=6>>6 discount on each CD
That means each CD cost 15-6=$<<15-6=9>>9
So he paid 10*9=$<<10*9=90>>90
That means he was out 90-40=$<<90-40=50>>50
#### 50
2025-08-06 07:50:26,016 - INFO - 提取参考答案: 50
2025-08-06 07:50:26,019 - INFO - 生成答案: 

Step 1:First, read the problem and identify what we need to find. We need to find the amount of money James was out.

Step 2:Next, set up equations and perform the calculations. The original cost of...
2025-08-06 07:50:26,022 - INFO - 提取答案: 110
2025-08-06 07:50:26,025 - INFO - 投票统计: {'voting_method': 'majority', 'best_answer': '110', 'vote_count': 5, 'total_paths': 10, 'valid_paths': 10, 'confidence': 0.5, 'answer_distribution': {'40': 1, '-20': 1, '110': 5, '-110': 1, '100': 1, '90': 1}, 'selected_path_idx': 2}
2025-08-06 07:50:26,029 - INFO - ==================================================
2025-08-06 07:50:26,032 - INFO - 
==================================================
2025-08-06 07:50:26,034 - INFO - 样本 199: Vicki is planning a pop concert at her high school. The show will be 2 hours. She is allowing each g...
2025-08-06 07:50:26,037 - INFO - 参考答案: First, we should convert the 2 hours of showtime into minutes for our calculations. Since there are 60 minutes in 1 hour, the show will be 2 x 60 = <<2*60=120>>120 minutes.
Of those 120 minutes, 10 will be used for intermission, so 120 – 10 = <<120-10=110>>110 minutes for performances.
Each group will use 2 minutes to get on stage + 6 minutes to perform + 2 minutes to exit the stage = <<2+6+2=10>>10 minutes of show time.
Of the 110 minutes of performances, 10 are used per group, so 110 minutes / 10 = <<110/10=11>>11 groups can perform.
#### 11
2025-08-06 07:50:26,041 - INFO - 提取参考答案: 11
2025-08-06 07:50:26,044 - INFO - 生成答案: 

Step 1:First, read the problem and identify what we need to find. We need to find the number of groups that can perform in the concert.

Step 2:Next, set up equations and perform the calculations. E...
2025-08-06 07:50:26,047 - INFO - 提取答案: 6
2025-08-06 07:50:26,050 - INFO - 投票统计: {'voting_method': 'majority', 'best_answer': '6', 'vote_count': 6, 'total_paths': 10, 'valid_paths': 10, 'confidence': 0.6, 'answer_distribution': {'7': 1, '6': 6, '12': 2, '11': 1}, 'selected_path_idx': 1}
2025-08-06 07:50:26,053 - INFO - ==================================================
2025-08-06 07:50:26,056 - INFO - 
==================================================
2025-08-06 07:50:26,059 - INFO - 样本 201: For a New Year's resolution, Andy wants to lose 30 lbs. by his birthday, which is July 19th. Today i...
2025-08-06 07:50:26,062 - INFO - 参考答案: January, March, and May have 31 days, February has 28, and April and June have 30, and Andy's birthday is on the 19th day of July. So there are 3 * 31 days + 28 + 2 * 30 days + 19 days = 93 days + 28 + 60 days + 19 days = <<3*31+28+2*30+19=200>>200 days until Andy's birthday.
He wants to lose 30 lbs. At 3500 calories per pound, this is 30 * 3500 = <<30*3500=105000>>105,000 calories total,
To reach his goal, he will have to burn 105,000 calories / 200 days = <<105000/200=525>>525 calories per day more than he consumes.
#### 525
2025-08-06 07:50:26,066 - INFO - 提取参考答案: 525
2025-08-06 07:50:26,069 - INFO - 生成答案: 

Step 1:First, read the problem and identify what we need to find. We need to find the daily calorie deficit for Andy to reach his goal.

Step 2:Next, set up equations and perform the calculations. T...
2025-08-06 07:50:26,072 - INFO - 提取答案: 495
2025-08-06 07:50:26,075 - INFO - 投票统计: {'voting_method': 'majority', 'best_answer': '495', 'vote_count': 1, 'total_paths': 10, 'valid_paths': 10, 'confidence': 0.1, 'answer_distribution': {'495': 1, '11667': 1, '1131': 1, '1119': 1, '1167': 1, '583': 1, '389': 1, '500': 1, '13125': 1, '1153': 1}, 'selected_path_idx': 0}
2025-08-06 07:50:26,079 - INFO - ==================================================
2025-08-06 07:50:26,082 - INFO - 
==================================================
2025-08-06 07:50:26,085 - INFO - 样本 208: Carmen goes to an auction to win an antique desk. She accepts the opening bid of $200 and continues ...
2025-08-06 07:50:26,088 - INFO - 参考答案: 3 other people are bidding on the desk so there are 3 bids * $50 per bid = $<<3*50=150>>150 added to the cost of the desk by other people.
Carmen also has to bid against each person, so she also adds 3 bids * $50 per bid = $<<3*50=150>>150 to the overall cost.
So in these bids, there has been a total of $150 + $150 = $<<150+150=300>>300 added to the initial cost of the desk.
The desk therefore costs $200 opening bid + $300 added cost = $<<200+300=500>>500.
#### 500
2025-08-06 07:50:26,091 - INFO - 提取参考答案: 500
2025-08-06 07:50:26,094 - INFO - 生成答案: 

Step 1:First, read the problem and identify what we need to find. We need to find the total amount of money that Carmen paid for the desk.

Step 2:Next, set up equations and perform the calculations...
2025-08-06 07:50:26,097 - INFO - 提取答案: 400
2025-08-06 07:50:26,100 - INFO - 投票统计: {'voting_method': 'majority', 'best_answer': '400', 'vote_count': 2, 'total_paths': 10, 'valid_paths': 10, 'confidence': 0.2, 'answer_distribution': {'1100': 1, '1000': 1, '450': 1, '1450': 1, '400': 2, '750': 1, '350': 2, '500': 1}, 'selected_path_idx': 4}
2025-08-06 07:50:26,104 - INFO - ==================================================
2025-08-06 07:50:26,107 - INFO - 
==================================================
2025-08-06 07:50:26,109 - INFO - 样本 218: 48 people are riding a bus. On the first stop, 8 passengers get off, and 5 times as many people as t...
2025-08-06 07:50:26,112 - INFO - 参考答案: At the first stop, 5 * 8 = <<5*8=40>>40 passengers get on the bus.
After the first stop the bus has ( 48 - 8 ) + 40 = <<48-8+40=80>>80 passengers.
At the second stop, 21 / 3 = <<21/3=7>>7 passengers get on the bus.
After the second stop there are ( 80 - 21 ) + 7 = <<80-21+7=66>>66 passengers.
#### 66
2025-08-06 07:50:26,116 - INFO - 提取参考答案: 66
2025-08-06 07:50:26,119 - INFO - 生成答案: 

Step 1:First, read the problem and identify what we need to find. We need to find the number of passengers who are riding the bus after the second stop.

Step 2:Next, set up equations and perform th...
2025-08-06 07:50:26,122 - INFO - 提取答案: 122
2025-08-06 07:50:26,125 - INFO - 投票统计: {'voting_method': 'majority', 'best_answer': '122', 'vote_count': 4, 'total_paths': 10, 'valid_paths': 10, 'confidence': 0.4, 'answer_distribution': {'66': 1, '122': 4, '164': 1, '80': 1, '72': 2, '83': 1}, 'selected_path_idx': 1}
2025-08-06 07:50:26,128 - INFO - ==================================================
2025-08-06 07:50:26,131 - INFO - 
==================================================
2025-08-06 07:50:26,134 - INFO - 样本 221: Although Soledad works in a windowless office, she loves the outdoors. She will be on vacation for t...
2025-08-06 07:50:26,137 - INFO - 参考答案: June has 30 days, so Soledad must hike 9,300 miles / 30 days = <<9300/30=310>>310 miles/day
Initially, she wanted to hike 2 times/day * 125 miles/time = <<2*125=250>>250 miles/day
To complete her journey, she must increase her hike by 310 miles/day - 250 miles/day = 60 miles/day
#### 60
2025-08-06 07:50:26,140 - INFO - 提取参考答案: 60
2025-08-06 07:50:26,143 - INFO - 生成答案: 

Step 1:First, read the problem and identify what we need to find. We need to find the number of miles per day Soledad must hike to complete her journey on time.

Step 2:Next, set up equations and pe...
2025-08-06 07:50:26,146 - INFO - 提取答案: 185
2025-08-06 07:50:26,149 - INFO - 投票统计: {'voting_method': 'majority', 'best_answer': '185', 'vote_count': 4, 'total_paths': 10, 'valid_paths': 10, 'confidence': 0.4, 'answer_distribution': {'185': 4, '175': 1, '60': 3, '181': 1, '186': 1}, 'selected_path_idx': 0}
2025-08-06 07:50:26,152 - INFO - ==================================================
2025-08-06 07:50:26,155 - INFO - 
==================================================
2025-08-06 07:50:26,158 - INFO - 样本 222: Maggie's oven is malfunctioning. When she sets it to 450 the actual temperature is 468. If it's off ...
2025-08-06 07:50:26,161 - INFO - 参考答案: The oven off by 18 degrees because 468 - 450 = <<468-450=18>>18
The oven is off by 4% because 18 / 450 x 100 = <<18/450*100=4>>4%
Therefore X + .04X = 520
Therefore 1.04X = 520
The temperature to set it is 500 because 520 / 1.04 = <<520/1.04=500>>500
#### 500
2025-08-06 07:50:26,164 - INFO - 提取参考答案: 500
2025-08-06 07:50:26,167 - INFO - 生成答案: 

Step 1:First, read the problem and identify what we need to find. We need to find the temperature that Maggie should set her oven to if her recipe calls for 520 degrees.

Step 2:Next, set up equatio...
2025-08-06 07:50:26,171 - INFO - 提取答案: 557
2025-08-06 07:50:26,174 - INFO - 投票统计: {'voting_method': 'majority', 'best_answer': '557', 'vote_count': 1, 'total_paths': 10, 'valid_paths': 10, 'confidence': 0.1, 'answer_distribution': {'557': 1, '539': 1, '520': 1, '540.8': 1, '540.4': 1, '502': 1, '499.2': 1, '450': 1, '463.33': 1, '400': 1}, 'selected_path_idx': 0}
2025-08-06 07:50:26,177 - INFO - ==================================================
2025-08-06 07:50:26,180 - INFO - 
==================================================
2025-08-06 07:50:26,183 - INFO - 样本 223: Calvin is making soup for his family for dinner. He has a pot with enough soup to fill four adult's ...
2025-08-06 07:50:26,186 - INFO - 参考答案: Four adult bowls equal eight children’s bowls, so each adult bowl is 8 / 4 = <<8/4=2>>2 children’s bowls.
Calvin and his wife will eat two adult bowls, so they will eat the equivalent of 2 * 2 = <<2*2=4>>4 children’s bowls.
Thus, he, his wife, and their children will eat 4 + 2 = <<4+2=6>>6 children’s bowls at dinner.
After dinner, there will be 8 - 6 = <<8-6=2>>2 children’s bowls left over.
There are 2 children, so each child will be able to eat a bowl of leftover soup for lunch 2 / 2 = <<2/2=1>>1 time.
#### 1
2025-08-06 07:50:26,189 - INFO - 提取参考答案: 1
2025-08-06 07:50:26,192 - INFO - 生成答案: 

Step 1:First, read the problem and identify what we need to find. We need to find out how many times each child will be able to have a bowl of soup for lunch from the leftover soup.

Step 2:Next, se...
2025-08-06 07:50:26,195 - INFO - 提取答案: 2
2025-08-06 07:50:26,198 - INFO - 投票统计: {'voting_method': 'majority', 'best_answer': '2', 'vote_count': 5, 'total_paths': 10, 'valid_paths': 10, 'confidence': 0.5, 'answer_distribution': {'6': 1, '5': 1, '2': 5, '1': 2, '0': 1}, 'selected_path_idx': 2}
2025-08-06 07:50:26,202 - INFO - ==================================================
2025-08-06 07:50:26,204 - INFO - 
==================================================
2025-08-06 07:50:26,207 - INFO - 样本 224: Patty's Plumbing charges $40 to visit a house to make a repair, plus $35 per hour, or part thereof, ...
2025-08-06 07:50:26,210 - INFO - 参考答案: She charged for 3 hours.
The total cost from the hourly rate was 3*35=$<<3*35=105>>105.
She charged 40+105+60=<<40+105+60=205>>205.
#### 205
2025-08-06 07:50:26,213 - INFO - 提取参考答案: 205
2025-08-06 07:50:26,216 - INFO - 生成答案: 

Step 1:First, read the problem and identify what we need to find. We need to find the total amount Patty charged for the job.

Step 2:Next, set up equations and perform the calculations. The labor c...
2025-08-06 07:50:26,220 - INFO - 提取答案: 178.75
2025-08-06 07:50:26,223 - INFO - 投票统计: {'voting_method': 'majority', 'best_answer': '178.75', 'vote_count': 7, 'total_paths': 10, 'valid_paths': 10, 'confidence': 0.7, 'answer_distribution': {'178.75': 7, '170': 2, '205': 1}, 'selected_path_idx': 0}
2025-08-06 07:50:26,226 - INFO - ==================================================
2025-08-06 07:50:26,229 - INFO - 
==================================================
2025-08-06 07:50:26,231 - INFO - 样本 225: Katarina has 5 less cookies than Max has. Max has 12 more cookies than the Cookie Monster, and Summe...
2025-08-06 07:50:26,234 - INFO - 参考答案: Max’s has a total of 68+5 = <<68+5=73>>73 cookies.
Cookie Monster’s total amount of cookies is 73-12 = <<73-12=61>>61.
Summer’s total cookie amount is 73+23 = <<73+23=96>>96.
Total amount of cookies 68+73+61+96 = <<68+73+61+96=298>>298.
#### 298
2025-08-06 07:50:26,238 - INFO - 提取参考答案: 298
2025-08-06 07:50:26,241 - INFO - 生成答案: 

Step 1:First, read the problem and identify what we need to find. We need to find the total number of cookies that Katarina, Max, and the Cookie Monster have.

Step 2:Next, set up equations and perf...
2025-08-06 07:50:26,244 - INFO - 提取答案: 202
2025-08-06 07:50:26,247 - INFO - 投票统计: {'voting_method': 'majority', 'best_answer': '202', 'vote_count': 7, 'total_paths': 10, 'valid_paths': 10, 'confidence': 0.7, 'answer_distribution': {'202': 7, '322': 1, '226': 2}, 'selected_path_idx': 0}
2025-08-06 07:50:26,250 - INFO - ==================================================
2025-08-06 07:50:26,253 - INFO - 
==================================================
2025-08-06 07:50:26,256 - INFO - 样本 228: Cole wanted to buy new jeans for a dance contest. At the store, he couldn't decide between tattered ...
2025-08-06 07:50:26,259 - INFO - 参考答案: Cole saved $6 x 1/3 = $<<6*1/3=2>>2 on the jogger jeans.
So, he saved $6 - $2 = $<<6-2=4>>4 on the tattered jeans.
The original price of the jogger jeans is $22 + $2 = $<<22+2=24>>24.
Cole bought the tattered jeans for $<<28=28>>28
Hence, the original price of the tattered jeans is $28 + $4 = $<<28+4=32>>32.
Therefore, jogger jeans originally cost $32 - $24 = $<<32-24=8>>8 more than the tattered jeans.
#### 8
2025-08-06 07:50:26,262 - INFO - 提取参考答案: 8
2025-08-06 07:50:26,265 - INFO - 生成答案: 

Step 1:First, read the problem and identify what we need to find. We need to find how much more jogger jeans originally cost than tattered jeans.

Step 2:Next, set up equations and perform the calcu...
2025-08-06 07:50:26,268 - INFO - 提取答案: 6
2025-08-06 07:50:26,271 - INFO - 投票统计: {'voting_method': 'majority', 'best_answer': '6', 'vote_count': 4, 'total_paths': 10, 'valid_paths': 10, 'confidence': 0.4, 'answer_distribution': {'6': 4, '2': 3, '[answer]': 1, '12': 1, '16': 1}, 'selected_path_idx': 0}
2025-08-06 07:50:26,275 - INFO - ==================================================
2025-08-06 07:50:26,278 - INFO - 
==================================================
2025-08-06 07:50:26,281 - INFO - 样本 231: Jerry has two pools, both with leaks emptying them out at 4 gallons/minute. 4 minutes ago, the big p...
2025-08-06 07:50:26,283 - INFO - 参考答案: First find how many gallons of water flow out of the pools in 4 minutes: 4 gallons/minute * 4 minutes = <<4*4=16>>16 gallons
Let b be the amount of water the big pool has now and s be the amount of water the small pool has. We know that b = 4s, and b + 16 = 2(s + 16)
Substituting the first equation into the second equation, we get 4s + 16 = 2(s + 16)
Multiplying through the parentheses, we get 4s + 16 = 2s + 32
Subtracting 2s from both sides, we get 2s + 16 = 32
Subtracting 16 from both sides, we get 2s = 16
Dividing both sides by 2, we get s = <<8=8>>8
#### 8
2025-08-06 07:50:26,287 - INFO - 提取参考答案: 8
2025-08-06 07:50:26,290 - INFO - 生成答案: 

Step 1:First, read the problem and identify what we need to find. We need to find the amount of water in the small pool now.

Step 2:Next, set up equations and perform the calculations. Let's say th...
2025-08-06 07:50:26,293 - INFO - 提取答案: 0
2025-08-06 07:50:26,296 - INFO - 投票统计: {'voting_method': 'majority', 'best_answer': '0', 'vote_count': 2, 'total_paths': 10, 'valid_paths': 10, 'confidence': 0.2, 'answer_distribution': {'0': 2, '4': 2, '16': 2, '8': 2, '\\frac{16}{3}': 1, '24': 1}, 'selected_path_idx': 0}
2025-08-06 07:50:26,299 - INFO - ==================================================
2025-08-06 07:50:26,303 - INFO - 
==================================================
2025-08-06 07:50:26,305 - INFO - 样本 244: Every day Charisma meditates for 15 minutes when she first wakes up and again before she goes to sle...
2025-08-06 07:50:26,309 - INFO - 参考答案: She meditates for 15 minutes in the morning and 15 minutes at night for a total of 15+15 = <<15+15=30>>30 minutes
She meditates 30 minutes daily so in 7 days/1 week she meditates 30*7 = <<30*7=210>>210 minutes
She meditates 210 minutes in 1 week so in 4 weeks she meditates 210*4 = <<210*4=840>>840 minutes
60 minutes are in an hour so she meditates for 840/60 = <<840/60=14>>14 hours
She practices yoga for 1 hour 5 days a week so that's 1*5 = <<1*5=5>>5 hours
Over 4 weeks she practices yoga for 4*5 = <<4*5=20>>20 hours
She spends 14 hours meditating and 20 hours practicing yoga for a total of 14+20 = <<14+20=34>>34 hours
#### 34
2025-08-06 07:50:26,312 - INFO - 提取参考答案: 34
2025-08-06 07:50:26,315 - INFO - 生成答案: 

Step 1:First, read the problem and identify what we need to find. We need to find the total time Charisma spent on meditation and yoga practice in 4 weeks.

Step 2:Next, set up equations and perform...
2025-08-06 07:50:26,318 - INFO - 提取答案: 2040
2025-08-06 07:50:26,321 - INFO - 投票统计: {'voting_method': 'majority', 'best_answer': '2040', 'vote_count': 6, 'total_paths': 10, 'valid_paths': 10, 'confidence': 0.6, 'answer_distribution': {'291.44': 1, '2520': 2, '2040': 6, '34': 1}, 'selected_path_idx': 2}
2025-08-06 07:50:26,325 - INFO - ==================================================
2025-08-06 07:50:26,328 - INFO - 
==================================================
2025-08-06 07:50:26,331 - INFO - 样本 245: Jenny goes to the florist to buy some flowers. Roses cost $2 each and $15 for a dozen. If she bought...
2025-08-06 07:50:26,334 - INFO - 参考答案: Jenny has $25 because 5 x 5 = <<5*5=25>>25
She buys 1 dozen roses and 3 single roses because 15 - 12 - 3 = <<15-12-3=0>>0
She spends $6 on the single roses because 3 x 2 = <<3*2=6>>6
She spends $21 on roses because 15 + 6 = <<15+6=21>>21
She gets $4 in change because 25 - 21 = <<25-21=4>>4
She gets 16 quarters because 4 x 4 = <<4*4=16>>16
#### 16
2025-08-06 07:50:26,337 - INFO - 提取参考答案: 16
2025-08-06 07:50:26,340 - INFO - 生成答案: 

Step 1:First, read the problem and identify what we need to find. We need to find the number of quarters Jenny leaves with.

Step 2:Next, set up equations and perform the calculations. The cost of 1...
2025-08-06 07:50:26,343 - INFO - 提取答案: 20
2025-08-06 07:50:26,346 - INFO - 投票统计: {'voting_method': 'majority', 'best_answer': '20', 'vote_count': 4, 'total_paths': 10, 'valid_paths': 10, 'confidence': 0.4, 'answer_distribution': {'4': 2, '20': 4, '0': 1, '27': 1, '120': 1, '100': 1}, 'selected_path_idx': 1}
2025-08-06 07:50:26,350 - INFO - ==================================================
2025-08-06 07:50:26,353 - INFO - 
==================================================
2025-08-06 07:50:26,355 - INFO - 样本 247: Last month, Tasha made $80 from selling lemonade and mowing lawns. The first week, she mowed Kamala'...
2025-08-06 07:50:26,358 - INFO - 参考答案: At Kamala's Tasha made three times what she made mowing Joe's lawn, which gives 3 * 6 = <<3*6=18>>18 dollars
Since the lawn mowing sessions at Alba's were 5 times those at Joe's Tasha also made 5 * 6 = <<5*6=30>>30 dollars.
Adding up all the money earned from lawn mowing gives 6 + 18 + 30 = <<6+18+30=54>>54 dollars
Subtracting the lawn mowing money from the total amount gives us 80 - 54 = <<80-54=26>>26 dollars
Tasha therefore made 26 dollars selling lemonade.
#### 26
2025-08-06 07:50:26,362 - INFO - 提取参考答案: 26
2025-08-06 07:50:26,365 - INFO - 生成答案: 

Step 1:First, read the problem and identify what we need to find. We need to find the amount Tasha made from lemonade sales.

Step 2:Next, set up equations and perform the calculations. Let's assume...
2025-08-06 07:50:26,368 - INFO - 提取答案: 80
2025-08-06 07:50:26,371 - INFO - 投票统计: {'voting_method': 'majority', 'best_answer': '80', 'vote_count': 2, 'total_paths': 10, 'valid_paths': 10, 'confidence': 0.2, 'answer_distribution': {'0': 1, '226/3': 1, '74': 1, '60': 1, '80': 2, '26': 1, '44': 1, '48': 1, '36': 1}, 'selected_path_idx': 4}
2025-08-06 07:50:26,374 - INFO - ==================================================
2025-08-06 07:50:26,377 - INFO - 
==================================================
2025-08-06 07:50:26,380 - INFO - 样本 249: Arnold, Madeline, Camden, and Sarah painted 56 easter eggs. Arnold and Madeline painted the same num...
2025-08-06 07:50:26,383 - INFO - 参考答案: Arnold and Madeline painted 56 - 30 = <<56-30=26>>26 easter eggs.
Arnold and Madeline each painted 26/2 = <<26/2=13>>13 easter eggs.
Sarah painted (30 - 12)/2 = 18/2 = <<(30-12)/2=9>>9 easter eggs.
Camden painted 9 + 12 = <<9+12=21>>21 easter eggs.
Camden painted 21 - 13 = <<21-13=8>>8 eggs more than Arnold.
#### 8
2025-08-06 07:50:26,387 - INFO - 提取参考答案: 8
2025-08-06 07:50:26,389 - INFO - 生成答案: 

Step 1:First, read the problem and identify what we need to find. We need to find the number of eggs that Camden painted.

Step 2:Next, set up equations and perform the calculations. Let x be the nu...
2025-08-06 07:50:26,393 - INFO - 提取答案: 12
2025-08-06 07:50:26,396 - INFO - 投票统计: {'voting_method': 'majority', 'best_answer': '12', 'vote_count': 7, 'total_paths': 10, 'valid_paths': 10, 'confidence': 0.7, 'answer_distribution': {'12': 7, '13': 1, '2': 1, '9': 1}, 'selected_path_idx': 0}
2025-08-06 07:50:26,399 - INFO - ==================================================
2025-08-06 07:50:26,402 - INFO - 
==================================================
2025-08-06 07:50:26,405 - INFO - 样本 250: Lauren is a cartoonist.  She can draw 5 large-sized picture scenes per day, or she can draw 6 medium...
2025-08-06 07:50:26,408 - INFO - 参考答案: At 5 small-sized picture scenes per day, 45 small-sized scenes will take 45/5 = <<45/5=9>>9 days.
At 6 medium-sized picture scenes per day, 36 medium-sized scenes will take 36/6 = <<36/6=6>>6 days.
At 7 large-sized picture scenes per day, 49 large-sized scenes will take 49/7 = <<49/7=7>>7 days.
Altogether, the entire project will take 9 + 6 +7 = <<9+6+7=22>>22 days to complete.
#### 22
2025-08-06 07:50:26,411 - INFO - 提取参考答案: 22
2025-08-06 07:50:26,414 - INFO - 生成答案: 

Step 1:First, read the problem and identify what we need to find. We need to find the number of days it will take for Lauren to create all of the picture scenes.

Step 2:Next, set up equations and p...
2025-08-06 07:50:26,417 - INFO - 提取答案: 9
2025-08-06 07:50:26,420 - INFO - 投票统计: {'voting_method': 'majority', 'best_answer': '9', 'vote_count': 5, 'total_paths': 10, 'valid_paths': 10, 'confidence': 0.5, 'answer_distribution': {'22': 3, '0': 1, '9': 5, '7': 1}, 'selected_path_idx': 3}
2025-08-06 07:50:26,423 - INFO - ==================================================
2025-08-06 07:50:26,427 - INFO - 
==================================================
2025-08-06 07:50:26,429 - INFO - 样本 267: Kenny is selling his Pokemon cards to buy a ticket to an amusement park, which costs $100. He has a ...
2025-08-06 07:50:26,432 - INFO - 参考答案: He made $150 selling the cards because 100 + 50 = <<100+50=150>>150
He sold 100 cards because 150 / 1.5 = <<150/1.5=100>>100
The cards he sold were 2/3 of his collection because 1 - (1/3) = 2/3
He started with 150 cards because 100 / (2/3) = <<100/(2/3)=150>>150
#### 150
2025-08-06 07:50:26,436 - INFO - 提取参考答案: 150
2025-08-06 07:50:26,439 - INFO - 生成答案: 

Step 1:First, read the problem and identify what we need to find. We need to find the number of cards Kenny started with.

Step 2:Next, set up equations and perform the calculations. Let's assume Ke...
2025-08-06 07:50:26,442 - INFO - 提取答案: 50
2025-08-06 07:50:26,445 - INFO - 投票统计: {'voting_method': 'majority', 'best_answer': '50', 'vote_count': 3, 'total_paths': 10, 'valid_paths': 10, 'confidence': 0.3, 'answer_distribution': {'3': 1, '150': 1, '100': 1, '75': 2, '34': 1, '50': 3, '60': 1}, 'selected_path_idx': 5}
2025-08-06 07:50:26,448 - INFO - ==================================================
2025-08-06 07:50:26,451 - INFO - 
==================================================
2025-08-06 07:50:26,454 - INFO - 样本 269: 3 customers were kicked out of the Walmart for refusing to wear masks. A number equals to four times...
2025-08-06 07:50:26,457 - INFO - 参考答案: First quadruple the number of customers kicked out for not wearing masks: 4 * 3 customers = <<4*3=12>>12 customers
Then subtract 5 from this number: 12 customers - 5 customers = 7 customers
Then triple that number to find the number of people kicked out for violence: 7 customers * 3 = <<7*3=21>>21 customers
Then subtract the number of customers kicked out for each known reason to find the number kicked out for other reasons: 50 customers - 3 customers - 21 customers - 7 customers = <<50-3-21-7=19>>19 customers
#### 19
2025-08-06 07:50:26,461 - INFO - 提取参考答案: 19
2025-08-06 07:50:26,464 - INFO - 生成答案: 

Step 1:First, read the problem and identify what we need to find. We need to find the number of people who were kicked out for other reasons.

Step 2:Next, set up equations and perform the calculati...
2025-08-06 07:50:26,467 - INFO - 提取答案: 2
2025-08-06 07:50:26,470 - INFO - 投票统计: {'voting_method': 'majority', 'best_answer': '2', 'vote_count': 4, 'total_paths': 10, 'valid_paths': 10, 'confidence': 0.4, 'answer_distribution': {'19': 2, '0': 1, '33': 1, '4': 1, '14': 1, '2': 4}, 'selected_path_idx': 5}
2025-08-06 07:50:26,474 - INFO - ==================================================
2025-08-06 07:50:26,477 - INFO - 
==================================================
2025-08-06 07:50:26,479 - INFO - 样本 271: Candy has a chair rental business. During the weekdays, 60 chairs are rented each day; but during we...
2025-08-06 07:50:26,482 - INFO - 参考答案: During weekdays, a total of 60 x 5 = <<60*5=300>>300 chairs are rented.
During the weekends, a total of 100 x 2 = <<100*2=200>>200 chairs are rented.
In a week, 300 + 200 = <<300+200=500>>500 chairs are rented.
Since there are 4 weeks in a month, 500 x 4 = <<500*4=2000>>2000 chairs are rented in a month.
Thus, a total of 2000 x 2 = <<2000*2=4000>>4000 chairs are rented in two months.
#### 4000
2025-08-06 07:50:26,486 - INFO - 提取参考答案: 4000
2025-08-06 07:50:26,489 - INFO - 生成答案: 

Step 1:First, read the problem and identify what we need to find. We need to find the total number of chairs that Candy will be able to rent out in two 4-week months.

Step 2:Next, set up equations ...
2025-08-06 07:50:26,492 - INFO - 提取答案: 2000
2025-08-06 07:50:26,495 - INFO - 投票统计: {'voting_method': 'majority', 'best_answer': '2000', 'vote_count': 4, 'total_paths': 10, 'valid_paths': 10, 'confidence': 0.4, 'answer_distribution': {'2000': 4, '4000': 4, '8000': 1, '1000': 1}, 'selected_path_idx': 0}
2025-08-06 07:50:26,498 - INFO - ==================================================
2025-08-06 07:50:26,501 - INFO - 
==================================================
2025-08-06 07:50:26,504 - INFO - 样本 276: Erica made 20 Valentine's cards to pass out.  Her dad brought her 2 boxes of pre-made Valentine's ca...
2025-08-06 07:50:26,507 - INFO - 参考答案: Her dad gave her 2 boxes of 15 cards so 2*15 = <<2*15=30>>30
She made 20, was given 30 and received 17 so 20+30+17 = <<20+30+17=67>>67 cards
She passed out 24 and gave 5 cards to family and friends so she gave away 24+5 = <<24+5=29>>29 cards
She had 67 cards and gave away 29 cards so 67-29 = <<67-29=38>>38 cards left
#### 38
2025-08-06 07:50:26,511 - INFO - 提取参考答案: 38
2025-08-06 07:50:26,514 - INFO - 生成答案: 

Step 1:First, read the problem and identify what we need to find. We need to find the number of Valentine's Day cards Erica now has.

Step 2:Next, set up equations and perform the calculations. Eric...
2025-08-06 07:50:26,517 - INFO - 提取答案: 43
2025-08-06 07:50:26,520 - INFO - 投票统计: {'voting_method': 'majority', 'best_answer': '43', 'vote_count': 5, 'total_paths': 10, 'valid_paths': 10, 'confidence': 0.5, 'answer_distribution': {'43': 5, '38': 4, '57': 1}, 'selected_path_idx': 0}
2025-08-06 07:50:26,523 - INFO - ==================================================
2025-08-06 07:50:26,526 - INFO - 
==================================================
2025-08-06 07:50:26,529 - INFO - 样本 278: If Marcy works for the same company for 40 years, she gets an annual pension of $50,000/year. Starti...
2025-08-06 07:50:26,532 - INFO - 参考答案: First find how many years Marcy works after 20 years: 30 years - 20 years = <<30-20=10>>10 years
Then multiply that number by the amount of her pension she gets per year: 10 years * 5% = 50%
Then multiply that percentage by the total amount of the full pension to find how much she gets: $50,000 * 50% = $<<50000*50*.01=25000>>25,000
#### 25000
2025-08-06 07:50:26,535 - INFO - 提取参考答案: 25000
2025-08-06 07:50:26,538 - INFO - 生成答案: 

Step 1:First, read the problem and identify what we need to find. We need to find the annual pension that Marcy will receive after quitting the company after 30 years.

Step 2:Next, set up equations...
2025-08-06 07:50:26,541 - INFO - 提取答案: 131445
2025-08-06 07:50:26,544 - INFO - 投票统计: {'voting_method': 'majority', 'best_answer': '131445', 'vote_count': 2, 'total_paths': 10, 'valid_paths': 10, 'confidence': 0.2, 'answer_distribution': {'2500': 1, '52225': 1, '1081445': 1, '75000': 1, '1025000': 1, '131445': 2, '50000': 1, '147653.18': 1, '54072.25': 1}, 'selected_path_idx': 5}
2025-08-06 07:50:26,548 - INFO - ==================================================
2025-08-06 07:50:26,551 - INFO - 
==================================================
2025-08-06 07:50:26,553 - INFO - 样本 280: Michael is replacing the carpet in his bedroom.  The new carpet he's chosen costs $12 per square foo...
2025-08-06 07:50:26,556 - INFO - 参考答案: The room measures 18 * 12 = <<18*12=216>>216 square feet.
The new carpet costs $12 * 216 = $<<12*216=2592>>2,592.
The new carpet padding costs $2 * 216 = $<<2*216=432>>432.
To remove the old carpet, the contractor will charge $4 * 216 = $<<4*216=864>>864.
To install the new carpet, the contractor will charge $34 * 216 = $<<34*216=7344>>7,344.
The total cost will be $864 + $2,592 + $432 + $7,344 = $11,232.
#### 11232
2025-08-06 07:50:26,560 - INFO - 提取参考答案: 11232
2025-08-06 07:50:26,563 - INFO - 生成答案: 

Step 1:First, read the problem and identify what we need to find. We need to find the total cost of replacing the carpet.

Step 2:Next, set up equations and perform the calculations. First, calculat...
2025-08-06 07:50:26,566 - INFO - 提取答案: 10932
2025-08-06 07:50:26,569 - INFO - 投票统计: {'voting_method': 'majority', 'best_answer': '10932', 'vote_count': 2, 'total_paths': 10, 'valid_paths': 10, 'confidence': 0.2, 'answer_distribution': {'11032': 1, '10232': 1, '11272': 1, '11512': 1, '10512': 1, '11624': 1, '10932': 2, '11232': 1, '12532': 1}, 'selected_path_idx': 6}
2025-08-06 07:50:26,572 - INFO - ==================================================
2025-08-06 07:50:26,575 - INFO - 
==================================================
2025-08-06 07:50:26,578 - INFO - 样本 288: Helga was the fastest clog dancer in all of Slovenia. With both hands at her sides, she could tap he...
2025-08-06 07:50:26,581 - INFO - 参考答案: During the 5 minutes of dancing, 2 minutes were performed with hands raised and 5-2=3 minutes were performed without hands raised.
With hands not raised, her right foot tapped 3*300=<<3*300=900>>900 times.
With hands not raised, her left foot tapped 3*250=<<3*250=750>>750 times.
With hands raised, her right foot tapped 2*200=<<2*200=400>>400 times.
With hands raised, her left foot tapped 2*200=<<2*200=400>>400 times.
Thus, in total, she tapped 900+750+400+400=<<900+750+400+400=2450>>2450 times
#### 2450
2025-08-06 07:50:26,585 - INFO - 提取参考答案: 2450
2025-08-06 07:50:26,588 - INFO - 生成答案: 

Step 1:First, read the problem and identify what we need to find. We need to find the combined total number of times that Helga taps both of her feet.

Step 2:Next, set up equations and perform the ...
2025-08-06 07:50:26,591 - INFO - 提取答案: 2050
2025-08-06 07:50:26,594 - INFO - 投票统计: {'voting_method': 'majority', 'best_answer': '2050', 'vote_count': 2, 'total_paths': 10, 'valid_paths': 10, 'confidence': 0.2, 'answer_distribution': {'4750': 1, '2050': 2, '1350': 1, '3800': 1, '2600': 1, '\\frac{1}{8}': 1, '2450': 1, '950': 1, '2750': 1}, 'selected_path_idx': 1}
2025-08-06 07:50:26,597 - INFO - ==================================================
2025-08-06 07:50:26,600 - INFO - 
==================================================
2025-08-06 07:50:26,603 - INFO - 样本 293: Elly is organizing her books on the new bookcases her parents bought her. Each of the middle 2 shelv...
2025-08-06 07:50:26,606 - INFO - 参考答案: The bottom shelf can hold 2 * 10 = <<2*10=20>>20 books.
The 2 middle shelves can hold a total of 2 * 10 = <<2*10=20>>20 books.
The top shelf can hold 20 – 5 = <<20-5=15>>15 books.
Each bookcase can hold a total of 20 books + 20 books + 15 books = <<20+20+15=55>>55 books.
To hold all of her books, she needs 110 / 55 = <<110/55=2>>2 bookcases.
#### 2
2025-08-06 07:50:26,609 - INFO - 提取参考答案: 2
2025-08-06 07:50:26,612 - INFO - 生成答案: 

Step 1:First, read the problem and identify what we need to find. We need to find the number of bookcases Elly needs to hold all of her books.

Step 2:Next, set up equations and perform the calculat...
2025-08-06 07:50:26,616 - INFO - 提取答案: 3
2025-08-06 07:50:26,619 - INFO - 投票统计: {'voting_method': 'majority', 'best_answer': '3', 'vote_count': 7, 'total_paths': 10, 'valid_paths': 10, 'confidence': 0.7, 'answer_distribution': {'4': 2, '3': 7, '48': 1}, 'selected_path_idx': 1}
2025-08-06 07:50:26,622 - INFO - ==================================================
2025-08-06 07:50:26,625 - INFO - 
==================================================
2025-08-06 07:50:26,627 - INFO - 样本 296: Andy's car fuel efficiency is 10 MPG (miles per gallon). If the current price for regular gas is $3/...
2025-08-06 07:50:26,630 - INFO - 参考答案: Between Monday to Friday there are 5 days
If the one-way distance between his home and office is 5 miles the total round trip distance Andy drives daily is 5*2 = <<5*2=10>>10 miles
That means he drives a total of 10 miles * 5 days = <<10*5=50>>50 miles per week
If his car's fuel efficiency is 10 MPG, then his car is consuming a total of 50 miles / 10 MPG = <<50/10=5>>5 gallons of gas each week
Given that each gallon of gas costs $3, then his car is consuming 5 * $3 = $<<5*3=15>>15 worth of gas each week
#### 15
2025-08-06 07:50:26,634 - INFO - 提取参考答案: 15
2025-08-06 07:50:26,637 - INFO - 生成答案: 

Step 1:First, read the problem and identify what we need to find. We need to find the amount of money Andy's car is consuming per week.

Step 2:Next, set up equations and perform the calculations. S...
2025-08-06 07:50:26,640 - INFO - 提取答案: 7.50
2025-08-06 07:50:26,643 - INFO - 投票统计: {'voting_method': 'majority', 'best_answer': '7.50', 'vote_count': 6, 'total_paths': 10, 'valid_paths': 10, 'confidence': 0.6, 'answer_distribution': {'15': 3, '7.50': 6, '3': 1}, 'selected_path_idx': 1}
2025-08-06 07:50:26,646 - INFO - ==================================================
2025-08-06 07:50:26,649 - INFO - 
==================================================
2025-08-06 07:50:26,652 - INFO - 样本 301: Nate's dog can dig six holes a day. He digs for 14 days while Nate is on vacation. When Nate gets ho...
2025-08-06 07:50:26,655 - INFO - 参考答案: First find the number of holes the dog digs while Nate is on vacation: 14 days * 6 holes/day = <<14*6=84>>84 holes
Then find the net number of holes Nate fill in each day: 9 holes/day - 6 holes/day = <<9-6=3>>3 holes/day
Then divide the total number of holes by the daily decrease in the number of holes to find the number of days Nate spends filling in holes: 84 holes / 3 holes/day = <<84/3=28>>28 days
Then divide the number of days by the number of days per week to convert the answer to weeks: 28 days / 7 days/week = <<28/7=4>>4 weeks
#### 4
2025-08-06 07:50:26,659 - INFO - 提取参考答案: 4
2025-08-06 07:50:26,662 - INFO - 生成答案: 

Step 1:First, read the problem and identify what we need to find. We need to find the number of weeks it takes Nate to fill in all the holes.

Step 2:Next, set up equations and perform the calculati...
2025-08-06 07:50:26,665 - INFO - 提取答案: 2
2025-08-06 07:50:26,668 - INFO - 投票统计: {'voting_method': 'majority', 'best_answer': '2', 'vote_count': 3, 'total_paths': 10, 'valid_paths': 10, 'confidence': 0.3, 'answer_distribution': {'2': 3, '1': 2, '7': 1, '4': 3, '10': 1}, 'selected_path_idx': 0}
2025-08-06 07:50:26,672 - INFO - ==================================================
2025-08-06 07:50:26,675 - INFO - 
==================================================
2025-08-06 07:50:26,678 - INFO - 样本 302: Rob, Royce, and Pedro are contractors getting ready to put a new roof on three homes. If the three h...
2025-08-06 07:50:26,681 - INFO - 参考答案: Let x be the number of cases of shingles for the second house
The first house needs 1/2 x cases of shingles
The third house needs 2(1/2)x=x cases of shingles
250=x+x+(1/2)x
250=(5/2)x
250(2/5)=100=x
The third house needs 100 cases of shingles
#### 100
2025-08-06 07:50:26,684 - INFO - 提取参考答案: 100
2025-08-06 07:50:26,687 - INFO - 生成答案: 

Step 1:First, read the problem and identify what we need to find. We need to find the number of cases of shingles the third house needs.

Step 2:Next, set up equations and perform the calculations. ...
2025-08-06 07:50:26,690 - INFO - 提取答案: 142.86
2025-08-06 07:50:26,693 - INFO - 投票统计: {'voting_method': 'majority', 'best_answer': '142.86', 'vote_count': 2, 'total_paths': 10, 'valid_paths': 10, 'confidence': 0.2, 'answer_distribution': {'142.86': 2, '143': 1, '125': 1, '100': 1, '126': 1, '41': 1, '250': 1, '166.67': 1, '142': 1}, 'selected_path_idx': 0}
2025-08-06 07:50:26,697 - INFO - ==================================================
2025-08-06 07:50:26,700 - INFO - 
==================================================
2025-08-06 07:50:26,703 - INFO - 样本 304: Tara bought 8 packs of 5 canvas bags for $4 each. She painted them and sold them at a craft fair for...
2025-08-06 07:50:26,706 - INFO - 参考答案: The total number of bags is 8*5 = <<8*5=40>>40
The cost of the 40 bags is 40*4 = <<40*4=160>>160
Tara sold the 40 bags at 8 each earning her 40*8 = <<40*8=320>>320
Her profit was 320-160 = <<320-160=160>>160
#### 160
2025-08-06 07:50:26,709 - INFO - 提取参考答案: 160
2025-08-06 07:50:26,712 - INFO - 生成答案: 

Step 1:First, read the problem and identify what we need to find. We need to find the profit Tara earned on her bags.

Step 2:Next, set up equations and perform the calculations. The total cost of t...
2025-08-06 07:50:26,715 - INFO - 提取答案: 32
2025-08-06 07:50:26,718 - INFO - 投票统计: {'voting_method': 'majority', 'best_answer': '32', 'vote_count': 7, 'total_paths': 10, 'valid_paths': 10, 'confidence': 0.7, 'answer_distribution': {'-120': 1, '8': 1, '32': 7, '160': 1}, 'selected_path_idx': 2}
2025-08-06 07:50:26,721 - INFO - ==================================================
2025-08-06 07:50:26,724 - INFO - 
==================================================
2025-08-06 07:50:26,727 - INFO - 样本 310: Sara wants to buy herself a new jacket and 2 pairs of shoes. The jacket she wants costs $30 and each...
2025-08-06 07:50:26,730 - INFO - 参考答案: Both pairs of shoes will cost a total of 2 * $20 = $<<2*20=40>>40.
Sara will need to save a total of $30 + $40 = $<<30+40=70>>70 to buy everything that she wants.
Sara has earned 4 * $5 = $<<4*5=20>>20 from babysitting.
Between her savings and the babysitting, Sara has already saved $10 + $20 = $<<10+20=30>>30.
Sara needs to earn an additional $70 - $30 = $<<70-30=40>>40 from mowing the lawn to afford her clothes.
Sara must mow the lawn $40 / $4 = <<40/4=10>>10 times to afford to buy the jacket and shoes.
#### 10
2025-08-06 07:50:26,734 - INFO - 提取参考答案: 10
2025-08-06 07:50:26,737 - INFO - 生成答案: 

Step 1:First, read the problem and identify what we need to find. We need to find out how many times Sara must mow the lawn before she can afford the jacket and shoes.

Step 2:Next, set up equations...
2025-08-06 07:50:26,740 - INFO - 提取答案: 8
2025-08-06 07:50:26,743 - INFO - 投票统计: {'voting_method': 'majority', 'best_answer': '8', 'vote_count': 3, 'total_paths': 10, 'valid_paths': 10, 'confidence': 0.3, 'answer_distribution': {'7': 1, '8': 3, '15': 2, '9': 1, '2.5': 1, '10': 1, '3': 1}, 'selected_path_idx': 1}
2025-08-06 07:50:26,747 - INFO - ==================================================
2025-08-06 07:50:26,749 - INFO - 
==================================================
2025-08-06 07:50:26,752 - INFO - 样本 314: Ben bought a car for $20000 in 2007. The price of the car depreciates at a constant rate of 21% per ...
2025-08-06 07:50:26,755 - INFO - 参考答案: The price of the car depreciates of 20000 * 21% = $<<20000*21*.01=4200>>4200 per year.
Ben had the car for 2010 - 2007 = <<2010-2007=3>>3 years.
The price of the car depreciates 4200 * 3 = $<<4200*3=12600>>12600 from 2007 to 2010.
So the price of the car in the year 2010 is $20000 - $12600 = $<<20000-12600=7400>>7400.
#### 7400
2025-08-06 07:50:26,759 - INFO - 提取参考答案: 7400
2025-08-06 07:50:26,762 - INFO - 生成答案: 

Step 1:First, read the problem and identify what we need to find. We need to find the price of the car in the year 2010.

Step 2:Next, set up equations and perform the calculations. The price of the...
2025-08-06 07:50:26,765 - INFO - 提取答案: 10080
2025-08-06 07:50:26,768 - INFO - 投票统计: {'voting_method': 'majority', 'best_answer': '10080', 'vote_count': 2, 'total_paths': 10, 'valid_paths': 10, 'confidence': 0.2, 'answer_distribution': {'9808.82': 1, '9850.2': 1, '10080': 2, '9888': 1, '9864': 1, '9868.24': 1, '9806.60': 1, '9817.40': 1, '10240': 1}, 'selected_path_idx': 2}
2025-08-06 07:50:26,771 - INFO - ==================================================
2025-08-06 07:50:26,774 - INFO - 
==================================================
2025-08-06 07:50:26,777 - INFO - 样本 317: At the trip to the county-level scavenger hunt competition, 90 people were required to split into gr...
2025-08-06 07:50:26,780 - INFO - 参考答案: Since the total number of people at the competition was 90, they formed 90/9=<<90/9=10>>10 groups after splitting into 9-person groups.
If 3/5 of the number of groups each had members bringing back 2 seashells each, then 3/5*10=<<3/5*10=6>>6 groups had members bringing back 2 seashells.
Since each group had 9 people, the number of people in the 6 groups, who found 2 seashells each, was 6*9= <<6*9=54>>54.
The total number of seashells the 54 people brought is 54*2=<<54*2=108>>108 seashells.
#### 108
2025-08-06 07:50:26,784 - INFO - 提取参考答案: 108
2025-08-06 07:50:26,787 - INFO - 生成答案: 

Step 1:First, read the problem and identify what we need to find. We need to find the total number of seashells that the groups brought.

Step 2:Next, set up equations and perform the calculations. ...
2025-08-06 07:50:26,790 - INFO - 提取答案: 12
2025-08-06 07:50:26,793 - INFO - 投票统计: {'voting_method': 'majority', 'best_answer': '12', 'vote_count': 9, 'total_paths': 10, 'valid_paths': 10, 'confidence': 0.9, 'answer_distribution': {'12': 9, '972': 1}, 'selected_path_idx': 0}
2025-08-06 07:50:26,796 - INFO - ==================================================
2025-08-06 07:50:26,799 - INFO - 
==================================================
2025-08-06 07:50:26,802 - INFO - 样本 320: Ava and Emma want to know who is better at the new video game Ava got for her birthday. They are eac...
2025-08-06 07:50:26,805 - INFO - 参考答案: For jumping on enemies, Emma earns 8 * 10 = <<8*10=80>>80 fewer points than Ava.
For collecting berries, Emma earns 3 * 5 = <<3*5=15>>15 fewer points than Ava.
For finishing the level faster, Emma earns 4 * 30 = <<4*30=120>>120 more points than Ava.
Overall, Emma has 120 – 80 - 15 = <<120-80-15=25>>25 more points than Ava.
#### 25
2025-08-06 07:50:26,809 - INFO - 提取参考答案: 25
2025-08-06 07:50:26,812 - INFO - 生成答案: 

Step 1:First, read the problem and identify what we need to find. We need to find the difference between Ava's score and Emma's score.

Step 2:Next, set up equations and perform the calculations. Le...
2025-08-06 07:50:26,815 - INFO - 提取答案: 0
2025-08-06 07:50:26,818 - INFO - 投票统计: {'voting_method': 'majority', 'best_answer': '0', 'vote_count': 3, 'total_paths': 10, 'valid_paths': 10, 'confidence': 0.3, 'answer_distribution': {'25': 1, '85': 1, '0': 3, '30': 1, '-25': 1, '215': 1, '175': 1, '95': 1}, 'selected_path_idx': 2}
2025-08-06 07:50:26,821 - INFO - ==================================================
2025-08-06 07:50:26,824 - INFO - 
==================================================
2025-08-06 07:50:26,827 - INFO - 样本 327: Sasha and Julie are best friends playing on opposing basketball teams. The teams have two practice g...
2025-08-06 07:50:26,830 - INFO - 参考答案: In the first game, Sasha scored 14 points, and Julie scored four fewer points: 14-4 = <<14-4=10>>10 points.
In the second game, Sasha scored 6 points fewer than Julie's score in the first game, meaning she scored 10-6=<<10-6=4>>4 points.
Sasha scored 10+4=<<10+4=14>>14 points in the two games.
#### 14
2025-08-06 07:50:26,833 - INFO - 提取参考答案: 14
2025-08-06 07:50:26,836 - INFO - 生成答案: 

Step 1:First, read the problem and identify what we need to find. We need to find the total number of points Sasha scored during both games.

Step 2:Next, set up equations and perform the calculatio...
2025-08-06 07:50:26,840 - INFO - 提取答案: 18
2025-08-06 07:50:26,843 - INFO - 投票统计: {'voting_method': 'majority', 'best_answer': '18', 'vote_count': 10, 'total_paths': 10, 'valid_paths': 10, 'confidence': 1.0, 'answer_distribution': {'18': 10}, 'selected_path_idx': 0}
2025-08-06 07:50:26,846 - INFO - ==================================================
2025-08-06 07:50:26,849 - INFO - 
==================================================
2025-08-06 07:50:26,852 - INFO - 样本 329: Mrs. Tatiana owns a grocery store that sells different fruits and vegetables, which includes carrots...
2025-08-06 07:50:26,855 - INFO - 参考答案: In the first year, the price of carrots increases by 5/100*120 = $<<5/100*120=6>>6
After 3 years, the price of carrots will increase by $6*3 = $<<6*3=18>>18
The total price of carrots after three years will be 120+18 = $<<120+18=138>>138
#### 138
2025-08-06 07:50:26,859 - INFO - 提取参考答案: 138
2025-08-06 07:50:26,861 - INFO - 生成答案: 

Step 1:First, read the problem and identify what we need to find. We need to find the price of carrots after three years.

Step 2:Next, set up equations and perform the calculations. The price of ca...
2025-08-06 07:50:26,865 - INFO - 提取答案: 139
2025-08-06 07:50:26,868 - INFO - 投票统计: {'voting_method': 'majority', 'best_answer': '139', 'vote_count': 10, 'total_paths': 10, 'valid_paths': 10, 'confidence': 1.0, 'answer_distribution': {'139': 10}, 'selected_path_idx': 0}
2025-08-06 07:50:26,871 - INFO - ==================================================
2025-08-06 07:50:26,874 - INFO - 
==================================================
2025-08-06 07:50:26,877 - INFO - 样本 331: Jessica makes $2,000.00 a month.  She sets 25% of her paycheck aside to put towards fancy shoes.  Ea...
2025-08-06 07:50:26,880 - INFO - 参考答案: She is paid $2,000.00 a month and she saves 25% for shoes so she saves 2000*.25 = $<<2000*.25=500.00>>500.00
She saves $500.00 a month for 12 months so she saves 500*12 = $<<500*12=6000.00>>6,000.00
Each pair of shoes costs $1,000.00 and she has saved $6,000.00 so she can buy 6000/1000 = 6 pair of shoes per year
#### 6
2025-08-06 07:50:26,883 - INFO - 提取参考答案: 6
2025-08-06 07:50:26,886 - INFO - 生成答案: 

Step 1:First, read the problem and identify what we need to find. We need to find the number of shoes Jessica can buy in a year.

Step 2:Next, set up equations and perform the calculations. Jessica'...
2025-08-06 07:50:26,889 - INFO - 提取答案: 12
2025-08-06 07:50:26,892 - INFO - 投票统计: {'voting_method': 'majority', 'best_answer': '12', 'vote_count': 6, 'total_paths': 10, 'valid_paths': 10, 'confidence': 0.6, 'answer_distribution': {'6': 3, '12': 6, '18': 1}, 'selected_path_idx': 1}
2025-08-06 07:50:26,895 - INFO - ==================================================
2025-08-06 07:50:26,898 - INFO - 
==================================================
2025-08-06 07:50:26,901 - INFO - 样本 335: The Llesis family drove and hiked 6 hours to their vacation spot. They drove an average of 50 miles ...
2025-08-06 07:50:26,904 - INFO - 参考答案: Half the average speed of Llesis family driving is 50/2 = <<50/2=25>>25 miles per hour.
Hence, their average speed hiking was 25 - 5 = <<25-5=20>>20 miles per hour.
So, they hiked 20 x 1.5 = <<20*1.5=30>>30 miles.
It took them a total of 6 - 1.5 = <<6-1.5=4.5>>4.5 hours driving.
So, they drove 50 x 4.5 = <<50*4.5=225>>225 miles.
Therefore, their vacation spot was 30 + 225 = <<30+225=255>>255 miles far.
#### 255
2025-08-06 07:50:26,908 - INFO - 提取参考答案: 255
2025-08-06 07:50:26,911 - INFO - 生成答案: 

Step 1:First, read the problem and identify what we need to find. We need to find the distance to the vacation spot.

Step 2:Next, set up equations and perform the calculations. Let's denote the spe...
2025-08-06 07:50:26,914 - INFO - 提取答案: 75
2025-08-06 07:50:26,917 - INFO - 投票统计: {'voting_method': 'majority', 'best_answer': '75', 'vote_count': 2, 'total_paths': 10, 'valid_paths': 10, 'confidence': 0.2, 'answer_distribution': {'75': 2, '93.36': 1, '161.25': 1, '42.5': 1, '165': 1, '259': 1, '67.5': 1, '292.5': 1, '255': 1}, 'selected_path_idx': 0}
2025-08-06 07:50:26,920 - INFO - ==================================================
2025-08-06 07:50:26,923 - INFO - 
==================================================
2025-08-06 07:50:26,926 - INFO - 样本 338: Cedar Falls Middle School has students in grades 4 – 7 and each year they are challenged to earn as ...
2025-08-06 07:50:26,929 - INFO - 参考答案: There are 4 grades in the middle school x 10 students = <<4*10=40>>40 students who get to try the escape room.
There will be 40 students / 8 students in a group = <<40/8=5>>5 groups who get to try the escape room.
It will take 5 groups x 45 minutes = <<5*45=225>>225 minutes.
#### 225
2025-08-06 07:50:26,932 - INFO - 提取参考答案: 225
2025-08-06 07:50:26,935 - INFO - 生成答案: 

Step 1:First, read the problem and identify what we need to find. We need to find the total time it will take for everyone to try the escape room.

Step 2:Next, set up equations and perform the calc...
2025-08-06 07:50:26,939 - INFO - 提取答案: 180
2025-08-06 07:50:26,942 - INFO - 投票统计: {'voting_method': 'majority', 'best_answer': '180', 'vote_count': 3, 'total_paths': 10, 'valid_paths': 10, 'confidence': 0.3, 'answer_distribution': {'90': 2, '180': 3, '168.75': 1, '281.25': 1, '225': 2, '450': 1}, 'selected_path_idx': 1}
2025-08-06 07:50:26,945 - INFO - ==================================================
2025-08-06 07:50:26,948 - INFO - 
==================================================
2025-08-06 07:50:26,951 - INFO - 样本 339: A dance studio offers lessons to students. It costs $25 per session to rent the studio plus $1.50 pe...
2025-08-06 07:50:26,954 - INFO - 参考答案: The total earnings from 10 students is $1.50 x 10 = $<<1.50*10=15>>15 per session.
So the total earnings per session is $15 + $25 = $<<15+25=40>>40.
Thus, every week the dance studio earns $40 x 3 = $<<40*3=120>>120.
Therefore, it will earn $120 x 4 = $<<120*4=480>>480 in a month.
#### 480
2025-08-06 07:50:26,957 - INFO - 提取参考答案: 480
2025-08-06 07:50:26,960 - INFO - 生成答案: 

Step 1:First, read the problem and identify what we need to find. We need to find the expected earnings of the dance studio in a month.

Step 2:Next, set up equations and perform the calculations. T...
2025-08-06 07:50:26,964 - INFO - 提取答案: 1260
2025-08-06 07:50:26,967 - INFO - 投票统计: {'voting_method': 'majority', 'best_answer': '1260', 'vote_count': 2, 'total_paths': 10, 'valid_paths': 10, 'confidence': 0.2, 'answer_distribution': {'300': 1, '120': 1, '480': 1, '240': 1, '660': 1, '1260': 2, '2700': 1, '420': 1, '4800': 1}, 'selected_path_idx': 5}
2025-08-06 07:50:26,970 - INFO - ==================================================
2025-08-06 07:50:26,973 - INFO - 
==================================================
2025-08-06 07:50:26,976 - INFO - 样本 345: 9 out of 10 cheerleaders are 64" tall.  The 10th cheerleader is 60" tall.  If they build a human pyr...
2025-08-06 07:50:26,979 - INFO - 参考答案: All but one cheerleader is 64" tall and these cheerleaders make up the bottom 3 layers of the pyramid. So, when standing on top of each other, they are 64*3 = <<64*3=192>>192" tall
The shortest cheerleader is at the top of the pyramid and is 60" tall so the pyramid is 192+60 = <<252=252>>252" tall
12" are in 1 foot and the pyramid is 252" tall so it's 252/12 = <<252/12=21>>21 feet tall
#### 21
2025-08-06 07:50:26,982 - INFO - 提取参考答案: 21
2025-08-06 07:50:26,985 - INFO - 生成答案: 

Step 1:First, read the problem and identify what we need to find. We need to find the height of the human pyramid in feet.

Step 2:Next, set up equations and perform the calculations. The average he...
2025-08-06 07:50:26,989 - INFO - 提取答案: 53
2025-08-06 07:50:26,992 - INFO - 投票统计: {'voting_method': 'majority', 'best_answer': '53', 'vote_count': 3, 'total_paths': 10, 'valid_paths': 10, 'confidence': 0.3, 'answer_distribution': {'40.28': 1, '53': 3, '4.42': 1, '8.83': 1, '530': 1, '56.33': 1, '44.67': 1, '50.33': 1}, 'selected_path_idx': 1}
2025-08-06 07:50:26,995 - INFO - ==================================================
2025-08-06 07:50:26,998 - INFO - 
==================================================
2025-08-06 07:50:27,001 - INFO - 样本 358: Blake and Kelly are having a contest to see who can run the most in 15 minutes. They decide to do it...
2025-08-06 07:50:27,004 - INFO - 参考答案: Blake runs 200 yards for each back and forth because 100 x 2 = 200
He runs 3000 yards in total because 200 x 15 = <<200*15=3000>>3000
Kelly runs 200 yards at first because 100 x 2 = <<100*2=200>>200
She runs 80 yards each time she does a back and forth to the 40-yard line because 40 x 2 = <<40*2=80>>80
She runs 2720 from these back and forth because 34 x 80 = <<34*80=2720>>2720
She runs 2920 in total because 2720 + 200 = <<2720+200=2920>>2920
Blake won because 3000 > 2920
The winner ran 80 yards more than the loser because 3000 - 2920 = <<3000-2920=80>>80
#### 80
2025-08-06 07:50:27,008 - INFO - 提取参考答案: 80
2025-08-06 07:50:27,010 - INFO - 生成答案: 

Step 1:First, read the problem and identify what we need to find. We need to find the difference between the distance run by the winner and the distance run by the loser.

Step 2:Next, set up equati...
2025-08-06 07:50:27,014 - INFO - 提取答案: 1220
2025-08-06 07:50:27,017 - INFO - 投票统计: {'voting_method': 'majority', 'best_answer': '1220', 'vote_count': 3, 'total_paths': 10, 'valid_paths': 10, 'confidence': 0.3, 'answer_distribution': {'1024': 1, '1220': 3, '110': 1, '1280': 1, '6720': 1, '1320': 2, '480': 1}, 'selected_path_idx': 1}
2025-08-06 07:50:27,020 - INFO - ==================================================
2025-08-06 07:50:27,023 - INFO - 
==================================================
2025-08-06 07:50:27,026 - INFO - 样本 360: Thomas withdraws $1000 in 20 dollar bills from the bank account.  He loses 10 bills while getting ho...
2025-08-06 07:50:27,029 - INFO - 参考答案: He withdrew 1000/20=<<1000/20=50>>50 bills
So he has 50-10=<<50-10=40>>40 bills left over
He uses half the bills to pay for something, so he has 40/2=<<40/2=20>>20 bills
He triples his money which gives him 20*3=<<20*3=60>>60 bills
So he has 60*20=$<<60*20=1200>>1200
Converting to 5s means he has 1200/5=<<1200/5=240>>240 bills
#### 240
2025-08-06 07:50:27,032 - INFO - 提取参考答案: 240
2025-08-06 07:50:27,035 - INFO - 生成答案: 

Step 1:First, read the problem and identify what we need to find. We need to find the number of 5 dollar bills Thomas has.

Step 2:Next, set up equations and perform the calculations. Thomas withdra...
2025-08-06 07:50:27,039 - INFO - 提取答案: 12
2025-08-06 07:50:27,042 - INFO - 投票统计: {'voting_method': 'majority', 'best_answer': '12', 'vote_count': 10, 'total_paths': 10, 'valid_paths': 10, 'confidence': 1.0, 'answer_distribution': {'12': 10}, 'selected_path_idx': 0}
2025-08-06 07:50:27,045 - INFO - ==================================================
2025-08-06 07:50:27,048 - INFO - 
==================================================
2025-08-06 07:50:27,051 - INFO - 样本 370: Solo has to read 4 pages from his Science textbook, 20 pages from his Social Studies textbook, 7 pag...
2025-08-06 07:50:27,054 - INFO - 参考答案: Solo has to read a total of 4 + 20 + 7 + 8 = <<4+20+7+8=39>>39 pages.
After Monday, he had a remainder of 39 - 15 = <<39-15=24>>24 pages to read.
To complete his reading, he must read 24/4 = <<24/4=6>>6 pages a day.
#### 6
2025-08-06 07:50:27,057 - INFO - 提取参考答案: 6
2025-08-06 07:50:27,060 - INFO - 生成答案: 

Step 1:First, read the problem and identify what we need to find. We need to find the average number of pages Solo needs to read in one day.

Step 2:Next, set up equations and perform the calculatio...
2025-08-06 07:50:27,063 - INFO - 提取答案: 9.75
2025-08-06 07:50:27,066 - INFO - 投票统计: {'voting_method': 'majority', 'best_answer': '9.75', 'vote_count': 7, 'total_paths': 10, 'valid_paths': 10, 'confidence': 0.7, 'answer_distribution': {'9.75': 7, '6': 3}, 'selected_path_idx': 0}
2025-08-06 07:50:27,069 - INFO - ==================================================
2025-08-06 07:50:27,072 - INFO - 
==================================================
2025-08-06 07:50:27,075 - INFO - 样本 377: Fern is trying to decide between buying the Widgeteer 3000, which makes 60 widgets an hour, and the ...
2025-08-06 07:50:27,078 - INFO - 参考答案: First find how many more widgets the Widgeteer 3000 makes per hour: 60 widgets/hour - 45 widgets/hour = <<60-45=15>>15 widgets/hour
Then multiply that difference by the number of hours in a day to find the daily difference: 15 widgets/hour * 24 hours/day = <<360=360>>360 widgets/day
Then multiply the daily difference by the number of days in a month to find the monthly difference: 360 widgets/day * 30 days/month = <<360*30=10800>>10,800 widgets/month
Then multiply that number by the cost per widget to find the total earnings difference: 10,800 widgets/month * $6/widget = $<<10800*6=64800>>64,800
#### 64800
2025-08-06 07:50:27,082 - INFO - 提取参考答案: 64800
2025-08-06 07:50:27,085 - INFO - 生成答案: 

Step 1:First, read the problem and identify what we need to find. We need to find the difference in the amount of money Fern will make from the Widgeteer 3000 and the WidgetMaster 9000.

Step 2:Next...
2025-08-06 07:50:27,088 - INFO - 提取答案: 2160
2025-08-06 07:50:27,091 - INFO - 投票统计: {'voting_method': 'majority', 'best_answer': '2160', 'vote_count': 3, 'total_paths': 10, 'valid_paths': 10, 'confidence': 0.3, 'answer_distribution': {'64800': 2, '64500': 1, '0': 2, '17280': 1, '62400': 1, '2160': 3}, 'selected_path_idx': 7}
2025-08-06 07:50:27,094 - INFO - ==================================================
2025-08-06 07:50:27,097 - INFO - 
==================================================
2025-08-06 07:50:27,100 - INFO - 样本 382: Debra is monitoring a beehive to see how many bees come and go in a day. She sees 30 bees leave the ...
2025-08-06 07:50:27,103 - INFO - 参考答案: Debra first sees 30 bees leave the hive, then sees 1/2 that many return, 30 x 1/2 = <<30*1/2=15>>15 bees that return and 15 bees that are still away from the hive.
Debra sees twice as many bees as first left the hive--which was 30--fly from the hive in the next 6 hours, 30 x 2 = <<30*2=60>>60 bees that leave the hive.
In total, 30 + 60 = <<30+60=90>>90 bees left the hive.
There were 90 bees total that left the hive - 15 bees that already returned = <<90-15=75>>75 bees that return to the hive in the last 6 hours of the day.
#### 75
2025-08-06 07:50:27,107 - INFO - 提取参考答案: 75
2025-08-06 07:50:27,110 - INFO - 生成答案: 

Step 1:First, read the problem and identify what we need to find. We need to find the number of bees that Debra saw return to the hive in the last 6 hours of the day.

Step 2:Next, set up equations ...
2025-08-06 07:50:27,113 - INFO - 提取答案: 15
2025-08-06 07:50:27,116 - INFO - 投票统计: {'voting_method': 'majority', 'best_answer': '15', 'vote_count': 4, 'total_paths': 10, 'valid_paths': 10, 'confidence': 0.4, 'answer_distribution': {'15': 4, '60': 2, '45': 3, '90': 1}, 'selected_path_idx': 0}
2025-08-06 07:50:27,119 - INFO - ==================================================
2025-08-06 07:50:27,122 - INFO - 
==================================================
2025-08-06 07:50:27,125 - INFO - 样本 386: The ice cream parlor was offering a deal, buy 2 scoops of ice cream, get 1 scoop free.  Each scoop c...
2025-08-06 07:50:27,128 - INFO - 参考答案: Each scoop cost $1.50. If she buys 2, she gets one free. So it will cost her 2 * 1.50 = $<<2*1.50=3.00>>3.00 for thee scoops total.
If you break it down, 3 scoops of ice cream cost $3.00 so 3/3 = $<<3/3=1.00>>1.00 per scoop
Erin has $6.00 and each scoop ends up costing $1.00 each then 6/1 = <<6/1=6>>6 scoops total
#### 6
2025-08-06 07:50:27,131 - INFO - 提取参考答案: 6
2025-08-06 07:50:27,134 - INFO - 生成答案: 

Step 1:First, read the problem and identify what we need to find. We need to find the number of scoops of ice cream Erin should buy.

Step 2:Next, set up equations and perform the calculations. Let ...
2025-08-06 07:50:27,137 - INFO - 提取答案: 3
2025-08-06 07:50:27,140 - INFO - 投票统计: {'voting_method': 'majority', 'best_answer': '3', 'vote_count': 5, 'total_paths': 10, 'valid_paths': 10, 'confidence': 0.5, 'answer_distribution': {'12': 1, '3': 5, '4': 3, '6': 1}, 'selected_path_idx': 1}
2025-08-06 07:50:27,144 - INFO - ==================================================
2025-08-06 07:50:27,147 - INFO - 
==================================================
2025-08-06 07:50:27,150 - INFO - 样本 391: Jordan wanted to surprise her mom with a homemade birthday cake.  From reading the instructions, she...
2025-08-06 07:50:27,152 - INFO - 参考答案: 1 hour is 60 minutes so we know that 2 hours to cool the cake is the same as 2*60 so <<2*60=120>>120 min
It will take Jordan 20 min to make the batter, 30 to bake, 120 to cool and 10 to frost so the cake will take 20 +30 +120 +10 = <<20+30+120+10=180>>180 minutes total
Jordan needs to convert 180 minutes to hours so 180/60 = <<180/60=3>>3 hours
If the cake needs to be finished by 5:00 pm and it will take 3 hours total to make then 5-3 = <<5-3=2>>2:00 pm is the latest she can start making the cake
#### 2
2025-08-06 07:50:27,156 - INFO - 提取参考答案: 2
2025-08-06 07:50:27,159 - INFO - 生成答案: 

Step 1:First, read the problem and identify what we need to find. We need to find the latest time of day that Jordan can start making the cake to be ready to serve it at 5:00 pm.

Step 2:Next, set u...
2025-08-06 07:50:27,162 - INFO - 提取答案: 2:00p
2025-08-06 07:50:27,165 - INFO - 投票统计: {'voting_method': 'majority', 'best_answer': '2:00p', 'vote_count': 7, 'total_paths': 10, 'valid_paths': 10, 'confidence': 0.7, 'answer_distribution': {'2:00': 2, '2:00p': 7, '3:00p': 1}, 'selected_path_idx': 2}
2025-08-06 07:50:27,168 - INFO - ==================================================
2025-08-06 07:50:27,171 - INFO - 
==================================================
2025-08-06 07:50:27,174 - INFO - 样本 396: Sadie slept 8 hours on Monday. For the next two days, she slept 2 hours less, each, because she had ...
2025-08-06 07:50:27,177 - INFO - 参考答案: If on Monday she slept 8 hours, then she slept 8-2 = <<8-2=6>>6 hours on each of the next two days.
The total number of hours slept for the two days will be 6*2 = <<6*2=12>>12 hours.
If she slept 1 hour more for the rest of the week each day, then each day she slept 6+1 = <<6+1=7>>7 hours.
The total for the rest of the week will be 4*7 = <<4*7=28>>28 hours.
The total number of hours slept for the whole week will be 8+12+28 = <<8+12+28=48>>48 hours.
#### 48
2025-08-06 07:50:27,181 - INFO - 提取参考答案: 48
2025-08-06 07:50:27,184 - INFO - 生成答案: 

Step 1:First, read the problem and identify what we need to find. We need to find the total number of hours Sadie slept throughout the week.

Step 2:Next, set up equations and perform the calculatio...
2025-08-06 07:50:27,187 - INFO - 提取答案: 34
2025-08-06 07:50:27,190 - INFO - 投票统计: {'voting_method': 'majority', 'best_answer': '34', 'vote_count': 3, 'total_paths': 10, 'valid_paths': 10, 'confidence': 0.3, 'answer_distribution': {'40': 2, '29': 1, '34': 3, '33': 1, '55': 2, '41': 1}, 'selected_path_idx': 2}
2025-08-06 07:50:27,193 - INFO - ==================================================
2025-08-06 07:50:27,196 - INFO - 
==================================================
2025-08-06 07:50:27,199 - INFO - 样本 399: Ronnie was given $5 while Rissa was given thrice as much. After each of them had given an equal amou...
2025-08-06 07:50:27,202 - INFO - 参考答案: Rissa was given $5 x 3 = $<<5*3=15>>15.
After Rissa had given an amount to her sister, she has $15 x 4/5 = $<<15*4/5=12>>12 left.
This means she has given $15 - $12 = $<<15-12=3>>3.
Since Ronnie had given the same amount as Rissa, then Ronnie is left with $5 - $3 = $<<5-3=2>>2.
#### 2
2025-08-06 07:50:27,205 - INFO - 提取参考答案: 2
2025-08-06 07:50:27,208 - INFO - 生成答案: 

Step 1:First, read the problem and identify what we need to find. We need to find out how much money Ronnie has left.

Step 2:Next, set up equations and perform the calculations. Let's assume Ronnie...
2025-08-06 07:50:27,212 - INFO - 提取答案: 0
2025-08-06 07:50:27,215 - INFO - 投票统计: {'voting_method': 'majority', 'best_answer': '0', 'vote_count': 3, 'total_paths': 10, 'valid_paths': 10, 'confidence': 0.3, 'answer_distribution': {'2': 2, '5': 2, '\\frac{10}{3}': 1, '0': 3, '48': 1, '12': 1}, 'selected_path_idx': 5}
2025-08-06 07:50:27,218 - INFO - ==================================================
2025-08-06 07:50:27,221 - INFO - 
==================================================
2025-08-06 07:50:27,224 - INFO - 样本 401: John drinks a bottle of water every half hour.  A normal sudoku puzzle takes him 45 minutes.  An ext...
2025-08-06 07:50:27,227 - INFO - 参考答案: He drinks a bottle of water every 60/2=<<60/2=30>>30 minutes
It takes him 45*4=<<45*4=180>>180 minutes to solve an extreme sudoku
So he drinks 180/30=<<180/30=6>>6 bottles in that time
#### 6
2025-08-06 07:50:27,230 - INFO - 提取参考答案: 6
2025-08-06 07:50:27,233 - INFO - 生成答案: 

Step 1:First, read the problem and identify what we need to find. We need to find the number of bottles of water John drinks in the given time.

Step 2:Next, set up equations and perform the calcula...
2025-08-06 07:50:27,236 - INFO - 提取答案: 7.5
2025-08-06 07:50:27,239 - INFO - 投票统计: {'voting_method': 'majority', 'best_answer': '7.5', 'vote_count': 3, 'total_paths': 10, 'valid_paths': 10, 'confidence': 0.3, 'answer_distribution': {'8': 1, '12': 1, '7': 1, '6': 2, '360': 1, '7.5': 3, '6.5': 1}, 'selected_path_idx': 5}
2025-08-06 07:50:27,243 - INFO - ==================================================
2025-08-06 07:50:27,245 - INFO - 
==================================================
2025-08-06 07:50:27,248 - INFO - 样本 403: Comet Halley orbits the sun every 75 years. Bill's dad saw the Comet when he was 30 years old. Bill ...
2025-08-06 07:50:27,251 - INFO - 参考答案: Bill saw the Comet for the second time when he was 30 years * 3= <<30*3=90>>90 years old.
Comet Halley can be seen every 75 years, so Bill saw the comet for the first time when he was 90 years - 75 years = <<90-75=15>>15 years old.
#### 15
2025-08-06 07:50:27,255 - INFO - 提取参考答案: 15
2025-08-06 07:50:27,257 - INFO - 生成答案: 

Step 1:First, read the problem and identify what we need to find. We need to find the age of Bill when he saw the comet for the first time.

Step 2:Next, set up equations and perform the calculation...
2025-08-06 07:50:27,261 - INFO - 提取答案: 112.5
2025-08-06 07:50:27,264 - INFO - 投票统计: {'voting_method': 'majority', 'best_answer': '112.5', 'vote_count': 2, 'total_paths': 10, 'valid_paths': 10, 'confidence': 0.2, 'answer_distribution': {'112.5': 2, '82.5': 1, '15': 2, '75': 1, '30': 1, '105': 1, '88': 1, '315': 1}, 'selected_path_idx': 0}
2025-08-06 07:50:27,267 - INFO - ==================================================
2025-08-06 07:50:27,270 - INFO - 
==================================================
2025-08-06 07:50:27,273 - INFO - 样本 406: Susan orders 3 magazines that send 12 issues a year.  She has 1 magazine that sends 6 issues a year....
2025-08-06 07:50:27,276 - INFO - 参考答案: She has 3 magazines that send 12 issues so that’s 3*12 = <<3*12=36>>36 issues
Her last magazine sends her 4 times the amount of the 6 issue magazine so that’s 4*6 = <<4*6=24>>24 issues
All total she receives 36+24+6 = <<36+24+6=66>>66 magazine issues a year
#### 66
2025-08-06 07:50:27,279 - INFO - 提取参考答案: 66
2025-08-06 07:50:27,282 - INFO - 生成答案: 

Step 1:First, read the problem and identify what we need to find. We need to find the total number of magazines Susan receives every year.

Step 2:Next, set up equations and perform the calculations...
2025-08-06 07:50:27,285 - INFO - 提取答案: 5
2025-08-06 07:50:27,288 - INFO - 投票统计: {'voting_method': 'majority', 'best_answer': '5', 'vote_count': 5, 'total_paths': 10, 'valid_paths': 10, 'confidence': 0.5, 'answer_distribution': {'5': 5, '3': 1, '42': 2, '66': 2}, 'selected_path_idx': 0}
2025-08-06 07:50:27,292 - INFO - ==================================================
2025-08-06 07:50:27,295 - INFO - 
==================================================
2025-08-06 07:50:27,298 - INFO - 样本 417: An interior design firm offers installation for $129.00.  It includes hanging 4 mirrors, 2 shelves, ...
2025-08-06 07:50:27,301 - INFO - 参考答案: The service includes 4 mirrors and she has 6 so that's 6-4 = <<6-4=2>>2 extra mirrors
An additional item is an extra $15.00 so that's 2*15 = $30.00
The service includes 1 chandelier and she has 2 so that's 2-1 = 1 extra chandelier
An additional item is an extra $15.00 so that's 1*15 = $<<1*15=15.00>>15.00
The service includes 10 pictures and she has 20 to that's 20-10 = <<20-10=10>>10 extra pictures
An additional item is an extra $15.00 so that's 10*15 = $<<10*15=150.00>>150.00
The service costs $129.00 and the extra mirrors are $30.00, the chandelier is $15.00 and the pictures are $150.00 for a total of 129+30+15+150 = $<<129+30+15+150=324.00>>324.00
#### 324
2025-08-06 07:50:27,304 - INFO - 提取参考答案: 324
2025-08-06 07:50:27,307 - INFO - 生成答案: 

Step 1:First, read the problem and identify what we need to find. We need to find the total cost of the installation for Angela.

Step 2:Next, set up equations and perform the calculations. The init...
2025-08-06 07:50:27,311 - INFO - 提取答案: 549
2025-08-06 07:50:27,314 - INFO - 投票统计: {'voting_method': 'majority', 'best_answer': '549', 'vote_count': 8, 'total_paths': 10, 'valid_paths': 10, 'confidence': 0.8, 'answer_distribution': {'549': 8, '399': 1, '219': 1}, 'selected_path_idx': 0}
2025-08-06 07:50:27,317 - INFO - ==================================================
2025-08-06 07:50:27,320 - INFO - 
==================================================
2025-08-06 07:50:27,323 - INFO - 样本 424: Theo has $6000 he wishes to spend on his upcoming business trip to South Africa. He buys 6 business ...
2025-08-06 07:50:27,326 - INFO - 参考答案: Theo buys business suits for 6 suits * $100/suit = $<<6*100=600>>600.
Theo buys suitcases for 3 suitcases * $50/suitcase = $<<3*50=150>>150.
Theo buys a flight ticket that costs $700 + 5 * $100 = $<<700+5*100=1200>>1200.
Theo can spend $6000 - $600 - $150 - $1200 - $2000 = $<<6000-600-150-1200-2000=2050>>2050 on gifts for his friends.
#### 2050
2025-08-06 07:50:27,329 - INFO - 提取参考答案: 2050
2025-08-06 07:50:27,332 - INFO - 生成答案: 

Step 1:First, read the problem and identify what we need to find. We need to find the amount of money that Theo has to spend on buying gifts for his business partners in South Africa.

Step 2:Next, ...
2025-08-06 07:50:27,336 - INFO - 提取答案: 50
2025-08-06 07:50:27,339 - INFO - 投票统计: {'voting_method': 'majority', 'best_answer': '50', 'vote_count': 3, 'total_paths': 10, 'valid_paths': 10, 'confidence': 0.3, 'answer_distribution': {'50': 3, '1000': 1, '1650': 1, '2550': 2, '1950': 2, '3050': 1}, 'selected_path_idx': 0}
2025-08-06 07:50:27,342 - INFO - ==================================================
2025-08-06 07:50:27,345 - INFO - 
==================================================
2025-08-06 07:50:27,348 - INFO - 样本 425: While at the dollar store, Sloane counts 100 customers entering the store. The next day, she counts ...
2025-08-06 07:50:27,351 - INFO - 参考答案: On the second day, she counted 100+50 = <<100+50=150>>150 customers.
The total for the first two days is 150+100 = <<150+100=250>>250 customers.
If the total count for three days was 500, she counted 500-250 = <<500-250=250>>250 customers on the third day.
#### 250
2025-08-06 07:50:27,354 - INFO - 提取参考答案: 250
2025-08-06 07:50:27,357 - INFO - 生成答案: 

Step 1:First, read the problem and identify what we need to find. We need to find the number of customers Sloane counted on the third day.

Step 2:Next, set up equations and perform the calculations...
2025-08-06 07:50:27,361 - INFO - 提取答案: 500
2025-08-06 07:50:27,364 - INFO - 投票统计: {'voting_method': 'majority', 'best_answer': '500', 'vote_count': 5, 'total_paths': 10, 'valid_paths': 10, 'confidence': 0.5, 'answer_distribution': {'216': 1, '500': 5, '275': 1, '150': 1, '250': 2}, 'selected_path_idx': 1}
2025-08-06 07:50:27,367 - INFO - ==================================================
2025-08-06 07:50:27,370 - INFO - 
==================================================
2025-08-06 07:50:27,373 - INFO - 样本 432: Emil is 19 years old now. When he turns 24, he will be half the age of his dad but twice as old as h...
2025-08-06 07:50:27,376 - INFO - 参考答案: His dad will be 24 x 2 = <<24*2=48>>48 years old when Emil is 24.
His brother will be 24 / 2 = <<24/2=12>>12 years old then.
Emil will turn 24 in 24 - 19 = <<24-19=5>>5 years.
The age of his father now is 48 - 5= <<48-5=43>>43.
His brother is 12 - 5 = <<12-5=7>>7 years old right now.
The sum of his dad's and his brother's ages now is 43 + 7 = <<43+7=50>>50.
#### 50
2025-08-06 07:50:27,379 - INFO - 提取参考答案: 50
2025-08-06 07:50:27,382 - INFO - 生成答案: 

Step 1:First, read the problem and identify what we need to find. We need to find the sum of the ages of Emil's dad and his brother now.

Step 2:Next, set up equations and perform the calculations. ...
2025-08-06 07:50:27,385 - INFO - 提取答案: 60
2025-08-06 07:50:27,388 - INFO - 投票统计: {'voting_method': 'majority', 'best_answer': '60', 'vote_count': 4, 'total_paths': 10, 'valid_paths': 10, 'confidence': 0.4, 'answer_distribution': {'67.5': 1, '29': 1, '55': 1, '135': 1, '60': 4, '79': 1, '63': 1}, 'selected_path_idx': 4}
2025-08-06 07:50:27,392 - INFO - ==================================================
2025-08-06 07:50:27,395 - INFO - 
==================================================
2025-08-06 07:50:27,398 - INFO - 样本 442: Brinley is in Mr. Bert's math class. Mr. Bert gives six tests each semester. He allows the students ...
2025-08-06 07:50:27,401 - INFO - 参考答案: First, identify the lowest score, which is 71, and remove it.
Since Brinley wants a score of 93, we know her total score needs to be 93 (average) * 5 (tests) = <<93*5=465>>465 points
So far, Brinley has earned 89 + 92 +100 + 86 = <<89+92+100+86=367>>367 points
The final test must be 465 - 367 = <<465-367=98>>98 points.
#### 98
2025-08-06 07:50:27,404 - INFO - 提取参考答案: 98
2025-08-06 07:50:27,407 - INFO - 生成答案: 

Step 1:First, read the problem and identify what we need to find. We need to find the score that Brinley needs on the sixth test to get an average of 93.

Step 2:Next, set up equations and perform t...
2025-08-06 07:50:27,410 - INFO - 提取答案: 120
2025-08-06 07:50:27,413 - INFO - 投票统计: {'voting_method': 'majority', 'best_answer': '120', 'vote_count': 6, 'total_paths': 10, 'valid_paths': 10, 'confidence': 0.6, 'answer_distribution': {'120': 6, '2': 1, '191': 1, '49': 1, '169': 1}, 'selected_path_idx': 0}
2025-08-06 07:50:27,417 - INFO - ==================================================
2025-08-06 07:50:27,420 - INFO - 
==================================================
2025-08-06 07:50:27,423 - INFO - 样本 446: Ruiz can make 120 pounds of chocolates in two hours. Marissa makes 3/4 times as many pounds of choco...
2025-08-06 07:50:27,426 - INFO - 参考答案: Merissa makes 3/4 * 120 pounds = <<3/4*120=90>>90 pounds of chocolate in an hour.
Ruiz makes 120 pounds of chocolate in two hours; this means she makes 120 pounds / 2 hours = <<120/2=60>>60 pounds of chocolate in an hour.
If they worked for 12 hours, Ruiz made 12 hours * 60 pounds/hour = <<12*60=720>>720 pounds of chocolate while
Marissa made 90 pounds/hour * 12 hours = <<90*12=1080>>1080 pounds of chocolate
The combined amount of pounds of chocolate they both ate is 1080 pounds + 720 pounds = <<1080+720=1800>>1800 pounds of chocolate
#### 1800
2025-08-06 07:50:27,429 - INFO - 提取参考答案: 1800
2025-08-06 07:50:27,432 - INFO - 生成答案: 

Step 1:First, read the problem and identify what we need to find. We need to find the total amount of chocolate pounds they made together.

Step 2:Next, set up equations and perform the calculations...
2025-08-06 07:50:27,435 - INFO - 提取答案: 1260
2025-08-06 07:50:27,438 - INFO - 投票统计: {'voting_method': 'majority', 'best_answer': '1260', 'vote_count': 10, 'total_paths': 10, 'valid_paths': 10, 'confidence': 1.0, 'answer_distribution': {'1260': 10}, 'selected_path_idx': 0}
2025-08-06 07:50:27,442 - INFO - ==================================================
2025-08-06 07:50:27,445 - INFO - 
==================================================
2025-08-06 07:50:27,448 - INFO - 样本 453: Johnny's dad brought him to watch some horse racing and his dad bet money. On the first race, he los...
2025-08-06 07:50:27,451 - INFO - 参考答案: On the second race he won $11 because 1+ 5 x 2 = <<1+5*2=11>>11
On the third race he lost $15 because 10 x 1.5 = <<10*1.5=15>>15
He lost a total of $20 on the first and third races because 15 + 5 = <<15+5=20>>20

He lost $9 that day because 11 - 20 = <<11-20=-9>>-9
He lost an average of $3 per race because 9 / 3 = <<9/3=3>>3
#### 3
2025-08-06 07:50:27,454 - INFO - 提取参考答案: 3
2025-08-06 07:50:27,457 - INFO - 生成答案: 

Step 1:First, read the problem and identify what we need to find. We need to find the average amount of money Johnny's dad lost that day.

Step 2:Next, set up equations and perform the calculations....
2025-08-06 07:50:27,460 - INFO - 提取答案: 7.17
2025-08-06 07:50:27,463 - INFO - 投票统计: {'voting_method': 'majority', 'best_answer': '7.17', 'vote_count': 5, 'total_paths': 10, 'valid_paths': 10, 'confidence': 0.5, 'answer_distribution': {'7.17': 5, '10.83': 2, '4.5': 1, '6.17': 1, '5.8333': 1}, 'selected_path_idx': 0}
2025-08-06 07:50:27,467 - INFO - ==================================================
2025-08-06 07:50:27,470 - INFO - 
==================================================
2025-08-06 07:50:27,472 - INFO - 样本 456: Chase and Rider can ride their bikes thrice a day for 5 days; but on two other days, they ride twice...
2025-08-06 07:50:27,475 - INFO - 参考答案: Each person rides his bike 3 x 5 = <<3*5=15>>15 times for 5 days.
Together, they ride 15+15 = <<15+15=30>>30 times for five days.
Each person rides his bike 3 x 2 = <<3*2=6>>6 times for every day of the other two days.
This means each person rides 6*2 = <<6*2=12>>12 times on each day of the other two days.
The total for the other two days is 12+12 = <<12+12=24>>24
For the whole week the together ride 24+30 = <<24+30=54>>54 times
#### 54
2025-08-06 07:50:27,479 - INFO - 提取参考答案: 54
2025-08-06 07:50:27,482 - INFO - 生成答案: 

Step 1:First, read the problem and identify what we need to find. We need to find the total number of times Chase and Rider ride their bikes in a week.

Step 2:Next, set up equations and perform the...
2025-08-06 07:50:27,485 - INFO - 提取答案: 27
2025-08-06 07:50:27,488 - INFO - 投票统计: {'voting_method': 'majority', 'best_answer': '27', 'vote_count': 4, 'total_paths': 10, 'valid_paths': 10, 'confidence': 0.4, 'answer_distribution': {'19': 2, '27': 4, '23': 1, '14': 1, '35': 1, '53': 1}, 'selected_path_idx': 1}
2025-08-06 07:50:27,492 - INFO - ==================================================
2025-08-06 07:50:27,495 - INFO - 
==================================================
2025-08-06 07:50:27,498 - INFO - 样本 460: John visits his parents twice a month.  It takes him 2 hours to drive there at a speed of 70 mph.  C...
2025-08-06 07:50:27,501 - INFO - 参考答案: His parents live 70*2=<<70*2=140>>140 miles away
So he drives 140*2=<<140*2=280>>280 miles a round trip
280*2 = <<280*2=560>>560 miles a month
#### 560
2025-08-06 07:50:27,504 - INFO - 提取参考答案: 560
2025-08-06 07:50:27,507 - INFO - 生成答案: 

Step 1:First, read the problem and identify what we need to find. We need to find the total distance John drives in a month.

Step 2:Next, set up equations and perform the calculations. Since John v...
2025-08-06 07:50:27,510 - INFO - 提取答案: 280
2025-08-06 07:50:27,513 - INFO - 投票统计: {'voting_method': 'majority', 'best_answer': '280', 'vote_count': 7, 'total_paths': 10, 'valid_paths': 10, 'confidence': 0.7, 'answer_distribution': {'280': 7, '560': 2, '8': 1}, 'selected_path_idx': 0}
2025-08-06 07:50:27,517 - INFO - ==================================================
2025-08-06 07:50:27,520 - INFO - 
==================================================
2025-08-06 07:50:27,523 - INFO - 样本 470: A team of 4 painters worked on a mansion for 3/8ths of a day every day for 3 weeks. How many hours o...
2025-08-06 07:50:27,526 - INFO - 参考答案: There are 24 hours in a day so 3/8ths of a day is (3/8)*24 = <<3/8*24=9>>9 hours
One week has 7 days so 3 weeks have 7*3 = <<7*3=21>>21 days
Each painter put in 9*21 = <<9*21=189>>189 hours of work
#### 189
2025-08-06 07:50:27,529 - INFO - 提取参考答案: 189
2025-08-06 07:50:27,532 - INFO - 生成答案: 

Step 1:First, read the problem and identify what we need to find. We need to find the number of hours of work each painter put in.

Step 2:Next, set up equations and perform the calculations. The to...
2025-08-06 07:50:27,536 - INFO - 提取答案: 47.25
2025-08-06 07:50:27,539 - INFO - 投票统计: {'voting_method': 'majority', 'best_answer': '47.25', 'vote_count': 3, 'total_paths': 10, 'valid_paths': 10, 'confidence': 0.3, 'answer_distribution': {'2.5625': 1, '47.25': 3, '1.96875': 2, '2.53125': 1, '122.25': 1, '4.6875': 1, '1.90625': 1}, 'selected_path_idx': 1}
2025-08-06 07:50:27,542 - INFO - ==================================================
2025-08-06 07:50:27,545 - INFO - 
==================================================
2025-08-06 07:50:27,548 - INFO - 样本 474: Carla is downloading a 200 GB file. Normally she can download 2 GB/minute, but 40% of the way throug...
2025-08-06 07:50:27,551 - INFO - 参考答案: First find how many gigabytes are in 40% of the file: 200 GB * 40% = <<200*40*.01=80>>80 GB
Then divide that number by the download rate to find the time until Windows restarts: 80 GB / 2 GB/minute = <<80/2=40>>40 minutes
Then find the time to download the whole file after the restart: 200 GB / 2 GB/minute = <<200/2=100>>100 minutes
Then add the time to download 40% of the file, to download the whole file, and to wait for Windows to update: 40 minutes + 100 minutes + 20 minutes = <<40+100+20=160>>160 minutes
#### 160
2025-08-06 07:50:27,555 - INFO - 提取参考答案: 160
2025-08-06 07:50:27,558 - INFO - 生成答案: 

Step 1:First, read the problem and identify what we need to find. We need to find the total time it takes to download the file.

Step 2:Next, set up equations and perform the calculations. Carla dow...
2025-08-06 07:50:27,561 - INFO - 提取答案: 120
2025-08-06 07:50:27,564 - INFO - 投票统计: {'voting_method': 'majority', 'best_answer': '120', 'vote_count': 3, 'total_paths': 10, 'valid_paths': 10, 'confidence': 0.3, 'answer_distribution': {'120': 3, '220': 2, '160': 1, '200': 2, '100': 2}, 'selected_path_idx': 0}
2025-08-06 07:50:27,567 - INFO - ==================================================
2025-08-06 07:50:27,570 - INFO - 
==================================================
2025-08-06 07:50:27,573 - INFO - 样本 478: It is approximately 1955 kilometers from San Diego, California to New York City, New York. If Bernic...
2025-08-06 07:50:27,576 - INFO - 参考答案: 325 * 4 = <<325*4=1300>>1300 km
1955 - 1300 = <<1955-1300=655>>655 km
Bernice will still have 655 kilometers to travel.
#### 655
2025-08-06 07:50:27,579 - INFO - 提取参考答案: 655
2025-08-06 07:50:27,582 - INFO - 生成答案: 

Step 1:First, read the problem and identify what we need to find. We need to find the number of kilometers Bernice still needs to drive.

Step 2:Next, set up equations and perform the calculations. ...
2025-08-06 07:50:27,585 - INFO - 提取答案: 1630
2025-08-06 07:50:27,588 - INFO - 投票统计: {'voting_method': 'majority', 'best_answer': '1630', 'vote_count': 9, 'total_paths': 10, 'valid_paths': 10, 'confidence': 0.9, 'answer_distribution': {'1630': 9, '1548.75': 1}, 'selected_path_idx': 0}
2025-08-06 07:50:27,591 - INFO - ==================================================
2025-08-06 07:50:27,594 - INFO - 
==================================================
2025-08-06 07:50:27,597 - INFO - 样本 485: The book is printed on paper that, when stacked, is 100 pages to the inch. Each paper is printed on ...
2025-08-06 07:50:27,600 - INFO - 参考答案: There are 1.5*100=<<1.5*100=150>>150 pieces of paper.
Then there are 150*2=<<150*2=300>>300 pages.
#### 300
2025-08-06 07:50:27,603 - INFO - 提取参考答案: 300
2025-08-06 07:50:27,606 - INFO - 生成答案: 

Step 1:First, read the problem and identify what we need to find. We need to find the number of pages in the book.

Step 2:Next, set up equations and perform the calculations. The thickness of the b...
2025-08-06 07:50:27,610 - INFO - 提取答案: 6
2025-08-06 07:50:27,613 - INFO - 投票统计: {'voting_method': 'majority', 'best_answer': '6', 'vote_count': 4, 'total_paths': 10, 'valid_paths': 10, 'confidence': 0.4, 'answer_distribution': {'3': 2, '30': 2, '300': 1, '6': 4, '15': 1}, 'selected_path_idx': 3}
2025-08-06 07:50:27,616 - INFO - ==================================================
2025-08-06 07:50:27,619 - INFO - 
==================================================
2025-08-06 07:50:27,622 - INFO - 样本 492: Paul is at a train station and is waiting for his train. He isn't sure how long he needs to wait, bu...
2025-08-06 07:50:27,625 - INFO - 参考答案: The first train stays in the station for 10 minutes * 2 = <<10*2=20>>20 minutes.
So Paul waits for the first train for 20 + 10 = <<20+10=30>>30 minutes.
The second train arrives after half an hour, which is the same as 60 minutes / 2 = <<60/2=30>>30 minutes.
It then stays in the station for a quarter of the time the first train did which is 20 minutes / 4 = <<20/4=5>>5 minutes.
So Paul waits for the second train for 30 + 5 = <<30+5=35>>35 minutes.
The third train arrives an hour later, which is the same as 60 minutes * 1 hour = <<60*1=60>>60 minutes.
After the final wait, Paul has waited a total of 30 minutes for the first train + 35 minutes for the second train + 60 minutes for the third train + 20 minutes final wait = <<30+35+60+20=145>>145 minutes.
#### 145
2025-08-06 07:50:27,629 - INFO - 提取参考答案: 145
2025-08-06 07:50:27,632 - INFO - 生成答案: 

Step 1:First, read the problem and identify what we need to find. We need to find the total time Paul will wait for his train.

Step 2:Next, set up equations and perform the calculations. The first ...
2025-08-06 07:50:27,635 - INFO - 提取答案: 115
2025-08-06 07:50:27,638 - INFO - 投票统计: {'voting_method': 'majority', 'best_answer': '115', 'vote_count': 1, 'total_paths': 10, 'valid_paths': 10, 'confidence': 0.1, 'answer_distribution': {'115': 1, '145': 1, '65': 1, '85': 1, '120': 1, '130': 1, '90.5': 1, '100': 1, '12.16': 1, '80': 1}, 'selected_path_idx': 0}
2025-08-06 07:50:27,641 - INFO - ==================================================
2025-08-06 07:50:27,644 - INFO - 
==================================================
2025-08-06 07:50:27,647 - INFO - 样本 494: Jen decides to travel to 3 different countries.  He has to pay $400 for the supplies he needs, in to...
2025-08-06 07:50:27,650 - INFO - 参考答案: He pays 400*.5=$<<400*.5=200>>200 more for tickets than supplies
That means the tickets cost 400+200=$<<400+200=600>>600
So it cost 600+400=$<<600+400=1000>>1000 in total.
#### 1000
2025-08-06 07:50:27,653 - INFO - 提取参考答案: 1000
2025-08-06 07:50:27,656 - INFO - 生成答案: 

Step 1:First, read the problem and identify what we need to find. We need to find the cost of the travel.

Step 2:Next, set up equations and perform the calculations. The cost of supplies is $400. T...
2025-08-06 07:50:27,660 - INFO - 提取答案: 600
2025-08-06 07:50:27,663 - INFO - 投票统计: {'voting_method': 'majority', 'best_answer': '600', 'vote_count': 9, 'total_paths': 10, 'valid_paths': 10, 'confidence': 0.9, 'answer_distribution': {'600': 9, '1000': 1}, 'selected_path_idx': 0}
2025-08-06 07:50:27,666 - INFO - ==================================================
2025-08-06 07:50:27,669 - INFO - 
==================================================
2025-08-06 07:50:27,672 - INFO - 样本 502: Cars have lined up on the motorway. Some of the cars drive through in the first 15 minutes of the tr...
2025-08-06 07:50:27,675 - INFO - 参考答案: The cars that exited do not need to be included so there were 30 original cars – 5 cars that exited = <<30-5=25>>25 cars that drove through the traffic jam.
Most of the cars exited in the final 15 minutes so in the first 15 minutes, there must have been 25 total cars – 20 cars that drove through in the final 15 minutes = 5 cars that drove through the traffic jam.
#### 5
2025-08-06 07:50:27,678 - INFO - 提取参考答案: 5
2025-08-06 07:50:27,681 - INFO - 生成答案: 

Step 1:First, read the problem and identify what we need to find. We need to find the number of cars that drove through the traffic jam in the first 15 minutes.

Step 2:Next, set up equations and pe...
2025-08-06 07:50:27,685 - INFO - 提取答案: 10
2025-08-06 07:50:27,688 - INFO - 投票统计: {'voting_method': 'majority', 'best_answer': '10', 'vote_count': 6, 'total_paths': 10, 'valid_paths': 10, 'confidence': 0.6, 'answer_distribution': {'2.5': 1, '10': 6, '15': 1, '25': 1, '5': 1}, 'selected_path_idx': 1}
2025-08-06 07:50:27,691 - INFO - ==================================================
2025-08-06 07:50:27,694 - INFO - 
==================================================
2025-08-06 07:50:27,697 - INFO - 样本 521: A simple folding newspaper or tabloid can be made by folding a piece of paper vertically and unfoldi...
2025-08-06 07:50:27,700 - INFO - 参考答案: Each piece prints 4 pages.
Then 32/4=<<32/4=8>>8 pieces of paper would be used.
#### 8
2025-08-06 07:50:27,703 - INFO - 提取参考答案: 8
2025-08-06 07:50:27,706 - INFO - 生成答案: 

Step 1:First, read the problem and identify what we need to find. We need to find the number of pieces of paper that would be used in a 32-page tabloid.

Step 2:Next, set up equations and perform th...
2025-08-06 07:50:27,709 - INFO - 提取答案: 64
2025-08-06 07:50:27,712 - INFO - 投票统计: {'voting_method': 'majority', 'best_answer': '64', 'vote_count': 3, 'total_paths': 10, 'valid_paths': 10, 'confidence': 0.3, 'answer_distribution': {'64': 3, '63': 1, '16': 3, '32': 3}, 'selected_path_idx': 0}
2025-08-06 07:50:27,715 - INFO - ==================================================
2025-08-06 07:50:27,718 - INFO - 
==================================================
2025-08-06 07:50:27,721 - INFO - 样本 526: Amalia, Megan, and Dior divided the home chores so that each person had something to do while the ot...
2025-08-06 07:50:27,725 - INFO - 参考答案: Megan took 2 hours longer than Amalia to do her work, a total of 4+2 = 6 hours.
Amalia and Megan's total time to finish their work is 6+4 = <<6+4=10>>10 hours.
If Amalia took 4 hours to mow the lawn, and Dior took 4 hours longer than her while doing laundry, Dior took 4+4 = <<4+4=8>>8 hours to do the laundry.
In total, they took 10+8 = <<10+8=18>>18 hours together doing their chores.
#### 18
2025-08-06 07:50:27,728 - INFO - 提取参考答案: 18
2025-08-06 07:50:27,731 - INFO - 生成答案: 

Step 1:First, read the problem and identify what we need to find. We need to find the total time they all took to do their chores altogether.

Step 2:Next, set up equations and perform the calculati...
2025-08-06 07:50:27,735 - INFO - 提取答案: 20
2025-08-06 07:50:27,738 - INFO - 投票统计: {'voting_method': 'majority', 'best_answer': '20', 'vote_count': 4, 'total_paths': 10, 'valid_paths': 10, 'confidence': 0.4, 'answer_distribution': {'18': 2, '19': 1, '20': 4, '22': 1, '14+x': 2}, 'selected_path_idx': 2}
2025-08-06 07:50:27,741 - INFO - ==================================================
2025-08-06 07:50:27,744 - INFO - 
==================================================
2025-08-06 07:50:27,747 - INFO - 样本 531: A company pays each of its employees $600 in a month. The company has a policy of increasing the sal...
2025-08-06 07:50:27,750 - INFO - 参考答案: In a month, Sylvie earns $600. which totals $600/month * 12 months/year = $7200 in a year.
Sylvie earnings will increase by 10/100 * $7200/year = $<<10/100*7200=720>>720/year after 5 years.
In three years, the total increase in her salary will be 3 years * $720/year = $<<3*720=2160>>2160
After three years, Sylvie will be paid $7200 + $2160 = $<<7200+2160=9360>>9360
#### 9360
2025-08-06 07:50:27,753 - INFO - 提取参考答案: 9360
2025-08-06 07:50:27,756 - INFO - 生成答案: 

Step 1:First, read the problem and identify what we need to find. We need to find Sylvie's annual salary after three more years of service.

Step 2:Next, set up equations and perform the calculation...
2025-08-06 07:50:27,759 - INFO - 提取答案: 966.306
2025-08-06 07:50:27,762 - INFO - 投票统计: {'voting_method': 'majority', 'best_answer': '966.306', 'vote_count': 4, 'total_paths': 10, 'valid_paths': 10, 'confidence': 0.4, 'answer_distribution': {'878.46': 1, '966.306': 4, '726': 1, '968': 1, '1286.14': 1, '1179': 1, '878': 1}, 'selected_path_idx': 1}
2025-08-06 07:50:27,766 - INFO - ==================================================
2025-08-06 07:50:27,769 - INFO - 
==================================================
2025-08-06 07:50:27,771 - INFO - 样本 544: There are 10 quarts of tea left from the party. Four students each drank 1.5 quarts of tea and 16 st...
2025-08-06 07:50:27,774 - INFO - 参考答案: 4 students drank 1.5 quarts = 4 * 1.5 = <<4*1.5=6>>6 quarts
16 students drank 2 quarts = 16 * 2 = <<16*2=32>>32 quarts
Students drank 6 + 32 quarts = <<6+32=38>>38 quarts
Students + tea left = 38 + 10 quarts = <<38+10=48>>48 quarts
48 quarts = 12 gallons
The party 