2025-08-06 01:08:35,516 - INFO - 配置文件验证通过
2025-08-06 01:08:35,517 - INFO - 随机种子已设置为: 42
2025-08-06 01:08:35,518 - INFO - 使用已提供的模型实例: Llama-3.2-3B-Instruct
2025-08-06 01:08:35,519 - INFO - 加载数据集: GSM8k_test
2025-08-06 01:08:35,520 - INFO - 随机种子已设置为: 42
2025-08-06 01:08:35,528 - INFO - 数据集加载完成，共 1319 条数据，已打乱顺序
2025-08-06 01:08:35,529 - INFO - 使用投票机制，每个问题生成 10 条路径
2025-08-06 01:08:35,530 - INFO - 批量生成模式：为 1319 个问题各生成 10 条路径
2025-08-06 01:08:35,532 - INFO - 开始CoT生成，共4个步骤:
2025-08-06 01:08:35,533 - INFO - 开始CoT步骤 1，min_p=0.6
2025-08-06 01:08:35,661 - INFO - 配置文件验证通过
2025-08-06 01:08:35,662 - INFO - 随机种子已设置为: 42
2025-08-06 01:08:35,663 - INFO - 使用已提供的模型实例: Llama-3.2-3B-Instruct
2025-08-06 01:08:35,663 - INFO - 加载数据集: GSM8k_test
2025-08-06 01:08:35,664 - INFO - 随机种子已设置为: 42
2025-08-06 01:08:35,669 - INFO - 数据集加载完成，共 1319 条数据，已打乱顺序
2025-08-06 01:08:35,669 - INFO - 使用投票机制，每个问题生成 10 条路径
2025-08-06 01:08:35,670 - INFO - 批量生成模式：为 1319 个问题各生成 10 条路径
2025-08-06 01:08:35,671 - INFO - 开始CoT生成，共4个步骤:
2025-08-06 01:08:35,672 - INFO - 开始CoT步骤 1，min_p=0.4
2025-08-06 01:08:37,841 - INFO - 开始CoT步骤 2，min_p=0.2
2025-08-06 01:08:38,467 - INFO - 开始CoT步骤 2，min_p=0.2
2025-08-06 01:08:50,023 - INFO - 开始CoT步骤 3，min_p=0.4
2025-08-06 01:08:50,413 - INFO - 开始CoT步骤 3，min_p=0.4
2025-08-06 01:09:00,596 - INFO - 开始CoT步骤 4，min_p=0.9
2025-08-06 01:09:01,179 - INFO - 开始CoT步骤 4，min_p=0.9
2025-08-06 01:09:05,427 - INFO - CoT生成完成，共 1319 条CoT
2025-08-06 01:09:05,448 - INFO - 开始CoT生成，共4个步骤:
2025-08-06 01:09:05,450 - INFO - 开始CoT步骤 1，min_p=0.6
2025-08-06 01:09:06,593 - INFO - CoT生成完成，共 1319 条CoT
2025-08-06 01:09:06,612 - INFO - 开始CoT生成，共4个步骤:
2025-08-06 01:09:06,614 - INFO - 开始CoT步骤 1，min_p=0.4
2025-08-06 01:09:08,074 - INFO - 开始CoT步骤 2，min_p=0.2
2025-08-06 01:09:08,968 - INFO - 开始CoT步骤 2，min_p=0.2
2025-08-06 01:09:19,969 - INFO - 开始CoT步骤 3，min_p=0.4
2025-08-06 01:09:21,283 - INFO - 开始CoT步骤 3，min_p=0.4
2025-08-06 01:09:30,918 - INFO - 开始CoT步骤 4，min_p=0.9
2025-08-06 01:09:32,504 - INFO - 开始CoT步骤 4，min_p=0.9
2025-08-06 01:09:36,322 - INFO - CoT生成完成，共 1319 条CoT
2025-08-06 01:09:36,345 - INFO - 开始CoT生成，共4个步骤:
2025-08-06 01:09:36,346 - INFO - 开始CoT步骤 1，min_p=0.6
2025-08-06 01:09:37,627 - INFO - CoT生成完成，共 1319 条CoT
2025-08-06 01:09:37,648 - INFO - 开始CoT生成，共4个步骤:
2025-08-06 01:09:37,649 - INFO - 开始CoT步骤 1，min_p=0.4
2025-08-06 01:09:38,663 - INFO - 开始CoT步骤 2，min_p=0.2
2025-08-06 01:09:40,555 - INFO - 开始CoT步骤 2，min_p=0.2
2025-08-06 01:09:51,204 - INFO - 开始CoT步骤 3，min_p=0.4
2025-08-06 01:09:53,081 - INFO - 开始CoT步骤 3，min_p=0.4
2025-08-06 01:10:02,220 - INFO - 开始CoT步骤 4，min_p=0.9
2025-08-06 01:10:04,122 - INFO - 开始CoT步骤 4，min_p=0.9
2025-08-06 01:10:07,079 - INFO - CoT生成完成，共 1319 条CoT
2025-08-06 01:10:07,100 - INFO - 开始CoT生成，共4个步骤:
2025-08-06 01:10:07,102 - INFO - 开始CoT步骤 1，min_p=0.6
2025-08-06 01:10:09,643 - INFO - CoT生成完成，共 1319 条CoT
2025-08-06 01:10:09,665 - INFO - 开始CoT生成，共4个步骤:
2025-08-06 01:10:09,666 - INFO - 开始CoT步骤 1，min_p=0.4
2025-08-06 01:10:09,798 - INFO - 开始CoT步骤 2，min_p=0.2
2025-08-06 01:10:12,112 - INFO - 开始CoT步骤 2，min_p=0.2
2025-08-06 01:10:21,643 - INFO - 开始CoT步骤 3，min_p=0.4
2025-08-06 01:10:24,711 - INFO - 开始CoT步骤 3，min_p=0.4
2025-08-06 01:10:32,408 - INFO - 开始CoT步骤 4，min_p=0.9
2025-08-06 01:10:36,055 - INFO - 开始CoT步骤 4，min_p=0.9
2025-08-06 01:10:37,766 - INFO - CoT生成完成，共 1319 条CoT
2025-08-06 01:10:37,785 - INFO - 开始CoT生成，共4个步骤:
2025-08-06 01:10:37,787 - INFO - 开始CoT步骤 1，min_p=0.6
2025-08-06 01:10:40,141 - INFO - 开始CoT步骤 2，min_p=0.2
2025-08-06 01:10:41,219 - INFO - CoT生成完成，共 1319 条CoT
2025-08-06 01:10:41,240 - INFO - 开始CoT生成，共4个步骤:
2025-08-06 01:10:41,241 - INFO - 开始CoT步骤 1，min_p=0.4
2025-08-06 01:10:44,280 - INFO - 开始CoT步骤 2，min_p=0.2
2025-08-06 01:10:52,653 - INFO - 开始CoT步骤 3，min_p=0.4
2025-08-06 01:10:56,946 - INFO - 开始CoT步骤 3，min_p=0.4
2025-08-06 01:11:03,660 - INFO - 开始CoT步骤 4，min_p=0.9
2025-08-06 01:11:07,208 - INFO - 开始CoT步骤 4，min_p=0.9
2025-08-06 01:11:08,736 - INFO - CoT生成完成，共 1319 条CoT
2025-08-06 01:11:08,757 - INFO - 开始CoT生成，共4个步骤:
2025-08-06 01:11:08,758 - INFO - 开始CoT步骤 1，min_p=0.6
2025-08-06 01:11:11,430 - INFO - 开始CoT步骤 2，min_p=0.2
2025-08-06 01:11:12,523 - INFO - CoT生成完成，共 1319 条CoT
2025-08-06 01:11:12,543 - INFO - 开始CoT生成，共4个步骤:
2025-08-06 01:11:12,544 - INFO - 开始CoT步骤 1，min_p=0.4
2025-08-06 01:11:15,038 - INFO - 开始CoT步骤 2，min_p=0.2
2025-08-06 01:11:23,706 - INFO - 开始CoT步骤 3，min_p=0.4
2025-08-06 01:11:27,882 - INFO - 开始CoT步骤 3，min_p=0.4
2025-08-06 01:11:34,168 - INFO - 开始CoT步骤 4，min_p=0.9
2025-08-06 01:11:39,169 - INFO - 开始CoT步骤 4，min_p=0.9
2025-08-06 01:11:39,483 - INFO - CoT生成完成，共 1319 条CoT
2025-08-06 01:11:39,503 - INFO - 开始CoT生成，共4个步骤:
2025-08-06 01:11:39,504 - INFO - 开始CoT步骤 1，min_p=0.6
2025-08-06 01:11:41,812 - INFO - 开始CoT步骤 2，min_p=0.2
2025-08-06 01:11:44,220 - INFO - CoT生成完成，共 1319 条CoT
2025-08-06 01:11:44,240 - INFO - 开始CoT生成，共4个步骤:
2025-08-06 01:11:44,242 - INFO - 开始CoT步骤 1，min_p=0.4
2025-08-06 01:11:47,308 - INFO - 开始CoT步骤 2，min_p=0.2
2025-08-06 01:11:54,062 - INFO - 开始CoT步骤 3，min_p=0.4
2025-08-06 01:12:00,304 - INFO - 开始CoT步骤 3，min_p=0.4
2025-08-06 01:12:04,869 - INFO - 开始CoT步骤 4，min_p=0.9
2025-08-06 01:12:09,751 - INFO - CoT生成完成，共 1319 条CoT
2025-08-06 01:12:09,772 - INFO - 开始CoT生成，共4个步骤:
2025-08-06 01:12:09,773 - INFO - 开始CoT步骤 1，min_p=0.6
2025-08-06 01:12:11,330 - INFO - 开始CoT步骤 4，min_p=0.9
2025-08-06 01:12:12,460 - INFO - 开始CoT步骤 2，min_p=0.2
2025-08-06 01:12:16,776 - INFO - CoT生成完成，共 1319 条CoT
2025-08-06 01:12:16,797 - INFO - 开始CoT生成，共4个步骤:
2025-08-06 01:12:16,798 - INFO - 开始CoT步骤 1，min_p=0.4
2025-08-06 01:12:19,246 - INFO - 开始CoT步骤 2，min_p=0.2
2025-08-06 01:12:24,840 - INFO - 开始CoT步骤 3，min_p=0.4
2025-08-06 01:12:32,321 - INFO - 开始CoT步骤 3，min_p=0.4
2025-08-06 01:12:35,406 - INFO - 开始CoT步骤 4，min_p=0.9
2025-08-06 01:12:40,697 - INFO - CoT生成完成，共 1319 条CoT
2025-08-06 01:12:40,719 - INFO - 开始CoT生成，共4个步骤:
2025-08-06 01:12:40,721 - INFO - 开始CoT步骤 1，min_p=0.6
2025-08-06 01:12:43,075 - INFO - 开始CoT步骤 2，min_p=0.2
2025-08-06 01:12:43,836 - INFO - 开始CoT步骤 4，min_p=0.9
2025-08-06 01:12:47,858 - INFO - CoT生成完成，共 1319 条CoT
2025-08-06 01:12:47,883 - INFO - 开始CoT生成，共4个步骤:
2025-08-06 01:12:47,884 - INFO - 开始CoT步骤 1，min_p=0.4
2025-08-06 01:12:50,725 - INFO - 开始CoT步骤 2，min_p=0.2
2025-08-06 01:12:55,158 - INFO - 开始CoT步骤 3，min_p=0.4
2025-08-06 01:13:03,470 - INFO - 开始CoT步骤 3，min_p=0.4
2025-08-06 01:13:05,779 - INFO - 开始CoT步骤 4，min_p=0.9
2025-08-06 01:13:10,792 - INFO - CoT生成完成，共 1319 条CoT
2025-08-06 01:13:10,814 - INFO - 开始CoT生成，共4个步骤:
2025-08-06 01:13:10,816 - INFO - 开始CoT步骤 1，min_p=0.6
2025-08-06 01:13:13,582 - INFO - 开始CoT步骤 2，min_p=0.2
2025-08-06 01:13:13,666 - INFO - 开始CoT步骤 4，min_p=0.9
2025-08-06 01:13:18,869 - INFO - CoT生成完成，共 1319 条CoT
2025-08-06 01:13:18,889 - INFO - 开始CoT生成，共4个步骤:
2025-08-06 01:13:18,890 - INFO - 开始CoT步骤 1，min_p=0.4
2025-08-06 01:13:21,202 - INFO - 开始CoT步骤 2，min_p=0.2
2025-08-06 01:13:25,869 - INFO - 开始CoT步骤 3，min_p=0.4
2025-08-06 01:13:33,577 - INFO - 开始CoT步骤 3，min_p=0.4
2025-08-06 01:13:36,230 - INFO - 开始CoT步骤 4，min_p=0.9
2025-08-06 01:13:41,417 - INFO - CoT生成完成，共 1319 条CoT
2025-08-06 01:13:41,437 - INFO - 批量生成完成：共生成 1319 组路径，每组 10 条
2025-08-06 01:13:41,438 - INFO - 投票结果: 选择路径 3, 答案: 52, 置信度: 0.6
2025-08-06 01:13:41,438 - INFO - 投票结果: 选择路径 0, 答案: 5, 置信度: 0.9
2025-08-06 01:13:41,439 - INFO - 投票结果: 选择路径 1, 答案: 83, 置信度: 0.8
2025-08-06 01:13:41,439 - INFO - 投票结果: 选择路径 0, 答案: 10, 置信度: 0.9
2025-08-06 01:13:41,440 - INFO - 投票结果: 选择路径 0, 答案: 70, 置信度: 0.8
2025-08-06 01:13:41,441 - INFO - 投票结果: 选择路径 0, 答案: 36, 置信度: 1.0
2025-08-06 01:13:41,441 - INFO - 投票结果: 选择路径 0, 答案: 48, 置信度: 1.0
2025-08-06 01:13:41,442 - INFO - 投票结果: 选择路径 0, 答案: 16, 置信度: 0.9
2025-08-06 01:13:41,442 - INFO - 投票结果: 选择路径 4, 答案: 0, 置信度: 0.2
2025-08-06 01:13:41,443 - INFO - 投票结果: 选择路径 0, 答案: 48, 置信度: 1.0
2025-08-06 01:13:41,443 - INFO - 投票结果: 选择路径 0, 答案: 90, 置信度: 0.8
2025-08-06 01:13:41,444 - INFO - 投票结果: 选择路径 1, 答案: 10, 置信度: 0.8
2025-08-06 01:13:41,444 - INFO - 投票结果: 选择路径 1, 答案: 11, 置信度: 0.2
2025-08-06 01:13:41,445 - INFO - 投票结果: 选择路径 0, 答案: 42000, 置信度: 0.3
2025-08-06 01:13:41,445 - INFO - 投票结果: 选择路径 0, 答案: 18, 置信度: 0.8
2025-08-06 01:13:41,446 - INFO - 投票结果: 选择路径 0, 答案: 140, 置信度: 1.0
2025-08-06 01:13:41,446 - INFO - 投票结果: 选择路径 3, 答案: 17, 置信度: 0.5
2025-08-06 01:13:41,447 - INFO - 投票结果: 选择路径 0, 答案: 68, 置信度: 0.9
2025-08-06 01:13:41,447 - INFO - 投票结果: 选择路径 0, 答案: 8, 置信度: 1.0
2025-08-06 01:13:41,448 - INFO - 投票结果: 选择路径 0, 答案: 14, 置信度: 1.0
2025-08-06 01:13:41,448 - INFO - 投票结果: 选择路径 0, 答案: 50, 置信度: 0.4
2025-08-06 01:13:41,449 - INFO - 投票结果: 选择路径 0, 答案: 100, 置信度: 1.0
2025-08-06 01:13:41,449 - INFO - 投票结果: 选择路径 2, 答案: 96, 置信度: 0.4
2025-08-06 01:13:41,450 - INFO - 投票结果: 选择路径 0, 答案: 48, 置信度: 0.5
2025-08-06 01:13:41,450 - INFO - 投票结果: 选择路径 1, 答案: 15400, 置信度: 0.6
2025-08-06 01:13:41,451 - INFO - 投票结果: 选择路径 0, 答案: 250, 置信度: 1.0
2025-08-06 01:13:41,451 - INFO - 投票结果: 选择路径 2, 答案: 22, 置信度: 0.2
2025-08-06 01:13:41,452 - INFO - 投票结果: 选择路径 0, 答案: 1490, 置信度: 0.9
2025-08-06 01:13:41,452 - INFO - 投票结果: 选择路径 0, 答案: 11, 置信度: 0.7
2025-08-06 01:13:41,453 - INFO - 投票结果: 选择路径 0, 答案: 106, 置信度: 0.7
2025-08-06 01:13:41,453 - INFO - 投票结果: 选择路径 2, 答案: 138, 置信度: 0.4
2025-08-06 01:13:41,454 - INFO - 投票结果: 选择路径 0, 答案: 15, 置信度: 1.0
2025-08-06 01:13:41,454 - INFO - 投票结果: 选择路径 0, 答案: 4, 置信度: 0.9
2025-08-06 01:13:41,455 - INFO - 投票结果: 选择路径 1, 答案: 82, 置信度: 0.8
2025-08-06 01:13:41,455 - INFO - 投票结果: 选择路径 1, 答案: 2, 置信度: 0.6
2025-08-06 01:13:41,456 - INFO - 投票结果: 选择路径 3, 答案: 43, 置信度: 0.5
2025-08-06 01:13:41,456 - INFO - 投票结果: 选择路径 1, 答案: 4, 置信度: 0.7
2025-08-06 01:13:41,457 - INFO - 投票结果: 选择路径 0, 答案: 100, 置信度: 0.9
2025-08-06 01:13:41,457 - INFO - 投票结果: 选择路径 0, 答案: 2500, 置信度: 0.3
2025-08-06 01:13:41,458 - INFO - 投票结果: 选择路径 1, 答案: 188, 置信度: 0.9
2025-08-06 01:13:41,458 - INFO - 投票结果: 选择路径 0, 答案: 30, 置信度: 1.0
2025-08-06 01:13:41,459 - INFO - 投票结果: 选择路径 0, 答案: 30, 置信度: 0.9
2025-08-06 01:13:41,459 - INFO - 投票结果: 选择路径 0, 答案: 240, 置信度: 1.0
2025-08-06 01:13:41,460 - INFO - 投票结果: 选择路径 0, 答案: 7, 置信度: 1.0
2025-08-06 01:13:41,460 - INFO - 投票结果: 选择路径 2, 答案: 350, 置信度: 0.4
2025-08-06 01:13:41,461 - INFO - 投票结果: 选择路径 1, 答案: 4, 置信度: 0.5
2025-08-06 01:13:41,461 - INFO - 投票结果: 选择路径 1, 答案: 36, 置信度: 0.7
2025-08-06 01:13:41,462 - INFO - 投票结果: 选择路径 0, 答案: 3, 置信度: 0.5
2025-08-06 01:13:41,462 - INFO - 投票结果: 选择路径 0, 答案: 2, 置信度: 0.6
2025-08-06 01:13:41,463 - INFO - 投票结果: 选择路径 0, 答案: 33, 置信度: 1.0
2025-08-06 01:13:41,463 - INFO - 投票结果: 选择路径 1, 答案: 21, 置信度: 0.8
2025-08-06 01:13:41,464 - INFO - 投票结果: 选择路径 1, 答案: 175, 置信度: 0.3
2025-08-06 01:13:41,464 - INFO - 投票结果: 选择路径 0, 答案: 60, 置信度: 0.9
2025-08-06 01:13:41,465 - INFO - 投票结果: 选择路径 1, 答案: 49, 置信度: 0.7
2025-08-06 01:13:41,465 - INFO - 投票结果: 选择路径 2, 答案: 2100, 置信度: 0.3
2025-08-06 01:13:41,466 - INFO - 投票结果: 选择路径 1, 答案: 27, 置信度: 0.3
2025-08-06 01:13:41,466 - INFO - 投票结果: 选择路径 1, 答案: 16, 置信度: 0.6
2025-08-06 01:13:41,467 - INFO - 投票结果: 选择路径 1, 答案: 49, 置信度: 0.6
2025-08-06 01:13:41,467 - INFO - 投票结果: 选择路径 1, 答案: 6, 置信度: 0.4
2025-08-06 01:13:41,468 - INFO - 投票结果: 选择路径 2, 答案: 32, 置信度: 0.6
2025-08-06 01:13:41,468 - INFO - 投票结果: 选择路径 0, 答案: 76, 置信度: 0.2
2025-08-06 01:13:41,469 - INFO - 投票结果: 选择路径 0, 答案: 225, 置信度: 1.0
2025-08-06 01:13:41,469 - INFO - 投票结果: 选择路径 0, 答案: 50, 置信度: 1.0
2025-08-06 01:13:41,470 - INFO - 投票结果: 选择路径 1, 答案: 15, 置信度: 0.4
2025-08-06 01:13:41,470 - INFO - 投票结果: 选择路径 0, 答案: 7, 置信度: 1.0
2025-08-06 01:13:41,471 - INFO - 投票结果: 选择路径 0, 答案: 800, 置信度: 0.7
2025-08-06 01:13:41,471 - INFO - 投票结果: 选择路径 0, 答案: 22, 置信度: 1.0
2025-08-06 01:13:41,472 - INFO - 投票结果: 选择路径 0, 答案: 235, 置信度: 0.9
2025-08-06 01:13:41,472 - INFO - 投票结果: 选择路径 3, 答案: 3, 置信度: 0.6
2025-08-06 01:13:41,473 - INFO - 投票结果: 选择路径 0, 答案: -14, 置信度: 0.3
2025-08-06 01:13:41,474 - INFO - 投票结果: 选择路径 0, 答案: 3000, 置信度: 0.6
2025-08-06 01:13:41,474 - INFO - 投票结果: 选择路径 1, 答案: 300, 置信度: 0.8
2025-08-06 01:13:41,475 - INFO - 投票结果: 选择路径 2, 答案: 20, 置信度: 0.8
2025-08-06 01:13:41,475 - INFO - 投票结果: 选择路径 0, 答案: 130, 置信度: 1.0
2025-08-06 01:13:41,476 - INFO - 投票结果: 选择路径 1, 答案: 1, 置信度: 0.6
2025-08-06 01:13:41,476 - INFO - 投票结果: 选择路径 3, 答案: 8, 置信度: 0.4
2025-08-06 01:13:41,477 - INFO - 投票结果: 选择路径 0, 答案: 50, 置信度: 0.8
2025-08-06 01:13:41,477 - INFO - 投票结果: 选择路径 4, 答案: 3, 置信度: 0.4
2025-08-06 01:13:41,478 - INFO - 投票结果: 选择路径 1, 答案: 5, 置信度: 0.6
2025-08-06 01:13:41,478 - INFO - 投票结果: 选择路径 0, 答案: 110, 置信度: 1.0
2025-08-06 01:13:41,479 - INFO - 投票结果: 选择路径 0, 答案: 900, 置信度: 0.2
2025-08-06 01:13:41,479 - INFO - 投票结果: 选择路径 0, 答案: 16, 置信度: 1.0
2025-08-06 01:13:41,480 - INFO - 投票结果: 选择路径 0, 答案: 80, 置信度: 1.0
2025-08-06 01:13:41,480 - INFO - 投票结果: 选择路径 2, 答案: 45, 置信度: 0.7
2025-08-06 01:13:41,481 - INFO - 投票结果: 选择路径 0, 答案: 36, 置信度: 1.0
2025-08-06 01:13:41,482 - INFO - 投票结果: 选择路径 1, 答案: 5, 置信度: 0.6
2025-08-06 01:13:41,482 - INFO - 投票结果: 选择路径 0, 答案: 6, 置信度: 0.5
2025-08-06 01:13:41,483 - INFO - 投票结果: 选择路径 0, 答案: 36, 置信度: 0.9
2025-08-06 01:13:41,483 - INFO - 投票结果: 选择路径 0, 答案: 60, 置信度: 0.8
2025-08-06 01:13:41,484 - INFO - 投票结果: 选择路径 1, 答案: 9, 置信度: 0.9
2025-08-06 01:13:41,484 - INFO - 投票结果: 选择路径 0, 答案: 2, 置信度: 0.5
2025-08-06 01:13:41,486 - INFO - 投票结果: 选择路径 0, 答案: 30, 置信度: 0.8
2025-08-06 01:13:41,487 - INFO - 投票结果: 选择路径 0, 答案: 70000, 置信度: 0.3
2025-08-06 01:13:41,487 - INFO - 投票结果: 选择路径 0, 答案: 34, 置信度: 1.0
2025-08-06 01:13:41,488 - INFO - 投票结果: 选择路径 0, 答案: 14, 置信度: 0.2
2025-08-06 01:13:41,489 - INFO - 投票结果: 选择路径 0, 答案: 306, 置信度: 1.0
2025-08-06 01:13:41,489 - INFO - 投票结果: 选择路径 0, 答案: 55, 置信度: 0.8
2025-08-06 01:13:41,490 - INFO - 投票结果: 选择路径 0, 答案: 12, 置信度: 0.7
2025-08-06 01:13:41,490 - INFO - 投票结果: 选择路径 0, 答案: 75, 置信度: 1.0
2025-08-06 01:13:41,491 - INFO - 投票结果: 选择路径 0, 答案: 25, 置信度: 0.3
2025-08-06 01:13:41,491 - INFO - 投票结果: 选择路径 0, 答案: 50, 置信度: 0.5
2025-08-06 01:13:41,492 - INFO - 投票结果: 选择路径 0, 答案: 110, 置信度: 0.9
2025-08-06 01:13:41,492 - INFO - 投票结果: 选择路径 2, 答案: 300, 置信度: 0.2
2025-08-06 01:13:41,493 - INFO - 投票结果: 选择路径 0, 答案: 30, 置信度: 0.9
2025-08-06 01:13:41,494 - INFO - 投票结果: 选择路径 0, 答案: 80, 置信度: 0.9
2025-08-06 01:13:41,494 - INFO - 投票结果: 选择路径 0, 答案: 1.50, 置信度: 0.4
2025-08-06 01:13:41,495 - INFO - 投票结果: 选择路径 0, 答案: 120, 置信度: 1.0
2025-08-06 01:13:41,495 - INFO - 投票结果: 选择路径 1, 答案: 108, 置信度: 0.2
2025-08-06 01:13:41,496 - INFO - 投票结果: 选择路径 0, 答案: 70, 置信度: 1.0
2025-08-06 01:13:41,496 - INFO - 投票结果: 选择路径 0, 答案: 13, 置信度: 0.4
2025-08-06 01:13:41,497 - INFO - 投票结果: 选择路径 0, 答案: 150, 置信度: 1.0
2025-08-06 01:13:41,498 - INFO - 投票结果: 选择路径 4, 答案: 10, 置信度: 0.4
2025-08-06 01:13:41,498 - INFO - 投票结果: 选择路径 0, 答案: 1, 置信度: 0.4
2025-08-06 01:13:41,499 - INFO - 投票结果: 选择路径 1, 答案: 250, 置信度: 0.8
2025-08-06 01:13:41,499 - INFO - 投票结果: 选择路径 0, 答案: 3, 置信度: 0.9
2025-08-06 01:13:41,500 - INFO - 投票结果: 选择路径 0, 答案: 15, 置信度: 1.0
2025-08-06 01:13:41,500 - INFO - 投票结果: 选择路径 0, 答案: 12, 置信度: 0.7
2025-08-06 01:13:41,501 - INFO - 投票结果: 选择路径 0, 答案: 60, 置信度: 1.0
2025-08-06 01:13:41,501 - INFO - 投票结果: 选择路径 0, 答案: 3, 置信度: 0.8
2025-08-06 01:13:41,502 - INFO - 投票结果: 选择路径 2, 答案: 10.50, 置信度: 0.4
2025-08-06 01:13:41,503 - INFO - 投票结果: 选择路径 1, 答案: 140000, 置信度: 0.6
2025-08-06 01:13:41,503 - INFO - 投票结果: 选择路径 1, 答案: 6, 置信度: 0.5
2025-08-06 01:13:41,504 - INFO - 投票结果: 选择路径 0, 答案: 2400, 置信度: 1.0
2025-08-06 01:13:41,504 - INFO - 投票结果: 选择路径 0, 答案: 4, 置信度: 1.0
2025-08-06 01:13:41,505 - INFO - 投票结果: 选择路径 1, 答案: 79, 置信度: 0.3
2025-08-06 01:13:41,506 - INFO - 投票结果: 选择路径 0, 答案: 300, 置信度: 0.9
2025-08-06 01:13:41,506 - INFO - 投票结果: 选择路径 0, 答案: 91, 置信度: 0.5
2025-08-06 01:13:41,507 - INFO - 投票结果: 选择路径 0, 答案: 8, 置信度: 0.8
2025-08-06 01:13:41,508 - INFO - 投票结果: 选择路径 0, 答案: 120, 置信度: 0.8
2025-08-06 01:13:41,508 - INFO - 投票结果: 选择路径 0, 答案: 350, 置信度: 1.0
2025-08-06 01:13:41,509 - INFO - 投票结果: 选择路径 0, 答案: 2600, 置信度: 1.0
2025-08-06 01:13:41,509 - INFO - 投票结果: 选择路径 0, 答案: 10, 置信度: 0.9
2025-08-06 01:13:41,510 - INFO - 投票结果: 选择路径 0, 答案: 22, 置信度: 0.6
2025-08-06 01:13:41,511 - INFO - 投票结果: 选择路径 4, 答案: 7, 置信度: 0.3
2025-08-06 01:13:41,511 - INFO - 投票结果: 选择路径 0, 答案: 31, 置信度: 0.7
2025-08-06 01:13:41,512 - INFO - 投票结果: 选择路径 2, 答案: 975, 置信度: 0.7
2025-08-06 01:13:41,512 - INFO - 投票结果: 选择路径 0, 答案: 20, 置信度: 0.4
2025-08-06 01:13:41,513 - INFO - 投票结果: 选择路径 0, 答案: 120, 置信度: 0.8
2025-08-06 01:13:41,514 - INFO - 投票结果: 选择路径 0, 答案: 220, 置信度: 1.0
2025-08-06 01:13:41,514 - INFO - 投票结果: 选择路径 0, 答案: 87, 置信度: 0.8
2025-08-06 01:13:41,515 - INFO - 投票结果: 选择路径 0, 答案: 300, 置信度: 1.0
2025-08-06 01:13:41,515 - INFO - 投票结果: 选择路径 1, 答案: 30, 置信度: 0.4
2025-08-06 01:13:41,516 - INFO - 投票结果: 选择路径 0, 答案: 11, 置信度: 0.5
2025-08-06 01:13:41,516 - INFO - 投票结果: 选择路径 0, 答案: 16, 置信度: 1.0
2025-08-06 01:13:41,517 - INFO - 投票结果: 选择路径 0, 答案: 7, 置信度: 1.0
2025-08-06 01:13:41,517 - INFO - 投票结果: 选择路径 0, 答案: 81, 置信度: 0.7
2025-08-06 01:13:41,518 - INFO - 投票结果: 选择路径 0, 答案: 5, 置信度: 0.8
2025-08-06 01:13:41,518 - INFO - 投票结果: 选择路径 0, 答案: 9, 置信度: 1.0
2025-08-06 01:13:41,519 - INFO - 投票结果: 选择路径 0, 答案: 10, 置信度: 1.0
2025-08-06 01:13:41,520 - INFO - 投票结果: 选择路径 1, 答案: 14, 置信度: 0.5
2025-08-06 01:13:41,520 - INFO - 投票结果: 选择路径 0, 答案: 5, 置信度: 0.6
2025-08-06 01:13:41,521 - INFO - 投票结果: 选择路径 1, 答案: 50, 置信度: 0.9
2025-08-06 01:13:41,521 - INFO - 投票结果: 选择路径 1, 答案: 48, 置信度: 0.7
2025-08-06 01:13:41,522 - INFO - 投票结果: 选择路径 0, 答案: 25, 置信度: 1.0
2025-08-06 01:13:41,522 - INFO - 投票结果: 选择路径 0, 答案: 92, 置信度: 0.5
2025-08-06 01:13:41,523 - INFO - 投票结果: 选择路径 1, 答案: 33.33, 置信度: 0.5
2025-08-06 01:13:41,523 - INFO - 投票结果: 选择路径 3, 答案: 180, 置信度: 0.5
2025-08-06 01:13:41,524 - INFO - 投票结果: 选择路径 0, 答案: 21, 置信度: 1.0
2025-08-06 01:13:41,525 - INFO - 投票结果: 选择路径 0, 答案: 1200, 置信度: 1.0
2025-08-06 01:13:41,525 - INFO - 投票结果: 选择路径 1, 答案: 255, 置信度: 0.3
2025-08-06 01:13:41,526 - INFO - 投票结果: 选择路径 0, 答案: 4, 置信度: 0.9
2025-08-06 01:13:41,526 - INFO - 投票结果: 选择路径 0, 答案: 10, 置信度: 1.0
2025-08-06 01:13:41,527 - INFO - 投票结果: 选择路径 3, 答案: 700, 置信度: 0.5
2025-08-06 01:13:41,527 - INFO - 投票结果: 选择路径 0, 答案: 38, 置信度: 1.0
2025-08-06 01:13:41,528 - INFO - 投票结果: 选择路径 0, 答案: 32, 置信度: 0.9
2025-08-06 01:13:41,528 - INFO - 投票结果: 选择路径 0, 答案: 30, 置信度: 0.7
2025-08-06 01:13:41,529 - INFO - 投票结果: 选择路径 0, 答案: 16, 置信度: 1.0
2025-08-06 01:13:41,529 - INFO - 投票结果: 选择路径 0, 答案: 40, 置信度: 1.0
2025-08-06 01:13:41,530 - INFO - 投票结果: 选择路径 0, 答案: 288, 置信度: 1.0
2025-08-06 01:13:41,531 - INFO - 投票结果: 选择路径 2, 答案: 1100, 置信度: 0.5
2025-08-06 01:13:41,531 - INFO - 投票结果: 选择路径 0, 答案: 20, 置信度: 0.9
2025-08-06 01:13:41,532 - INFO - 投票结果: 选择路径 0, 答案: 2, 置信度: 0.7
2025-08-06 01:13:41,532 - INFO - 投票结果: 选择路径 2, 答案: 1040000, 置信度: 0.6
2025-08-06 01:13:41,533 - INFO - 投票结果: 选择路径 0, 答案: 9, 置信度: 0.8
2025-08-06 01:13:41,533 - INFO - 投票结果: 选择路径 0, 答案: 132, 置信度: 1.0
2025-08-06 01:13:41,534 - INFO - 投票结果: 选择路径 0, 答案: 93, 置信度: 0.9
2025-08-06 01:13:41,534 - INFO - 投票结果: 选择路径 0, 答案: 4, 置信度: 1.0
2025-08-06 01:13:41,535 - INFO - 投票结果: 选择路径 3, 答案: 85, 置信度: 0.5
2025-08-06 01:13:41,536 - INFO - 投票结果: 选择路径 0, 答案: 33, 置信度: 0.9
2025-08-06 01:13:41,536 - INFO - 投票结果: 选择路径 2, 答案: 12, 置信度: 0.8
2025-08-06 01:13:41,537 - INFO - 投票结果: 选择路径 0, 答案: 7200, 置信度: 1.0
2025-08-06 01:13:41,537 - INFO - 投票结果: 选择路径 0, 答案: 60, 置信度: 0.9
2025-08-06 01:13:41,538 - INFO - 投票结果: 选择路径 0, 答案: 44, 置信度: 0.9
2025-08-06 01:13:41,538 - INFO - 投票结果: 选择路径 0, 答案: 113, 置信度: 0.8
2025-08-06 01:13:41,539 - INFO - 投票结果: 选择路径 0, 答案: 43500, 置信度: 0.6
2025-08-06 01:13:41,539 - INFO - 投票结果: 选择路径 0, 答案: 720, 置信度: 1.0
2025-08-06 01:13:41,540 - INFO - 投票结果: 选择路径 0, 答案: 50, 置信度: 0.9
2025-08-06 01:13:41,541 - INFO - 投票结果: 选择路径 0, 答案: 24, 置信度: 0.8
2025-08-06 01:13:41,541 - INFO - 投票结果: 选择路径 1, 答案: 43, 置信度: 0.4
2025-08-06 01:13:41,542 - INFO - 投票结果: 选择路径 0, 答案: 30, 置信度: 0.9
2025-08-06 01:13:41,542 - INFO - 投票结果: 选择路径 1, 答案: 23, 置信度: 0.4
2025-08-06 01:13:41,543 - INFO - 投票结果: 选择路径 0, 答案: 251, 置信度: 0.7
2025-08-06 01:13:41,543 - INFO - 投票结果: 选择路径 0, 答案: 35, 置信度: 1.0
2025-08-06 01:13:41,544 - INFO - 投票结果: 选择路径 0, 答案: 110, 置信度: 0.3
2025-08-06 01:13:41,544 - INFO - 投票结果: 选择路径 0, 答案: 82, 置信度: 1.0
2025-08-06 01:13:41,545 - INFO - 投票结果: 选择路径 0, 答案: 2100, 置信度: 0.6
2025-08-06 01:13:41,546 - INFO - 投票结果: 选择路径 0, 答案: 3, 置信度: 0.8
2025-08-06 01:13:41,546 - INFO - 投票结果: 选择路径 0, 答案: 12, 置信度: 0.9
2025-08-06 01:13:41,547 - INFO - 投票结果: 选择路径 0, 答案: 11, 置信度: 0.5
2025-08-06 01:13:41,547 - INFO - 投票结果: 选择路径 7, 答案: 12, 置信度: 0.2
2025-08-06 01:13:41,548 - INFO - 投票结果: 选择路径 3, 答案: 500, 置信度: 0.3
2025-08-06 01:13:41,548 - INFO - 投票结果: 选择路径 0, 答案: 27, 置信度: 1.0
2025-08-06 01:13:41,549 - INFO - 投票结果: 选择路径 0, 答案: 360, 置信度: 1.0
2025-08-06 01:13:41,549 - INFO - 投票结果: 选择路径 0, 答案: 14, 置信度: 0.4
2025-08-06 01:13:41,550 - INFO - 投票结果: 选择路径 3, 答案: 694, 置信度: 0.5
2025-08-06 01:13:41,550 - INFO - 投票结果: 选择路径 0, 答案: 3, 置信度: 1.0
2025-08-06 01:13:41,551 - INFO - 投票结果: 选择路径 0, 答案: 360, 置信度: 0.6
2025-08-06 01:13:41,551 - INFO - 投票结果: 选择路径 0, 答案: 350, 置信度: 0.3
2025-08-06 01:13:41,552 - INFO - 投票结果: 选择路径 0, 答案: 20, 置信度: 1.0
2025-08-06 01:13:41,553 - INFO - 投票结果: 选择路径 0, 答案: 3360, 置信度: 0.9
2025-08-06 01:13:41,553 - INFO - 投票结果: 选择路径 1, 答案: 39, 置信度: 0.5
2025-08-06 01:13:41,554 - INFO - 投票结果: 选择路径 3, 答案: 12, 置信度: 0.5
2025-08-06 01:13:41,554 - INFO - 投票结果: 选择路径 0, 答案: 215, 置信度: 0.9
2025-08-06 01:13:41,555 - INFO - 投票结果: 选择路径 0, 答案: 12, 置信度: 0.2
2025-08-06 01:13:41,555 - INFO - 投票结果: 选择路径 0, 答案: 9, 置信度: 1.0
2025-08-06 01:13:41,556 - INFO - 投票结果: 选择路径 1, 答案: 520, 置信度: 0.5
2025-08-06 01:13:41,557 - INFO - 投票结果: 选择路径 1, 答案: 62, 置信度: 0.7
2025-08-06 01:13:41,557 - INFO - 投票结果: 选择路径 6, 答案: 66, 置信度: 0.2
2025-08-06 01:13:41,558 - INFO - 投票结果: 选择路径 0, 答案: 120, 置信度: 1.0
2025-08-06 01:13:41,558 - INFO - 投票结果: 选择路径 0, 答案: 15, 置信度: 0.9
2025-08-06 01:13:41,559 - INFO - 投票结果: 选择路径 1, 答案: 185, 置信度: 0.4
2025-08-06 01:13:41,559 - INFO - 投票结果: 选择路径 4, 答案: 520, 置信度: 0.3
2025-08-06 01:13:41,560 - INFO - 投票结果: 选择路径 1, 答案: 2, 置信度: 0.6
2025-08-06 01:13:41,561 - INFO - 投票结果: 选择路径 0, 答案: 178.25, 置信度: 0.4
2025-08-06 01:13:41,561 - INFO - 投票结果: 选择路径 1, 答案: 202, 置信度: 0.4
2025-08-06 01:13:41,562 - INFO - 投票结果: 选择路径 0, 答案: 14, 置信度: 0.5
2025-08-06 01:13:41,562 - INFO - 投票结果: 选择路径 0, 答案: 10, 置信度: 0.6
2025-08-06 01:13:41,563 - INFO - 投票结果: 选择路径 0, 答案: 6, 置信度: 0.5
2025-08-06 01:13:41,563 - INFO - 投票结果: 选择路径 0, 答案: 43200, 置信度: 0.3
2025-08-06 01:13:41,564 - INFO - 投票结果: 选择路径 0, 答案: 10, 置信度: 1.0
2025-08-06 01:13:41,564 - INFO - 投票结果: 选择路径 0, 答案: 8, 置信度: 0.6
2025-08-06 01:13:41,565 - INFO - 投票结果: 选择路径 1, 答案: 450, 置信度: 0.4
2025-08-06 01:13:41,566 - INFO - 投票结果: 选择路径 0, 答案: 160, 置信度: 1.0
2025-08-06 01:13:41,566 - INFO - 投票结果: 选择路径 0, 答案: 40, 置信度: 1.0
2025-08-06 01:13:41,567 - INFO - 投票结果: 选择路径 3, 答案: 24, 置信度: 0.4
2025-08-06 01:13:41,567 - INFO - 投票结果: 选择路径 1, 答案: 36, 置信度: 0.5
2025-08-06 01:13:41,568 - INFO - 投票结果: 选择路径 0, 答案: 36, 置信度: 0.9
2025-08-06 01:13:41,568 - INFO - 投票结果: 选择路径 0, 答案: 9, 置信度: 1.0
2025-08-06 01:13:41,569 - INFO - 投票结果: 选择路径 0, 答案: 16, 置信度: 1.0
2025-08-06 01:13:41,569 - INFO - 投票结果: 选择路径 0, 答案: 60, 置信度: 1.0
2025-08-06 01:13:41,570 - INFO - 投票结果: 选择路径 0, 答案: 4, 置信度: 1.0
2025-08-06 01:13:41,571 - INFO - 投票结果: 选择路径 0, 答案: 3, 置信度: 0.9
2025-08-06 01:13:41,571 - INFO - 投票结果: 选择路径 0, 答案: 100, 置信度: 1.0
2025-08-06 01:13:41,572 - INFO - 投票结果: 选择路径 1, 答案: 2040, 置信度: 0.2
2025-08-06 01:13:41,572 - INFO - 投票结果: 选择路径 1, 答案: 0, 置信度: 0.3
2025-08-06 01:13:41,573 - INFO - 投票结果: 选择路径 0, 答案: 29, 置信度: 1.0
2025-08-06 01:13:41,573 - INFO - 投票结果: 选择路径 2, 答案: 48, 置信度: 0.2
2025-08-06 01:13:41,574 - INFO - 投票结果: 选择路径 0, 答案: 23, 置信度: 0.8
2025-08-06 01:13:41,575 - INFO - 投票结果: 选择路径 0, 答案: 12, 置信度: 0.4
2025-08-06 01:13:41,575 - INFO - 投票结果: 选择路径 0, 答案: 22, 置信度: 0.5
2025-08-06 01:13:41,576 - INFO - 投票结果: 选择路径 0, 答案: 156, 置信度: 0.8
2025-08-06 01:13:41,576 - INFO - 投票结果: 选择路径 0, 答案: 45, 置信度: 0.1
2025-08-06 01:13:41,577 - INFO - 投票结果: 选择路径 0, 答案: 10, 置信度: 1.0
2025-08-06 01:13:41,577 - INFO - 投票结果: 选择路径 0, 答案: 8, 置信度: 0.9
2025-08-06 01:13:41,578 - INFO - 投票结果: 选择路径 0, 答案: 32, 置信度: 1.0
2025-08-06 01:13:41,579 - INFO - 投票结果: 选择路径 0, 答案: 48, 置信度: 0.7
2025-08-06 01:13:41,579 - INFO - 投票结果: 选择路径 0, 答案: 500, 置信度: 1.0
2025-08-06 01:13:41,580 - INFO - 投票结果: 选择路径 0, 答案: 8, 置信度: 0.8
2025-08-06 01:13:41,580 - INFO - 投票结果: 选择路径 0, 答案: 6, 置信度: 0.4
2025-08-06 01:13:41,581 - INFO - 投票结果: 选择路径 0, 答案: -10, 置信度: 1.0
2025-08-06 01:13:41,581 - INFO - 投票结果: 选择路径 0, 答案: 5, 置信度: 0.9
2025-08-06 01:13:41,582 - INFO - 投票结果: 选择路径 0, 答案: 8, 置信度: 1.0
2025-08-06 01:13:41,582 - INFO - 投票结果: 选择路径 0, 答案: 34, 置信度: 0.9
2025-08-06 01:13:41,583 - INFO - 投票结果: 选择路径 0, 答案: 30, 置信度: 0.6
2025-08-06 01:13:41,584 - INFO - 投票结果: 选择路径 0, 答案: 1000, 置信度: 1.0
2025-08-06 01:13:41,584 - INFO - 投票结果: 选择路径 0, 答案: 6, 置信度: 0.6
2025-08-06 01:13:41,585 - INFO - 投票结果: 选择路径 5, 答案: 75, 置信度: 0.2
2025-08-06 01:13:41,585 - INFO - 投票结果: 选择路径 0, 答案: 1920, 置信度: 1.0
2025-08-06 01:13:41,586 - INFO - 投票结果: 选择路径 3, 答案: 0, 置信度: 0.3
2025-08-06 01:13:41,586 - INFO - 投票结果: 选择路径 0, 答案: 50, 置信度: 0.9
2025-08-06 01:13:41,587 - INFO - 投票结果: 选择路径 0, 答案: 4000, 置信度: 0.5
2025-08-06 01:13:41,587 - INFO - 投票结果: 选择路径 0, 答案: 5, 置信度: 1.0
2025-08-06 01:13:41,588 - INFO - 投票结果: 选择路径 2, 答案: 10, 置信度: 0.8
2025-08-06 01:13:41,589 - INFO - 投票结果: 选择路径 0, 答案: 7, 置信度: 1.0
2025-08-06 01:13:41,589 - INFO - 投票结果: 选择路径 0, 答案: 20, 置信度: 1.0
2025-08-06 01:13:41,590 - INFO - 投票结果: 选择路径 0, 答案: 43, 置信度: 0.7
2025-08-06 01:13:41,590 - INFO - 投票结果: 选择路径 1, 答案: 9, 置信度: 0.7
2025-08-06 01:13:41,591 - INFO - 投票结果: 选择路径 0, 答案: 50000, 置信度: 0.2
2025-08-06 01:13:41,591 - INFO - 投票结果: 选择路径 2, 答案: 120, 置信度: 0.4
2025-08-06 01:13:41,592 - INFO - 投票结果: 选择路径 0, 答案: 9632, 置信度: 0.1
2025-08-06 01:13:41,592 - INFO - 投票结果: 选择路径 1, 答案: 4, 置信度: 0.5
2025-08-06 01:13:41,593 - INFO - 投票结果: 选择路径 0, 答案: 595, 置信度: 0.9
2025-08-06 01:13:41,594 - INFO - 投票结果: 选择路径 0, 答案: 110, 置信度: 0.9
2025-08-06 01:13:41,594 - INFO - 投票结果: 选择路径 0, 答案: 4800, 置信度: 0.9
2025-08-06 01:13:41,595 - INFO - 投票结果: 选择路径 0, 答案: 140, 置信度: 0.6
2025-08-06 01:13:41,595 - INFO - 投票结果: 选择路径 0, 答案: 34, 置信度: 0.9
2025-08-06 01:13:41,596 - INFO - 投票结果: 选择路径 0, 答案: 10, 置信度: 0.8
2025-08-06 01:13:41,596 - INFO - 投票结果: 选择路径 2, 答案: 2450, 置信度: 0.4
2025-08-06 01:13:41,597 - INFO - 投票结果: 选择路径 0, 答案: 30, 置信度: 0.9
2025-08-06 01:13:41,598 - INFO - 投票结果: 选择路径 0, 答案: 224000, 置信度: 0.5
2025-08-06 01:13:41,598 - INFO - 投票结果: 选择路径 0, 答案: 168, 置信度: 0.8
2025-08-06 01:13:41,599 - INFO - 投票结果: 选择路径 0, 答案: 120, 置信度: 0.9
2025-08-06 01:13:41,599 - INFO - 投票结果: 选择路径 0, 答案: 3, 置信度: 0.6
2025-08-06 01:13:41,600 - INFO - 投票结果: 选择路径 0, 答案: 20, 置信度: 0.9
2025-08-06 01:13:41,600 - INFO - 投票结果: 选择路径 1, 答案: 4, 置信度: 0.7
2025-08-06 01:13:41,601 - INFO - 投票结果: 选择路径 1, 答案: 15, 置信度: 0.5
2025-08-06 01:13:41,602 - INFO - 投票结果: 选择路径 0, 答案: 8, 置信度: 0.9
2025-08-06 01:13:41,602 - INFO - 投票结果: 选择路径 0, 答案: 308, 置信度: 1.0
2025-08-06 01:13:41,603 - INFO - 投票结果: 选择路径 0, 答案: 187, 置信度: 1.0
2025-08-06 01:13:41,603 - INFO - 投票结果: 选择路径 0, 答案: 123, 置信度: 0.7
2025-08-06 01:13:41,604 - INFO - 投票结果: 选择路径 5, 答案: 2, 置信度: 0.5
2025-08-06 01:13:41,604 - INFO - 投票结果: 选择路径 1, 答案: 100, 置信度: 0.3
2025-08-06 01:13:41,605 - INFO - 投票结果: 选择路径 0, 答案: 14000, 置信度: 0.6
2025-08-06 01:13:41,605 - INFO - 投票结果: 选择路径 0, 答案: 32, 置信度: 0.4
2025-08-06 01:13:41,606 - INFO - 投票结果: 选择路径 0, 答案: 7, 置信度: 0.7
2025-08-06 01:13:41,607 - INFO - 投票结果: 选择路径 1, 答案: 480, 置信度: 0.8
2025-08-06 01:13:41,607 - INFO - 投票结果: 选择路径 0, 答案: 2, 置信度: 0.9
2025-08-06 01:13:41,608 - INFO - 投票结果: 选择路径 1, 答案: 45, 置信度: 0.6
2025-08-06 01:13:41,608 - INFO - 投票结果: 选择路径 0, 答案: 31, 置信度: 0.8
2025-08-06 01:13:41,609 - INFO - 投票结果: 选择路径 3, 答案: 5, 置信度: 0.3
2025-08-06 01:13:41,609 - INFO - 投票结果: 选择路径 0, 答案: 18, 置信度: 0.9
2025-08-06 01:13:41,610 - INFO - 投票结果: 选择路径 6, 答案: 6, 置信度: 0.4
2025-08-06 01:13:41,611 - INFO - 投票结果: 选择路径 0, 答案: 93000, 置信度: 1.0
2025-08-06 01:13:41,611 - INFO - 投票结果: 选择路径 2, 答案: 10240, 置信度: 0.2
2025-08-06 01:13:41,612 - INFO - 投票结果: 选择路径 0, 答案: 150, 置信度: 1.0
2025-08-06 01:13:41,612 - INFO - 投票结果: 选择路径 0, 答案: 220, 置信度: 1.0
2025-08-06 01:13:41,613 - INFO - 投票结果: 选择路径 0, 答案: 12, 置信度: 1.0
2025-08-06 01:13:41,613 - INFO - 投票结果: 选择路径 0, 答案: 71, 置信度: 1.0
2025-08-06 01:13:41,614 - INFO - 投票结果: 选择路径 0, 答案: 8, 置信度: 1.0
2025-08-06 01:13:41,614 - INFO - 投票结果: 选择路径 0, 答案: 30, 置信度: 0.2
2025-08-06 01:13:41,615 - INFO - 投票结果: 选择路径 0, 答案: 53, 置信度: 0.8
2025-08-06 01:13:41,615 - INFO - 投票结果: 选择路径 1, 答案: 31800, 置信度: 0.6
2025-08-06 01:13:41,616 - INFO - 投票结果: 选择路径 0, 答案: 4, 置信度: 0.6
2025-08-06 01:13:41,617 - INFO - 投票结果: 选择路径 0, 答案: 12, 置信度: 1.0
2025-08-06 01:13:41,617 - INFO - 投票结果: 选择路径 0, 答案: 10, 置信度: 1.0
2025-08-06 01:13:41,618 - INFO - 投票结果: 选择路径 1, 答案: 2800, 置信度: 0.6
2025-08-06 01:13:41,618 - INFO - 投票结果: 选择路径 0, 答案: 18, 置信度: 0.8
2025-08-06 01:13:41,619 - INFO - 投票结果: 选择路径 0, 答案: 24, 置信度: 0.8
2025-08-06 01:13:41,619 - INFO - 投票结果: 选择路径 0, 答案: 139, 置信度: 1.0
2025-08-06 01:13:41,620 - INFO - 投票结果: 选择路径 1, 答案: 36, 置信度: 0.4
2025-08-06 01:13:41,620 - INFO - 投票结果: 选择路径 1, 答案: 6, 置信度: 0.6
2025-08-06 01:13:41,621 - INFO - 投票结果: 选择路径 0, 答案: 12, 置信度: 0.9
2025-08-06 01:13:41,622 - INFO - 投票结果: 选择路径 0, 答案: 78, 置信度: 0.9
2025-08-06 01:13:41,622 - INFO - 投票结果: 选择路径 0, 答案: 3, 置信度: 0.9
2025-08-06 01:13:41,623 - INFO - 投票结果: 选择路径 0, 答案: 225, 置信度: 0.2
2025-08-06 01:13:41,623 - INFO - 投票结果: 选择路径 2, 答案: 163, 置信度: 0.4
2025-08-06 01:13:41,624 - INFO - 投票结果: 选择路径 0, 答案: 90, 置信度: 1.0
2025-08-06 01:13:41,624 - INFO - 投票结果: 选择路径 2, 答案: 180, 置信度: 0.2
2025-08-06 01:13:41,625 - INFO - 投票结果: 选择路径 3, 答案: 360, 置信度: 0.2
2025-08-06 01:13:41,625 - INFO - 投票结果: 选择路径 2, 答案: 5, 置信度: 0.4
2025-08-06 01:13:41,626 - INFO - 投票结果: 选择路径 0, 答案: 90, 置信度: 1.0
2025-08-06 01:13:41,627 - INFO - 投票结果: 选择路径 0, 答案: 42, 置信度: 1.0
2025-08-06 01:13:41,627 - INFO - 投票结果: 选择路径 0, 答案: 162, 置信度: 1.0
2025-08-06 01:13:41,628 - INFO - 投票结果: 选择路径 0, 答案: 9, 置信度: 0.9
2025-08-06 01:13:41,628 - INFO - 投票结果: 选择路径 0, 答案: 48, 置信度: 0.1
2025-08-06 01:13:41,629 - INFO - 投票结果: 选择路径 3, 答案: 82, 置信度: 0.5
2025-08-06 01:13:41,629 - INFO - 投票结果: 选择路径 1, 答案: 14000, 置信度: 0.8
2025-08-06 01:13:41,630 - INFO - 投票结果: 选择路径 0, 答案: 45, 置信度: 0.9
2025-08-06 01:13:41,631 - INFO - 投票结果: 选择路径 0, 答案: 420, 置信度: 0.8
2025-08-06 01:13:41,631 - INFO - 投票结果: 选择路径 0, 答案: 15, 置信度: 0.8
2025-08-06 01:13:41,632 - INFO - 投票结果: 选择路径 0, 答案: 30, 置信度: 0.9
2025-08-06 01:13:41,632 - INFO - 投票结果: 选择路径 0, 答案: 280, 置信度: 1.0
2025-08-06 01:13:41,633 - INFO - 投票结果: 选择路径 0, 答案: 5, 置信度: 0.6
2025-08-06 01:13:41,633 - INFO - 投票结果: 选择路径 0, 答案: 135, 置信度: 0.8
2025-08-06 01:13:41,634 - INFO - 投票结果: 选择路径 0, 答案: 67, 置信度: 1.0
2025-08-06 01:13:41,635 - INFO - 投票结果: 选择路径 0, 答案: 1260, 置信度: 1.0
2025-08-06 01:13:41,635 - INFO - 投票结果: 选择路径 0, 答案: 80, 置信度: 1.0
2025-08-06 01:13:41,636 - INFO - 投票结果: 选择路径 0, 答案: 140, 置信度: 0.1
2025-08-06 01:13:41,636 - INFO - 投票结果: 选择路径 0, 答案: 15, 置信度: 1.0
2025-08-06 01:13:41,637 - INFO - 投票结果: 选择路径 0, 答案: 12, 置信度: 0.3
2025-08-06 01:13:41,637 - INFO - 投票结果: 选择路径 0, 答案: 15, 置信度: 0.9
2025-08-06 01:13:41,638 - INFO - 投票结果: 选择路径 0, 答案: 221, 置信度: 1.0
2025-08-06 01:13:41,639 - INFO - 投票结果: 选择路径 0, 答案: 5, 置信度: 0.9
2025-08-06 01:13:41,639 - INFO - 投票结果: 选择路径 0, 答案: 11, 置信度: 0.4
2025-08-06 01:13:41,640 - INFO - 投票结果: 选择路径 2, 答案: 8400, 置信度: 0.4
2025-08-06 01:13:41,640 - INFO - 投票结果: 选择路径 0, 答案: 3000, 置信度: 0.4
2025-08-06 01:13:41,641 - INFO - 投票结果: 选择路径 0, 答案: 60, 置信度: 0.5
2025-08-06 01:13:41,641 - INFO - 投票结果: 选择路径 0, 答案: 826, 置信度: 0.1
2025-08-06 01:13:41,642 - INFO - 投票结果: 选择路径 0, 答案: 20, 置信度: 0.2
2025-08-06 01:13:41,643 - INFO - 投票结果: 选择路径 1, 答案: 6, 置信度: 0.4
2025-08-06 01:13:41,643 - INFO - 投票结果: 选择路径 5, 答案: 12, 置信度: 0.4
2025-08-06 01:13:41,644 - INFO - 投票结果: 选择路径 0, 答案: 480, 置信度: 1.0
2025-08-06 01:13:41,645 - INFO - 投票结果: 选择路径 0, 答案: 14400, 置信度: 0.8
2025-08-06 01:13:41,645 - INFO - 投票结果: 选择路径 0, 答案: 3, 置信度: 0.9
2025-08-06 01:13:41,646 - INFO - 投票结果: 选择路径 0, 答案: 250, 置信度: 0.8
2025-08-06 01:13:41,646 - INFO - 投票结果: 选择路径 0, 答案: 168, 置信度: 1.0
2025-08-06 01:13:41,647 - INFO - 投票结果: 选择路径 1, 答案: 18000, 置信度: 0.3
2025-08-06 01:13:41,647 - INFO - 投票结果: 选择路径 0, 答案: 120, 置信度: 0.7
2025-08-06 01:13:41,648 - INFO - 投票结果: 选择路径 1, 答案: 270, 置信度: 0.9
2025-08-06 01:13:41,648 - INFO - 投票结果: 选择路径 0, 答案: 26, 置信度: 1.0
2025-08-06 01:13:41,649 - INFO - 投票结果: 选择路径 4, 答案: 20, 置信度: 0.4
2025-08-06 01:13:41,649 - INFO - 投票结果: 选择路径 2, 答案: 30, 置信度: 0.2
2025-08-06 01:13:41,650 - INFO - 投票结果: 选择路径 0, 答案: 101, 置信度: 1.0
2025-08-06 01:13:41,650 - INFO - 投票结果: 选择路径 4, 答案: 80, 置信度: 0.3
2025-08-06 01:13:41,651 - INFO - 投票结果: 选择路径 0, 答案: 85, 置信度: 1.0
2025-08-06 01:13:41,651 - INFO - 投票结果: 选择路径 0, 答案: 3, 置信度: 0.5
2025-08-06 01:13:41,652 - INFO - 投票结果: 选择路径 0, 答案: 2300, 置信度: 0.4
2025-08-06 01:13:41,652 - INFO - 投票结果: 选择路径 0, 答案: 300, 置信度: 0.8
2025-08-06 01:13:41,653 - INFO - 投票结果: 选择路径 0, 答案: 31, 置信度: 0.9
2025-08-06 01:13:41,653 - INFO - 投票结果: 选择路径 1, 答案: 12, 置信度: 0.7
2025-08-06 01:13:41,654 - INFO - 投票结果: 选择路径 0, 答案: 2:00p, 置信度: 0.6
2025-08-06 01:13:41,655 - INFO - 投票结果: 选择路径 0, 答案: 3, 置信度: 0.7
2025-08-06 01:13:41,655 - INFO - 投票结果: 选择路径 0, 答案: 10, 置信度: 0.3
2025-08-06 01:13:41,656 - INFO - 投票结果: 选择路径 0, 答案: 45, 置信度: 1.0
2025-08-06 01:13:41,656 - INFO - 投票结果: 选择路径 0, 答案: 200, 置信度: 0.9
2025-08-06 01:13:41,657 - INFO - 投票结果: 选择路径 0, 答案: 34, 置信度: 0.4
2025-08-06 01:13:41,657 - INFO - 投票结果: 选择路径 1, 答案: 10, 置信度: 0.9
2025-08-06 01:13:41,658 - INFO - 投票结果: 选择路径 0, 答案: 98, 置信度: 0.9
2025-08-06 01:13:41,658 - INFO - 投票结果: 选择路径 1, 答案: 2, 置信度: 0.5
2025-08-06 01:13:41,659 - INFO - 投票结果: 选择路径 0, 答案: 45, 置信度: 0.4
2025-08-06 01:13:41,659 - INFO - 投票结果: 选择路径 2, 答案: 7.5, 置信度: 0.2
2025-08-06 01:13:41,660 - INFO - 投票结果: 选择路径 3, 答案: 5, 置信度: 0.2
2025-08-06 01:13:41,660 - INFO - 投票结果: 选择路径 0, 答案: 15, 置信度: 0.2
2025-08-06 01:13:41,661 - INFO - 投票结果: 选择路径 0, 答案: 70, 置信度: 1.0
2025-08-06 01:13:41,661 - INFO - 投票结果: 选择路径 0, 答案: 294, 置信度: 1.0
2025-08-06 01:13:41,662 - INFO - 投票结果: 选择路径 1, 答案: 66, 置信度: 0.3
2025-08-06 01:13:41,662 - INFO - 投票结果: 选择路径 0, 答案: 13, 置信度: 0.9
2025-08-06 01:13:41,663 - INFO - 投票结果: 选择路径 0, 答案: 195, 置信度: 1.0
2025-08-06 01:13:41,663 - INFO - 投票结果: 选择路径 0, 答案: 7, 置信度: 1.0
2025-08-06 01:13:41,664 - INFO - 投票结果: 选择路径 0, 答案: 1875, 置信度: 0.9
2025-08-06 01:13:41,664 - INFO - 投票结果: 选择路径 0, 答案: 385000, 置信度: 0.9
2025-08-06 01:13:41,665 - INFO - 投票结果: 选择路径 0, 答案: 85, 置信度: 1.0
2025-08-06 01:13:41,665 - INFO - 投票结果: 选择路径 0, 答案: 27, 置信度: 1.0
2025-08-06 01:13:41,666 - INFO - 投票结果: 选择路径 0, 答案: 159, 置信度: 1.0
2025-08-06 01:13:41,666 - INFO - 投票结果: 选择路径 0, 答案: 25, 置信度: 0.8
2025-08-06 01:13:41,667 - INFO - 投票结果: 选择路径 0, 答案: 720, 置信度: 0.9
2025-08-06 01:13:41,667 - INFO - 投票结果: 选择路径 0, 答案: 324, 置信度: 0.3
2025-08-06 01:13:41,668 - INFO - 投票结果: 选择路径 0, 答案: 7, 置信度: 0.9
2025-08-06 01:13:41,668 - INFO - 投票结果: 选择路径 2, 答案: 30, 置信度: 0.5
2025-08-06 01:13:41,669 - INFO - 投票结果: 选择路径 2, 答案: 50, 置信度: 0.4
2025-08-06 01:13:41,669 - INFO - 投票结果: 选择路径 1, 答案: 2, 置信度: 0.8
2025-08-06 01:13:41,670 - INFO - 投票结果: 选择路径 0, 答案: 22, 置信度: 0.5
2025-08-06 01:13:41,670 - INFO - 投票结果: 选择路径 0, 答案: 40, 置信度: 0.7
2025-08-06 01:13:41,671 - INFO - 投票结果: 选择路径 1, 答案: 2050, 置信度: 0.4
2025-08-06 01:13:41,671 - INFO - 投票结果: 选择路径 0, 答案: 250, 置信度: 0.6
2025-08-06 01:13:41,672 - INFO - 投票结果: 选择路径 1, 答案: 10, 置信度: 0.7
2025-08-06 01:13:41,672 - INFO - 投票结果: 选择路径 1, 答案: 27, 置信度: 0.4
2025-08-06 01:13:41,673 - INFO - 投票结果: 选择路径 1, 答案: 17, 置信度: 0.9
2025-08-06 01:13:41,673 - INFO - 投票结果: 选择路径 0, 答案: 50, 置信度: 0.6
2025-08-06 01:13:41,674 - INFO - 投票结果: 选择路径 0, 答案: 96, 置信度: 0.9
2025-08-06 01:13:41,674 - INFO - 投票结果: 选择路径 0, 答案: 280, 置信度: 0.4
2025-08-06 01:13:41,675 - INFO - 投票结果: 选择路径 0, 答案: 50, 置信度: 0.1
2025-08-06 01:13:41,675 - INFO - 投票结果: 选择路径 0, 答案: 142, 置信度: 1.0
2025-08-06 01:13:41,676 - INFO - 投票结果: 选择路径 0, 答案: 5, 置信度: 1.0
2025-08-06 01:13:41,676 - INFO - 投票结果: 选择路径 1, 答案: 95, 置信度: 0.9
2025-08-06 01:13:41,677 - INFO - 投票结果: 选择路径 0, 答案: 175, 置信度: 1.0
2025-08-06 01:13:41,677 - INFO - 投票结果: 选择路径 0, 答案: 20, 置信度: 0.5
2025-08-06 01:13:41,678 - INFO - 投票结果: 选择路径 0, 答案: 15, 置信度: 1.0
2025-08-06 01:13:41,678 - INFO - 投票结果: 选择路径 0, 答案: 370, 置信度: 0.8
2025-08-06 01:13:41,679 - INFO - 投票结果: 选择路径 0, 答案: 2, 置信度: 0.3
2025-08-06 01:13:41,680 - INFO - 投票结果: 选择路径 0, 答案: 2, 置信度: 0.9
2025-08-06 01:13:41,680 - INFO - 投票结果: 选择路径 0, 答案: 120, 置信度: 0.6
2025-08-06 01:13:41,681 - INFO - 投票结果: 选择路径 0, 答案: 70, 置信度: 1.0
2025-08-06 01:13:41,681 - INFO - 投票结果: 选择路径 0, 答案: 17000, 置信度: 0.6
2025-08-06 01:13:41,682 - INFO - 投票结果: 选择路径 0, 答案: 57, 置信度: 1.0
2025-08-06 01:13:41,682 - INFO - 投票结果: 选择路径 0, 答案: 1260, 置信度: 0.7
2025-08-06 01:13:41,683 - INFO - 投票结果: 选择路径 0, 答案: 4500, 置信度: 1.0
2025-08-06 01:13:41,683 - INFO - 投票结果: 选择路径 0, 答案: 5, 置信度: 0.6
2025-08-06 01:13:41,684 - INFO - 投票结果: 选择路径 0, 答案: 360, 置信度: 1.0
2025-08-06 01:13:41,684 - INFO - 投票结果: 选择路径 2, 答案: 50, 置信度: 0.4
2025-08-06 01:13:41,685 - INFO - 投票结果: 选择路径 1, 答案: 95, 置信度: 0.4
2025-08-06 01:13:41,685 - INFO - 投票结果: 选择路径 0, 答案: 2, 置信度: 0.7
2025-08-06 01:13:41,686 - INFO - 投票结果: 选择路径 0, 答案: 7.17, 置信度: 0.3
2025-08-06 01:13:41,686 - INFO - 投票结果: 选择路径 1, 答案: 5760, 置信度: 0.7
2025-08-06 01:13:41,687 - INFO - 投票结果: 选择路径 0, 答案: 35, 置信度: 1.0
2025-08-06 01:13:41,687 - INFO - 投票结果: 选择路径 1, 答案: 27, 置信度: 0.8
2025-08-06 01:13:41,688 - INFO - 投票结果: 选择路径 0, 答案: 7, 置信度: 0.8
2025-08-06 01:13:41,688 - INFO - 投票结果: 选择路径 0, 答案: 3, 置信度: 0.9
2025-08-06 01:13:41,689 - INFO - 投票结果: 选择路径 0, 答案: 147, 置信度: 0.5
2025-08-06 01:13:41,689 - INFO - 投票结果: 选择路径 1, 答案: 280, 置信度: 0.4
2025-08-06 01:13:41,690 - INFO - 投票结果: 选择路径 0, 答案: 16, 置信度: 0.6
2025-08-06 01:13:41,690 - INFO - 投票结果: 选择路径 0, 答案: 10, 置信度: 1.0
2025-08-06 01:13:41,691 - INFO - 投票结果: 选择路径 0, 答案: 101, 置信度: 1.0
2025-08-06 01:13:41,691 - INFO - 投票结果: 选择路径 0, 答案: 12, 置信度: 0.8
2025-08-06 01:13:41,692 - INFO - 投票结果: 选择路径 0, 答案: 78, 置信度: 0.9
2025-08-06 01:13:41,692 - INFO - 投票结果: 选择路径 0, 答案: 16, 置信度: 1.0
2025-08-06 01:13:41,693 - INFO - 投票结果: 选择路径 0, 答案: 8, 置信度: 0.7
2025-08-06 01:13:41,693 - INFO - 投票结果: 选择路径 0, 答案: 20, 置信度: 0.9
2025-08-06 01:13:41,694 - INFO - 投票结果: 选择路径 1, 答案: 310, 置信度: 0.4
2025-08-06 01:13:41,694 - INFO - 投票结果: 选择路径 0, 答案: 47.25, 置信度: 0.6
2025-08-06 01:13:41,695 - INFO - 投票结果: 选择路径 0, 答案: 105, 置信度: 0.7
2025-08-06 01:13:41,695 - INFO - 投票结果: 选择路径 0, 答案: 58, 置信度: 0.5
2025-08-06 01:13:41,696 - INFO - 投票结果: 选择路径 0, 答案: 6, 置信度: 1.0
2025-08-06 01:13:41,696 - INFO - 投票结果: 选择路径 1, 答案: 120, 置信度: 0.2
2025-08-06 01:13:41,697 - INFO - 投票结果: 选择路径 0, 答案: 770, 置信度: 0.9
2025-08-06 01:13:41,697 - INFO - 投票结果: 选择路径 0, 答案: 28, 置信度: 0.9
2025-08-06 01:13:41,698 - INFO - 投票结果: 选择路径 6, 答案: 38.89, 置信度: 0.2
2025-08-06 01:13:41,698 - INFO - 投票结果: 选择路径 0, 答案: 1630, 置信度: 0.9
2025-08-06 01:13:41,699 - INFO - 投票结果: 选择路径 1, 答案: 55, 置信度: 0.7
2025-08-06 01:13:41,699 - INFO - 投票结果: 选择路径 0, 答案: 40, 置信度: 0.6
2025-08-06 01:13:41,700 - INFO - 投票结果: 选择路径 0, 答案: 11, 置信度: 0.9
2025-08-06 01:13:41,700 - INFO - 投票结果: 选择路径 0, 答案: 3, 置信度: 1.0
2025-08-06 01:13:41,701 - INFO - 投票结果: 选择路径 0, 答案: 20, 置信度: 0.9
2025-08-06 01:13:41,702 - INFO - 投票结果: 选择路径 0, 答案: 15, 置信度: 0.4
2025-08-06 01:13:41,702 - INFO - 投票结果: 选择路径 0, 答案: 300, 置信度: 0.3
2025-08-06 01:13:41,703 - INFO - 投票结果: 选择路径 0, 答案: 70, 置信度: 0.7
2025-08-06 01:13:41,703 - INFO - 投票结果: 选择路径 3, 答案: 63, 置信度: 0.7
2025-08-06 01:13:41,725 - INFO - 投票结果: 选择路径 1, 答案: 14, 置信度: 0.9
2025-08-06 01:13:41,725 - INFO - 投票结果: 选择路径 0, 答案: 11, 置信度: 0.8
2025-08-06 01:13:41,726 - INFO - 投票结果: 选择路径 1, 答案: 153, 置信度: 0.3
2025-08-06 01:13:41,726 - INFO - 投票结果: 选择路径 0, 答案: 15, 置信度: 1.0
2025-08-06 01:13:41,727 - INFO - 投票结果: 选择路径 4, 答案: 75, 置信度: 0.2
2025-08-06 01:13:41,727 - INFO - 投票结果: 选择路径 0, 答案: 175, 置信度: 0.8
2025-08-06 01:13:41,728 - INFO - 投票结果: 选择路径 0, 答案: 600, 置信度: 0.9
2025-08-06 01:13:41,728 - INFO - 投票结果: 选择路径 0, 答案: 20, 置信度: 0.9
2025-08-06 01:13:41,729 - INFO - 投票结果: 选择路径 0, 答案: 12, 置信度: 1.0
2025-08-06 01:13:41,729 - INFO - 投票结果: 选择路径 0, 答案: 87, 置信度: 0.8
2025-08-06 01:13:41,730 - INFO - 投票结果: 选择路径 1, 答案: 54, 置信度: 0.7
2025-08-06 01:13:41,730 - INFO - 投票结果: 选择路径 1, 答案: 10, 置信度: 0.5
2025-08-06 01:13:41,731 - INFO - 投票结果: 选择路径 0, 答案: 18, 置信度: 1.0
2025-08-06 01:13:41,731 - INFO - 投票结果: 选择路径 0, 答案: 230, 置信度: 1.0
2025-08-06 01:13:41,732 - INFO - 投票结果: 选择路径 2, 答案: 5, 置信度: 0.5
2025-08-06 01:13:41,732 - INFO - 投票结果: 选择路径 0, 答案: 1198, 置信度: 0.3
2025-08-06 01:13:41,733 - INFO - 投票结果: 选择路径 2, 答案: 2325, 置信度: 0.7
2025-08-06 01:13:41,733 - INFO - 投票结果: 选择路径 0, 答案: 80, 置信度: 0.9
2025-08-06 01:13:41,734 - INFO - 投票结果: 选择路径 0, 答案: 880, 置信度: 1.0
2025-08-06 01:13:41,734 - INFO - 投票结果: 选择路径 0, 答案: 5, 置信度: 0.8
2025-08-06 01:13:41,735 - INFO - 投票结果: 选择路径 0, 答案: 45, 置信度: 0.9
2025-08-06 01:13:41,735 - INFO - 投票结果: 选择路径 0, 答案: 75, 置信度: 1.0
2025-08-06 01:13:41,736 - INFO - 投票结果: 选择路径 0, 答案: 4, 置信度: 0.4
2025-08-06 01:13:41,736 - INFO - 投票结果: 选择路径 0, 答案: 350, 置信度: 0.7
2025-08-06 01:13:41,737 - INFO - 投票结果: 选择路径 0, 答案: 200, 置信度: 1.0
2025-08-06 01:13:41,737 - INFO - 投票结果: 选择路径 1, 答案: 1000, 置信度: 0.8
2025-08-06 01:13:41,738 - INFO - 投票结果: 选择路径 0, 答案: 21, 置信度: 0.7
2025-08-06 01:13:41,738 - INFO - 投票结果: 选择路径 0, 答案: 19, 置信度: 1.0
2025-08-06 01:13:41,739 - INFO - 投票结果: 选择路径 0, 答案: 13, 置信度: 1.0
2025-08-06 01:13:41,739 - INFO - 投票结果: 选择路径 0, 答案: 10, 置信度: 0.5
2025-08-06 01:13:41,740 - INFO - 投票结果: 选择路径 0, 答案: 440, 置信度: 0.7
2025-08-06 01:13:41,740 - INFO - 投票结果: 选择路径 0, 答案: 48, 置信度: 1.0
2025-08-06 01:13:41,741 - INFO - 投票结果: 选择路径 0, 答案: 33, 置信度: 0.9
2025-08-06 01:13:41,741 - INFO - 投票结果: 选择路径 0, 答案: 32, 置信度: 0.4
2025-08-06 01:13:41,742 - INFO - 投票结果: 选择路径 0, 答案: 22, 置信度: 1.0
2025-08-06 01:13:41,742 - INFO - 投票结果: 选择路径 0, 答案: 57500, 置信度: 1.0
2025-08-06 01:13:41,743 - INFO - 投票结果: 选择路径 0, 答案: 35, 置信度: 0.9
2025-08-06 01:13:41,743 - INFO - 投票结果: 选择路径 0, 答案: 26, 置信度: 0.9
2025-08-06 01:13:41,744 - INFO - 投票结果: 选择路径 3, 答案: 18, 置信度: 0.3
2025-08-06 01:13:41,745 - INFO - 投票结果: 选择路径 0, 答案: 27000, 置信度: 0.9
2025-08-06 01:13:41,745 - INFO - 投票结果: 选择路径 1, 答案: 157, 置信度: 0.8
2025-08-06 01:13:41,745 - INFO - 投票结果: 选择路径 0, 答案: 14, 置信度: 0.9
2025-08-06 01:13:41,746 - INFO - 投票结果: 选择路径 0, 答案: 26, 置信度: 0.7
2025-08-06 01:13:41,747 - INFO - 投票结果: 选择路径 0, 答案: 1032, 置信度: 0.1
2025-08-06 01:13:41,747 - INFO - 投票结果: 选择路径 0, 答案: 12, 置信度: 1.0
2025-08-06 01:13:41,748 - INFO - 投票结果: 选择路径 1, 答案: 10, 置信度: 0.2
2025-08-06 01:13:41,748 - INFO - 投票结果: 选择路径 0, 答案: 366, 置信度: 1.0
2025-08-06 01:13:41,749 - INFO - 投票结果: 选择路径 0, 答案: 195, 置信度: 0.5
2025-08-06 01:13:41,749 - INFO - 投票结果: 选择路径 0, 答案: 90, 置信度: 1.0
2025-08-06 01:13:41,750 - INFO - 投票结果: 选择路径 0, 答案: 10, 置信度: 0.8
2025-08-06 01:13:41,750 - INFO - 投票结果: 选择路径 0, 答案: 400, 置信度: 0.9
2025-08-06 01:13:41,751 - INFO - 投票结果: 选择路径 2, 答案: 6, 置信度: 0.7
2025-08-06 01:13:41,751 - INFO - 投票结果: 选择路径 0, 答案: 17, 置信度: 1.0
2025-08-06 01:13:41,752 - INFO - 投票结果: 选择路径 0, 答案: 80, 置信度: 0.6
2025-08-06 01:13:41,752 - INFO - 投票结果: 选择路径 0, 答案: 11, 置信度: 0.4
2025-08-06 01:13:41,753 - INFO - 投票结果: 选择路径 0, 答案: 44, 置信度: 1.0
2025-08-06 01:13:41,753 - INFO - 投票结果: 选择路径 0, 答案: 12, 置信度: 0.6
2025-08-06 01:13:41,754 - INFO - 投票结果: 选择路径 0, 答案: 27, 置信度: 0.9
2025-08-06 01:13:41,754 - INFO - 投票结果: 选择路径 0, 答案: 120, 置信度: 0.9
2025-08-06 01:13:41,755 - INFO - 投票结果: 选择路径 0, 答案: 12, 置信度: 0.9
2025-08-06 01:13:41,755 - INFO - 投票结果: 选择路径 0, 答案: 5, 置信度: 1.0
2025-08-06 01:13:41,756 - INFO - 投票结果: 选择路径 0, 答案: 36, 置信度: 0.5
2025-08-06 01:13:41,756 - INFO - 投票结果: 选择路径 0, 答案: 9, 置信度: 1.0
2025-08-06 01:13:41,757 - INFO - 投票结果: 选择路径 0, 答案: 2, 置信度: 0.9
2025-08-06 01:13:41,757 - INFO - 投票结果: 选择路径 0, 答案: 38, 置信度: 0.5
2025-08-06 01:13:41,758 - INFO - 投票结果: 选择路径 0, 答案: 70, 置信度: 1.0
2025-08-06 01:13:41,758 - INFO - 投票结果: 选择路径 1, 答案: 3160, 置信度: 0.7
2025-08-06 01:13:41,759 - INFO - 投票结果: 选择路径 0, 答案: 3200, 置信度: 1.0
2025-08-06 01:13:41,759 - INFO - 投票结果: 选择路径 1, 答案: 162, 置信度: 0.3
2025-08-06 01:13:41,760 - INFO - 投票结果: 选择路径 0, 答案: 90, 置信度: 1.0
2025-08-06 01:13:41,760 - INFO - 投票结果: 选择路径 0, 答案: 200, 置信度: 0.8
2025-08-06 01:13:41,761 - INFO - 投票结果: 选择路径 0, 答案: 330000, 置信度: 0.8
2025-08-06 01:13:41,761 - INFO - 投票结果: 选择路径 0, 答案: 9, 置信度: 0.8
2025-08-06 01:13:41,762 - INFO - 投票结果: 选择路径 0, 答案: 10, 置信度: 1.0
2025-08-06 01:13:41,762 - INFO - 投票结果: 选择路径 0, 答案: 28, 置信度: 0.2
2025-08-06 01:13:41,763 - INFO - 投票结果: 选择路径 0, 答案: 700, 置信度: 0.8
2025-08-06 01:13:41,763 - INFO - 投票结果: 选择路径 0, 答案: 12, 置信度: 1.0
2025-08-06 01:13:41,764 - INFO - 投票结果: 选择路径 0, 答案: 3, 置信度: 0.9
2025-08-06 01:13:41,764 - INFO - 投票结果: 选择路径 1, 答案: 320, 置信度: 0.8
2025-08-06 01:13:41,765 - INFO - 投票结果: 选择路径 1, 答案: 59, 置信度: 0.3
2025-08-06 01:13:41,765 - INFO - 投票结果: 选择路径 0, 答案: 50, 置信度: 0.5
2025-08-06 01:13:41,766 - INFO - 投票结果: 选择路径 0, 答案: 50, 置信度: 0.9
2025-08-06 01:13:41,766 - INFO - 投票结果: 选择路径 0, 答案: 2350, 置信度: 0.2
2025-08-06 01:13:41,767 - INFO - 投票结果: 选择路径 0, 答案: 13, 置信度: 0.3
2025-08-06 01:13:41,767 - INFO - 投票结果: 选择路径 0, 答案: 2640, 置信度: 1.0
2025-08-06 01:13:41,768 - INFO - 投票结果: 选择路径 0, 答案: 98, 置信度: 0.7
2025-08-06 01:13:41,768 - INFO - 投票结果: 选择路径 0, 答案: 19, 置信度: 1.0
2025-08-06 01:13:41,769 - INFO - 投票结果: 选择路径 0, 答案: 21, 置信度: 1.0
2025-08-06 01:13:41,769 - INFO - 投票结果: 选择路径 0, 答案: 5, 置信度: 0.9
2025-08-06 01:13:41,770 - INFO - 投票结果: 选择路径 0, 答案: 30, 置信度: 1.0
2025-08-06 01:13:41,770 - INFO - 投票结果: 选择路径 0, 答案: 34, 置信度: 0.6
2025-08-06 01:13:41,771 - INFO - 投票结果: 选择路径 1, 答案: 48, 置信度: 0.6
2025-08-06 01:13:41,771 - INFO - 投票结果: 选择路径 0, 答案: 7, 置信度: 1.0
2025-08-06 01:13:41,772 - INFO - 投票结果: 选择路径 0, 答案: 50, 置信度: 1.0
2025-08-06 01:13:41,773 - INFO - 投票结果: 选择路径 0, 答案: 25, 置信度: 0.8
2025-08-06 01:13:41,773 - INFO - 投票结果: 选择路径 0, 答案: 500, 置信度: 1.0
2025-08-06 01:13:41,774 - INFO - 投票结果: 选择路径 0, 答案: 300, 置信度: 1.0
2025-08-06 01:13:41,774 - INFO - 投票结果: 选择路径 0, 答案: 842, 置信度: 0.9
2025-08-06 01:13:41,775 - INFO - 投票结果: 选择路径 0, 答案: 600, 置信度: 0.5
2025-08-06 01:13:41,775 - INFO - 投票结果: 选择路径 0, 答案: 140, 置信度: 0.2
2025-08-06 01:13:41,776 - INFO - 投票结果: 选择路径 0, 答案: 32, 置信度: 1.0
2025-08-06 01:13:41,776 - INFO - 投票结果: 选择路径 0, 答案: 15, 置信度: 1.0
2025-08-06 01:13:41,777 - INFO - 投票结果: 选择路径 0, 答案: 243, 置信度: 0.9
2025-08-06 01:13:41,777 - INFO - 投票结果: 选择路径 2, 答案: 60, 置信度: 0.5
2025-08-06 01:13:41,778 - INFO - 投票结果: 选择路径 0, 答案: 1218, 置信度: 1.0
2025-08-06 01:13:41,778 - INFO - 投票结果: 选择路径 0, 答案: 16, 置信度: 0.5
2025-08-06 01:13:41,779 - INFO - 投票结果: 选择路径 1, 答案: 40, 置信度: 0.6
2025-08-06 01:13:41,779 - INFO - 投票结果: 选择路径 0, 答案: 1210, 置信度: 1.0
2025-08-06 01:13:41,780 - INFO - 投票结果: 选择路径 0, 答案: 50, 置信度: 0.7
2025-08-06 01:13:41,781 - INFO - 投票结果: 选择路径 0, 答案: 12, 置信度: 0.9
2025-08-06 01:13:41,781 - INFO - 投票结果: 选择路径 0, 答案: 3528, 置信度: 0.6
2025-08-06 01:13:41,782 - INFO - 投票结果: 选择路径 2, 答案: 150, 置信度: 0.2
2025-08-06 01:13:41,782 - INFO - 投票结果: 选择路径 4, 答案: 1050, 置信度: 0.5
2025-08-06 01:13:41,783 - INFO - 投票结果: 选择路径 0, 答案: 2304, 置信度: 0.8
2025-08-06 01:13:41,783 - INFO - 投票结果: 选择路径 1, 答案: 110, 置信度: 0.2
2025-08-06 01:13:41,784 - INFO - 投票结果: 选择路径 3, 答案: 10000, 置信度: 0.4
2025-08-06 01:13:41,784 - INFO - 投票结果: 选择路径 0, 答案: 410, 置信度: 0.8
2025-08-06 01:13:41,785 - INFO - 投票结果: 选择路径 0, 答案: 32, 置信度: 0.9
2025-08-06 01:13:41,785 - INFO - 投票结果: 选择路径 2, 答案: 120, 置信度: 0.6
2025-08-06 01:13:41,786 - INFO - 投票结果: 选择路径 0, 答案: 29, 置信度: 0.4
2025-08-06 01:13:41,786 - INFO - 投票结果: 选择路径 2, 答案: 190, 置信度: 0.3
2025-08-06 01:13:41,787 - INFO - 投票结果: 选择路径 1, 答案: 80, 置信度: 0.5
2025-08-06 01:13:41,787 - INFO - 投票结果: 选择路径 0, 答案: 200, 置信度: 0.7
2025-08-06 01:13:41,788 - INFO - 投票结果: 选择路径 0, 答案: 2, 置信度: 0.7
2025-08-06 01:13:41,788 - INFO - 投票结果: 选择路径 0, 答案: 9, 置信度: 1.0
2025-08-06 01:13:41,789 - INFO - 投票结果: 选择路径 0, 答案: 100, 置信度: 0.9
2025-08-06 01:13:41,789 - INFO - 投票结果: 选择路径 0, 答案: 40, 置信度: 0.9
2025-08-06 01:13:41,790 - INFO - 投票结果: 选择路径 0, 答案: 50, 置信度: 0.5
2025-08-06 01:13:41,790 - INFO - 投票结果: 选择路径 1, 答案: 5600, 置信度: 0.5
2025-08-06 01:13:41,791 - INFO - 投票结果: 选择路径 0, 答案: 5, 置信度: 0.9
2025-08-06 01:13:41,791 - INFO - 投票结果: 选择路径 0, 答案: 600, 置信度: 1.0
2025-08-06 01:13:41,792 - INFO - 投票结果: 选择路径 0, 答案: 6, 置信度: 1.0
2025-08-06 01:13:41,792 - INFO - 投票结果: 选择路径 0, 答案: 1, 置信度: 1.0
2025-08-06 01:13:41,793 - INFO - 投票结果: 选择路径 0, 答案: 360, 置信度: 0.7
2025-08-06 01:13:41,793 - INFO - 投票结果: 选择路径 0, 答案: 45, 置信度: 1.0
2025-08-06 01:13:41,794 - INFO - 投票结果: 选择路径 0, 答案: 310, 置信度: 1.0
2025-08-06 01:13:41,794 - INFO - 投票结果: 选择路径 0, 答案: 6, 置信度: 0.5
2025-08-06 01:13:41,795 - INFO - 投票结果: 选择路径 0, 答案: 30, 置信度: 1.0
2025-08-06 01:13:41,795 - INFO - 投票结果: 选择路径 0, 答案: 220, 置信度: 0.8
2025-08-06 01:13:41,796 - INFO - 投票结果: 选择路径 0, 答案: 310, 置信度: 1.0
2025-08-06 01:13:41,796 - INFO - 投票结果: 选择路径 0, 答案: 250, 置信度: 0.7
2025-08-06 01:13:41,797 - INFO - 投票结果: 选择路径 0, 答案: 118000, 置信度: 0.5
2025-08-06 01:13:41,797 - INFO - 投票结果: 选择路径 1, 答案: 160, 置信度: 0.9
2025-08-06 01:13:41,798 - INFO - 投票结果: 选择路径 0, 答案: 4, 置信度: 0.8
2025-08-06 01:13:41,798 - INFO - 投票结果: 选择路径 0, 答案: 6, 置信度: 0.9
2025-08-06 01:13:41,799 - INFO - 投票结果: 选择路径 2, 答案: 36, 置信度: 0.3
2025-08-06 01:13:41,799 - INFO - 投票结果: 选择路径 0, 答案: 335, 置信度: 1.0
2025-08-06 01:13:41,800 - INFO - 投票结果: 选择路径 0, 答案: 44, 置信度: 0.7
2025-08-06 01:13:41,800 - INFO - 投票结果: 选择路径 0, 答案: 216, 置信度: 0.9
2025-08-06 01:13:41,801 - INFO - 投票结果: 选择路径 1, 答案: 40, 置信度: 0.8
2025-08-06 01:13:41,801 - INFO - 投票结果: 选择路径 0, 答案: 0.825, 置信度: 0.1
2025-08-06 01:13:41,802 - INFO - 投票结果: 选择路径 1, 答案: 135, 置信度: 0.3
2025-08-06 01:13:41,802 - INFO - 投票结果: 选择路径 2, 答案: 16, 置信度: 0.7
2025-08-06 01:13:41,803 - INFO - 投票结果: 选择路径 0, 答案: 6, 置信度: 0.8
2025-08-06 01:13:41,803 - INFO - 投票结果: 选择路径 0, 答案: 17, 置信度: 0.8
2025-08-06 01:13:41,804 - INFO - 投票结果: 选择路径 0, 答案: 540, 置信度: 1.0
2025-08-06 01:13:41,804 - INFO - 投票结果: 选择路径 1, 答案: 621, 置信度: 0.5
2025-08-06 01:13:41,805 - INFO - 投票结果: 选择路径 0, 答案: 120, 置信度: 0.8
2025-08-06 01:13:41,805 - INFO - 投票结果: 选择路径 0, 答案: 56, 置信度: 0.8
2025-08-06 01:13:41,806 - INFO - 投票结果: 选择路径 0, 答案: 2, 置信度: 1.0
2025-08-06 01:13:41,806 - INFO - 投票结果: 选择路径 0, 答案: 3, 置信度: 1.0
2025-08-06 01:13:41,807 - INFO - 投票结果: 选择路径 0, 答案: 104, 置信度: 0.7
2025-08-06 01:13:41,807 - INFO - 投票结果: 选择路径 0, 答案: 5, 置信度: 0.9
2025-08-06 01:13:41,808 - INFO - 投票结果: 选择路径 1, 答案: 21, 置信度: 0.3
2025-08-06 01:13:41,808 - INFO - 投票结果: 选择路径 0, 答案: 6, 置信度: 1.0
2025-08-06 01:13:41,808 - INFO - 投票结果: 选择路径 0, 答案: 40, 置信度: 0.5
2025-08-06 01:13:41,809 - INFO - 投票结果: 选择路径 0, 答案: 10, 置信度: 0.8
2025-08-06 01:13:41,809 - INFO - 投票结果: 选择路径 0, 答案: 9, 置信度: 1.0
2025-08-06 01:13:41,810 - INFO - 投票结果: 选择路径 0, 答案: 5, 置信度: 1.0
2025-08-06 01:13:41,810 - INFO - 投票结果: 选择路径 0, 答案: 16, 置信度: 0.7
2025-08-06 01:13:41,811 - INFO - 投票结果: 选择路径 0, 答案: 296, 置信度: 0.8
2025-08-06 01:13:41,811 - INFO - 投票结果: 选择路径 0, 答案: 750, 置信度: 0.4
2025-08-06 01:13:41,812 - INFO - 投票结果: 选择路径 0, 答案: 12, 置信度: 0.6
2025-08-06 01:13:41,812 - INFO - 投票结果: 选择路径 0, 答案: 4, 置信度: 1.0
2025-08-06 01:13:41,813 - INFO - 投票结果: 选择路径 0, 答案: 25, 置信度: 0.7
2025-08-06 01:13:41,813 - INFO - 投票结果: 选择路径 5, 答案: 450, 置信度: 0.2
2025-08-06 01:13:41,814 - INFO - 投票结果: 选择路径 2, 答案: 2, 置信度: 0.3
2025-08-06 01:13:41,814 - INFO - 投票结果: 选择路径 0, 答案: 35, 置信度: 0.8
2025-08-06 01:13:41,815 - INFO - 投票结果: 选择路径 0, 答案: 24, 置信度: 1.0
2025-08-06 01:13:41,815 - INFO - 投票结果: 选择路径 0, 答案: 14.67, 置信度: 0.3
2025-08-06 01:13:41,816 - INFO - 投票结果: 选择路径 0, 答案: 69, 置信度: 1.0
2025-08-06 01:13:41,816 - INFO - 投票结果: 选择路径 0, 答案: 168, 置信度: 1.0
2025-08-06 01:13:41,817 - INFO - 投票结果: 选择路径 0, 答案: 20, 置信度: 1.0
2025-08-06 01:13:41,818 - INFO - 投票结果: 选择路径 0, 答案: 4, 置信度: 0.7
2025-08-06 01:13:41,818 - INFO - 投票结果: 选择路径 0, 答案: 1596, 置信度: 0.9
2025-08-06 01:13:41,819 - INFO - 投票结果: 选择路径 0, 答案: 150, 置信度: 0.4
2025-08-06 01:13:41,819 - INFO - 投票结果: 选择路径 0, 答案: 20, 置信度: 0.7
2025-08-06 01:13:41,820 - INFO - 投票结果: 选择路径 0, 答案: 2, 置信度: 0.9
2025-08-06 01:13:41,820 - INFO - 投票结果: 选择路径 0, 答案: 7, 置信度: 0.4
2025-08-06 01:13:41,821 - INFO - 投票结果: 选择路径 1, 答案: 3140, 置信度: 0.4
2025-08-06 01:13:41,821 - INFO - 投票结果: 选择路径 0, 答案: 4, 置信度: 1.0
2025-08-06 01:13:41,822 - INFO - 投票结果: 选择路径 0, 答案: 81, 置信度: 1.0
2025-08-06 01:13:41,822 - INFO - 投票结果: 选择路径 1, 答案: 54, 置信度: 0.3
2025-08-06 01:13:41,823 - INFO - 投票结果: 选择路径 0, 答案: 1400, 置信度: 0.6
2025-08-06 01:13:41,823 - INFO - 投票结果: 选择路径 0, 答案: 66.67, 置信度: 0.2
2025-08-06 01:13:41,824 - INFO - 投票结果: 选择路径 2, 答案: 25, 置信度: 0.3
2025-08-06 01:13:41,824 - INFO - 投票结果: 选择路径 0, 答案: 26, 置信度: 1.0
2025-08-06 01:13:41,825 - INFO - 投票结果: 选择路径 0, 答案: 13, 置信度: 1.0
2025-08-06 01:13:41,825 - INFO - 投票结果: 选择路径 0, 答案: 623, 置信度: 0.5
2025-08-06 01:13:41,826 - INFO - 投票结果: 选择路径 0, 答案: 92, 置信度: 1.0
2025-08-06 01:13:41,826 - INFO - 投票结果: 选择路径 1, 答案: 42, 置信度: 0.4
2025-08-06 01:13:41,827 - INFO - 投票结果: 选择路径 1, 答案: 55, 置信度: 0.8
2025-08-06 01:13:41,827 - INFO - 投票结果: 选择路径 0, 答案: 90, 置信度: 0.9
2025-08-06 01:13:41,828 - INFO - 投票结果: 选择路径 0, 答案: 75, 置信度: 1.0
2025-08-06 01:13:41,828 - INFO - 投票结果: 选择路径 0, 答案: 10, 置信度: 1.0
2025-08-06 01:13:41,829 - INFO - 投票结果: 选择路径 0, 答案: 70, 置信度: 1.0
2025-08-06 01:13:41,829 - INFO - 投票结果: 选择路径 1, 答案: 5, 置信度: 0.3
2025-08-06 01:13:41,830 - INFO - 投票结果: 选择路径 0, 答案: 2450, 置信度: 0.8
2025-08-06 01:13:41,830 - INFO - 投票结果: 选择路径 2, 答案: 20, 置信度: 0.4
2025-08-06 01:13:41,831 - INFO - 投票结果: 选择路径 1, 答案: 378000, 置信度: 0.6
2025-08-06 01:13:41,831 - INFO - 投票结果: 选择路径 0, 答案: 38, 置信度: 0.8
2025-08-06 01:13:41,832 - INFO - 投票结果: 选择路径 1, 答案: 300, 置信度: 0.8
2025-08-06 01:13:41,832 - INFO - 投票结果: 选择路径 0, 答案: 75, 置信度: 1.0
2025-08-06 01:13:41,833 - INFO - 投票结果: 选择路径 5, 答案: 360, 置信度: 0.3
2025-08-06 01:13:41,833 - INFO - 投票结果: 选择路径 0, 答案: 18, 置信度: 0.8
2025-08-06 01:13:41,834 - INFO - 投票结果: 选择路径 0, 答案: 9500, 置信度: 0.9
2025-08-06 01:13:41,834 - INFO - 投票结果: 选择路径 2, 答案: 7, 置信度: 0.6
2025-08-06 01:13:41,835 - INFO - 投票结果: 选择路径 0, 答案: 336, 置信度: 0.9
2025-08-06 01:13:41,835 - INFO - 投票结果: 选择路径 3, 答案: 44, 置信度: 0.2
2025-08-06 01:13:41,836 - INFO - 投票结果: 选择路径 0, 答案: 78, 置信度: 1.0
2025-08-06 01:13:41,836 - INFO - 投票结果: 选择路径 1, 答案: 155, 置信度: 0.4
2025-08-06 01:13:41,837 - INFO - 投票结果: 选择路径 0, 答案: 15, 置信度: 0.5
2025-08-06 01:13:41,837 - INFO - 投票结果: 选择路径 0, 答案: 375, 置信度: 0.9
2025-08-06 01:13:41,838 - INFO - 投票结果: 选择路径 1, 答案: 54, 置信度: 0.7
2025-08-06 01:13:41,838 - INFO - 投票结果: 选择路径 0, 答案: 6400, 置信度: 0.6
2025-08-06 01:13:41,839 - INFO - 投票结果: 选择路径 0, 答案: 10, 置信度: 0.2
2025-08-06 01:13:41,839 - INFO - 投票结果: 选择路径 0, 答案: 7, 置信度: 0.4
2025-08-06 01:13:41,840 - INFO - 投票结果: 选择路径 1, 答案: 100, 置信度: 0.5
2025-08-06 01:13:41,840 - INFO - 投票结果: 选择路径 1, 答案: 450, 置信度: 0.8
2025-08-06 01:13:41,841 - INFO - 投票结果: 选择路径 3, 答案: 6600, 置信度: 0.2
2025-08-06 01:13:41,841 - INFO - 投票结果: 选择路径 6, 答案: 18, 置信度: 0.2
2025-08-06 01:13:41,842 - INFO - 投票结果: 选择路径 0, 答案: 6, 置信度: 1.0
2025-08-06 01:13:41,842 - INFO - 投票结果: 选择路径 0, 答案: 1200, 置信度: 0.7
2025-08-06 01:13:41,843 - INFO - 投票结果: 选择路径 0, 答案: 24, 置信度: 0.8
2025-08-06 01:13:41,843 - INFO - 投票结果: 选择路径 0, 答案: 14, 置信度: 0.6
2025-08-06 01:13:41,844 - INFO - 投票结果: 选择路径 0, 答案: 28.33, 置信度: 0.2
2025-08-06 01:13:41,844 - INFO - 投票结果: 选择路径 0, 答案: 230, 置信度: 0.9
2025-08-06 01:13:41,845 - INFO - 投票结果: 选择路径 5, 答案: 20, 置信度: 0.2
2025-08-06 01:13:41,845 - INFO - 投票结果: 选择路径 1, 答案: 40, 置信度: 0.4
2025-08-06 01:13:41,846 - INFO - 投票结果: 选择路径 0, 答案: 14, 置信度: 0.8
2025-08-06 01:13:41,846 - INFO - 投票结果: 选择路径 0, 答案: 20, 置信度: 1.0
2025-08-06 01:13:41,847 - INFO - 投票结果: 选择路径 1, 答案: 180, 置信度: 0.4
2025-08-06 01:13:41,847 - INFO - 投票结果: 选择路径 0, 答案: 3, 置信度: 0.6
2025-08-06 01:13:41,848 - INFO - 投票结果: 选择路径 0, 答案: 126, 置信度: 0.1
2025-08-06 01:13:41,848 - INFO - 投票结果: 选择路径 1, 答案: 64, 置信度: 0.6
2025-08-06 01:13:41,849 - INFO - 投票结果: 选择路径 0, 答案: 48, 置信度: 1.0
2025-08-06 01:13:41,849 - INFO - 投票结果: 选择路径 0, 答案: 4, 置信度: 1.0
2025-08-06 01:13:41,850 - INFO - 投票结果: 选择路径 0, 答案: 14, 置信度: 0.9
2025-08-06 01:13:41,850 - INFO - 投票结果: 选择路径 1, 答案: 5600, 置信度: 0.5
2025-08-06 01:13:41,851 - INFO - 投票结果: 选择路径 4, 答案: 13, 置信度: 0.3
2025-08-06 01:13:41,851 - INFO - 投票结果: 选择路径 1, 答案: 144, 置信度: 0.6
2025-08-06 01:13:41,852 - INFO - 投票结果: 选择路径 4, 答案: 500, 置信度: 0.4
2025-08-06 01:13:41,852 - INFO - 投票结果: 选择路径 0, 答案: 428, 置信度: 0.9
2025-08-06 01:13:41,853 - INFO - 投票结果: 选择路径 0, 答案: 665, 置信度: 0.8
2025-08-06 01:13:41,853 - INFO - 投票结果: 选择路径 0, 答案: 48, 置信度: 0.4
2025-08-06 01:13:41,854 - INFO - 投票结果: 选择路径 4, 答案: 2.5, 置信度: 0.4
2025-08-06 01:13:41,854 - INFO - 投票结果: 选择路径 4, 答案: 90, 置信度: 0.4
2025-08-06 01:13:41,855 - INFO - 投票结果: 选择路径 0, 答案: 570, 置信度: 1.0
2025-08-06 01:13:41,855 - INFO - 投票结果: 选择路径 0, 答案: 5, 置信度: 0.9
2025-08-06 01:13:41,856 - INFO - 投票结果: 选择路径 1, 答案: 88, 置信度: 0.3
2025-08-06 01:13:41,856 - INFO - 投票结果: 选择路径 0, 答案: 160, 置信度: 1.0
2025-08-06 01:13:41,857 - INFO - 投票结果: 选择路径 0, 答案: 6, 置信度: 1.0
2025-08-06 01:13:41,857 - INFO - 投票结果: 选择路径 0, 答案: 6000, 置信度: 0.8
2025-08-06 01:13:41,858 - INFO - 投票结果: 选择路径 3, 答案: 800, 置信度: 0.6
2025-08-06 01:13:41,858 - INFO - 投票结果: 选择路径 0, 答案: 1, 置信度: 0.7
2025-08-06 01:13:41,859 - INFO - 投票结果: 选择路径 0, 答案: 17.45, 置信度: 0.1
2025-08-06 01:13:41,859 - INFO - 投票结果: 选择路径 0, 答案: 31, 置信度: 0.6
2025-08-06 01:13:41,860 - INFO - 投票结果: 选择路径 0, 答案: 276000, 置信度: 1.0
2025-08-06 01:13:41,860 - INFO - 投票结果: 选择路径 2, 答案: 482, 置信度: 0.5
2025-08-06 01:13:41,861 - INFO - 投票结果: 选择路径 0, 答案: 100, 置信度: 1.0
2025-08-06 01:13:41,861 - INFO - 投票结果: 选择路径 0, 答案: 21, 置信度: 1.0
2025-08-06 01:13:41,862 - INFO - 投票结果: 选择路径 0, 答案: 40, 置信度: 1.0
2025-08-06 01:13:41,862 - INFO - 投票结果: 选择路径 0, 答案: 180000, 置信度: 0.9
2025-08-06 01:13:41,863 - INFO - 投票结果: 选择路径 0, 答案: 14, 置信度: 0.9
2025-08-06 01:13:41,863 - INFO - 投票结果: 选择路径 0, 答案: 54, 置信度: 0.4
2025-08-06 01:13:41,864 - INFO - 投票结果: 选择路径 0, 答案: 5, 置信度: 0.5
2025-08-06 01:13:41,864 - INFO - 投票结果: 选择路径 0, 答案: 48, 置信度: 0.7
2025-08-06 01:13:41,865 - INFO - 投票结果: 选择路径 0, 答案: 390, 置信度: 0.8
2025-08-06 01:13:41,865 - INFO - 投票结果: 选择路径 0, 答案: 22, 置信度: 0.8
2025-08-06 01:13:41,866 - INFO - 投票结果: 选择路径 0, 答案: 12, 置信度: 0.8
2025-08-06 01:13:41,866 - INFO - 投票结果: 选择路径 0, 答案: 18000, 置信度: 0.5
2025-08-06 01:13:41,867 - INFO - 投票结果: 选择路径 0, 答案: 128, 置信度: 0.4
2025-08-06 01:13:41,867 - INFO - 投票结果: 选择路径 0, 答案: 10, 置信度: 0.8
2025-08-06 01:13:41,867 - INFO - 投票结果: 选择路径 1, 答案: 27, 置信度: 0.2
2025-08-06 01:13:41,868 - INFO - 投票结果: 选择路径 0, 答案: 22, 置信度: 0.9
2025-08-06 01:13:41,868 - INFO - 投票结果: 选择路径 1, 答案: 61, 置信度: 0.3
2025-08-06 01:13:41,869 - INFO - 投票结果: 选择路径 0, 答案: 10, 置信度: 0.8
2025-08-06 01:13:41,869 - INFO - 投票结果: 选择路径 0, 答案: 15, 置信度: 0.8
2025-08-06 01:13:41,870 - INFO - 投票结果: 选择路径 0, 答案: 14, 置信度: 0.9
2025-08-06 01:13:41,870 - INFO - 投票结果: 选择路径 0, 答案: 14, 置信度: 1.0
2025-08-06 01:13:41,871 - INFO - 投票结果: 选择路径 0, 答案: 4, 置信度: 1.0
2025-08-06 01:13:41,871 - INFO - 投票结果: 选择路径 0, 答案: 3000, 置信度: 0.9
2025-08-06 01:13:41,872 - INFO - 投票结果: 选择路径 0, 答案: 4, 置信度: 0.6
2025-08-06 01:13:41,872 - INFO - 投票结果: 选择路径 0, 答案: 374, 置信度: 0.4
2025-08-06 01:13:41,873 - INFO - 投票结果: 选择路径 2, 答案: 1080, 置信度: 0.7
2025-08-06 01:13:41,873 - INFO - 投票结果: 选择路径 0, 答案: 84, 置信度: 0.5
2025-08-06 01:13:41,874 - INFO - 投票结果: 选择路径 0, 答案: 91, 置信度: 0.9
2025-08-06 01:13:41,875 - INFO - 投票结果: 选择路径 0, 答案: 18, 置信度: 1.0
2025-08-06 01:13:41,875 - INFO - 投票结果: 选择路径 0, 答案: 180, 置信度: 1.0
2025-08-06 01:13:41,876 - INFO - 投票结果: 选择路径 1, 答案: 350, 置信度: 0.5
2025-08-06 01:13:41,876 - INFO - 投票结果: 选择路径 1, 答案: 6, 置信度: 0.4
2025-08-06 01:13:41,877 - INFO - 投票结果: 选择路径 0, 答案: 129200, 置信度: 0.7
2025-08-06 01:13:41,877 - INFO - 投票结果: 选择路径 0, 答案: 10, 置信度: 0.8
2025-08-06 01:13:41,878 - INFO - 投票结果: 选择路径 0, 答案: 14, 置信度: 0.9
2025-08-06 01:13:41,878 - INFO - 投票结果: 选择路径 0, 答案: 12, 置信度: 0.9
2025-08-06 01:13:41,879 - INFO - 投票结果: 选择路径 0, 答案: 68, 置信度: 0.7
2025-08-06 01:13:41,879 - INFO - 投票结果: 选择路径 0, 答案: 58, 置信度: 1.0
2025-08-06 01:13:41,880 - INFO - 投票结果: 选择路径 0, 答案: 40, 置信度: 0.9
2025-08-06 01:13:41,880 - INFO - 投票结果: 选择路径 0, 答案: 132, 置信度: 0.9
2025-08-06 01:13:41,881 - INFO - 投票结果: 选择路径 0, 答案: 120, 置信度: 1.0
2025-08-06 01:13:41,881 - INFO - 投票结果: 选择路径 0, 答案: 120, 置信度: 1.0
2025-08-06 01:13:41,882 - INFO - 投票结果: 选择路径 0, 答案: 120, 置信度: 0.5
2025-08-06 01:13:41,882 - INFO - 投票结果: 选择路径 0, 答案: 15, 置信度: 1.0
2025-08-06 01:13:41,883 - INFO - 投票结果: 选择路径 0, 答案: 576, 置信度: 1.0
2025-08-06 01:13:41,883 - INFO - 投票结果: 选择路径 0, 答案: 5, 置信度: 1.0
2025-08-06 01:13:41,884 - INFO - 投票结果: 选择路径 0, 答案: 20, 置信度: 1.0
2025-08-06 01:13:41,884 - INFO - 投票结果: 选择路径 0, 答案: 40, 置信度: 0.6
2025-08-06 01:13:41,885 - INFO - 投票结果: 选择路径 0, 答案: 23, 置信度: 1.0
2025-08-06 01:13:41,886 - INFO - 投票结果: 选择路径 1, 答案: 156, 置信度: 0.8
2025-08-06 01:13:41,886 - INFO - 投票结果: 选择路径 2, 答案: 280, 置信度: 0.5
2025-08-06 01:13:41,887 - INFO - 投票结果: 选择路径 0, 答案: 4, 置信度: 0.7
2025-08-06 01:13:41,888 - INFO - 投票结果: 选择路径 0, 答案: 2, 置信度: 1.0
2025-08-06 01:13:41,888 - INFO - 投票结果: 选择路径 0, 答案: 120, 置信度: 0.9
2025-08-06 01:13:41,889 - INFO - 投票结果: 选择路径 1, 答案: 52, 置信度: 0.7
2025-08-06 01:13:41,889 - INFO - 投票结果: 选择路径 0, 答案: 15, 置信度: 1.0
2025-08-06 01:13:41,890 - INFO - 投票结果: 选择路径 0, 答案: 9, 置信度: 1.0
2025-08-06 01:13:41,890 - INFO - 投票结果: 选择路径 2, 答案: 120, 置信度: 0.3
2025-08-06 01:13:41,891 - INFO - 投票结果: 选择路径 2, 答案: 20, 置信度: 0.8
2025-08-06 01:13:41,891 - INFO - 投票结果: 选择路径 0, 答案: 30, 置信度: 0.9
2025-08-06 01:13:41,892 - INFO - 投票结果: 选择路径 0, 答案: 80, 置信度: 0.6
2025-08-06 01:13:41,892 - INFO - 投票结果: 选择路径 0, 答案: 5, 置信度: 0.8
2025-08-06 01:13:41,893 - INFO - 投票结果: 选择路径 0, 答案: 5, 置信度: 0.8
2025-08-06 01:13:41,893 - INFO - 投票结果: 选择路径 0, 答案: 80, 置信度: 1.0
2025-08-06 01:13:41,894 - INFO - 投票结果: 选择路径 5, 答案: 38, 置信度: 0.4
2025-08-06 01:13:41,895 - INFO - 投票结果: 选择路径 0, 答案: 42, 置信度: 0.7
2025-08-06 01:13:41,895 - INFO - 投票结果: 选择路径 0, 答案: 3, 置信度: 1.0
2025-08-06 01:13:41,896 - INFO - 投票结果: 选择路径 0, 答案: 50, 置信度: 1.0
2025-08-06 01:13:41,896 - INFO - 投票结果: 选择路径 0, 答案: 17, 置信度: 1.0
2025-08-06 01:13:41,897 - INFO - 投票结果: 选择路径 2, 答案: 19, 置信度: 0.2
2025-08-06 01:13:41,898 - INFO - 投票结果: 选择路径 2, 答案: 20, 置信度: 0.3
2025-08-06 01:13:41,898 - INFO - 投票结果: 选择路径 1, 答案: 120, 置信度: 0.5
2025-08-06 01:13:41,899 - INFO - 投票结果: 选择路径 0, 答案: 20, 置信度: 0.3
2025-08-06 01:13:41,899 - INFO - 投票结果: 选择路径 0, 答案: 45, 置信度: 1.0
2025-08-06 01:13:41,900 - INFO - 投票结果: 选择路径 3, 答案: 11, 置信度: 0.3
2025-08-06 01:13:41,900 - INFO - 投票结果: 选择路径 0, 答案: 10, 置信度: 1.0
2025-08-06 01:13:41,901 - INFO - 投票结果: 选择路径 2, 答案: 328, 置信度: 0.3
2025-08-06 01:13:41,901 - INFO - 投票结果: 选择路径 0, 答案: 92, 置信度: 0.7
2025-08-06 01:13:41,902 - INFO - 投票结果: 选择路径 0, 答案: 70, 置信度: 0.9
2025-08-06 01:13:41,902 - INFO - 投票结果: 选择路径 0, 答案: 74, 置信度: 0.7
2025-08-06 01:13:41,903 - INFO - 投票结果: 选择路径 1, 答案: 1509, 置信度: 0.8
2025-08-06 01:13:41,903 - INFO - 投票结果: 选择路径 0, 答案: 2, 置信度: 0.7
2025-08-06 01:13:41,904 - INFO - 投票结果: 选择路径 0, 答案: 1, 置信度: 0.9
2025-08-06 01:13:41,905 - INFO - 投票结果: 选择路径 0, 答案: 1170, 置信度: 1.0
2025-08-06 01:13:41,905 - INFO - 投票结果: 选择路径 0, 答案: 28, 置信度: 0.6
2025-08-06 01:13:41,906 - INFO - 投票结果: 选择路径 1, 答案: 20, 置信度: 0.5
2025-08-06 01:13:41,906 - INFO - 投票结果: 选择路径 1, 答案: 20, 置信度: 0.9
2025-08-06 01:13:41,907 - INFO - 投票结果: 选择路径 4, 答案: 65960, 置信度: 0.4
2025-08-06 01:13:41,907 - INFO - 投票结果: 选择路径 1, 答案: 16, 置信度: 0.2
2025-08-06 01:13:41,908 - INFO - 投票结果: 选择路径 0, 答案: 575, 置信度: 1.0
2025-08-06 01:13:41,908 - INFO - 投票结果: 选择路径 0, 答案: 60, 置信度: 0.9
2025-08-06 01:13:41,909 - INFO - 投票结果: 选择路径 0, 答案: 42, 置信度: 0.7
2025-08-06 01:13:41,910 - INFO - 投票结果: 选择路径 0, 答案: 25, 置信度: 0.2
2025-08-06 01:13:41,910 - INFO - 投票结果: 选择路径 3, 答案: 43, 置信度: 0.2
2025-08-06 01:13:41,911 - INFO - 投票结果: 选择路径 0, 答案: 70, 置信度: 1.0
2025-08-06 01:13:41,911 - INFO - 投票结果: 选择路径 0, 答案: 25, 置信度: 1.0
2025-08-06 01:13:41,912 - INFO - 投票结果: 选择路径 0, 答案: 160, 置信度: 0.8
2025-08-06 01:13:41,912 - INFO - 投票结果: 选择路径 1, 答案: 398, 置信度: 0.7
2025-08-06 01:13:41,913 - INFO - 投票结果: 选择路径 0, 答案: 5, 置信度: 1.0
2025-08-06 01:13:41,913 - INFO - 投票结果: 选择路径 1, 答案: 42000, 置信度: 0.5
2025-08-06 01:13:41,914 - INFO - 投票结果: 选择路径 0, 答案: 39, 置信度: 0.6
2025-08-06 01:13:41,914 - INFO - 投票结果: 选择路径 0, 答案: 20, 置信度: 0.5
2025-08-06 01:13:41,915 - INFO - 投票结果: 选择路径 0, 答案: 4, 置信度: 0.3
2025-08-06 01:13:41,916 - INFO - 投票结果: 选择路径 0, 答案: 40, 置信度: 0.7
2025-08-06 01:13:41,916 - INFO - 投票结果: 选择路径 0, 答案: 100, 置信度: 1.0
2025-08-06 01:13:41,917 - INFO - 投票结果: 选择路径 0, 答案: 60, 置信度: 1.0
2025-08-06 01:13:41,917 - INFO - 投票结果: 选择路径 0, 答案: 100, 置信度: 1.0
2025-08-06 01:13:41,918 - INFO - 投票结果: 选择路径 0, 答案: 72, 置信度: 0.9
2025-08-06 01:13:41,918 - INFO - 投票结果: 选择路径 2, 答案: 20, 置信度: 0.6
2025-08-06 01:13:41,919 - INFO - 投票结果: 选择路径 0, 答案: 6277, 置信度: 0.6
2025-08-06 01:13:41,919 - INFO - 投票结果: 选择路径 2, 答案: 20, 置信度: 0.2
2025-08-06 01:13:41,920 - INFO - 投票结果: 选择路径 1, 答案: 26, 置信度: 0.9
2025-08-06 01:13:41,920 - INFO - 投票结果: 选择路径 0, 答案: 4, 置信度: 0.2
2025-08-06 01:13:41,921 - INFO - 投票结果: 选择路径 0, 答案: 12, 置信度: 0.8
2025-08-06 01:13:41,921 - INFO - 投票结果: 选择路径 2, 答案: 12, 置信度: 0.2
2025-08-06 01:13:41,922 - INFO - 投票结果: 选择路径 0, 答案: 16, 置信度: 0.5
2025-08-06 01:13:41,923 - INFO - 投票结果: 选择路径 0, 答案: 32, 置信度: 1.0
2025-08-06 01:13:41,923 - INFO - 投票结果: 选择路径 1, 答案: 20, 置信度: 0.8
2025-08-06 01:13:41,924 - INFO - 投票结果: 选择路径 0, 答案: 20, 置信度: 0.8
2025-08-06 01:13:41,924 - INFO - 投票结果: 选择路径 0, 答案: 320, 置信度: 0.8
2025-08-06 01:13:41,925 - INFO - 投票结果: 选择路径 0, 答案: 77, 置信度: 1.0
2025-08-06 01:13:41,925 - INFO - 投票结果: 选择路径 0, 答案: 9, 置信度: 0.7
2025-08-06 01:13:41,926 - INFO - 投票结果: 选择路径 0, 答案: 1, 置信度: 0.6
2025-08-06 01:13:41,927 - INFO - 投票结果: 选择路径 4, 答案: 1248, 置信度: 0.4
2025-08-06 01:13:41,927 - INFO - 投票结果: 选择路径 1, 答案: 15, 置信度: 0.6
2025-08-06 01:13:41,928 - INFO - 投票结果: 选择路径 0, 答案: 16, 置信度: 1.0
2025-08-06 01:13:41,928 - INFO - 投票结果: 选择路径 0, 答案: 2, 置信度: 0.9
2025-08-06 01:13:41,929 - INFO - 投票结果: 选择路径 0, 答案: 70, 置信度: 0.3
2025-08-06 01:13:41,929 - INFO - 投票结果: 选择路径 1, 答案: 60, 置信度: 0.7
2025-08-06 01:13:41,930 - INFO - 投票结果: 选择路径 2, 答案: 315, 置信度: 0.2
2025-08-06 01:13:41,931 - INFO - 投票结果: 选择路径 1, 答案: 84, 置信度: 0.6
2025-08-06 01:13:41,931 - INFO - 投票结果: 选择路径 1, 答案: 100, 置信度: 0.2
2025-08-06 01:13:41,932 - INFO - 投票结果: 选择路径 0, 答案: 300, 置信度: 0.7
2025-08-06 01:13:41,932 - INFO - 投票结果: 选择路径 0, 答案: 50, 置信度: 1.0
2025-08-06 01:13:41,933 - INFO - 投票结果: 选择路径 0, 答案: 14, 置信度: 1.0
2025-08-06 01:13:41,933 - INFO - 投票结果: 选择路径 0, 答案: 21, 置信度: 0.2
2025-08-06 01:13:41,934 - INFO - 投票结果: 选择路径 0, 答案: 12, 置信度: 0.9
2025-08-06 01:13:41,934 - INFO - 投票结果: 选择路径 0, 答案: 1240, 置信度: 1.0
2025-08-06 01:13:41,935 - INFO - 投票结果: 选择路径 0, 答案: 8, 置信度: 1.0
2025-08-06 01:13:41,935 - INFO - 投票结果: 选择路径 2, 答案: 63, 置信度: 0.2
2025-08-06 01:13:41,936 - INFO - 投票结果: 选择路径 0, 答案: 2, 置信度: 0.9
2025-08-06 01:13:41,937 - INFO - 投票结果: 选择路径 0, 答案: 2, 置信度: 0.9
2025-08-06 01:13:41,937 - INFO - 投票结果: 选择路径 0, 答案: 268, 置信度: 0.3
2025-08-06 01:13:41,938 - INFO - 投票结果: 选择路径 0, 答案: 160, 置信度: 1.0
2025-08-06 01:13:41,939 - INFO - 投票结果: 选择路径 0, 答案: 1128, 置信度: 0.4
2025-08-06 01:13:41,939 - INFO - 投票结果: 选择路径 0, 答案: 6250, 置信度: 1.0
2025-08-06 01:13:41,940 - INFO - 投票结果: 选择路径 0, 答案: 5, 置信度: 1.0
2025-08-06 01:13:41,940 - INFO - 投票结果: 选择路径 0, 答案: 500, 置信度: 1.0
2025-08-06 01:13:41,941 - INFO - 投票结果: 选择路径 0, 答案: 6, 置信度: 0.4
2025-08-06 01:13:41,941 - INFO - 投票结果: 选择路径 0, 答案: 34, 置信度: 1.0
2025-08-06 01:13:41,942 - INFO - 投票结果: 选择路径 0, 答案: 60, 置信度: 1.0
2025-08-06 01:13:41,942 - INFO - 投票结果: 选择路径 1, 答案: 6, 置信度: 0.3
2025-08-06 01:13:41,943 - INFO - 投票结果: 选择路径 0, 答案: 56, 置信度: 0.5
2025-08-06 01:13:41,943 - INFO - 投票结果: 选择路径 0, 答案: 74, 置信度: 1.0
2025-08-06 01:13:41,944 - INFO - 投票结果: 选择路径 0, 答案: 15, 置信度: 0.5
2025-08-06 01:13:41,945 - INFO - 投票结果: 选择路径 0, 答案: 600, 置信度: 0.9
2025-08-06 01:13:41,945 - INFO - 投票结果: 选择路径 1, 答案: 20, 置信度: 0.3
2025-08-06 01:13:41,946 - INFO - 投票结果: 选择路径 0, 答案: 23, 置信度: 0.9
2025-08-06 01:13:41,946 - INFO - 投票结果: 选择路径 0, 答案: 20, 置信度: 1.0
2025-08-06 01:13:41,947 - INFO - 投票结果: 选择路径 0, 答案: 80, 置信度: 0.8
2025-08-06 01:13:41,947 - INFO - 投票结果: 选择路径 1, 答案: 43, 置信度: 0.6
2025-08-06 01:13:41,948 - INFO - 投票结果: 选择路径 0, 答案: 720, 置信度: 1.0
2025-08-06 01:13:41,948 - INFO - 投票结果: 选择路径 0, 答案: 4, 置信度: 0.8
2025-08-06 01:13:41,949 - INFO - 投票结果: 选择路径 0, 答案: 9, 置信度: 1.0
2025-08-06 01:13:41,950 - INFO - 投票结果: 选择路径 1, 答案: 40, 置信度: 0.3
2025-08-06 01:13:41,950 - INFO - 投票结果: 选择路径 0, 答案: 8, 置信度: 0.9
2025-08-06 01:13:41,951 - INFO - 投票结果: 选择路径 0, 答案: 16, 置信度: 0.6
2025-08-06 01:13:41,951 - INFO - 投票结果: 选择路径 0, 答案: 4, 置信度: 0.2
2025-08-06 01:13:41,952 - INFO - 投票结果: 选择路径 0, 答案: 47, 置信度: 0.9
2025-08-06 01:13:41,952 - INFO - 投票结果: 选择路径 0, 答案: 240000, 置信度: 0.9
2025-08-06 01:13:41,953 - INFO - 投票结果: 选择路径 1, 答案: 14, 置信度: 0.9
2025-08-06 01:13:41,953 - INFO - 投票结果: 选择路径 0, 答案: 26, 置信度: 1.0
2025-08-06 01:13:41,954 - INFO - 投票结果: 选择路径 0, 答案: 2.67, 置信度: 0.8
2025-08-06 01:13:41,955 - INFO - 投票结果: 选择路径 2, 答案: 25, 置信度: 0.3
2025-08-06 01:13:41,955 - INFO - 投票结果: 选择路径 1, 答案: 5, 置信度: 0.5
2025-08-06 01:13:41,956 - INFO - 投票结果: 选择路径 0, 答案: 5, 置信度: 1.0
2025-08-06 01:13:41,956 - INFO - 投票结果: 选择路径 1, 答案: 260, 置信度: 0.2
2025-08-06 01:13:41,957 - INFO - 投票结果: 选择路径 0, 答案: 67, 置信度: 0.8
2025-08-06 01:13:41,957 - INFO - 投票结果: 选择路径 1, 答案: 144, 置信度: 0.5
2025-08-06 01:13:41,958 - INFO - 投票结果: 选择路径 0, 答案: 75, 置信度: 0.9
2025-08-06 01:13:41,958 - INFO - 投票结果: 选择路径 0, 答案: 3, 置信度: 1.0
2025-08-06 01:13:41,959 - INFO - 投票结果: 选择路径 0, 答案: 4, 置信度: 1.0
2025-08-06 01:13:41,959 - INFO - 投票结果: 选择路径 0, 答案: 2000, 置信度: 1.0
2025-08-06 01:13:41,960 - INFO - 投票结果: 选择路径 0, 答案: 20, 置信度: 0.4
2025-08-06 01:13:41,961 - INFO - 投票结果: 选择路径 0, 答案: 8, 置信度: 1.0
2025-08-06 01:13:41,961 - INFO - 投票结果: 选择路径 0, 答案: 100, 置信度: 1.0
2025-08-06 01:13:41,962 - INFO - 投票结果: 选择路径 0, 答案: 60, 置信度: 0.6
2025-08-06 01:13:41,962 - INFO - 投票结果: 选择路径 0, 答案: 460, 置信度: 1.0
2025-08-06 01:13:41,963 - INFO - 投票结果: 选择路径 0, 答案: 10, 置信度: 0.5
2025-08-06 01:13:41,963 - INFO - 投票结果: 选择路径 0, 答案: 750, 置信度: 0.8
2025-08-06 01:13:41,964 - INFO - 投票结果: 选择路径 3, 答案: 255, 置信度: 0.4
2025-08-06 01:13:41,964 - INFO - 投票结果: 选择路径 2, 答案: 240, 置信度: 0.4
2025-08-06 01:13:41,965 - INFO - 投票结果: 选择路径 0, 答案: 50, 置信度: 1.0
2025-08-06 01:13:41,965 - INFO - 投票结果: 选择路径 1, 答案: 60000, 置信度: 0.8
2025-08-06 01:13:41,966 - INFO - 投票结果: 选择路径 0, 答案: 77, 置信度: 0.5
2025-08-06 01:13:41,967 - INFO - 投票结果: 选择路径 2, 答案: 90, 置信度: 0.2
2025-08-06 01:13:41,967 - INFO - 投票结果: 选择路径 1, 答案: 225, 置信度: 0.5
2025-08-06 01:13:41,968 - INFO - 投票结果: 选择路径 0, 答案: 13, 置信度: 1.0
2025-08-06 01:13:41,968 - INFO - 投票结果: 选择路径 2, 答案: 3, 置信度: 0.4
2025-08-06 01:13:41,969 - INFO - 投票结果: 选择路径 3, 答案: 210, 置信度: 0.3
2025-08-06 01:13:41,969 - INFO - 投票结果: 选择路径 0, 答案: 540, 置信度: 0.8
2025-08-06 01:13:41,970 - INFO - 投票结果: 选择路径 0, 答案: 104, 置信度: 0.8
2025-08-06 01:13:41,970 - INFO - 投票结果: 选择路径 0, 答案: 27, 置信度: 0.7
2025-08-06 01:13:41,971 - INFO - 投票结果: 选择路径 0, 答案: 75, 置信度: 1.0
2025-08-06 01:13:41,972 - INFO - 投票结果: 选择路径 2, 答案: 252, 置信度: 0.3
2025-08-06 01:13:41,972 - INFO - 投票结果: 选择路径 4, 答案: 100, 置信度: 0.3
2025-08-06 01:13:41,973 - INFO - 投票结果: 选择路径 1, 答案: 348, 置信度: 0.3
2025-08-06 01:13:41,973 - INFO - 投票结果: 选择路径 0, 答案: 15, 置信度: 0.8
2025-08-06 01:13:41,974 - INFO - 投票结果: 选择路径 0, 答案: 247, 置信度: 0.4
2025-08-06 01:13:41,974 - INFO - 投票结果: 选择路径 2, 答案: 12, 置信度: 0.3
2025-08-06 01:13:41,975 - INFO - 投票结果: 选择路径 3, 答案: 85000, 置信度: 0.7
2025-08-06 01:13:41,975 - INFO - 投票结果: 选择路径 0, 答案: 11, 置信度: 0.2
2025-08-06 01:13:41,976 - INFO - 投票结果: 选择路径 0, 答案: 48, 置信度: 0.2
2025-08-06 01:13:41,977 - INFO - 投票结果: 选择路径 0, 答案: 18, 置信度: 0.9
2025-08-06 01:13:41,977 - INFO - 投票结果: 选择路径 0, 答案: 3, 置信度: 1.0
2025-08-06 01:13:41,978 - INFO - 投票结果: 选择路径 0, 答案: 12, 置信度: 1.0
2025-08-06 01:13:41,979 - INFO - 投票结果: 选择路径 2, 答案: 160000, 置信度: 0.7
2025-08-06 01:13:41,979 - INFO - 投票结果: 选择路径 0, 答案: 50, 置信度: 0.7
2025-08-06 01:13:41,980 - INFO - 投票结果: 选择路径 0, 答案: 76, 置信度: 1.0
2025-08-06 01:13:41,980 - INFO - 投票结果: 选择路径 0, 答案: 10, 置信度: 1.0
2025-08-06 01:13:41,981 - INFO - 投票结果: 选择路径 3, 答案: 17, 置信度: 0.4
2025-08-06 01:13:41,981 - INFO - 投票结果: 选择路径 1, 答案: 44, 置信度: 0.9
2025-08-06 01:13:41,982 - INFO - 投票结果: 选择路径 0, 答案: 4, 置信度: 0.3
2025-08-06 01:13:41,982 - INFO - 投票结果: 选择路径 0, 答案: 3, 置信度: 1.0
2025-08-06 01:13:41,983 - INFO - 投票结果: 选择路径 0, 答案: 40, 置信度: 0.9
2025-08-06 01:13:41,983 - INFO - 投票结果: 选择路径 0, 答案: 15, 置信度: 0.9
2025-08-06 01:13:41,984 - INFO - 投票结果: 选择路径 0, 答案: 10, 置信度: 0.6
2025-08-06 01:13:41,985 - INFO - 投票结果: 选择路径 0, 答案: 16, 置信度: 0.7
2025-08-06 01:13:41,985 - INFO - 投票结果: 选择路径 0, 答案: 28, 置信度: 0.7
2025-08-06 01:13:41,986 - INFO - 投票结果: 选择路径 0, 答案: 64, 置信度: 0.9
2025-08-06 01:13:41,987 - INFO - 投票结果: 选择路径 0, 答案: 1125, 置信度: 0.7
2025-08-06 01:13:41,988 - INFO - 投票结果: 选择路径 0, 答案: 8, 置信度: 0.9
2025-08-06 01:13:41,989 - INFO - 投票结果: 选择路径 0, 答案: 29, 置信度: 0.9
2025-08-06 01:13:41,989 - INFO - 投票结果: 选择路径 0, 答案: 16, 置信度: 1.0
2025-08-06 01:13:41,990 - INFO - 投票结果: 选择路径 1, 答案: 225, 置信度: 0.3
2025-08-06 01:13:41,990 - INFO - 投票结果: 选择路径 2, 答案: 1008, 置信度: 0.2
2025-08-06 01:13:41,991 - INFO - 投票结果: 选择路径 0, 答案: 576, 置信度: 0.9
2025-08-06 01:13:41,992 - INFO - 投票结果: 选择路径 0, 答案: 34, 置信度: 0.9
2025-08-06 01:13:41,992 - INFO - 投票结果: 选择路径 0, 答案: 10, 置信度: 0.9
2025-08-06 01:13:41,993 - INFO - 投票结果: 选择路径 0, 答案: 9, 置信度: 0.5
2025-08-06 01:13:41,993 - INFO - 投票结果: 选择路径 0, 答案: 140, 置信度: 0.8
2025-08-06 01:13:41,994 - INFO - 投票结果: 选择路径 1, 答案: 40, 置信度: 0.2
2025-08-06 01:13:41,994 - INFO - 投票结果: 选择路径 0, 答案: 380, 置信度: 0.2
2025-08-06 01:13:41,995 - INFO - 投票结果: 选择路径 0, 答案: 16, 置信度: 0.8
2025-08-06 01:13:41,996 - INFO - 投票结果: 选择路径 0, 答案: 132, 置信度: 1.0
2025-08-06 01:13:41,996 - INFO - 投票结果: 选择路径 0, 答案: 64, 置信度: 1.0
2025-08-06 01:13:41,997 - INFO - 投票结果: 选择路径 1, 答案: 72, 置信度: 0.6
2025-08-06 01:13:41,997 - INFO - 投票结果: 选择路径 0, 答案: 8, 置信度: 0.9
2025-08-06 01:13:41,998 - INFO - 投票结果: 选择路径 0, 答案: 4, 置信度: 0.9
2025-08-06 01:13:41,998 - INFO - 投票结果: 选择路径 0, 答案: 120, 置信度: 0.4
2025-08-06 01:13:41,999 - INFO - 投票结果: 选择路径 0, 答案: 15, 置信度: 0.7
2025-08-06 01:13:41,999 - INFO - 投票结果: 选择路径 0, 答案: 539, 置信度: 0.9
2025-08-06 01:13:42,000 - INFO - 投票结果: 选择路径 0, 答案: 7400, 置信度: 0.2
2025-08-06 01:13:42,001 - INFO - 投票结果: 选择路径 0, 答案: 2, 置信度: 1.0
2025-08-06 01:13:42,001 - INFO - 投票结果: 选择路径 0, 答案: 15, 置信度: 0.9
2025-08-06 01:13:42,002 - INFO - 投票结果: 选择路径 4, 答案: 17, 置信度: 0.4
2025-08-06 01:13:42,002 - INFO - 投票结果: 选择路径 1, 答案: 2, 置信度: 0.3
2025-08-06 01:13:42,003 - INFO - 投票结果: 选择路径 4, 答案: 2925, 置信度: 0.4
2025-08-06 01:13:42,003 - INFO - 投票结果: 选择路径 0, 答案: 8, 置信度: 1.0
2025-08-06 01:13:42,004 - INFO - 投票结果: 选择路径 4, 答案: 13, 置信度: 0.4
2025-08-06 01:13:42,004 - INFO - 投票结果: 选择路径 0, 答案: 100, 置信度: 0.9
2025-08-06 01:13:42,005 - INFO - 投票结果: 选择路径 0, 答案: 36, 置信度: 0.8
2025-08-06 01:13:42,006 - INFO - 投票结果: 选择路径 1, 答案: 20, 置信度: 0.4
2025-08-06 01:13:42,006 - INFO - 投票结果: 选择路径 0, 答案: 32, 置信度: 0.9
2025-08-06 01:13:42,007 - INFO - 投票结果: 选择路径 1, 答案: 45, 置信度: 0.4
2025-08-06 01:13:42,007 - INFO - 投票结果: 选择路径 0, 答案: 27, 置信度: 0.9
2025-08-06 01:13:42,008 - INFO - 投票结果: 选择路径 0, 答案: 7.5, 置信度: 0.6
2025-08-06 01:13:42,008 - INFO - 投票结果: 选择路径 0, 答案: 98, 置信度: 1.0
2025-08-06 01:13:42,009 - INFO - 投票结果: 选择路径 0, 答案: 4, 置信度: 0.6
2025-08-06 01:13:42,009 - INFO - 投票结果: 选择路径 2, 答案: 6, 置信度: 0.5
2025-08-06 01:13:42,010 - INFO - 投票结果: 选择路径 1, 答案: 14, 置信度: 0.6
2025-08-06 01:13:42,010 - INFO - 投票结果: 选择路径 0, 答案: 10, 置信度: 1.0
2025-08-06 01:13:42,011 - INFO - 投票结果: 选择路径 0, 答案: 180, 置信度: 0.2
2025-08-06 01:13:42,012 - INFO - 投票结果: 选择路径 0, 答案: 312, 置信度: 0.8
2025-08-06 01:13:42,012 - INFO - 投票结果: 选择路径 0, 答案: 1375, 置信度: 1.0
2025-08-06 01:13:42,013 - INFO - 投票结果: 选择路径 0, 答案: 8, 置信度: 1.0
2025-08-06 01:13:42,013 - INFO - 投票结果: 选择路径 1, 答案: 245, 置信度: 0.5
2025-08-06 01:13:42,014 - INFO - 投票结果: 选择路径 0, 答案: 6, 置信度: 1.0
2025-08-06 01:13:42,014 - INFO - 投票结果: 选择路径 0, 答案: 840, 置信度: 1.0
2025-08-06 01:13:42,015 - INFO - 投票结果: 选择路径 0, 答案: 40, 置信度: 1.0
2025-08-06 01:13:42,015 - INFO - 投票结果: 选择路径 4, 答案: 30, 置信度: 0.4
2025-08-06 01:13:42,016 - INFO - 投票结果: 选择路径 0, 答案: 10, 置信度: 0.8
2025-08-06 01:13:42,017 - INFO - 投票结果: 选择路径 2, 答案: 490, 置信度: 0.2
2025-08-06 01:13:42,017 - INFO - 投票结果: 选择路径 2, 答案: 16, 置信度: 0.8
2025-08-06 01:13:42,018 - INFO - 投票结果: 选择路径 0, 答案: 17, 置信度: 0.8
2025-08-06 01:13:42,018 - INFO - 投票结果: 选择路径 1, 答案: 2, 置信度: 0.5
2025-08-06 01:13:42,019 - INFO - 投票结果: 选择路径 0, 答案: 14, 置信度: 0.4
2025-08-06 01:13:42,019 - INFO - 投票结果: 选择路径 0, 答案: 27, 置信度: 0.9
2025-08-06 01:13:42,020 - INFO - 投票结果: 选择路径 0, 答案: 84, 置信度: 1.0
2025-08-06 01:13:42,020 - INFO - 投票结果: 选择路径 0, 答案: 70, 置信度: 0.7
2025-08-06 01:13:42,021 - INFO - 投票结果: 选择路径 0, 答案: 20, 置信度: 1.0
2025-08-06 01:13:42,022 - INFO - 投票结果: 选择路径 1, 答案: 73, 置信度: 0.2
2025-08-06 01:13:42,022 - INFO - 投票结果: 选择路径 3, 答案: 15, 置信度: 0.4
2025-08-06 01:13:42,023 - INFO - 投票结果: 选择路径 1, 答案: 736, 置信度: 0.5
2025-08-06 01:13:42,023 - INFO - 投票结果: 选择路径 0, 答案: 42, 置信度: 0.9
2025-08-06 01:13:42,024 - INFO - 投票结果: 选择路径 0, 答案: 9, 置信度: 0.5
2025-08-06 01:13:42,024 - INFO - 投票结果: 选择路径 0, 答案: 34, 置信度: 0.4
2025-08-06 01:13:42,025 - INFO - 投票结果: 选择路径 0, 答案: 465, 置信度: 0.2
2025-08-06 01:13:42,026 - INFO - 投票结果: 选择路径 1, 答案: 19, 置信度: 0.2
2025-08-06 01:13:42,026 - INFO - 投票结果: 选择路径 0, 答案: 360, 置信度: 1.0
2025-08-06 01:13:42,027 - INFO - 投票结果: 选择路径 0, 答案: 10800, 置信度: 0.5
2025-08-06 01:13:42,028 - INFO - 投票结果: 选择路径 0, 答案: 119, 置信度: 0.1
2025-08-06 01:13:42,028 - INFO - 投票结果: 选择路径 3, 答案: 56000, 置信度: 0.3
2025-08-06 01:13:42,029 - INFO - 投票结果: 选择路径 0, 答案: 6, 置信度: 0.7
2025-08-06 01:13:42,029 - INFO - 投票结果: 选择路径 0, 答案: 40, 置信度: 0.3
2025-08-06 01:13:42,030 - INFO - 投票结果: 选择路径 0, 答案: 88, 置信度: 1.0
2025-08-06 01:13:42,031 - INFO - 投票结果: 选择路径 0, 答案: 12, 置信度: 1.0
2025-08-06 01:13:42,031 - INFO - 投票结果: 选择路径 1, 答案: 5, 置信度: 0.2
2025-08-06 01:13:42,032 - INFO - 投票结果: 选择路径 1, 答案: 16, 置信度: 0.2
2025-08-06 01:13:42,032 - INFO - 投票结果: 选择路径 0, 答案: 1.11, 置信度: 0.2
2025-08-06 01:13:42,033 - INFO - 投票结果: 选择路径 0, 答案: 48, 置信度: 0.4
2025-08-06 01:13:42,034 - INFO - 投票结果: 选择路径 0, 答案: 6, 置信度: 1.0
2025-08-06 01:13:42,034 - INFO - 投票结果: 选择路径 0, 答案: 4, 置信度: 1.0
2025-08-06 01:13:42,035 - INFO - 投票结果: 选择路径 0, 答案: 20, 置信度: 0.5
2025-08-06 01:13:42,035 - INFO - 投票结果: 选择路径 0, 答案: 800, 置信度: 1.0
2025-08-06 01:13:42,036 - INFO - 投票结果: 选择路径 0, 答案: 1, 置信度: 1.0
2025-08-06 01:13:42,036 - INFO - 投票结果: 选择路径 0, 答案: 50, 置信度: 1.0
2025-08-06 01:13:42,037 - INFO - 投票结果: 选择路径 3, 答案: 61.11, 置信度: 0.2
2025-08-06 01:13:42,037 - INFO - 投票结果: 选择路径 0, 答案: 7, 置信度: 0.6
2025-08-06 01:13:42,038 - INFO - 投票结果: 选择路径 0, 答案: 63, 置信度: 1.0
2025-08-06 01:13:42,039 - INFO - 投票结果: 选择路径 0, 答案: 9, 置信度: 0.9
2025-08-06 01:13:42,039 - INFO - 投票结果: 选择路径 0, 答案: 42, 置信度: 1.0
2025-08-06 01:13:42,040 - INFO - 投票结果: 选择路径 1, 答案: 5, 置信度: 0.4
2025-08-06 01:13:42,040 - INFO - 投票结果: 选择路径 0, 答案: 240, 置信度: 0.9
2025-08-06 01:13:42,041 - INFO - 投票结果: 选择路径 0, 答案: 1000, 置信度: 1.0
2025-08-06 01:13:42,041 - INFO - 投票结果: 选择路径 0, 答案: 109, 置信度: 0.9
2025-08-06 01:13:42,042 - INFO - 投票结果: 选择路径 0, 答案: 140, 置信度: 0.8
2025-08-06 01:13:42,043 - INFO - 投票结果: 选择路径 0, 答案: 55, 置信度: 1.0
2025-08-06 01:13:42,043 - INFO - 投票结果: 选择路径 0, 答案: 16, 置信度: 1.0
2025-08-06 01:13:42,044 - INFO - 投票结果: 选择路径 2, 答案: 272, 置信度: 0.4
2025-08-06 01:13:42,044 - INFO - 投票结果: 选择路径 0, 答案: 110, 置信度: 0.9
2025-08-06 01:13:42,045 - INFO - 投票结果: 选择路径 0, 答案: 13, 置信度: 1.0
2025-08-06 01:13:42,045 - INFO - 投票结果: 选择路径 0, 答案: 5, 置信度: 0.5
2025-08-06 01:13:42,046 - INFO - 投票结果: 选择路径 0, 答案: 48, 置信度: 0.9
2025-08-06 01:13:42,046 - INFO - 投票结果: 选择路径 0, 答案: 8, 置信度: 1.0
2025-08-06 01:13:42,047 - INFO - 投票结果: 选择路径 2, 答案: 8, 置信度: 0.7
2025-08-06 01:13:42,048 - INFO - 投票结果: 选择路径 0, 答案: 56, 置信度: 0.8
2025-08-06 01:13:42,048 - INFO - 投票结果: 选择路径 0, 答案: 3, 置信度: 0.9
2025-08-06 01:13:42,049 - INFO - 投票结果: 选择路径 2, 答案: 34, 置信度: 0.3
2025-08-06 01:13:42,049 - INFO - 投票结果: 选择路径 0, 答案: 4, 置信度: 0.5
2025-08-06 01:13:42,050 - INFO - 投票结果: 选择路径 0, 答案: 20000, 置信度: 1.0
2025-08-06 01:13:42,050 - INFO - 投票结果: 选择路径 1, 答案: 9, 置信度: 0.5
2025-08-06 01:13:42,051 - INFO - 投票结果: 选择路径 0, 答案: 52, 置信度: 1.0
2025-08-06 01:13:42,051 - INFO - 投票结果: 选择路径 3, 答案: 40, 置信度: 0.3
2025-08-06 01:13:42,052 - INFO - 投票结果: 选择路径 1, 答案: 116200, 置信度: 0.2
2025-08-06 01:13:42,053 - INFO - 投票结果: 选择路径 0, 答案: 45, 置信度: 0.9
2025-08-06 01:13:42,053 - INFO - 投票结果: 选择路径 0, 答案: 3, 置信度: 0.6
2025-08-06 01:13:42,054 - INFO - 投票结果: 选择路径 1, 答案: 5600, 置信度: 0.5
2025-08-06 01:13:42,054 - INFO - 投票结果: 选择路径 0, 答案: 7, 置信度: 1.0
2025-08-06 01:13:42,055 - INFO - 投票结果: 选择路径 0, 答案: 25, 置信度: 0.8
2025-08-06 01:13:42,055 - INFO - 投票结果: 选择路径 0, 答案: 5, 置信度: 0.3
2025-08-06 01:13:42,056 - INFO - 投票结果: 选择路径 2, 答案: 180, 置信度: 0.5
2025-08-06 01:13:42,057 - INFO - 投票结果: 选择路径 1, 答案: 24, 置信度: 0.6
2025-08-06 01:13:42,057 - INFO - 投票结果: 选择路径 0, 答案: 6, 置信度: 0.5
2025-08-06 01:13:42,058 - INFO - 投票结果: 选择路径 0, 答案: 40, 置信度: 0.9
2025-08-06 01:13:42,058 - INFO - 投票结果: 选择路径 0, 答案: -3, 置信度: 0.8
2025-08-06 01:13:42,059 - INFO - 投票结果: 选择路径 0, 答案: 224, 置信度: 0.7
2025-08-06 01:13:42,059 - INFO - 投票结果: 选择路径 0, 答案: 227, 置信度: 1.0
2025-08-06 01:13:42,060 - INFO - 投票结果: 选择路径 0, 答案: 762, 置信度: 1.0
2025-08-06 01:13:42,061 - INFO - 投票结果: 选择路径 0, 答案: 34, 置信度: 0.9
2025-08-06 01:13:42,061 - INFO - 投票结果: 选择路径 1, 答案: 2, 置信度: 0.7
2025-08-06 01:13:42,062 - INFO - 投票结果: 选择路径 1, 答案: 2, 置信度: 0.5
2025-08-06 01:13:42,062 - INFO - 投票结果: 选择路径 1, 答案: 23, 置信度: 0.2
2025-08-06 01:13:42,063 - INFO - 投票结果: 选择路径 0, 答案: 4, 置信度: 0.9
2025-08-06 01:13:42,063 - INFO - 投票结果: 选择路径 0, 答案: 110, 置信度: 0.9
2025-08-06 01:13:42,064 - INFO - 投票结果: 选择路径 0, 答案: 750, 置信度: 1.0
2025-08-06 01:13:42,064 - INFO - 投票结果: 选择路径 0, 答案: 240, 置信度: 0.9
2025-08-06 01:13:42,065 - INFO - 投票结果: 选择路径 0, 答案: 200, 置信度: 0.4
2025-08-06 01:13:42,066 - INFO - 投票结果: 选择路径 0, 答案: 105, 置信度: 0.5
2025-08-06 01:13:42,066 - INFO - 投票结果: 选择路径 0, 答案: 120, 置信度: 0.5
2025-08-06 01:13:42,067 - INFO - 投票结果: 选择路径 1, 答案: 240, 置信度: 0.8
2025-08-06 01:13:42,067 - INFO - 投票结果: 选择路径 0, 答案: 4000, 置信度: 0.9
2025-08-06 01:13:42,068 - INFO - 投票结果: 选择路径 0, 答案: 60, 置信度: 0.8
2025-08-06 01:13:42,068 - INFO - 投票结果: 选择路径 0, 答案: 32, 置信度: 0.5
2025-08-06 01:13:42,069 - INFO - 投票结果: 选择路径 2, 答案: 80, 置信度: 0.6
2025-08-06 01:13:42,070 - INFO - 投票结果: 选择路径 0, 答案: 48, 置信度: 0.2
2025-08-06 01:13:42,070 - INFO - 投票结果: 选择路径 0, 答案: 32, 置信度: 0.6
2025-08-06 01:13:42,071 - INFO - 投票结果: 选择路径 0, 答案: 940, 置信度: 1.0
2025-08-06 01:13:42,071 - INFO - 投票结果: 选择路径 1, 答案: 84, 置信度: 0.8
2025-08-06 01:13:42,072 - INFO - 投票结果: 选择路径 0, 答案: 2, 置信度: 0.9
2025-08-06 01:13:42,072 - INFO - 投票结果: 选择路径 0, 答案: 32, 置信度: 1.0
2025-08-06 01:13:42,073 - INFO - 投票结果: 选择路径 0, 答案: 12, 置信度: 0.4
2025-08-06 01:13:42,073 - INFO - 投票结果: 选择路径 0, 答案: 2, 置信度: 0.5
2025-08-06 01:13:42,074 - INFO - 投票结果: 选择路径 0, 答案: 1, 置信度: 0.4
2025-08-06 01:13:42,075 - INFO - 投票结果: 选择路径 0, 答案: 14, 置信度: 1.0
2025-08-06 01:13:42,075 - INFO - 投票结果: 选择路径 1, 答案: 448, 置信度: 0.7
2025-08-06 01:13:42,076 - INFO - 投票结果: 选择路径 0, 答案: 12, 置信度: 0.8
2025-08-06 01:13:42,076 - INFO - 投票结果: 选择路径 0, 答案: 1110, 置信度: 0.9
2025-08-06 01:13:42,077 - INFO - 投票结果: 选择路径 0, 答案: 2, 置信度: 0.5
2025-08-06 01:13:42,077 - INFO - 投票结果: 选择路径 1, 答案: 6, 置信度: 0.9
2025-08-06 01:13:42,078 - INFO - 投票结果: 选择路径 0, 答案: 28, 置信度: 0.7
2025-08-06 01:13:42,078 - INFO - 投票结果: 选择路径 1, 答案: 72000, 置信度: 0.2
2025-08-06 01:13:42,079 - INFO - 投票结果: 选择路径 0, 答案: 32, 置信度: 1.0
2025-08-06 01:13:42,080 - INFO - 投票结果: 选择路径 2, 答案: 60, 置信度: 0.3
2025-08-06 01:13:42,080 - INFO - 投票结果: 选择路径 0, 答案: 90, 置信度: 1.0
2025-08-06 01:13:42,081 - INFO - 投票结果: 选择路径 0, 答案: 79, 置信度: 0.2
2025-08-06 01:13:42,082 - INFO - 投票结果: 选择路径 0, 答案: 270, 置信度: 1.0
2025-08-06 01:13:42,082 - INFO - 投票结果: 选择路径 3, 答案: 56000, 置信度: 0.4
2025-08-06 01:13:42,083 - INFO - 投票结果: 选择路径 0, 答案: 72, 置信度: 0.9
2025-08-06 01:13:42,083 - INFO - 投票结果: 选择路径 0, 答案: 400, 置信度: 0.7
2025-08-06 01:13:42,084 - INFO - 投票结果: 选择路径 0, 答案: 12, 置信度: 0.7
2025-08-06 01:13:42,084 - INFO - 投票结果: 选择路径 2, 答案: 15, 置信度: 0.4
2025-08-06 01:13:42,085 - INFO - 投票结果: 选择路径 2, 答案: 0, 置信度: 0.3
2025-08-06 01:13:42,086 - INFO - 投票结果: 选择路径 0, 答案: 0, 置信度: 0.2
2025-08-06 01:13:42,086 - INFO - 投票结果: 选择路径 0, 答案: 4, 置信度: 1.0
2025-08-06 01:13:42,087 - INFO - 投票结果: 选择路径 0, 答案: 4, 置信度: 1.0
2025-08-06 01:13:42,087 - INFO - 投票结果: 选择路径 1, 答案: 17500, 置信度: 0.5
2025-08-06 01:13:42,088 - INFO - 投票结果: 选择路径 0, 答案: 8, 置信度: 1.0
2025-08-06 01:13:42,088 - INFO - 投票结果: 选择路径 0, 答案: 21, 置信度: 0.9
2025-08-06 01:13:42,089 - INFO - 投票结果: 选择路径 1, 答案: 18, 置信度: 0.6
2025-08-06 01:13:42,089 - INFO - 投票结果: 选择路径 1, 答案: 1, 置信度: 0.8
2025-08-06 01:13:42,090 - INFO - 投票结果: 选择路径 0, 答案: 193, 置信度: 1.0
2025-08-06 01:13:42,091 - INFO - 投票结果: 选择路径 0, 答案: 3, 置信度: 1.0
2025-08-06 01:13:42,091 - INFO - 投票结果: 选择路径 1, 答案: 131250, 置信度: 0.3
2025-08-06 01:13:42,092 - INFO - 投票结果: 选择路径 0, 答案: 24, 置信度: 1.0
2025-08-06 01:13:42,092 - INFO - 投票结果: 选择路径 0, 答案: 31, 置信度: 0.2
2025-08-06 01:13:42,093 - INFO - 投票结果: 选择路径 1, 答案: 490, 置信度: 0.8
2025-08-06 01:13:42,093 - INFO - 投票结果: 选择路径 0, 答案: 19, 置信度: 0.4
2025-08-06 01:13:42,094 - INFO - 投票结果: 选择路径 0, 答案: 60, 置信度: 0.9
2025-08-06 01:13:42,094 - INFO - 投票结果: 选择路径 0, 答案: 17, 置信度: 1.0
2025-08-06 01:13:42,095 - INFO - 投票结果: 选择路径 0, 答案: 7250000, 置信度: 0.2
2025-08-06 01:13:42,096 - INFO - 投票结果: 选择路径 0, 答案: 15, 置信度: 1.0
2025-08-06 01:13:42,096 - INFO - 投票结果: 选择路径 2, 答案: 80, 置信度: 0.5
2025-08-06 01:13:42,097 - INFO - 投票结果: 选择路径 0, 答案: 18, 置信度: 1.0
2025-08-06 01:13:42,097 - INFO - 投票结果: 选择路径 0, 答案: 30, 置信度: 0.9
2025-08-06 01:13:42,098 - INFO - 投票结果: 选择路径 0, 答案: 60, 置信度: 0.9
2025-08-06 01:13:42,098 - INFO - 投票结果: 选择路径 0, 答案: 260, 置信度: 1.0
2025-08-06 01:13:42,099 - INFO - 投票结果: 选择路径 0, 答案: 60, 置信度: 1.0
2025-08-06 01:13:42,099 - INFO - 投票结果: 选择路径 0, 答案: 75, 置信度: 0.3
2025-08-06 01:13:42,100 - INFO - 投票结果: 选择路径 0, 答案: 25, 置信度: 0.9
2025-08-06 01:13:42,101 - INFO - 投票结果: 选择路径 2, 答案: 99, 置信度: 0.2
2025-08-06 01:13:42,101 - INFO - 投票结果: 选择路径 0, 答案: 5, 置信度: 0.6
2025-08-06 01:13:42,102 - INFO - 投票结果: 选择路径 0, 答案: 84, 置信度: 0.7
2025-08-06 01:13:42,102 - INFO - 投票结果: 选择路径 0, 答案: 7, 置信度: 0.6
2025-08-06 01:13:42,103 - INFO - 投票结果: 选择路径 0, 答案: 2, 置信度: 1.0
2025-08-06 01:13:42,103 - INFO - 投票结果: 选择路径 1, 答案: 21, 置信度: 0.6
2025-08-06 01:13:42,104 - INFO - 投票结果: 选择路径 0, 答案: 8, 置信度: 1.0
2025-08-06 01:13:42,104 - INFO - 投票结果: 选择路径 1, 答案: 80, 置信度: 0.3
2025-08-06 01:13:42,105 - INFO - 投票结果: 选择路径 0, 答案: 90000, 置信度: 0.9
2025-08-06 01:13:42,106 - INFO - 投票结果: 选择路径 0, 答案: 2, 置信度: 0.9
2025-08-06 01:13:42,106 - INFO - 投票结果: 选择路径 0, 答案: 40, 置信度: 0.5
2025-08-06 01:13:42,107 - INFO - 投票结果: 选择路径 0, 答案: 2, 置信度: 0.7
2025-08-06 01:13:42,107 - INFO - 投票结果: 选择路径 0, 答案: 100, 置信度: 0.9
2025-08-06 01:13:42,108 - INFO - 投票结果: 选择路径 0, 答案: 30, 置信度: 0.9
2025-08-06 01:13:42,108 - INFO - 投票结果: 选择路径 0, 答案: 8, 置信度: 1.0
2025-08-06 01:13:42,109 - INFO - 投票结果: 选择路径 0, 答案: 31, 置信度: 0.8
2025-08-06 01:13:42,109 - INFO - 投票结果: 选择路径 1, 答案: 138000, 置信度: 0.4
2025-08-06 01:13:42,110 - INFO - 投票结果: 选择路径 0, 答案: 180, 置信度: 1.0
2025-08-06 01:13:42,110 - INFO - 投票结果: 选择路径 0, 答案: 3, 置信度: 1.0
2025-08-06 01:13:42,111 - INFO - 投票结果: 选择路径 0, 答案: 5, 置信度: 0.5
2025-08-06 01:13:42,111 - INFO - 投票结果: 选择路径 0, 答案: 5, 置信度: 1.0
2025-08-06 01:13:42,112 - INFO - 投票结果: 选择路径 0, 答案: 130000, 置信度: 1.0
2025-08-06 01:13:42,112 - INFO - 投票结果: 选择路径 0, 答案: 68, 置信度: 0.7
2025-08-06 01:13:42,113 - INFO - 投票结果: 选择路径 1, 答案: 78, 置信度: 0.7
2025-08-06 01:13:42,114 - INFO - 投票结果: 选择路径 0, 答案: 28, 置信度: 1.0
2025-08-06 01:13:42,114 - INFO - 投票结果: 选择路径 0, 答案: 15, 置信度: 1.0
2025-08-06 01:13:42,115 - INFO - 投票结果: 选择路径 2, 答案: 290, 置信度: 0.2
2025-08-06 01:13:42,115 - INFO - 投票结果: 选择路径 5, 答案: 38.89, 置信度: 0.2
2025-08-06 01:13:42,116 - INFO - 投票结果: 选择路径 0, 答案: 2400, 置信度: 0.5
2025-08-06 01:13:42,116 - INFO - 投票结果: 选择路径 0, 答案: 18, 置信度: 1.0
2025-08-06 01:13:42,117 - INFO - 投票结果: 选择路径 0, 答案: 90, 置信度: 0.8
2025-08-06 01:13:42,117 - INFO - 投票结果: 选择路径 0, 答案: 31, 置信度: 0.7
2025-08-06 01:13:42,118 - INFO - 投票结果: 选择路径 4, 答案: 600, 置信度: 0.3
2025-08-06 01:13:42,119 - INFO - 投票结果: 选择路径 2, 答案: 180, 置信度: 0.5
2025-08-06 01:13:42,119 - INFO - 投票结果: 选择路径 0, 答案: 7, 置信度: 1.0
2025-08-06 01:13:42,120 - INFO - 投票结果: 选择路径 2, 答案: 75, 置信度: 0.6
2025-08-06 01:13:42,120 - INFO - 投票结果: 选择路径 0, 答案: 650, 置信度: 1.0
2025-08-06 01:13:42,121 - INFO - 投票结果: 选择路径 0, 答案: 310, 置信度: 0.3
2025-08-06 01:13:42,122 - INFO - 投票结果: 选择路径 0, 答案: 12, 置信度: 0.2
2025-08-06 01:13:42,122 - INFO - 投票结果: 选择路径 0, 答案: 5, 置信度: 1.0
2025-08-06 01:13:42,123 - INFO - 投票结果: 选择路径 0, 答案: 29, 置信度: 1.0
2025-08-06 01:13:42,123 - INFO - 投票结果: 选择路径 0, 答案: 140, 置信度: 0.6
2025-08-06 01:13:42,124 - INFO - 投票结果: 选择路径 0, 答案: 30, 置信度: 0.9
2025-08-06 01:13:42,124 - INFO - 投票结果: 选择路径 0, 答案: 40, 置信度: 0.5
2025-08-06 01:13:42,125 - INFO - 投票结果: 选择路径 1, 答案: 100, 置信度: 0.9
2025-08-06 01:13:42,125 - INFO - 投票结果: 选择路径 0, 答案: 35, 置信度: 0.9
2025-08-06 01:13:42,126 - INFO - 投票结果: 选择路径 0, 答案: 79, 置信度: 1.0
2025-08-06 01:13:42,126 - INFO - 投票结果: 选择路径 2, 答案: 3, 置信度: 0.4
2025-08-06 01:13:42,127 - INFO - 投票结果: 选择路径 0, 答案: 4, 置信度: 1.0
2025-08-06 01:13:42,128 - INFO - 投票结果: 选择路径 1, 答案: 6, 置信度: 0.7
2025-08-06 01:13:42,128 - INFO - 投票结果: 选择路径 0, 答案: 32, 置信度: 0.8
2025-08-06 01:13:42,129 - INFO - 投票结果: 选择路径 0, 答案: 112, 置信度: 1.0
2025-08-06 01:13:42,129 - INFO - 投票结果: 选择路径 0, 答案: 54, 置信度: 0.6
2025-08-06 01:13:42,130 - INFO - 投票结果: 选择路径 0, 答案: 450, 置信度: 0.8
2025-08-06 01:13:42,130 - INFO - 投票结果: 选择路径 1, 答案: 4400, 置信度: 0.2
2025-08-06 01:13:42,131 - INFO - 投票结果: 选择路径 0, 答案: 450, 置信度: 0.7
2025-08-06 01:13:42,131 - INFO - 投票结果: 选择路径 0, 答案: 6, 置信度: 1.0
2025-08-06 01:13:42,132 - INFO - 投票结果: 选择路径 7, 答案: 14, 置信度: 0.2
2025-08-06 01:13:42,132 - INFO - 投票结果: 选择路径 0, 答案: 144, 置信度: 0.9
2025-08-06 01:13:42,133 - INFO - 投票结果: 选择路径 0, 答案: 8, 置信度: 0.9
2025-08-06 01:13:42,134 - INFO - 投票结果: 选择路径 0, 答案: 2125, 置信度: 0.8
2025-08-06 01:13:42,134 - INFO - 投票结果: 选择路径 0, 答案: 130, 置信度: 0.3
2025-08-06 01:13:42,135 - INFO - 投票结果: 选择路径 0, 答案: 13, 置信度: 1.0
2025-08-06 01:13:42,135 - INFO - 投票结果: 选择路径 0, 答案: 112, 置信度: 0.5
2025-08-06 01:13:42,136 - INFO - 投票结果: 选择路径 0, 答案: 133, 置信度: 1.0
2025-08-06 01:13:42,136 - INFO - 投票结果: 选择路径 0, 答案: 100, 置信度: 0.9
2025-08-06 01:13:42,137 - INFO - 投票结果: 选择路径 0, 答案: 350, 置信度: 0.9
2025-08-06 01:13:42,137 - INFO - 投票结果: 选择路径 1, 答案: 60, 置信度: 0.3
2025-08-06 01:13:42,138 - INFO - 投票结果: 选择路径 0, 答案: 105, 置信度: 1.0
2025-08-06 01:13:42,139 - INFO - 投票结果: 选择路径 0, 答案: 7, 置信度: 0.7
2025-08-06 01:13:42,139 - INFO - 投票结果: 选择路径 2, 答案: 860, 置信度: 0.7
2025-08-06 01:13:42,140 - INFO - 投票结果: 选择路径 0, 答案: 72, 置信度: 0.9
2025-08-06 01:13:42,140 - INFO - 投票结果: 选择路径 8, 答案: 48, 置信度: 0.2
2025-08-06 01:13:42,141 - INFO - 投票结果: 选择路径 0, 答案: 1, 置信度: 0.9
2025-08-06 01:13:42,141 - INFO - 投票结果: 选择路径 1, 答案: 1, 置信度: 0.2
2025-08-06 01:13:42,142 - INFO - 投票结果: 选择路径 0, 答案: 39.6, 置信度: 0.2
2025-08-06 01:13:42,142 - INFO - 投票结果: 选择路径 0, 答案: 140, 置信度: 0.8
2025-08-06 01:13:42,143 - INFO - 投票结果: 选择路径 0, 答案: 20, 置信度: 0.7
2025-08-06 01:13:42,143 - INFO - 投票结果: 选择路径 0, 答案: 1800, 置信度: 0.3
2025-08-06 01:13:42,144 - INFO - 投票结果: 选择路径 1, 答案: 25, 置信度: 0.8
2025-08-06 01:13:42,145 - INFO - 投票结果: 选择路径 0, 答案: 147, 置信度: 1.0
2025-08-06 01:13:42,145 - INFO - 投票结果: 选择路径 0, 答案: 10, 置信度: 0.8
2025-08-06 01:13:42,146 - INFO - 投票结果: 选择路径 0, 答案: 25, 置信度: 0.9
2025-08-06 01:13:42,146 - INFO - 投票结果: 选择路径 0, 答案: 32, 置信度: 0.8
2025-08-06 01:13:42,147 - INFO - 投票结果: 选择路径 0, 答案: 276, 置信度: 1.0
2025-08-06 01:13:42,147 - INFO - 投票结果: 选择路径 4, 答案: 192, 置信度: 0.3
2025-08-06 01:13:42,148 - INFO - 投票结果: 选择路径 0, 答案: 30, 置信度: 1.0
2025-08-06 01:13:42,148 - INFO - 投票结果: 选择路径 0, 答案: 280, 置信度: 0.6
2025-08-06 01:13:42,149 - INFO - 投票结果: 选择路径 0, 答案: 8000, 置信度: 1.0
2025-08-06 01:13:42,149 - INFO - 投票结果: 选择路径 1, 答案: 50, 置信度: 0.3
2025-08-06 01:13:42,150 - INFO - 投票结果: 选择路径 0, 答案: 84, 置信度: 0.7
2025-08-06 01:13:42,151 - INFO - 投票结果: 选择路径 0, 答案: 50, 置信度: 0.9
2025-08-06 01:13:42,151 - INFO - 投票结果: 选择路径 0, 答案: 50, 置信度: 0.8
2025-08-06 01:13:42,152 - INFO - 投票结果: 选择路径 0, 答案: 320, 置信度: 0.3
2025-08-06 01:13:42,152 - INFO - 投票结果: 选择路径 0, 答案: 38, 置信度: 1.0
2025-08-06 01:13:42,153 - INFO - 投票结果: 选择路径 0, 答案: 34, 置信度: 0.7
2025-08-06 01:13:42,153 - INFO - 投票结果: 选择路径 0, 答案: 594, 置信度: 0.9
2025-08-06 01:13:42,154 - INFO - 投票结果: 选择路径 2, 答案: 7, 置信度: 0.3
2025-08-06 01:13:42,155 - INFO - 投票结果: 选择路径 0, 答案: 98, 置信度: 0.9
2025-08-06 01:13:42,155 - INFO - 投票结果: 选择路径 0, 答案: 123, 置信度: 1.0
2025-08-06 01:13:42,156 - INFO - 投票结果: 选择路径 0, 答案: 27, 置信度: 1.0
2025-08-06 01:13:42,156 - INFO - 投票结果: 选择路径 0, 答案: 145, 置信度: 0.8
2025-08-06 01:13:42,157 - INFO - 投票结果: 选择路径 0, 答案: 23, 置信度: 0.9
2025-08-06 01:13:42,157 - INFO - 投票结果: 选择路径 0, 答案: 14, 置信度: 0.7
2025-08-06 01:13:42,158 - INFO - 投票结果: 选择路径 0, 答案: 18, 置信度: 0.4
2025-08-06 01:13:42,158 - INFO - 投票结果: 选择路径 0, 答案: 21, 置信度: 0.9
2025-08-06 01:13:42,159 - INFO - 投票结果: 选择路径 0, 答案: 40000, 置信度: 1.0
2025-08-06 01:13:42,160 - INFO - 投票结果: 选择路径 0, 答案: 90, 置信度: 0.5
2025-08-06 01:13:42,160 - INFO - 投票结果: 选择路径 0, 答案: 11050, 置信度: 0.6
2025-08-06 01:13:42,161 - INFO - 投票结果: 选择路径 1, 答案: 1520, 置信度: 0.9
2025-08-06 01:13:42,161 - INFO - 投票结果: 选择路径 0, 答案: 32, 置信度: 0.3
2025-08-06 01:13:42,162 - INFO - 投票结果: 选择路径 0, 答案: 2000, 置信度: 0.6
2025-08-06 01:13:42,162 - INFO - 投票结果: 选择路径 0, 答案: 93, 置信度: 0.8
2025-08-06 01:13:42,163 - INFO - 投票结果: 选择路径 0, 答案: 40, 置信度: 0.8
2025-08-06 01:13:42,163 - INFO - 投票结果: 选择路径 0, 答案: 15, 置信度: 1.0
2025-08-06 01:13:42,164 - INFO - 投票结果: 选择路径 0, 答案: 66, 置信度: 1.0
2025-08-06 01:13:42,164 - INFO - 投票结果: 选择路径 0, 答案: 5, 置信度: 0.9
2025-08-06 01:13:42,165 - INFO - 投票结果: 选择路径 0, 答案: 5, 置信度: 1.0
2025-08-06 01:13:42,166 - INFO - 投票结果: 选择路径 0, 答案: 0.5, 置信度: 0.5
2025-08-06 01:13:42,166 - INFO - 投票结果: 选择路径 0, 答案: 1430, 置信度: 0.9
2025-08-06 01:13:42,167 - INFO - 投票结果: 选择路径 0, 答案: 36, 置信度: 0.6
2025-08-06 01:13:42,167 - INFO - 投票结果: 选择路径 0, 答案: 80, 置信度: 1.0
2025-08-06 01:13:42,168 - INFO - 投票结果: 选择路径 0, 答案: 29, 置信度: 1.0
2025-08-06 01:13:42,168 - INFO - 投票结果: 选择路径 0, 答案: 122, 置信度: 1.0
2025-08-06 01:13:42,169 - INFO - 投票结果: 选择路径 0, 答案: 60, 置信度: 1.0
2025-08-06 01:13:42,169 - INFO - 投票结果: 选择路径 0, 答案: 145, 置信度: 0.2
2025-08-06 01:13:42,170 - INFO - 投票结果: 选择路径 0, 答案: 21, 置信度: 1.0
2025-08-06 01:13:42,170 - INFO - 投票结果: 选择路径 0, 答案: 45, 置信度: 0.9
2025-08-06 01:13:42,171 - INFO - 投票结果: 选择路径 0, 答案: 273, 置信度: 1.0
2025-08-06 01:13:42,171 - INFO - 投票结果: 选择路径 0, 答案: 12, 置信度: 0.4
2025-08-06 01:13:42,172 - INFO - 投票结果: 选择路径 3, 答案: 5, 置信度: 0.3
2025-08-06 01:13:42,173 - INFO - 投票结果: 选择路径 0, 答案: 1, 置信度: 0.8
2025-08-06 01:13:42,173 - INFO - 投票结果: 选择路径 3, 答案: 1880, 置信度: 0.4
2025-08-06 01:13:42,174 - INFO - 
==================================================
2025-08-06 01:13:42,174 - INFO - 样本 9: Joe has $50 to buy an outfit for his new field trip. There is a 30% off sale at the clothing store. ...
2025-08-06 01:13:42,175 - INFO - 参考答案: The price of the two clothing items totals 35 + 25 = <<35+25=60>>60 dollars before discount.
The total sale discount comes to 60 * 0.3 = <<60*0.3=18>>18 dollars.
The final sale price comes to 60 - 18 = <<60-18=42>>42 dollars.
Joe ends up with 50 - 42 = <<50-42=8>>8 dollars change.
#### 8
2025-08-06 01:13:42,175 - INFO - 提取参考答案: 8
2025-08-06 01:13:42,176 - INFO - 生成答案: 

Step 1:First, read the problem and identify what we need to find. We need to find the amount of money Joe will have left after the purchase.

Step 2:Next, set up equations and perform the calculatio...
2025-08-06 01:13:42,176 - INFO - 提取答案: 0
2025-08-06 01:13:42,177 - INFO - 投票统计: {'voting_method': 'majority', 'best_answer': '0', 'vote_count': 2, 'total_paths': 10, 'valid_paths': 10, 'confidence': 0.2, 'answer_distribution': {'3.80': 1, '1.40': 1, '38.64': 1, '48': 1, '0': 2, '4.64': 2, '9.94': 1, '4.60': 1}, 'selected_path_idx': 4}
2025-08-06 01:13:42,177 - INFO - ==================================================
2025-08-06 01:13:42,178 - INFO - 
==================================================
2025-08-06 01:13:42,178 - INFO - 样本 13: Christina records her mood every day on a calendar. Over the past thirty days of moods, she had twel...
2025-08-06 01:13:42,179 - INFO - 参考答案: Christina had 30 - 12 - 8 = <<30-12-8=10>>10 neutral days in the month.
After the first three 8-day periods, she had 30 - 8 * 3 = 30 - 24 = <<30-8*3=6>>6 days of moods left.
Of those days, 12 - 8 = <<12-8=4>>4 days were good.
After the next 3 days with 2 good days, Christina had 4 - 2 = <<4-2=2>>2 good days left.
#### 2
2025-08-06 01:13:42,179 - INFO - 提取参考答案: 2
2025-08-06 01:13:42,179 - INFO - 生成答案: 

Step 1:First, read the problem and identify what we need to find. We need to find the number of good days left in the month.

Step 2:Next, set up equations and perform the calculations. There were a...
2025-08-06 01:13:42,180 - INFO - 提取答案: 11
2025-08-06 01:13:42,180 - INFO - 投票统计: {'voting_method': 'majority', 'best_answer': '11', 'vote_count': 2, 'total_paths': 10, 'valid_paths': 10, 'confidence': 0.2, 'answer_distribution': {'30': 1, '11': 2, '1': 2, '7': 1, '2': 2, '15': 1, '8': 1}, 'selected_path_idx': 1}
2025-08-06 01:13:42,181 - INFO - ==================================================
2025-08-06 01:13:42,181 - INFO - 
==================================================
2025-08-06 01:13:42,182 - INFO - 样本 14: Valerie earns $5000 per month, 1/2 of what her brother earns. If their mother earns twice their comb...
2025-08-06 01:13:42,182 - INFO - 参考答案: Valerie's brother earns 2 * $5000 = $<<2*5000=10000>>10000
Their combined salary is $5000+$10000 = $<<5000+10000=15000>>15000
Their mother earn twice their combined earnings, which is 2*$15000 = $<<2*15000=30000>>30000
The total amount of money they all have is $15000+$30000 = $<<15000+30000=45000>>45000
#### 45000
2025-08-06 01:13:42,183 - INFO - 提取参考答案: 45000
2025-08-06 01:13:42,183 - INFO - 生成答案: 

Step 1:First, read the problem and identify what we need to find. We need to find the total amount of money that Valerie, her brother, and their mother have together.

Step 2:Next, set up equations ...
2025-08-06 01:13:42,184 - INFO - 提取答案: 42000
2025-08-06 01:13:42,184 - INFO - 投票统计: {'voting_method': 'majority', 'best_answer': '42000', 'vote_count': 3, 'total_paths': 10, 'valid_paths': 10, 'confidence': 0.3, 'answer_distribution': {'42000': 3, '30000': 2, '45000': 2, '90000': 1, '12500': 1, '80000': 1}, 'selected_path_idx': 0}
2025-08-06 01:13:42,185 - INFO - ==================================================
2025-08-06 01:13:42,185 - INFO - 
==================================================
2025-08-06 01:13:42,186 - INFO - 样本 23: A merchant wants to make a choice of purchase between 2 purchase plans: jewelry worth $5,000 or elec...
2025-08-06 01:13:42,186 - INFO - 参考答案: If he purchases jewelry, he will make a profit of 2.5% which is $5000*(2.5/100) = $<<5000*(2.5/100)=125>>125
If he purchases electronic gadgets, he will make a profit of 1.2% which is $8000*(1.2/100) = $<<8000*(1.2/100)=96>>96
If he wants to maximize profit, since $125 > $96, he will choose to purchase jewelry, thereby making a profit of $<<125=125>>125
#### 125
2025-08-06 01:13:42,187 - INFO - 提取参考答案: 125
2025-08-06 01:13:42,187 - INFO - 生成答案: 

Step 1:First, read the problem and identify what we need to find. We need to find the amount of profit that the merchant would make if he chooses the purchase plan that maximizes profit at the end o...
2025-08-06 01:13:42,187 - INFO - 提取答案: 96
2025-08-06 01:13:42,188 - INFO - 投票统计: {'voting_method': 'majority', 'best_answer': '96', 'vote_count': 4, 'total_paths': 10, 'valid_paths': 10, 'confidence': 0.4, 'answer_distribution': {'1600': 1, '0': 1, '96': 4, '3096': 1, '3600': 1, '125': 1, '212': 1}, 'selected_path_idx': 2}
2025-08-06 01:13:42,188 - INFO - ==================================================
2025-08-06 01:13:42,189 - INFO - 
==================================================
2025-08-06 01:13:42,189 - INFO - 样本 27: A toy manufacturer receives an order for 400 toys. 5 workers are available to work on the order. 2 o...
2025-08-06 01:13:42,190 - INFO - 参考答案: In the first group of workers, each produces 6 toys * 10 hours = <<6*10=60>>60 toys over their shift.
This is a total of 60 toys * 2 workers = <<60*2=120>>120 toys.
In the second group of workers, each produces 4 toys * 10 hours = <<4*10=40>>40 toys over their shift.
This is a total of 40 toys * 2 workers = <<40*2=80>>80 toys.
Together, these two groups produce 120 + 80 = <<120+80=200>>200 toys.
If the order is still short, then all the workers combined have produced 400 ordered toys – 20 remaining toys = <<400-20=380>>380 toys.
This means the fifth worker produced 380 – 200 = <<380-200=180>>180 toys in total.
The fifth worker therefore produced 180 toys / 10 hours = <<180/10=18>>18 toys per hour.
#### 18
2025-08-06 01:13:42,190 - INFO - 提取参考答案: 18
2025-08-06 01:13:42,191 - INFO - 生成答案: 

Step 1:First, read the problem and identify what we need to find. We need to find the number of toys per hour that the fifth worker produces.

Step 2:Next, set up equations and perform the calculati...
2025-08-06 01:13:42,191 - INFO - 提取答案: 22
2025-08-06 01:13:42,192 - INFO - 投票统计: {'voting_method': 'majority', 'best_answer': '22', 'vote_count': 2, 'total_paths': 10, 'valid_paths': 10, 'confidence': 0.2, 'answer_distribution': {'7.2': 1, '36': 1, '22': 2, '16': 2, '-1': 1, '72': 1, '12.4': 1, '32': 1}, 'selected_path_idx': 2}
2025-08-06 01:13:42,192 - INFO - ==================================================
2025-08-06 01:13:42,193 - INFO - 
==================================================
2025-08-06 01:13:42,193 - INFO - 样本 36: There are four birds at the Caboose. Sally Two is three years older than Granny Red. Granny Red is t...
2025-08-06 01:13:42,194 - INFO - 参考答案: If Sally Thirtytwo is 8 years old, same as Sally four, their total age 8+8 = <<8+8=16>>16 years.
Granny red is two times as old as Sally four, meaning Granny red is 2*8 = <<2*8=16>>16 years old.
Sally Thirtytwo, Sally four, and Sally red are 16+16 = <<32=32>>32 years old.
Sally two is three years older than Granny red, meaning Sally two is 16+3= <<16+3=19>>19 years old.
The four birds have a total age of 32+19 = <<32+19=51>>51 years old.
#### 51
2025-08-06 01:13:42,194 - INFO - 提取参考答案: 51
2025-08-06 01:13:42,195 - INFO - 生成答案: 

Step 1:First, read the problem and identify what we need to find. We need to find the total age of the four birds.

Step 2:Next, set up equations and perform the calculations. Since Sally Four is th...
2025-08-06 01:13:42,195 - INFO - 提取答案: 43
2025-08-06 01:13:42,196 - INFO - 投票统计: {'voting_method': 'majority', 'best_answer': '43', 'vote_count': 5, 'total_paths': 10, 'valid_paths': 10, 'confidence': 0.5, 'answer_distribution': {'51': 3, '49': 1, '43': 5, '40': 1}, 'selected_path_idx': 3}
2025-08-06 01:13:42,196 - INFO - ==================================================
2025-08-06 01:13:42,196 - INFO - 
==================================================
2025-08-06 01:13:42,197 - INFO - 样本 39: Marcy makes homemade candles that she markets as 99% guaranteed not to explode. 5% of the more dange...
2025-08-06 01:13:42,197 - INFO - 参考答案: First find what percentage of the candles explode: 100% - 99% = 1%
Then multiply the odds of the candles exploding by the odds of them smelling like wet dog to find the probability of both events happening: 1% * 5% = 0.05%
Then multiply that percentage by the number of candles to find the number of them that have both defects: 0.05% * 50000 candles = <<0.05*.01*50000=25>>25 candles
#### 25
2025-08-06 01:13:42,198 - INFO - 提取参考答案: 25
2025-08-06 01:13:42,198 - INFO - 生成答案: 

Step 1:First, read the problem and identify what we need to find. We need to find the number of candles that both smell like wet dog and explode.

Step 2:Next, set up equations and perform the calcu...
2025-08-06 01:13:42,199 - INFO - 提取答案: 2500
2025-08-06 01:13:42,199 - INFO - 投票统计: {'voting_method': 'majority', 'best_answer': '2500', 'vote_count': 3, 'total_paths': 10, 'valid_paths': 10, 'confidence': 0.3, 'answer_distribution': {'2500': 3, '25': 3, '2475': 1, '250': 2, '2450': 1}, 'selected_path_idx': 0}
2025-08-06 01:13:42,200 - INFO - ==================================================
2025-08-06 01:13:42,200 - INFO - 
==================================================
2025-08-06 01:13:42,201 - INFO - 样本 43: Marin and his neighbor Nancy each eat 4 apples a day. How many apples do they eat in 30 days?...
2025-08-06 01:13:42,201 - INFO - 参考答案: In one day, Marin and Nancy eat 4 + 1 = <<4+1=5>>5 apples.
In 30 days, they eat 30 * 5 = <<30*5=150>>150 apples.
#### 150
2025-08-06 01:13:42,202 - INFO - 提取参考答案: 150
2025-08-06 01:13:42,202 - INFO - 生成答案: 

Step 1:First, read the problem and identify what we need to find. We need to find the total number of apples that Marin and Nancy eat in 30 days.

Step 2:Next, set up equations and perform the calcu...
2025-08-06 01:13:42,202 - INFO - 提取答案: 240
2025-08-06 01:13:42,203 - INFO - 投票统计: {'voting_method': 'majority', 'best_answer': '240', 'vote_count': 10, 'total_paths': 10, 'valid_paths': 10, 'confidence': 1.0, 'answer_distribution': {'240': 10}, 'selected_path_idx': 0}
2025-08-06 01:13:42,203 - INFO - ==================================================
2025-08-06 01:13:42,204 - INFO - 
==================================================
2025-08-06 01:13:42,204 - INFO - 样本 46: Lana is brewing cups of tea for her friends. She has 27 cups, and she divides these into 3 rows. In ...
2025-08-06 01:13:42,205 - INFO - 参考答案: If there are 15 cups of cinnamon tea, then there are a total of 27 – 15 = <<27-15=12>>12 cups of chamomile or mint tea.
As there are equal amounts of chamomile tea and mint tea, there is a total of 12 cups / 2 = <<12/2=6>>6 cups of mint tea.
Dividing these into rows shows that each row holds 6 / 3 = <<6/3=2>>2 cups of mint tea.
#### 2
2025-08-06 01:13:42,205 - INFO - 提取参考答案: 2
2025-08-06 01:13:42,206 - INFO - 生成答案: 

Step 1:First, read the problem and identify what we need to find. We need to find the number of mint tea cups in each row.

Step 2:Next, set up equations and perform the calculations. Let's assume t...
2025-08-06 01:13:42,206 - INFO - 提取答案: 4
2025-08-06 01:13:42,207 - INFO - 投票统计: {'voting_method': 'majority', 'best_answer': '4', 'vote_count': 5, 'total_paths': 10, 'valid_paths': 10, 'confidence': 0.5, 'answer_distribution': {'3': 2, '4': 5, '5': 1, '6': 1, '9': 1}, 'selected_path_idx': 1}
2025-08-06 01:13:42,207 - INFO - ==================================================
2025-08-06 01:13:42,207 - INFO - 
==================================================
2025-08-06 01:13:42,208 - INFO - 样本 48: A teacher uses a 5-inch piece of chalk to write math equations on a chalkboard for his students. The...
2025-08-06 01:13:42,208 - INFO - 参考答案: The teacher uses 45% of his 5 inch stick of chalk on Monday, or 5 * .45 = <<5*.45=2.25>>2.25 inches.
He is left with 5 - 2.25 = <<5-2.25=2.75>>2.75 inches of chalk.
The next day he will use 20% of 2.75 inches, which is 2.75 * .2 = <<2.75*.2=.55>>.55 inches of chalk used.
That leaves him with 2.75 - .55 = <<2.75-.55=2.2>>2.2 inches of chalk.
The day after that, he will use 2.2 * .2 = <<2.2*.2=.44>>.44 inches of chalk.
That will leave him with 2.2 - .44 = <<2.2-.44=1.76>>1.76 inches of chalk.
Since 1.76 is less than 2 inches, he will recycle this stick in 2 days.
#### 2
2025-08-06 01:13:42,209 - INFO - 提取参考答案: 2
2025-08-06 01:13:42,209 - INFO - 生成答案: 

Step 1:First, read the problem and identify what we need to find. We need to find the number of days the teacher can use the chalk before he has to recycle it.

Step 2:Next, set up equations and per...
2025-08-06 01:13:42,210 - INFO - 提取答案: 3
2025-08-06 01:13:42,210 - INFO - 投票统计: {'voting_method': 'majority', 'best_answer': '3', 'vote_count': 5, 'total_paths': 10, 'valid_paths': 10, 'confidence': 0.5, 'answer_distribution': {'3': 5, '2': 2, '48': 1, '5': 1, '6': 1}, 'selected_path_idx': 0}
2025-08-06 01:13:42,211 - INFO - ==================================================
2025-08-06 01:13:42,211 - INFO - 
==================================================
2025-08-06 01:13:42,212 - INFO - 样本 49: Raymond and Samantha are cousins. Raymond was born 6 years before Samantha. Raymond had a son at the...
2025-08-06 01:13:42,212 - INFO - 参考答案: When Raymond's son was born Samantha was 23 - 6 = <<23-6=17>>17 years old.
Thus it has been 31 - 17 = <<31-17=14>>14 years since Raymond's son was born.
#### 14
2025-08-06 01:13:42,212 - INFO - 提取参考答案: 14
2025-08-06 01:13:42,213 - INFO - 生成答案: 

Step 1:First, read the problem and identify what we need to find. We need to find the number of years ago that Raymond's son was born.

Step 2:Next, set up equations and perform the calculations. Si...
2025-08-06 01:13:42,213 - INFO - 提取答案: 2
2025-08-06 01:13:44,480 - INFO - 开始CoT步骤 4，min_p=0.9
2025-08-06 01:13:42,214 - INFO - 投票统计: {'voting_method': 'majority', 'best_answer': '2', 'vote_count': 6, 'total_paths': 10, 'valid_paths': 10, 'confidence': 0.6, 'answer_distribution': {'2': 6, '23': 1, '1': 1, '21': 1, '9': 1}, 'selected_path_idx': 0}
2025-08-06 01:13:46,940 - INFO - ==================================================
2025-08-06 01:13:46,941 - INFO - 
==================================================
2025-08-06 01:13:46,942 - INFO - 样本 55: John decides to buy new phones for him, his 2 kids, and his wife.  Each phone after the first 2 is h...
2025-08-06 01:13:46,942 - INFO - 参考答案: He bought 1+2+1=<<1+2+1=4>>4 phones
2 of the phones cost 600 so their cost is 2*600=$<<2*600=1200>>1200
The other two phones cost 600/2=$<<600/2=300>>300
So they cost 300*2=$<<300*2=600>>600
So the total cost is 1200+600=$<<1200+600=1800>>1800
#### 1800
2025-08-06 01:13:46,943 - INFO - 提取参考答案: 1800
2025-08-06 01:13:46,943 - INFO - 生成答案: 

Step 1:First, read the problem and identify what we need to find. We need to find the total amount John paid for the phones.

Step 2:Next, set up equations and perform the calculations. The first tw...
2025-08-06 01:13:46,944 - INFO - 提取答案: 2100
2025-08-06 01:13:46,945 - INFO - 投票统计: {'voting_method': 'majority', 'best_answer': '2100', 'vote_count': 3, 'total_paths': 10, 'valid_paths': 10, 'confidence': 0.3, 'answer_distribution': {'1500': 1, '1950': 1, '2100': 3, '1800': 3, '1050': 1, '2400': 1}, 'selected_path_idx': 2}
2025-08-06 01:13:46,945 - INFO - ==================================================
2025-08-06 01:13:46,946 - INFO - 
==================================================
2025-08-06 01:13:46,946 - INFO - 样本 61: Andrea has 8 more apples than Jamal and half as many bananas as Jamal. Jamal has 4 more bananas than...
2025-08-06 01:13:46,947 - INFO - 参考答案: Since Andrea has 8 more apples than Jamal, if Andrea has 52 apples, Jamal has 52-8 = <<52-8=44>>44 apples.
The total number of apples is 44+52 = <<44+52=96>>96
Jamal has 4 more bananas than apples, meaning he has 44+4 = 48 bananas.
Andrea has half as many bananas as Jamal, which totals 48/2 = <<48/2=24>>24 bananas.
There are a total of 48+24 = <<48+24=72>>72 bananas.
Altogether, there are 96 apples + 72 bananas = <<96+72=168>>168 fruits
#### 168
2025-08-06 01:13:46,947 - INFO - 提取参考答案: 168
2025-08-06 01:13:46,948 - INFO - 生成答案: 

Step 1:First, read the problem and identify what we need to find. We need to find the total number of fruits Andrea and Jamal have.

Step 2:Next, set up equations and perform the calculations. Andre...
2025-08-06 01:13:46,948 - INFO - 提取答案: 76
2025-08-06 01:13:46,949 - INFO - 投票统计: {'voting_method': 'majority', 'best_answer': '76', 'vote_count': 2, 'total_paths': 10, 'valid_paths': 10, 'confidence': 0.2, 'answer_distribution': {'76': 2, '78': 1, '168': 2, '166': 1, '126': 1, '192': 1, '124': 1, '74': 1}, 'selected_path_idx': 0}
2025-08-06 01:13:46,949 - INFO - ==================================================
2025-08-06 01:13:46,950 - INFO - 
==================================================
2025-08-06 01:13:46,950 - INFO - 样本 64: Emily can peel 6 shrimp a minute and saute 30 shrimp in 10 minutes. How long will it take her to pee...
2025-08-06 01:13:46,951 - INFO - 参考答案: First find how long it takes Emily to peel the shrimp: 90 shrimp / 6 shrimp/minute = <<90/6=15>>15 minutes
Then find how many batches of shrimp she needs to cook: 90 shrimp / 30 shrimp/batch = <<90/30=3>>3 batches
Then multiply the number of batches by the time per batch to find the total cook time: 3 batches * 10 minutes/batch = <<3*10=30>>30 minutes
Then add the peeling time to find the total time Emily spends: 30 minutes + 15 minutes = <<30+15=45>>45 minutes
#### 45
2025-08-06 01:13:46,951 - INFO - 提取参考答案: 45
2025-08-06 01:13:46,952 - INFO - 生成答案: 

Step 1:First, read the problem and identify what we need to find. We need to find the time it takes for Emily to peel and cook 90 shrimp.

Step 2:Next, set up equations and perform the calculations....
2025-08-06 01:13:46,952 - INFO - 提取答案: 15
2025-08-06 01:13:46,953 - INFO - 投票统计: {'voting_method': 'majority', 'best_answer': '15', 'vote_count': 4, 'total_paths': 10, 'valid_paths': 10, 'confidence': 0.4, 'answer_distribution': {'30': 1, '15': 4, '10': 2, '45': 2, '35': 1}, 'selected_path_idx': 1}
2025-08-06 01:13:46,953 - INFO - ==================================================
2025-08-06 01:13:46,954 - INFO - 
==================================================
2025-08-06 01:13:46,954 - INFO - 样本 70: Millie decides to open a lemonade stand. She spends $18 to buy enough supplies to make 3 pitchers of...
2025-08-06 01:13:46,955 - INFO - 参考答案: She has enough supplies to make 3 * 12 = <<3*12=36>>36 cups of lemonade.
She sells all of the lemonade for 36 * $1 = $<<36*1=36>>36.
Her total profit for selling the lemonade is $36 - $18 = $<<36-18=18>>18.
It will take Millie 36 / 4 = <<36/4=9>>9 hours of work to sell all of the lemonade.
Her hourly profit is $18 / 9 hours = $<<18/9=2>>2 per hour.
#### 2
2025-08-06 01:13:46,955 - INFO - 提取参考答案: 2
2025-08-06 01:13:46,955 - INFO - 生成答案: 

Step 1:First, read the problem and identify what we need to find. We need to find the profit Millie will make per hour that she spends running the lemonade stand.

Step 2:Next, set up equations and ...
2025-08-06 01:13:46,956 - INFO - 提取答案: -14
2025-08-06 01:13:46,956 - INFO - 投票统计: {'voting_method': 'majority', 'best_answer': '-14', 'vote_count': 3, 'total_paths': 10, 'valid_paths': 10, 'confidence': 0.3, 'answer_distribution': {'-14': 3, '12': 1, '0': 1, '4.5': 2, '14': 1, '2': 1, '-2': 1}, 'selected_path_idx': 0}
2025-08-06 01:13:46,957 - INFO - ==================================================
2025-08-06 01:13:46,957 - INFO - 
==================================================
2025-08-06 01:13:46,958 - INFO - 样本 81: Elise has been selling her Dad's collection of 250 books for three years. Each book sells at 20$, an...
2025-08-06 01:13:46,958 - INFO - 参考答案: If her sales in the current year are 45, she sold 45*2 = <<45*2=90>>90 books in the first year.
The total number of books sold in the first and current year is 90+45 = <<90+45=135>>135.
The total number of books sold in the second year is 250 of the original number of books - 135 sold books - 50 unsold books = <<250-135-50=65>>65 books.
If each book sells at 20$, then she earned 20*65 = $<<20*65=1300>>1300 in the second year
#### 1300
2025-08-06 01:13:46,959 - INFO - 提取参考答案: 1300
2025-08-06 01:13:46,959 - INFO - 生成答案: 

Step 1:First, read the problem and identify what we need to find. We need to find the total amount of money Elise earned in the second year.

Step 2:Next, set up equations and perform the calculatio...
2025-08-06 01:13:46,960 - INFO - 提取答案: 900
2025-08-06 01:13:46,960 - INFO - 投票统计: {'voting_method': 'majority', 'best_answer': '900', 'vote_count': 2, 'total_paths': 10, 'valid_paths': 10, 'confidence': 0.2, 'answer_distribution': {'900': 2, '1900': 1, '1800': 1, '2300': 1, '2700': 1, '2000': 1, '48': 1, '3100': 1, '600': 1}, 'selected_path_idx': 0}
2025-08-06 01:13:46,961 - INFO - ==================================================
2025-08-06 01:13:46,961 - INFO - 
==================================================
2025-08-06 01:13:46,961 - INFO - 样本 87: The local firefighters are doing a “fill the boot” fundraiser. Their goal is to raise $6300. After t...
2025-08-06 01:13:46,962 - INFO - 参考答案: The fireman raise 2100 / 3 = $<<2100/3=700>>700 per hour.
They have to fundraise for 6300 / 700 = <<6300/700=9>>9 hours.
#### 9
2025-08-06 01:13:46,962 - INFO - 提取参考答案: 9
2025-08-06 01:13:46,963 - INFO - 生成答案: 

Step 1:First, read the problem and identify what we need to find. We need to find the total number of hours the firefighters have to fundraise to reach their goal.

Step 2:Next, set up equations and...
2025-08-06 01:13:46,963 - INFO - 提取答案: 6
2025-08-06 01:13:46,964 - INFO - 投票统计: {'voting_method': 'majority', 'best_answer': '6', 'vote_count': 5, 'total_paths': 10, 'valid_paths': 10, 'confidence': 0.5, 'answer_distribution': {'6': 5, '2': 2, '9': 2, '3': 1}, 'selected_path_idx': 0}
2025-08-06 01:13:46,964 - INFO - ==================================================
2025-08-06 01:13:46,965 - INFO - 
==================================================
2025-08-06 01:13:46,965 - INFO - 样本 91: Ellen is on a diet. She eats two carrots, a salad, and a yogurt every day. The salad costs her $6, w...
2025-08-06 01:13:46,966 - INFO - 参考答案: Ellen's yogurt cost is half the price of the salad, so it's $6 / 2 = $<<6/2=3>>3.
For the two carrots Ellen needs to pay $11 - $6 - $3 = $<<11-6-3=2>>2.
So one carrot costs $2 / $2 = $<<2/2=1>>1.
#### 1
2025-08-06 01:13:46,966 - INFO - 提取参考答案: 1
2025-08-06 01:13:46,966 - INFO - 生成答案: 

Step 1:First, read the problem and identify what we need to find. We need to find the cost of one carrot every day.

Step 2:Next, set up equations and perform the calculations. Let x be the cost of ...
2025-08-06 01:13:46,967 - INFO - 提取答案: 2
2025-08-06 01:13:46,967 - INFO - 投票统计: {'voting_method': 'majority', 'best_answer': '2', 'vote_count': 5, 'total_paths': 10, 'valid_paths': 10, 'confidence': 0.5, 'answer_distribution': {'2': 5, '1': 4, '14': 1}, 'selected_path_idx': 0}
2025-08-06 01:13:46,968 - INFO - ==================================================
2025-08-06 01:13:46,968 - INFO - 
==================================================
2025-08-06 01:13:46,969 - INFO - 样本 95: There is one set of twins and one set of triplets. One twin is 7 years older than one triplet. If th...
2025-08-06 01:13:46,969 - INFO - 参考答案: Let T = age of triplet
Twin's age = T + <<+7=7>>7
Twin's combined age = 2 * (T + 7)
Triplet's combined age = <<3=3>>3T
2 * (T + 7) + 3T = 44
2T + 14 + 3T = 44
5T + 14 = 44
5T = 30
T = <<6=6>>6
Twin = 6 + 7 = <<6+7=13>>13
The twins are each <<13=13>>13 years old.
#### 13
2025-08-06 01:13:46,970 - INFO - 提取参考答案: 13
2025-08-06 01:13:46,970 - INFO - 生成答案: 

Step 1:First, read the problem and identify what we need to find. We need to find the age of one of the twins.

Step 2:Next, set up equations and perform the calculations. Let x be the age of one tr...
2025-08-06 01:13:46,971 - INFO - 提取答案: 14
2025-08-06 01:13:46,971 - INFO - 投票统计: {'voting_method': 'majority', 'best_answer': '14', 'vote_count': 2, 'total_paths': 10, 'valid_paths': 10, 'confidence': 0.2, 'answer_distribution': {'14': 2, '25.5': 2, '48': 1, '19': 1, '7': 1, '11': 1, '10': 1, '12': 1}, 'selected_path_idx': 0}
2025-08-06 01:13:46,971 - INFO - ==================================================
2025-08-06 01:13:46,972 - INFO - 
==================================================
2025-08-06 01:13:46,972 - INFO - 样本 98: One meatball sub sandwich contains 4 meatballs.  Sidney ordered 3 less than ten meatball sub sandwic...
2025-08-06 01:13:46,973 - INFO - 参考答案: 3 less than ten meatball sub sandwiches is 10-3=<<10-3=7>>7 sub sandwiches.
After Mark ate 4 of Sidney's meatball sub sandwiches, 7-4=<<7-4=3>>3 remained.
Finally, after Sidney ordered three more sub sandwiches, there were a total of 3+3=<<3+3=6>>6 sub sandwiches.
If each sub sandwich has 4 meatballs, then the remaining sub sandwiches contain a total of 6*4=<<6*4=24>>24 meatballs.
#### 24
2025-08-06 01:13:46,973 - INFO - 提取参考答案: 24
2025-08-06 01:13:46,974 - INFO - 生成答案: 

Step 1:First, read the problem and identify what we need to find. We need to find the number of meatballs in the remaining meatball sub sandwiches.

Step 2:Next, set up equations and perform the cal...
2025-08-06 01:13:46,974 - INFO - 提取答案: 12
2025-08-06 01:13:46,975 - INFO - 投票统计: {'voting_method': 'majority', 'best_answer': '12', 'vote_count': 7, 'total_paths': 10, 'valid_paths': 10, 'confidence': 0.7, 'answer_distribution': {'12': 7, '24': 2, '40': 1}, 'selected_path_idx': 0}
2025-08-06 01:13:46,975 - INFO - ==================================================
2025-08-06 01:13:46,976 - INFO - 
==================================================
2025-08-06 01:13:46,976 - INFO - 样本 100: Maria invited 4 of her friends over for a water balloon fight in the backyard. At the start of the g...
2025-08-06 01:13:46,977 - INFO - 参考答案: Maria's 4 friends started with 2 balloons * 4 = <<2*4=8>>8 balloons.
Maria started with 1 balloon + 8 balloons = <<1+8=9>>9 balloons to begin with.
Maria's mom came out and gave each girl 3 more balloons, which is 5 girls * 3 balloons = <<5*3=15>>15 balloons.
Total balloons used by the girls is 9 + 15 = <<9+15=24>>24 balloons.
#### 24
2025-08-06 01:13:46,977 - INFO - 提取参考答案: 24
2025-08-06 01:13:46,977 - INFO - 生成答案: 

Step 1:First, read the problem and identify what we need to find. We need to find the total number of water balloons that the girls have.

Step 2:Next, set up equations and perform the calculations....
2025-08-06 01:13:46,978 - INFO - 提取答案: 25
2025-08-06 01:13:46,978 - INFO - 投票统计: {'voting_method': 'majority', 'best_answer': '25', 'vote_count': 3, 'total_paths': 10, 'valid_paths': 10, 'confidence': 0.3, 'answer_distribution': {'25': 3, '24': 3, '33': 1, '23': 2, '21': 1}, 'selected_path_idx': 0}
2025-08-06 01:13:46,979 - INFO - ==================================================
2025-08-06 01:13:46,979 - INFO - 
==================================================
2025-08-06 01:13:46,980 - INFO - 样本 103: Kim sleepwalks, to monitor her sleeping hours, she installs a camera in her room. Kim usually goes t...
2025-08-06 01:13:46,980 - INFO - 参考答案: Out of 24 hours in a day, 10 pm represents 22 hours.
Until 12 p.m. or 24 hours, Kim slept 24 - 22 = <<24-22=2>>2 hours.
In total, Kim usually sleeps 2 + 6 = <<2+6=8>>8 hours a day.
In minutes, Kim usually sleeps 8 * 60 = <<8*60=480>>480 minutes
Kim was sleepwalking for a total of 38 - 15 = <<38-15=23>>23 minutes.
Within her usual sleep routine, Kim was sleepwalking or awake a total of 23 + 5 =<<23+5=28>>28 minutes.
On that day, Kim slept in her bed for 480 - 28 = <<480-28=452>>452 minutes.
#### 452
2025-08-06 01:13:46,981 - INFO - 提取参考答案: 452
2025-08-06 01:13:46,981 - INFO - 生成答案: 

Step 1:First, read the problem and identify what we need to find. We need to find the number of minutes Kim slept on her bed that day.

Step 2:Next, set up equations and perform the calculations. Fi...
2025-08-06 01:13:46,981 - INFO - 提取答案: 300
2025-08-06 01:13:46,982 - INFO - 投票统计: {'voting_method': 'majority', 'best_answer': '300', 'vote_count': 2, 'total_paths': 10, 'valid_paths': 10, 'confidence': 0.2, 'answer_distribution': {'488': 1, '205': 1, '300': 2, '475': 1, '408': 1, '263': 1, '148': 1, '255': 1, '495': 1}, 'selected_path_idx': 2}
2025-08-06 01:13:46,982 - INFO - ==================================================
2025-08-06 01:13:46,983 - INFO - 
==================================================
2025-08-06 01:13:46,983 - INFO - 样本 106: Sally went to the seashore for vacation.  Her parents gave her $10 to buy whatever she wanted.  At t...
2025-08-06 01:13:46,984 - INFO - 参考答案: Taffy is buying 1 pound for $3 and gets 1 pound half off. So 1/2 off of 1 pound is $3/2 = $1.50+$3.00=$4.50
4 magnets at $0.25 each is 4*.25=$<<4*0.25=1.00>>1.00
When you add all her purchases, $4.50+$1.50+$1.00 = $<<4.5+1.5+1=7.00>>7.00
She had $10 and spent $7 so she had $10-$7 = $<<10-7=3.00>>3.00 left over
#### 3
2025-08-06 01:13:46,984 - INFO - 提取参考答案: 3
2025-08-06 01:13:46,985 - INFO - 生成答案: 

Step 1:First, read the problem and identify what we need to find. We need to find out how much money Sally has left.

Step 2:Next, set up equations and perform the calculations. Sally bought 2 pound...
2025-08-06 01:13:46,985 - INFO - 提取答案: 1.50
2025-08-06 01:13:46,986 - INFO - 投票统计: {'voting_method': 'majority', 'best_answer': '1.50', 'vote_count': 4, 'total_paths': 10, 'valid_paths': 10, 'confidence': 0.4, 'answer_distribution': {'1.50': 4, '4': 1, '0': 1, '21/4': 1, '3': 1, '-1.50': 1, '3.5': 1}, 'selected_path_idx': 0}
2025-08-06 01:13:46,986 - INFO - ==================================================
2025-08-06 01:13:46,987 - INFO - 
==================================================
2025-08-06 01:13:46,987 - INFO - 样本 108: Ophelia and Jenna are living in the same apartment building. They each have 2 fewer sofas than chair...
2025-08-06 01:13:46,988 - INFO - 参考答案: If Ophelia has 20 sofas and 2 fewer sofas than chairs, she has 20+2 = <<20+2=22>>22 chairs.
Jenna has 3 times as many chairs as Ophelia, a total of 3*22 = <<3*22=66>>66 chairs
The total number of chairs Ophelia and Jenna have is 66+22 = <<66+22=88>>88
Since Jenna also has 2 fewer sofas than chairs, the total number of sofas she has is 66-2 = <<66-2=64>>64 sofas.
The total number of sofas Ophelia and Jenna have is 64+20 = <<64+20=84>>84 sofas
Together, they have 84 sofas+88 chairs = <<84+88=172>>172
#### 172
2025-08-06 01:13:46,988 - INFO - 提取参考答案: 172
2025-08-06 01:13:46,989 - INFO - 生成答案: 

Step 1:First, read the problem and identify what we need to find. We need to find the total number of sofas and chairs that Ophelia and Jenna have.

Step 2:Next, set up equations and perform the cal...
2025-08-06 01:13:46,989 - INFO - 提取答案: 108
2025-08-06 01:13:46,990 - INFO - 投票统计: {'voting_method': 'majority', 'best_answer': '108', 'vote_count': 2, 'total_paths': 10, 'valid_paths': 10, 'confidence': 0.2, 'answer_distribution': {'172': 1, '108': 2, '142': 1, '130': 1, '92': 1, '86': 1, '267': 1, '67': 1, '82': 1}, 'selected_path_idx': 1}
2025-08-06 01:13:46,990 - INFO - ==================================================
2025-08-06 01:13:46,990 - INFO - 
==================================================
2025-08-06 01:13:46,991 - INFO - 样本 112: After scoring 14 points, Erin now has three times more points than Sara, who scored 8. How many poin...
2025-08-06 01:13:46,991 - INFO - 参考答案: Erin now has three times more points than Sara, which is 3*8= <<3*8=24>>24 more points than Sara.
This means Erin has a total of 8+24 = <<8+24=32>>32 points now.
Before, Erin had 32-14= <<32-14=18>>18 points
#### 18
2025-08-06 01:13:46,992 - INFO - 提取参考答案: 18
2025-08-06 01:13:46,992 - INFO - 生成答案: 

Step 1:First, read the problem and identify what we need to find. We need to find the number of points Erin had before scoring 14 points.

Step 2:Next, set up equations and perform the calculations....
2025-08-06 01:13:46,993 - INFO - 提取答案: 10
2025-08-06 01:13:46,993 - INFO - 投票统计: {'voting_method': 'majority', 'best_answer': '10', 'vote_count': 4, 'total_paths': 10, 'valid_paths': 10, 'confidence': 0.4, 'answer_distribution': {'11': 1, '24': 1, '21': 1, '6': 1, '10': 4, '8': 1, '18': 1}, 'selected_path_idx': 4}
2025-08-06 01:13:46,994 - INFO - ==================================================
2025-08-06 01:13:46,994 - INFO - 
==================================================
2025-08-06 01:13:46,995 - INFO - 样本 120: Jason was told he could earn $3.00 for doing his laundry,  $1.50 for cleaning his room, $0.75 for ta...
2025-08-06 01:13:46,995 - INFO - 参考答案: Jason emptied the dishwasher 6 times at $0.50 each so he made 6*.50=$<<6*.50=3.00>>3.00
Jason did his laundry 1 time at $3.00 so he made 1*3 = $<<1*3=3.00>>3.00
Jason took the trash out 2 times at $0.75 each so he made 2*.75 = $<<2*.75=1.50>>1.50
Jason cleaned his room 1 time at $1.50 each so he made 1*1.50 = $<<1*1.50=1.50>>1.50
Jason made 3+1.50+1.50+3 = $<<3+1.5+1.5+3=9.00>>9.00
#### 9
2025-08-06 01:13:46,996 - INFO - 提取参考答案: 9
2025-08-06 01:13:46,996 - INFO - 生成答案: 

Step 1:First, read the problem and identify what we need to find. We need to find the total amount of money Jason earned.

Step 2:Next, set up equations and perform the calculations. For emptying th...
2025-08-06 01:13:46,996 - INFO - 提取答案: 10.50
2025-08-06 01:13:46,997 - INFO - 投票统计: {'voting_method': 'majority', 'best_answer': '10.50', 'vote_count': 4, 'total_paths': 10, 'valid_paths': 10, 'confidence': 0.4, 'answer_distribution': {'9': 2, '11.25': 1, '10.50': 4, '1.5': 1, '8.50': 1, '25.50': 1}, 'selected_path_idx': 2}
2025-08-06 01:13:46,997 - INFO - ==================================================
2025-08-06 01:13:46,998 - INFO - 
==================================================
2025-08-06 01:13:46,998 - INFO - 样本 122: In a school activity, fifty-four students are to be separated into six groups of equal size. If the ...
2025-08-06 01:13:46,999 - INFO - 参考答案: There are 54/6 = <<54/6=9>>9 groups formed from the 54 students.
So, 12 - 9 = <<12-9=3>>3 groups more are needed to form.
#### 3
2025-08-06 01:13:46,999 - INFO - 提取参考答案: 3
2025-08-06 01:13:46,999 - INFO - 生成答案: 

Step 1:First, read the problem and identify what we need to find. We need to find the number of additional groups needed to form the activity.

Step 2:Next, set up equations and perform the calculat...
2025-08-06 01:13:47,000 - INFO - 提取答案: 6
2025-08-06 01:13:47,000 - INFO - 投票统计: {'voting_method': 'majority', 'best_answer': '6', 'vote_count': 5, 'total_paths': 10, 'valid_paths': 10, 'confidence': 0.5, 'answer_distribution': {'1': 1, '6': 5, '0': 2, '2': 2}, 'selected_path_idx': 1}
2025-08-06 01:13:47,001 - INFO - ==================================================
2025-08-06 01:13:47,001 - INFO - 
==================================================
2025-08-06 01:13:47,002 - INFO - 样本 133: A food caterer was told to prepare gourmet hot dogs for 36 guests. While most people would only eat ...
2025-08-06 01:13:47,002 - INFO - 参考答案: The food caterer prepared an additional 36/2 = <<36/2=18>>18 hot dogs.
Altogether, he prepared 36 + 18 = <<36+18=54>>54 hotdogs.
If 40 people wanted seconds, he would have needed 40 x 2 = <<40*2=80>>80 hot dogs.
80 - 54 = <<80-54=26>>26 people did not get second hotdogs.
#### 26
2025-08-06 01:13:47,003 - INFO - 提取参考答案: 26
2025-08-06 01:13:47,003 - INFO - 生成答案: 

Step 1:First, read the problem and identify what we need to find. We need to find the number of guests who did not get a second hotdog.

Step 2:Next, set up equations and perform the calculations. T...
2025-08-06 01:13:47,004 - INFO - 提取答案: 22
2025-08-06 01:13:47,004 - INFO - 投票统计: {'voting_method': 'majority', 'best_answer': '22', 'vote_count': 6, 'total_paths': 10, 'valid_paths': 10, 'confidence': 0.6, 'answer_distribution': {'22': 6, '4': 3, '6': 1}, 'selected_path_idx': 0}
2025-08-06 01:13:47,004 - INFO - ==================================================
2025-08-06 01:13:47,005 - INFO - 
==================================================
2025-08-06 01:13:47,005 - INFO - 样本 143: Wayne and Bernadette are movie stars heading to the premiere of their latest film. Bernadette wants ...
2025-08-06 01:13:47,006 - INFO - 参考答案: Bernadette takes 4 * 4 = <<4*4=16>>16 minutes to get to the theater.
Her ride takes 16 - 4 = <<16-4=12>>12 minutes longer than Wayne’s to get to the theater.
Thus, she should leave 12 + 5 = <<12+5=17>>17 minutes before Wayne to get to the theater 5 minutes sooner than he does.
#### 17
2025-08-06 01:13:47,006 - INFO - 提取参考答案: 17
2025-08-06 01:13:47,007 - INFO - 生成答案: 

Step 1:First, read the problem and identify what we need to find. We need to find the time difference in minutes between the time Wayne should leave and the time Bernadette should leave.

Step 2:Nex...
2025-08-06 01:13:47,007 - INFO - 提取答案: 11
2025-08-06 01:13:47,008 - INFO - 投票统计: {'voting_method': 'majority', 'best_answer': '11', 'vote_count': 5, 'total_paths': 10, 'valid_paths': 10, 'confidence': 0.5, 'answer_distribution': {'11': 5, '17': 2, '5': 2, '12': 1}, 'selected_path_idx': 0}
2025-08-06 01:13:47,008 - INFO - ==================================================
2025-08-06 01:13:47,009 - INFO - 
==================================================
2025-08-06 01:13:47,009 - INFO - 样本 150: Digimon had its 20th anniversary.  When it came out John was twice as old as Jim.  If John is 28 now...
2025-08-06 01:13:47,009 - INFO - 参考答案: When Digimon came out John would have been 28-20=<<28-20=8>>8
So Jim was 8/2=<<8/2=4>>4 years old
That means John is now 4+20=<<4+20=24>>24
#### 24
2025-08-06 01:13:47,010 - INFO - 提取参考答案: 24
2025-08-06 01:13:47,010 - INFO - 生成答案: 

Step 1:First, read the problem and identify what we need to find. We need to find Jim's age.

Step 2:Next, set up equations and perform the calculations. Since John is twice as old as Jim, and John'...
2025-08-06 01:13:47,011 - INFO - 提取答案: 14
2025-08-06 01:13:47,011 - INFO - 投票统计: {'voting_method': 'majority', 'best_answer': '14', 'vote_count': 5, 'total_paths': 10, 'valid_paths': 10, 'confidence': 0.5, 'answer_distribution': {'34': 2, '14': 5, '8': 1, '0': 1, '24': 1}, 'selected_path_idx': 1}
2025-08-06 01:13:47,012 - INFO - ==================================================
2025-08-06 01:13:47,012 - INFO - 
==================================================
2025-08-06 01:13:47,013 - INFO - 样本 155: Mary is making ice cubes with fruit frozen in them for a cocktail party. She makes some strawberry c...
2025-08-06 01:13:47,013 - INFO - 参考答案: Let s be the number of strawberry cubes and b be the number of blueberry cubes. We know that b = 5s - 4 and s + b = 116.
Substituting the first equation into the second, we get s + 5s - 4 = 116.
Combining like terms, we get 6s - 4 = 116
Adding 4 to both sides, we get 6s = 120
Dividing both sides by 6, we get s = 20
Substituting this value back into the equation b = 5s - 4, we get b = 96
#### 96
2025-08-06 01:13:47,013 - INFO - 提取参考答案: 96
2025-08-06 01:13:47,014 - INFO - 生成答案: 

Step 1:First, read the problem and identify what we need to find. We need to find the number of blueberry cubes Mary makes.

Step 2:Next, set up equations and perform the calculations. Let's say Mar...
2025-08-06 01:13:47,014 - INFO - 提取答案: 92
2025-08-06 01:13:47,015 - INFO - 投票统计: {'voting_method': 'majority', 'best_answer': '92', 'vote_count': 5, 'total_paths': 10, 'valid_paths': 10, 'confidence': 0.5, 'answer_distribution': {'92': 5, '96': 5}, 'selected_path_idx': 0}
2025-08-06 01:13:47,015 - INFO - ==================================================
2025-08-06 01:13:47,016 - INFO - 
==================================================
2025-08-06 01:13:47,016 - INFO - 样本 156: A family of 6 (2 adults and 4 kids) are to divide a watermelon such that each adult gets a slice tha...
2025-08-06 01:13:47,017 - INFO - 参考答案: Let x be the percentage of watermelon that each adult gets.
Since each kid gets half of what each adult gets, each kid gets x/2 percent of the watermelon
So the watermelon gets split into 2*x and 4*(x/2) parts by percentage
The percentages have to sum up to 100 so 2x+2x = 100 (after simplification)
x = 100/4 = <<100/4=25>>25, which means each adult gets 25% of the watermelon.
#### 25
2025-08-06 01:13:47,017 - INFO - 提取参考答案: 25
2025-08-06 01:13:47,017 - INFO - 生成答案: 

Step 1:First, read the problem and identify what we need to find. We need to find the percentage of the watermelon that each adult gets.

Step 2:Next, set up equations and perform the calculations. ...
2025-08-06 01:13:47,018 - INFO - 提取答案: 33.33
2025-08-06 01:13:47,018 - INFO - 投票统计: {'voting_method': 'majority', 'best_answer': '33.33', 'vote_count': 5, 'total_paths': 10, 'valid_paths': 10, 'confidence': 0.5, 'answer_distribution': {'66.67': 1, '33.33': 5, '80': 1, '25': 1, '200': 1, '44.44': 1}, 'selected_path_idx': 1}
2025-08-06 01:13:47,019 - INFO - ==================================================
2025-08-06 01:13:47,019 - INFO - 
==================================================
2025-08-06 01:13:47,020 - INFO - 样本 173: A company's HR hires 20 new employees every month to add to its total workforce. If the company's in...
2025-08-06 01:13:47,020 - INFO - 参考答案: If each month the company hire 20 new employees, the total number of employees in the company in the first month is 200 employees + 20 employees = <<200+20=220>>220 employees
If each employee is paid $4000 per month, the total amount of money paid by the employee to its workers in the first month is 220 employees * $4000/employee = $<<220*4000=880000>>880000
In the second month, 20 more workers are hired, bringing the total number of employees to 220 employees + 20 employees = 240 employees
The company pays a total of 240 employees * $4000/employee = $<<240*4000=960000>>960000 in wages for its employees in the second month.
When an additional 20 workers are hired in the third month, the total number of workers become 240 employees + 20 employees = <<240+20=260>>260 employees
In total, the company 260 employees * $4000/employee = $<<260*4000=1040000>>1040000 in wages on the third month.
The total amount of money the company pays to all its employees in the three months is $1040000 + $960000 + $880000 = <<1040000+960000+880000=2880000>>2880000
#### 2880000
2025-08-06 01:13:47,021 - INFO - 提取参考答案: 2880000
2025-08-06 01:13:47,021 - INFO - 生成答案: 

Step 1:First, read the problem and identify what we need to find. We need to find the total amount of money the company pays to its employees after three months.

Step 2:Next, set up equations and p...
2025-08-06 01:13:47,022 - INFO - 提取答案: 1040000
2025-08-06 01:13:47,022 - INFO - 投票统计: {'voting_method': 'majority', 'best_answer': '1040000', 'vote_count': 6, 'total_paths': 10, 'valid_paths': 10, 'confidence': 0.6, 'answer_distribution': {'10400000': 2, '104000000': 1, '1040000': 6, '31200000': 1}, 'selected_path_idx': 2}
2025-08-06 01:13:47,023 - INFO - ==================================================
2025-08-06 01:13:47,023 - INFO - 
==================================================
2025-08-06 01:13:47,024 - INFO - 样本 194: James gets 10 new CDs.  Each CD cost $15.  He gets them for 40% off.  He decides he doesn't like 5 o...
2025-08-06 01:13:47,024 - INFO - 参考答案: He got a 15*.4=$<<15*.4=6>>6 discount on each CD
That means each CD cost 15-6=$<<15-6=9>>9
So he paid 10*9=$<<10*9=90>>90
That means he was out 90-40=$<<90-40=50>>50
#### 50
2025-08-06 01:13:47,025 - INFO - 提取参考答案: 50
2025-08-06 01:13:47,025 - INFO - 生成答案: 

Step 1:First, read the problem and identify what we need to find. We need to find how much money James was out.

Step 2:Next, set up equations and perform the calculations. The total cost of the CDs...
2025-08-06 01:13:47,026 - INFO - 提取答案: 110
2025-08-06 01:13:47,026 - INFO - 投票统计: {'voting_method': 'majority', 'best_answer': '110', 'vote_count': 3, 'total_paths': 10, 'valid_paths': 10, 'confidence': 0.3, 'answer_distribution': {'110': 3, '-110': 1, '290': 1, '70': 1, '50': 1, '-30': 1, '260': 1, '100': 1}, 'selected_path_idx': 0}
2025-08-06 01:13:47,026 - INFO - ==================================================
2025-08-06 01:13:47,027 - INFO - 
==================================================
2025-08-06 01:13:47,027 - INFO - 样本 201: For a New Year's resolution, Andy wants to lose 30 lbs. by his birthday, which is July 19th. Today i...
2025-08-06 01:13:47,028 - INFO - 参考答案: January, March, and May have 31 days, February has 28, and April and June have 30, and Andy's birthday is on the 19th day of July. So there are 3 * 31 days + 28 + 2 * 30 days + 19 days = 93 days + 28 + 60 days + 19 days = <<3*31+28+2*30+19=200>>200 days until Andy's birthday.
He wants to lose 30 lbs. At 3500 calories per pound, this is 30 * 3500 = <<30*3500=105000>>105,000 calories total,
To reach his goal, he will have to burn 105,000 calories / 200 days = <<105000/200=525>>525 calories per day more than he consumes.
#### 525
2025-08-06 01:13:47,028 - INFO - 提取参考答案: 525
2025-08-06 01:13:47,029 - INFO - 生成答案: 

Step 1:First, read the problem and identify what we need to find. We need to find the daily calorie deficit for Andy to reach his goal of losing 30 lbs.

Step 2:Next, set up equations and perform th...
2025-08-06 01:13:47,029 - INFO - 提取答案: 500
2025-08-06 01:13:47,030 - INFO - 投票统计: {'voting_method': 'majority', 'best_answer': '500', 'vote_count': 3, 'total_paths': 10, 'valid_paths': 10, 'confidence': 0.3, 'answer_distribution': {'3600': 1, '273750': 1, '362': 1, '500': 3, '1166.67': 1, '2880': 1, '578': 1, '496': 1}, 'selected_path_idx': 3}
2025-08-06 01:13:47,030 - INFO - ==================================================
2025-08-06 01:13:47,031 - INFO - 
==================================================
2025-08-06 01:13:47,031 - INFO - 样本 208: Carmen goes to an auction to win an antique desk. She accepts the opening bid of $200 and continues ...
2025-08-06 01:13:47,031 - INFO - 参考答案: 3 other people are bidding on the desk so there are 3 bids * $50 per bid = $<<3*50=150>>150 added to the cost of the desk by other people.
Carmen also has to bid against each person, so she also adds 3 bids * $50 per bid = $<<3*50=150>>150 to the overall cost.
So in these bids, there has been a total of $150 + $150 = $<<150+150=300>>300 added to the initial cost of the desk.
The desk therefore costs $200 opening bid + $300 added cost = $<<200+300=500>>500.
#### 500
2025-08-06 01:13:47,032 - INFO - 提取参考答案: 500
2025-08-06 01:13:47,032 - INFO - 生成答案: 

Step 1:First, read the problem and identify what we need to find. We need to find the amount of money the desk costs Carmen.

Step 2:Next, set up equations and perform the calculations. Carmen's bid...
2025-08-06 01:13:47,033 - INFO - 提取答案: 350
2025-08-06 01:13:47,033 - INFO - 投票统计: {'voting_method': 'majority', 'best_answer': '350', 'vote_count': 3, 'total_paths': 10, 'valid_paths': 10, 'confidence': 0.3, 'answer_distribution': {'350': 3, '400': 1, '1100': 2, '200+150x-50': 1, '250': 1, '950': 1, '1150': 1}, 'selected_path_idx': 0}
2025-08-06 01:13:47,034 - INFO - ==================================================
2025-08-06 01:13:47,034 - INFO - 
==================================================
2025-08-06 01:13:47,035 - INFO - 样本 214: Bob had 7 fish in his ornamental fish pond. 3 were orange, and 4 were white. He decided he wanted to...
2025-08-06 01:13:47,035 - INFO - 参考答案: Bob started with 7 fish and bought seventeen, so he had 7 + 17 = <<7+17=24>>24 fish.
Let x = the number of white fish.
Bob has twice as many orange fish as white fish, so 2*x + x = 24 fish
3*x = 24
x = 24/3 = <<24/3=8>>8 white fish.
Bob started with 4 white fish, so he bought 8 - 4 = 4 white fish at the store.
#### 4
2025-08-06 01:13:47,036 - INFO - 提取参考答案: 4
2025-08-06 01:13:47,036 - INFO - 生成答案: 

Step 1:First, read the problem and identify what we need to find. We need to find the number of white fish that Bob bought at the store.

Step 2:Next, set up equations and perform the calculations. ...
2025-08-06 01:13:47,036 - INFO - 提取答案: 12
2025-08-06 01:13:47,037 - INFO - 投票统计: {'voting_method': 'majority', 'best_answer': '12', 'vote_count': 2, 'total_paths': 10, 'valid_paths': 10, 'confidence': 0.2, 'answer_distribution': {'12': 2, '4': 2, '6': 2, '9': 1, '13': 1, '5': 1, '48': 1}, 'selected_path_idx': 0}
2025-08-06 01:13:47,037 - INFO - ==================================================
2025-08-06 01:13:47,038 - INFO - 
==================================================
2025-08-06 01:13:47,038 - INFO - 样本 221: Although Soledad works in a windowless office, she loves the outdoors. She will be on vacation for t...
2025-08-06 01:13:47,039 - INFO - 参考答案: June has 30 days, so Soledad must hike 9,300 miles / 30 days = <<9300/30=310>>310 miles/day
Initially, she wanted to hike 2 times/day * 125 miles/time = <<2*125=250>>250 miles/day
To complete her journey, she must increase her hike by 310 miles/day - 250 miles/day = 60 miles/day
#### 60
2025-08-06 01:13:47,039 - INFO - 提取参考答案: 60
2025-08-06 01:13:47,040 - INFO - 生成答案: 

Step 1:First, read the problem and identify what we need to find. We need to find out how many more miles per day Soledad must hike to complete her journey on time.

Step 2:Next, set up equations an...
2025-08-06 01:13:47,040 - INFO - 提取答案: 185
2025-08-06 01:13:47,040 - INFO - 投票统计: {'voting_method': 'majority', 'best_answer': '185', 'vote_count': 4, 'total_paths': 10, 'valid_paths': 10, 'confidence': 0.4, 'answer_distribution': {'126': 1, '185': 4, '5': 1, '331.25': 1, '60': 1, '125': 1, '147.2': 1}, 'selected_path_idx': 1}
2025-08-06 01:13:47,041 - INFO - ==================================================
2025-08-06 01:13:47,041 - INFO - 
==================================================
2025-08-06 01:13:47,042 - INFO - 样本 222: Maggie's oven is malfunctioning. When she sets it to 450 the actual temperature is 468. If it's off ...
2025-08-06 01:13:47,042 - INFO - 参考答案: The oven off by 18 degrees because 468 - 450 = <<468-450=18>>18
The oven is off by 4% because 18 / 450 x 100 = <<18/450*100=4>>4%
Therefore X + .04X = 520
Therefore 1.04X = 520
The temperature to set it is 500 because 520 / 1.04 = <<520/1.04=500>>500
#### 500
2025-08-06 01:13:47,043 - INFO - 提取参考答案: 500
2025-08-06 01:13:47,043 - INFO - 生成答案: 

Step 1:First, read the problem and identify what we need to find. We need to find the temperature that Maggie should set her oven to.

Step 2:Next, set up equations and perform the calculations. Let...
2025-08-06 01:13:47,043 - INFO - 提取答案: 520
2025-08-06 01:13:47,044 - INFO - 投票统计: {'voting_method': 'majority', 'best_answer': '520', 'vote_count': 3, 'total_paths': 10, 'valid_paths': 10, 'confidence': 0.3, 'answer_distribution': {'432': 1, '87': 1, '498.8': 1, '539.9': 1, '520': 3, '23400': 1, '508': 1, '521.5': 1}, 'selected_path_idx': 4}
2025-08-06 01:13:47,044 - INFO - ==================================================
2025-08-06 01:13:47,045 - INFO - 
==================================================
2025-08-06 01:13:47,045 - INFO - 样本 223: Calvin is making soup for his family for dinner. He has a pot with enough soup to fill four adult's ...
2025-08-06 01:13:47,046 - INFO - 参考答案: Four adult bowls equal eight children’s bowls, so each adult bowl is 8 / 4 = <<8/4=2>>2 children’s bowls.
Calvin and his wife will eat two adult bowls, so they will eat the equivalent of 2 * 2 = <<2*2=4>>4 children’s bowls.
Thus, he, his wife, and their children will eat 4 + 2 = <<4+2=6>>6 children’s bowls at dinner.
After dinner, there will be 8 - 6 = <<8-6=2>>2 children’s bowls left over.
There are 2 children, so each child will be able to eat a bowl of leftover soup for lunch 2 / 2 = <<2/2=1>>1 time.
#### 1
2025-08-06 01:13:47,046 - INFO - 提取参考答案: 1
2025-08-06 01:13:47,047 - INFO - 生成答案: 

Step 1:First, read the problem and identify what we need to find. We need to find how many times each child can have a bowl of soup for lunch from the leftover soup.

Step 2:Next, set up equations a...
2025-08-06 01:13:47,047 - INFO - 提取答案: 2
2025-08-06 01:13:47,047 - INFO - 投票统计: {'voting_method': 'majority', 'best_answer': '2', 'vote_count': 6, 'total_paths': 10, 'valid_paths': 10, 'confidence': 0.6, 'answer_distribution': {'8': 1, '2': 6, '12': 1, '1': 2}, 'selected_path_idx': 1}
2025-08-06 01:13:47,048 - INFO - ==================================================
2025-08-06 01:13:47,048 - INFO - 
==================================================
2025-08-06 01:13:47,049 - INFO - 样本 224: Patty's Plumbing charges $40 to visit a house to make a repair, plus $35 per hour, or part thereof, ...
2025-08-06 01:13:47,049 - INFO - 参考答案: She charged for 3 hours.
The total cost from the hourly rate was 3*35=$<<3*35=105>>105.
She charged 40+105+60=<<40+105+60=205>>205.
#### 205
2025-08-06 01:13:47,050 - INFO - 提取参考答案: 205
2025-08-06 01:13:47,050 - INFO - 生成答案: 

Step 1:First, read the problem and identify what we need to find. We need to find the total amount Patty charged for the job.

Step 2:Next, set up equations and perform the calculations. The total a...
2025-08-06 01:13:47,050 - INFO - 提取答案: 178.25
2025-08-06 01:13:47,051 - INFO - 投票统计: {'voting_method': 'majority', 'best_answer': '178.25', 'vote_count': 4, 'total_paths': 10, 'valid_paths': 10, 'confidence': 0.4, 'answer_distribution': {'178.25': 4, '178.75': 4, '205': 1, '150': 1}, 'selected_path_idx': 0}
2025-08-06 01:13:47,051 - INFO - ==================================================
2025-08-06 01:13:47,052 - INFO - 
==================================================
2025-08-06 01:13:47,052 - INFO - 样本 225: Katarina has 5 less cookies than Max has. Max has 12 more cookies than the Cookie Monster, and Summe...
2025-08-06 01:13:47,053 - INFO - 参考答案: Max’s has a total of 68+5 = <<68+5=73>>73 cookies.
Cookie Monster’s total amount of cookies is 73-12 = <<73-12=61>>61.
Summer’s total cookie amount is 73+23 = <<73+23=96>>96.
Total amount of cookies 68+73+61+96 = <<68+73+61+96=298>>298.
#### 298
2025-08-06 01:13:47,053 - INFO - 提取参考答案: 298
2025-08-06 01:13:47,053 - INFO - 生成答案: 

Step 1:First, read the problem and identify what we need to find. We need to find the total number of cookies that Katarina, Max, and the Cookie Monster have.

Step 2:Next, set up equations and perf...
2025-08-06 01:13:47,054 - INFO - 提取答案: 202
2025-08-06 01:13:47,054 - INFO - 投票统计: {'voting_method': 'majority', 'best_answer': '202', 'vote_count': 4, 'total_paths': 10, 'valid_paths': 10, 'confidence': 0.4, 'answer_distribution': {'238': 1, '202': 4, '226': 2, '230': 1, '237': 1, '233': 1}, 'selected_path_idx': 1}
2025-08-06 01:13:47,055 - INFO - ==================================================
2025-08-06 01:13:47,055 - INFO - 
==================================================
2025-08-06 01:13:47,056 - INFO - 样本 226: Ada's daily electric consumption is 12 kilowatts per hour. She is planning to add a device that will...
2025-08-06 01:13:47,056 - INFO - 参考答案: Ada's weekly electric consumption before adding the new device is 12 x 7 = <<12*7=84>>84.
So, her weekly electric bill is 84 x $1.50 = $<<84*1.5=126>>126.
Ada's daily electric consumption after adding the new device is 12 + 2 = <<12+2=14>>14.
So her weekly electric consumption after adding the new device is 14 x 7= <<14*7=98>>98 kilowatts per hour.
Ada's new electric bill per week will be 98 x $1.50 = $<<98*1.5=147>>147
Therefore, the difference between the bill before and after she adds the new device is $147 - $126 = $<<147-126=21>>21.
#### 21
2025-08-06 01:13:47,056 - INFO - 提取参考答案: 21
2025-08-06 01:13:47,057 - INFO - 生成答案: 

Step 1:First, read the problem and identify what we need to find. We need to find the difference between Ada's weekly electric bill before and after she adds the new device.

Step 2:Next, set up equ...
2025-08-06 01:13:47,057 - INFO - 提取答案: 14
2025-08-06 01:13:47,058 - INFO - 投票统计: {'voting_method': 'majority', 'best_answer': '14', 'vote_count': 5, 'total_paths': 10, 'valid_paths': 10, 'confidence': 0.5, 'answer_distribution': {'14': 5, '21': 3, '0': 1, '3': 1}, 'selected_path_idx': 0}
2025-08-06 01:13:47,058 - INFO - ==================================================
2025-08-06 01:13:47,059 - INFO - 
==================================================
2025-08-06 01:13:47,059 - INFO - 样本 228: Cole wanted to buy new jeans for a dance contest. At the store, he couldn't decide between tattered ...
2025-08-06 01:13:47,060 - INFO - 参考答案: Cole saved $6 x 1/3 = $<<6*1/3=2>>2 on the jogger jeans.
So, he saved $6 - $2 = $<<6-2=4>>4 on the tattered jeans.
The original price of the jogger jeans is $22 + $2 = $<<22+2=24>>24.
Cole bought the tattered jeans for $<<28=28>>28
Hence, the original price of the tattered jeans is $28 + $4 = $<<28+4=32>>32.
Therefore, jogger jeans originally cost $32 - $24 = $<<32-24=8>>8 more than the tattered jeans.
#### 8
2025-08-06 01:13:47,060 - INFO - 提取参考答案: 8
2025-08-06 01:13:47,060 - INFO - 生成答案: 

Step 1:First, read the problem and identify what we need to find. We need to find the difference in cost between the jogger jeans and the tattered jeans.

Step 2:Next, set up equations and perform t...
2025-08-06 01:13:47,061 - INFO - 提取答案: 6
2025-08-06 01:13:47,061 - INFO - 投票统计: {'voting_method': 'majority', 'best_answer': '6', 'vote_count': 5, 'total_paths': 10, 'valid_paths': 10, 'confidence': 0.5, 'answer_distribution': {'6': 5, '16': 2, '4': 2, '28': 1}, 'selected_path_idx': 0}
2025-08-06 01:13:47,062 - INFO - ==================================================
2025-08-06 01:13:47,062 - INFO - 
==================================================
2025-08-06 01:13:47,063 - INFO - 样本 232: Tim enters a competition and has to try and guess the number of red jelly beans in a jar.  The jar h...
2025-08-06 01:13:47,063 - INFO - 参考答案: The volume of the container is 6*6*15=<<6*6*15=540>>540 cubic inches
That means it can fit 540/.15=<<540/.15=3600>>3600 jelly beans
With 80% packing efficiency, you can fit 3600*.8=<<3600*.8=2880>>2880 jelly beans in there
So that means he guesses 2880*.3=<<2880*.3=864>>864 are red
So his guess is off by 900-864=<<900-864=36>>36
#### 36
2025-08-06 01:13:47,064 - INFO - 提取参考答案: 36
2025-08-06 01:13:47,064 - INFO - 生成答案: 

Step 1:First, read the problem and identify what we need to find. We need to find the difference between Tim's guess and the true number of red jelly beans in the jar.

Step 2:Next, set up equations...
2025-08-06 01:13:47,065 - INFO - 提取答案: 450
2025-08-06 01:13:47,065 - INFO - 投票统计: {'voting_method': 'majority', 'best_answer': '450', 'vote_count': 4, 'total_paths': 10, 'valid_paths': 10, 'confidence': 0.4, 'answer_distribution': {'36': 3, '450': 4, '770.4': 1, '1980': 1, '180': 1}, 'selected_path_idx': 1}
2025-08-06 01:13:47,065 - INFO - ==================================================
2025-08-06 01:13:47,066 - INFO - 
==================================================
2025-08-06 01:13:47,066 - INFO - 样本 235: Dennis uses 1 pound of butter for every dozen croissants that he makes.  He needs to make 6 dozen cr...
2025-08-06 01:13:47,067 - INFO - 参考答案: 1 pound of butter makes 1 dozen croissants and he needs to make 6 dozen so he needs 1*6 = <<1*6=6>>6 pounds of butter
The butter is $4.00 a pound and currently on sale for buy one get one half off so every unit of 2 pounds of butter will cost 4*1.5 = $<<4*1.5=6.00>>6.00
He needs 6 pounds of butter and the current promotion is for a unit of 2 pounds of butter so he needs to buy 6/2 = <<6/2=3>>3 units worth of butter
The sale price is $6.00 per 2 pounds of butter and he needs to buy 3 units of butter so 6*3 = $<<6*3=18.00>>18.00 worth of butter
#### 18
2025-08-06 01:13:47,067 - INFO - 提取参考答案: 18
2025-08-06 01:13:47,068 - INFO - 生成答案: 

Step 1:First, read the problem and identify what we need to find. We need to find the total cost of 6 pounds of butter.

Step 2:Next, set up equations and perform the calculations. Dennis needs 6 do...
2025-08-06 01:13:47,068 - INFO - 提取答案: 24
2025-08-06 01:13:47,069 - INFO - 投票统计: {'voting_method': 'majority', 'best_answer': '24', 'vote_count': 4, 'total_paths': 10, 'valid_paths': 10, 'confidence': 0.4, 'answer_distribution': {'12': 2, '36': 1, '24': 4, '10': 1, '9': 1, '18': 1}, 'selected_path_idx': 3}
2025-08-06 01:13:47,069 - INFO - ==================================================
2025-08-06 01:13:47,069 - INFO - 
==================================================
2025-08-06 01:13:47,070 - INFO - 样本 236: Heather bought a jumbo bag of raisins with 27 cups of raisins in it. She wants to make oatmeal cooki...
2025-08-06 01:13:47,070 - INFO - 参考答案: Heather will have 27 / 3 = <<27/3=9>>9 cups of raisins for oatmeal cookies after dividing the bag.
Thus, she will be able to make (9/3) * 4 = <<9/3*4=12>>12 batches of oatmeal cookies.
#### 12
2025-08-06 01:13:47,071 - INFO - 提取参考答案: 12
2025-08-06 01:13:47,071 - INFO - 生成答案: 

Step 1:First, read the problem and identify what we need to find. We need to find the number of batches of oatmeal cookies that Heather can make.

Step 2:Next, set up equations and perform the calcu...
2025-08-06 01:13:47,072 - INFO - 提取答案: 36
2025-08-06 01:13:47,072 - INFO - 投票统计: {'voting_method': 'majority', 'best_answer': '36', 'vote_count': 5, 'total_paths': 10, 'valid_paths': 10, 'confidence': 0.5, 'answer_distribution': {'4': 1, '36': 5, '20': 1, '0': 1, '12': 1, '26': 1}, 'selected_path_idx': 1}
2025-08-06 01:13:47,072 - INFO - ==================================================
2025-08-06 01:13:47,073 - INFO - 
==================================================
2025-08-06 01:13:47,074 - INFO - 样本 244: Every day Charisma meditates for 15 minutes when she first wakes up and again before she goes to sle...
2025-08-06 01:13:47,075 - INFO - 参考答案: She meditates for 15 minutes in the morning and 15 minutes at night for a total of 15+15 = <<15+15=30>>30 minutes
She meditates 30 minutes daily so in 7 days/1 week she meditates 30*7 = <<30*7=210>>210 minutes
She meditates 210 minutes in 1 week so in 4 weeks she meditates 210*4 = <<210*4=840>>840 minutes
60 minutes are in an hour so she meditates for 840/60 = <<840/60=14>>14 hours
She practices yoga for 1 hour 5 days a week so that's 1*5 = <<1*5=5>>5 hours
Over 4 weeks she practices yoga for 4*5 = <<4*5=20>>20 hours
She spends 14 hours meditating and 20 hours practicing yoga for a total of 14+20 = <<14+20=34>>34 hours
#### 34
2025-08-06 01:13:47,076 - INFO - 提取参考答案: 34
2025-08-06 01:13:47,077 - INFO - 生成答案: 

Step 1:First, read the problem and identify what we need to find. We need to find the total time Charisma has spent on meditation and yoga practice in 4 weeks.

Step 2:Next, set up equations and per...
2025-08-06 01:13:47,078 - INFO - 提取答案: 2040
2025-08-06 01:13:47,078 - INFO - 投票统计: {'voting_method': 'majority', 'best_answer': '2040', 'vote_count': 2, 'total_paths': 10, 'valid_paths': 10, 'confidence': 0.2, 'answer_distribution': {'12.6': 1, '2040': 2, '34': 2, '1': 1, '140': 1, '1980': 1, '1240': 1, '9240': 1}, 'selected_path_idx': 1}
2025-08-06 01:13:47,079 - INFO - ==================================================
2025-08-06 01:13:47,080 - INFO - 
==================================================
2025-08-06 01:13:47,081 - INFO - 样本 245: Jenny goes to the florist to buy some flowers. Roses cost $2 each and $15 for a dozen. If she bought...
2025-08-06 01:13:47,081 - INFO - 参考答案: Jenny has $25 because 5 x 5 = <<5*5=25>>25
She buys 1 dozen roses and 3 single roses because 15 - 12 - 3 = <<15-12-3=0>>0
She spends $6 on the single roses because 3 x 2 = <<3*2=6>>6
She spends $21 on roses because 15 + 6 = <<15+6=21>>21
She gets $4 in change because 25 - 21 = <<25-21=4>>4
She gets 16 quarters because 4 x 4 = <<4*4=16>>16
#### 16
2025-08-06 01:13:47,081 - INFO - 提取参考答案: 16
2025-08-06 01:13:47,082 - INFO - 生成答案: 

Step 1:First, read the problem and identify what we need to find. We need to find the number of quarters Jenny leaves with.

Step 2:Next, set up equations and perform the calculations. Jenny bought ...
2025-08-06 01:13:47,082 - INFO - 提取答案: 0
2025-08-06 01:13:47,083 - INFO - 投票统计: {'voting_method': 'majority', 'best_answer': '0', 'vote_count': 3, 'total_paths': 10, 'valid_paths': 10, 'confidence': 0.3, 'answer_distribution': {'16': 1, '0': 3, '20': 3, '80': 1, '44': 1, '40': 1}, 'selected_path_idx': 1}
2025-08-06 01:13:47,083 - INFO - ==================================================
2025-08-06 01:13:47,084 - INFO - 
==================================================
2025-08-06 01:13:47,084 - INFO - 样本 247: Last month, Tasha made $80 from selling lemonade and mowing lawns. The first week, she mowed Kamala'...
2025-08-06 01:13:47,084 - INFO - 参考答案: At Kamala's Tasha made three times what she made mowing Joe's lawn, which gives 3 * 6 = <<3*6=18>>18 dollars
Since the lawn mowing sessions at Alba's were 5 times those at Joe's Tasha also made 5 * 6 = <<5*6=30>>30 dollars.
Adding up all the money earned from lawn mowing gives 6 + 18 + 30 = <<6+18+30=54>>54 dollars
Subtracting the lawn mowing money from the total amount gives us 80 - 54 = <<80-54=26>>26 dollars
Tasha therefore made 26 dollars selling lemonade.
#### 26
2025-08-06 01:13:47,085 - INFO - 提取参考答案: 26
2025-08-06 01:13:47,085 - INFO - 生成答案: 

Step 1:First, read the problem and identify what we need to find. We need to find the amount of money Tasha made from selling lemonade.

Step 2:Next, set up equations and perform the calculations. L...
2025-08-06 01:13:47,086 - INFO - 提取答案: 48
2025-08-06 01:13:47,086 - INFO - 投票统计: {'voting_method': 'majority', 'best_answer': '48', 'vote_count': 2, 'total_paths': 10, 'valid_paths': 10, 'confidence': 0.2, 'answer_distribution': {'59': 1, '72.67': 1, '48': 2, '56': 1, '0': 1, '32': 1, '40': 1, '26': 1, '80': 1}, 'selected_path_idx': 2}
2025-08-06 01:13:47,087 - INFO - ==================================================
2025-08-06 01:13:47,087 - INFO - 
==================================================
2025-08-06 01:13:47,087 - INFO - 样本 249: Arnold, Madeline, Camden, and Sarah painted 56 easter eggs. Arnold and Madeline painted the same num...
2025-08-06 01:13:47,088 - INFO - 参考答案: Arnold and Madeline painted 56 - 30 = <<56-30=26>>26 easter eggs.
Arnold and Madeline each painted 26/2 = <<26/2=13>>13 easter eggs.
Sarah painted (30 - 12)/2 = 18/2 = <<(30-12)/2=9>>9 easter eggs.
Camden painted 9 + 12 = <<9+12=21>>21 easter eggs.
Camden painted 21 - 13 = <<21-13=8>>8 eggs more than Arnold.
#### 8
2025-08-06 01:13:47,088 - INFO - 提取参考答案: 8
2025-08-06 01:13:47,089 - INFO - 生成答案: 

Step 1:First, read the problem and identify what we need to find. We need to find how many more eggs Camden painted than Arnold.

Step 2:Next, set up equations and perform the calculations. Let's de...
2025-08-06 01:13:47,089 - INFO - 提取答案: 12
2025-08-06 01:13:47,090 - INFO - 投票统计: {'voting_method': 'majority', 'best_answer': '12', 'vote_count': 4, 'total_paths': 10, 'valid_paths': 10, 'confidence': 0.4, 'answer_distribution': {'12': 4, '8': 1, '7': 2, '2': 1, '6': 1, '20': 1}, 'selected_path_idx': 0}
2025-08-06 01:13:47,090 - INFO - ==================================================
2025-08-06 01:13:47,091 - INFO - 
==================================================
2025-08-06 01:13:47,091 - INFO - 样本 252: Dave bought a large pack of french fries and ate fourteen before a hungry seagull stole the pack out...
2025-08-06 01:13:47,091 - INFO - 参考答案: Dave ate 14 french fries, so the seagull ate 14 * 1/2 = 14 / 2 = <<14*1/2=7>>7 fries.
The 3 pigeons ate 3 each, so they ate 3 * 3 = <<3*3=9>>9 fries.
The ants took one french fry, so there were 5 + 1 = <<5+1=6>>6 after the racoon took some.
The raccoon left 1/3 behind, so there were 6 * 3 = <<6*3=18>>18 fries before the raccoon took any.
Thus, the pack had 14 + 7 + 9 + 18 = <<14+7+9+18=48>>48 fries in it when Dave bought it.
#### 48
2025-08-06 01:13:47,092 - INFO - 提取参考答案: 48
2025-08-06 01:13:47,092 - INFO - 生成答案: 

Step 1:First, read the problem and identify what we need to find. We need to find the number of french fries that were in the pack when Dave bought it.

Step 2:Next, set up equations and perform the...
2025-08-06 01:13:47,093 - INFO - 提取答案: 45
2025-08-06 01:13:47,093 - INFO - 投票统计: {'voting_method': 'majority', 'best_answer': '45', 'vote_count': 1, 'total_paths': 10, 'valid_paths': 10, 'confidence': 0.1, 'answer_distribution': {'45': 1, '16': 1, '13': 1, '21': 1, '60': 1, '30': 1, '15': 1, '24': 1, '35': 1, '3': 1}, 'selected_path_idx': 0}
2025-08-06 01:13:47,094 - INFO - ==================================================
2025-08-06 01:13:47,094 - INFO - 
==================================================
2025-08-06 01:13:47,095 - INFO - 样本 267: Kenny is selling his Pokemon cards to buy a ticket to an amusement park, which costs $100. He has a ...
2025-08-06 01:13:47,095 - INFO - 参考答案: He made $150 selling the cards because 100 + 50 = <<100+50=150>>150
He sold 100 cards because 150 / 1.5 = <<150/1.5=100>>100
The cards he sold were 2/3 of his collection because 1 - (1/3) = 2/3
He started with 150 cards because 100 / (2/3) = <<100/(2/3)=150>>150
#### 150
2025-08-06 01:13:47,096 - INFO - 提取参考答案: 150
2025-08-06 01:13:47,096 - INFO - 生成答案: 

Step 1:First, read the problem and identify what we need to find. We need to find the number of cards Kenny started with.

Step 2:Next, set up equations and perform the calculations. Let x be the nu...
2025-08-06 01:13:47,097 - INFO - 提取答案: 75
2025-08-06 01:13:47,097 - INFO - 投票统计: {'voting_method': 'majority', 'best_answer': '75', 'vote_count': 2, 'total_paths': 10, 'valid_paths': 10, 'confidence': 0.2, 'answer_distribution': {'67': 1, '23': 1, '44': 1, '150': 1, '99': 1, '75': 2, '100': 1, '133': 1, '112.5': 1}, 'selected_path_idx': 5}
2025-08-06 01:13:47,097 - INFO - ==================================================
2025-08-06 01:13:47,098 - INFO - 
==================================================
2025-08-06 01:13:47,098 - INFO - 样本 269: 3 customers were kicked out of the Walmart for refusing to wear masks. A number equals to four times...
2025-08-06 01:13:47,099 - INFO - 参考答案: First quadruple the number of customers kicked out for not wearing masks: 4 * 3 customers = <<4*3=12>>12 customers
Then subtract 5 from this number: 12 customers - 5 customers = 7 customers
Then triple that number to find the number of people kicked out for violence: 7 customers * 3 = <<7*3=21>>21 customers
Then subtract the number of customers kicked out for each known reason to find the number kicked out for other reasons: 50 customers - 3 customers - 21 customers - 7 customers = <<50-3-21-7=19>>19 customers
#### 19
2025-08-06 01:13:47,099 - INFO - 提取参考答案: 19
2025-08-06 01:13:47,100 - INFO - 生成答案: 

Step 1:First, read the problem and identify what we need to find. We need to find the number of people who were kicked out for other reasons.

Step 2:Next, set up equations and perform the calculati...
2025-08-06 01:13:47,100 - INFO - 提取答案: 0
2025-08-06 01:13:47,101 - INFO - 投票统计: {'voting_method': 'majority', 'best_answer': '0', 'vote_count': 3, 'total_paths': 10, 'valid_paths': 10, 'confidence': 0.3, 'answer_distribution': {'15': 1, '3': 1, '19': 1, '0': 3, '12': 1, '4': 1, '3.61': 1, '18': 1}, 'selected_path_idx': 3}
2025-08-06 01:13:47,101 - INFO - ==================================================
2025-08-06 01:13:47,101 - INFO - 
==================================================
2025-08-06 01:13:47,102 - INFO - 样本 276: Erica made 20 Valentine's cards to pass out.  Her dad brought her 2 boxes of pre-made Valentine's ca...
2025-08-06 01:13:47,102 - INFO - 参考答案: Her dad gave her 2 boxes of 15 cards so 2*15 = <<2*15=30>>30
She made 20, was given 30 and received 17 so 20+30+17 = <<20+30+17=67>>67 cards
She passed out 24 and gave 5 cards to family and friends so she gave away 24+5 = <<24+5=29>>29 cards
She had 67 cards and gave away 29 cards so 67-29 = <<67-29=38>>38 cards left
#### 38
2025-08-06 01:13:47,103 - INFO - 提取参考答案: 38
2025-08-06 01:13:47,103 - INFO - 生成答案: 

Step 1:First, read the problem and identify what we need to find. We need to find the number of Valentine's Day cards Erica now has.

Step 2:Next, set up equations and perform the calculations. Eric...
2025-08-06 01:13:47,104 - INFO - 提取答案: 43
2025-08-06 01:13:47,104 - INFO - 投票统计: {'voting_method': 'majority', 'best_answer': '43', 'vote_count': 7, 'total_paths': 10, 'valid_paths': 10, 'confidence': 0.7, 'answer_distribution': {'43': 7, '9': 1, '67': 1, '13': 1}, 'selected_path_idx': 0}
2025-08-06 01:13:47,105 - INFO - ==================================================
2025-08-06 01:13:47,105 - INFO - 
==================================================
2025-08-06 01:13:47,105 - INFO - 样本 278: If Marcy works for the same company for 40 years, she gets an annual pension of $50,000/year. Starti...
2025-08-06 01:13:47,106 - INFO - 参考答案: First find how many years Marcy works after 20 years: 30 years - 20 years = <<30-20=10>>10 years
Then multiply that number by the amount of her pension she gets per year: 10 years * 5% = 50%
Then multiply that percentage by the total amount of the full pension to find how much she gets: $50,000 * 50% = $<<50000*50*.01=25000>>25,000
#### 25000
2025-08-06 01:13:47,106 - INFO - 提取参考答案: 25000
2025-08-06 01:13:47,107 - INFO - 生成答案: 

Step 1:First, read the problem and identify what we need to find. We need to find Marcy's annual pension after she quits after 30 years.

Step 2:Next, set up equations and perform the calculations. ...
2025-08-06 01:13:47,107 - INFO - 提取答案: 50000
2025-08-06 01:13:47,108 - INFO - 投票统计: {'voting_method': 'majority', 'best_answer': '50000', 'vote_count': 2, 'total_paths': 10, 'valid_paths': 10, 'confidence': 0.2, 'answer_distribution': {'50000': 2, '63375': 1, '50833.33': 1, '1001.25': 1, '550000': 1, '2762.50': 1, '75000': 1, '100000': 1, '125000': 1}, 'selected_path_idx': 0}
2025-08-06 01:13:47,108 - INFO - ==================================================
2025-08-06 01:13:47,109 - INFO - 
==================================================
2025-08-06 01:13:47,109 - INFO - 样本 280: Michael is replacing the carpet in his bedroom.  The new carpet he's chosen costs $12 per square foo...
2025-08-06 01:13:47,109 - INFO - 参考答案: The room measures 18 * 12 = <<18*12=216>>216 square feet.
The new carpet costs $12 * 216 = $<<12*216=2592>>2,592.
The new carpet padding costs $2 * 216 = $<<2*216=432>>432.
To remove the old carpet, the contractor will charge $4 * 216 = $<<4*216=864>>864.
To install the new carpet, the contractor will charge $34 * 216 = $<<34*216=7344>>7,344.
The total cost will be $864 + $2,592 + $432 + $7,344 = $11,232.
#### 11232
2025-08-06 01:13:47,110 - INFO - 提取参考答案: 11232
2025-08-06 01:13:47,110 - INFO - 生成答案: 

Step 1:First, read the problem and identify what we need to find. We need to find the total cost of replacing the carpet in Michael's bedroom.

Step 2:Next, set up equations and perform the calculat...
2025-08-06 01:13:47,111 - INFO - 提取答案: 9632
2025-08-06 01:13:47,111 - INFO - 投票统计: {'voting_method': 'majority', 'best_answer': '9632', 'vote_count': 1, 'total_paths': 10, 'valid_paths': 10, 'confidence': 0.1, 'answer_distribution': {'9632': 1, '11432': 1, '96432': 1, '11008': 1, '216': 1, '10092': 1, '3456': 1, '6912': 1, '11052': 1, '11492': 1}, 'selected_path_idx': 0}
2025-08-06 01:13:47,112 - INFO - ==================================================
2025-08-06 01:13:47,112 - INFO - 
==================================================
2025-08-06 01:13:47,113 - INFO - 样本 293: Elly is organizing her books on the new bookcases her parents bought her. Each of the middle 2 shelv...
2025-08-06 01:13:47,113 - INFO - 参考答案: The bottom shelf can hold 2 * 10 = <<2*10=20>>20 books.
The 2 middle shelves can hold a total of 2 * 10 = <<2*10=20>>20 books.
The top shelf can hold 20 – 5 = <<20-5=15>>15 books.
Each bookcase can hold a total of 20 books + 20 books + 15 books = <<20+20+15=55>>55 books.
To hold all of her books, she needs 110 / 55 = <<110/55=2>>2 bookcases.
#### 2
2025-08-06 01:13:47,113 - INFO - 提取参考答案: 2
2025-08-06 01:13:47,114 - INFO - 生成答案: 

Step 1:First, read the problem and identify what we need to find. We need to find the number of bookcases Elly needs to hold all of her books.

Step 2:Next, set up equations and perform the calculat...
2025-08-06 01:13:47,114 - INFO - 提取答案: 3
2025-08-06 01:13:47,115 - INFO - 投票统计: {'voting_method': 'majority', 'best_answer': '3', 'vote_count': 6, 'total_paths': 10, 'valid_paths': 10, 'confidence': 0.6, 'answer_distribution': {'3': 6, '2': 1, '23': 1, '4': 2}, 'selected_path_idx': 0}
2025-08-06 01:13:47,115 - INFO - ==================================================
2025-08-06 01:13:47,116 - INFO - 
==================================================
2025-08-06 01:13:47,116 - INFO - 样本 301: Nate's dog can dig six holes a day. He digs for 14 days while Nate is on vacation. When Nate gets ho...
2025-08-06 01:13:47,117 - INFO - 参考答案: First find the number of holes the dog digs while Nate is on vacation: 14 days * 6 holes/day = <<14*6=84>>84 holes
Then find the net number of holes Nate fill in each day: 9 holes/day - 6 holes/day = <<9-6=3>>3 holes/day
Then divide the total number of holes by the daily decrease in the number of holes to find the number of days Nate spends filling in holes: 84 holes / 3 holes/day = <<84/3=28>>28 days
Then divide the number of days by the number of days per week to convert the answer to weeks: 28 days / 7 days/week = <<28/7=4>>4 weeks
#### 4
2025-08-06 01:13:47,117 - INFO - 提取参考答案: 4
2025-08-06 01:13:47,117 - INFO - 生成答案: 

Step 1:First, read the problem and identify what we need to find. We need to find the number of weeks it takes Nate to fill in all the holes.

Step 2:Next, set up equations and perform the calculati...
2025-08-06 01:13:47,118 - INFO - 提取答案: 2
2025-08-06 01:13:47,118 - INFO - 投票统计: {'voting_method': 'majority', 'best_answer': '2', 'vote_count': 5, 'total_paths': 10, 'valid_paths': 10, 'confidence': 0.5, 'answer_distribution': {'4': 3, '12': 1, '6': 1, '2': 5}, 'selected_path_idx': 5}
2025-08-06 01:13:47,119 - INFO - ==================================================
2025-08-06 01:13:47,119 - INFO - 
==================================================
2025-08-06 01:13:47,120 - INFO - 样本 304: Tara bought 8 packs of 5 canvas bags for $4 each. She painted them and sold them at a craft fair for...
2025-08-06 01:13:47,120 - INFO - 参考答案: The total number of bags is 8*5 = <<8*5=40>>40
The cost of the 40 bags is 40*4 = <<40*4=160>>160
Tara sold the 40 bags at 8 each earning her 40*8 = <<40*8=320>>320
Her profit was 320-160 = <<320-160=160>>160
#### 160
2025-08-06 01:13:47,121 - INFO - 提取参考答案: 160
2025-08-06 01:13:47,121 - INFO - 生成答案: 

Step 1:First, read the problem and identify what we need to find. We need to find the profit earned by Tara on her bags.

Step 2:Next, set up equations and perform the calculations. The cost price o...
2025-08-06 01:13:47,121 - INFO - 提取答案: 32
2025-08-06 01:13:47,122 - INFO - 投票统计: {'voting_method': 'majority', 'best_answer': '32', 'vote_count': 4, 'total_paths': 10, 'valid_paths': 10, 'confidence': 0.4, 'answer_distribution': {'32': 4, '4': 1, '288-8x': 1, '8': 1, '0': 1, '160': 2}, 'selected_path_idx': 0}
2025-08-06 01:13:47,122 - INFO - ==================================================
2025-08-06 01:13:47,123 - INFO - 
==================================================
2025-08-06 01:13:47,123 - INFO - 样本 310: Sara wants to buy herself a new jacket and 2 pairs of shoes. The jacket she wants costs $30 and each...
2025-08-06 01:13:47,124 - INFO - 参考答案: Both pairs of shoes will cost a total of 2 * $20 = $<<2*20=40>>40.
Sara will need to save a total of $30 + $40 = $<<30+40=70>>70 to buy everything that she wants.
Sara has earned 4 * $5 = $<<4*5=20>>20 from babysitting.
Between her savings and the babysitting, Sara has already saved $10 + $20 = $<<10+20=30>>30.
Sara needs to earn an additional $70 - $30 = $<<70-30=40>>40 from mowing the lawn to afford her clothes.
Sara must mow the lawn $40 / $4 = <<40/4=10>>10 times to afford to buy the jacket and shoes.
#### 10
2025-08-06 01:13:47,124 - INFO - 提取参考答案: 10
2025-08-06 01:13:47,125 - INFO - 生成答案: 

Step 1:First, read the problem and identify what we need to find. We need to find the number of times Sara must mow the lawn before she can afford the jacket and shoes.

Step 2:Next, set up equation...
2025-08-06 01:13:47,125 - INFO - 提取答案: 5
2025-08-06 01:13:47,125 - INFO - 投票统计: {'voting_method': 'majority', 'best_answer': '5', 'vote_count': 3, 'total_paths': 10, 'valid_paths': 10, 'confidence': 0.3, 'answer_distribution': {'10': 2, '16': 1, '3': 1, '5': 3, '13': 3}, 'selected_path_idx': 3}
2025-08-06 01:13:47,126 - INFO - ==================================================
2025-08-06 01:13:47,126 - INFO - 
==================================================
2025-08-06 01:13:47,127 - INFO - 样本 314: Ben bought a car for $20000 in 2007. The price of the car depreciates at a constant rate of 21% per ...
2025-08-06 01:13:47,127 - INFO - 参考答案: The price of the car depreciates of 20000 * 21% = $<<20000*21*.01=4200>>4200 per year.
Ben had the car for 2010 - 2007 = <<2010-2007=3>>3 years.
The price of the car depreciates 4200 * 3 = $<<4200*3=12600>>12600 from 2007 to 2010.
So the price of the car in the year 2010 is $20000 - $12600 = $<<20000-12600=7400>>7400.
#### 7400
2025-08-06 01:13:47,128 - INFO - 提取参考答案: 7400
2025-08-06 01:13:47,128 - INFO - 生成答案: 

Step 1:First, read the problem and identify what we need to find. We need to find the price of the car in the year 2010.

Step 2:Next, set up equations and perform the calculations. The price of the...
2025-08-06 01:13:47,129 - INFO - 提取答案: 10240
2025-08-06 01:13:47,129 - INFO - 投票统计: {'voting_method': 'majority', 'best_answer': '10240', 'vote_count': 2, 'total_paths': 10, 'valid_paths': 10, 'confidence': 0.2, 'answer_distribution': {'10000': 1, '9800': 1, '10240': 2, '10032.8': 1, '9697': 1, '9793.36': 1, '12478': 1, '12629': 1, '10274': 1}, 'selected_path_idx': 2}
2025-08-06 01:13:47,130 - INFO - ==================================================
2025-08-06 01:13:47,130 - INFO - 
==================================================
2025-08-06 01:13:47,131 - INFO - 样本 317: At the trip to the county-level scavenger hunt competition, 90 people were required to split into gr...
2025-08-06 01:13:47,131 - INFO - 参考答案: Since the total number of people at the competition was 90, they formed 90/9=<<90/9=10>>10 groups after splitting into 9-person groups.
If 3/5 of the number of groups each had members bringing back 2 seashells each, then 3/5*10=<<3/5*10=6>>6 groups had members bringing back 2 seashells.
Since each group had 9 people, the number of people in the 6 groups, who found 2 seashells each, was 6*9= <<6*9=54>>54.
The total number of seashells the 54 people brought is 54*2=<<54*2=108>>108 seashells.
#### 108
2025-08-06 01:13:47,131 - INFO - 提取参考答案: 108
2025-08-06 01:13:47,132 - INFO - 生成答案: 

Step 1:First, read the problem and identify what we need to find. We need to find the number of seashells brought back by the groups.

Step 2:Next, set up equations and perform the calculations. The...
2025-08-06 01:13:47,132 - INFO - 提取答案: 12
2025-08-06 01:13:47,133 - INFO - 投票统计: {'voting_method': 'majority', 'best_answer': '12', 'vote_count': 10, 'total_paths': 10, 'valid_paths': 10, 'confidence': 1.0, 'answer_distribution': {'12': 10}, 'selected_path_idx': 0}
2025-08-06 01:13:47,133 - INFO - ==================================================
2025-08-06 01:13:47,134 - INFO - 
==================================================
2025-08-06 01:13:47,134 - INFO - 样本 320: Ava and Emma want to know who is better at the new video game Ava got for her birthday. They are eac...
2025-08-06 01:13:47,135 - INFO - 参考答案: For jumping on enemies, Emma earns 8 * 10 = <<8*10=80>>80 fewer points than Ava.
For collecting berries, Emma earns 3 * 5 = <<3*5=15>>15 fewer points than Ava.
For finishing the level faster, Emma earns 4 * 30 = <<4*30=120>>120 more points than Ava.
Overall, Emma has 120 – 80 - 15 = <<120-80-15=25>>25 more points than Ava.
#### 25
2025-08-06 01:13:47,135 - INFO - 提取参考答案: 25
2025-08-06 01:13:47,136 - INFO - 生成答案: 

Step 1:First, read the problem and identify what we need to find. We need to find the difference between Ava's score and Emma's score.

Step 2:Next, set up equations and perform the calculations. Si...
2025-08-06 01:13:47,136 - INFO - 提取答案: 30
2025-08-06 01:13:47,136 - INFO - 投票统计: {'voting_method': 'majority', 'best_answer': '30', 'vote_count': 2, 'total_paths': 10, 'valid_paths': 10, 'confidence': 0.2, 'answer_distribution': {'30': 2, '-25': 1, '91': 2, '20': 1, '0': 1, '40': 1, '65': 1, '22': 1}, 'selected_path_idx': 0}
2025-08-06 01:13:47,137 - INFO - ==================================================
2025-08-06 01:13:47,137 - INFO - 
==================================================
2025-08-06 01:13:47,138 - INFO - 样本 327: Sasha and Julie are best friends playing on opposing basketball teams. The teams have two practice g...
2025-08-06 01:13:47,138 - INFO - 参考答案: In the first game, Sasha scored 14 points, and Julie scored four fewer points: 14-4 = <<14-4=10>>10 points.
In the second game, Sasha scored 6 points fewer than Julie's score in the first game, meaning she scored 10-6=<<10-6=4>>4 points.
Sasha scored 10+4=<<10+4=14>>14 points in the two games.
#### 14
2025-08-06 01:13:47,139 - INFO - 提取参考答案: 14
2025-08-06 01:13:47,139 - INFO - 生成答案: 

Step 1:First, read the problem and identify what we need to find. We need to find the total points Sasha scored during both games.

Step 2:Next, set up equations and perform the calculations. In the...
2025-08-06 01:13:47,140 - INFO - 提取答案: 18
2025-08-06 01:13:47,140 - INFO - 投票统计: {'voting_method': 'majority', 'best_answer': '18', 'vote_count': 8, 'total_paths': 10, 'valid_paths': 10, 'confidence': 0.8, 'answer_distribution': {'18': 8, '24': 1, '22': 1}, 'selected_path_idx': 0}
2025-08-06 01:13:47,141 - INFO - ==================================================
2025-08-06 01:13:47,141 - INFO - 
==================================================
2025-08-06 01:13:47,141 - INFO - 样本 329: Mrs. Tatiana owns a grocery store that sells different fruits and vegetables, which includes carrots...
2025-08-06 01:13:47,142 - INFO - 参考答案: In the first year, the price of carrots increases by 5/100*120 = $<<5/100*120=6>>6
After 3 years, the price of carrots will increase by $6*3 = $<<6*3=18>>18
The total price of carrots after three years will be 120+18 = $<<120+18=138>>138
#### 138
2025-08-06 01:13:47,142 - INFO - 提取参考答案: 138
2025-08-06 01:13:47,143 - INFO - 生成答案: 

Step 1:First, read the problem and identify what we need to find. We need to find the price of carrots after three years.

Step 2:Next, set up equations and perform the calculations. Since the price...
2025-08-06 01:13:47,143 - INFO - 提取答案: 139
2025-08-06 01:13:47,144 - INFO - 投票统计: {'voting_method': 'majority', 'best_answer': '139', 'vote_count': 10, 'total_paths': 10, 'valid_paths': 10, 'confidence': 1.0, 'answer_distribution': {'139': 10}, 'selected_path_idx': 0}
2025-08-06 01:13:47,144 - INFO - ==================================================
2025-08-06 01:13:47,145 - INFO - 
==================================================
2025-08-06 01:13:47,145 - INFO - 样本 335: The Llesis family drove and hiked 6 hours to their vacation spot. They drove an average of 50 miles ...
2025-08-06 01:13:47,145 - INFO - 参考答案: Half the average speed of Llesis family driving is 50/2 = <<50/2=25>>25 miles per hour.
Hence, their average speed hiking was 25 - 5 = <<25-5=20>>20 miles per hour.
So, they hiked 20 x 1.5 = <<20*1.5=30>>30 miles.
It took them a total of 6 - 1.5 = <<6-1.5=4.5>>4.5 hours driving.
So, they drove 50 x 4.5 = <<50*4.5=225>>225 miles.
Therefore, their vacation spot was 30 + 225 = <<30+225=255>>255 miles far.
#### 255
2025-08-06 01:13:47,146 - INFO - 提取参考答案: 255
2025-08-06 01:13:47,146 - INFO - 生成答案: 

Step 1:First, read the problem and identify what we need to find. We need to find the distance to the vacation spot.

Step 2:Next, set up equations and perform the calculations. The Llesis family dr...
2025-08-06 01:13:47,147 - INFO - 提取答案: 225
2025-08-06 01:13:47,147 - INFO - 投票统计: {'voting_method': 'majority', 'best_answer': '225', 'vote_count': 2, 'total_paths': 10, 'valid_paths': 10, 'confidence': 0.2, 'answer_distribution': {'225': 2, '30': 2, '50': 1, '33.75': 1, '71.25': 1, '255': 1, '258.75': 1, '330': 1}, 'selected_path_idx': 0}
2025-08-06 01:13:47,148 - INFO - ==================================================
2025-08-06 01:13:47,148 - INFO - 
==================================================
2025-08-06 01:13:47,149 - INFO - 样本 338: Cedar Falls Middle School has students in grades 4 – 7 and each year they are challenged to earn as ...
2025-08-06 01:13:47,149 - INFO - 参考答案: There are 4 grades in the middle school x 10 students = <<4*10=40>>40 students who get to try the escape room.
There will be 40 students / 8 students in a group = <<40/8=5>>5 groups who get to try the escape room.
It will take 5 groups x 45 minutes = <<5*45=225>>225 minutes.
#### 225
2025-08-06 01:13:47,150 - INFO - 提取参考答案: 225
2025-08-06 01:13:47,150 - INFO - 生成答案: 

Step 1:First, read the problem and identify what we need to find. We need to find the total time it takes for everyone to try the escape room.

Step 2:Next, set up equations and perform the calculat...
2025-08-06 01:13:47,150 - INFO - 提取答案: 180
2025-08-06 01:13:47,151 - INFO - 投票统计: {'voting_method': 'majority', 'best_answer': '180', 'vote_count': 2, 'total_paths': 10, 'valid_paths': 10, 'confidence': 0.2, 'answer_distribution': {'57': 1, '135': 1, '180': 2, '360': 1, '225': 2, '90': 1, '562.5': 1, '168.75': 1}, 'selected_path_idx': 2}
2025-08-06 01:13:47,151 - INFO - ==================================================
2025-08-06 01:13:47,152 - INFO - 
==================================================
2025-08-06 01:13:47,152 - INFO - 样本 339: A dance studio offers lessons to students. It costs $25 per session to rent the studio plus $1.50 pe...
2025-08-06 01:13:47,153 - INFO - 参考答案: The total earnings from 10 students is $1.50 x 10 = $<<1.50*10=15>>15 per session.
So the total earnings per session is $15 + $25 = $<<15+25=40>>40.
Thus, every week the dance studio earns $40 x 3 = $<<40*3=120>>120.
Therefore, it will earn $120 x 4 = $<<120*4=480>>480 in a month.
#### 480
2025-08-06 01:13:47,153 - INFO - 提取参考答案: 480
2025-08-06 01:13:47,154 - INFO - 生成答案: 

Step 1:First, read the problem and identify what we need to find. We need to find the expected earnings of the dance studio in a month.

Step 2:Next, set up equations and perform the calculations. T...
2025-08-06 01:13:47,154 - INFO - 提取答案: 360
2025-08-06 01:13:47,154 - INFO - 投票统计: {'voting_method': 'majority', 'best_answer': '360', 'vote_count': 2, 'total_paths': 10, 'valid_paths': 10, 'confidence': 0.2, 'answer_distribution': {'1875': 1, '315': 1, '9170': 1, '360': 2, '960': 1, '4200': 1, '480': 2, '7340': 1}, 'selected_path_idx': 3}
2025-08-06 01:13:47,155 - INFO - ==================================================
2025-08-06 01:13:47,155 - INFO - 
==================================================
2025-08-06 01:13:47,156 - INFO - 样本 345: 9 out of 10 cheerleaders are 64" tall.  The 10th cheerleader is 60" tall.  If they build a human pyr...
2025-08-06 01:13:47,156 - INFO - 参考答案: All but one cheerleader is 64" tall and these cheerleaders make up the bottom 3 layers of the pyramid. So, when standing on top of each other, they are 64*3 = <<64*3=192>>192" tall
The shortest cheerleader is at the top of the pyramid and is 60" tall so the pyramid is 192+60 = <<252=252>>252" tall
12" are in 1 foot and the pyramid is 252" tall so it's 252/12 = <<252/12=21>>21 feet tall
#### 21
2025-08-06 01:13:47,157 - INFO - 提取参考答案: 21
2025-08-06 01:13:47,157 - INFO - 生成答案: 

Step 1:First, read the problem and identify what we need to find. We need to find the height of the human pyramid in feet.

Step 2:Next, set up equations and perform the calculations. The total heig...
2025-08-06 01:13:47,158 - INFO - 提取答案: 48
2025-08-06 01:13:47,158 - INFO - 投票统计: {'voting_method': 'majority', 'best_answer': '48', 'vote_count': 1, 'total_paths': 10, 'valid_paths': 10, 'confidence': 0.1, 'answer_distribution': {'48': 1, '54': 1, '21': 1, '146.67': 1, '47.33': 1, '53.4': 1, '96': 1, '39.2': 1, '26.67': 1, '78.58': 1}, 'selected_path_idx': 0}
2025-08-06 01:13:47,159 - INFO - ==================================================
2025-08-06 01:13:47,159 - INFO - 
==================================================
2025-08-06 01:13:47,160 - INFO - 样本 346: Last night Rick killed ten wolves and 15 cougars while hunting. Today Rick killed three times as man...
2025-08-06 01:13:47,160 - INFO - 参考答案: The total number of animals that Rick killed while hunting yesterday is 15+10 = <<15+10=25>>25
Today, Rick killed three fewer cougars than the previous night, a total of 15-3 = <<15-3=12>>12 cougars.
He also killed three times as many wolves as cougars today, a total of 3*12 = <<3*12=36>>36 wolves.
Together, his hunt today yielded 36+12 = <<36+12=48>>48 animals.
In total, he has 48+25 = <<48+25=73>>73 animals from the hunt.
#### 73
2025-08-06 01:13:47,160 - INFO - 提取参考答案: 73
2025-08-06 01:13:47,161 - INFO - 生成答案: 

Step 1:First, read the problem and identify what we need to find. We need to find the total number of animals Rick killed.

Step 2:Next, set up equations and perform the calculations. Let's start by...
2025-08-06 01:13:47,161 - INFO - 提取答案: 82
2025-08-06 01:13:47,162 - INFO - 投票统计: {'voting_method': 'majority', 'best_answer': '82', 'vote_count': 5, 'total_paths': 10, 'valid_paths': 10, 'confidence': 0.5, 'answer_distribution': {'57': 1, '60': 1, '58': 1, '82': 5, '68': 1, '65': 1}, 'selected_path_idx': 3}
2025-08-06 01:13:47,162 - INFO - ==================================================
2025-08-06 01:13:47,163 - INFO - 
==================================================
2025-08-06 01:13:47,163 - INFO - 样本 358: Blake and Kelly are having a contest to see who can run the most in 15 minutes. They decide to do it...
2025-08-06 01:13:47,164 - INFO - 参考答案: Blake runs 200 yards for each back and forth because 100 x 2 = 200
He runs 3000 yards in total because 200 x 15 = <<200*15=3000>>3000
Kelly runs 200 yards at first because 100 x 2 = <<100*2=200>>200
She runs 80 yards each time she does a back and forth to the 40-yard line because 40 x 2 = <<40*2=80>>80
She runs 2720 from these back and forth because 34 x 80 = <<34*80=2720>>2720
She runs 2920 in total because 2720 + 200 = <<2720+200=2920>>2920
Blake won because 3000 > 2920
The winner ran 80 yards more than the loser because 3000 - 2920 = <<3000-2920=80>>80
#### 80
2025-08-06 01:13:47,164 - INFO - 提取参考答案: 80
2025-08-06 01:13:47,165 - INFO - 生成答案: 

Step 1:First, read the problem and identify what we need to find. We need to find the difference between the total distance run by the winner and the loser.

Step 2:Next, set up equations and perfor...
2025-08-06 01:13:47,165 - INFO - 提取答案: 140
2025-08-06 01:13:47,166 - INFO - 投票统计: {'voting_method': 'majority', 'best_answer': '140', 'vote_count': 1, 'total_paths': 10, 'valid_paths': 10, 'confidence': 0.1, 'answer_distribution': {'140': 1, '1900': 1, '2440': 1, '1220': 1, '540': 1, '2720': 1, '2320': 1, '3940': 1, '280': 1, '2650': 1}, 'selected_path_idx': 0}
2025-08-06 01:13:47,166 - INFO - ==================================================
2025-08-06 01:13:47,167 - INFO - 
==================================================
2025-08-06 01:13:47,167 - INFO - 样本 360: Thomas withdraws $1000 in 20 dollar bills from the bank account.  He loses 10 bills while getting ho...
2025-08-06 01:13:47,167 - INFO - 参考答案: He withdrew 1000/20=<<1000/20=50>>50 bills
So he has 50-10=<<50-10=40>>40 bills left over
He uses half the bills to pay for something, so he has 40/2=<<40/2=20>>20 bills
He triples his money which gives him 20*3=<<20*3=60>>60 bills
So he has 60*20=$<<60*20=1200>>1200
Converting to 5s means he has 1200/5=<<1200/5=240>>240 bills
#### 240
2025-08-06 01:13:47,168 - INFO - 提取参考答案: 240
2025-08-06 01:13:47,168 - INFO - 生成答案: 

Step 1:First, read the problem and identify what we need to find. We need to find the number of 5 dollar bills Thomas has.

Step 2:Next, set up equations and perform the calculations. Thomas initial...
2025-08-06 01:13:47,169 - INFO - 提取答案: 12
2025-08-06 01:13:47,169 - INFO - 投票统计: {'voting_method': 'majority', 'best_answer': '12', 'vote_count': 3, 'total_paths': 10, 'valid_paths': 10, 'confidence': 0.3, 'answer_distribution': {'12': 3, '120': 1, '300': 2, '16': 1, '12440': 1, '15': 1, '297': 1}, 'selected_path_idx': 0}
2025-08-06 01:13:47,170 - INFO - ==================================================
2025-08-06 01:13:47,170 - INFO - 
==================================================
2025-08-06 01:13:47,171 - INFO - 样本 377: Fern is trying to decide between buying the Widgeteer 3000, which makes 60 widgets an hour, and the ...
2025-08-06 01:13:47,171 - INFO - 参考答案: First find how many more widgets the Widgeteer 3000 makes per hour: 60 widgets/hour - 45 widgets/hour = <<60-45=15>>15 widgets/hour
Then multiply that difference by the number of hours in a day to find the daily difference: 15 widgets/hour * 24 hours/day = <<360=360>>360 widgets/day
Then multiply the daily difference by the number of days in a month to find the monthly difference: 360 widgets/day * 30 days/month = <<360*30=10800>>10,800 widgets/month
Then multiply that number by the cost per widget to find the total earnings difference: 10,800 widgets/month * $6/widget = $<<10800*6=64800>>64,800
#### 64800
2025-08-06 01:13:47,172 - INFO - 提取参考答案: 64800
2025-08-06 01:13:47,172 - INFO - 生成答案: 

Step 1:First, read the problem and identify what we need to find. We need to find the difference in the amount of money Fern will make from the Widgeteer 3000 and the WidgetMaster 9000.

Step 2:Next...
2025-08-06 01:13:47,173 - INFO - 提取答案: 18000
2025-08-06 01:13:47,173 - INFO - 投票统计: {'voting_method': 'majority', 'best_answer': '18000', 'vote_count': 3, 'total_paths': 10, 'valid_paths': 10, 'confidence': 0.3, 'answer_distribution': {'0': 1, '18000': 3, '388800': 1, '64800': 2, '10800': 1, '17600': 1, '66400': 1}, 'selected_path_idx': 1}
2025-08-06 01:13:47,174 - INFO - ==================================================
2025-08-06 01:13:47,174 - INFO - 
==================================================
2025-08-06 01:13:47,174 - INFO - 样本 382: Debra is monitoring a beehive to see how many bees come and go in a day. She sees 30 bees leave the ...
2025-08-06 01:13:47,175 - INFO - 参考答案: Debra first sees 30 bees leave the hive, then sees 1/2 that many return, 30 x 1/2 = <<30*1/2=15>>15 bees that return and 15 bees that are still away from the hive.
Debra sees twice as many bees as first left the hive--which was 30--fly from the hive in the next 6 hours, 30 x 2 = <<30*2=60>>60 bees that leave the hive.
In total, 30 + 60 = <<30+60=90>>90 bees left the hive.
There were 90 bees total that left the hive - 15 bees that already returned = <<90-15=75>>75 bees that return to the hive in the last 6 hours of the day.
#### 75
2025-08-06 01:13:47,175 - INFO - 提取参考答案: 75
2025-08-06 01:13:47,176 - INFO - 生成答案: 

Step 1:First, read the problem and identify what we need to find. We need to find the number of bees that returned to the hive in the last 6 hours of the day.

Step 2:Next, set up equations and perf...
2025-08-06 01:13:47,176 - INFO - 提取答案: 30
2025-08-06 01:13:47,177 - INFO - 投票统计: {'voting_method': 'majority', 'best_answer': '30', 'vote_count': 2, 'total_paths': 10, 'valid_paths': 10, 'confidence': 0.2, 'answer_distribution': {'22.5': 1, '60': 1, '30': 2, '105': 2, '30+3.5x': 1, '45': 1, '15': 2}, 'selected_path_idx': 2}
2025-08-06 01:13:47,177 - INFO - ==================================================
2025-08-06 01:13:47,178 - INFO - 
==================================================
2025-08-06 01:13:47,178 - INFO - 样本 384: Two trains leave San Rafael at the same time. They begin traveling westward, both traveling for 80 m...
2025-08-06 01:13:47,178 - INFO - 参考答案: On the first day, the trains covered 2 trains * 80 miles/train = <<2*80=160>>160 miles together.
They also covered 150 miles/train * 2 trains = <<150*2=300>>300 miles together on the second day.
The combined distance the two trains covered in the two days is 300 miles + 160 miles = <<300+160=460>>460 miles
The average distance for the two days is 460 miles / 2 trains = <<460/2=230>>230 miles/train
#### 230
2025-08-06 01:13:47,179 - INFO - 提取参考答案: 230
2025-08-06 01:13:47,179 - INFO - 生成答案: 

Step 1:First, read the problem and identify what we need to find. We need to find the distance covered by each train in the two days.

Step 2:Next, set up equations and perform the calculations. The...
2025-08-06 01:13:47,180 - INFO - 提取答案: 80
2025-08-06 01:13:47,180 - INFO - 投票统计: {'voting_method': 'majority', 'best_answer': '80', 'vote_count': 3, 'total_paths': 10, 'valid_paths': 10, 'confidence': 0.3, 'answer_distribution': {'230': 1, '5': 1, '115': 1, '48': 1, '80': 3, '120190': 1, '70': 1, '50': 1}, 'selected_path_idx': 4}
2025-08-06 01:13:47,181 - INFO - ==================================================
2025-08-06 01:13:47,182 - INFO - 
==================================================
2025-08-06 01:13:47,182 - INFO - 样本 386: The ice cream parlor was offering a deal, buy 2 scoops of ice cream, get 1 scoop free.  Each scoop c...
2025-08-06 01:13:47,183 - INFO - 参考答案: Each scoop cost $1.50. If she buys 2, she gets one free. So it will cost her 2 * 1.50 = $<<2*1.50=3.00>>3.00 for thee scoops total.
If you break it down, 3 scoops of ice cream cost $3.00 so 3/3 = $<<3/3=1.00>>1.00 per scoop
Erin has $6.00 and each scoop ends up costing $1.00 each then 6/1 = <<6/1=6>>6 scoops total
#### 6
2025-08-06 01:13:47,183 - INFO - 提取参考答案: 6
2025-08-06 01:13:47,184 - INFO - 生成答案: 

Step 1:First, read the problem and identify what we need to find. We need to find the number of scoops of ice cream that Erin should buy.

Step 2:Next, set up equations and perform the calculations....
2025-08-06 01:13:47,184 - INFO - 提取答案: 3
2025-08-06 01:13:47,185 - INFO - 投票统计: {'voting_method': 'majority', 'best_answer': '3', 'vote_count': 5, 'total_paths': 10, 'valid_paths': 10, 'confidence': 0.5, 'answer_distribution': {'3': 5, '6': 1, '4': 2, '5': 1, '1': 1}, 'selected_path_idx': 0}
2025-08-06 01:13:47,185 - INFO - ==================================================
2025-08-06 01:13:47,186 - INFO - 
==================================================
2025-08-06 01:13:47,186 - INFO - 样本 387: Watson works a 10-hour shift each day, five days a week. He earns $10 per hour and gets a $300 bonus...
2025-08-06 01:13:47,187 - INFO - 参考答案: In a day, Watson makes 10 * 10 = $<<10*10=100>>100
If he works five days a week, the total number of days for the whole month is 5 * 4= <<5*4=20>>20 days.
Since he makes $100 per day, the total amount for the whole month is 20 * 100= $<<20*100=2000>>2000.
He also got a 300 * 4 = $<<300*4=1200>>1200 bonus because the company performed well in all the weeks of April.
At the end of April, he earned 2000 +1200 = $<<2000+1200=3200>>3200.
#### 3200
2025-08-06 01:13:47,187 - INFO - 提取参考答案: 3200
2025-08-06 01:13:47,188 - INFO - 生成答案: 

Step 1:First, read the problem and identify what we need to find. We need to find the total amount of money Watson made in April.

Step 2:Next, set up equations and perform the calculations. There a...
2025-08-06 01:13:47,188 - INFO - 提取答案: 2300
2025-08-06 01:13:47,189 - INFO - 投票统计: {'voting_method': 'majority', 'best_answer': '2300', 'vote_count': 4, 'total_paths': 10, 'valid_paths': 10, 'confidence': 0.4, 'answer_distribution': {'2300': 4, '1600': 1, '4200': 1, '3300': 2, '700': 1, '12200': 1}, 'selected_path_idx': 0}
2025-08-06 01:13:47,189 - INFO - ==================================================
2025-08-06 01:13:47,189 - INFO - 
==================================================
2025-08-06 01:13:47,190 - INFO - 样本 391: Jordan wanted to surprise her mom with a homemade birthday cake.  From reading the instructions, she...
2025-08-06 01:13:47,190 - INFO - 参考答案: 1 hour is 60 minutes so we know that 2 hours to cool the cake is the same as 2*60 so <<2*60=120>>120 min
It will take Jordan 20 min to make the batter, 30 to bake, 120 to cool and 10 to frost so the cake will take 20 +30 +120 +10 = <<20+30+120+10=180>>180 minutes total
Jordan needs to convert 180 minutes to hours so 180/60 = <<180/60=3>>3 hours
If the cake needs to be finished by 5:00 pm and it will take 3 hours total to make then 5-3 = <<5-3=2>>2:00 pm is the latest she can start making the cake
#### 2
2025-08-06 01:13:47,191 - INFO - 提取参考答案: 2
2025-08-06 01:13:47,191 - INFO - 生成答案: 

Step 1:First, read the problem and identify what we need to find. We need to find the latest time of day that Jordan can start making the cake to be ready to serve it at 5:00 pm.

Step 2:Next, set u...
2025-08-06 01:13:47,192 - INFO - 提取答案: 2:00p
2025-08-06 01:13:47,192 - INFO - 投票统计: {'voting_method': 'majority', 'best_answer': '2:00p', 'vote_count': 6, 'total_paths': 10, 'valid_paths': 10, 'confidence': 0.6, 'answer_distribution': {'2:00p': 6, '2': 1, '3:00': 1, '2:00': 2}, 'selected_path_idx': 0}
2025-08-06 01:13:47,193 - INFO - ==================================================
2025-08-06 01:13:47,193 - INFO - 
==================================================
2025-08-06 01:13:47,193 - INFO - 样本 396: Sadie slept 8 hours on Monday. For the next two days, she slept 2 hours less, each, because she had ...
2025-08-06 01:13:47,194 - INFO - 参考答案: If on Monday she slept 8 hours, then she slept 8-2 = <<8-2=6>>6 hours on each of the next two days.
The total number of hours slept for the two days will be 6*2 = <<6*2=12>>12 hours.
If she slept 1 hour more for the rest of the week each day, then each day she slept 6+1 = <<6+1=7>>7 hours.
The total for the rest of the week will be 4*7 = <<4*7=28>>28 hours.
The total number of hours slept for the whole week will be 8+12+28 = <<8+12+28=48>>48 hours.
#### 48
2025-08-06 01:13:47,194 - INFO - 提取参考答案: 48
2025-08-06 01:13:47,195 - INFO - 生成答案: 

Step 1:First, read the problem and identify what we need to find. We need to find the total number of hours Sadie slept throughout the week.

Step 2:Next, set up equations and perform the calculatio...
2025-08-06 01:13:47,195 - INFO - 提取答案: 34
2025-08-06 01:13:47,196 - INFO - 投票统计: {'voting_method': 'majority', 'best_answer': '34', 'vote_count': 4, 'total_paths': 10, 'valid_paths': 10, 'confidence': 0.4, 'answer_distribution': {'34': 4, '28': 1, '32': 1, '53': 1, '27': 1, '13': 1, '17': 1}, 'selected_path_idx': 0}
2025-08-06 01:13:47,196 - INFO - ==================================================
2025-08-06 01:13:47,197 - INFO - 
==================================================
2025-08-06 01:13:47,197 - INFO - 样本 401: John drinks a bottle of water every half hour.  A normal sudoku puzzle takes him 45 minutes.  An ext...
2025-08-06 01:13:47,197 - INFO - 参考答案: He drinks a bottle of water every 60/2=<<60/2=30>>30 minutes
It takes him 45*4=<<45*4=180>>180 minutes to solve an extreme sudoku
So he drinks 180/30=<<180/30=6>>6 bottles in that time
#### 6
2025-08-06 01:13:47,198 - INFO - 提取参考答案: 6
2025-08-06 01:13:47,198 - INFO - 生成答案: 

Step 1:First, read the problem and identify what we need to find. We need to find the number of bottles of water John drinks in the given time.

Step 2:Next, set up equations and perform the calcula...
2025-08-06 01:13:47,199 - INFO - 提取答案: 7.5
2025-08-06 01:13:47,199 - INFO - 投票统计: {'voting_method': 'majority', 'best_answer': '7.5', 'vote_count': 2, 'total_paths': 10, 'valid_paths': 10, 'confidence': 0.2, 'answer_distribution': {'4': 1, '270': 1, '7.5': 2, '2': 1, '90': 1, '3': 1, '360': 1, '8': 1, '6': 1}, 'selected_path_idx': 2}
2025-08-06 01:13:47,200 - INFO - ==================================================
2025-08-06 01:13:47,200 - INFO - 
==================================================
2025-08-06 01:13:47,200 - INFO - 样本 402: At the beginning of the party, there were 25 men and 15 women. After an hour, 1/4 of the total numbe...
2025-08-06 01:13:47,201 - INFO - 参考答案: There were a total of 25 men + 15 women = <<25+15=40>>40 people who attended the party.
After an hour, 40 people / 4 = <<40/4=10>>10 people left the party.
This means 40 people - 10 people = <<40-10=30>>30 people stayed.
Out of the 30 who stayed, 30 people - 22 men = <<30-22=8>>8 were women.
#### 8
2025-08-06 01:13:47,201 - INFO - 提取参考答案: 8
2025-08-06 01:13:47,202 - INFO - 生成答案: 

Step 1:First, read the problem and identify what we need to find. We need to find the number of women left at the party.

Step 2:Next, set up equations and perform the calculations. Since 1/4 of the...
2025-08-06 01:13:47,202 - INFO - 提取答案: 5
2025-08-06 01:13:47,203 - INFO - 投票统计: {'voting_method': 'majority', 'best_answer': '5', 'vote_count': 2, 'total_paths': 10, 'valid_paths': 10, 'confidence': 0.2, 'answer_distribution': {'15': 1, '3': 1, '6': 1, '5': 2, '8': 2, '11.5': 1, '7': 1, '12': 1}, 'selected_path_idx': 3}
2025-08-06 01:13:47,203 - INFO - ==================================================
2025-08-06 01:13:47,204 - INFO - 
==================================================
2025-08-06 01:13:47,204 - INFO - 样本 419: Mark has $50 in his bank account. He earns $10 per day at his work. If he wants to buy a bike that c...
2025-08-06 01:13:47,204 - INFO - 参考答案: Mike has $50 in his bank account, so the amount he needs to save to reach the bike goal is $300 - $50 = $250
He earns $10 per day, so $250 / $10/day = <<250/10=25>>25 days
#### 25
2025-08-06 01:13:47,205 - INFO - 提取参考答案: 25
2025-08-06 01:13:47,205 - INFO - 生成答案: 

Step 1:First, read the problem and identify what we need to find. We need to find the number of days Mark has to save his money.

Step 2:Next, set up equations and perform the calculations. Since Ma...
2025-08-06 01:13:47,206 - INFO - 提取答案: 30
2025-08-06 01:13:47,206 - INFO - 投票统计: {'voting_method': 'majority', 'best_answer': '30', 'vote_count': 5, 'total_paths': 10, 'valid_paths': 10, 'confidence': 0.5, 'answer_distribution': {'25': 4, '30': 5, '35': 1}, 'selected_path_idx': 2}
2025-08-06 01:13:47,207 - INFO - ==================================================
2025-08-06 01:13:47,207 - INFO - 
==================================================
2025-08-06 01:13:47,207 - INFO - 样本 420: Sasha notices that prices for lumber have gone up 50% in the last few months after she bought some l...
2025-08-06 01:13:47,208 - INFO - 参考答案: She bought the 2 x 4s for $100 because 10 x 10 = 100
She bought the 4 x 4s for 80 because 5 x 16 = 80
She paid $180 for the lumber because 100 + 80 = <<100+80=180>>180
The same number now sells for $270 because 180 x 1.5 = <<180*1.5=270>>270
She made $90 in profit because 270 - 180 = <<270-180=90>>90
#### 90
2025-08-06 01:13:47,208 - INFO - 提取参考答案: 90
2025-08-06 01:13:47,209 - INFO - 生成答案: 

Step 1:First, read the problem and identify what we need to find. We need to find the profit Sasha makes from selling the lumber.

Step 2:Next, set up equations and perform the calculations. The cos...
2025-08-06 01:13:47,209 - INFO - 提取答案: 50
2025-08-06 01:13:47,210 - INFO - 投票统计: {'voting_method': 'majority', 'best_answer': '50', 'vote_count': 4, 'total_paths': 10, 'valid_paths': 10, 'confidence': 0.4, 'answer_distribution': {'76': 1, '170': 1, '50': 4, '130': 1, '90': 1, '70': 1, '0': 1}, 'selected_path_idx': 2}
2025-08-06 01:13:47,210 - INFO - ==================================================
2025-08-06 01:13:47,211 - INFO - 
==================================================
2025-08-06 01:13:47,211 - INFO - 样本 427: In a 60-item quiz, 40% of the questions are easy, and the rest are equally divided as average and di...
2025-08-06 01:13:47,211 - INFO - 参考答案: The average and difficult questions comprises 100% - 40% = 60% of the quiz.
There are 60 questions x 40/100 = <<60*40/100=24>>24 easy questions.
There are a total of 60 questions x 60/100 = <<60*60/100=36>>36 average and difficult questions.
If Aries is sure to get 75% of the easy questions, then this means she is sure of her 24 questions x 75/100 = <<24*75/100=18>>18 points.
From the average and difficult questions, she is sure to get half of it correctly so that is 36 questions / 2 = <<36/2=18>>18 points.
Thus, she is sure of getting 18 points + 18 points = <<18+18=36>>36 points in her quiz.
#### 36
2025-08-06 01:13:47,212 - INFO - 提取参考答案: 36
2025-08-06 01:13:47,212 - INFO - 生成答案: 

Step 1:First, read the problem and identify what we need to find. We need to find the number of points Aries is sure to get.

Step 2:Next, set up equations and perform the calculations. There are 60...
2025-08-06 01:13:47,213 - INFO - 提取答案: 27
2025-08-06 01:13:47,213 - INFO - 投票统计: {'voting_method': 'majority', 'best_answer': '27', 'vote_count': 4, 'total_paths': 10, 'valid_paths': 10, 'confidence': 0.4, 'answer_distribution': {'18': 2, '27': 4, '36': 4}, 'selected_path_idx': 1}
2025-08-06 01:13:47,214 - INFO - ==================================================
2025-08-06 01:13:47,214 - INFO - 
==================================================
2025-08-06 01:13:47,215 - INFO - 样本 442: Brinley is in Mr. Bert's math class. Mr. Bert gives six tests each semester. He allows the students ...
2025-08-06 01:13:47,215 - INFO - 参考答案: First, identify the lowest score, which is 71, and remove it.
Since Brinley wants a score of 93, we know her total score needs to be 93 (average) * 5 (tests) = <<93*5=465>>465 points
So far, Brinley has earned 89 + 92 +100 + 86 = <<89+92+100+86=367>>367 points
The final test must be 465 - 367 = <<465-367=98>>98 points.
#### 98
2025-08-06 01:13:47,215 - INFO - 提取参考答案: 98
2025-08-06 01:13:47,216 - INFO - 生成答案: 

Step 1:First, read the problem and identify what we need to find. We need to find the score Brinley needs on the sixth test to get an average of 93.

Step 2:Next, set up equations and perform the ca...
2025-08-06 01:13:47,216 - INFO - 提取答案: 120
2025-08-06 01:13:47,217 - INFO - 投票统计: {'voting_method': 'majority', 'best_answer': '120', 'vote_count': 6, 'total_paths': 10, 'valid_paths': 10, 'confidence': 0.6, 'answer_distribution': {'120': 6, '93': 1, '49': 1, '119': 1, '22': 1}, 'selected_path_idx': 0}
2025-08-06 01:13:47,217 - INFO - ==================================================
2025-08-06 01:13:47,218 - INFO - 
==================================================
2025-08-06 01:13:47,218 - INFO - 样本 446: Ruiz can make 120 pounds of chocolates in two hours. Marissa makes 3/4 times as many pounds of choco...
2025-08-06 01:13:47,219 - INFO - 参考答案: Merissa makes 3/4 * 120 pounds = <<3/4*120=90>>90 pounds of chocolate in an hour.
Ruiz makes 120 pounds of chocolate in two hours; this means she makes 120 pounds / 2 hours = <<120/2=60>>60 pounds of chocolate in an hour.
If they worked for 12 hours, Ruiz made 12 hours * 60 pounds/hour = <<12*60=720>>720 pounds of chocolate while
Marissa made 90 pounds/hour * 12 hours = <<90*12=1080>>1080 pounds of chocolate
The combined amount of pounds of chocolate they both ate is 1080 pounds + 720 pounds = <<1080+720=1800>>1800 pounds of chocolate
#### 1800
2025-08-06 01:13:47,219 - INFO - 提取参考答案: 1800
2025-08-06 01:13:47,220 - INFO - 生成答案: 

Step 1:First, read the problem and identify what we need to find. We need to find the total amount of chocolate pounds they made together.

Step 2:Next, set up equations and perform the calculations...
2025-08-06 01:13:47,220 - INFO - 提取答案: 1260
2025-08-06 01:13:47,220 - INFO - 投票统计: {'voting_method': 'majority', 'best_answer': '1260', 'vote_count': 7, 'total_paths': 10, 'valid_paths': 10, 'confidence': 0.7, 'answer_distribution': {'1260': 7, '1800': 3}, 'selected_path_idx': 0}
2025-08-06 01:13:47,221 - INFO - ==================================================
2025-08-06 01:13:47,221 - INFO - 
==================================================
2025-08-06 01:13:47,222 - INFO - 样本 453: Johnny's dad brought him to watch some horse racing and his dad bet money. On the first race, he los...
2025-08-06 01:13:47,222 - INFO - 参考答案: On the second race he won $11 because 1+ 5 x 2 = <<1+5*2=11>>11
On the third race he lost $15 because 10 x 1.5 = <<10*1.5=15>>15
He lost a total of $20 on the first and third races because 15 + 5 = <<15+5=20>>20

He lost $9 that day because 11 - 20 = <<11-20=-9>>-9
He lost an average of $3 per race because 9 / 3 = <<9/3=3>>3
#### 3
2025-08-06 01:13:47,223 - INFO - 提取参考答案: 3
2025-08-06 01:13:47,223 - INFO - 生成答案: 

Step 1:First, read the problem and identify what we need to find. We need to find the average amount of money Johnny's dad lost that day.

Step 2:Next, set up equations and perform the calculations....
2025-08-06 01:13:47,224 - INFO - 提取答案: 7.17
2025-08-06 01:13:47,224 - INFO - 投票统计: {'voting_method': 'majority', 'best_answer': '7.17', 'vote_count': 3, 'total_paths': 10, 'valid_paths': 10, 'confidence': 0.3, 'answer_distribution': {'7.17': 3, '1.83': 1, '4.33': 1, '21.5': 1, '-11.5': 1, '4.25': 1, '2.33': 1, '10.5': 1}, 'selected_path_idx': 0}
2025-08-06 01:13:47,225 - INFO - ==================================================
2025-08-06 01:13:47,225 - INFO - 
==================================================
2025-08-06 01:13:47,225 - INFO - 样本 456: Chase and Rider can ride their bikes thrice a day for 5 days; but on two other days, they ride twice...
2025-08-06 01:13:47,226 - INFO - 参考答案: Each person rides his bike 3 x 5 = <<3*5=15>>15 times for 5 days.
Together, they ride 15+15 = <<15+15=30>>30 times for five days.
Each person rides his bike 3 x 2 = <<3*2=6>>6 times for every day of the other two days.
This means each person rides 6*2 = <<6*2=12>>12 times on each day of the other two days.
The total for the other two days is 12+12 = <<12+12=24>>24
For the whole week the together ride 24+30 = <<24+30=54>>54 times
#### 54
2025-08-06 01:13:47,226 - INFO - 提取参考答案: 54
2025-08-06 01:13:47,227 - INFO - 生成答案: 

Step 1:First, read the problem and identify what we need to find. We need to find the total number of times Chase and Rider ride their bikes a week.

Step 2:Next, set up equations and perform the ca...
2025-08-06 01:13:47,227 - INFO - 提取答案: 27
2025-08-06 01:13:47,228 - INFO - 投票统计: {'voting_method': 'majority', 'best_answer': '27', 'vote_count': 8, 'total_paths': 10, 'valid_paths': 10, 'confidence': 0.8, 'answer_distribution': {'76': 1, '27': 8, '21': 1}, 'selected_path_idx': 1}
2025-08-06 01:13:47,228 - INFO - ==================================================
2025-08-06 01:13:47,229 - INFO - 
==================================================
2025-08-06 01:13:47,229 - INFO - 样本 460: John visits his parents twice a month.  It takes him 2 hours to drive there at a speed of 70 mph.  C...
2025-08-06 01:13:47,229 - INFO - 参考答案: His parents live 70*2=<<70*2=140>>140 miles away
So he drives 140*2=<<140*2=280>>280 miles a round trip
280*2 = <<280*2=560>>560 miles a month
#### 560
2025-08-06 01:13:47,230 - INFO - 提取参考答案: 560
2025-08-06 01:13:47,230 - INFO - 生成答案: 

Step 1:First, read the problem and identify what we need to find. We need to find the total number of miles John drives when visiting his parents in a month.

Step 2:Next, set up equations and perfo...
2025-08-06 01:13:47,231 - INFO - 提取答案: 280
2025-08-06 01:13:47,231 - INFO - 投票统计: {'voting_method': 'majority', 'best_answer': '280', 'vote_count': 4, 'total_paths': 10, 'valid_paths': 10, 'confidence': 0.4, 'answer_distribution': {'560': 3, '280': 4, '29.33': 1, '16': 1, '140': 1}, 'selected_path_idx': 1}
2025-08-06 01:13:47,232 - INFO - ==================================================
2025-08-06 01:13:47,232 - INFO - 
==================================================
2025-08-06 01:13:47,233 - INFO - 样本 469: Jen works for 7.5 hours a day 6 days a week. Her hourly rate is $1.5. Jen also receives an additiona...
2025-08-06 01:13:47,233 - INFO - 参考答案: In a week, Jen works for 7.5 hours/day x 6 days = <<7.5*6=45>>45 hours/week
So in a month, she works for 45 hours/week x 4 weeks = <<45*4=180>>180 hours.
180 hours of work is equal to 180 hours x $1.5 = $<<180*1.5=270>>270.
Since she has complete attendance, she will receive a total of $270 + $10 = $<<270+10=280>>280.
#### 280
2025-08-06 01:13:47,233 - INFO - 提取参考答案: 280
2025-08-06 01:13:47,234 - INFO - 生成答案: 

Step 1:First, read the problem and identify what we need to find. We need to find the total amount of money Jen will receive in April.

Step 2:Next, set up equations and perform the calculations. Th...
2025-08-06 01:13:47,234 - INFO - 提取答案: 310
2025-08-06 01:13:47,235 - INFO - 投票统计: {'voting_method': 'majority', 'best_answer': '310', 'vote_count': 4, 'total_paths': 10, 'valid_paths': 10, 'confidence': 0.4, 'answer_distribution': {'300': 1, '310': 4, '280': 4, '55': 1}, 'selected_path_idx': 1}
2025-08-06 01:13:47,235 - INFO - ==================================================
2025-08-06 01:13:47,236 - INFO - 
==================================================
2025-08-06 01:13:47,236 - INFO - 样本 470: A team of 4 painters worked on a mansion for 3/8ths of a day every day for 3 weeks. How many hours o...
2025-08-06 01:13:47,236 - INFO - 参考答案: There are 24 hours in a day so 3/8ths of a day is (3/8)*24 = <<3/8*24=9>>9 hours
One week has 7 days so 3 weeks have 7*3 = <<7*3=21>>21 days
Each painter put in 9*21 = <<9*21=189>>189 hours of work
#### 189
2025-08-06 01:13:47,237 - INFO - 提取参考答案: 189
2025-08-06 01:13:47,237 - INFO - 生成答案: 

Step 1:First, read the problem and identify what we need to find. We need to find the number of hours of work each painter put in.

Step 2:Next, set up equations and perform the calculations. The te...
2025-08-06 01:13:47,238 - INFO - 提取答案: 47.25
2025-08-06 01:13:47,238 - INFO - 投票统计: {'voting_method': 'majority', 'best_answer': '47.25', 'vote_count': 6, 'total_paths': 10, 'valid_paths': 10, 'confidence': 0.6, 'answer_distribution': {'47.25': 6, '0.65625': 1, '189': 1, '9.75': 1, '54': 1}, 'selected_path_idx': 0}
2025-08-06 01:13:47,239 - INFO - ==================================================
2025-08-06 01:13:47,239 - INFO - 
==================================================
2025-08-06 01:13:47,239 - INFO - 样本 472: Jo has been making face masks. She can make 4 small masks with 2 yards of material and 3 large masks...
2025-08-06 01:13:47,240 - INFO - 参考答案: It takes 2 yards of material / 4 small masks = <<2/4=0.5>>0.5 yards of material per mask.
It takes 2.25 yards of material / 3 large masks = <<2.25/3=0.75>>0.75 yards of material per mask.
For the small masks, it will take 20 masks x 0.5 yards = <<20*0.5=10>>10 yards of material.
For the large masks, it will take 8 masks x 0.75 yards = <<8*0.75=6>>6 yards of material.
In all, it will take 10 yards + 6 yards = <<10+6=16>>16 yards of material.
#### 16
2025-08-06 01:13:47,240 - INFO - 提取参考答案: 16
2025-08-06 01:13:47,241 - INFO - 生成答案: 

Step 1:First, read the problem and identify what we need to find. We need to find the total amount of material Jo needs to make 20 small and 8 large masks.

Step 2:Next, set up equations and perform...
2025-08-06 01:13:47,241 - INFO - 提取答案: 58
2025-08-06 01:13:47,242 - INFO - 投票统计: {'voting_method': 'majority', 'best_answer': '58', 'vote_count': 5, 'total_paths': 10, 'valid_paths': 10, 'confidence': 0.5, 'answer_distribution': {'58': 5, '16': 4, '63.8': 1}, 'selected_path_idx': 0}
2025-08-06 01:13:47,242 - INFO - ==================================================
2025-08-06 01:13:47,242 - INFO - 
==================================================
2025-08-06 01:13:47,243 - INFO - 样本 474: Carla is downloading a 200 GB file. Normally she can download 2 GB/minute, but 40% of the way throug...
2025-08-06 01:13:47,243 - INFO - 参考答案: First find how many gigabytes are in 40% of the file: 200 GB * 40% = <<200*40*.01=80>>80 GB
Then divide that number by the download rate to find the time until Windows restarts: 80 GB / 2 GB/minute = <<80/2=40>>40 minutes
Then find the time to download the whole file after the restart: 200 GB / 2 GB/minute = <<200/2=100>>100 minutes
Then add the time to download 40% of the file, to download the whole file, and to wait for Windows to update: 40 minutes + 100 minutes + 20 minutes = <<40+100+20=160>>160 minutes
#### 160
2025-08-06 01:13:47,244 - INFO - 提取参考答案: 160
2025-08-06 01:13:47,244 - INFO - 生成答案: 

Step 1:First, read the problem and identify what we need to find. We need to find the total time it takes to download the file.

Step 2:Next, set up equations and perform the calculations. Normally,...
2025-08-06 01:13:47,245 - INFO - 提取答案: 120
2025-08-06 01:13:47,245 - INFO - 投票统计: {'voting_method': 'majority', 'best_answer': '120', 'vote_count': 2, 'total_paths': 10, 'valid_paths': 10, 'confidence': 0.2, 'answer_distribution': {'1200': 1, '120': 2, '80': 2, '180': 2, '122.22': 1, '100': 1, '200': 1}, 'selected_path_idx': 1}
2025-08-06 01:13:47,245 - INFO - ==================================================
2025-08-06 01:13:47,246 - INFO - 
==================================================
2025-08-06 01:13:47,246 - INFO - 样本 477: Jerry is rolling a six-sided die. How much more likely is it (expressed as a percentage) that he rol...
2025-08-06 01:13:47,247 - INFO - 参考答案: There are 3 numbers greater than 3 on the dice, so the chances of rolling one of them are 3 / 6 = 50%.
The chance of rolling one even number is 50%, so the chance of rolling two in a row is 50% * 50% = 25%.
The difference between these two probabilities is 50% - 25% = 25%.
#### 25
2025-08-06 01:13:47,247 - INFO - 提取参考答案: 25
2025-08-06 01:13:47,248 - INFO - 生成答案: 

Step 1:First, read the problem and identify what we need to find. We need to find the difference in probability between rolling a number greater than 3 and rolling two even numbers in a row.

Step 2...
2025-08-06 01:13:47,248 - INFO - 提取答案: 38.89
2025-08-06 01:13:47,248 - INFO - 投票统计: {'voting_method': 'majority', 'best_answer': '38.89', 'vote_count': 2, 'total_paths': 10, 'valid_paths': 10, 'confidence': 0.2, 'answer_distribution': {'25': 1, '47.78': 1, '55.56': 1, '38.88': 1, '481/2': 1, '78': 1, '38.89': 2, '41.67': 1, '50': 1}, 'selected_path_idx': 6}
2025-08-06 01:13:47,249 - INFO - ==================================================
2025-08-06 01:13:47,249 - INFO - 
==================================================
2025-08-06 01:13:47,250 - INFO - 样本 478: It is approximately 1955 kilometers from San Diego, California to New York City, New York. If Bernic...
2025-08-06 01:13:47,250 - INFO - 参考答案: 325 * 4 = <<325*4=1300>>1300 km
1955 - 1300 = <<1955-1300=655>>655 km
Bernice will still have 655 kilometers to travel.
#### 655
2025-08-06 01:13:47,250 - INFO - 提取参考答案: 655
2025-08-06 01:13:47,251 - INFO - 生成答案: 

Step 1:First, read the problem and identify what we need to find. We need to find the distance Bernice still needs to drive.

Step 2:Next, set up equations and perform the calculations. Bernice has ...
2025-08-06 01:13:47,251 - INFO - 提取答案: 1630
2025-08-06 01:13:47,252 - INFO - 投票统计: {'voting_method': 'majority', 'best_answer': '1630', 'vote_count': 9, 'total_paths': 10, 'valid_paths': 10, 'confidence': 0.9, 'answer_distribution': {'1630': 9, '1305': 1}, 'selected_path_idx': 0}
2025-08-06 01:13:47,252 - INFO - ==================================================
2025-08-06 01:13:47,253 - INFO - 
==================================================
2025-08-06 01:13:47,253 - INFO - 样本 480: Mary is an avid gardener. Yesterday, she received 18 new potted plants from her favorite plant nurse...
2025-08-06 01:13:47,253 - INFO - 参考答案: Yesterday, before receiving the plants, Mary had 2*40 = <<2*40=80>>80 potted plants
After receiving an additional 18 plants, she therefore had a total of 80 + 18 = <<80+18=98>>98 potted plants
Tomorrow, Mary’s plant giveaway will be 40 *1 = <<40*1=40>>40 potted plants.
She will therefore remain with 98 - 40 = <<98-40=58>>58 potted plants.
#### 58
2025-08-06 01:13:47,254 - INFO - 提取参考答案: 58
2025-08-06 01:13:47,254 - INFO - 生成答案: 

Step 1:First, read the problem and identify what we need to find. We need to find the number of potted plants Mary will remain with after giving 1 potted plant from each ledge to friends and family....
2025-08-06 01:13:47,255 - INFO - 提取答案: 40
2025-08-06 01:13:47,255 - INFO - 投票统计: {'voting_method': 'majority', 'best_answer': '40', 'vote_count': 6, 'total_paths': 10, 'valid_paths': 10, 'confidence': 0.6, 'answer_distribution': {'40': 6, '58': 4}, 'selected_path_idx': 0}
2025-08-06 01:13:47,256 - INFO - ==================================================
2025-08-06 01:13:47,256 - INFO - 
==================================================
2025-08-06 01:13:47,257 - INFO - 样本 492: Paul is at a train station and is waiting for his train. He isn't sure how long he needs to wait, bu...
2025-08-06 01:13:47,257 - INFO - 参考答案: The first train stays in the station for 10 minutes * 2 = <<10*2=20>>20 minutes.
So Paul waits for the first train for 20 + 10 = <<20+10=30>>30 minutes.
The second train arrives after half an hour, which is the same as 60 minutes / 2 = <<60/2=30>>30 minutes.
It then stays in the station for a quarter of the time the first train did which i