2025-08-06 06:26:28,270 - INFO - 配置文件验证通过
2025-08-06 06:26:28,272 - INFO - 随机种子已设置为: 42
2025-08-06 06:26:28,273 - INFO - 使用已提供的模型实例: Llama-3.2-3B-Instruct
2025-08-06 06:26:28,274 - INFO - 加载数据集: GSM8k_test
2025-08-06 06:26:28,276 - INFO - 随机种子已设置为: 42
2025-08-06 06:26:28,283 - INFO - 数据集加载完成，共 1319 条数据，已打乱顺序
2025-08-06 06:26:28,284 - INFO - 使用投票机制，每个问题生成 10 条路径
2025-08-06 06:26:28,285 - INFO - 批量生成模式：为 1319 个问题各生成 10 条路径
2025-08-06 06:26:28,287 - INFO - 开始CoT生成，共4个步骤:
2025-08-06 06:26:28,288 - INFO - 开始CoT步骤 1，min_p=0.8
2025-08-06 06:26:30,676 - INFO - 开始CoT步骤 2，min_p=0.4
2025-08-06 06:26:42,526 - INFO - 开始CoT步骤 3，min_p=0.2
2025-08-06 06:26:53,373 - INFO - 开始CoT步骤 4，min_p=0.8
2025-08-06 06:26:58,080 - INFO - CoT生成完成，共 1319 条CoT
2025-08-06 06:26:58,103 - INFO - 开始CoT生成，共4个步骤:
2025-08-06 06:26:58,105 - INFO - 开始CoT步骤 1，min_p=0.8
2025-08-06 06:27:00,741 - INFO - 开始CoT步骤 2，min_p=0.4
2025-08-06 06:27:12,386 - INFO - 开始CoT步骤 3，min_p=0.2
2025-08-06 06:27:23,367 - INFO - 开始CoT步骤 4，min_p=0.8
2025-08-06 06:27:27,587 - INFO - CoT生成完成，共 1319 条CoT
2025-08-06 06:27:27,610 - INFO - 开始CoT生成，共4个步骤:
2025-08-06 06:27:27,612 - INFO - 开始CoT步骤 1，min_p=0.8
2025-08-06 06:27:29,929 - INFO - 开始CoT步骤 2，min_p=0.4
2025-08-06 06:27:41,731 - INFO - 开始CoT步骤 3，min_p=0.2
2025-08-06 06:27:52,275 - INFO - 开始CoT步骤 4，min_p=0.8
2025-08-06 06:27:56,904 - INFO - CoT生成完成，共 1319 条CoT
2025-08-06 06:27:56,925 - INFO - 开始CoT生成，共4个步骤:
2025-08-06 06:27:56,926 - INFO - 开始CoT步骤 1，min_p=0.8
2025-08-06 06:27:59,506 - INFO - 开始CoT步骤 2，min_p=0.4
2025-08-06 06:28:11,304 - INFO - 开始CoT步骤 3，min_p=0.2
2025-08-06 06:28:21,790 - INFO - 开始CoT步骤 4，min_p=0.8
2025-08-06 06:28:26,345 - INFO - CoT生成完成，共 1319 条CoT
2025-08-06 06:28:26,367 - INFO - 开始CoT生成，共4个步骤:
2025-08-06 06:28:26,369 - INFO - 开始CoT步骤 1，min_p=0.8
2025-08-06 06:28:28,680 - INFO - 开始CoT步骤 2，min_p=0.4
2025-08-06 06:28:40,613 - INFO - 开始CoT步骤 3，min_p=0.2
2025-08-06 06:28:51,553 - INFO - 开始CoT步骤 4，min_p=0.8
2025-08-06 06:28:54,936 - INFO - CoT生成完成，共 1319 条CoT
2025-08-06 06:28:54,960 - INFO - 开始CoT生成，共4个步骤:
2025-08-06 06:28:54,961 - INFO - 开始CoT步骤 1，min_p=0.8
2025-08-06 06:28:57,592 - INFO - 开始CoT步骤 2，min_p=0.4
2025-08-06 06:29:09,640 - INFO - 开始CoT步骤 3，min_p=0.2
2025-08-06 06:29:20,613 - INFO - 开始CoT步骤 4，min_p=0.8
2025-08-06 06:29:25,336 - INFO - CoT生成完成，共 1319 条CoT
2025-08-06 06:29:25,360 - INFO - 开始CoT生成，共4个步骤:
2025-08-06 06:29:25,361 - INFO - 开始CoT步骤 1，min_p=0.8
2025-08-06 06:29:27,646 - INFO - 开始CoT步骤 2，min_p=0.4
2025-08-06 06:29:39,503 - INFO - 开始CoT步骤 3，min_p=0.2
2025-08-06 06:29:50,417 - INFO - 开始CoT步骤 4，min_p=0.8
2025-08-06 06:29:55,609 - INFO - CoT生成完成，共 1319 条CoT
2025-08-06 06:29:55,630 - INFO - 开始CoT生成，共4个步骤:
2025-08-06 06:29:55,631 - INFO - 开始CoT步骤 1，min_p=0.8
2025-08-06 06:29:57,918 - INFO - 开始CoT步骤 2，min_p=0.4
2025-08-06 06:30:10,039 - INFO - 开始CoT步骤 3，min_p=0.2
2025-08-06 06:30:20,671 - INFO - 开始CoT步骤 4，min_p=0.8
2025-08-06 06:30:25,550 - INFO - CoT生成完成，共 1319 条CoT
2025-08-06 06:30:25,572 - INFO - 开始CoT生成，共4个步骤:
2025-08-06 06:30:25,574 - INFO - 开始CoT步骤 1，min_p=0.8
2025-08-06 06:30:28,223 - INFO - 开始CoT步骤 2，min_p=0.4
2025-08-06 06:30:40,117 - INFO - 开始CoT步骤 3，min_p=0.2
2025-08-06 06:30:50,631 - INFO - 开始CoT步骤 4，min_p=0.8
2025-08-06 06:30:55,700 - INFO - CoT生成完成，共 1319 条CoT
2025-08-06 06:30:55,721 - INFO - 开始CoT生成，共4个步骤:
2025-08-06 06:30:55,722 - INFO - 开始CoT步骤 1，min_p=0.8
2025-08-06 06:30:58,024 - INFO - 开始CoT步骤 2，min_p=0.4
2025-08-06 06:31:10,075 - INFO - 开始CoT步骤 3，min_p=0.2
2025-08-06 06:31:21,332 - INFO - 开始CoT步骤 4，min_p=0.8
2025-08-06 06:31:24,901 - INFO - CoT生成完成，共 1319 条CoT
2025-08-06 06:31:24,922 - INFO - 批量生成完成：共生成 1319 组路径，每组 10 条
2025-08-06 06:31:24,924 - INFO - 投票结果: 选择路径 0, 答案: 52, 置信度: 0.9
2025-08-06 06:31:24,925 - INFO - 投票结果: 选择路径 0, 答案: 5, 置信度: 1.0
2025-08-06 06:31:24,926 - INFO - 投票结果: 选择路径 0, 答案: 83, 置信度: 0.7
2025-08-06 06:31:24,927 - INFO - 投票结果: 选择路径 0, 答案: 10, 置信度: 1.0
2025-08-06 06:31:24,927 - INFO - 投票结果: 选择路径 1, 答案: 100, 置信度: 0.7
2025-08-06 06:31:24,928 - INFO - 投票结果: 选择路径 0, 答案: 36, 置信度: 1.0
2025-08-06 06:31:24,929 - INFO - 投票结果: 选择路径 0, 答案: 48, 置信度: 1.0
2025-08-06 06:31:24,930 - INFO - 投票结果: 选择路径 0, 答案: 16, 置信度: 1.0
2025-08-06 06:31:24,931 - INFO - 投票结果: 选择路径 0, 答案: 4.64, 置信度: 0.8
2025-08-06 06:31:24,931 - INFO - 投票结果: 选择路径 0, 答案: 48, 置信度: 1.0
2025-08-06 06:31:24,932 - INFO - 投票结果: 选择路径 0, 答案: 90, 置信度: 1.0
2025-08-06 06:31:24,933 - INFO - 投票结果: 选择路径 0, 答案: 10, 置信度: 1.0
2025-08-06 06:31:24,934 - INFO - 投票结果: 选择路径 0, 答案: 7, 置信度: 0.3
2025-08-06 06:31:24,935 - INFO - 投票结果: 选择路径 2, 答案: 42000, 置信度: 0.5
2025-08-06 06:31:24,935 - INFO - 投票结果: 选择路径 0, 答案: 18, 置信度: 0.7
2025-08-06 06:31:24,936 - INFO - 投票结果: 选择路径 0, 答案: 140, 置信度: 1.0
2025-08-06 06:31:24,937 - INFO - 投票结果: 选择路径 0, 答案: 17, 置信度: 0.9
2025-08-06 06:31:24,938 - INFO - 投票结果: 选择路径 0, 答案: 68, 置信度: 1.0
2025-08-06 06:31:24,938 - INFO - 投票结果: 选择路径 0, 答案: 8, 置信度: 1.0
2025-08-06 06:31:24,939 - INFO - 投票结果: 选择路径 0, 答案: 14, 置信度: 1.0
2025-08-06 06:31:24,940 - INFO - 投票结果: 选择路径 0, 答案: 33.33, 置信度: 0.7
2025-08-06 06:31:24,941 - INFO - 投票结果: 选择路径 0, 答案: 100, 置信度: 1.0
2025-08-06 06:31:24,942 - INFO - 投票结果: 选择路径 0, 答案: 8064, 置信度: 0.3
2025-08-06 06:31:24,942 - INFO - 投票结果: 选择路径 0, 答案: 48, 置信度: 0.5
2025-08-06 06:31:24,943 - INFO - 投票结果: 选择路径 0, 答案: 16400, 置信度: 1.0
2025-08-06 06:31:24,944 - INFO - 投票结果: 选择路径 0, 答案: 250, 置信度: 1.0
2025-08-06 06:31:24,945 - INFO - 投票结果: 选择路径 1, 答案: 34, 置信度: 0.6
2025-08-06 06:31:24,945 - INFO - 投票结果: 选择路径 0, 答案: 1490, 置信度: 1.0
2025-08-06 06:31:24,946 - INFO - 投票结果: 选择路径 0, 答案: 11, 置信度: 1.0
2025-08-06 06:31:24,947 - INFO - 投票结果: 选择路径 0, 答案: 106, 置信度: 0.9
2025-08-06 06:31:24,948 - INFO - 投票结果: 选择路径 1, 答案: 138, 置信度: 0.5
2025-08-06 06:31:24,948 - INFO - 投票结果: 选择路径 0, 答案: 15, 置信度: 1.0
2025-08-06 06:31:24,949 - INFO - 投票结果: 选择路径 0, 答案: 4, 置信度: 1.0
2025-08-06 06:31:24,950 - INFO - 投票结果: 选择路径 0, 答案: 82, 置信度: 0.9
2025-08-06 06:31:24,951 - INFO - 投票结果: 选择路径 0, 答案: 2, 置信度: 1.0
2025-08-06 06:31:24,952 - INFO - 投票结果: 选择路径 0, 答案: 51, 置信度: 0.5
2025-08-06 06:31:24,952 - INFO - 投票结果: 选择路径 0, 答案: 4, 置信度: 1.0
2025-08-06 06:31:24,953 - INFO - 投票结果: 选择路径 0, 答案: 100, 置信度: 0.7
2025-08-06 06:31:24,954 - INFO - 投票结果: 选择路径 4, 答案: 125, 置信度: 0.3
2025-08-06 06:31:24,955 - INFO - 投票结果: 选择路径 0, 答案: 188, 置信度: 1.0
2025-08-06 06:31:24,955 - INFO - 投票结果: 选择路径 0, 答案: 30, 置信度: 1.0
2025-08-06 06:31:24,956 - INFO - 投票结果: 选择路径 0, 答案: 30, 置信度: 1.0
2025-08-06 06:31:24,957 - INFO - 投票结果: 选择路径 0, 答案: 240, 置信度: 1.0
2025-08-06 06:31:24,958 - INFO - 投票结果: 选择路径 0, 答案: 7, 置信度: 1.0
2025-08-06 06:31:24,958 - INFO - 投票结果: 选择路径 0, 答案: 350, 置信度: 0.7
2025-08-06 06:31:24,959 - INFO - 投票结果: 选择路径 0, 答案: 4, 置信度: 0.9
2025-08-06 06:31:24,960 - INFO - 投票结果: 选择路径 0, 答案: 36, 置信度: 1.0
2025-08-06 06:31:24,961 - INFO - 投票结果: 选择路径 0, 答案: 3, 置信度: 0.4
2025-08-06 06:31:24,962 - INFO - 投票结果: 选择路径 0, 答案: 2, 置信度: 0.6
2025-08-06 06:31:24,962 - INFO - 投票结果: 选择路径 0, 答案: 33, 置信度: 1.0
2025-08-06 06:31:24,963 - INFO - 投票结果: 选择路径 0, 答案: 21, 置信度: 0.8
2025-08-06 06:31:24,964 - INFO - 投票结果: 选择路径 6, 答案: 185, 置信度: 0.3
2025-08-06 06:31:24,965 - INFO - 投票结果: 选择路径 0, 答案: 60, 置信度: 0.9
2025-08-06 06:31:24,965 - INFO - 投票结果: 选择路径 0, 答案: 49, 置信度: 0.7
2025-08-06 06:31:24,966 - INFO - 投票结果: 选择路径 0, 答案: 2100, 置信度: 0.4
2025-08-06 06:31:24,967 - INFO - 投票结果: 选择路径 0, 答案: 27, 置信度: 0.9
2025-08-06 06:31:24,968 - INFO - 投票结果: 选择路径 0, 答案: 16, 置信度: 0.6
2025-08-06 06:31:24,969 - INFO - 投票结果: 选择路径 0, 答案: 49, 置信度: 1.0
2025-08-06 06:31:24,969 - INFO - 投票结果: 选择路径 2, 答案: 6, 置信度: 0.3
2025-08-06 06:31:24,970 - INFO - 投票结果: 选择路径 0, 答案: 32, 置信度: 0.8
2025-08-06 06:31:24,971 - INFO - 投票结果: 选择路径 0, 答案: 168, 置信度: 0.7
2025-08-06 06:31:24,972 - INFO - 投票结果: 选择路径 0, 答案: 225, 置信度: 1.0
2025-08-06 06:31:24,972 - INFO - 投票结果: 选择路径 0, 答案: 50, 置信度: 1.0
2025-08-06 06:31:24,973 - INFO - 投票结果: 选择路径 0, 答案: 45, 置信度: 0.6
2025-08-06 06:31:24,974 - INFO - 投票结果: 选择路径 0, 答案: 7, 置信度: 1.0
2025-08-06 06:31:24,975 - INFO - 投票结果: 选择路径 1, 答案: 800, 置信度: 0.7
2025-08-06 06:31:24,975 - INFO - 投票结果: 选择路径 0, 答案: 22, 置信度: 1.0
2025-08-06 06:31:24,976 - INFO - 投票结果: 选择路径 0, 答案: 235, 置信度: 1.0
2025-08-06 06:31:24,977 - INFO - 投票结果: 选择路径 0, 答案: 3, 置信度: 0.8
2025-08-06 06:31:24,978 - INFO - 投票结果: 选择路径 0, 答案: 4.50, 置信度: 0.2
2025-08-06 06:31:24,979 - INFO - 投票结果: 选择路径 0, 答案: 3000, 置信度: 1.0
2025-08-06 06:31:24,979 - INFO - 投票结果: 选择路径 1, 答案: 300, 置信度: 0.7
2025-08-06 06:31:24,980 - INFO - 投票结果: 选择路径 2, 答案: 20, 置信度: 0.6
2025-08-06 06:31:24,981 - INFO - 投票结果: 选择路径 0, 答案: 130, 置信度: 1.0
2025-08-06 06:31:24,982 - INFO - 投票结果: 选择路径 2, 答案: 2, 置信度: 0.5
2025-08-06 06:31:24,982 - INFO - 投票结果: 选择路径 2, 答案: 48, 置信度: 0.6
2025-08-06 06:31:24,983 - INFO - 投票结果: 选择路径 0, 答案: 50, 置信度: 0.8
2025-08-06 06:31:24,984 - INFO - 投票结果: 选择路径 0, 答案: 3, 置信度: 0.6
2025-08-06 06:31:24,985 - INFO - 投票结果: 选择路径 0, 答案: 5, 置信度: 0.7
2025-08-06 06:31:24,986 - INFO - 投票结果: 选择路径 0, 答案: 110, 置信度: 1.0
2025-08-06 06:31:24,986 - INFO - 投票结果: 选择路径 1, 答案: 1900, 置信度: 0.2
2025-08-06 06:31:24,987 - INFO - 投票结果: 选择路径 0, 答案: 16, 置信度: 1.0
2025-08-06 06:31:24,988 - INFO - 投票结果: 选择路径 0, 答案: 80, 置信度: 1.0
2025-08-06 06:31:24,989 - INFO - 投票结果: 选择路径 0, 答案: 45, 置信度: 0.8
2025-08-06 06:31:24,989 - INFO - 投票结果: 选择路径 0, 答案: 36, 置信度: 1.0
2025-08-06 06:31:24,990 - INFO - 投票结果: 选择路径 0, 答案: 5, 置信度: 0.8
2025-08-06 06:31:24,991 - INFO - 投票结果: 选择路径 1, 答案: 9, 置信度: 0.4
2025-08-06 06:31:24,992 - INFO - 投票结果: 选择路径 0, 答案: 36, 置信度: 1.0
2025-08-06 06:31:24,993 - INFO - 投票结果: 选择路径 0, 答案: 60, 置信度: 0.8
2025-08-06 06:31:24,993 - INFO - 投票结果: 选择路径 0, 答案: 9, 置信度: 1.0
2025-08-06 06:31:24,994 - INFO - 投票结果: 选择路径 0, 答案: 1, 置信度: 1.0
2025-08-06 06:31:24,995 - INFO - 投票结果: 选择路径 0, 答案: 30, 置信度: 1.0
2025-08-06 06:31:24,996 - INFO - 投票结果: 选择路径 0, 答案: 120000, 置信度: 0.3
2025-08-06 06:31:24,996 - INFO - 投票结果: 选择路径 0, 答案: 34, 置信度: 1.0
2025-08-06 06:31:24,997 - INFO - 投票结果: 选择路径 0, 答案: 17, 置信度: 0.2
2025-08-06 06:31:24,998 - INFO - 投票结果: 选择路径 0, 答案: 306, 置信度: 1.0
2025-08-06 06:31:24,999 - INFO - 投票结果: 选择路径 0, 答案: 55, 置信度: 0.6
2025-08-06 06:31:24,999 - INFO - 投票结果: 选择路径 0, 答案: 12, 置信度: 0.9
2025-08-06 06:31:25,000 - INFO - 投票结果: 选择路径 0, 答案: 75, 置信度: 1.0
2025-08-06 06:31:25,001 - INFO - 投票结果: 选择路径 7, 答案: 24, 置信度: 0.3
2025-08-06 06:31:25,002 - INFO - 投票结果: 选择路径 0, 答案: 50, 置信度: 0.7
2025-08-06 06:31:25,003 - INFO - 投票结果: 选择路径 0, 答案: 110, 置信度: 1.0
2025-08-06 06:31:25,003 - INFO - 投票结果: 选择路径 0, 答案: 460, 置信度: 0.1
2025-08-06 06:31:25,004 - INFO - 投票结果: 选择路径 0, 答案: 30, 置信度: 1.0
2025-08-06 06:31:25,005 - INFO - 投票结果: 选择路径 0, 答案: 80, 置信度: 1.0
2025-08-06 06:31:25,006 - INFO - 投票结果: 选择路径 4, 答案: 1.50, 置信度: 0.3
2025-08-06 06:31:25,006 - INFO - 投票结果: 选择路径 0, 答案: 120, 置信度: 1.0
2025-08-06 06:31:25,007 - INFO - 投票结果: 选择路径 1, 答案: 108, 置信度: 0.3
2025-08-06 06:31:25,008 - INFO - 投票结果: 选择路径 0, 答案: 70, 置信度: 1.0
2025-08-06 06:31:25,009 - INFO - 投票结果: 选择路径 1, 答案: 13.50, 置信度: 0.5
2025-08-06 06:31:25,010 - INFO - 投票结果: 选择路径 0, 答案: 150, 置信度: 1.0
2025-08-06 06:31:25,010 - INFO - 投票结果: 选择路径 1, 答案: 10, 置信度: 0.7
2025-08-06 06:31:25,011 - INFO - 投票结果: 选择路径 4, 答案: 2, 置信度: 0.3
2025-08-06 06:31:25,012 - INFO - 投票结果: 选择路径 0, 答案: 250, 置信度: 1.0
2025-08-06 06:31:25,013 - INFO - 投票结果: 选择路径 0, 答案: 3, 置信度: 1.0
2025-08-06 06:31:25,013 - INFO - 投票结果: 选择路径 0, 答案: 15, 置信度: 1.0
2025-08-06 06:31:25,014 - INFO - 投票结果: 选择路径 0, 答案: 12, 置信度: 1.0
2025-08-06 06:31:25,015 - INFO - 投票结果: 选择路径 0, 答案: 60, 置信度: 1.0
2025-08-06 06:31:25,016 - INFO - 投票结果: 选择路径 0, 答案: 3, 置信度: 1.0
2025-08-06 06:31:25,017 - INFO - 投票结果: 选择路径 0, 答案: 9, 置信度: 0.4
2025-08-06 06:31:25,017 - INFO - 投票结果: 选择路径 0, 答案: 140000, 置信度: 1.0
2025-08-06 06:31:25,018 - INFO - 投票结果: 选择路径 0, 答案: 0, 置信度: 0.5
2025-08-06 06:31:25,019 - INFO - 投票结果: 选择路径 0, 答案: 2400, 置信度: 1.0
2025-08-06 06:31:25,020 - INFO - 投票结果: 选择路径 0, 答案: 4, 置信度: 1.0
2025-08-06 06:31:25,020 - INFO - 投票结果: 选择路径 0, 答案: 79, 置信度: 0.4
2025-08-06 06:31:25,021 - INFO - 投票结果: 选择路径 0, 答案: 300, 置信度: 1.0
2025-08-06 06:31:25,022 - INFO - 投票结果: 选择路径 0, 答案: 91, 置信度: 1.0
2025-08-06 06:31:25,023 - INFO - 投票结果: 选择路径 0, 答案: 8, 置信度: 1.0
2025-08-06 06:31:25,023 - INFO - 投票结果: 选择路径 0, 答案: 120, 置信度: 1.0
2025-08-06 06:31:25,024 - INFO - 投票结果: 选择路径 0, 答案: 350, 置信度: 1.0
2025-08-06 06:31:25,025 - INFO - 投票结果: 选择路径 0, 答案: 2600, 置信度: 1.0
2025-08-06 06:31:25,026 - INFO - 投票结果: 选择路径 0, 答案: 10, 置信度: 1.0
2025-08-06 06:31:25,027 - INFO - 投票结果: 选择路径 0, 答案: 22, 置信度: 0.3
2025-08-06 06:31:25,027 - INFO - 投票结果: 选择路径 0, 答案: 7, 置信度: 0.9
2025-08-06 06:31:25,028 - INFO - 投票结果: 选择路径 0, 答案: 31, 置信度: 0.7
2025-08-06 06:31:25,029 - INFO - 投票结果: 选择路径 0, 答案: 975, 置信度: 1.0
2025-08-06 06:31:25,030 - INFO - 投票结果: 选择路径 2, 答案: -160, 置信度: 0.5
2025-08-06 06:31:25,030 - INFO - 投票结果: 选择路径 0, 答案: 120, 置信度: 0.9
2025-08-06 06:31:25,031 - INFO - 投票结果: 选择路径 0, 答案: 220, 置信度: 1.0
2025-08-06 06:31:25,032 - INFO - 投票结果: 选择路径 0, 答案: 87, 置信度: 1.0
2025-08-06 06:31:25,033 - INFO - 投票结果: 选择路径 0, 答案: 300, 置信度: 1.0
2025-08-06 06:31:25,033 - INFO - 投票结果: 选择路径 0, 答案: 30, 置信度: 0.8
2025-08-06 06:31:25,034 - INFO - 投票结果: 选择路径 6, 答案: 12, 置信度: 0.2
2025-08-06 06:31:25,035 - INFO - 投票结果: 选择路径 0, 答案: 16, 置信度: 1.0
2025-08-06 06:31:25,036 - INFO - 投票结果: 选择路径 0, 答案: 7, 置信度: 1.0
2025-08-06 06:31:25,037 - INFO - 投票结果: 选择路径 1, 答案: 81, 置信度: 0.6
2025-08-06 06:31:25,037 - INFO - 投票结果: 选择路径 0, 答案: 5, 置信度: 0.8
2025-08-06 06:31:25,038 - INFO - 投票结果: 选择路径 0, 答案: 9, 置信度: 1.0
2025-08-06 06:31:25,039 - INFO - 投票结果: 选择路径 0, 答案: 10, 置信度: 1.0
2025-08-06 06:31:25,040 - INFO - 投票结果: 选择路径 3, 答案: 24, 置信度: 0.5
2025-08-06 06:31:25,040 - INFO - 投票结果: 选择路径 0, 答案: 5, 置信度: 1.0
2025-08-06 06:31:25,041 - INFO - 投票结果: 选择路径 0, 答案: 50, 置信度: 1.0
2025-08-06 06:31:25,042 - INFO - 投票结果: 选择路径 0, 答案: 48, 置信度: 0.9
2025-08-06 06:31:25,043 - INFO - 投票结果: 选择路径 0, 答案: 25, 置信度: 1.0
2025-08-06 06:31:25,043 - INFO - 投票结果: 选择路径 0, 答案: 96, 置信度: 0.7
2025-08-06 06:31:25,044 - INFO - 投票结果: 选择路径 0, 答案: 50, 置信度: 0.3
2025-08-06 06:31:25,045 - INFO - 投票结果: 选择路径 0, 答案: 120, 置信度: 0.5
2025-08-06 06:31:25,046 - INFO - 投票结果: 选择路径 0, 答案: 21, 置信度: 1.0
2025-08-06 06:31:25,047 - INFO - 投票结果: 选择路径 0, 答案: 1200, 置信度: 1.0
2025-08-06 06:31:25,047 - INFO - 投票结果: 选择路径 0, 答案: 255, 置信度: 1.0
2025-08-06 06:31:25,048 - INFO - 投票结果: 选择路径 0, 答案: 4, 置信度: 1.0
2025-08-06 06:31:25,049 - INFO - 投票结果: 选择路径 0, 答案: 10, 置信度: 1.0
2025-08-06 06:31:25,050 - INFO - 投票结果: 选择路径 0, 答案: 700, 置信度: 1.0
2025-08-06 06:31:25,050 - INFO - 投票结果: 选择路径 0, 答案: 38, 置信度: 1.0
2025-08-06 06:31:25,051 - INFO - 投票结果: 选择路径 0, 答案: 32, 置信度: 1.0
2025-08-06 06:31:25,052 - INFO - 投票结果: 选择路径 0, 答案: 30, 置信度: 0.9
2025-08-06 06:31:25,053 - INFO - 投票结果: 选择路径 0, 答案: 16, 置信度: 1.0
2025-08-06 06:31:25,054 - INFO - 投票结果: 选择路径 0, 答案: 40, 置信度: 1.0
2025-08-06 06:31:25,054 - INFO - 投票结果: 选择路径 0, 答案: 288, 置信度: 1.0
2025-08-06 06:31:25,055 - INFO - 投票结果: 选择路径 0, 答案: 1100, 置信度: 0.9
2025-08-06 06:31:25,056 - INFO - 投票结果: 选择路径 0, 答案: 20, 置信度: 0.9
2025-08-06 06:31:25,057 - INFO - 投票结果: 选择路径 0, 答案: 2, 置信度: 1.0
2025-08-06 06:31:25,057 - INFO - 投票结果: 选择路径 0, 答案: 1040000, 置信度: 0.9
2025-08-06 06:31:25,058 - INFO - 投票结果: 选择路径 0, 答案: 9, 置信度: 1.0
2025-08-06 06:31:25,059 - INFO - 投票结果: 选择路径 0, 答案: 132, 置信度: 1.0
2025-08-06 06:31:25,060 - INFO - 投票结果: 选择路径 0, 答案: 93, 置信度: 0.9
2025-08-06 06:31:25,060 - INFO - 投票结果: 选择路径 0, 答案: 4, 置信度: 1.0
2025-08-06 06:31:25,061 - INFO - 投票结果: 选择路径 2, 答案: 85, 置信度: 0.4
2025-08-06 06:31:25,062 - INFO - 投票结果: 选择路径 0, 答案: 33, 置信度: 1.0
2025-08-06 06:31:25,063 - INFO - 投票结果: 选择路径 0, 答案: 12, 置信度: 0.9
2025-08-06 06:31:25,064 - INFO - 投票结果: 选择路径 0, 答案: 7200, 置信度: 1.0
2025-08-06 06:31:25,065 - INFO - 投票结果: 选择路径 0, 答案: 60, 置信度: 1.0
2025-08-06 06:31:25,065 - INFO - 投票结果: 选择路径 1, 答案: 44, 置信度: 0.8
2025-08-06 06:31:25,066 - INFO - 投票结果: 选择路径 0, 答案: 113, 置信度: 1.0
2025-08-06 06:31:25,067 - INFO - 投票结果: 选择路径 0, 答案: 43000, 置信度: 0.5
2025-08-06 06:31:25,068 - INFO - 投票结果: 选择路径 0, 答案: 720, 置信度: 1.0
2025-08-06 06:31:25,068 - INFO - 投票结果: 选择路径 0, 答案: 50, 置信度: 1.0
2025-08-06 06:31:25,069 - INFO - 投票结果: 选择路径 1, 答案: 24, 置信度: 0.8
2025-08-06 06:31:25,070 - INFO - 投票结果: 选择路径 0, 答案: 43, 置信度: 0.6
2025-08-06 06:31:25,071 - INFO - 投票结果: 选择路径 0, 答案: 30, 置信度: 1.0
2025-08-06 06:31:25,072 - INFO - 投票结果: 选择路径 1, 答案: 23, 置信度: 0.6
2025-08-06 06:31:25,072 - INFO - 投票结果: 选择路径 0, 答案: 251, 置信度: 0.9
2025-08-06 06:31:25,073 - INFO - 投票结果: 选择路径 0, 答案: 35, 置信度: 1.0
2025-08-06 06:31:25,074 - INFO - 投票结果: 选择路径 0, 答案: 110, 置信度: 0.8
2025-08-06 06:31:25,075 - INFO - 投票结果: 选择路径 0, 答案: 82, 置信度: 1.0
2025-08-06 06:31:25,075 - INFO - 投票结果: 选择路径 1, 答案: 2100, 置信度: 0.8
2025-08-06 06:31:25,076 - INFO - 投票结果: 选择路径 1, 答案: 3, 置信度: 0.5
2025-08-06 06:31:25,077 - INFO - 投票结果: 选择路径 0, 答案: 12, 置信度: 1.0
2025-08-06 06:31:25,078 - INFO - 投票结果: 选择路径 2, 答案: 6, 置信度: 0.5
2025-08-06 06:31:25,078 - INFO - 投票结果: 选择路径 0, 答案: 12, 置信度: 1.0
2025-08-06 06:31:25,079 - INFO - 投票结果: 选择路径 1, 答案: 3500, 置信度: 0.2
2025-08-06 06:31:25,080 - INFO - 投票结果: 选择路径 0, 答案: 27, 置信度: 1.0
2025-08-06 06:31:25,081 - INFO - 投票结果: 选择路径 0, 答案: 360, 置信度: 1.0
2025-08-06 06:31:25,082 - INFO - 投票结果: 选择路径 0, 答案: -2, 置信度: 0.4
2025-08-06 06:31:25,082 - INFO - 投票结果: 选择路径 0, 答案: 694, 置信度: 1.0
2025-08-06 06:31:25,083 - INFO - 投票结果: 选择路径 0, 答案: 3, 置信度: 1.0
2025-08-06 06:31:25,084 - INFO - 投票结果: 选择路径 0, 答案: 360, 置信度: 1.0
2025-08-06 06:31:25,085 - INFO - 投票结果: 选择路径 0, 答案: 1100, 置信度: 0.3
2025-08-06 06:31:25,085 - INFO - 投票结果: 选择路径 0, 答案: 20, 置信度: 1.0
2025-08-06 06:31:25,086 - INFO - 投票结果: 选择路径 0, 答案: 3360, 置信度: 1.0
2025-08-06 06:31:25,087 - INFO - 投票结果: 选择路径 1, 答案: 39, 置信度: 0.5
2025-08-06 06:31:25,088 - INFO - 投票结果: 选择路径 0, 答案: 12, 置信度: 1.0
2025-08-06 06:31:25,089 - INFO - 投票结果: 选择路径 0, 答案: 215, 置信度: 1.0
2025-08-06 06:31:25,089 - INFO - 投票结果: 选择路径 3, 答案: 6, 置信度: 0.3
2025-08-06 06:31:25,090 - INFO - 投票结果: 选择路径 0, 答案: 9, 置信度: 1.0
2025-08-06 06:31:25,091 - INFO - 投票结果: 选择路径 0, 答案: 520, 置信度: 0.7
2025-08-06 06:31:25,092 - INFO - 投票结果: 选择路径 0, 答案: 62, 置信度: 0.6
2025-08-06 06:31:25,092 - INFO - 投票结果: 选择路径 0, 答案: 122, 置信度: 0.7
2025-08-06 06:31:25,093 - INFO - 投票结果: 选择路径 0, 答案: 120, 置信度: 1.0
2025-08-06 06:31:25,094 - INFO - 投票结果: 选择路径 0, 答案: 15, 置信度: 1.0
2025-08-06 06:31:25,095 - INFO - 投票结果: 选择路径 2, 答案: 60, 置信度: 0.3
2025-08-06 06:31:25,096 - INFO - 投票结果: 选择路径 1, 答案: 538, 置信度: 0.2
2025-08-06 06:31:25,096 - INFO - 投票结果: 选择路径 2, 答案: 6, 置信度: 0.4
2025-08-06 06:31:25,097 - INFO - 投票结果: 选择路径 0, 答案: 178.75, 置信度: 0.5
2025-08-06 06:31:25,098 - INFO - 投票结果: 选择路径 2, 答案: 202, 置信度: 0.5
2025-08-06 06:31:25,099 - INFO - 投票结果: 选择路径 1, 答案: 14, 置信度: 0.6
2025-08-06 06:31:25,099 - INFO - 投票结果: 选择路径 0, 答案: 10, 置信度: 0.8
2025-08-06 06:31:25,100 - INFO - 投票结果: 选择路径 0, 答案: 6, 置信度: 0.6
2025-08-06 06:31:25,101 - INFO - 投票结果: 选择路径 0, 答案: 43200, 置信度: 0.7
2025-08-06 06:31:25,102 - INFO - 投票结果: 选择路径 0, 答案: 10, 置信度: 1.0
2025-08-06 06:31:25,103 - INFO - 投票结果: 选择路径 0, 答案: 8, 置信度: 0.6
2025-08-06 06:31:25,103 - INFO - 投票结果: 选择路径 2, 答案: 36, 置信度: 0.4
2025-08-06 06:31:25,104 - INFO - 投票结果: 选择路径 0, 答案: 160, 置信度: 0.6
2025-08-06 06:31:25,105 - INFO - 投票结果: 选择路径 0, 答案: 40, 置信度: 1.0
2025-08-06 06:31:25,106 - INFO - 投票结果: 选择路径 0, 答案: 12, 置信度: 0.3
2025-08-06 06:31:25,106 - INFO - 投票结果: 选择路径 1, 答案: 12, 置信度: 0.7
2025-08-06 06:31:25,107 - INFO - 投票结果: 选择路径 0, 答案: 36, 置信度: 1.0
2025-08-06 06:31:25,108 - INFO - 投票结果: 选择路径 0, 答案: 9, 置信度: 1.0
2025-08-06 06:31:25,109 - INFO - 投票结果: 选择路径 0, 答案: 16, 置信度: 1.0
2025-08-06 06:31:25,109 - INFO - 投票结果: 选择路径 0, 答案: 60, 置信度: 1.0
2025-08-06 06:31:25,110 - INFO - 投票结果: 选择路径 0, 答案: 4, 置信度: 1.0
2025-08-06 06:31:25,111 - INFO - 投票结果: 选择路径 0, 答案: 3, 置信度: 1.0
2025-08-06 06:31:25,112 - INFO - 投票结果: 选择路径 0, 答案: 100, 置信度: 1.0
2025-08-06 06:31:25,113 - INFO - 投票结果: 选择路径 3, 答案: 2040, 置信度: 0.4
2025-08-06 06:31:25,113 - INFO - 投票结果: 选择路径 1, 答案: 20, 置信度: 0.4
2025-08-06 06:31:25,114 - INFO - 投票结果: 选择路径 0, 答案: 29, 置信度: 1.0
2025-08-06 06:31:25,115 - INFO - 投票结果: 选择路径 3, 答案: 32, 置信度: 0.2
2025-08-06 06:31:25,116 - INFO - 投票结果: 选择路径 0, 答案: 23, 置信度: 1.0
2025-08-06 06:31:25,117 - INFO - 投票结果: 选择路径 1, 答案: 12, 置信度: 0.2
2025-08-06 06:31:25,117 - INFO - 投票结果: 选择路径 0, 答案: 9, 置信度: 0.4
2025-08-06 06:31:25,118 - INFO - 投票结果: 选择路径 0, 答案: 156, 置信度: 0.6
2025-08-06 06:31:25,119 - INFO - 投票结果: 选择路径 2, 答案: 48, 置信度: 0.5
2025-08-06 06:31:25,120 - INFO - 投票结果: 选择路径 0, 答案: 10, 置信度: 1.0
2025-08-06 06:31:25,120 - INFO - 投票结果: 选择路径 0, 答案: 8, 置信度: 1.0
2025-08-06 06:31:25,121 - INFO - 投票结果: 选择路径 0, 答案: 32, 置信度: 1.0
2025-08-06 06:31:25,122 - INFO - 投票结果: 选择路径 0, 答案: 48, 置信度: 0.9
2025-08-06 06:31:25,123 - INFO - 投票结果: 选择路径 0, 答案: 500, 置信度: 1.0
2025-08-06 06:31:25,124 - INFO - 投票结果: 选择路径 0, 答案: 8, 置信度: 1.0
2025-08-06 06:31:25,124 - INFO - 投票结果: 选择路径 0, 答案: 6, 置信度: 0.8
2025-08-06 06:31:25,125 - INFO - 投票结果: 选择路径 0, 答案: -10, 置信度: 1.0
2025-08-06 06:31:25,126 - INFO - 投票结果: 选择路径 0, 答案: 5, 置信度: 1.0
2025-08-06 06:31:25,127 - INFO - 投票结果: 选择路径 0, 答案: 8, 置信度: 1.0
2025-08-06 06:31:25,127 - INFO - 投票结果: 选择路径 0, 答案: 34, 置信度: 1.0
2025-08-06 06:31:25,128 - INFO - 投票结果: 选择路径 0, 答案: 30, 置信度: 0.8
2025-08-06 06:31:25,129 - INFO - 投票结果: 选择路径 0, 答案: 1000, 置信度: 1.0
2025-08-06 06:31:25,130 - INFO - 投票结果: 选择路径 0, 答案: 6, 置信度: 0.7
2025-08-06 06:31:25,131 - INFO - 投票结果: 选择路径 1, 答案: 67, 置信度: 0.3
2025-08-06 06:31:25,131 - INFO - 投票结果: 选择路径 0, 答案: 1920, 置信度: 1.0
2025-08-06 06:31:25,132 - INFO - 投票结果: 选择路径 0, 答案: 2, 置信度: 0.5
2025-08-06 06:31:25,133 - INFO - 投票结果: 选择路径 0, 答案: 50, 置信度: 1.0
2025-08-06 06:31:25,134 - INFO - 投票结果: 选择路径 0, 答案: 4000, 置信度: 0.6
2025-08-06 06:31:25,135 - INFO - 投票结果: 选择路径 0, 答案: 5, 置信度: 1.0
2025-08-06 06:31:25,135 - INFO - 投票结果: 选择路径 0, 答案: 10, 置信度: 1.0
2025-08-06 06:31:25,136 - INFO - 投票结果: 选择路径 0, 答案: 7, 置信度: 1.0
2025-08-06 06:31:25,137 - INFO - 投票结果: 选择路径 0, 答案: 20, 置信度: 1.0
2025-08-06 06:31:25,138 - INFO - 投票结果: 选择路径 0, 答案: 38, 置信度: 0.4
2025-08-06 06:31:25,138 - INFO - 投票结果: 选择路径 0, 答案: 9, 置信度: 1.0
2025-08-06 06:31:25,139 - INFO - 投票结果: 选择路径 3, 答案: 100000, 置信度: 0.3
2025-08-06 06:31:25,140 - INFO - 投票结果: 选择路径 0, 答案: 120, 置信度: 1.0
2025-08-06 06:31:25,141 - INFO - 投票结果: 选择路径 1, 答案: 9632, 置信度: 0.2
2025-08-06 06:31:25,141 - INFO - 投票结果: 选择路径 1, 答案: 4, 置信度: 0.7
2025-08-06 06:31:25,142 - INFO - 投票结果: 选择路径 0, 答案: 595, 置信度: 1.0
2025-08-06 06:31:25,143 - INFO - 投票结果: 选择路径 0, 答案: 110, 置信度: 1.0
2025-08-06 06:31:25,144 - INFO - 投票结果: 选择路径 0, 答案: 4800, 置信度: 1.0
2025-08-06 06:31:25,144 - INFO - 投票结果: 选择路径 0, 答案: 140, 置信度: 0.9
2025-08-06 06:31:25,145 - INFO - 投票结果: 选择路径 0, 答案: 34, 置信度: 1.0
2025-08-06 06:31:25,146 - INFO - 投票结果: 选择路径 0, 答案: 10, 置信度: 1.0
2025-08-06 06:31:25,147 - INFO - 投票结果: 选择路径 2, 答案: 2450, 置信度: 0.5
2025-08-06 06:31:25,148 - INFO - 投票结果: 选择路径 0, 答案: 30, 置信度: 1.0
2025-08-06 06:31:25,148 - INFO - 投票结果: 选择路径 0, 答案: 224000, 置信度: 0.8
2025-08-06 06:31:25,149 - INFO - 投票结果: 选择路径 0, 答案: 168, 置信度: 1.0
2025-08-06 06:31:25,150 - INFO - 投票结果: 选择路径 0, 答案: 120, 置信度: 1.0
2025-08-06 06:31:25,151 - INFO - 投票结果: 选择路径 0, 答案: 3, 置信度: 0.7
2025-08-06 06:31:25,152 - INFO - 投票结果: 选择路径 0, 答案: 20, 置信度: 1.0
2025-08-06 06:31:25,152 - INFO - 投票结果: 选择路径 0, 答案: 4, 置信度: 0.9
2025-08-06 06:31:25,153 - INFO - 投票结果: 选择路径 0, 答案: 7.50, 置信度: 0.5
2025-08-06 06:31:25,154 - INFO - 投票结果: 选择路径 0, 答案: 8, 置信度: 1.0
2025-08-06 06:31:25,155 - INFO - 投票结果: 选择路径 0, 答案: 308, 置信度: 1.0
2025-08-06 06:31:25,155 - INFO - 投票结果: 选择路径 0, 答案: 187, 置信度: 1.0
2025-08-06 06:31:25,156 - INFO - 投票结果: 选择路径 0, 答案: 123, 置信度: 1.0
2025-08-06 06:31:25,157 - INFO - 投票结果: 选择路径 1, 答案: 4, 置信度: 0.5
2025-08-06 06:31:25,158 - INFO - 投票结果: 选择路径 3, 答案: 62.5, 置信度: 0.2
2025-08-06 06:31:25,159 - INFO - 投票结果: 选择路径 0, 答案: 14000, 置信度: 1.0
2025-08-06 06:31:25,159 - INFO - 投票结果: 选择路径 0, 答案: 32, 置信度: 1.0
2025-08-06 06:31:25,160 - INFO - 投票结果: 选择路径 0, 答案: 7, 置信度: 0.9
2025-08-06 06:31:25,161 - INFO - 投票结果: 选择路径 0, 答案: 480, 置信度: 0.8
2025-08-06 06:31:25,162 - INFO - 投票结果: 选择路径 0, 答案: 2, 置信度: 1.0
2025-08-06 06:31:25,162 - INFO - 投票结果: 选择路径 0, 答案: 45, 置信度: 0.8
2025-08-06 06:31:25,163 - INFO - 投票结果: 选择路径 0, 答案: 31, 置信度: 0.9
2025-08-06 06:31:25,164 - INFO - 投票结果: 选择路径 0, 答案: 15, 置信度: 0.6
2025-08-06 06:31:25,165 - INFO - 投票结果: 选择路径 0, 答案: 18, 置信度: 1.0
2025-08-06 06:31:25,166 - INFO - 投票结果: 选择路径 1, 答案: 6, 置信度: 0.6
2025-08-06 06:31:25,166 - INFO - 投票结果: 选择路径 0, 答案: 93000, 置信度: 1.0
2025-08-06 06:31:25,167 - INFO - 投票结果: 选择路径 0, 答案: 10080, 置信度: 0.3
2025-08-06 06:31:25,168 - INFO - 投票结果: 选择路径 0, 答案: 150, 置信度: 1.0
2025-08-06 06:31:25,169 - INFO - 投票结果: 选择路径 0, 答案: 220, 置信度: 0.9
2025-08-06 06:31:25,170 - INFO - 投票结果: 选择路径 0, 答案: 12, 置信度: 0.7
2025-08-06 06:31:25,170 - INFO - 投票结果: 选择路径 0, 答案: 71, 置信度: 1.0
2025-08-06 06:31:25,171 - INFO - 投票结果: 选择路径 0, 答案: 8, 置信度: 1.0
2025-08-06 06:31:25,172 - INFO - 投票结果: 选择路径 0, 答案: 50, 置信度: 0.1
2025-08-06 06:31:25,173 - INFO - 投票结果: 选择路径 0, 答案: 53, 置信度: 1.0
2025-08-06 06:31:25,174 - INFO - 投票结果: 选择路径 0, 答案: 31800, 置信度: 1.0
2025-08-06 06:31:25,174 - INFO - 投票结果: 选择路径 0, 答案: 4, 置信度: 1.0
2025-08-06 06:31:25,175 - INFO - 投票结果: 选择路径 0, 答案: 12, 置信度: 1.0
2025-08-06 06:31:25,176 - INFO - 投票结果: 选择路径 0, 答案: 10, 置信度: 1.0
2025-08-06 06:31:25,177 - INFO - 投票结果: 选择路径 0, 答案: 2800, 置信度: 0.8
2025-08-06 06:31:25,177 - INFO - 投票结果: 选择路径 0, 答案: 18, 置信度: 1.0
2025-08-06 06:31:25,178 - INFO - 投票结果: 选择路径 0, 答案: 18, 置信度: 0.8
2025-08-06 06:31:25,179 - INFO - 投票结果: 选择路径 2, 答案: 139, 置信度: 0.7
2025-08-06 06:31:25,180 - INFO - 投票结果: 选择路径 0, 答案: 36, 置信度: 0.8
2025-08-06 06:31:25,180 - INFO - 投票结果: 选择路径 1, 答案: 6, 置信度: 0.4
2025-08-06 06:31:25,181 - INFO - 投票结果: 选择路径 0, 答案: 12, 置信度: 1.0
2025-08-06 06:31:25,182 - INFO - 投票结果: 选择路径 1, 答案: 78, 置信度: 0.8
2025-08-06 06:31:25,183 - INFO - 投票结果: 选择路径 0, 答案: 3, 置信度: 1.0
2025-08-06 06:31:25,184 - INFO - 投票结果: 选择路径 0, 答案: 75, 置信度: 0.1
2025-08-06 06:31:25,185 - INFO - 投票结果: 选择路径 2, 答案: 163, 置信度: 0.3
2025-08-06 06:31:25,185 - INFO - 投票结果: 选择路径 0, 答案: 90, 置信度: 1.0
2025-08-06 06:31:25,186 - INFO - 投票结果: 选择路径 1, 答案: 225, 置信度: 0.4
2025-08-06 06:31:25,187 - INFO - 投票结果: 选择路径 2, 答案: 480, 置信度: 0.2
2025-08-06 06:31:25,188 - INFO - 投票结果: 选择路径 0, 答案: 5, 置信度: 0.4
2025-08-06 06:31:25,189 - INFO - 投票结果: 选择路径 0, 答案: 90, 置信度: 1.0
2025-08-06 06:31:25,189 - INFO - 投票结果: 选择路径 0, 答案: 42, 置信度: 0.8
2025-08-06 06:31:25,190 - INFO - 投票结果: 选择路径 0, 答案: 162, 置信度: 1.0
2025-08-06 06:31:25,191 - INFO - 投票结果: 选择路径 0, 答案: 9, 置信度: 1.0
2025-08-06 06:31:25,192 - INFO - 投票结果: 选择路径 1, 答案: 48, 置信度: 0.2
2025-08-06 06:31:25,192 - INFO - 投票结果: 选择路径 2, 答案: 73, 置信度: 0.2
2025-08-06 06:31:25,193 - INFO - 投票结果: 选择路径 0, 答案: 14000, 置信度: 0.8
2025-08-06 06:31:25,194 - INFO - 投票结果: 选择路径 0, 答案: 45, 置信度: 1.0
2025-08-06 06:31:25,195 - INFO - 投票结果: 选择路径 1, 答案: 420, 置信度: 0.8
2025-08-06 06:31:25,195 - INFO - 投票结果: 选择路径 0, 答案: 15, 置信度: 1.0
2025-08-06 06:31:25,196 - INFO - 投票结果: 选择路径 0, 答案: 30, 置信度: 1.0
2025-08-06 06:31:25,197 - INFO - 投票结果: 选择路径 0, 答案: 280, 置信度: 1.0
2025-08-06 06:31:25,198 - INFO - 投票结果: 选择路径 1, 答案: 5, 置信度: 0.7
2025-08-06 06:31:25,199 - INFO - 投票结果: 选择路径 0, 答案: 135, 置信度: 0.9
2025-08-06 06:31:25,199 - INFO - 投票结果: 选择路径 0, 答案: 67, 置信度: 1.0
2025-08-06 06:31:25,200 - INFO - 投票结果: 选择路径 0, 答案: 1260, 置信度: 1.0
2025-08-06 06:31:25,201 - INFO - 投票结果: 选择路径 0, 答案: 80, 置信度: 1.0
2025-08-06 06:31:25,202 - INFO - 投票结果: 选择路径 2, 答案: 280, 置信度: 0.4
2025-08-06 06:31:25,202 - INFO - 投票结果: 选择路径 0, 答案: 15, 置信度: 1.0
2025-08-06 06:31:25,203 - INFO - 投票结果: 选择路径 0, 答案: 12, 置信度: 0.8
2025-08-06 06:31:25,204 - INFO - 投票结果: 选择路径 0, 答案: 15, 置信度: 1.0
2025-08-06 06:31:25,205 - INFO - 投票结果: 选择路径 0, 答案: 221, 置信度: 1.0
2025-08-06 06:31:25,205 - INFO - 投票结果: 选择路径 0, 答案: 5, 置信度: 1.0
2025-08-06 06:31:25,206 - INFO - 投票结果: 选择路径 2, 答案: 11, 置信度: 0.7
2025-08-06 06:31:25,207 - INFO - 投票结果: 选择路径 1, 答案: 8400, 置信度: 0.8
2025-08-06 06:31:25,208 - INFO - 投票结果: 选择路径 0, 答案: 3000, 置信度: 1.0
2025-08-06 06:31:25,208 - INFO - 投票结果: 选择路径 0, 答案: 60, 置信度: 1.0
2025-08-06 06:31:25,209 - INFO - 投票结果: 选择路径 0, 答案: 826, 置信度: 0.9
2025-08-06 06:31:25,210 - INFO - 投票结果: 选择路径 4, 答案: 20, 置信度: 0.4
2025-08-06 06:31:25,211 - INFO - 投票结果: 选择路径 0, 答案: 9.75, 置信度: 0.6
2025-08-06 06:31:25,212 - INFO - 投票结果: 选择路径 0, 答案: 12, 置信度: 0.5
2025-08-06 06:31:25,212 - INFO - 投票结果: 选择路径 0, 答案: 480, 置信度: 1.0
2025-08-06 06:31:25,213 - INFO - 投票结果: 选择路径 0, 答案: 14400, 置信度: 0.8
2025-08-06 06:31:25,214 - INFO - 投票结果: 选择路径 1, 答案: 3, 置信度: 0.7
2025-08-06 06:31:25,215 - INFO - 投票结果: 选择路径 1, 答案: 250, 置信度: 0.8
2025-08-06 06:31:25,215 - INFO - 投票结果: 选择路径 0, 答案: 168, 置信度: 1.0
2025-08-06 06:31:25,217 - INFO - 投票结果: 选择路径 0, 答案: 64800, 置信度: 0.5
2025-08-06 06:31:25,218 - INFO - 投票结果: 选择路径 0, 答案: 120, 置信度: 0.8
2025-08-06 06:31:25,219 - INFO - 投票结果: 选择路径 0, 答案: 270, 置信度: 1.0
2025-08-06 06:31:25,220 - INFO - 投票结果: 选择路径 0, 答案: 26, 置信度: 1.0
2025-08-06 06:31:25,220 - INFO - 投票结果: 选择路径 1, 答案: 20, 置信度: 0.5
2025-08-06 06:31:25,221 - INFO - 投票结果: 选择路径 0, 答案: 30, 置信度: 0.3
2025-08-06 06:31:25,222 - INFO - 投票结果: 选择路径 0, 答案: 101, 置信度: 1.0
2025-08-06 06:31:25,223 - INFO - 投票结果: 选择路径 0, 答案: 230, 置信度: 0.3
2025-08-06 06:31:25,224 - INFO - 投票结果: 选择路径 0, 答案: 85, 置信度: 1.0
2025-08-06 06:31:25,224 - INFO - 投票结果: 选择路径 0, 答案: 2, 置信度: 0.3
2025-08-06 06:31:25,225 - INFO - 投票结果: 选择路径 1, 答案: 24000, 置信度: 0.3
2025-08-06 06:31:25,226 - INFO - 投票结果: 选择路径 0, 答案: 300, 置信度: 1.0
2025-08-06 06:31:25,227 - INFO - 投票结果: 选择路径 0, 答案: 31, 置信度: 1.0
2025-08-06 06:31:25,227 - INFO - 投票结果: 选择路径 0, 答案: 12, 置信度: 1.0
2025-08-06 06:31:25,228 - INFO - 投票结果: 选择路径 0, 答案: 2:00p, 置信度: 0.9
2025-08-06 06:31:25,229 - INFO - 投票结果: 选择路径 0, 答案: 3, 置信度: 0.9
2025-08-06 06:31:25,230 - INFO - 投票结果: 选择路径 0, 答案: 10, 置信度: 0.4
2025-08-06 06:31:25,230 - INFO - 投票结果: 选择路径 0, 答案: 45, 置信度: 1.0
2025-08-06 06:31:25,231 - INFO - 投票结果: 选择路径 0, 答案: 200, 置信度: 1.0
2025-08-06 06:31:25,232 - INFO - 投票结果: 选择路径 5, 答案: 34, 置信度: 0.3
2025-08-06 06:31:25,233 - INFO - 投票结果: 选择路径 1, 答案: 10, 置信度: 0.8
2025-08-06 06:31:25,233 - INFO - 投票结果: 选择路径 0, 答案: 98, 置信度: 1.0
2025-08-06 06:31:25,234 - INFO - 投票结果: 选择路径 2, 答案: 0, 置信度: 0.2
2025-08-06 06:31:25,235 - INFO - 投票结果: 选择路径 2, 答案: 45, 置信度: 0.7
2025-08-06 06:31:25,236 - INFO - 投票结果: 选择路径 0, 答案: 7.5, 置信度: 0.3
2025-08-06 06:31:25,237 - INFO - 投票结果: 选择路径 0, 答案: 8, 置信度: 0.8
2025-08-06 06:31:25,237 - INFO - 投票结果: 选择路径 2, 答案: 15, 置信度: 0.6
2025-08-06 06:31:25,238 - INFO - 投票结果: 选择路径 0, 答案: 70, 置信度: 1.0
2025-08-06 06:31:25,239 - INFO - 投票结果: 选择路径 0, 答案: 294, 置信度: 1.0
2025-08-06 06:31:25,240 - INFO - 投票结果: 选择路径 0, 答案: 5, 置信度: 0.5
2025-08-06 06:31:25,241 - INFO - 投票结果: 选择路径 0, 答案: 13, 置信度: 1.0
2025-08-06 06:31:25,241 - INFO - 投票结果: 选择路径 0, 答案: 195, 置信度: 1.0
2025-08-06 06:31:25,242 - INFO - 投票结果: 选择路径 0, 答案: 7, 置信度: 1.0
2025-08-06 06:31:25,243 - INFO - 投票结果: 选择路径 0, 答案: 1875, 置信度: 0.9
2025-08-06 06:31:25,244 - INFO - 投票结果: 选择路径 0, 答案: 385000, 置信度: 1.0
2025-08-06 06:31:25,244 - INFO - 投票结果: 选择路径 0, 答案: 85, 置信度: 1.0
2025-08-06 06:31:25,245 - INFO - 投票结果: 选择路径 0, 答案: 27, 置信度: 0.9
2025-08-06 06:31:25,246 - INFO - 投票结果: 选择路径 0, 答案: 159, 置信度: 1.0
2025-08-06 06:31:25,247 - INFO - 投票结果: 选择路径 0, 答案: 25, 置信度: 1.0
2025-08-06 06:31:25,249 - INFO - 投票结果: 选择路径 0, 答案: 720, 置信度: 1.0
2025-08-06 06:31:25,250 - INFO - 投票结果: 选择路径 0, 答案: 549, 置信度: 0.9
2025-08-06 06:31:25,251 - INFO - 投票结果: 选择路径 0, 答案: 7, 置信度: 0.7
2025-08-06 06:31:25,252 - INFO - 投票结果: 选择路径 0, 答案: 25, 置信度: 0.8
2025-08-06 06:31:25,252 - INFO - 投票结果: 选择路径 2, 答案: 90, 置信度: 0.5
2025-08-06 06:31:25,253 - INFO - 投票结果: 选择路径 0, 答案: 2, 置信度: 0.9
2025-08-06 06:31:25,254 - INFO - 投票结果: 选择路径 2, 答案: 22, 置信度: 0.6
2025-08-06 06:31:25,255 - INFO - 投票结果: 选择路径 0, 答案: 40, 置信度: 0.7
2025-08-06 06:31:25,255 - INFO - 投票结果: 选择路径 1, 答案: 1950, 置信度: 0.6
2025-08-06 06:31:25,256 - INFO - 投票结果: 选择路径 2, 答案: 500, 置信度: 0.3
2025-08-06 06:31:25,257 - INFO - 投票结果: 选择路径 0, 答案: 10, 置信度: 0.6
2025-08-06 06:31:25,258 - INFO - 投票结果: 选择路径 0, 答案: 27, 置信度: 0.7
2025-08-06 06:31:25,258 - INFO - 投票结果: 选择路径 1, 答案: 17, 置信度: 0.8
2025-08-06 06:31:25,259 - INFO - 投票结果: 选择路径 0, 答案: 50, 置信度: 0.7
2025-08-06 06:31:25,260 - INFO - 投票结果: 选择路径 0, 答案: 96, 置信度: 0.5
2025-08-06 06:31:25,261 - INFO - 投票结果: 选择路径 0, 答案: 280, 置信度: 0.9
2025-08-06 06:31:25,262 - INFO - 投票结果: 选择路径 0, 答案: 60, 置信度: 0.2
2025-08-06 06:31:25,262 - INFO - 投票结果: 选择路径 0, 答案: 142, 置信度: 1.0
2025-08-06 06:31:25,263 - INFO - 投票结果: 选择路径 0, 答案: 5, 置信度: 0.8
2025-08-06 06:31:25,264 - INFO - 投票结果: 选择路径 0, 答案: 95, 置信度: 1.0
2025-08-06 06:31:25,265 - INFO - 投票结果: 选择路径 0, 答案: 175, 置信度: 1.0
2025-08-06 06:31:25,265 - INFO - 投票结果: 选择路径 0, 答案: 20, 置信度: 0.8
2025-08-06 06:31:25,266 - INFO - 投票结果: 选择路径 0, 答案: 15, 置信度: 1.0
2025-08-06 06:31:25,267 - INFO - 投票结果: 选择路径 0, 答案: 330, 置信度: 0.6
2025-08-06 06:31:25,268 - INFO - 投票结果: 选择路径 3, 答案: 11, 置信度: 0.4
2025-08-06 06:31:25,269 - INFO - 投票结果: 选择路径 0, 答案: 2, 置信度: 0.9
2025-08-06 06:31:25,270 - INFO - 投票结果: 选择路径 1, 答案: 120, 置信度: 0.4
2025-08-06 06:31:25,270 - INFO - 投票结果: 选择路径 0, 答案: 70, 置信度: 1.0
2025-08-06 06:31:25,271 - INFO - 投票结果: 选择路径 0, 答案: 17000, 置信度: 1.0
2025-08-06 06:31:25,272 - INFO - 投票结果: 选择路径 0, 答案: 57, 置信度: 1.0
2025-08-06 06:31:25,273 - INFO - 投票结果: 选择路径 0, 答案: 1260, 置信度: 1.0
2025-08-06 06:31:25,274 - INFO - 投票结果: 选择路径 0, 答案: 4500, 置信度: 1.0
2025-08-06 06:31:25,274 - INFO - 投票结果: 选择路径 0, 答案: 5, 置信度: 0.9
2025-08-06 06:31:25,275 - INFO - 投票结果: 选择路径 0, 答案: 360, 置信度: 1.0
2025-08-06 06:31:25,276 - INFO - 投票结果: 选择路径 1, 答案: 50, 置信度: 0.6
2025-08-06 06:31:25,277 - INFO - 投票结果: 选择路径 5, 答案: 95, 置信度: 0.4
2025-08-06 06:31:25,278 - INFO - 投票结果: 选择路径 0, 答案: 2, 置信度: 0.9
2025-08-06 06:31:25,279 - INFO - 投票结果: 选择路径 5, 答案: 7.17, 置信度: 0.4
2025-08-06 06:31:25,279 - INFO - 投票结果: 选择路径 0, 答案: 5760, 置信度: 1.0
2025-08-06 06:31:25,280 - INFO - 投票结果: 选择路径 0, 答案: 35, 置信度: 0.9
2025-08-06 06:31:25,281 - INFO - 投票结果: 选择路径 1, 答案: 27, 置信度: 0.3
2025-08-06 06:31:25,282 - INFO - 投票结果: 选择路径 0, 答案: 7, 置信度: 0.7
2025-08-06 06:31:25,283 - INFO - 投票结果: 选择路径 0, 答案: 3, 置信度: 1.0
2025-08-06 06:31:25,283 - INFO - 投票结果: 选择路径 2, 答案: 147, 置信度: 0.5
2025-08-06 06:31:25,284 - INFO - 投票结果: 选择路径 0, 答案: 280, 置信度: 0.5
2025-08-06 06:31:25,285 - INFO - 投票结果: 选择路径 0, 答案: 16, 置信度: 0.8
2025-08-06 06:31:25,286 - INFO - 投票结果: 选择路径 0, 答案: 10, 置信度: 1.0
2025-08-06 06:31:25,287 - INFO - 投票结果: 选择路径 0, 答案: 101, 置信度: 1.0
2025-08-06 06:31:25,287 - INFO - 投票结果: 选择路径 0, 答案: 12, 置信度: 0.9
2025-08-06 06:31:25,288 - INFO - 投票结果: 选择路径 0, 答案: 78, 置信度: 1.0
2025-08-06 06:31:25,289 - INFO - 投票结果: 选择路径 0, 答案: 16, 置信度: 1.0
2025-08-06 06:31:25,290 - INFO - 投票结果: 选择路径 0, 答案: 8, 置信度: 0.9
2025-08-06 06:31:25,290 - INFO - 投票结果: 选择路径 0, 答案: 20, 置信度: 0.9
2025-08-06 06:31:25,291 - INFO - 投票结果: 选择路径 0, 答案: 280, 置信度: 0.7
2025-08-06 06:31:25,292 - INFO - 投票结果: 选择路径 0, 答案: 1.96875, 置信度: 0.4
2025-08-06 06:31:25,293 - INFO - 投票结果: 选择路径 0, 答案: 105, 置信度: 0.7
2025-08-06 06:31:25,293 - INFO - 投票结果: 选择路径 0, 答案: 58, 置信度: 1.0
2025-08-06 06:31:25,294 - INFO - 投票结果: 选择路径 0, 答案: 6, 置信度: 1.0
2025-08-06 06:31:25,295 - INFO - 投票结果: 选择路径 1, 答案: 220, 置信度: 0.6
2025-08-06 06:31:25,296 - INFO - 投票结果: 选择路径 0, 答案: 770, 置信度: 1.0
2025-08-06 06:31:25,297 - INFO - 投票结果: 选择路径 0, 答案: 28, 置信度: 1.0
2025-08-06 06:31:25,297 - INFO - 投票结果: 选择路径 2, 答案: 25, 置信度: 0.6
2025-08-06 06:31:25,298 - INFO - 投票结果: 选择路径 1, 答案: 1630, 置信度: 0.6
2025-08-06 06:31:25,299 - INFO - 投票结果: 选择路径 0, 答案: 55, 置信度: 0.7
2025-08-06 06:31:25,300 - INFO - 投票结果: 选择路径 1, 答案: 58, 置信度: 0.6
2025-08-06 06:31:25,300 - INFO - 投票结果: 选择路径 0, 答案: 11, 置信度: 1.0
2025-08-06 06:31:25,301 - INFO - 投票结果: 选择路径 0, 答案: 3, 置信度: 1.0
2025-08-06 06:31:25,302 - INFO - 投票结果: 选择路径 1, 答案: 20, 置信度: 0.8
2025-08-06 06:31:25,303 - INFO - 投票结果: 选择路径 0, 答案: 15, 置信度: 1.0
2025-08-06 06:31:25,303 - INFO - 投票结果: 选择路径 0, 答案: 3, 置信度: 0.5
2025-08-06 06:31:25,304 - INFO - 投票结果: 选择路径 0, 答案: 70, 置信度: 1.0
2025-08-06 06:31:25,305 - INFO - 投票结果: 选择路径 0, 答案: 63, 置信度: 1.0
2025-08-06 06:31:25,306 - INFO - 投票结果: 选择路径 0, 答案: 14, 置信度: 0.7
2025-08-06 06:31:25,307 - INFO - 投票结果: 选择路径 0, 答案: 11, 置信度: 1.0
2025-08-06 06:31:25,307 - INFO - 投票结果: 选择路径 1, 答案: 153, 置信度: 0.6
2025-08-06 06:31:25,308 - INFO - 投票结果: 选择路径 0, 答案: 15, 置信度: 1.0
2025-08-06 06:31:25,309 - INFO - 投票结果: 选择路径 7, 答案: 125, 置信度: 0.3
2025-08-06 06:31:25,310 - INFO - 投票结果: 选择路径 3, 答案: 155, 置信度: 0.5
2025-08-06 06:31:25,310 - INFO - 投票结果: 选择路径 0, 答案: 600, 置信度: 0.9
2025-08-06 06:31:25,311 - INFO - 投票结果: 选择路径 0, 答案: 20, 置信度: 1.0
2025-08-06 06:31:25,312 - INFO - 投票结果: 选择路径 0, 答案: 12, 置信度: 1.0
2025-08-06 06:31:25,313 - INFO - 投票结果: 选择路径 0, 答案: 87, 置信度: 1.0
2025-08-06 06:31:25,313 - INFO - 投票结果: 选择路径 0, 答案: 54, 置信度: 0.6
2025-08-06 06:31:25,314 - INFO - 投票结果: 选择路径 0, 答案: 10, 置信度: 0.9
2025-08-06 06:31:25,315 - INFO - 投票结果: 选择路径 0, 答案: 18, 置信度: 1.0
2025-08-06 06:31:25,316 - INFO - 投票结果: 选择路径 0, 答案: 230, 置信度: 1.0
2025-08-06 06:31:25,317 - INFO - 投票结果: 选择路径 3, 答案: 10, 置信度: 0.4
2025-08-06 06:31:25,317 - INFO - 投票结果: 选择路径 0, 答案: 1198, 置信度: 0.7
2025-08-06 06:31:25,318 - INFO - 投票结果: 选择路径 0, 答案: 2325, 置信度: 0.7
2025-08-06 06:31:25,319 - INFO - 投票结果: 选择路径 0, 答案: 80, 置信度: 1.0
2025-08-06 06:31:25,320 - INFO - 投票结果: 选择路径 0, 答案: 880, 置信度: 1.0
2025-08-06 06:31:25,321 - INFO - 投票结果: 选择路径 0, 答案: 5, 置信度: 1.0
2025-08-06 06:31:25,321 - INFO - 投票结果: 选择路径 0, 答案: 45, 置信度: 1.0
2025-08-06 06:31:25,322 - INFO - 投票结果: 选择路径 0, 答案: 75, 置信度: 1.0
2025-08-06 06:31:25,323 - INFO - 投票结果: 选择路径 1, 答案: 4, 置信度: 0.4
2025-08-06 06:31:25,324 - INFO - 投票结果: 选择路径 0, 答案: 350, 置信度: 1.0
2025-08-06 06:31:25,324 - INFO - 投票结果: 选择路径 0, 答案: 200, 置信度: 1.0
2025-08-06 06:31:25,325 - INFO - 投票结果: 选择路径 0, 答案: 1000, 置信度: 0.8
2025-08-06 06:31:25,326 - INFO - 投票结果: 选择路径 0, 答案: 21, 置信度: 0.8
2025-08-06 06:31:25,327 - INFO - 投票结果: 选择路径 0, 答案: 19, 置信度: 1.0
2025-08-06 06:31:25,327 - INFO - 投票结果: 选择路径 0, 答案: 13, 置信度: 1.0
2025-08-06 06:31:25,328 - INFO - 投票结果: 选择路径 1, 答案: 10, 置信度: 0.4
2025-08-06 06:31:25,329 - INFO - 投票结果: 选择路径 0, 答案: 440, 置信度: 1.0
2025-08-06 06:31:25,330 - INFO - 投票结果: 选择路径 0, 答案: 48, 置信度: 1.0
2025-08-06 06:31:25,330 - INFO - 投票结果: 选择路径 0, 答案: 33, 置信度: 0.5
2025-08-06 06:31:25,331 - INFO - 投票结果: 选择路径 2, 答案: 64, 置信度: 0.4
2025-08-06 06:31:25,332 - INFO - 投票结果: 选择路径 0, 答案: 22, 置信度: 1.0
2025-08-06 06:31:25,333 - INFO - 投票结果: 选择路径 0, 答案: 57500, 置信度: 1.0
2025-08-06 06:31:25,333 - INFO - 投票结果: 选择路径 0, 答案: 35, 置信度: 1.0
2025-08-06 06:31:25,334 - INFO - 投票结果: 选择路径 0, 答案: 26, 置信度: 1.0
2025-08-06 06:31:25,335 - INFO - 投票结果: 选择路径 0, 答案: 18, 置信度: 0.5
2025-08-06 06:31:25,336 - INFO - 投票结果: 选择路径 0, 答案: 27000, 置信度: 0.9
2025-08-06 06:31:25,337 - INFO - 投票结果: 选择路径 0, 答案: 157, 置信度: 1.0
2025-08-06 06:31:25,337 - INFO - 投票结果: 选择路径 0, 答案: 14, 置信度: 1.0
2025-08-06 06:31:25,338 - INFO - 投票结果: 选择路径 0, 答案: 26, 置信度: 1.0
2025-08-06 06:31:25,340 - INFO - 投票结果: 选择路径 1, 答案: 966.306, 置信度: 0.4
2025-08-06 06:31:25,341 - INFO - 投票结果: 选择路径 0, 答案: 12, 置信度: 1.0
2025-08-06 06:31:25,342 - INFO - 投票结果: 选择路径 0, 答案: 11, 置信度: 0.2
2025-08-06 06:31:25,343 - INFO - 投票结果: 选择路径 0, 答案: 366, 置信度: 1.0
2025-08-06 06:31:25,343 - INFO - 投票结果: 选择路径 0, 答案: 195, 置信度: 1.0
2025-08-06 06:31:25,344 - INFO - 投票结果: 选择路径 0, 答案: 90, 置信度: 1.0
2025-08-06 06:31:25,345 - INFO - 投票结果: 选择路径 0, 答案: 10, 置信度: 1.0
2025-08-06 06:31:25,346 - INFO - 投票结果: 选择路径 0, 答案: 400, 置信度: 1.0
2025-08-06 06:31:25,346 - INFO - 投票结果: 选择路径 0, 答案: 6, 置信度: 0.8
2025-08-06 06:31:25,347 - INFO - 投票结果: 选择路径 0, 答案: 17, 置信度: 1.0
2025-08-06 06:31:25,348 - INFO - 投票结果: 选择路径 0, 答案: 220, 置信度: 0.6
2025-08-06 06:31:25,349 - INFO - 投票结果: 选择路径 0, 答案: 22, 置信度: 0.6
2025-08-06 06:31:25,350 - INFO - 投票结果: 选择路径 0, 答案: 44, 置信度: 1.0
2025-08-06 06:31:25,350 - INFO - 投票结果: 选择路径 1, 答案: 48, 置信度: 0.5
2025-08-06 06:31:25,351 - INFO - 投票结果: 选择路径 0, 答案: 27, 置信度: 1.0
2025-08-06 06:31:25,352 - INFO - 投票结果: 选择路径 0, 答案: 120, 置信度: 0.8
2025-08-06 06:31:25,353 - INFO - 投票结果: 选择路径 0, 答案: 12, 置信度: 0.9
2025-08-06 06:31:25,353 - INFO - 投票结果: 选择路径 0, 答案: 5, 置信度: 1.0
2025-08-06 06:31:25,354 - INFO - 投票结果: 选择路径 0, 答案: 36, 置信度: 1.0
2025-08-06 06:31:25,355 - INFO - 投票结果: 选择路径 0, 答案: 9, 置信度: 0.9
2025-08-06 06:31:25,356 - INFO - 投票结果: 选择路径 0, 答案: 2, 置信度: 1.0
2025-08-06 06:31:25,357 - INFO - 投票结果: 选择路径 2, 答案: 38, 置信度: 0.5
2025-08-06 06:31:25,357 - INFO - 投票结果: 选择路径 0, 答案: 70, 置信度: 1.0
2025-08-06 06:31:25,358 - INFO - 投票结果: 选择路径 0, 答案: 3160, 置信度: 0.4
2025-08-06 06:31:25,359 - INFO - 投票结果: 选择路径 0, 答案: 3200, 置信度: 1.0
2025-08-06 06:31:25,360 - INFO - 投票结果: 选择路径 0, 答案: 142, 置信度: 0.7
2025-08-06 06:31:25,360 - INFO - 投票结果: 选择路径 0, 答案: 90, 置信度: 1.0
2025-08-06 06:31:25,361 - INFO - 投票结果: 选择路径 0, 答案: 200, 置信度: 0.8
2025-08-06 06:31:25,362 - INFO - 投票结果: 选择路径 0, 答案: 180000, 置信度: 0.5
2025-08-06 06:31:25,363 - INFO - 投票结果: 选择路径 0, 答案: 9, 置信度: 1.0
2025-08-06 06:31:25,364 - INFO - 投票结果: 选择路径 0, 答案: 10, 置信度: 1.0
2025-08-06 06:31:25,364 - INFO - 投票结果: 选择路径 3, 答案: 56, 置信度: 0.3
2025-08-06 06:31:25,365 - INFO - 投票结果: 选择路径 0, 答案: 700, 置信度: 1.0
2025-08-06 06:31:25,366 - INFO - 投票结果: 选择路径 0, 答案: 12, 置信度: 1.0
2025-08-06 06:31:25,367 - INFO - 投票结果: 选择路径 0, 答案: 3, 置信度: 1.0
2025-08-06 06:31:25,367 - INFO - 投票结果: 选择路径 0, 答案: 320, 置信度: 1.0
2025-08-06 06:31:25,368 - INFO - 投票结果: 选择路径 6, 答案: 39, 置信度: 0.3
2025-08-06 06:31:25,369 - INFO - 投票结果: 选择路径 1, 答案: 50, 置信度: 0.8
2025-08-06 06:31:25,370 - INFO - 投票结果: 选择路径 0, 答案: 50, 置信度: 1.0
2025-08-06 06:31:25,370 - INFO - 投票结果: 选择路径 0, 答案: 1950, 置信度: 0.3
2025-08-06 06:31:25,371 - INFO - 投票结果: 选择路径 0, 答案: 12, 置信度: 0.5
2025-08-06 06:31:25,372 - INFO - 投票结果: 选择路径 0, 答案: 2640, 置信度: 1.0
2025-08-06 06:31:25,373 - INFO - 投票结果: 选择路径 0, 答案: 98, 置信度: 1.0
2025-08-06 06:31:25,374 - INFO - 投票结果: 选择路径 0, 答案: 19, 置信度: 1.0
2025-08-06 06:31:25,374 - INFO - 投票结果: 选择路径 0, 答案: 21, 置信度: 1.0
2025-08-06 06:31:25,375 - INFO - 投票结果: 选择路径 0, 答案: 5, 置信度: 1.0
2025-08-06 06:31:25,376 - INFO - 投票结果: 选择路径 0, 答案: 30, 置信度: 1.0
2025-08-06 06:31:25,377 - INFO - 投票结果: 选择路径 1, 答案: 34, 置信度: 0.9
2025-08-06 06:31:25,378 - INFO - 投票结果: 选择路径 0, 答案: 48, 置信度: 0.3
2025-08-06 06:31:25,378 - INFO - 投票结果: 选择路径 0, 答案: 7, 置信度: 1.0
2025-08-06 06:31:25,379 - INFO - 投票结果: 选择路径 0, 答案: 50, 置信度: 1.0
2025-08-06 06:31:25,380 - INFO - 投票结果: 选择路径 0, 答案: 25, 置信度: 1.0
2025-08-06 06:31:25,381 - INFO - 投票结果: 选择路径 0, 答案: 500, 置信度: 1.0
2025-08-06 06:31:25,382 - INFO - 投票结果: 选择路径 0, 答案: 300, 置信度: 1.0
2025-08-06 06:31:25,383 - INFO - 投票结果: 选择路径 0, 答案: 842, 置信度: 1.0
2025-08-06 06:31:25,383 - INFO - 投票结果: 选择路径 0, 答案: 600, 置信度: 0.8
2025-08-06 06:31:25,384 - INFO - 投票结果: 选择路径 2, 答案: 160, 置信度: 0.4
2025-08-06 06:31:25,385 - INFO - 投票结果: 选择路径 0, 答案: 32, 置信度: 1.0
2025-08-06 06:31:25,386 - INFO - 投票结果: 选择路径 1, 答案: 15, 置信度: 0.9
2025-08-06 06:31:25,386 - INFO - 投票结果: 选择路径 0, 答案: 243, 置信度: 1.0
2025-08-06 06:31:25,387 - INFO - 投票结果: 选择路径 0, 答案: 60, 置信度: 0.6
2025-08-06 06:31:25,388 - INFO - 投票结果: 选择路径 0, 答案: 1218, 置信度: 1.0
2025-08-06 06:31:25,389 - INFO - 投票结果: 选择路径 0, 答案: 16, 置信度: 0.7
2025-08-06 06:31:25,389 - INFO - 投票结果: 选择路径 0, 答案: 40, 置信度: 1.0
2025-08-06 06:31:25,390 - INFO - 投票结果: 选择路径 0, 答案: 1210, 置信度: 1.0
2025-08-06 06:31:25,391 - INFO - 投票结果: 选择路径 0, 答案: 50, 置信度: 0.8
2025-08-06 06:31:25,392 - INFO - 投票结果: 选择路径 0, 答案: 12, 置信度: 0.9
2025-08-06 06:31:25,393 - INFO - 投票结果: 选择路径 0, 答案: 3528, 置信度: 1.0
2025-08-06 06:31:25,393 - INFO - 投票结果: 选择路径 0, 答案: 150, 置信度: 0.8
2025-08-06 06:31:25,394 - INFO - 投票结果: 选择路径 0, 答案: 1050, 置信度: 1.0
2025-08-06 06:31:25,395 - INFO - 投票结果: 选择路径 0, 答案: 2304, 置信度: 1.0
2025-08-06 06:31:25,396 - INFO - 投票结果: 选择路径 0, 答案: 115, 置信度: 0.6
2025-08-06 06:31:25,397 - INFO - 投票结果: 选择路径 4, 答案: 70000, 置信度: 0.4
2025-08-06 06:31:25,397 - INFO - 投票结果: 选择路径 0, 答案: 410, 置信度: 0.8
2025-08-06 06:31:25,398 - INFO - 投票结果: 选择路径 0, 答案: 32, 置信度: 1.0
2025-08-06 06:31:25,399 - INFO - 投票结果: 选择路径 0, 答案: 120, 置信度: 0.8
2025-08-06 06:31:25,400 - INFO - 投票结果: 选择路径 0, 答案: 29, 置信度: 1.0
2025-08-06 06:31:25,400 - INFO - 投票结果: 选择路径 1, 答案: 200, 置信度: 0.6
2025-08-06 06:31:25,401 - INFO - 投票结果: 选择路径 0, 答案: 80, 置信度: 0.8
2025-08-06 06:31:25,402 - INFO - 投票结果: 选择路径 0, 答案: 200, 置信度: 0.6
2025-08-06 06:31:25,403 - INFO - 投票结果: 选择路径 0, 答案: 2, 置信度: 1.0
2025-08-06 06:31:25,404 - INFO - 投票结果: 选择路径 0, 答案: 9, 置信度: 1.0
2025-08-06 06:31:25,404 - INFO - 投票结果: 选择路径 0, 答案: 100, 置信度: 1.0
2025-08-06 06:31:25,405 - INFO - 投票结果: 选择路径 0, 答案: 40, 置信度: 1.0
2025-08-06 06:31:25,406 - INFO - 投票结果: 选择路径 0, 答案: 250, 置信度: 0.6
2025-08-06 06:31:25,407 - INFO - 投票结果: 选择路径 0, 答案: 5600, 置信度: 0.7
2025-08-06 06:31:25,407 - INFO - 投票结果: 选择路径 0, 答案: 5, 置信度: 0.9
2025-08-06 06:31:25,408 - INFO - 投票结果: 选择路径 0, 答案: 600, 置信度: 1.0
2025-08-06 06:31:25,409 - INFO - 投票结果: 选择路径 0, 答案: 6, 置信度: 1.0
2025-08-06 06:31:25,410 - INFO - 投票结果: 选择路径 0, 答案: 1, 置信度: 1.0
2025-08-06 06:31:25,410 - INFO - 投票结果: 选择路径 0, 答案: 320, 置信度: 0.5
2025-08-06 06:31:25,411 - INFO - 投票结果: 选择路径 0, 答案: 45, 置信度: 1.0
2025-08-06 06:31:25,412 - INFO - 投票结果: 选择路径 0, 答案: 310, 置信度: 1.0
2025-08-06 06:31:25,413 - INFO - 投票结果: 选择路径 0, 答案: 6, 置信度: 0.5
2025-08-06 06:31:25,414 - INFO - 投票结果: 选择路径 0, 答案: 30, 置信度: 1.0
2025-08-06 06:31:25,414 - INFO - 投票结果: 选择路径 0, 答案: 220, 置信度: 1.0
2025-08-06 06:31:25,415 - INFO - 投票结果: 选择路径 0, 答案: 310, 置信度: 1.0
2025-08-06 06:31:25,416 - INFO - 投票结果: 选择路径 0, 答案: 250, 置信度: 0.9
2025-08-06 06:31:25,417 - INFO - 投票结果: 选择路径 0, 答案: 118000, 置信度: 0.7
2025-08-06 06:31:25,417 - INFO - 投票结果: 选择路径 0, 答案: 160, 置信度: 1.0
2025-08-06 06:31:25,418 - INFO - 投票结果: 选择路径 0, 答案: 4, 置信度: 1.0
2025-08-06 06:31:25,419 - INFO - 投票结果: 选择路径 0, 答案: 6, 置信度: 1.0
2025-08-06 06:31:25,420 - INFO - 投票结果: 选择路径 0, 答案: 64, 置信度: 0.6
2025-08-06 06:31:25,420 - INFO - 投票结果: 选择路径 0, 答案: 335, 置信度: 1.0
2025-08-06 06:31:25,421 - INFO - 投票结果: 选择路径 0, 答案: 44, 置信度: 1.0
2025-08-06 06:31:25,422 - INFO - 投票结果: 选择路径 0, 答案: 216, 置信度: 1.0
2025-08-06 06:31:25,423 - INFO - 投票结果: 选择路径 0, 答案: 40, 置信度: 1.0
2025-08-06 06:31:25,424 - INFO - 投票结果: 选择路径 0, 答案: 6, 置信度: 0.7
2025-08-06 06:31:25,424 - INFO - 投票结果: 选择路径 1, 答案: 135, 置信度: 0.5
2025-08-06 06:31:25,425 - INFO - 投票结果: 选择路径 1, 答案: 16, 置信度: 0.5
2025-08-06 06:31:25,426 - INFO - 投票结果: 选择路径 0, 答案: 6, 置信度: 1.0
2025-08-06 06:31:25,427 - INFO - 投票结果: 选择路径 0, 答案: 17, 置信度: 0.9
2025-08-06 06:31:25,427 - INFO - 投票结果: 选择路径 0, 答案: 540, 置信度: 0.7
2025-08-06 06:31:25,428 - INFO - 投票结果: 选择路径 0, 答案: 621, 置信度: 1.0
2025-08-06 06:31:25,429 - INFO - 投票结果: 选择路径 0, 答案: 120, 置信度: 1.0
2025-08-06 06:31:25,430 - INFO - 投票结果: 选择路径 1, 答案: 56, 置信度: 0.8
2025-08-06 06:31:25,430 - INFO - 投票结果: 选择路径 0, 答案: 2, 置信度: 0.9
2025-08-06 06:31:25,431 - INFO - 投票结果: 选择路径 0, 答案: 3, 置信度: 1.0
2025-08-06 06:31:25,432 - INFO - 投票结果: 选择路径 1, 答案: 104, 置信度: 0.5
2025-08-06 06:31:25,433 - INFO - 投票结果: 选择路径 0, 答案: 5, 置信度: 1.0
2025-08-06 06:31:25,434 - INFO - 投票结果: 选择路径 0, 答案: 5, 置信度: 0.4
2025-08-06 06:31:25,434 - INFO - 投票结果: 选择路径 0, 答案: 6, 置信度: 1.0
2025-08-06 06:31:25,435 - INFO - 投票结果: 选择路径 0, 答案: 40, 置信度: 0.7
2025-08-06 06:31:25,436 - INFO - 投票结果: 选择路径 0, 答案: 10, 置信度: 1.0
2025-08-06 06:31:25,437 - INFO - 投票结果: 选择路径 0, 答案: 9, 置信度: 0.9
2025-08-06 06:31:25,437 - INFO - 投票结果: 选择路径 0, 答案: 5, 置信度: 0.9
2025-08-06 06:31:25,438 - INFO - 投票结果: 选择路径 0, 答案: 16, 置信度: 1.0
2025-08-06 06:31:25,439 - INFO - 投票结果: 选择路径 0, 答案: 296, 置信度: 0.9
2025-08-06 06:31:25,440 - INFO - 投票结果: 选择路径 0, 答案: 750, 置信度: 0.6
2025-08-06 06:31:25,440 - INFO - 投票结果: 选择路径 0, 答案: 12, 置信度: 0.5
2025-08-06 06:31:25,441 - INFO - 投票结果: 选择路径 0, 答案: 4, 置信度: 1.0
2025-08-06 06:31:25,442 - INFO - 投票结果: 选择路径 0, 答案: 25, 置信度: 1.0
2025-08-06 06:31:25,443 - INFO - 投票结果: 选择路径 5, 答案: 210, 置信度: 0.3
2025-08-06 06:31:25,444 - INFO - 投票结果: 选择路径 1, 答案: 2, 置信度: 0.6
2025-08-06 06:31:25,444 - INFO - 投票结果: 选择路径 0, 答案: 35, 置信度: 0.7
2025-08-06 06:31:25,445 - INFO - 投票结果: 选择路径 0, 答案: 24, 置信度: 1.0
2025-08-06 06:31:25,446 - INFO - 投票结果: 选择路径 0, 答案: \frac{44}{3}, 置信度: 0.2
2025-08-06 06:31:25,447 - INFO - 投票结果: 选择路径 0, 答案: 69, 置信度: 0.9
2025-08-06 06:31:25,447 - INFO - 投票结果: 选择路径 0, 答案: 168, 置信度: 1.0
2025-08-06 06:31:25,448 - INFO - 投票结果: 选择路径 0, 答案: 20, 置信度: 1.0
2025-08-06 06:31:25,449 - INFO - 投票结果: 选择路径 0, 答案: 4, 置信度: 1.0
2025-08-06 06:31:25,450 - INFO - 投票结果: 选择路径 1, 答案: 1596, 置信度: 0.8
2025-08-06 06:31:25,451 - INFO - 投票结果: 选择路径 1, 答案: 6x+30, 置信度: 0.2
2025-08-06 06:31:25,451 - INFO - 投票结果: 选择路径 0, 答案: 20, 置信度: 1.0
2025-08-06 06:31:25,452 - INFO - 投票结果: 选择路径 0, 答案: 2, 置信度: 1.0
2025-08-06 06:31:25,453 - INFO - 投票结果: 选择路径 0, 答案: 14, 置信度: 0.6
2025-08-06 06:31:25,454 - INFO - 投票结果: 选择路径 0, 答案: 3140, 置信度: 1.0
2025-08-06 06:31:25,455 - INFO - 投票结果: 选择路径 0, 答案: 4, 置信度: 1.0
2025-08-06 06:31:25,455 - INFO - 投票结果: 选择路径 0, 答案: 81, 置信度: 1.0
2025-08-06 06:31:25,456 - INFO - 投票结果: 选择路径 0, 答案: 50, 置信度: 0.7
2025-08-06 06:31:25,457 - INFO - 投票结果: 选择路径 0, 答案: 1400, 置信度: 1.0
2025-08-06 06:31:25,458 - INFO - 投票结果: 选择路径 3, 答案: 20, 置信度: 0.3
2025-08-06 06:31:25,458 - INFO - 投票结果: 选择路径 0, 答案: 30, 置信度: 0.8
2025-08-06 06:31:25,459 - INFO - 投票结果: 选择路径 0, 答案: 26, 置信度: 1.0
2025-08-06 06:31:25,460 - INFO - 投票结果: 选择路径 0, 答案: 13, 置信度: 1.0
2025-08-06 06:31:25,461 - INFO - 投票结果: 选择路径 0, 答案: 623, 置信度: 0.6
2025-08-06 06:31:25,462 - INFO - 投票结果: 选择路径 0, 答案: 92, 置信度: 1.0
2025-08-06 06:31:25,462 - INFO - 投票结果: 选择路径 0, 答案: 42, 置信度: 0.7
2025-08-06 06:31:25,463 - INFO - 投票结果: 选择路径 0, 答案: 55, 置信度: 0.9
2025-08-06 06:31:25,464 - INFO - 投票结果: 选择路径 0, 答案: 90, 置信度: 1.0
2025-08-06 06:31:25,465 - INFO - 投票结果: 选择路径 4, 答案: 75, 置信度: 0.6
2025-08-06 06:31:25,465 - INFO - 投票结果: 选择路径 0, 答案: 10, 置信度: 0.9
2025-08-06 06:31:25,466 - INFO - 投票结果: 选择路径 0, 答案: 70, 置信度: 1.0
2025-08-06 06:31:25,467 - INFO - 投票结果: 选择路径 4, 答案: 4, 置信度: 0.2
2025-08-06 06:31:25,468 - INFO - 投票结果: 选择路径 0, 答案: 2450, 置信度: 1.0
2025-08-06 06:31:25,468 - INFO - 投票结果: 选择路径 1, 答案: 20, 置信度: 0.6
2025-08-06 06:31:25,469 - INFO - 投票结果: 选择路径 0, 答案: 378000, 置信度: 0.4
2025-08-06 06:31:25,470 - INFO - 投票结果: 选择路径 0, 答案: 38, 置信度: 0.9
2025-08-06 06:31:25,471 - INFO - 投票结果: 选择路径 0, 答案: 300, 置信度: 0.7
2025-08-06 06:31:25,472 - INFO - 投票结果: 选择路径 0, 答案: 75, 置信度: 1.0
2025-08-06 06:31:25,472 - INFO - 投票结果: 选择路径 2, 答案: 360, 置信度: 0.5
2025-08-06 06:31:25,473 - INFO - 投票结果: 选择路径 0, 答案: 18, 置信度: 0.9
2025-08-06 06:31:25,474 - INFO - 投票结果: 选择路径 0, 答案: 9500, 置信度: 0.9
2025-08-06 06:31:25,475 - INFO - 投票结果: 选择路径 0, 答案: 7, 置信度: 0.9
2025-08-06 06:31:25,475 - INFO - 投票结果: 选择路径 0, 答案: 336, 置信度: 1.0
2025-08-06 06:31:25,476 - INFO - 投票结果: 选择路径 0, 答案: 59.71968, 置信度: 0.2
2025-08-06 06:31:25,477 - INFO - 投票结果: 选择路径 0, 答案: 78, 置信度: 1.0
2025-08-06 06:31:25,478 - INFO - 投票结果: 选择路径 0, 答案: 155, 置信度: 0.6
2025-08-06 06:31:25,479 - INFO - 投票结果: 选择路径 0, 答案: 15, 置信度: 0.6
2025-08-06 06:31:25,479 - INFO - 投票结果: 选择路径 0, 答案: 375, 置信度: 0.8
2025-08-06 06:31:25,480 - INFO - 投票结果: 选择路径 0, 答案: 54, 置信度: 0.7
2025-08-06 06:31:25,481 - INFO - 投票结果: 选择路径 1, 答案: 6400, 置信度: 0.7
2025-08-06 06:31:25,482 - INFO - 投票结果: 选择路径 1, 答案: 14, 置信度: 0.3
2025-08-06 06:31:25,482 - INFO - 投票结果: 选择路径 0, 答案: 84, 置信度: 0.7
2025-08-06 06:31:25,483 - INFO - 投票结果: 选择路径 0, 答案: 100, 置信度: 0.7
2025-08-06 06:31:25,484 - INFO - 投票结果: 选择路径 0, 答案: 450, 置信度: 0.8
2025-08-06 06:31:25,485 - INFO - 投票结果: 选择路径 1, 答案: 5800, 置信度: 0.5
2025-08-06 06:31:25,485 - INFO - 投票结果: 选择路径 0, 答案: 43, 置信度: 0.7
2025-08-06 06:31:25,486 - INFO - 投票结果: 选择路径 0, 答案: 6, 置信度: 1.0
2025-08-06 06:31:25,487 - INFO - 投票结果: 选择路径 0, 答案: 1200, 置信度: 0.9
2025-08-06 06:31:25,488 - INFO - 投票结果: 选择路径 0, 答案: 24, 置信度: 0.8
2025-08-06 06:31:25,489 - INFO - 投票结果: 选择路径 0, 答案: 14, 置信度: 0.3
2025-08-06 06:31:25,489 - INFO - 投票结果: 选择路径 0, 答案: 28.33, 置信度: 0.6
2025-08-06 06:31:25,490 - INFO - 投票结果: 选择路径 0, 答案: 230, 置信度: 0.7
2025-08-06 06:31:25,491 - INFO - 投票结果: 选择路径 1, 答案: 11.43, 置信度: 0.2
2025-08-06 06:31:25,492 - INFO - 投票结果: 选择路径 3, 答案: 40, 置信度: 0.4
2025-08-06 06:31:25,493 - INFO - 投票结果: 选择路径 0, 答案: 14, 置信度: 0.9
2025-08-06 06:31:25,493 - INFO - 投票结果: 选择路径 0, 答案: 20, 置信度: 1.0
2025-08-06 06:31:25,494 - INFO - 投票结果: 选择路径 0, 答案: 180, 置信度: 0.6
2025-08-06 06:31:25,495 - INFO - 投票结果: 选择路径 0, 答案: 3, 置信度: 1.0
2025-08-06 06:31:25,496 - INFO - 投票结果: 选择路径 0, 答案: 162, 置信度: 0.3
2025-08-06 06:31:25,497 - INFO - 投票结果: 选择路径 0, 答案: 78, 置信度: 0.6
2025-08-06 06:31:25,497 - INFO - 投票结果: 选择路径 0, 答案: 48, 置信度: 1.0
2025-08-06 06:31:25,498 - INFO - 投票结果: 选择路径 0, 答案: 4, 置信度: 1.0
2025-08-06 06:31:25,499 - INFO - 投票结果: 选择路径 0, 答案: 14, 置信度: 0.9
2025-08-06 06:31:25,500 - INFO - 投票结果: 选择路径 4, 答案: 5600, 置信度: 0.4
2025-08-06 06:31:25,501 - INFO - 投票结果: 选择路径 1, 答案: 15, 置信度: 0.3
2025-08-06 06:31:25,501 - INFO - 投票结果: 选择路径 0, 答案: 144, 置信度: 1.0
2025-08-06 06:31:25,502 - INFO - 投票结果: 选择路径 2, 答案: 560, 置信度: 0.5
2025-08-06 06:31:25,503 - INFO - 投票结果: 选择路径 0, 答案: 428, 置信度: 1.0
2025-08-06 06:31:25,504 - INFO - 投票结果: 选择路径 0, 答案: 665, 置信度: 1.0
2025-08-06 06:31:25,505 - INFO - 投票结果: 选择路径 0, 答案: 7500, 置信度: 0.3
2025-08-06 06:31:25,506 - INFO - 投票结果: 选择路径 0, 答案: 2.5, 置信度: 0.9
2025-08-06 06:31:25,507 - INFO - 投票结果: 选择路径 0, 答案: 90, 置信度: 0.9
2025-08-06 06:31:25,507 - INFO - 投票结果: 选择路径 0, 答案: 570, 置信度: 1.0
2025-08-06 06:31:25,508 - INFO - 投票结果: 选择路径 0, 答案: 5, 置信度: 0.9
2025-08-06 06:31:25,509 - INFO - 投票结果: 选择路径 5, 答案: 86, 置信度: 0.5
2025-08-06 06:31:25,510 - INFO - 投票结果: 选择路径 0, 答案: 160, 置信度: 1.0
2025-08-06 06:31:25,511 - INFO - 投票结果: 选择路径 0, 答案: 6, 置信度: 1.0
2025-08-06 06:31:25,511 - INFO - 投票结果: 选择路径 0, 答案: 6000, 置信度: 0.9
2025-08-06 06:31:25,512 - INFO - 投票结果: 选择路径 0, 答案: 800, 置信度: 0.8
2025-08-06 06:31:25,513 - INFO - 投票结果: 选择路径 0, 答案: 1, 置信度: 1.0
2025-08-06 06:31:25,514 - INFO - 投票结果: 选择路径 0, 答案: 4, 置信度: 0.4
2025-08-06 06:31:25,515 - INFO - 投票结果: 选择路径 1, 答案: 31, 置信度: 0.6
2025-08-06 06:31:25,515 - INFO - 投票结果: 选择路径 0, 答案: 276000, 置信度: 1.0
2025-08-06 06:31:25,516 - INFO - 投票结果: 选择路径 0, 答案: 482, 置信度: 1.0
2025-08-06 06:31:25,517 - INFO - 投票结果: 选择路径 0, 答案: 100, 置信度: 1.0
2025-08-06 06:31:25,518 - INFO - 投票结果: 选择路径 0, 答案: 21, 置信度: 0.9
2025-08-06 06:31:25,518 - INFO - 投票结果: 选择路径 0, 答案: 40, 置信度: 1.0
2025-08-06 06:31:25,519 - INFO - 投票结果: 选择路径 0, 答案: 180000, 置信度: 1.0
2025-08-06 06:31:25,520 - INFO - 投票结果: 选择路径 0, 答案: 14, 置信度: 0.9
2025-08-06 06:31:25,521 - INFO - 投票结果: 选择路径 0, 答案: 54, 置信度: 0.9
2025-08-06 06:31:25,521 - INFO - 投票结果: 选择路径 0, 答案: 5, 置信度: 1.0
2025-08-06 06:31:25,522 - INFO - 投票结果: 选择路径 0, 答案: 48, 置信度: 0.9
2025-08-06 06:31:25,523 - INFO - 投票结果: 选择路径 0, 答案: 390, 置信度: 0.7
2025-08-06 06:31:25,524 - INFO - 投票结果: 选择路径 0, 答案: 22, 置信度: 1.0
2025-08-06 06:31:25,525 - INFO - 投票结果: 选择路径 1, 答案: 12, 置信度: 0.6
2025-08-06 06:31:25,525 - INFO - 投票结果: 选择路径 1, 答案: 18000, 置信度: 0.8
2025-08-06 06:31:25,526 - INFO - 投票结果: 选择路径 0, 答案: 8642, 置信度: 0.9
2025-08-06 06:31:25,527 - INFO - 投票结果: 选择路径 0, 答案: 10, 置信度: 1.0
2025-08-06 06:31:25,528 - INFO - 投票结果: 选择路径 0, 答案: 27, 置信度: 0.7
2025-08-06 06:31:25,528 - INFO - 投票结果: 选择路径 0, 答案: 22, 置信度: 1.0
2025-08-06 06:31:25,529 - INFO - 投票结果: 选择路径 0, 答案: 61, 置信度: 0.8
2025-08-06 06:31:25,530 - INFO - 投票结果: 选择路径 0, 答案: 10, 置信度: 0.8
2025-08-06 06:31:25,531 - INFO - 投票结果: 选择路径 0, 答案: 15, 置信度: 1.0
2025-08-06 06:31:25,532 - INFO - 投票结果: 选择路径 0, 答案: 14, 置信度: 1.0
2025-08-06 06:31:25,532 - INFO - 投票结果: 选择路径 0, 答案: 14, 置信度: 1.0
2025-08-06 06:31:25,533 - INFO - 投票结果: 选择路径 0, 答案: 4, 置信度: 1.0
2025-08-06 06:31:25,534 - INFO - 投票结果: 选择路径 0, 答案: 3000, 置信度: 1.0
2025-08-06 06:31:25,535 - INFO - 投票结果: 选择路径 1, 答案: 4, 置信度: 0.5
2025-08-06 06:31:25,535 - INFO - 投票结果: 选择路径 1, 答案: 374, 置信度: 0.3
2025-08-06 06:31:25,536 - INFO - 投票结果: 选择路径 0, 答案: 1080, 置信度: 1.0
2025-08-06 06:31:25,537 - INFO - 投票结果: 选择路径 1, 答案: 84, 置信度: 0.7
2025-08-06 06:31:25,538 - INFO - 投票结果: 选择路径 0, 答案: 91, 置信度: 1.0
2025-08-06 06:31:25,539 - INFO - 投票结果: 选择路径 0, 答案: 18, 置信度: 0.7
2025-08-06 06:31:25,539 - INFO - 投票结果: 选择路径 0, 答案: 180, 置信度: 1.0
2025-08-06 06:31:25,540 - INFO - 投票结果: 选择路径 0, 答案: 350, 置信度: 0.7
2025-08-06 06:31:25,541 - INFO - 投票结果: 选择路径 0, 答案: 4, 置信度: 0.8
2025-08-06 06:31:25,542 - INFO - 投票结果: 选择路径 0, 答案: 129200, 置信度: 1.0
2025-08-06 06:31:25,542 - INFO - 投票结果: 选择路径 0, 答案: 10, 置信度: 1.0
2025-08-06 06:31:25,543 - INFO - 投票结果: 选择路径 0, 答案: 14, 置信度: 1.0
2025-08-06 06:31:25,544 - INFO - 投票结果: 选择路径 0, 答案: 12, 置信度: 1.0
2025-08-06 06:31:25,545 - INFO - 投票结果: 选择路径 0, 答案: 68, 置信度: 0.5
2025-08-06 06:31:25,546 - INFO - 投票结果: 选择路径 0, 答案: 58, 置信度: 1.0
2025-08-06 06:31:25,546 - INFO - 投票结果: 选择路径 0, 答案: 40, 置信度: 1.0
2025-08-06 06:31:25,547 - INFO - 投票结果: 选择路径 0, 答案: 132, 置信度: 1.0
2025-08-06 06:31:25,548 - INFO - 投票结果: 选择路径 0, 答案: 120, 置信度: 1.0
2025-08-06 06:31:25,549 - INFO - 投票结果: 选择路径 0, 答案: 120, 置信度: 0.9
2025-08-06 06:31:25,549 - INFO - 投票结果: 选择路径 0, 答案: 120, 置信度: 1.0
2025-08-06 06:31:25,550 - INFO - 投票结果: 选择路径 0, 答案: 15, 置信度: 1.0
2025-08-06 06:31:25,551 - INFO - 投票结果: 选择路径 0, 答案: 576, 置信度: 1.0
2025-08-06 06:31:25,552 - INFO - 投票结果: 选择路径 0, 答案: 5, 置信度: 0.9
2025-08-06 06:31:25,552 - INFO - 投票结果: 选择路径 0, 答案: 20, 置信度: 1.0
2025-08-06 06:31:25,553 - INFO - 投票结果: 选择路径 0, 答案: 40, 置信度: 0.8
2025-08-06 06:31:25,554 - INFO - 投票结果: 选择路径 0, 答案: 23, 置信度: 1.0
2025-08-06 06:31:25,555 - INFO - 投票结果: 选择路径 0, 答案: 156, 置信度: 1.0
2025-08-06 06:31:25,556 - INFO - 投票结果: 选择路径 0, 答案: 280, 置信度: 0.8
2025-08-06 06:31:25,556 - INFO - 投票结果: 选择路径 1, 答案: 4, 置信度: 0.5
2025-08-06 06:31:25,557 - INFO - 投票结果: 选择路径 0, 答案: 2, 置信度: 1.0
2025-08-06 06:31:25,558 - INFO - 投票结果: 选择路径 0, 答案: 120, 置信度: 1.0
2025-08-06 06:31:25,559 - INFO - 投票结果: 选择路径 0, 答案: 52, 置信度: 0.6
2025-08-06 06:31:25,559 - INFO - 投票结果: 选择路径 0, 答案: 15, 置信度: 1.0
2025-08-06 06:31:25,560 - INFO - 投票结果: 选择路径 0, 答案: 9, 置信度: 1.0
2025-08-06 06:31:25,561 - INFO - 投票结果: 选择路径 3, 答案: 25, 置信度: 0.3
2025-08-06 06:31:25,562 - INFO - 投票结果: 选择路径 0, 答案: 20, 置信度: 0.9
2025-08-06 06:31:25,563 - INFO - 投票结果: 选择路径 0, 答案: 30, 置信度: 0.8
2025-08-06 06:31:25,563 - INFO - 投票结果: 选择路径 1, 答案: 80, 置信度: 0.6
2025-08-06 06:31:25,564 - INFO - 投票结果: 选择路径 0, 答案: 5, 置信度: 1.0
2025-08-06 06:31:25,565 - INFO - 投票结果: 选择路径 0, 答案: 5, 置信度: 1.0
2025-08-06 06:31:25,566 - INFO - 投票结果: 选择路径 0, 答案: 80, 置信度: 1.0
2025-08-06 06:31:25,566 - INFO - 投票结果: 选择路径 0, 答案: 34, 置信度: 0.5
2025-08-06 06:31:25,567 - INFO - 投票结果: 选择路径 1, 答案: 42, 置信度: 0.7
2025-08-06 06:31:25,568 - INFO - 投票结果: 选择路径 0, 答案: 3, 置信度: 1.0
2025-08-06 06:31:25,569 - INFO - 投票结果: 选择路径 0, 答案: 50, 置信度: 1.0
2025-08-06 06:31:25,569 - INFO - 投票结果: 选择路径 0, 答案: 17, 置信度: 1.0
2025-08-06 06:31:25,570 - INFO - 投票结果: 选择路径 3, 答案: 25, 置信度: 0.2
2025-08-06 06:31:25,571 - INFO - 投票结果: 选择路径 0, 答案: 20, 置信度: 0.8
2025-08-06 06:31:25,572 - INFO - 投票结果: 选择路径 0, 答案: 120, 置信度: 0.3
2025-08-06 06:31:25,573 - INFO - 投票结果: 选择路径 0, 答案: 20, 置信度: 0.5
2025-08-06 06:31:25,573 - INFO - 投票结果: 选择路径 0, 答案: 45, 置信度: 1.0
2025-08-06 06:31:25,574 - INFO - 投票结果: 选择路径 1, 答案: 11, 置信度: 0.6
2025-08-06 06:31:25,575 - INFO - 投票结果: 选择路径 0, 答案: 10, 置信度: 1.0
2025-08-06 06:31:25,576 - INFO - 投票结果: 选择路径 0, 答案: 318, 置信度: 0.5
2025-08-06 06:31:25,576 - INFO - 投票结果: 选择路径 0, 答案: 92, 置信度: 1.0
2025-08-06 06:31:25,577 - INFO - 投票结果: 选择路径 0, 答案: 70, 置信度: 1.0
2025-08-06 06:31:25,578 - INFO - 投票结果: 选择路径 0, 答案: 62, 置信度: 0.9
2025-08-06 06:31:25,579 - INFO - 投票结果: 选择路径 0, 答案: 1509, 置信度: 1.0
2025-08-06 06:31:25,580 - INFO - 投票结果: 选择路径 0, 答案: 2, 置信度: 1.0
2025-08-06 06:31:25,580 - INFO - 投票结果: 选择路径 0, 答案: 1, 置信度: 1.0
2025-08-06 06:31:25,581 - INFO - 投票结果: 选择路径 0, 答案: 1170, 置信度: 1.0
2025-08-06 06:31:25,582 - INFO - 投票结果: 选择路径 0, 答案: 28, 置信度: 1.0
2025-08-06 06:31:25,583 - INFO - 投票结果: 选择路径 0, 答案: 20, 置信度: 0.9
2025-08-06 06:31:25,583 - INFO - 投票结果: 选择路径 0, 答案: 20, 置信度: 1.0
2025-08-06 06:31:25,584 - INFO - 投票结果: 选择路径 0, 答案: 66160, 置信度: 0.7
2025-08-06 06:31:25,585 - INFO - 投票结果: 选择路径 2, 答案: 16, 置信度: 0.4
2025-08-06 06:31:25,586 - INFO - 投票结果: 选择路径 0, 答案: 575, 置信度: 1.0
2025-08-06 06:31:25,587 - INFO - 投票结果: 选择路径 0, 答案: 60, 置信度: 1.0
2025-08-06 06:31:25,587 - INFO - 投票结果: 选择路径 1, 答案: 4200, 置信度: 0.7
2025-08-06 06:31:25,588 - INFO - 投票结果: 选择路径 1, 答案: 23, 置信度: 0.2
2025-08-06 06:31:25,589 - INFO - 投票结果: 选择路径 0, 答案: 71, 置信度: 0.5
2025-08-06 06:31:25,590 - INFO - 投票结果: 选择路径 0, 答案: 70, 置信度: 0.9
2025-08-06 06:31:25,590 - INFO - 投票结果: 选择路径 0, 答案: 25, 置信度: 0.9
2025-08-06 06:31:25,591 - INFO - 投票结果: 选择路径 0, 答案: 160, 置信度: 0.9
2025-08-06 06:31:25,592 - INFO - 投票结果: 选择路径 0, 答案: 398, 置信度: 0.8
2025-08-06 06:31:25,593 - INFO - 投票结果: 选择路径 0, 答案: 5, 置信度: 1.0
2025-08-06 06:31:25,594 - INFO - 投票结果: 选择路径 0, 答案: 42000, 置信度: 1.0
2025-08-06 06:31:25,594 - INFO - 投票结果: 选择路径 0, 答案: 39, 置信度: 0.5
2025-08-06 06:31:25,595 - INFO - 投票结果: 选择路径 0, 答案: 20, 置信度: 0.9
2025-08-06 06:31:25,596 - INFO - 投票结果: 选择路径 0, 答案: 4, 置信度: 0.5
2025-08-06 06:31:25,597 - INFO - 投票结果: 选择路径 0, 答案: 40, 置信度: 1.0
2025-08-06 06:31:25,597 - INFO - 投票结果: 选择路径 0, 答案: 100, 置信度: 1.0
2025-08-06 06:31:25,598 - INFO - 投票结果: 选择路径 0, 答案: 60, 置信度: 1.0
2025-08-06 06:31:25,599 - INFO - 投票结果: 选择路径 0, 答案: 100, 置信度: 1.0
2025-08-06 06:31:25,600 - INFO - 投票结果: 选择路径 0, 答案: 72, 置信度: 1.0
2025-08-06 06:31:25,600 - INFO - 投票结果: 选择路径 0, 答案: 20, 置信度: 1.0
2025-08-06 06:31:25,601 - INFO - 投票结果: 选择路径 0, 答案: 6277, 置信度: 1.0
2025-08-06 06:31:25,602 - INFO - 投票结果: 选择路径 0, 答案: 21, 置信度: 0.5
2025-08-06 06:31:25,603 - INFO - 投票结果: 选择路径 0, 答案: 26, 置信度: 1.0
2025-08-06 06:31:25,603 - INFO - 投票结果: 选择路径 0, 答案: 3.27, 置信度: 0.1
2025-08-06 06:31:25,604 - INFO - 投票结果: 选择路径 0, 答案: 12, 置信度: 0.9
2025-08-06 06:31:25,606 - INFO - 投票结果: 选择路径 4, 答案: 1, 置信度: 0.2
2025-08-06 06:31:25,607 - INFO - 投票结果: 选择路径 1, 答案: 16, 置信度: 0.8
2025-08-06 06:31:25,608 - INFO - 投票结果: 选择路径 0, 答案: 32, 置信度: 1.0
2025-08-06 06:31:25,609 - INFO - 投票结果: 选择路径 0, 答案: 20, 置信度: 1.0
2025-08-06 06:31:25,610 - INFO - 投票结果: 选择路径 0, 答案: 20, 置信度: 1.0
2025-08-06 06:31:25,610 - INFO - 投票结果: 选择路径 0, 答案: 320, 置信度: 1.0
2025-08-06 06:31:25,611 - INFO - 投票结果: 选择路径 0, 答案: 77, 置信度: 0.8
2025-08-06 06:31:25,612 - INFO - 投票结果: 选择路径 1, 答案: 9, 置信度: 0.9
2025-08-06 06:31:25,613 - INFO - 投票结果: 选择路径 3, 答案: 1, 置信度: 0.6
2025-08-06 06:31:25,613 - INFO - 投票结果: 选择路径 0, 答案: 1248, 置信度: 1.0
2025-08-06 06:31:25,614 - INFO - 投票结果: 选择路径 0, 答案: 15, 置信度: 0.9
2025-08-06 06:31:25,615 - INFO - 投票结果: 选择路径 0, 答案: 16, 置信度: 1.0
2025-08-06 06:31:25,616 - INFO - 投票结果: 选择路径 0, 答案: 2, 置信度: 1.0
2025-08-06 06:31:25,616 - INFO - 投票结果: 选择路径 2, 答案: 46, 置信度: 0.7
2025-08-06 06:31:25,617 - INFO - 投票结果: 选择路径 0, 答案: 60, 置信度: 0.7
2025-08-06 06:31:25,618 - INFO - 投票结果: 选择路径 1, 答案: 315, 置信度: 0.5
2025-08-06 06:31:25,619 - INFO - 投票结果: 选择路径 0, 答案: 84, 置信度: 1.0
2025-08-06 06:31:25,621 - INFO - 投票结果: 选择路径 0, 答案: 76, 置信度: 0.1
2025-08-06 06:31:25,622 - INFO - 投票结果: 选择路径 0, 答案: 300, 置信度: 1.0
2025-08-06 06:31:25,622 - INFO - 投票结果: 选择路径 0, 答案: 50, 置信度: 1.0
2025-08-06 06:31:25,623 - INFO - 投票结果: 选择路径 0, 答案: 14, 置信度: 0.9
2025-08-06 06:31:25,624 - INFO - 投票结果: 选择路径 0, 答案: 21, 置信度: 0.4
2025-08-06 06:31:25,625 - INFO - 投票结果: 选择路径 0, 答案: 12, 置信度: 1.0
2025-08-06 06:31:25,626 - INFO - 投票结果: 选择路径 0, 答案: 1240, 置信度: 1.0
2025-08-06 06:31:25,626 - INFO - 投票结果: 选择路径 0, 答案: 8, 置信度: 1.0
2025-08-06 06:31:25,628 - INFO - 投票结果: 选择路径 0, 答案: 147, 置信度: 0.2
2025-08-06 06:31:25,628 - INFO - 投票结果: 选择路径 0, 答案: 2, 置信度: 0.7
2025-08-06 06:31:25,629 - INFO - 投票结果: 选择路径 0, 答案: 2, 置信度: 1.0
2025-08-06 06:31:25,630 - INFO - 投票结果: 选择路径 1, 答案: 184, 置信度: 0.3
2025-08-06 06:31:25,631 - INFO - 投票结果: 选择路径 0, 答案: 160, 置信度: 1.0
2025-08-06 06:31:25,632 - INFO - 投票结果: 选择路径 0, 答案: 656, 置信度: 0.3
2025-08-06 06:31:25,633 - INFO - 投票结果: 选择路径 0, 答案: 6250, 置信度: 1.0
2025-08-06 06:31:25,633 - INFO - 投票结果: 选择路径 0, 答案: 5, 置信度: 1.0
2025-08-06 06:31:25,634 - INFO - 投票结果: 选择路径 0, 答案: 500, 置信度: 1.0
2025-08-06 06:31:25,635 - INFO - 投票结果: 选择路径 0, 答案: 6, 置信度: 0.4
2025-08-06 06:31:25,636 - INFO - 投票结果: 选择路径 0, 答案: 34, 置信度: 1.0
2025-08-06 06:31:25,637 - INFO - 投票结果: 选择路径 0, 答案: 60, 置信度: 1.0
2025-08-06 06:31:25,637 - INFO - 投票结果: 选择路径 0, 答案: 4, 置信度: 0.3
2025-08-06 06:31:25,638 - INFO - 投票结果: 选择路径 0, 答案: 56, 置信度: 0.6
2025-08-06 06:31:25,639 - INFO - 投票结果: 选择路径 0, 答案: 74, 置信度: 0.9
2025-08-06 06:31:25,640 - INFO - 投票结果: 选择路径 0, 答案: 5, 置信度: 0.9
2025-08-06 06:31:25,641 - INFO - 投票结果: 选择路径 0, 答案: 600, 置信度: 0.8
2025-08-06 06:31:25,641 - INFO - 投票结果: 选择路径 0, 答案: 20, 置信度: 0.8
2025-08-06 06:31:25,642 - INFO - 投票结果: 选择路径 0, 答案: 23, 置信度: 1.0
2025-08-06 06:31:25,643 - INFO - 投票结果: 选择路径 0, 答案: 20, 置信度: 1.0
2025-08-06 06:31:25,644 - INFO - 投票结果: 选择路径 0, 答案: 80, 置信度: 1.0
2025-08-06 06:31:25,644 - INFO - 投票结果: 选择路径 0, 答案: 43, 置信度: 1.0
2025-08-06 06:31:25,645 - INFO - 投票结果: 选择路径 0, 答案: 720, 置信度: 1.0
2025-08-06 06:31:25,646 - INFO - 投票结果: 选择路径 1, 答案: 4, 置信度: 0.8
2025-08-06 06:31:25,647 - INFO - 投票结果: 选择路径 0, 答案: 9, 置信度: 1.0
2025-08-06 06:31:25,648 - INFO - 投票结果: 选择路径 1, 答案: 12, 置信度: 0.2
2025-08-06 06:31:25,648 - INFO - 投票结果: 选择路径 0, 答案: 8, 置信度: 1.0
2025-08-06 06:31:25,649 - INFO - 投票结果: 选择路径 1, 答案: 16, 置信度: 0.6
2025-08-06 06:31:25,650 - INFO - 投票结果: 选择路径 2, 答案: 4, 置信度: 0.3
2025-08-06 06:31:25,651 - INFO - 投票结果: 选择路径 0, 答案: 47, 置信度: 0.8
2025-08-06 06:31:25,651 - INFO - 投票结果: 选择路径 2, 答案: 240000, 置信度: 0.7
2025-08-06 06:31:25,652 - INFO - 投票结果: 选择路径 1, 答案: 14, 置信度: 0.8
2025-08-06 06:31:25,653 - INFO - 投票结果: 选择路径 0, 答案: 26, 置信度: 1.0
2025-08-06 06:31:25,654 - INFO - 投票结果: 选择路径 2, 答案: 2.67, 置信度: 0.6
2025-08-06 06:31:25,655 - INFO - 投票结果: 选择路径 0, 答案: 25, 置信度: 0.6
2025-08-06 06:31:25,655 - INFO - 投票结果: 选择路径 1, 答案: 5, 置信度: 0.7
2025-08-06 06:31:25,656 - INFO - 投票结果: 选择路径 0, 答案: 5, 置信度: 1.0
2025-08-06 06:31:25,657 - INFO - 投票结果: 选择路径 0, 答案: 494, 置信度: 0.4
2025-08-06 06:31:25,658 - INFO - 投票结果: 选择路径 0, 答案: 67, 置信度: 1.0
2025-08-06 06:31:25,658 - INFO - 投票结果: 选择路径 0, 答案: 144, 置信度: 1.0
2025-08-06 06:31:25,659 - INFO - 投票结果: 选择路径 0, 答案: 75, 置信度: 0.9
2025-08-06 06:31:25,660 - INFO - 投票结果: 选择路径 0, 答案: 3, 置信度: 1.0
2025-08-06 06:31:25,661 - INFO - 投票结果: 选择路径 0, 答案: 4, 置信度: 1.0
2025-08-06 06:31:25,662 - INFO - 投票结果: 选择路径 0, 答案: 2000, 置信度: 1.0
2025-08-06 06:31:25,662 - INFO - 投票结果: 选择路径 0, 答案: 68, 置信度: 0.7
2025-08-06 06:31:25,663 - INFO - 投票结果: 选择路径 0, 答案: 8, 置信度: 1.0
2025-08-06 06:31:25,664 - INFO - 投票结果: 选择路径 0, 答案: 100, 置信度: 0.8
2025-08-06 06:31:25,665 - INFO - 投票结果: 选择路径 0, 答案: 2.5, 置信度: 0.7
2025-08-06 06:31:25,665 - INFO - 投票结果: 选择路径 0, 答案: 460, 置信度: 1.0
2025-08-06 06:31:25,666 - INFO - 投票结果: 选择路径 0, 答案: 10, 置信度: 0.9
2025-08-06 06:31:25,667 - INFO - 投票结果: 选择路径 0, 答案: 750, 置信度: 1.0
2025-08-06 06:31:25,668 - INFO - 投票结果: 选择路径 0, 答案: 255, 置信度: 0.9
2025-08-06 06:31:25,668 - INFO - 投票结果: 选择路径 0, 答案: 240, 置信度: 0.8
2025-08-06 06:31:25,669 - INFO - 投票结果: 选择路径 0, 答案: 50, 置信度: 1.0
2025-08-06 06:31:25,670 - INFO - 投票结果: 选择路径 0, 答案: 60000, 置信度: 0.9
2025-08-06 06:31:25,671 - INFO - 投票结果: 选择路径 2, 答案: 97, 置信度: 0.6
2025-08-06 06:31:25,672 - INFO - 投票结果: 选择路径 0, 答案: 10, 置信度: 0.4
2025-08-06 06:31:25,672 - INFO - 投票结果: 选择路径 0, 答案: 75, 置信度: 0.5
2025-08-06 06:31:25,673 - INFO - 投票结果: 选择路径 0, 答案: 13, 置信度: 1.0
2025-08-06 06:31:25,674 - INFO - 投票结果: 选择路径 0, 答案: 4, 置信度: 0.9
2025-08-06 06:31:25,675 - INFO - 投票结果: 选择路径 0, 答案: 210, 置信度: 0.5
2025-08-06 06:31:25,675 - INFO - 投票结果: 选择路径 0, 答案: 540, 置信度: 1.0
2025-08-06 06:31:25,676 - INFO - 投票结果: 选择路径 0, 答案: 104, 置信度: 1.0
2025-08-06 06:31:25,677 - INFO - 投票结果: 选择路径 0, 答案: 27, 置信度: 1.0
2025-08-06 06:31:25,678 - INFO - 投票结果: 选择路径 0, 答案: 75, 置信度: 1.0
2025-08-06 06:31:25,679 - INFO - 投票结果: 选择路径 0, 答案: 252, 置信度: 0.4
2025-08-06 06:31:25,679 - INFO - 投票结果: 选择路径 0, 答案: 120, 置信度: 0.5
2025-08-06 06:31:25,680 - INFO - 投票结果: 选择路径 2, 答案: 348, 置信度: 0.7
2025-08-06 06:31:25,681 - INFO - 投票结果: 选择路径 0, 答案: 15, 置信度: 0.8
2025-08-06 06:31:25,682 - INFO - 投票结果: 选择路径 0, 答案: 247, 置信度: 0.6
2025-08-06 06:31:25,682 - INFO - 投票结果: 选择路径 0, 答案: 12, 置信度: 0.5
2025-08-06 06:31:25,683 - INFO - 投票结果: 选择路径 0, 答案: 85000, 置信度: 1.0
2025-08-06 06:31:25,684 - INFO - 投票结果: 选择路径 1, 答案: 20, 置信度: 0.4
2025-08-06 06:31:25,685 - INFO - 投票结果: 选择路径 0, 答案: 19, 置信度: 0.7
2025-08-06 06:31:25,686 - INFO - 投票结果: 选择路径 0, 答案: 18, 置信度: 1.0
2025-08-06 06:31:25,686 - INFO - 投票结果: 选择路径 0, 答案: 3, 置信度: 1.0
2025-08-06 06:31:25,687 - INFO - 投票结果: 选择路径 0, 答案: 12, 置信度: 1.0
2025-08-06 06:31:25,688 - INFO - 投票结果: 选择路径 5, 答案: 160000, 置信度: 0.4
2025-08-06 06:31:25,689 - INFO - 投票结果: 选择路径 1, 答案: 50, 置信度: 0.8
2025-08-06 06:31:25,690 - INFO - 投票结果: 选择路径 0, 答案: 76, 置信度: 1.0
2025-08-06 06:31:25,690 - INFO - 投票结果: 选择路径 0, 答案: 10, 置信度: 1.0
2025-08-06 06:31:25,691 - INFO - 投票结果: 选择路径 0, 答案: 17, 置信度: 1.0
2025-08-06 06:31:25,692 - INFO - 投票结果: 选择路径 0, 答案: 44, 置信度: 1.0
2025-08-06 06:31:25,693 - INFO - 投票结果: 选择路径 2, 答案: 4, 置信度: 0.5
2025-08-06 06:31:25,693 - INFO - 投票结果: 选择路径 0, 答案: 3, 置信度: 1.0
2025-08-06 06:31:25,694 - INFO - 投票结果: 选择路径 0, 答案: 40, 置信度: 1.0
2025-08-06 06:31:25,695 - INFO - 投票结果: 选择路径 0, 答案: 15, 置信度: 0.9
2025-08-06 06:31:25,696 - INFO - 投票结果: 选择路径 0, 答案: 10, 置信度: 0.9
2025-08-06 06:31:25,696 - INFO - 投票结果: 选择路径 0, 答案: 16, 置信度: 1.0
2025-08-06 06:31:25,697 - INFO - 投票结果: 选择路径 0, 答案: 28, 置信度: 1.0
2025-08-06 06:31:25,698 - INFO - 投票结果: 选择路径 0, 答案: 64, 置信度: 1.0
2025-08-06 06:31:25,699 - INFO - 投票结果: 选择路径 0, 答案: 1125, 置信度: 1.0
2025-08-06 06:31:25,699 - INFO - 投票结果: 选择路径 0, 答案: 8, 置信度: 0.9
2025-08-06 06:31:25,700 - INFO - 投票结果: 选择路径 0, 答案: 29, 置信度: 1.0
2025-08-06 06:31:25,701 - INFO - 投票结果: 选择路径 0, 答案: 16, 置信度: 1.0
2025-08-06 06:31:25,702 - INFO - 投票结果: 选择路径 0, 答案: 225, 置信度: 0.4
2025-08-06 06:31:25,703 - INFO - 投票结果: 选择路径 0, 答案: 360, 置信度: 0.6
2025-08-06 06:31:25,703 - INFO - 投票结果: 选择路径 0, 答案: 576, 置信度: 1.0
2025-08-06 06:31:25,704 - INFO - 投票结果: 选择路径 0, 答案: 34, 置信度: 1.0
2025-08-06 06:31:25,705 - INFO - 投票结果: 选择路径 1, 答案: 10, 置信度: 0.6
2025-08-06 06:31:25,706 - INFO - 投票结果: 选择路径 0, 答案: 9, 置信度: 0.7
2025-08-06 06:31:25,706 - INFO - 投票结果: 选择路径 0, 答案: 140, 置信度: 1.0
2025-08-06 06:31:25,707 - INFO - 投票结果: 选择路径 2, 答案: 40, 置信度: 0.6
2025-08-06 06:31:25,708 - INFO - 投票结果: 选择路径 0, 答案: 355, 置信度: 0.3
2025-08-06 06:31:25,709 - INFO - 投票结果: 选择路径 0, 答案: 16, 置信度: 0.8
2025-08-06 06:31:25,710 - INFO - 投票结果: 选择路径 0, 答案: 132, 置信度: 1.0
2025-08-06 06:31:25,710 - INFO - 投票结果: 选择路径 0, 答案: 64, 置信度: 1.0
2025-08-06 06:31:25,711 - INFO - 投票结果: 选择路径 0, 答案: 72, 置信度: 0.8
2025-08-06 06:31:25,712 - INFO - 投票结果: 选择路径 0, 答案: 8, 置信度: 1.0
2025-08-06 06:31:25,713 - INFO - 投票结果: 选择路径 0, 答案: 4, 置信度: 1.0
2025-08-06 06:31:25,713 - INFO - 投票结果: 选择路径 0, 答案: 120, 置信度: 1.0
2025-08-06 06:31:25,714 - INFO - 投票结果: 选择路径 0, 答案: 15, 置信度: 0.8
2025-08-06 06:31:25,715 - INFO - 投票结果: 选择路径 0, 答案: 539, 置信度: 0.9
2025-08-06 06:31:25,716 - INFO - 投票结果: 选择路径 6, 答案: 0, 置信度: 0.2
2025-08-06 06:31:25,716 - INFO - 投票结果: 选择路径 0, 答案: 2, 置信度: 1.0
2025-08-06 06:31:25,717 - INFO - 投票结果: 选择路径 0, 答案: 15, 置信度: 1.0
2025-08-06 06:31:25,718 - INFO - 投票结果: 选择路径 0, 答案: 17, 置信度: 0.7
2025-08-06 06:31:25,719 - INFO - 投票结果: 选择路径 0, 答案: 5, 置信度: 0.5
2025-08-06 06:31:25,720 - INFO - 投票结果: 选择路径 2, 答案: 7425, 置信度: 0.6
2025-08-06 06:31:25,720 - INFO - 投票结果: 选择路径 0, 答案: 8, 置信度: 1.0
2025-08-06 06:31:25,721 - INFO - 投票结果: 选择路径 0, 答案: 6, 置信度: 0.6
2025-08-06 06:31:25,722 - INFO - 投票结果: 选择路径 0, 答案: 100, 置信度: 0.7
2025-08-06 06:31:25,723 - INFO - 投票结果: 选择路径 0, 答案: 36, 置信度: 1.0
2025-08-06 06:31:25,723 - INFO - 投票结果: 选择路径 0, 答案: 20, 置信度: 0.8
2025-08-06 06:31:25,724 - INFO - 投票结果: 选择路径 0, 答案: 32, 置信度: 1.0
2025-08-06 06:31:25,725 - INFO - 投票结果: 选择路径 2, 答案: 45, 置信度: 0.6
2025-08-06 06:31:25,726 - INFO - 投票结果: 选择路径 0, 答案: 27, 置信度: 1.0
2025-08-06 06:31:25,726 - INFO - 投票结果: 选择路径 0, 答案: 7.5, 置信度: 0.9
2025-08-06 06:31:25,727 - INFO - 投票结果: 选择路径 0, 答案: 98, 置信度: 1.0
2025-08-06 06:31:25,728 - INFO - 投票结果: 选择路径 0, 答案: 4, 置信度: 0.8
2025-08-06 06:31:25,729 - INFO - 投票结果: 选择路径 1, 答案: 6, 置信度: 0.5
2025-08-06 06:31:25,730 - INFO - 投票结果: 选择路径 1, 答案: 14, 置信度: 0.6
2025-08-06 06:31:25,730 - INFO - 投票结果: 选择路径 0, 答案: 10, 置信度: 1.0
2025-08-06 06:31:25,731 - INFO - 投票结果: 选择路径 0, 答案: 250, 置信度: 0.5
2025-08-06 06:31:25,732 - INFO - 投票结果: 选择路径 0, 答案: 156, 置信度: 0.4
2025-08-06 06:31:25,733 - INFO - 投票结果: 选择路径 0, 答案: 1375, 置信度: 1.0
2025-08-06 06:31:25,733 - INFO - 投票结果: 选择路径 0, 答案: 8, 置信度: 1.0
2025-08-06 06:31:25,734 - INFO - 投票结果: 选择路径 0, 答案: 24500, 置信度: 0.2
2025-08-06 06:31:25,735 - INFO - 投票结果: 选择路径 0, 答案: 6, 置信度: 1.0
2025-08-06 06:31:25,736 - INFO - 投票结果: 选择路径 0, 答案: 840, 置信度: 1.0
2025-08-06 06:31:25,736 - INFO - 投票结果: 选择路径 0, 答案: 40, 置信度: 1.0
2025-08-06 06:31:25,737 - INFO - 投票结果: 选择路径 0, 答案: 300, 置信度: 0.3
2025-08-06 06:31:25,738 - INFO - 投票结果: 选择路径 0, 答案: 10, 置信度: 0.8
2025-08-06 06:31:25,739 - INFO - 投票结果: 选择路径 1, 答案: 490, 置信度: 0.5
2025-08-06 06:31:25,740 - INFO - 投票结果: 选择路径 0, 答案: 16, 置信度: 1.0
2025-08-06 06:31:25,740 - INFO - 投票结果: 选择路径 0, 答案: 17, 置信度: 1.0
2025-08-06 06:31:25,741 - INFO - 投票结果: 选择路径 0, 答案: 2, 置信度: 0.8
2025-08-06 06:31:25,742 - INFO - 投票结果: 选择路径 0, 答案: 14, 置信度: 1.0
2025-08-06 06:31:25,743 - INFO - 投票结果: 选择路径 0, 答案: 27, 置信度: 0.9
2025-08-06 06:31:25,743 - INFO - 投票结果: 选择路径 0, 答案: 84, 置信度: 1.0
2025-08-06 06:31:25,744 - INFO - 投票结果: 选择路径 0, 答案: 70, 置信度: 1.0
2025-08-06 06:31:25,745 - INFO - 投票结果: 选择路径 0, 答案: 20, 置信度: 1.0
2025-08-06 06:31:25,746 - INFO - 投票结果: 选择路径 0, 答案: 802, 置信度: 0.8
2025-08-06 06:31:25,746 - INFO - 投票结果: 选择路径 0, 答案: 15, 置信度: 0.5
2025-08-06 06:31:25,747 - INFO - 投票结果: 选择路径 2, 答案: 736, 置信度: 0.7
2025-08-06 06:31:25,748 - INFO - 投票结果: 选择路径 0, 答案: 42, 置信度: 0.8
2025-08-06 06:31:25,749 - INFO - 投票结果: 选择路径 0, 答案: 9, 置信度: 0.6
2025-08-06 06:31:25,750 - INFO - 投票结果: 选择路径 1, 答案: 34, 置信度: 0.4
2025-08-06 06:31:25,750 - INFO - 投票结果: 选择路径 1, 答案: 465, 置信度: 0.4
2025-08-06 06:31:25,751 - INFO - 投票结果: 选择路径 0, 答案: 17, 置信度: 0.5
2025-08-06 06:31:25,752 - INFO - 投票结果: 选择路径 0, 答案: 360, 置信度: 1.0
2025-08-06 06:31:25,753 - INFO - 投票结果: 选择路径 0, 答案: 10800, 置信度: 1.0
2025-08-06 06:31:25,754 - INFO - 投票结果: 选择路径 0, 答案: 26, 置信度: 0.3
2025-08-06 06:31:25,754 - INFO - 投票结果: 选择路径 2, 答案: 99156, 置信度: 0.2
2025-08-06 06:31:25,755 - INFO - 投票结果: 选择路径 0, 答案: 6, 置信度: 1.0
2025-08-06 06:31:25,756 - INFO - 投票结果: 选择路径 3, 答案: 20, 置信度: 0.7
2025-08-06 06:31:25,757 - INFO - 投票结果: 选择路径 0, 答案: 88, 置信度: 1.0
2025-08-06 06:31:25,757 - INFO - 投票结果: 选择路径 0, 答案: 12, 置信度: 1.0
2025-08-06 06:31:25,758 - INFO - 投票结果: 选择路径 1, 答案: 3, 置信度: 0.2
2025-08-06 06:31:25,759 - INFO - 投票结果: 选择路径 1, 答案: 16, 置信度: 0.7
2025-08-06 06:31:25,760 - INFO - 投票结果: 选择路径 1, 答案: 2, 置信度: 0.3
2025-08-06 06:31:25,761 - INFO - 投票结果: 选择路径 0, 答案: 30, 置信度: 0.2
2025-08-06 06:31:25,761 - INFO - 投票结果: 选择路径 0, 答案: 6, 置信度: 1.0
2025-08-06 06:31:25,762 - INFO - 投票结果: 选择路径 0, 答案: 4, 置信度: 1.0
2025-08-06 06:31:25,763 - INFO - 投票结果: 选择路径 0, 答案: 20, 置信度: 1.0
2025-08-06 06:31:25,764 - INFO - 投票结果: 选择路径 0, 答案: 800, 置信度: 1.0
2025-08-06 06:31:25,764 - INFO - 投票结果: 选择路径 0, 答案: 1, 置信度: 1.0
2025-08-06 06:31:25,765 - INFO - 投票结果: 选择路径 0, 答案: 50, 置信度: 1.0
2025-08-06 06:31:25,766 - INFO - 投票结果: 选择路径 0, 答案: 65.56, 置信度: 0.5
2025-08-06 06:31:25,767 - INFO - 投票结果: 选择路径 2, 答案: 7, 置信度: 0.6
2025-08-06 06:31:25,767 - INFO - 投票结果: 选择路径 0, 答案: 63, 置信度: 1.0
2025-08-06 06:31:25,768 - INFO - 投票结果: 选择路径 0, 答案: 9, 置信度: 1.0
2025-08-06 06:31:25,769 - INFO - 投票结果: 选择路径 0, 答案: 42, 置信度: 1.0
2025-08-06 06:31:25,770 - INFO - 投票结果: 选择路径 1, 答案: 5, 置信度: 0.9
2025-08-06 06:31:25,770 - INFO - 投票结果: 选择路径 0, 答案: 240, 置信度: 1.0
2025-08-06 06:31:25,771 - INFO - 投票结果: 选择路径 0, 答案: 1000, 置信度: 1.0
2025-08-06 06:31:25,772 - INFO - 投票结果: 选择路径 0, 答案: 109, 置信度: 0.9
2025-08-06 06:31:25,773 - INFO - 投票结果: 选择路径 0, 答案: 140, 置信度: 0.8
2025-08-06 06:31:25,774 - INFO - 投票结果: 选择路径 0, 答案: 55, 置信度: 1.0
2025-08-06 06:31:25,774 - INFO - 投票结果: 选择路径 0, 答案: 16, 置信度: 1.0
2025-08-06 06:31:25,775 - INFO - 投票结果: 选择路径 1, 答案: 112, 置信度: 0.5
2025-08-06 06:31:25,776 - INFO - 投票结果: 选择路径 0, 答案: 110, 置信度: 1.0
2025-08-06 06:31:25,777 - INFO - 投票结果: 选择路径 0, 答案: 13, 置信度: 1.0
2025-08-06 06:31:25,777 - INFO - 投票结果: 选择路径 1, 答案: 5, 置信度: 0.6
2025-08-06 06:31:25,778 - INFO - 投票结果: 选择路径 0, 答案: 48, 置信度: 1.0
2025-08-06 06:31:25,779 - INFO - 投票结果: 选择路径 0, 答案: 8, 置信度: 1.0
2025-08-06 06:31:25,780 - INFO - 投票结果: 选择路径 0, 答案: 8, 置信度: 1.0
2025-08-06 06:31:25,780 - INFO - 投票结果: 选择路径 0, 答案: 56, 置信度: 1.0
2025-08-06 06:31:25,781 - INFO - 投票结果: 选择路径 0, 答案: 3, 置信度: 1.0
2025-08-06 06:31:25,782 - INFO - 投票结果: 选择路径 0, 答案: 42, 置信度: 0.8
2025-08-06 06:31:25,783 - INFO - 投票结果: 选择路径 0, 答案: 4, 置信度: 0.6
2025-08-06 06:31:25,783 - INFO - 投票结果: 选择路径 0, 答案: 20000, 置信度: 1.0
2025-08-06 06:31:25,784 - INFO - 投票结果: 选择路径 2, 答案: 9, 置信度: 0.8
2025-08-06 06:31:25,785 - INFO - 投票结果: 选择路径 0, 答案: 52, 置信度: 1.0
2025-08-06 06:31:25,786 - INFO - 投票结果: 选择路径 1, 答案: 30, 置信度: 0.6
2025-08-06 06:31:25,787 - INFO - 投票结果: 选择路径 5, 答案: 110000, 置信度: 0.3
2025-08-06 06:31:25,787 - INFO - 投票结果: 选择路径 0, 答案: 45, 置信度: 1.0
2025-08-06 06:31:25,788 - INFO - 投票结果: 选择路径 0, 答案: 1, 置信度: 0.5
2025-08-06 06:31:25,789 - INFO - 投票结果: 选择路径 0, 答案: 5600, 置信度: 0.8
2025-08-06 06:31:25,790 - INFO - 投票结果: 选择路径 0, 答案: 7, 置信度: 1.0
2025-08-06 06:31:25,790 - INFO - 投票结果: 选择路径 0, 答案: 25, 置信度: 0.9
2025-08-06 06:31:25,791 - INFO - 投票结果: 选择路径 0, 答案: -91, 置信度: 0.4
2025-08-06 06:31:25,792 - INFO - 投票结果: 选择路径 0, 答案: 180, 置信度: 0.8
2025-08-06 06:31:25,793 - INFO - 投票结果: 选择路径 0, 答案: 24, 置信度: 0.7
2025-08-06 06:31:25,793 - INFO - 投票结果: 选择路径 0, 答案: 6, 置信度: 0.8
2025-08-06 06:31:25,794 - INFO - 投票结果: 选择路径 0, 答案: 40, 置信度: 1.0
2025-08-06 06:31:25,795 - INFO - 投票结果: 选择路径 0, 答案: -3, 置信度: 1.0
2025-08-06 06:31:25,796 - INFO - 投票结果: 选择路径 0, 答案: 224, 置信度: 0.6
2025-08-06 06:31:25,797 - INFO - 投票结果: 选择路径 0, 答案: 227, 置信度: 1.0
2025-08-06 06:31:25,797 - INFO - 投票结果: 选择路径 0, 答案: 762, 置信度: 1.0
2025-08-06 06:31:25,798 - INFO - 投票结果: 选择路径 1, 答案: 34, 置信度: 0.9
2025-08-06 06:31:25,799 - INFO - 投票结果: 选择路径 0, 答案: 2, 置信度: 0.9
2025-08-06 06:31:25,800 - INFO - 投票结果: 选择路径 0, 答案: 2, 置信度: 0.9
2025-08-06 06:31:25,800 - INFO - 投票结果: 选择路径 2, 答案: 23, 置信度: 0.4
2025-08-06 06:31:25,801 - INFO - 投票结果: 选择路径 0, 答案: 4, 置信度: 1.0
2025-08-06 06:31:25,802 - INFO - 投票结果: 选择路径 0, 答案: 110, 置信度: 1.0
2025-08-06 06:31:25,803 - INFO - 投票结果: 选择路径 0, 答案: 750, 置信度: 0.9
2025-08-06 06:31:25,803 - INFO - 投票结果: 选择路径 0, 答案: 240, 置信度: 0.6
2025-08-06 06:31:25,804 - INFO - 投票结果: 选择路径 0, 答案: 800, 置信度: 0.3
2025-08-06 06:31:25,805 - INFO - 投票结果: 选择路径 0, 答案: 105, 置信度: 0.8
2025-08-06 06:31:25,806 - INFO - 投票结果: 选择路径 0, 答案: 120, 置信度: 1.0
2025-08-06 06:31:25,807 - INFO - 投票结果: 选择路径 0, 答案: 240, 置信度: 1.0
2025-08-06 06:31:25,807 - INFO - 投票结果: 选择路径 0, 答案: 4000, 置信度: 0.4
2025-08-06 06:31:25,808 - INFO - 投票结果: 选择路径 0, 答案: 60, 置信度: 1.0
2025-08-06 06:31:25,809 - INFO - 投票结果: 选择路径 0, 答案: 36, 置信度: 0.8
2025-08-06 06:31:25,810 - INFO - 投票结果: 选择路径 0, 答案: 80, 置信度: 0.9
2025-08-06 06:31:25,810 - INFO - 投票结果: 选择路径 0, 答案: 4, 置信度: 0.4
2025-08-06 06:31:25,811 - INFO - 投票结果: 选择路径 0, 答案: 32, 置信度: 0.9
2025-08-06 06:31:25,812 - INFO - 投票结果: 选择路径 0, 答案: 940, 置信度: 0.7
2025-08-06 06:31:25,813 - INFO - 投票结果: 选择路径 0, 答案: 84, 置信度: 1.0
2025-08-06 06:31:25,813 - INFO - 投票结果: 选择路径 0, 答案: 2, 置信度: 1.0
2025-08-06 06:31:25,814 - INFO - 投票结果: 选择路径 0, 答案: 32, 置信度: 1.0
2025-08-06 06:31:25,815 - INFO - 投票结果: 选择路径 2, 答案: 12, 置信度: 0.6
2025-08-06 06:31:25,816 - INFO - 投票结果: 选择路径 0, 答案: 6, 置信度: 0.6
2025-08-06 06:31:25,817 - INFO - 投票结果: 选择路径 1, 答案: 14, 置信度: 0.3
2025-08-06 06:31:25,818 - INFO - 投票结果: 选择路径 0, 答案: 14, 置信度: 1.0
2025-08-06 06:31:25,818 - INFO - 投票结果: 选择路径 0, 答案: 448, 置信度: 0.9
2025-08-06 06:31:25,819 - INFO - 投票结果: 选择路径 0, 答案: 12, 置信度: 1.0
2025-08-06 06:31:25,820 - INFO - 投票结果: 选择路径 1, 答案: 1110, 置信度: 0.8
2025-08-06 06:31:25,821 - INFO - 投票结果: 选择路径 0, 答案: 2, 置信度: 0.8
2025-08-06 06:31:25,821 - INFO - 投票结果: 选择路径 0, 答案: 6, 置信度: 0.9
2025-08-06 06:31:25,822 - INFO - 投票结果: 选择路径 1, 答案: 28, 置信度: 0.8
2025-08-06 06:31:25,823 - INFO - 投票结果: 选择路径 0, 答案: 1200, 置信度: 0.8
2025-08-06 06:31:25,824 - INFO - 投票结果: 选择路径 0, 答案: 32, 置信度: 1.0
2025-08-06 06:31:25,825 - INFO - 投票结果: 选择路径 1, 答案: 60, 置信度: 0.9
2025-08-06 06:31:25,826 - INFO - 投票结果: 选择路径 0, 答案: 90, 置信度: 1.0
2025-08-06 06:31:25,826 - INFO - 投票结果: 选择路径 0, 答案: 104, 置信度: 0.4
2025-08-06 06:31:25,827 - INFO - 投票结果: 选择路径 0, 答案: 270, 置信度: 1.0
2025-08-06 06:31:25,828 - INFO - 投票结果: 选择路径 0, 答案: 5600, 置信度: 0.7
2025-08-06 06:31:25,829 - INFO - 投票结果: 选择路径 0, 答案: 72, 置信度: 1.0
2025-08-06 06:31:25,830 - INFO - 投票结果: 选择路径 0, 答案: 400, 置信度: 0.8
2025-08-06 06:31:25,830 - INFO - 投票结果: 选择路径 0, 答案: 12, 置信度: 0.9
2025-08-06 06:31:25,831 - INFO - 投票结果: 选择路径 0, 答案: 15, 置信度: 0.6
2025-08-06 06:31:25,832 - INFO - 投票结果: 选择路径 1, 答案: 54, 置信度: 0.8
2025-08-06 06:31:25,833 - INFO - 投票结果: 选择路径 0, 答案: 50, 置信度: 0.4
2025-08-06 06:31:25,833 - INFO - 投票结果: 选择路径 0, 答案: 4, 置信度: 0.9
2025-08-06 06:31:25,834 - INFO - 投票结果: 选择路径 0, 答案: 4, 置信度: 1.0
2025-08-06 06:31:25,835 - INFO - 投票结果: 选择路径 0, 答案: 17500, 置信度: 1.0
2025-08-06 06:31:25,836 - INFO - 投票结果: 选择路径 0, 答案: 8, 置信度: 1.0
2025-08-06 06:31:25,836 - INFO - 投票结果: 选择路径 0, 答案: 21, 置信度: 1.0
2025-08-06 06:31:25,837 - INFO - 投票结果: 选择路径 0, 答案: 9, 置信度: 0.2
2025-08-06 06:31:25,838 - INFO - 投票结果: 选择路径 0, 答案: 1, 置信度: 1.0
2025-08-06 06:31:25,839 - INFO - 投票结果: 选择路径 0, 答案: 193, 置信度: 1.0
2025-08-06 06:31:25,839 - INFO - 投票结果: 选择路径 0, 答案: 3, 置信度: 1.0
2025-08-06 06:31:25,840 - INFO - 投票结果: 选择路径 0, 答案: 75000, 置信度: 0.1
2025-08-06 06:31:25,841 - INFO - 投票结果: 选择路径 0, 答案: 24, 置信度: 1.0
2025-08-06 06:31:25,842 - INFO - 投票结果: 选择路径 1, 答案: 31, 置信度: 0.4
2025-08-06 06:31:25,843 - INFO - 投票结果: 选择路径 0, 答案: 490, 置信度: 1.0
2025-08-06 06:31:25,843 - INFO - 投票结果: 选择路径 2, 答案: 19, 置信度: 0.4
2025-08-06 06:31:25,844 - INFO - 投票结果: 选择路径 1, 答案: 60, 置信度: 0.4
2025-08-06 06:31:25,845 - INFO - 投票结果: 选择路径 0, 答案: 17, 置信度: 0.9
2025-08-06 06:31:25,846 - INFO - 投票结果: 选择路径 5, 答案: 6850000, 置信度: 0.4
2025-08-06 06:31:25,846 - INFO - 投票结果: 选择路径 0, 答案: 15, 置信度: 1.0
2025-08-06 06:31:25,847 - INFO - 投票结果: 选择路径 0, 答案: 80, 置信度: 0.9
2025-08-06 06:31:25,848 - INFO - 投票结果: 选择路径 1, 答案: 18, 置信度: 0.7
2025-08-06 06:31:25,849 - INFO - 投票结果: 选择路径 0, 答案: 30, 置信度: 1.0
2025-08-06 06:31:25,849 - INFO - 投票结果: 选择路径 0, 答案: 60, 置信度: 1.0
2025-08-06 06:31:25,850 - INFO - 投票结果: 选择路径 0, 答案: 260, 置信度: 1.0
2025-08-06 06:31:25,851 - INFO - 投票结果: 选择路径 0, 答案: 60, 置信度: 1.0
2025-08-06 06:31:25,852 - INFO - 投票结果: 选择路径 0, 答案: 75, 置信度: 0.9
2025-08-06 06:31:25,853 - INFO - 投票结果: 选择路径 0, 答案: 25, 置信度: 1.0
2025-08-06 06:31:25,853 - INFO - 投票结果: 选择路径 2, 答案: 84, 置信度: 0.3
2025-08-06 06:31:25,854 - INFO - 投票结果: 选择路径 0, 答案: 5, 置信度: 1.0
2025-08-06 06:31:25,855 - INFO - 投票结果: 选择路径 2, 答案: 84, 置信度: 0.6
2025-08-06 06:31:25,856 - INFO - 投票结果: 选择路径 0, 答案: 7, 置信度: 0.8
2025-08-06 06:31:25,856 - INFO - 投票结果: 选择路径 0, 答案: 2, 置信度: 1.0
2025-08-06 06:31:25,857 - INFO - 投票结果: 选择路径 0, 答案: 21, 置信度: 0.9
2025-08-06 06:31:25,858 - INFO - 投票结果: 选择路径 0, 答案: 8, 置信度: 1.0
2025-08-06 06:31:25,859 - INFO - 投票结果: 选择路径 2, 答案: 50, 置信度: 0.5
2025-08-06 06:31:25,859 - INFO - 投票结果: 选择路径 0, 答案: 90000, 置信度: 1.0
2025-08-06 06:31:25,860 - INFO - 投票结果: 选择路径 0, 答案: 2, 置信度: 1.0
2025-08-06 06:31:25,861 - INFO - 投票结果: 选择路径 1, 答案: 60, 置信度: 0.3
2025-08-06 06:31:25,862 - INFO - 投票结果: 选择路径 0, 答案: 2, 置信度: 0.5
2025-08-06 06:31:25,862 - INFO - 投票结果: 选择路径 0, 答案: 100, 置信度: 1.0
2025-08-06 06:31:25,863 - INFO - 投票结果: 选择路径 0, 答案: 30, 置信度: 1.0
2025-08-06 06:31:25,864 - INFO - 投票结果: 选择路径 0, 答案: 8, 置信度: 1.0
2025-08-06 06:31:25,865 - INFO - 投票结果: 选择路径 0, 答案: 31, 置信度: 1.0
2025-08-06 06:31:25,866 - INFO - 投票结果: 选择路径 1, 答案: 156000, 置信度: 0.2
2025-08-06 06:31:25,866 - INFO - 投票结果: 选择路径 0, 答案: 180, 置信度: 1.0
2025-08-06 06:31:25,867 - INFO - 投票结果: 选择路径 0, 答案: 3, 置信度: 1.0
2025-08-06 06:31:25,868 - INFO - 投票结果: 选择路径 0, 答案: 5, 置信度: 0.9
2025-08-06 06:31:25,869 - INFO - 投票结果: 选择路径 0, 答案: 5, 置信度: 0.9
2025-08-06 06:31:25,870 - INFO - 投票结果: 选择路径 0, 答案: 130000, 置信度: 1.0
2025-08-06 06:31:25,870 - INFO - 投票结果: 选择路径 0, 答案: 68, 置信度: 0.9
2025-08-06 06:31:25,871 - INFO - 投票结果: 选择路径 0, 答案: 78, 置信度: 1.0
2025-08-06 06:31:25,872 - INFO - 投票结果: 选择路径 0, 答案: 28, 置信度: 1.0
2025-08-06 06:31:25,873 - INFO - 投票结果: 选择路径 0, 答案: 15, 置信度: 1.0
2025-08-06 06:31:25,873 - INFO - 投票结果: 选择路径 1, 答案: 320, 置信度: 0.3
2025-08-06 06:31:25,874 - INFO - 投票结果: 选择路径 1, 答案: 7000, 置信度: 0.4
2025-08-06 06:31:25,875 - INFO - 投票结果: 选择路径 0, 答案: 600, 置信度: 0.3
2025-08-06 06:31:25,876 - INFO - 投票结果: 选择路径 0, 答案: 18, 置信度: 1.0
2025-08-06 06:31:25,877 - INFO - 投票结果: 选择路径 0, 答案: 90, 置信度: 1.0
2025-08-06 06:31:25,877 - INFO - 投票结果: 选择路径 0, 答案: 31, 置信度: 0.8
2025-08-06 06:31:25,878 - INFO - 投票结果: 选择路径 4, 答案: 200, 置信度: 0.3
2025-08-06 06:31:25,879 - INFO - 投票结果: 选择路径 2, 答案: 180, 置信度: 0.6
2025-08-06 06:31:25,880 - INFO - 投票结果: 选择路径 0, 答案: 7, 置信度: 1.0
2025-08-06 06:31:25,880 - INFO - 投票结果: 选择路径 0, 答案: 75, 置信度: 0.9
2025-08-06 06:31:25,881 - INFO - 投票结果: 选择路径 0, 答案: 650, 置信度: 0.9
2025-08-06 06:31:25,882 - INFO - 投票结果: 选择路径 1, 答案: 310, 置信度: 0.5
2025-08-06 06:31:25,883 - INFO - 投票结果: 选择路径 0, 答案: 12, 置信度: 0.8
2025-08-06 06:31:25,884 - INFO - 投票结果: 选择路径 0, 答案: 5, 置信度: 1.0
2025-08-06 06:31:25,884 - INFO - 投票结果: 选择路径 0, 答案: 29, 置信度: 1.0
2025-08-06 06:31:25,885 - INFO - 投票结果: 选择路径 0, 答案: 140, 置信度: 0.9
2025-08-06 06:31:25,886 - INFO - 投票结果: 选择路径 0, 答案: 30, 置信度: 1.0
2025-08-06 06:31:25,887 - INFO - 投票结果: 选择路径 0, 答案: 40, 置信度: 0.8
2025-08-06 06:31:25,887 - INFO - 投票结果: 选择路径 0, 答案: 100, 置信度: 1.0
2025-08-06 06:31:25,888 - INFO - 投票结果: 选择路径 0, 答案: 35, 置信度: 0.9
2025-08-06 06:31:25,889 - INFO - 投票结果: 选择路径 0, 答案: 79, 置信度: 1.0
2025-08-06 06:31:25,890 - INFO - 投票结果: 选择路径 0, 答案: 2, 置信度: 0.4
2025-08-06 06:31:25,890 - INFO - 投票结果: 选择路径 0, 答案: 4, 置信度: 1.0
2025-08-06 06:31:25,891 - INFO - 投票结果: 选择路径 0, 答案: 6, 置信度: 0.8
2025-08-06 06:31:25,892 - INFO - 投票结果: 选择路径 0, 答案: 32, 置信度: 1.0
2025-08-06 06:31:25,893 - INFO - 投票结果: 选择路径 0, 答案: 112, 置信度: 1.0
2025-08-06 06:31:25,893 - INFO - 投票结果: 选择路径 0, 答案: 54, 置信度: 0.5
2025-08-06 06:31:25,894 - INFO - 投票结果: 选择路径 0, 答案: 450, 置信度: 0.9
2025-08-06 06:31:25,895 - INFO - 投票结果: 选择路径 0, 答案: 6000, 置信度: 0.4
2025-08-06 06:31:25,896 - INFO - 投票结果: 选择路径 0, 答案: 450, 置信度: 1.0
2025-08-06 06:31:25,897 - INFO - 投票结果: 选择路径 0, 答案: 6, 置信度: 1.0
2025-08-06 06:31:25,897 - INFO - 投票结果: 选择路径 0, 答案: 14, 置信度: 0.5
2025-08-06 06:31:25,898 - INFO - 投票结果: 选择路径 0, 答案: 144, 置信度: 1.0
2025-08-06 06:31:25,899 - INFO - 投票结果: 选择路径 0, 答案: 8, 置信度: 1.0
2025-08-06 06:31:25,900 - INFO - 投票结果: 选择路径 0, 答案: 2125, 置信度: 1.0
2025-08-06 06:31:25,900 - INFO - 投票结果: 选择路径 0, 答案: 65, 置信度: 0.7
2025-08-06 06:31:25,901 - INFO - 投票结果: 选择路径 0, 答案: 13, 置信度: 1.0
2025-08-06 06:31:25,902 - INFO - 投票结果: 选择路径 1, 答案: 112, 置信度: 0.5
2025-08-06 06:31:25,903 - INFO - 投票结果: 选择路径 0, 答案: 133, 置信度: 1.0
2025-08-06 06:31:25,903 - INFO - 投票结果: 选择路径 0, 答案: 100, 置信度: 1.0
2025-08-06 06:31:25,904 - INFO - 投票结果: 选择路径 0, 答案: 350, 置信度: 1.0
2025-08-06 06:31:25,905 - INFO - 投票结果: 选择路径 0, 答案: 44.4, 置信度: 1.0
2025-08-06 06:31:25,906 - INFO - 投票结果: 选择路径 0, 答案: 105, 置信度: 1.0
2025-08-06 06:31:25,907 - INFO - 投票结果: 选择路径 0, 答案: 8, 置信度: 0.5
2025-08-06 06:31:25,907 - INFO - 投票结果: 选择路径 0, 答案: 860, 置信度: 1.0
2025-08-06 06:31:25,908 - INFO - 投票结果: 选择路径 0, 答案: 72, 置信度: 1.0
2025-08-06 06:31:25,909 - INFO - 投票结果: 选择路径 0, 答案: 50, 置信度: 0.2
2025-08-06 06:31:25,910 - INFO - 投票结果: 选择路径 0, 答案: 1, 置信度: 1.0
2025-08-06 06:31:25,910 - INFO - 投票结果: 选择路径 3, 答案: 1, 置信度: 0.3
2025-08-06 06:31:25,911 - INFO - 投票结果: 选择路径 0, 答案: 36, 置信度: 0.6
2025-08-06 06:31:25,912 - INFO - 投票结果: 选择路径 0, 答案: 140, 置信度: 0.9
2025-08-06 06:31:25,913 - INFO - 投票结果: 选择路径 0, 答案: 20, 置信度: 0.5
2025-08-06 06:31:25,913 - INFO - 投票结果: 选择路径 3, 答案: 1800, 置信度: 0.3
2025-08-06 06:31:25,914 - INFO - 投票结果: 选择路径 1, 答案: 25, 置信度: 0.8
2025-08-06 06:31:25,915 - INFO - 投票结果: 选择路径 0, 答案: 147, 置信度: 1.0
2025-08-06 06:31:25,916 - INFO - 投票结果: 选择路径 0, 答案: 10, 置信度: 1.0
2025-08-06 06:31:25,916 - INFO - 投票结果: 选择路径 0, 答案: 25, 置信度: 1.0
2025-08-06 06:31:25,917 - INFO - 投票结果: 选择路径 0, 答案: 32, 置信度: 1.0
2025-08-06 06:31:25,918 - INFO - 投票结果: 选择路径 0, 答案: 276, 置信度: 1.0
2025-08-06 06:31:25,919 - INFO - 投票结果: 选择路径 4, 答案: 16, 置信度: 0.3
2025-08-06 06:31:25,920 - INFO - 投票结果: 选择路径 1, 答案: 30, 置信度: 0.9
2025-08-06 06:31:25,920 - INFO - 投票结果: 选择路径 0, 答案: 280, 置信度: 0.8
2025-08-06 06:31:25,921 - INFO - 投票结果: 选择路径 0, 答案: 8000, 置信度: 0.9
2025-08-06 06:31:25,922 - INFO - 投票结果: 选择路径 0, 答案: 50, 置信度: 0.5
2025-08-06 06:31:25,923 - INFO - 投票结果: 选择路径 2, 答案: 84, 置信度: 0.5
2025-08-06 06:31:25,923 - INFO - 投票结果: 选择路径 0, 答案: 50, 置信度: 1.0
2025-08-06 06:31:25,924 - INFO - 投票结果: 选择路径 0, 答案: 50, 置信度: 1.0
2025-08-06 06:31:25,925 - INFO - 投票结果: 选择路径 0, 答案: 320, 置信度: 1.0
2025-08-06 06:31:25,926 - INFO - 投票结果: 选择路径 0, 答案: 38, 置信度: 1.0
2025-08-06 06:31:25,927 - INFO - 投票结果: 选择路径 1, 答案: 34, 置信度: 0.7
2025-08-06 06:31:25,927 - INFO - 投票结果: 选择路径 0, 答案: 594, 置信度: 1.0
2025-08-06 06:31:25,928 - INFO - 投票结果: 选择路径 0, 答案: 36, 置信度: 0.3
2025-08-06 06:31:25,929 - INFO - 投票结果: 选择路径 0, 答案: 98, 置信度: 1.0
2025-08-06 06:31:25,930 - INFO - 投票结果: 选择路径 0, 答案: 123, 置信度: 1.0
2025-08-06 06:31:25,930 - INFO - 投票结果: 选择路径 0, 答案: 27, 置信度: 1.0
2025-08-06 06:31:25,931 - INFO - 投票结果: 选择路径 0, 答案: 145, 置信度: 1.0
2025-08-06 06:31:25,932 - INFO - 投票结果: 选择路径 0, 答案: 23, 置信度: 0.9
2025-08-06 06:31:25,933 - INFO - 投票结果: 选择路径 1, 答案: 14, 置信度: 0.5
2025-08-06 06:31:25,933 - INFO - 投票结果: 选择路径 0, 答案: 18, 置信度: 0.4
2025-08-06 06:31:25,934 - INFO - 投票结果: 选择路径 0, 答案: 21, 置信度: 1.0
2025-08-06 06:31:25,935 - INFO - 投票结果: 选择路径 0, 答案: 40000, 置信度: 1.0
2025-08-06 06:31:25,936 - INFO - 投票结果: 选择路径 0, 答案: 90, 置信度: 0.5
2025-08-06 06:31:25,936 - INFO - 投票结果: 选择路径 0, 答案: 11050, 置信度: 0.7
2025-08-06 06:31:25,937 - INFO - 投票结果: 选择路径 0, 答案: 1520, 置信度: 1.0
2025-08-06 06:31:25,938 - INFO - 投票结果: 选择路径 1, 答案: 32, 置信度: 0.4
2025-08-06 06:31:25,939 - INFO - 投票结果: 选择路径 0, 答案: 8000, 置信度: 0.5
2025-08-06 06:31:25,940 - INFO - 投票结果: 选择路径 0, 答案: 93, 置信度: 1.0
2025-08-06 06:31:25,940 - INFO - 投票结果: 选择路径 0, 答案: 40, 置信度: 0.8
2025-08-06 06:31:25,941 - INFO - 投票结果: 选择路径 0, 答案: 15, 置信度: 1.0
2025-08-06 06:31:25,942 - INFO - 投票结果: 选择路径 0, 答案: 66, 置信度: 1.0
2025-08-06 06:31:25,943 - INFO - 投票结果: 选择路径 0, 答案: 5, 置信度: 1.0
2025-08-06 06:31:25,943 - INFO - 投票结果: 选择路径 0, 答案: 5, 置信度: 1.0
2025-08-06 06:31:25,944 - INFO - 投票结果: 选择路径 0, 答案: 0.5, 置信度: 0.6
2025-08-06 06:31:25,945 - INFO - 投票结果: 选择路径 0, 答案: 1430, 置信度: 1.0
2025-08-06 06:31:25,946 - INFO - 投票结果: 选择路径 0, 答案: 36, 置信度: 1.0
2025-08-06 06:31:25,946 - INFO - 投票结果: 选择路径 0, 答案: 80, 置信度: 1.0
2025-08-06 06:31:25,947 - INFO - 投票结果: 选择路径 0, 答案: 29, 置信度: 1.0
2025-08-06 06:31:25,948 - INFO - 投票结果: 选择路径 0, 答案: 122, 置信度: 1.0
2025-08-06 06:31:25,949 - INFO - 投票结果: 选择路径 0, 答案: 60, 置信度: 1.0
2025-08-06 06:31:25,949 - INFO - 投票结果: 选择路径 0, 答案: 145, 置信度: 0.6
2025-08-06 06:31:25,950 - INFO - 投票结果: 选择路径 0, 答案: 21, 置信度: 1.0
2025-08-06 06:31:25,951 - INFO - 投票结果: 选择路径 0, 答案: 45, 置信度: 1.0
2025-08-06 06:31:25,952 - INFO - 投票结果: 选择路径 0, 答案: 273, 置信度: 1.0
2025-08-06 06:31:25,952 - INFO - 投票结果: 选择路径 2, 答案: 12, 置信度: 0.4
2025-08-06 06:31:25,953 - INFO - 投票结果: 选择路径 0, 答案: 5, 置信度: 0.9
2025-08-06 06:31:25,954 - INFO - 投票结果: 选择路径 0, 答案: 1, 置信度: 0.9
2025-08-06 06:31:25,955 - INFO - 投票结果: 选择路径 1, 答案: 2280, 置信度: 0.4
2025-08-06 06:31:25,955 - INFO - 
==================================================
2025-08-06 06:31:25,956 - INFO - 样本 5: Dominick went to his team's changing room and saw half as many robots as helmets and half as many he...
2025-08-06 06:31:25,957 - INFO - 参考答案: If the number of helmets was 20, there were 2 footballs/helmet * 20 helmets = <<20*2=40>>40 footballs
There were half as many robots as helmets, so in total, there were 1 robot/2 helmets * 20 helmets = <<1/2*20=10>>10 robots.
The total number of items in the changing room is 10 robots + 40 footballs + 20 helmets = <<10+40+20=70>>70 items
#### 70
2025-08-06 06:31:25,958 - INFO - 提取参考答案: 70
2025-08-06 06:31:25,958 - INFO - 生成答案: 

Step 1:First, read the problem and identify what we need to find. We need to find the total number of items Dominick saw.

Step 2:Next, set up equations and perform the calculations. Since there wer...
2025-08-06 06:31:25,959 - INFO - 提取答案: 100
2025-08-06 06:31:25,960 - INFO - 投票统计: {'voting_method': 'majority', 'best_answer': '100', 'vote_count': 7, 'total_paths': 10, 'valid_paths': 10, 'confidence': 0.7, 'answer_distribution': {'70': 3, '100': 7}, 'selected_path_idx': 1}
2025-08-06 06:31:25,960 - INFO - ==================================================
2025-08-06 06:31:25,961 - INFO - 
==================================================
2025-08-06 06:31:25,962 - INFO - 样本 9: Joe has $50 to buy an outfit for his new field trip. There is a 30% off sale at the clothing store. ...
2025-08-06 06:31:25,962 - INFO - 参考答案: The price of the two clothing items totals 35 + 25 = <<35+25=60>>60 dollars before discount.
The total sale discount comes to 60 * 0.3 = <<60*0.3=18>>18 dollars.
The final sale price comes to 60 - 18 = <<60-18=42>>42 dollars.
Joe ends up with 50 - 42 = <<50-42=8>>8 dollars change.
#### 8
2025-08-06 06:31:25,963 - INFO - 提取参考答案: 8
2025-08-06 06:31:25,964 - INFO - 生成答案: 

Step 1:First, read the problem and identify what we need to find. We need to find the amount of money Joe will have left after the purchase.

Step 2:Next, set up equations and perform the calculatio...
2025-08-06 06:31:25,964 - INFO - 提取答案: 4.64
2025-08-06 06:31:25,965 - INFO - 投票统计: {'voting_method': 'majority', 'best_answer': '4.64', 'vote_count': 8, 'total_paths': 10, 'valid_paths': 10, 'confidence': 0.8, 'answer_distribution': {'4.64': 8, '0': 2}, 'selected_path_idx': 0}
2025-08-06 06:31:25,966 - INFO - ==================================================
2025-08-06 06:31:25,967 - INFO - 
==================================================
2025-08-06 06:31:25,967 - INFO - 样本 13: Christina records her mood every day on a calendar. Over the past thirty days of moods, she had twel...
2025-08-06 06:31:25,968 - INFO - 参考答案: Christina had 30 - 12 - 8 = <<30-12-8=10>>10 neutral days in the month.
After the first three 8-day periods, she had 30 - 8 * 3 = 30 - 24 = <<30-8*3=6>>6 days of moods left.
Of those days, 12 - 8 = <<12-8=4>>4 days were good.
After the next 3 days with 2 good days, Christina had 4 - 2 = <<4-2=2>>2 good days left.
#### 2
2025-08-06 06:31:25,969 - INFO - 提取参考答案: 2
2025-08-06 06:31:25,969 - INFO - 生成答案: 

Step 1:First, read the problem and identify what we need to find. We need to find the number of good days left in the month.

Step 2:Next, set up equations and perform the calculations. Christina ha...
2025-08-06 06:31:25,970 - INFO - 提取答案: 7
2025-08-06 06:31:25,971 - INFO - 投票统计: {'voting_method': 'majority', 'best_answer': '7', 'vote_count': 3, 'total_paths': 10, 'valid_paths': 10, 'confidence': 0.3, 'answer_distribution': {'7': 3, '11': 1, '1': 3, '3': 1, '0': 1, '2': 1}, 'selected_path_idx': 0}
2025-08-06 06:31:25,972 - INFO - ==================================================
2025-08-06 06:31:25,972 - INFO - 
==================================================
2025-08-06 06:31:25,973 - INFO - 样本 14: Valerie earns $5000 per month, 1/2 of what her brother earns. If their mother earns twice their comb...
2025-08-06 06:31:25,974 - INFO - 参考答案: Valerie's brother earns 2 * $5000 = $<<2*5000=10000>>10000
Their combined salary is $5000+$10000 = $<<5000+10000=15000>>15000
Their mother earn twice their combined earnings, which is 2*$15000 = $<<2*15000=30000>>30000
The total amount of money they all have is $15000+$30000 = $<<15000+30000=45000>>45000
#### 45000
2025-08-06 06:31:25,974 - INFO - 提取参考答案: 45000
2025-08-06 06:31:25,975 - INFO - 生成答案: 

Step 1:First, read the problem and identify what we need to find. We need to find the total amount of money Valerie, her brother, and their mother have together.

Step 2:Next, set up equations and p...
2025-08-06 06:31:25,976 - INFO - 提取答案: 42000
2025-08-06 06:31:25,977 - INFO - 投票统计: {'voting_method': 'majority', 'best_answer': '42000', 'vote_count': 5, 'total_paths': 10, 'valid_paths': 10, 'confidence': 0.5, 'answer_distribution': {'45000': 2, '42000': 5, '38000': 2, '40000': 1}, 'selected_path_idx': 2}
2025-08-06 06:31:25,977 - INFO - ==================================================
2025-08-06 06:31:25,978 - INFO - 
==================================================
2025-08-06 06:31:25,979 - INFO - 样本 21: Tatiana is deciding how much of her weekend she wants to spend playing soccer. She has 7 hours on Sa...
2025-08-06 06:31:25,979 - INFO - 参考答案: She has 12 hours for her activities because 7 + 5 = <<7+5=12>>12
After reading, she has 9 hours left because 12 - 3 = <<12-3=9>>9
She spends 3 hours playing video games because 9 x (1/3) = <<9*(1/3)=3>>3
After video games she has 6 hours left for soccer because 9 - 3 = <<6=6>>6
The proportion of time spend on soccer is .5 because 6 / 12 = <<6/12=.5>>.5
The percentage of time spent on soccer is 50 because .5 x 100 = <<50=50>>50
#### 50
2025-08-06 06:31:25,980 - INFO - 提取参考答案: 50
2025-08-06 06:31:25,981 - INFO - 生成答案: 

Step 1:First, read the problem and identify what we need to find. We need to find the percentage of Tatiana's weekend that she spends playing soccer.

Step 2:Next, set up equations and perform the c...
2025-08-06 06:31:25,981 - INFO - 提取答案: 33.33
2025-08-06 06:31:25,982 - INFO - 投票统计: {'voting_method': 'majority', 'best_answer': '33.33', 'vote_count': 7, 'total_paths': 10, 'valid_paths': 10, 'confidence': 0.7, 'answer_distribution': {'33.33': 7, '58.33': 2, '50': 1}, 'selected_path_idx': 0}
2025-08-06 06:31:25,983 - INFO - ==================================================
2025-08-06 06:31:25,984 - INFO - 
==================================================
2025-08-06 06:31:25,984 - INFO - 样本 23: A merchant wants to make a choice of purchase between 2 purchase plans: jewelry worth $5,000 or elec...
2025-08-06 06:31:25,985 - INFO - 参考答案: If he purchases jewelry, he will make a profit of 2.5% which is $5000*(2.5/100) = $<<5000*(2.5/100)=125>>125
If he purchases electronic gadgets, he will make a profit of 1.2% which is $8000*(1.2/100) = $<<8000*(1.2/100)=96>>96
If he wants to maximize profit, since $125 > $96, he will choose to purchase jewelry, thereby making a profit of $<<125=125>>125
#### 125
2025-08-06 06:31:25,986 - INFO - 提取参考答案: 125
2025-08-06 06:31:25,986 - INFO - 生成答案: 

Step 1:First, read the problem and identify what we need to find. We need to find the maximum profit the merchant can make by choosing one of the two purchase plans.

Step 2:Next, set up equations a...
2025-08-06 06:31:25,987 - INFO - 提取答案: 8064
2025-08-06 06:31:25,988 - INFO - 投票统计: {'voting_method': 'majority', 'best_answer': '8064', 'vote_count': 3, 'total_paths': 10, 'valid_paths': 10, 'confidence': 0.3, 'answer_distribution': {'8064': 3, '125': 2, '3160': 1, '2971': 2, '8160': 2}, 'selected_path_idx': 0}
2025-08-06 06:31:25,988 - INFO - ==================================================
2025-08-06 06:31:25,989 - INFO - 
==================================================
2025-08-06 06:31:25,990 - INFO - 样本 25: Tom decides to give his wife an anniversary getaway.  The plane tickets cost $5000 each.  The hotel ...
2025-08-06 06:31:25,990 - INFO - 参考答案: The hotel room is 1500*.2=$<<1500*.2=300>>300 more expensive per night than normal
So they paid 1500+300=$<<1500+300=1800>>1800 per night
That means she paid 1800*3=$<<1800*3=5400>>5400
The plane tickets cost 5000*2=$<<5000*2=10000>>10,000
So the total cost is 10,000+5400=$<<10000+5400=15400>>15,400
#### 15400
2025-08-06 06:31:25,991 - INFO - 提取参考答案: 15400
2025-08-06 06:31:25,992 - INFO - 生成答案: 

Step 1:First, read the problem and identify what we need to find. We need to find the total cost of the trip.

Step 2:Next, set up equations and perform the calculations. The normal price of the hot...
2025-08-06 06:31:25,993 - INFO - 提取答案: 16400
2025-08-06 06:31:25,993 - INFO - 投票统计: {'voting_method': 'majority', 'best_answer': '16400', 'vote_count': 10, 'total_paths': 10, 'valid_paths': 10, 'confidence': 1.0, 'answer_distribution': {'16400': 10}, 'selected_path_idx': 0}
2025-08-06 06:31:25,994 - INFO - ==================================================
2025-08-06 06:31:25,995 - INFO - 
==================================================
2025-08-06 06:31:25,995 - INFO - 样本 27: A toy manufacturer receives an order for 400 toys. 5 workers are available to work on the order. 2 o...
2025-08-06 06:31:25,996 - INFO - 参考答案: In the first group of workers, each produces 6 toys * 10 hours = <<6*10=60>>60 toys over their shift.
This is a total of 60 toys * 2 workers = <<60*2=120>>120 toys.
In the second group of workers, each produces 4 toys * 10 hours = <<4*10=40>>40 toys over their shift.
This is a total of 40 toys * 2 workers = <<40*2=80>>80 toys.
Together, these two groups produce 120 + 80 = <<120+80=200>>200 toys.
If the order is still short, then all the workers combined have produced 400 ordered toys – 20 remaining toys = <<400-20=380>>380 toys.
This means the fifth worker produced 380 – 200 = <<380-200=180>>180 toys in total.
The fifth worker therefore produced 180 toys / 10 hours = <<180/10=18>>18 toys per hour.
#### 18
2025-08-06 06:31:25,997 - INFO - 提取参考答案: 18
2025-08-06 06:31:25,998 - INFO - 生成答案: 

Step 1:First, read the problem and identify what we need to find. We need to find the number of toys per hour that the fifth worker produces.

Step 2:Next, set up equations and perform the calculati...
2025-08-06 06:31:25,998 - INFO - 提取答案: 34
2025-08-06 06:31:25,999 - INFO - 投票统计: {'voting_method': 'majority', 'best_answer': '34', 'vote_count': 6, 'total_paths': 10, 'valid_paths': 10, 'confidence': 0.6, 'answer_distribution': {'38': 1, '34': 6, '36': 1, '18': 1, '2': 1}, 'selected_path_idx': 1}
2025-08-06 06:31:26,000 - INFO - ==================================================
2025-08-06 06:31:26,000 - INFO - 
==================================================
2025-08-06 06:31:26,001 - INFO - 样本 39: Marcy makes homemade candles that she markets as 99% guaranteed not to explode. 5% of the more dange...
2025-08-06 06:31:26,002 - INFO - 参考答案: First find what percentage of the candles explode: 100% - 99% = 1%
Then multiply the odds of the candles exploding by the odds of them smelling like wet dog to find the probability of both events happening: 1% * 5% = 0.05%
Then multiply that percentage by the number of candles to find the number of them that have both defects: 0.05% * 50000 candles = <<0.05*.01*50000=25>>25 candles
#### 25
2025-08-06 06:31:26,003 - INFO - 提取参考答案: 25
2025-08-06 06:31:26,003 - INFO - 生成答案: 

Step 1:First, read the problem and identify what we need to find. We need to find the number of candles that both smell like wet dog and explode.

Step 2:Next, set up equations and perform the calcu...
2025-08-06 06:31:26,004 - INFO - 提取答案: 125
2025-08-06 06:31:26,005 - INFO - 投票统计: {'voting_method': 'majority', 'best_answer': '125', 'vote_count': 3, 'total_paths': 10, 'valid_paths': 10, 'confidence': 0.3, 'answer_distribution': {'12375000': 2, '2475': 2, '5': 1, '125': 3, '25': 1, '0': 1}, 'selected_path_idx': 4}
2025-08-06 06:31:26,005 - INFO - ==================================================
2025-08-06 06:31:26,006 - INFO - 
==================================================
2025-08-06 06:31:26,007 - INFO - 样本 43: Marin and his neighbor Nancy each eat 4 apples a day. How many apples do they eat in 30 days?...
2025-08-06 06:31:26,007 - INFO - 参考答案: In one day, Marin and Nancy eat 4 + 1 = <<4+1=5>>5 apples.
In 30 days, they eat 30 * 5 = <<30*5=150>>150 apples.
#### 150
2025-08-06 06:31:26,008 - INFO - 提取参考答案: 150
2025-08-06 06:31:26,009 - INFO - 生成答案: 

Step 1:First, read the problem and identify what we need to find. We need to find the total number of apples that Marin and Nancy eat in 30 days.

Step 2:Next, set up equations and perform the calcu...
2025-08-06 06:31:26,009 - INFO - 提取答案: 240
2025-08-06 06:31:26,010 - INFO - 投票统计: {'voting_method': 'majority', 'best_answer': '240', 'vote_count': 10, 'total_paths': 10, 'valid_paths': 10, 'confidence': 1.0, 'answer_distribution': {'240': 10}, 'selected_path_idx': 0}
2025-08-06 06:31:26,011 - INFO - ==================================================
2025-08-06 06:31:26,011 - INFO - 
==================================================
2025-08-06 06:31:26,012 - INFO - 样本 46: Lana is brewing cups of tea for her friends. She has 27 cups, and she divides these into 3 rows. In ...
2025-08-06 06:31:26,013 - INFO - 参考答案: If there are 15 cups of cinnamon tea, then there are a total of 27 – 15 = <<27-15=12>>12 cups of chamomile or mint tea.
As there are equal amounts of chamomile tea and mint tea, there is a total of 12 cups / 2 = <<12/2=6>>6 cups of mint tea.
Dividing these into rows shows that each row holds 6 / 3 = <<6/3=2>>2 cups of mint tea.
#### 2
2025-08-06 06:31:26,014 - INFO - 提取参考答案: 2
2025-08-06 06:31:26,014 - INFO - 生成答案: 

Step 1:First, read the problem and identify what we need to find. We need to find the number of cups of mint tea in each row.

Step 2:Next, set up equations and perform the calculations. Since Lana ...
2025-08-06 06:31:26,015 - INFO - 提取答案: 4
2025-08-06 06:31:26,016 - INFO - 投票统计: {'voting_method': 'majority', 'best_answer': '4', 'vote_count': 9, 'total_paths': 10, 'valid_paths': 10, 'confidence': 0.9, 'answer_distribution': {'4': 9, '9': 1}, 'selected_path_idx': 0}
2025-08-06 06:31:26,016 - INFO - ==================================================
2025-08-06 06:31:26,017 - INFO - 
==================================================
2025-08-06 06:31:26,018 - INFO - 样本 48: A teacher uses a 5-inch piece of chalk to write math equations on a chalkboard for his students. The...
2025-08-06 06:31:26,018 - INFO - 参考答案: The teacher uses 45% of his 5 inch stick of chalk on Monday, or 5 * .45 = <<5*.45=2.25>>2.25 inches.
He is left with 5 - 2.25 = <<5-2.25=2.75>>2.75 inches of chalk.
The next day he will use 20% of 2.75 inches, which is 2.75 * .2 = <<2.75*.2=.55>>.55 inches of chalk used.
That leaves him with 2.75 - .55 = <<2.75-.55=2.2>>2.2 inches of chalk.
The day after that, he will use 2.2 * .2 = <<2.2*.2=.44>>.44 inches of chalk.
That will leave him with 2.2 - .44 = <<2.2-.44=1.76>>1.76 inches of chalk.
Since 1.76 is less than 2 inches, he will recycle this stick in 2 days.
#### 2
2025-08-06 06:31:26,019 - INFO - 提取参考答案: 2
2025-08-06 06:31:26,020 - INFO - 生成答案: 

Step 1:First, read the problem and identify what we need to find. We need to find the number of days the teacher can use the chalk before he has to recycle it.

Step 2:Next, set up equations and per...
2025-08-06 06:31:26,021 - INFO - 提取答案: 3
2025-08-06 06:31:26,021 - INFO - 投票统计: {'voting_method': 'majority', 'best_answer': '3', 'vote_count': 4, 'total_paths': 10, 'valid_paths': 10, 'confidence': 0.4, 'answer_distribution': {'3': 4, '25': 1, '1': 1, '4': 1, '22': 1, '11': 1, '13': 1}, 'selected_path_idx': 0}
2025-08-06 06:31:26,022 - INFO - ==================================================
2025-08-06 06:31:26,023 - INFO - 
==================================================
2025-08-06 06:31:26,023 - INFO - 样本 49: Raymond and Samantha are cousins. Raymond was born 6 years before Samantha. Raymond had a son at the...
2025-08-06 06:31:26,024 - INFO - 参考答案: When Raymond's son was born Samantha was 23 - 6 = <<23-6=17>>17 years old.
Thus it has been 31 - 17 = <<31-17=14>>14 years since Raymond's son was born.
#### 14
2025-08-06 06:31:26,025 - INFO - 提取参考答案: 14
2025-08-06 06:31:26,025 - INFO - 生成答案: 

Step 1:First, read the problem and identify what we need to find. We need to find the number of years ago Raymond's son was born.

Step 2:Next, set up equations and perform the calculations. Since R...
2025-08-06 06:31:26,026 - INFO - 提取答案: 2
2025-08-06 06:31:26,027 - INFO - 投票统计: {'voting_method': 'majority', 'best_answer': '2', 'vote_count': 6, 'total_paths': 10, 'valid_paths': 10, 'confidence': 0.6, 'answer_distribution': {'2': 6, '2021': 1, '25': 1, '11.5': 1, '0': 1}, 'selected_path_idx': 0}
2025-08-06 06:31:26,027 - INFO - ==================================================
2025-08-06 06:31:26,028 - INFO - 
==================================================
2025-08-06 06:31:26,029 - INFO - 样本 52: Jerome had 4 friends who came to visit him on a certain day. The first friend pressed on the doorbel...
2025-08-06 06:31:26,029 - INFO - 参考答案: The second friend pressed on the doorbell 1/4 times more than Jerome's first friend, a total of 1/4*20=<<1/4*20=5>>5 times.
Jerome's second friend pressed on the doorbell 20+5=<<20+5=25>>25
The first two friends pressed on the doorbell 25+20=<<25+20=45>>45 times altogether before Jerome could open the door.
Jerome's third friend pressed on the doorbell 60+10=<<60+10=70>>70 times before Jerome could open the door.
Altogether, Jerome's third and fourth friends pressed on the doorbell 70+60=<<70+60=130>>130 times before Jerome could open.
The number of doorbell rings that Jerome's friend made before Jerome could open the door is 130+45=<<130+45=175>>175 times.
#### 175
2025-08-06 06:31:26,030 - INFO - 提取参考答案: 175
2025-08-06 06:31:26,031 - INFO - 生成答案: 

Step 1:First, read the problem and identify what we need to find. We need to find the total number of doorbell rings.

Step 2:Next, set up equations and perform the calculations. The fourth friend p...
2025-08-06 06:31:26,032 - INFO - 提取答案: 185
2025-08-06 06:31:26,032 - INFO - 投票统计: {'voting_method': 'majority', 'best_answer': '185', 'vote_count': 3, 'total_paths': 10, 'valid_paths': 10, 'confidence': 0.3, 'answer_distribution': {'115': 2, '155': 2, '175': 2, '185': 3, '685': 1}, 'selected_path_idx': 6}
2025-08-06 06:31:26,033 - INFO - ==================================================
2025-08-06 06:31:26,034 - INFO - 
==================================================
2025-08-06 06:31:26,034 - INFO - 样本 55: John decides to buy new phones for him, his 2 kids, and his wife.  Each phone after the first 2 is h...
2025-08-06 06:31:26,035 - INFO - 参考答案: He bought 1+2+1=<<1+2+1=4>>4 phones
2 of the phones cost 600 so their cost is 2*600=$<<2*600=1200>>1200
The other two phones cost 600/2=$<<600/2=300>>300
So they cost 300*2=$<<300*2=600>>600
So the total cost is 1200+600=$<<1200+600=1800>>1800
#### 1800
2025-08-06 06:31:26,036 - INFO - 提取参考答案: 1800
2025-08-06 06:31:26,037 - INFO - 生成答案: 

Step 1:First, read the problem and identify what we need to find. We need to find the total amount John paid for the phones.

Step 2:Next, set up equations and perform the calculations. The price of...
2025-08-06 06:31:26,037 - INFO - 提取答案: 2100
2025-08-06 06:31:26,038 - INFO - 投票统计: {'voting_method': 'majority', 'best_answer': '2100', 'vote_count': 4, 'total_paths': 10, 'valid_paths': 10, 'confidence': 0.4, 'answer_distribution': {'2100': 4, '1800': 3, '1125': 1, '1162.50': 1, '1725': 1}, 'selected_path_idx': 0}
2025-08-06 06:31:26,039 - INFO - ==================================================
2025-08-06 06:31:26,040 - INFO - 
==================================================
2025-08-06 06:31:26,040 - INFO - 样本 70: Millie decides to open a lemonade stand. She spends $18 to buy enough supplies to make 3 pitchers of...
2025-08-06 06:31:26,041 - INFO - 参考答案: She has enough supplies to make 3 * 12 = <<3*12=36>>36 cups of lemonade.
She sells all of the lemonade for 36 * $1 = $<<36*1=36>>36.
Her total profit for selling the lemonade is $36 - $18 = $<<36-18=18>>18.
It will take Millie 36 / 4 = <<36/4=9>>9 hours of work to sell all of the lemonade.
Her hourly profit is $18 / 9 hours = $<<18/9=2>>2 per hour.
#### 2
2025-08-06 06:31:26,042 - INFO - 提取参考答案: 2
2025-08-06 06:31:26,042 - INFO - 生成答案: 

Step 1:First, read the problem and identify what we need to find. We need to find the profit per hour that Millie will make.

Step 2:Next, set up equations and perform the calculations. The total nu...
2025-08-06 06:31:26,043 - INFO - 提取答案: 4.50
2025-08-06 06:31:26,044 - INFO - 投票统计: {'voting_method': 'majority', 'best_answer': '4.50', 'vote_count': 2, 'total_paths': 10, 'valid_paths': 10, 'confidence': 0.2, 'answer_distribution': {'4.50': 2, '18': 2, '3': 1, '0': 1, '2': 1, '4.5': 1, '32': 1, '4': 1}, 'selected_path_idx': 0}
2025-08-06 06:31:26,044 - INFO - ==================================================
2025-08-06 06:31:26,045 - INFO - 
==================================================
2025-08-06 06:31:26,046 - INFO - 样本 75: Each sleeve of graham crackers makes the base for 8 large smores.  There are 3 sleeves in a box.  If...
2025-08-06 06:31:26,047 - INFO - 参考答案: Each sleeve makes 8 smores and there are 3 sleeves in a box so a box can make 8*3 = <<8*3=24>>24 smores
There are 9 kids who will eat 2 smores a piece so they will eat 9*2 = <<9*2=18>>18 smores
There are 6 adults who will eat 1 smore a piece so they will eat 6*1 = <<6*1=6>>6 smores
Together the kids will eat 18 and the adults will eat 6 so 18+6 = <<18+6=24>>24 smores
Each box makes 24 smores and together the kids and adults will eat 24 s'mores so they will need 24/24 = <<24/24=1>>1 box of graham crackers
#### 1
2025-08-06 06:31:26,047 - INFO - 提取参考答案: 1
2025-08-06 06:31:26,048 - INFO - 生成答案: 

Step 1:First, read the problem and identify what we need to find. We need to find the number of boxes of graham crackers that will be needed.

Step 2:Next, set up equations and perform the calculati...
2025-08-06 06:31:26,049 - INFO - 提取答案: 2
2025-08-06 06:31:26,049 - INFO - 投票统计: {'voting_method': 'majority', 'best_answer': '2', 'vote_count': 5, 'total_paths': 10, 'valid_paths': 10, 'confidence': 0.5, 'answer_distribution': {'4': 2, '1': 3, '2': 5}, 'selected_path_idx': 2}
2025-08-06 06:31:26,050 - INFO - ==================================================
2025-08-06 06:31:26,051 - INFO - 
==================================================
2025-08-06 06:31:26,051 - INFO - 样本 76: Rose bought five dozens of eggs for $2.40 a dozen. She will sell it for $1 for 3 eggs. How much will...
2025-08-06 06:31:26,052 - INFO - 参考答案: Rose bought five dozens of eggs for $2.40 x 5 = $<<2.40*5=12>>12.
Five dozens of eggs is equal to 12 x 5 = <<12*5=60>>60 eggs.
So there are 60/3 = <<60/3=20>>20 sets of 3 eggs that Rose will sell.
Thus, the total earnings of Rose for selling the eggs are $1 x 20 = $<<20=20>>20.
Therefore, her profit will be $20 - $12 = $<<20-12=8>>8.
#### 8
2025-08-06 06:31:26,053 - INFO - 提取参考答案: 8
2025-08-06 06:31:26,054 - INFO - 生成答案: 

Step 1:First, read the problem and identify what we need to find. We need to find Rose's profit.

Step 2:Next, set up equations and perform the calculations. Rose bought five dozens of eggs, which i...
2025-08-06 06:31:26,054 - INFO - 提取答案: 48
2025-08-06 06:31:26,055 - INFO - 投票统计: {'voting_method': 'majority', 'best_answer': '48', 'vote_count': 6, 'total_paths': 10, 'valid_paths': 10, 'confidence': 0.6, 'answer_distribution': {'57.60': 3, '48': 6, '8': 1}, 'selected_path_idx': 2}
2025-08-06 06:31:26,056 - INFO - ==================================================
2025-08-06 06:31:26,056 - INFO - 
==================================================
2025-08-06 06:31:26,057 - INFO - 样本 81: Elise has been selling her Dad's collection of 250 books for three years. Each book sells at 20$, an...
2025-08-06 06:31:26,058 - INFO - 参考答案: If her sales in the current year are 45, she sold 45*2 = <<45*2=90>>90 books in the first year.
The total number of books sold in the first and current year is 90+45 = <<90+45=135>>135.
The total number of books sold in the second year is 250 of the original number of books - 135 sold books - 50 unsold books = <<250-135-50=65>>65 books.
If each book sells at 20$, then she earned 20*65 = $<<20*65=1300>>1300 in the second year
#### 1300
2025-08-06 06:31:26,058 - INFO - 提取参考答案: 1300
2025-08-06 06:31:26,059 - INFO - 生成答案: 

Step 1:First, read the problem and identify what we need to find. We need to find the total amount of money Elise earned in the second year.

Step 2:Next, set up equations and perform the calculatio...
2025-08-06 06:31:26,060 - INFO - 提取答案: 1900
2025-08-06 06:31:26,061 - INFO - 投票统计: {'voting_method': 'majority', 'best_answer': '1900', 'vote_count': 2, 'total_paths': 10, 'valid_paths': 10, 'confidence': 0.2, 'answer_distribution': {'2900': 1, '1900': 2, '2000': 1, '900': 2, '3040': 1, '1800': 1, '5100': 1, '1600': 1}, 'selected_path_idx': 1}
2025-08-06 06:31:26,061 - INFO - ==================================================
2025-08-06 06:31:26,062 - INFO - 
==================================================
2025-08-06 06:31:26,063 - INFO - 样本 93: Josh decides to try flipping a house.  He buys a house for $80,000 and then puts in $50,000 in repai...
2025-08-06 06:31:26,063 - INFO - 参考答案: The cost of the house and repairs came out to 80,000+50,000=$<<80000+50000=130000>>130,000
He increased the value of the house by 80,000*1.5=<<80000*1.5=120000>>120,000
So the new value of the house is 120,000+80,000=$<<120000+80000=200000>>200,000
So he made a profit of 200,000-130,000=$<<200000-130000=70000>>70,000
#### 70000
2025-08-06 06:31:26,064 - INFO - 提取参考答案: 70000
2025-08-06 06:31:26,065 - INFO - 生成答案: 

Step 1:First, read the problem and identify what we need to find. We need to find the profit Josh made from flipping the house.

Step 2:Next, set up equations and perform the calculations. The origi...
2025-08-06 06:31:26,066 - INFO - 提取答案: 120000
2025-08-06 06:31:26,066 - INFO - 投票统计: {'voting_method': 'majority', 'best_answer': '120000', 'vote_count': 3, 'total_paths': 10, 'valid_paths': 10, 'confidence': 0.3, 'answer_distribution': {'120000': 3, '43333': 2, '70000': 1, '50000': 3, '40000': 1}, 'selected_path_idx': 0}
2025-08-06 06:31:26,067 - INFO - ==================================================
2025-08-06 06:31:26,068 - INFO - 
==================================================
2025-08-06 06:31:26,068 - INFO - 样本 95: There is one set of twins and one set of triplets. One twin is 7 years older than one triplet. If th...
2025-08-06 06:31:26,069 - INFO - 参考答案: Let T = age of triplet
Twin's age = T + <<+7=7>>7
Twin's combined age = 2 * (T + 7)
Triplet's combined age = <<3=3>>3T
2 * (T + 7) + 3T = 44
2T + 14 + 3T = 44
5T + 14 = 44
5T = 30
T = <<6=6>>6
Twin = 6 + 7 = <<6+7=13>>13
The twins are each <<13=13>>13 years old.
#### 13
2025-08-06 06:31:26,070 - INFO - 提取参考答案: 13
2025-08-06 06:31:26,070 - INFO - 生成答案: 

Step 1:First, read the problem and identify what we need to find. We need to find the age of one of the twins.

Step 2:Next, set up equations and perform the calculations. Let x be the age of one tr...
2025-08-06 06:31:26,071 - INFO - 提取答案: 17
2025-08-06 06:31:26,072 - INFO - 投票统计: {'voting_method': 'majority', 'best_answer': '17', 'vote_count': 2, 'total_paths': 10, 'valid_paths': 10, 'confidence': 0.2, 'answer_distribution': {'17': 2, '15': 2, '7.4': 1, '19': 1, '9': 2, '19.33': 1, '16.75': 1}, 'selected_path_idx': 0}
2025-08-06 06:31:26,072 - INFO - ==================================================
2025-08-06 06:31:26,073 - INFO - 
==================================================
2025-08-06 06:31:26,074 - INFO - 样本 98: One meatball sub sandwich contains 4 meatballs.  Sidney ordered 3 less than ten meatball sub sandwic...
2025-08-06 06:31:26,075 - INFO - 参考答案: 3 less than ten meatball sub sandwiches is 10-3=<<10-3=7>>7 sub sandwiches.
After Mark ate 4 of Sidney's meatball sub sandwiches, 7-4=<<7-4=3>>3 remained.
Finally, after Sidney ordered three more sub sandwiches, there were a total of 3+3=<<3+3=6>>6 sub sandwiches.
If each sub sandwich has 4 meatballs, then the remaining sub sandwiches contain a total of 6*4=<<6*4=24>>24 meatballs.
#### 24
2025-08-06 06:31:26,075 - INFO - 提取参考答案: 24
2025-08-06 06:31:26,076 - INFO - 生成答案: 

Step 1:First, read the problem and identify what we need to find. We need to find the number of meatballs in the sub sandwiches that remained.

Step 2:Next, set up equations and perform the calculat...
2025-08-06 06:31:26,077 - INFO - 提取答案: 12
2025-08-06 06:31:26,077 - INFO - 投票统计: {'voting_method': 'majority', 'best_answer': '12', 'vote_count': 9, 'total_paths': 10, 'valid_paths': 10, 'confidence': 0.9, 'answer_distribution': {'12': 9, '24': 1}, 'selected_path_idx': 0}
2025-08-06 06:31:26,078 - INFO - ==================================================
2025-08-06 06:31:26,079 - INFO - 
==================================================
2025-08-06 06:31:26,080 - INFO - 样本 103: Kim sleepwalks, to monitor her sleeping hours, she installs a camera in her room. Kim usually goes t...
2025-08-06 06:31:26,080 - INFO - 参考答案: Out of 24 hours in a day, 10 pm represents 22 hours.
Until 12 p.m. or 24 hours, Kim slept 24 - 22 = <<24-22=2>>2 hours.
In total, Kim usually sleeps 2 + 6 = <<2+6=8>>8 hours a day.
In minutes, Kim usually sleeps 8 * 60 = <<8*60=480>>480 minutes
Kim was sleepwalking for a total of 38 - 15 = <<38-15=23>>23 minutes.
Within her usual sleep routine, Kim was sleepwalking or awake a total of 23 + 5 =<<23+5=28>>28 minutes.
On that day, Kim slept in her bed for 480 - 28 = <<480-28=452>>452 minutes.
#### 452
2025-08-06 06:31:26,081 - INFO - 提取参考答案: 452
2025-08-06 06:31:26,082 - INFO - 生成答案: 

Step 1:First, read the problem and identify what we need to find. We need to find the total number of minutes Kim slept on her bed that day.

Step 2:Next, set up equations and perform the calculatio...
2025-08-06 06:31:26,082 - INFO - 提取答案: 460
2025-08-06 06:31:26,083 - INFO - 投票统计: {'voting_method': 'majority', 'best_answer': '460', 'vote_count': 1, 'total_paths': 10, 'valid_paths': 10, 'confidence': 0.1, 'answer_distribution': {'460': 1, '332': 1, '478': 1, '445': 1, '483': 1, '457': 1, '498': 1, '442': 1, '24': 1, '452': 1}, 'selected_path_idx': 0}
2025-08-06 06:31:26,084 - INFO - ==================================================
2025-08-06 06:31:26,084 - INFO - 
==================================================
2025-08-06 06:31:26,085 - INFO - 样本 106: Sally went to the seashore for vacation.  Her parents gave her $10 to buy whatever she wanted.  At t...
2025-08-06 06:31:26,086 - INFO - 参考答案: Taffy is buying 1 pound for $3 and gets 1 pound half off. So 1/2 off of 1 pound is $3/2 = $1.50+$3.00=$4.50
4 magnets at $0.25 each is 4*.25=$<<4*0.25=1.00>>1.00
When you add all her purchases, $4.50+$1.50+$1.00 = $<<4.5+1.5+1=7.00>>7.00
She had $10 and spent $7 so she had $10-$7 = $<<10-7=3.00>>3.00 left over
#### 3
2025-08-06 06:31:26,087 - INFO - 提取参考答案: 3
2025-08-06 06:31:26,087 - INFO - 生成答案: 

Step 1:First, read the problem and identify what we need to find. We need to find out how much money Sally has left.

Step 2:Next, set up equations and perform the calculations. Sally bought 2 pound...
2025-08-06 06:31:26,088 - INFO - 提取答案: 1.50
2025-08-06 06:31:26,089 - INFO - 投票统计: {'voting_method': 'majority', 'best_answer': '1.50', 'vote_count': 3, 'total_paths': 10, 'valid_paths': 10, 'confidence': 0.3, 'answer_distribution': {'2': 1, '3': 2, '4': 1, '1.5': 1, '1.50': 3, '0': 2}, 'selected_path_idx': 4}
2025-08-06 06:31:26,089 - INFO - ==================================================
2025-08-06 06:31:26,090 - INFO - 
==================================================
2025-08-06 06:31:26,091 - INFO - 样本 108: Ophelia and Jenna are living in the same apartment building. They each have 2 fewer sofas than chair...
2025-08-06 06:31:26,091 - INFO - 参考答案: If Ophelia has 20 sofas and 2 fewer sofas than chairs, she has 20+2 = <<20+2=22>>22 chairs.
Jenna has 3 times as many chairs as Ophelia, a total of 3*22 = <<3*22=66>>66 chairs
The total number of chairs Ophelia and Jenna have is 66+22 = <<66+22=88>>88
Since Jenna also has 2 fewer sofas than chairs, the total number of sofas she has is 66-2 = <<66-2=64>>64 sofas.
The total number of sofas Ophelia and Jenna have is 64+20 = <<64+20=84>>84 sofas
Together, they have 84 sofas+88 chairs = <<84+88=172>>172
#### 172
2025-08-06 06:31:26,092 - INFO - 提取参考答案: 172
2025-08-06 06:31:26,093 - INFO - 生成答案: 

Step 1:First, read the problem and identify what we need to find. We need to find the total number of sofas and chairs that Ophelia and Jenna have.

Step 2:Next, set up equations and perform the cal...
2025-08-06 06:31:26,094 - INFO - 提取答案: 108
2025-08-06 06:31:26,094 - INFO - 投票统计: {'voting_method': 'majority', 'best_answer': '108', 'vote_count': 3, 'total_paths': 10, 'valid_paths': 10, 'confidence': 0.3, 'answer_distribution': {'88': 1, '108': 3, '172': 1, '126': 1, '128': 3, '174': 1}, 'selected_path_idx': 1}
2025-08-06 06:31:26,095 - INFO - ==================================================
2025-08-06 06:31:26,096 - INFO - 
==================================================
2025-08-06 06:31:26,096 - INFO - 样本 110: Janet goes to the mall and spends $3.50 on ice cream, $7.50 each for movie tickets for herself and h...
2025-08-06 06:31:26,097 - INFO - 参考答案: First calculate the cost of the movie tickets by multiplying the price per ticket by 2: $7.50 * 2 = $<<7.5*2=15.00>>15.00
Then add up all the money Janet spent: $3.50 + $15.00 + $8.50 = $<<3.5+15+8.5=27.00>>27.00
Now subtract Janet's spending from the initial amount of money she had: $40.00 - $27.00 = $<<40-27=13.00>>13.00
#### 13
2025-08-06 06:31:26,098 - INFO - 提取参考答案: 13
2025-08-06 06:31:26,098 - INFO - 生成答案: 

Step 1:First, read the problem and identify what we need to find. We need to find the amount of money Janet has left.

Step 2:Next, set up equations and perform the calculations. Janet spent $3.50 o...
2025-08-06 06:31:26,099 - INFO - 提取答案: 13.50
2025-08-06 06:31:26,100 - INFO - 投票统计: {'voting_method': 'majority', 'best_answer': '13.50', 'vote_count': 5, 'total_paths': 10, 'valid_paths': 10, 'confidence': 0.5, 'answer_distribution': {'13': 1, '13.50': 5, '12': 4}, 'selected_path_idx': 1}
2025-08-06 06:31:26,100 - INFO - ==================================================
2025-08-06 06:31:26,101 - INFO - 
==================================================
2025-08-06 06:31:26,102 - INFO - 样本 112: After scoring 14 points, Erin now has three times more points than Sara, who scored 8. How many poin...
2025-08-06 06:31:26,102 - INFO - 参考答案: Erin now has three times more points than Sara, which is 3*8= <<3*8=24>>24 more points than Sara.
This means Erin has a total of 8+24 = <<8+24=32>>32 points now.
Before, Erin had 32-14= <<32-14=18>>18 points
#### 18
2025-08-06 06:31:26,103 - INFO - 提取参考答案: 18
2025-08-06 06:31:26,104 - INFO - 生成答案: 

Step 1:First, read the problem and identify what we need to find. We need to find the number of points Erin had before scoring 14 points.

Step 2:Next, set up equations and perform the calculations....
2025-08-06 06:31:26,105 - INFO - 提取答案: 10
2025-08-06 06:31:26,105 - INFO - 投票统计: {'voting_method': 'majority', 'best_answer': '10', 'vote_count': 7, 'total_paths': 10, 'valid_paths': 10, 'confidence': 0.7, 'answer_distribution': {'Nosolution': 1, '10': 7, '2': 1, '22': 1}, 'selected_path_idx': 1}
2025-08-06 06:31:26,106 - INFO - ==================================================
2025-08-06 06:31:26,107 - INFO - 
==================================================
2025-08-06 06:31:26,107 - INFO - 样本 113: Colby loves going to the movies and every month his parents give him $150 to spend at the movies. Ti...
2025-08-06 06:31:26,108 - INFO - 参考答案: He has spent $50 on Fri/Sat movies because 5 x 10 = <<50=50>>50
He has spent $56 on movies the rest of the day because 8 x 7 = <<8*7=56>>56
He has spent $16 on popcorn because 2 x 8 = <<16=16>>16
He has spent $8 on candy because 4 x 2 = <<4*2=8>>8
He has spent 130 in total because 50 + 56 + 16 + 8 = <<50+56+16+8=130>>130
He plans to spend $10 on popcorn and candy because 8 + 2 = <<8+2=10>>10
He has $10 left to spend because 150 - 130 - 10 = <<150-130-10=10>>10
He can see 1 movie because 10 / 10 = <<10/10=1>>1
#### 1
2025-08-06 06:31:26,109 - INFO - 提取参考答案: 1
2025-08-06 06:31:26,109 - INFO - 生成答案: 

Step 1:First, read the problem and identify what we need to find. We need to find the number of movies Colby can see.

Step 2:Next, set up equations and perform the calculations. Colby already saw 5...
2025-08-06 06:31:26,110 - INFO - 提取答案: 2
2025-08-06 06:31:26,111 - INFO - 投票统计: {'voting_method': 'majority', 'best_answer': '2', 'vote_count': 3, 'total_paths': 10, 'valid_paths': 10, 'confidence': 0.3, 'answer_distribution': {'18': 1, '4': 2, '3': 1, '12': 1, '2': 3, '9': 1, '7': 1}, 'selected_path_idx': 4}
2025-08-06 06:31:26,112 - INFO - ==================================================
2025-08-06 06:31:26,112 - INFO - 
==================================================
2025-08-06 06:31:26,113 - INFO - 样本 122: In a school activity, fifty-four students are to be separated into six groups of equal size. If the ...
2025-08-06 06:31:26,114 - INFO - 参考答案: There are 54/6 = <<54/6=9>>9 groups formed from the 54 students.
So, 12 - 9 = <<12-9=3>>3 groups more are needed to form.
#### 3
2025-08-06 06:31:26,114 - INFO - 提取参考答案: 3
2025-08-06 06:31:26,115 - INFO - 生成答案: 

Step 1:First, read the problem and identify what we need to find. We need to find the number of additional groups needed to form.

Step 2:Next, set up equations and perform the calculations. Since t...
2025-08-06 06:31:26,116 - INFO - 提取答案: 0
2025-08-06 06:31:26,117 - INFO - 投票统计: {'voting_method': 'majority', 'best_answer': '0', 'vote_count': 5, 'total_paths': 10, 'valid_paths': 10, 'confidence': 0.5, 'answer_distribution': {'0': 5, '6': 4, '2': 1}, 'selected_path_idx': 0}
2025-08-06 06:31:26,117 - INFO - ==================================================
2025-08-06 06:31:26,118 - INFO - 
==================================================
2025-08-06 06:31:26,119 - INFO - 样本 133: A food caterer was told to prepare gourmet hot dogs for 36 guests. While most people would only eat ...
2025-08-06 06:31:26,119 - INFO - 参考答案: The food caterer prepared an additional 36/2 = <<36/2=18>>18 hot dogs.
Altogether, he prepared 36 + 18 = <<36+18=54>>54 hotdogs.
If 40 people wanted seconds, he would have needed 40 x 2 = <<40*2=80>>80 hot dogs.
80 - 54 = <<80-54=26>>26 people did not get second hotdogs.
#### 26
2025-08-06 06:31:26,120 - INFO - 提取参考答案: 26
2025-08-06 06:31:26,121 - INFO - 生成答案: 

Step 1:First, read the problem and identify what we need to find. We need to find the number of guests who did not get a second hotdog.

Step 2:Next, set up equations and perform the calculations. T...
2025-08-06 06:31:26,122 - INFO - 提取答案: 22
2025-08-06 06:31:26,122 - INFO - 投票统计: {'voting_method': 'majority', 'best_answer': '22', 'vote_count': 3, 'total_paths': 10, 'valid_paths': 10, 'confidence': 0.3, 'answer_distribution': {'22': 3, '44': 1, '18': 1, '62': 1, '36': 1, '4': 2, '9': 1}, 'selected_path_idx': 0}
2025-08-06 06:31:26,123 - INFO - ==================================================
2025-08-06 06:31:26,124 - INFO - 
==================================================
2025-08-06 06:31:26,124 - INFO - 样本 137: Charlie wants to sell beeswax candles.  For every pound of beeswax, he can make 10 tapered candles. ...
2025-08-06 06:31:26,125 - INFO - 参考答案: 1 pound of beeswax and the wick make 10 candles and he wants to make 20 candles so he needs 20/10 = <<20/10=2>>2 pounds of beeswax
1 pound of beeswax costs $10.00 and he needs 2 pounds so his supplies will cost 10*2 = $<<10*2=20.00>>20.00
He wants to sell each candle for $2.00 each and he's selling 20 candles so that's 2*20 = $<<2*20=40.00>>40.00
If he makes $40.00 selling candles and his supplies cost $20.00 then his net profit is 40-20 = $<<40-20=20.00>>20.00
#### 20
2025-08-06 06:31:26,126 - INFO - 提取参考答案: 20
2025-08-06 06:31:26,126 - INFO - 生成答案: 

Step 1:First, read the problem and identify what we need to find. We need to find Charlie's net profit.

Step 2:Next, set up equations and perform the calculations. The cost of supplies for 20 candl...
2025-08-06 06:31:26,127 - INFO - 提取答案: -160
2025-08-06 06:31:26,128 - INFO - 投票统计: {'voting_method': 'majority', 'best_answer': '-160', 'vote_count': 5, 'total_paths': 10, 'valid_paths': 10, 'confidence': 0.5, 'answer_distribution': {'20': 4, '-160': 5, '-200': 1}, 'selected_path_idx': 2}
2025-08-06 06:31:26,129 - INFO - ==================================================
2025-08-06 06:31:26,129 - INFO - 
==================================================
2025-08-06 06:31:26,130 - INFO - 样本 143: Wayne and Bernadette are movie stars heading to the premiere of their latest film. Bernadette wants ...
2025-08-06 06:31:26,131 - INFO - 参考答案: Bernadette takes 4 * 4 = <<4*4=16>>16 minutes to get to the theater.
Her ride takes 16 - 4 = <<16-4=12>>12 minutes longer than Wayne’s to get to the theater.
Thus, she should leave 12 + 5 = <<12+5=17>>17 minutes before Wayne to get to the theater 5 minutes sooner than he does.
#### 17
2025-08-06 06:31:26,131 - INFO - 提取参考答案: 17
2025-08-06 06:31:26,132 - INFO - 生成答案: 

Step 1:First, read the problem and identify what we need to find. We need to find out how much earlier Bernadette should leave than Wayne to get to the theater first.

Step 2:Next, set up equations ...
2025-08-06 06:31:26,133 - INFO - 提取答案: 12
2025-08-06 06:31:26,133 - INFO - 投票统计: {'voting_method': 'majority', 'best_answer': '12', 'vote_count': 2, 'total_paths': 10, 'valid_paths': 10, 'confidence': 0.2, 'answer_distribution': {'9': 1, '7': 1, '4': 1, '17': 1, '1': 1, '0': 1, '12': 2, '21': 1, '13': 1}, 'selected_path_idx': 6}
2025-08-06 06:31:26,134 - INFO - ==================================================
2025-08-06 06:31:26,135 - INFO - 
==================================================
2025-08-06 06:31:26,136 - INFO - 样本 156: A family of 6 (2 adults and 4 kids) are to divide a watermelon such that each adult gets a slice tha...
2025-08-06 06:31:26,136 - INFO - 参考答案: Let x be the percentage of watermelon that each adult gets.
Since each kid gets half of what each adult gets, each kid gets x/2 percent of the watermelon
So the watermelon gets split into 2*x and 4*(x/2) parts by percentage
The percentages have to sum up to 100 so 2x+2x = 100 (after simplification)
x = 100/4 = <<100/4=25>>25, which means each adult gets 25% of the watermelon.
#### 25
2025-08-06 06:31:26,137 - INFO - 提取参考答案: 25
2025-08-06 06:31:26,138 - INFO - 生成答案: 

Step 1:First, read the problem and identify what we need to find. We need to find the percentage of the watermelon that each adult gets.

Step 2:Next, set up equations and perform the calculations. ...
2025-08-06 06:31:26,138 - INFO - 提取答案: 50
2025-08-06 06:31:26,139 - INFO - 投票统计: {'voting_method': 'majority', 'best_answer': '50', 'vote_count': 3, 'total_paths': 10, 'valid_paths': 10, 'confidence': 0.3, 'answer_distribution': {'50': 3, '0': 1, '66.67': 2, '25': 1, '33.33': 3}, 'selected_path_idx': 0}
2025-08-06 06:31:26,140 - INFO - ==================================================
2025-08-06 06:31:26,141 - INFO - 
==================================================
2025-08-06 06:31:26,141 - INFO - 样本 157: Peter has twice as many socks as Jack and half times as many dishes as jack. Jack collected twice as...
2025-08-06 06:31:26,142 - INFO - 参考答案: Since Jack collected twice as many dishes as socks, he has 60/2 = <<60/2=30>>30 socks.
In total, he has 30+60 = <<30+60=90>>90 socks and dishes.
Peter has twice as many socks as jack which totals 2*30 = <<2*30=60>>60 socks.
He also has half times as many dishes as Jack which is 1/2*60 = 30 dishes.
In total, he has 60+30 = <<60+30=90>>90 socks and dishes.
The total number of socks and dishes they both have is 90+90 = <<90+90=180>>180
#### 180
2025-08-06 06:31:26,143 - INFO - 提取参考答案: 180
2025-08-06 06:31:26,143 - INFO - 生成答案: 

Step 1:First, read the problem and identify what we need to find. We need to find the total number of socks and dishes that Peter and Jack have together.

Step 2:Next, set up equations and perform t...
2025-08-06 06:31:26,144 - INFO - 提取答案: 120
2025-08-06 06:31:26,145 - INFO - 投票统计: {'voting_method': 'majority', 'best_answer': '120', 'vote_count': 5, 'total_paths': 10, 'valid_paths': 10, 'confidence': 0.5, 'answer_distribution': {'120': 5, '180': 3, '150': 2}, 'selected_path_idx': 0}
2025-08-06 06:31:26,145 - INFO - ==================================================
2025-08-06 06:31:26,146 - INFO - 
==================================================
2025-08-06 06:31:26,147 - INFO - 样本 173: A company's HR hires 20 new employees every month to add to its total workforce. If the company's in...
2025-08-06 06:31:26,148 - INFO - 参考答案: If each month the company hire 20 new employees, the total number of employees in the company in the first month is 200 employees + 20 employees = <<200+20=220>>220 employees
If each employee is paid $4000 per month, the total amount of money paid by the employee to its workers in the first month is 220 employees * $4000/employee = $<<220*4000=880000>>880000
In the second month, 20 more workers are hired, bringing the total number of employees to 220 employees + 20 employees = 240 employees
The company pays a total of 240 employees * $4000/employee = $<<240*4000=960000>>960000 in wages for its employees in the second month.
When an additional 20 workers are hired in the third month, the total number of workers become 240 employees + 20 employees = <<240+20=260>>260 employees
In total, the company 260 employees * $4000/employee = $<<260*4000=1040000>>1040000 in wages on the third month.
The total amount of money the company pays to all its employees in the three months is $1040000 + $960000 + $880000 = <<1040000+960000+880000=2880000>>2880000
#### 2880000
2025-08-06 06:31:26,148 - INFO - 提取参考答案: 2880000
2025-08-06 06:31:26,149 - INFO - 生成答案: 

Step 1:First, read the problem and identify what we need to find. We need to find the total amount of money the company pays to its employees after three months.

Step 2:Next, set up equations and p...
2025-08-06 06:31:26,150 - INFO - 提取答案: 1040000
2025-08-06 06:31:26,150 - INFO - 投票统计: {'voting_method': 'majority', 'best_answer': '1040000', 'vote_count': 9, 'total_paths': 10, 'valid_paths': 10, 'confidence': 0.9, 'answer_distribution': {'1040000': 9, '3120000': 1}, 'selected_path_idx': 0}
2025-08-06 06:31:26,151 - INFO - ==================================================
2025-08-06 06:31:26,152 - INFO - 
==================================================
2025-08-06 06:31:26,153 - INFO - 样本 185: Bill is ordering a new truck. He has decided to purchase a two-ton truck with several added features...
2025-08-06 06:31:26,153 - INFO - 参考答案: The leather seats are one-third the cost of the king cab upgrade, at a cost of $7,500/3=$<<7500/3=2500>>2500.
The running boards are $500 less than the leather seats at a cost of $2500-$500=$2000
The total cost of the truck is $30,000+$7500+$2500+$2000+$1500=$<<30000+7500+2500+2000+1500=43500>>43,500
#### 43,500
2025-08-06 06:31:26,154 - INFO - 提取参考答案: 43500
2025-08-06 06:31:26,155 - INFO - 生成答案: 

Step 1:First, read the problem and identify what we need to find. We need to find the total cost of Bill's new truck.

Step 2:Next, set up equations and perform the calculations. The base price of t...
2025-08-06 06:31:26,155 - INFO - 提取答案: 43000
2025-08-06 06:31:26,156 - INFO - 投票统计: {'voting_method': 'majority', 'best_answer': '43000', 'vote_count': 5, 'total_paths': 10, 'valid_paths': 10, 'confidence': 0.5, 'answer_distribution': {'43000': 5, '43500': 4, '81000': 1}, 'selected_path_idx': 0}
2025-08-06 06:31:26,157 - INFO - ==================================================
2025-08-06 06:31:26,158 - INFO - 
==================================================
2025-08-06 06:31:26,158 - INFO - 样本 194: James gets 10 new CDs.  Each CD cost $15.  He gets them for 40% off.  He decides he doesn't like 5 o...
2025-08-06 06:31:26,159 - INFO - 参考答案: He got a 15*.4=$<<15*.4=6>>6 discount on each CD
That means each CD cost 15-6=$<<15-6=9>>9
So he paid 10*9=$<<10*9=90>>90
That means he was out 90-40=$<<90-40=50>>50
#### 50
2025-08-06 06:31:26,160 - INFO - 提取参考答案: 50
2025-08-06 06:31:26,160 - INFO - 生成答案: 

Step 1:First, read the problem and identify what we need to find. We need to find the amount of money James was out.

Step 2:Next, set up equations and perform the calculations. The cost of the CDs ...
2025-08-06 06:31:26,161 - INFO - 提取答案: 110
2025-08-06 06:31:26,162 - INFO - 投票统计: {'voting_method': 'majority', 'best_answer': '110', 'vote_count': 8, 'total_paths': 10, 'valid_paths': 10, 'confidence': 0.8, 'answer_distribution': {'110': 8, '50': 1, '48': 1}, 'selected_path_idx': 0}
2025-08-06 06:31:26,162 - INFO - ==================================================
2025-08-06 06:31:26,163 - INFO - 
==================================================
2025-08-06 06:31:26,164 - INFO - 样本 199: Vicki is planning a pop concert at her high school. The show will be 2 hours. She is allowing each g...
2025-08-06 06:31:26,164 - INFO - 参考答案: First, we should convert the 2 hours of showtime into minutes for our calculations. Since there are 60 minutes in 1 hour, the show will be 2 x 60 = <<2*60=120>>120 minutes.
Of those 120 minutes, 10 will be used for intermission, so 120 – 10 = <<120-10=110>>110 minutes for performances.
Each group will use 2 minutes to get on stage + 6 minutes to perform + 2 minutes to exit the stage = <<2+6+2=10>>10 minutes of show time.
Of the 110 minutes of performances, 10 are used per group, so 110 minutes / 10 = <<110/10=11>>11 groups can perform.
#### 11
2025-08-06 06:31:26,165 - INFO - 提取参考答案: 11
2025-08-06 06:31:26,166 - INFO - 生成答案: 

Step 1:First, read the problem and identify what we need to find. We need to find the number of groups that can perform in the concert.

Step 2:Next, set up equations and perform the calculations. E...
2025-08-06 06:31:26,167 - INFO - 提取答案: 6
2025-08-06 06:31:26,167 - INFO - 投票统计: {'voting_method': 'majority', 'best_answer': '6', 'vote_count': 5, 'total_paths': 10, 'valid_paths': 10, 'confidence': 0.5, 'answer_distribution': {'11': 4, '6': 5, '12': 1}, 'selected_path_idx': 2}
2025-08-06 06:31:26,168 - INFO - ==================================================
2025-08-06 06:31:26,169 - INFO - 
==================================================
2025-08-06 06:31:26,169 - INFO - 样本 201: For a New Year's resolution, Andy wants to lose 30 lbs. by his birthday, which is July 19th. Today i...
2025-08-06 06:31:26,170 - INFO - 参考答案: January, March, and May have 31 days, February has 28, and April and June have 30, and Andy's birthday is on the 19th day of July. So there are 3 * 31 days + 28 + 2 * 30 days + 19 days = 93 days + 28 + 60 days + 19 days = <<3*31+28+2*30+19=200>>200 days until Andy's birthday.
He wants to lose 30 lbs. At 3500 calories per pound, this is 30 * 3500 = <<30*3500=105000>>105,000 calories total,
To reach his goal, he will have to burn 105,000 calories / 200 days = <<105000/200=525>>525 calories per day more than he consumes.
#### 525
2025-08-06 06:31:26,171 - INFO - 提取参考答案: 525
2025-08-06 06:31:26,172 - INFO - 生成答案: 

Step 1:First, read the problem and identify what we need to find. We need to find the number of calories Andy needs to burn each day to reach his goal.

Step 2:Next, set up equations and perform the...
2025-08-06 06:31:26,172 - INFO - 提取答案: 3500
2025-08-06 06:31:26,173 - INFO - 投票统计: {'voting_method': 'majority', 'best_answer': '3500', 'vote_count': 2, 'total_paths': 10, 'valid_paths': 10, 'confidence': 0.2, 'answer_distribution': {'1141': 1, '3500': 2, '500': 2, '1128': 1, '1131': 1, '389': 1, '494': 1, '493': 1}, 'selected_path_idx': 1}
2025-08-06 06:31:26,174 - INFO - ==================================================
2025-08-06 06:31:26,174 - INFO - 
==================================================
2025-08-06 06:31:26,175 - INFO - 样本 204: An air conditioner cools a room 2 degrees an hour on low and 3 degrees an hour on high. The room wil...
2025-08-06 06:31:26,176 - INFO - 参考答案: The air conditioner ran for 3 hours on low, so the temperature dropped 2 * 3 = <<3*2=6>>6 degrees.
It then ran for 4 hours on high, so the temperature dropped another 3 * 4 = <<3*4=12>>12 degrees.
It was then turned off for 2 hours, so the temperature rose 2 * 2 = <<2*2=4>>4 degrees.
Thus, the final temperature was 6 + 12 - 4 = <<6+12-4=14>>14 degrees lower than the starting temperature.
#### 14
2025-08-06 06:31:26,176 - INFO - 提取参考答案: 14
2025-08-06 06:31:26,177 - INFO - 生成答案: 

Step 1:First, read the problem and identify what we need to find. We need to find the difference between the starting temperature and the final temperature.

Step 2:Next, set up equations and perfor...
2025-08-06 06:31:26,178 - INFO - 提取答案: -2
2025-08-06 06:31:26,178 - INFO - 投票统计: {'voting_method': 'majority', 'best_answer': '-2', 'vote_count': 4, 'total_paths': 10, 'valid_paths': 10, 'confidence': 0.4, 'answer_distribution': {'-2': 4, '10': 2, '-10': 2, '2': 1, '-14': 1}, 'selected_path_idx': 0}
2025-08-06 06:31:26,179 - INFO - ==================================================
2025-08-06 06:31:26,180 - INFO - 
==================================================
2025-08-06 06:31:26,181 - INFO - 样本 208: Carmen goes to an auction to win an antique desk. She accepts the opening bid of $200 and continues ...
2025-08-06 06:31:26,181 - INFO - 参考答案: 3 other people are bidding on the desk so there are 3 bids * $50 per bid = $<<3*50=150>>150 added to the cost of the desk by other people.
Carmen also has to bid against each person, so she also adds 3 bids * $50 per bid = $<<3*50=150>>150 to the overall cost.
So in these bids, there has been a total of $150 + $150 = $<<150+150=300>>300 added to the initial cost of the desk.
The desk therefore costs $200 opening bid + $300 added cost = $<<200+300=500>>500.
#### 500
2025-08-06 06:31:26,182 - INFO - 提取参考答案: 500
2025-08-06 06:31:26,183 - INFO - 生成答案: 

Step 1:First, read the problem and identify what we need to find. We need to find the total amount of money Carmen paid for the desk.

Step 2:Next, set up equations and perform the calculations. The...
2025-08-06 06:31:26,183 - INFO - 提取答案: 1100
2025-08-06 06:31:26,184 - INFO - 投票统计: {'voting_method': 'majority', 'best_answer': '1100', 'vote_count': 3, 'total_paths': 10, 'valid_paths': 10, 'confidence': 0.3, 'answer_distribution': {'1100': 3, '500': 1, '1400': 1, '750': 1, '1500': 1, '250': 1, '1650': 1, '2500': 1}, 'selected_path_idx': 0}
2025-08-06 06:31:26,185 - INFO - ==================================================
2025-08-06 06:31:26,186 - INFO - 
==================================================
2025-08-06 06:31:26,186 - INFO - 样本 214: Bob had 7 fish in his ornamental fish pond. 3 were orange, and 4 were white. He decided he wanted to...
2025-08-06 06:31:26,187 - INFO - 参考答案: Bob started with 7 fish and bought seventeen, so he had 7 + 17 = <<7+17=24>>24 fish.
Let x = the number of white fish.
Bob has twice as many orange fish as white fish, so 2*x + x = 24 fish
3*x = 24
x = 24/3 = <<24/3=8>>8 white fish.
Bob started with 4 white fish, so he bought 8 - 4 = 4 white fish at the store.
#### 4
2025-08-06 06:31:26,188 - INFO - 提取参考答案: 4
2025-08-06 06:31:26,188 - INFO - 生成答案: 

Step 1:First, read the problem and identify what we need to find. We need to find the number of white fish that Bob bought at the store.

Step 2:Next, set up equations and perform the calculations. ...
2025-08-06 06:31:26,189 - INFO - 提取答案: 6
2025-08-06 06:31:26,190 - INFO - 投票统计: {'voting_method': 'majority', 'best_answer': '6', 'vote_count': 3, 'total_paths': 10, 'valid_paths': 10, 'confidence': 0.3, 'answer_distribution': {'13': 1, '7': 1, '\\frac{5}{3}': 1, '6': 3, '4': 3, '2': 1}, 'selected_path_idx': 3}
2025-08-06 06:31:26,190 - INFO - ==================================================
2025-08-06 06:31:26,191 - INFO - 
==================================================
2025-08-06 06:31:26,192 - INFO - 样本 218: 48 people are riding a bus. On the first stop, 8 passengers get off, and 5 times as many people as t...
2025-08-06 06:31:26,192 - INFO - 参考答案: At the first stop, 5 * 8 = <<5*8=40>>40 passengers get on the bus.
After the first stop the bus has ( 48 - 8 ) + 40 = <<48-8+40=80>>80 passengers.
At the second stop, 21 / 3 = <<21/3=7>>7 passengers get on the bus.
After the second stop there are ( 80 - 21 ) + 7 = <<80-21+7=66>>66 passengers.
#### 66
2025-08-06 06:31:26,193 - INFO - 提取参考答案: 66
2025-08-06 06:31:26,194 - INFO - 生成答案: 

Step 1:First, read the problem and identify what we need to find. We need to find the number of passengers who are riding the bus after the second stop.

Step 2:Next, set up equations and perform th...
2025-08-06 06:31:26,195 - INFO - 提取答案: 122
2025-08-06 06:31:26,195 - INFO - 投票统计: {'voting_method': 'majority', 'best_answer': '122', 'vote_count': 7, 'total_paths': 10, 'valid_paths': 10, 'confidence': 0.7, 'answer_distribution': {'122': 7, '66': 1, '61': 1, '83': 1}, 'selected_path_idx': 0}
2025-08-06 06:31:26,196 - INFO - ==================================================
2025-08-06 06:31:26,197 - INFO - 
==================================================
2025-08-06 06:31:26,197 - INFO - 样本 222: Maggie's oven is malfunctioning. When she sets it to 450 the actual temperature is 468. If it's off ...
2025-08-06 06:31:26,198 - INFO - 参考答案: The oven off by 18 degrees because 468 - 450 = <<468-450=18>>18
The oven is off by 4% because 18 / 450 x 100 = <<18/450*100=4>>4%
Therefore X + .04X = 520
Therefore 1.04X = 520
The temperature to set it is 500 because 520 / 1.04 = <<520/1.04=500>>500
#### 500
2025-08-06 06:31:26,199 - INFO - 提取参考答案: 500
2025-08-06 06:31:26,199 - INFO - 生成答案: 

Step 1:First, read the problem and identify what we need to find. We need to find the temperature that Maggie should set her oven to if her recipe calls for 520 degrees.

Step 2:Next, set up equatio...
2025-08-06 06:31:26,200 - INFO - 提取答案: 538
2025-08-06 06:31:26,201 - INFO - 投票统计: {'voting_method': 'majority', 'best_answer': '538', 'vote_count': 2, 'total_paths': 10, 'valid_paths': 10, 'confidence': 0.2, 'answer_distribution': {'529.6': 1, '538': 2, '540.4': 1, '539': 1, '502': 1, '520': 2, '469': 1, '540.2': 1}, 'selected_path_idx': 1}
2025-08-06 06:31:26,202 - INFO - ==================================================
2025-08-06 06:31:26,202 - INFO - 
==================================================
2025-08-06 06:31:26,203 - INFO - 样本 223: Calvin is making soup for his family for dinner. He has a pot with enough soup to fill four adult's ...
2025-08-06 06:31:26,204 - INFO - 参考答案: Four adult bowls equal eight children’s bowls, so each adult bowl is 8 / 4 = <<8/4=2>>2 children’s bowls.
Calvin and his wife will eat two adult bowls, so they will eat the equivalent of 2 * 2 = <<2*2=4>>4 children’s bowls.
Thus, he, his wife, and their children will eat 4 + 2 = <<4+2=6>>6 children’s bowls at dinner.
After dinner, there will be 8 - 6 = <<8-6=2>>2 children’s bowls left over.
There are 2 children, so each child will be able to eat a bowl of leftover soup for lunch 2 / 2 = <<2/2=1>>1 time.
#### 1
2025-08-06 06:31:26,204 - INFO - 提取参考答案: 1
2025-08-06 06:31:26,205 - INFO - 生成答案: 

Step 1:First, read the problem and identify what we need to find. We need to find out how many times each child can have a bowl of soup for lunch from the leftover soup.

Step 2:Next, set up equatio...
2025-08-06 06:31:26,206 - INFO - 提取答案: 6
2025-08-06 06:31:26,206 - INFO - 投票统计: {'voting_method': 'majority', 'best_answer': '6', 'vote_count': 4, 'total_paths': 10, 'valid_paths': 10, 'confidence': 0.4, 'answer_distribution': {'2': 2, '0': 2, '6': 4, '5': 1, '4': 1}, 'selected_path_idx': 2}
2025-08-06 06:31:26,207 - INFO - ==================================================
2025-08-06 06:31:26,208 - INFO - 
==================================================
2025-08-06 06:31:26,208 - INFO - 样本 224: Patty's Plumbing charges $40 to visit a house to make a repair, plus $35 per hour, or part thereof, ...
2025-08-06 06:31:26,209 - INFO - 参考答案: She charged for 3 hours.
The total cost from the hourly rate was 3*35=$<<3*35=105>>105.
She charged 40+105+60=<<40+105+60=205>>205.
#### 205
2025-08-06 06:31:26,210 - INFO - 提取参考答案: 205
2025-08-06 06:31:26,211 - INFO - 生成答案: 

Step 1:First, read the problem and identify what we need to find. We need to find the total amount that Patty charged for the job.

Step 2:Next, set up equations and perform the calculations. The la...
2025-08-06 06:31:26,211 - INFO - 提取答案: 178.75
2025-08-06 06:31:26,212 - INFO - 投票统计: {'voting_method': 'majority', 'best_answer': '178.75', 'vote_count': 5, 'total_paths': 10, 'valid_paths': 10, 'confidence': 0.5, 'answer_distribution': {'178.75': 5, '205': 2, '178.25': 2, '170': 1}, 'selected_path_idx': 0}
2025-08-06 06:31:26,213 - INFO - ==================================================
2025-08-06 06:31:26,214 - INFO - 
==================================================
2025-08-06 06:31:26,214 - INFO - 样本 225: Katarina has 5 less cookies than Max has. Max has 12 more cookies than the Cookie Monster, and Summe...
2025-08-06 06:31:26,215 - INFO - 参考答案: Max’s has a total of 68+5 = <<68+5=73>>73 cookies.
Cookie Monster’s total amount of cookies is 73-12 = <<73-12=61>>61.
Summer’s total cookie amount is 73+23 = <<73+23=96>>96.
Total amount of cookies 68+73+61+96 = <<68+73+61+96=298>>298.
#### 298
2025-08-06 06:31:26,216 - INFO - 提取参考答案: 298
2025-08-06 06:31:26,216 - INFO - 生成答案: 

Step 1:First, read the problem and identify what we need to find. We need to find the total number of cookies that Katarina, Max, and the Cookie Monster have.

Step 2:Next, set up equations and perf...
2025-08-06 06:31:26,217 - INFO - 提取答案: 202
2025-08-06 06:31:26,218 - INFO - 投票统计: {'voting_method': 'majority', 'best_answer': '202', 'vote_count': 5, 'total_paths': 10, 'valid_paths': 10, 'confidence': 0.5, 'answer_distribution': {'226': 3, '202': 5, '298': 2}, 'selected_path_idx': 2}
2025-08-06 06:31:26,218 - INFO - ==================================================
2025-08-06 06:31:26,219 - INFO - 
==================================================
2025-08-06 06:31:26,220 - INFO - 样本 226: Ada's daily electric consumption is 12 kilowatts per hour. She is planning to add a device that will...
2025-08-06 06:31:26,220 - INFO - 参考答案: Ada's weekly electric consumption before adding the new device is 12 x 7 = <<12*7=84>>84.
So, her weekly electric bill is 84 x $1.50 = $<<84*1.5=126>>126.
Ada's daily electric consumption after adding the new device is 12 + 2 = <<12+2=14>>14.
So her weekly electric consumption after adding the new device is 14 x 7= <<14*7=98>>98 kilowatts per hour.
Ada's new electric bill per week will be 98 x $1.50 = $<<98*1.5=147>>147
Therefore, the difference between the bill before and after she adds the new device is $147 - $126 = $<<147-126=21>>21.
#### 21
2025-08-06 06:31:26,221 - INFO - 提取参考答案: 21
2025-08-06 06:31:26,222 - INFO - 生成答案: 

Step 1:First, read the problem and identify what we need to find. We need to find the difference between Ada's weekly electric bill before and after she adds the new device.

Step 2:Next, set up equ...
2025-08-06 06:31:26,223 - INFO - 提取答案: 14
2025-08-06 06:31:26,223 - INFO - 投票统计: {'voting_method': 'majority', 'best_answer': '14', 'vote_count': 6, 'total_paths': 10, 'valid_paths': 10, 'confidence': 0.6, 'answer_distribution': {'63': 1, '14': 6, '21': 3}, 'selected_path_idx': 1}
2025-08-06 06:31:26,224 - INFO - ==================================================
2025-08-06 06:31:26,225 - INFO - 
==================================================
2025-08-06 06:31:26,225 - INFO - 样本 228: Cole wanted to buy new jeans for a dance contest. At the store, he couldn't decide between tattered ...
2025-08-06 06:31:26,226 - INFO - 参考答案: Cole saved $6 x 1/3 = $<<6*1/3=2>>2 on the jogger jeans.
So, he saved $6 - $2 = $<<6-2=4>>4 on the tattered jeans.
The original price of the jogger jeans is $22 + $2 = $<<22+2=24>>24.
Cole bought the tattered jeans for $<<28=28>>28
Hence, the original price of the tattered jeans is $28 + $4 = $<<28+4=32>>32.
Therefore, jogger jeans originally cost $32 - $24 = $<<32-24=8>>8 more than the tattered jeans.
#### 8
2025-08-06 06:31:26,227 - INFO - 提取参考答案: 8
2025-08-06 06:31:26,227 - INFO - 生成答案: 

Step 1:First, read the problem and identify what we need to find. We need to find the original price of the jogger jeans.

Step 2:Next, set up equations and perform the calculations. Let's say the o...
2025-08-06 06:31:26,228 - INFO - 提取答案: 6
2025-08-06 06:31:26,229 - INFO - 投票统计: {'voting_method': 'majority', 'best_answer': '6', 'vote_count': 6, 'total_paths': 10, 'valid_paths': 10, 'confidence': 0.6, 'answer_distribution': {'6': 6, '2': 1, '3': 1, '4': 1, '\\frac{30}{5}': 1}, 'selected_path_idx': 0}
2025-08-06 06:31:26,229 - INFO - ==================================================
2025-08-06 06:31:26,230 - INFO - 
==================================================
2025-08-06 06:31:26,231 - INFO - 样本 235: Dennis uses 1 pound of butter for every dozen croissants that he makes.  He needs to make 6 dozen cr...
2025-08-06 06:31:26,232 - INFO - 参考答案: 1 pound of butter makes 1 dozen croissants and he needs to make 6 dozen so he needs 1*6 = <<1*6=6>>6 pounds of butter
The butter is $4.00 a pound and currently on sale for buy one get one half off so every unit of 2 pounds of butter will cost 4*1.5 = $<<4*1.5=6.00>>6.00
He needs 6 pounds of butter and the current promotion is for a unit of 2 pounds of butter so he needs to buy 6/2 = <<6/2=3>>3 units worth of butter
The sale price is $6.00 per 2 pounds of butter and he needs to buy 3 units of butter so 6*3 = $<<6*3=18.00>>18.00 worth of butter
#### 18
2025-08-06 06:31:26,232 - INFO - 提取参考答案: 18
2025-08-06 06:31:26,233 - INFO - 生成答案: 

Step 1:First, read the problem and identify what we need to find. We need to find the total cost of the butter that Dennis will purchase.

Step 2:Next, set up equations and perform the calculations....
2025-08-06 06:31:26,234 - INFO - 提取答案: 12
2025-08-06 06:31:26,234 - INFO - 投票统计: {'voting_method': 'majority', 'best_answer': '12', 'vote_count': 3, 'total_paths': 10, 'valid_paths': 10, 'confidence': 0.3, 'answer_distribution': {'12': 3, '24': 3, '36': 1, '18': 1, '22': 1, '16.50': 1}, 'selected_path_idx': 0}
2025-08-06 06:31:26,235 - INFO - ==================================================
2025-08-06 06:31:26,236 - INFO - 
==================================================
2025-08-06 06:31:26,237 - INFO - 样本 244: Every day Charisma meditates for 15 minutes when she first wakes up and again before she goes to sle...
2025-08-06 06:31:26,237 - INFO - 参考答案: She meditates for 15 minutes in the morning and 15 minutes at night for a total of 15+15 = <<15+15=30>>30 minutes
She meditates 30 minutes daily so in 7 days/1 week she meditates 30*7 = <<30*7=210>>210 minutes
She meditates 210 minutes in 1 week so in 4 weeks she meditates 210*4 = <<210*4=840>>840 minutes
60 minutes are in an hour so she meditates for 840/60 = <<840/60=14>>14 hours
She practices yoga for 1 hour 5 days a week so that's 1*5 = <<1*5=5>>5 hours
Over 4 weeks she practices yoga for 4*5 = <<4*5=20>>20 hours
She spends 14 hours meditating and 20 hours practicing yoga for a total of 14+20 = <<14+20=34>>34 hours
#### 34
2025-08-06 06:31:26,238 - INFO - 提取参考答案: 34
2025-08-06 06:31:26,239 - INFO - 生成答案: 

Step 1:First, read the problem and identify what we need to find. We need to find the total time Charisma spent on meditation and yoga practice in 4 weeks.

Step 2:Next, set up equations and perform...
2025-08-06 06:31:26,239 - INFO - 提取答案: 2040
2025-08-06 06:31:26,240 - INFO - 投票统计: {'voting_method': 'majority', 'best_answer': '2040', 'vote_count': 4, 'total_paths': 10, 'valid_paths': 10, 'confidence': 0.4, 'answer_distribution': {'2520': 1, '2640': 1, '1320': 2, '2040': 4, '22': 1, '34': 1}, 'selected_path_idx': 3}
2025-08-06 06:31:26,241 - INFO - ==================================================
2025-08-06 06:31:26,242 - INFO - 
==================================================
2025-08-06 06:31:26,242 - INFO - 样本 245: Jenny goes to the florist to buy some flowers. Roses cost $2 each and $15 for a dozen. If she bought...
2025-08-06 06:31:26,243 - INFO - 参考答案: Jenny has $25 because 5 x 5 = <<5*5=25>>25
She buys 1 dozen roses and 3 single roses because 15 - 12 - 3 = <<15-12-3=0>>0
She spends $6 on the single roses because 3 x 2 = <<3*2=6>>6
She spends $21 on roses because 15 + 6 = <<15+6=21>>21
She gets $4 in change because 25 - 21 = <<25-21=4>>4
She gets 16 quarters because 4 x 4 = <<4*4=16>>16
#### 16
2025-08-06 06:31:26,244 - INFO - 提取参考答案: 16
2025-08-06 06:31:26,244 - INFO - 生成答案: 

Step 1:First, read the problem and identify what we need to find. We need to find the number of quarters Jenny leaves with.

Step 2:Next, set up equations and perform the calculations. The cost of 1...
2025-08-06 06:31:26,245 - INFO - 提取答案: 20
2025-08-06 06:31:26,246 - INFO - 投票统计: {'voting_method': 'majority', 'best_answer': '20', 'vote_count': 4, 'total_paths': 10, 'valid_paths': 10, 'confidence': 0.4, 'answer_distribution': {'0': 2, '20': 4, '100': 1, '5': 2, '40': 1}, 'selected_path_idx': 1}
2025-08-06 06:31:26,246 - INFO - ==================================================
2025-08-06 06:31:26,247 - INFO - 
==================================================
2025-08-06 06:31:26,248 - INFO - 样本 247: Last month, Tasha made $80 from selling lemonade and mowing lawns. The first week, she mowed Kamala'...
2025-08-06 06:31:26,248 - INFO - 参考答案: At Kamala's Tasha made three times what she made mowing Joe's lawn, which gives 3 * 6 = <<3*6=18>>18 dollars
Since the lawn mowing sessions at Alba's were 5 times those at Joe's Tasha also made 5 * 6 = <<5*6=30>>30 dollars.
Adding up all the money earned from lawn mowing gives 6 + 18 + 30 = <<6+18+30=54>>54 dollars
Subtracting the lawn mowing money from the total amount gives us 80 - 54 = <<80-54=26>>26 dollars
Tasha therefore made 26 dollars selling lemonade.
#### 26
2025-08-06 06:31:26,249 - INFO - 提取参考答案: 26
2025-08-06 06:31:26,250 - INFO - 生成答案: 

Step 1:First, read the problem and identify what we need to find. We need to find the amount of money Tasha made from selling lemonade.

Step 2:Next, set up equations and perform the calculations. L...
2025-08-06 06:31:26,251 - INFO - 提取答案: 32
2025-08-06 06:31:26,251 - INFO - 投票统计: {'voting_method': 'majority', 'best_answer': '32', 'vote_count': 2, 'total_paths': 10, 'valid_paths': 10, 'confidence': 0.2, 'answer_distribution': {'64': 1, '80/48': 1, '26': 1, '32': 2, '20': 1, '80': 2, '74': 1, '29': 1}, 'selected_path_idx': 3}
2025-08-06 06:31:26,252 - INFO - ==================================================
2025-08-06 06:31:26,253 - INFO - 
==================================================
2025-08-06 06:31:26,253 - INFO - 样本 249: Arnold, Madeline, Camden, and Sarah painted 56 easter eggs. Arnold and Madeline painted the same num...
2025-08-06 06:31:26,254 - INFO - 参考答案: Arnold and Madeline painted 56 - 30 = <<56-30=26>>26 easter eggs.
Arnold and Madeline each painted 26/2 = <<26/2=13>>13 easter eggs.
Sarah painted (30 - 12)/2 = 18/2 = <<(30-12)/2=9>>9 easter eggs.
Camden painted 9 + 12 = <<9+12=21>>21 easter eggs.
Camden painted 21 - 13 = <<21-13=8>>8 eggs more than Arnold.
#### 8
2025-08-06 06:31:26,255 - INFO - 提取参考答案: 8
2025-08-06 06:31:26,255 - INFO - 生成答案: 

Step 1:First, read the problem and identify what we need to find. We need to find the difference in the number of eggs painted by Camden and Arnold.

Step 2:Next, set up equations and perform the ca...
2025-08-06 06:31:26,256 - INFO - 提取答案: 12
2025-08-06 06:31:26,257 - INFO - 投票统计: {'voting_method': 'majority', 'best_answer': '12', 'vote_count': 2, 'total_paths': 10, 'valid_paths': 10, 'confidence': 0.2, 'answer_distribution': {'13': 1, '12': 2, '3': 1, '7': 1, '1': 1, '0': 1, '21': 1, '56': 1, '10': 1}, 'selected_path_idx': 1}
2025-08-06 06:31:26,258 - INFO - ==================================================
2025-08-06 06:31:26,258 - INFO - 
==================================================
2025-08-06 06:31:26,259 - INFO - 样本 250: Lauren is a cartoonist.  She can draw 5 large-sized picture scenes per day, or she can draw 6 medium...
2025-08-06 06:31:26,260 - INFO - 参考答案: At 5 small-sized picture scenes per day, 45 small-sized scenes will take 45/5 = <<45/5=9>>9 days.
At 6 medium-sized picture scenes per day, 36 medium-sized scenes will take 36/6 = <<36/6=6>>6 days.
At 7 large-sized picture scenes per day, 49 large-sized scenes will take 49/7 = <<49/7=7>>7 days.
Altogether, the entire project will take 9 + 6 +7 = <<9+6+7=22>>22 days to complete.
#### 22
2025-08-06 06:31:26,260 - INFO - 提取参考答案: 22
2025-08-06 06:31:26,261 - INFO - 生成答案: 

Step 1:First, read the problem and identify what we need to find. We need to find the number of days it will take for Lauren to create all of the picture scenes.

Step 2:Next, set up equations and p...
2025-08-06 06:31:26,262 - INFO - 提取答案: 9
2025-08-06 06:31:26,262 - INFO - 投票统计: {'voting_method': 'majority', 'best_answer': '9', 'vote_count': 4, 'total_paths': 10, 'valid_paths': 10, 'confidence': 0.4, 'answer_distribution': {'9': 4, '42': 1, '22': 2, '15': 1, 'Nosolution': 1, '1': 1}, 'selected_path_idx': 0}
2025-08-06 06:31:26,263 - INFO - ==================================================
2025-08-06 06:31:26,264 - INFO - 
==================================================
2025-08-06 06:31:26,265 - INFO - 样本 267: Kenny is selling his Pokemon cards to buy a ticket to an amusement park, which costs $100. He has a ...
2025-08-06 06:31:26,265 - INFO - 参考答案: He made $150 selling the cards because 100 + 50 = <<100+50=150>>150
He sold 100 cards because 150 / 1.5 = <<150/1.5=100>>100
The cards he sold were 2/3 of his collection because 1 - (1/3) = 2/3
He started with 150 cards because 100 / (2/3) = <<100/(2/3)=150>>150
#### 150
2025-08-06 06:31:26,266 - INFO - 提取参考答案: 150
2025-08-06 06:31:26,267 - INFO - 生成答案: 

Step 1:First, read the problem and identify what we need to find. We need to find the number of cards Kenny started with.

Step 2:Next, set up equations and perform the calculations. Let's say Kenny...
2025-08-06 06:31:26,267 - INFO - 提取答案: 67
2025-08-06 06:31:26,268 - INFO - 投票统计: {'voting_method': 'majority', 'best_answer': '67', 'vote_count': 3, 'total_paths': 10, 'valid_paths': 10, 'confidence': 0.3, 'answer_distribution': {'33': 2, '67': 3, '100': 1, '101': 1, '150': 1, '49': 1, '90': 1}, 'selected_path_idx': 1}
2025-08-06 06:31:26,269 - INFO - ==================================================
2025-08-06 06:31:26,270 - INFO - 
==================================================
2025-08-06 06:31:26,270 - INFO - 样本 269: 3 customers were kicked out of the Walmart for refusing to wear masks. A number equals to four times...
2025-08-06 06:31:26,271 - INFO - 参考答案: First quadruple the number of customers kicked out for not wearing masks: 4 * 3 customers = <<4*3=12>>12 customers
Then subtract 5 from this number: 12 customers - 5 customers = 7 customers
Then triple that number to find the number of people kicked out for violence: 7 customers * 3 = <<7*3=21>>21 customers
Then subtract the number of customers kicked out for each known reason to find the number kicked out for other reasons: 50 customers - 3 customers - 21 customers - 7 customers = <<50-3-21-7=19>>19 customers
#### 19
2025-08-06 06:31:26,272 - INFO - 提取参考答案: 19
2025-08-06 06:31:26,272 - INFO - 生成答案: 

Step 1:First, read the problem and identify what we need to find. We need to find the number of people who were kicked out for other reasons.

Step 2:Next, set up equations and perform the calculati...
2025-08-06 06:31:26,273 - INFO - 提取答案: 2
2025-08-06 06:31:26,274 - INFO - 投票统计: {'voting_method': 'majority', 'best_answer': '2', 'vote_count': 5, 'total_paths': 10, 'valid_paths': 10, 'confidence': 0.5, 'answer_distribution': {'2': 5, '0': 1, '14': 1, '8': 1, '19': 2}, 'selected_path_idx': 0}
2025-08-06 06:31:26,275 - INFO - ==================================================
2025-08-06 06:31:26,275 - INFO - 
==================================================
2025-08-06 06:31:26,276 - INFO - 样本 278: If Marcy works for the same company for 40 years, she gets an annual pension of $50,000/year. Starti...
2025-08-06 06:31:26,277 - INFO - 参考答案: First find how many years Marcy works after 20 years: 30 years - 20 years = <<30-20=10>>10 years
Then multiply that number by the amount of her pension she gets per year: 10 years * 5% = 50%
Then multiply that percentage by the total amount of the full pension to find how much she gets: $50,000 * 50% = $<<50000*50*.01=25000>>25,000
#### 25000
2025-08-06 06:31:26,278 - INFO - 提取参考答案: 25000
2025-08-06 06:31:26,278 - INFO - 生成答案: 

Step 1:First, read the problem and identify what we need to find. We need to find Marcy's annual pension after she quits the company after 30 years.

Step 2:Next, set up equations and perform the ca...
2025-08-06 06:31:26,279 - INFO - 提取答案: 100000
2025-08-06 06:31:26,280 - INFO - 投票统计: {'voting_method': 'majority', 'best_answer': '100000', 'vote_count': 3, 'total_paths': 10, 'valid_paths': 10, 'confidence': 0.3, 'answer_distribution': {'1040408.45': 1, '81444.50': 1, '58144.5': 1, '100000': 3, '50000+0.05x': 1, '54072.25': 1, '1081444.50': 1, '575000': 1}, 'selected_path_idx': 3}
2025-08-06 06:31:26,280 - INFO - ==================================================
2025-08-06 06:31:26,281 - INFO - 
==================================================
2025-08-06 06:31:26,282 - INFO - 样本 280: Michael is replacing the carpet in his bedroom.  The new carpet he's chosen costs $12 per square foo...
2025-08-06 06:31:26,282 - INFO - 参考答案: The room measures 18 * 12 = <<18*12=216>>216 square feet.
The new carpet costs $12 * 216 = $<<12*216=2592>>2,592.
The new carpet padding costs $2 * 216 = $<<2*216=432>>432.
To remove the old carpet, the contractor will charge $4 * 216 = $<<4*216=864>>864.
To install the new carpet, the contractor will charge $34 * 216 = $<<34*216=7344>>7,344.
The total cost will be $864 + $2,592 + $432 + $7,344 = $11,232.
#### 11232
2025-08-06 06:31:26,283 - INFO - 提取参考答案: 11232
2025-08-06 06:31:26,284 - INFO - 生成答案: 

Step 1:First, read the problem and identify what we need to find. We need to find the total cost of replacing the carpet.

Step 2:Next, set up equations and perform the calculations. The area of the...
2025-08-06 06:31:26,285 - INFO - 提取答案: 9632
2025-08-06 06:31:26,285 - INFO - 投票统计: {'voting_method': 'majority', 'best_answer': '9632', 'vote_count': 2, 'total_paths': 10, 'valid_paths': 10, 'confidence': 0.2, 'answer_distribution': {'9784': 1, '9632': 2, '10232': 1, '12332': 2, '11192': 1, '10512': 1, '11248': 1, '3888': 1}, 'selected_path_idx': 1}
2025-08-06 06:31:26,286 - INFO - ==================================================
2025-08-06 06:31:26,287 - INFO - 
==================================================
2025-08-06 06:31:26,287 - INFO - 样本 293: Elly is organizing her books on the new bookcases her parents bought her. Each of the middle 2 shelv...
2025-08-06 06:31:26,288 - INFO - 参考答案: The bottom shelf can hold 2 * 10 = <<2*10=20>>20 books.
The 2 middle shelves can hold a total of 2 * 10 = <<2*10=20>>20 books.
The top shelf can hold 20 – 5 = <<20-5=15>>15 books.
Each bookcase can hold a total of 20 books + 20 books + 15 books = <<20+20+15=55>>55 books.
To hold all of her books, she needs 110 / 55 = <<110/55=2>>2 bookcases.
#### 2
2025-08-06 06:31:26,289 - INFO - 提取参考答案: 2
2025-08-06 06:31:26,290 - INFO - 生成答案: 

Step 1:First, read the problem and identify what we need to find. We need to find the number of bookcases Elly needs to hold all of her books.

Step 2:Next, set up equations and perform the calculat...
2025-08-06 06:31:26,291 - INFO - 提取答案: 3
2025-08-06 06:31:26,292 - INFO - 投票统计: {'voting_method': 'majority', 'best_answer': '3', 'vote_count': 7, 'total_paths': 10, 'valid_paths': 10, 'confidence': 0.7, 'answer_distribution': {'3': 7, '5': 1, '4': 2}, 'selected_path_idx': 0}
2025-08-06 06:31:26,292 - INFO - ==================================================
2025-08-06 06:31:26,293 - INFO - 
==================================================
2025-08-06 06:31:26,294 - INFO - 样本 296: Andy's car fuel efficiency is 10 MPG (miles per gallon). If the current price for regular gas is $3/...
2025-08-06 06:31:26,294 - INFO - 参考答案: Between Monday to Friday there are 5 days
If the one-way distance between his home and office is 5 miles the total round trip distance Andy drives daily is 5*2 = <<5*2=10>>10 miles
That means he drives a total of 10 miles * 5 days = <<10*5=50>>50 miles per week
If his car's fuel efficiency is 10 MPG, then his car is consuming a total of 50 miles / 10 MPG = <<50/10=5>>5 gallons of gas each week
Given that each gallon of gas costs $3, then his car is consuming 5 * $3 = $<<5*3=15>>15 worth of gas each week
#### 15
2025-08-06 06:31:26,295 - INFO - 提取参考答案: 15
2025-08-06 06:31:26,296 - INFO - 生成答案: 

Step 1:First, read the problem and identify what we need to find. We need to find the amount of money Andy's car is consuming per week.

Step 2:Next, set up equations and perform the calculations. T...
2025-08-06 06:31:26,297 - INFO - 提取答案: 7.50
2025-08-06 06:31:26,297 - INFO - 投票统计: {'voting_method': 'majority', 'best_answer': '7.50', 'vote_count': 5, 'total_paths': 10, 'valid_paths': 10, 'confidence': 0.5, 'answer_distribution': {'7.50': 5, '7.5': 1, '15': 3, '37.5': 1}, 'selected_path_idx': 0}
2025-08-06 06:31:26,298 - INFO - ==================================================
2025-08-06 06:31:26,299 - INFO - 
==================================================
2025-08-06 06:31:26,299 - INFO - 样本 302: Rob, Royce, and Pedro are contractors getting ready to put a new roof on three homes. If the three h...
2025-08-06 06:31:26,300 - INFO - 参考答案: Let x be the number of cases of shingles for the second house
The first house needs 1/2 x cases of shingles
The third house needs 2(1/2)x=x cases of shingles
250=x+x+(1/2)x
250=(5/2)x
250(2/5)=100=x
The third house needs 100 cases of shingles
#### 100
2025-08-06 06:31:26,301 - INFO - 提取参考答案: 100
2025-08-06 06:31:26,301 - INFO - 生成答案: 

Step 1:First, read the problem and identify what we need to find. We need to find the number of cases of shingles the third house will need.

Step 2:Next, set up equations and perform the calculatio...
2025-08-06 06:31:26,302 - INFO - 提取答案: 62.5
2025-08-06 06:31:26,303 - INFO - 投票统计: {'voting_method': 'majority', 'best_answer': '62.5', 'vote_count': 2, 'total_paths': 10, 'valid_paths': 10, 'confidence': 0.2, 'answer_distribution': {'100': 1, '166': 1, '143': 1, '62.5': 2, '142': 1, '167': 1, '250': 1, '200': 1, '112': 1}, 'selected_path_idx': 3}
2025-08-06 06:31:26,304 - INFO - ==================================================
2025-08-06 06:31:26,304 - INFO - 
==================================================
2025-08-06 06:31:26,305 - INFO - 样本 304: Tara bought 8 packs of 5 canvas bags for $4 each. She painted them and sold them at a craft fair for...
2025-08-06 06:31:26,306 - INFO - 参考答案: The total number of bags is 8*5 = <<8*5=40>>40
The cost of the 40 bags is 40*4 = <<40*4=160>>160
Tara sold the 40 bags at 8 each earning her 40*8 = <<40*8=320>>320
Her profit was 320-160 = <<320-160=160>>160
#### 160
2025-08-06 06:31:26,306 - INFO - 提取参考答案: 160
2025-08-06 06:31:26,307 - INFO - 生成答案: 

Step 1:First, read the problem and identify what we need to find. We need to find the profit that Tara earned on her bags.

Step 2:Next, set up equations and perform the calculations. The total cost...
2025-08-06 06:31:26,308 - INFO - 提取答案: 32
2025-08-06 06:31:26,308 - INFO - 投票统计: {'voting_method': 'majority', 'best_answer': '32', 'vote_count': 10, 'total_paths': 10, 'valid_paths': 10, 'confidence': 1.0, 'answer_distribution': {'32': 10}, 'selected_path_idx': 0}
2025-08-06 06:31:26,309 - INFO - ==================================================
2025-08-06 06:31:26,310 - INFO - 
==================================================
2025-08-06 06:31:26,311 - INFO - 样本 310: Sara wants to buy herself a new jacket and 2 pairs of shoes. The jacket she wants costs $30 and each...
2025-08-06 06:31:26,312 - INFO - 参考答案: Both pairs of shoes will cost a total of 2 * $20 = $<<2*20=40>>40.
Sara will need to save a total of $30 + $40 = $<<30+40=70>>70 to buy everything that she wants.
Sara has earned 4 * $5 = $<<4*5=20>>20 from babysitting.
Between her savings and the babysitting, Sara has already saved $10 + $20 = $<<10+20=30>>30.
Sara needs to earn an additional $70 - $30 = $<<70-30=40>>40 from mowing the lawn to afford her clothes.
Sara must mow the lawn $40 / $4 = <<40/4=10>>10 times to afford to buy the jacket and shoes.
#### 10
2025-08-06 06:31:26,312 - INFO - 提取参考答案: 10
2025-08-06 06:31:26,313 - INFO - 生成答案: 

Step 1:First, read the problem and identify what we need to find. We need to find the number of times Sara must mow the lawn before she can afford the jacket and shoes.

Step 2:Next, set up equation...
2025-08-06 06:31:26,314 - INFO - 提取答案: 15
2025-08-06 06:31:26,315 - INFO - 投票统计: {'voting_method': 'majority', 'best_answer': '15', 'vote_count': 6, 'total_paths': 10, 'valid_paths': 10, 'confidence': 0.6, 'answer_distribution': {'15': 6, '3': 3, '7': 1}, 'selected_path_idx': 0}
2025-08-06 06:31:26,315 - INFO - ==================================================
2025-08-06 06:31:26,316 - INFO - 
==================================================
2025-08-06 06:31:26,317 - INFO - 样本 314: Ben bought a car for $20000 in 2007. The price of the car depreciates at a constant rate of 21% per ...
2025-08-06 06:31:26,317 - INFO - 参考答案: The price of the car depreciates of 20000 * 21% = $<<20000*21*.01=4200>>4200 per year.
Ben had the car for 2010 - 2007 = <<2010-2007=3>>3 years.
The price of the car depreciates 4200 * 3 = $<<4200*3=12600>>12600 from 2007 to 2010.
So the price of the car in the year 2010 is $20000 - $12600 = $<<20000-12600=7400>>7400.
#### 7400
2025-08-06 06:31:26,318 - INFO - 提取参考答案: 7400
2025-08-06 06:31:26,319 - INFO - 生成答案: 

Step 1:First, read the problem and identify what we need to find. We need to find the price of the car in the year 2010.

Step 2:Next, set up equations and perform the calculations. The price of the...
2025-08-06 06:31:26,320 - INFO - 提取答案: 10080
2025-08-06 06:31:26,320 - INFO - 投票统计: {'voting_method': 'majority', 'best_answer': '10080', 'vote_count': 3, 'total_paths': 10, 'valid_paths': 10, 'confidence': 0.3, 'answer_distribution': {'10080': 3, '9796.4': 1, '9816.4': 1, '9852': 2, '9840': 1, '10000': 1, '10240': 1}, 'selected_path_idx': 0}
2025-08-06 06:31:26,321 - INFO - ==================================================
2025-08-06 06:31:26,322 - INFO - 
==================================================
2025-08-06 06:31:26,322 - INFO - 样本 317: At the trip to the county-level scavenger hunt competition, 90 people were required to split into gr...
2025-08-06 06:31:26,323 - INFO - 参考答案: Since the total number of people at the competition was 90, they formed 90/9=<<90/9=10>>10 groups after splitting into 9-person groups.
If 3/5 of the number of groups each had members bringing back 2 seashells each, then 3/5*10=<<3/5*10=6>>6 groups had members bringing back 2 seashells.
Since each group had 9 people, the number of people in the 6 groups, who found 2 seashells each, was 6*9= <<6*9=54>>54.
The total number of seashells the 54 people brought is 54*2=<<54*2=108>>108 seashells.
#### 108
2025-08-06 06:31:26,324 - INFO - 提取参考答案: 108
2025-08-06 06:31:26,324 - INFO - 生成答案: 

Step 1:First, read the problem and identify what we need to find. We need to find the number of seashells that the groups brought back.

Step 2:Next, set up equations and perform the calculations. T...
2025-08-06 06:31:26,325 - INFO - 提取答案: 12
2025-08-06 06:31:26,326 - INFO - 投票统计: {'voting_method': 'majority', 'best_answer': '12', 'vote_count': 7, 'total_paths': 10, 'valid_paths': 10, 'confidence': 0.7, 'answer_distribution': {'12': 7, '972': 2, '108': 1}, 'selected_path_idx': 0}
2025-08-06 06:31:26,327 - INFO - ==================================================
2025-08-06 06:31:26,327 - INFO - 
==================================================
2025-08-06 06:31:26,328 - INFO - 样本 320: Ava and Emma want to know who is better at the new video game Ava got for her birthday. They are eac...
2025-08-06 06:31:26,329 - INFO - 参考答案: For jumping on enemies, Emma earns 8 * 10 = <<8*10=80>>80 fewer points than Ava.
For collecting berries, Emma earns 3 * 5 = <<3*5=15>>15 fewer points than Ava.
For finishing the level faster, Emma earns 4 * 30 = <<4*30=120>>120 more points than Ava.
Overall, Emma has 120 – 80 - 15 = <<120-80-15=25>>25 more points than Ava.
#### 25
2025-08-06 06:31:26,329 - INFO - 提取参考答案: 25
2025-08-06 06:31:26,330 - INFO - 生成答案: 

Step 1:First, read the problem and identify what we need to find. We need to find the difference between Ava's score and Emma's score.

Step 2:Next, set up equations and perform the calculations. Le...
2025-08-06 06:31:26,331 - INFO - 提取答案: 50
2025-08-06 06:31:26,331 - INFO - 投票统计: {'voting_method': 'majority', 'best_answer': '50', 'vote_count': 1, 'total_paths': 10, 'valid_paths': 10, 'confidence': 0.1, 'answer_distribution': {'50': 1, '30': 1, 'x+10': 1, '20': 1, '170': 1, '25': 1, '120': 1, '55': 1, '-160': 1, '10': 1}, 'selected_path_idx': 0}
2025-08-06 06:31:26,332 - INFO - ==================================================
2025-08-06 06:31:26,334 - INFO - 
==================================================
2025-08-06 06:31:26,334 - INFO - 样本 327: Sasha and Julie are best friends playing on opposing basketball teams. The teams have two practice g...
2025-08-06 06:31:26,335 - INFO - 参考答案: In the first game, Sasha scored 14 points, and Julie scored four fewer points: 14-4 = <<14-4=10>>10 points.
In the second game, Sasha scored 6 points fewer than Julie's score in the first game, meaning she scored 10-6=<<10-6=4>>4 points.
Sasha scored 10+4=<<10+4=14>>14 points in the two games.
#### 14
2025-08-06 06:31:26,336 - INFO - 提取参考答案: 14
2025-08-06 06:31:26,336 - INFO - 生成答案: 

Step 1:First, read the problem and identify what we need to find. We need to find the total number of points Sasha scored during both games.

Step 2:Next, set up equations and perform the calculatio...
2025-08-06 06:31:26,337 - INFO - 提取答案: 18
2025-08-06 06:31:26,338 - INFO - 投票统计: {'voting_method': 'majority', 'best_answer': '18', 'vote_count': 10, 'total_paths': 10, 'valid_paths': 10, 'confidence': 1.0, 'answer_distribution': {'18': 10}, 'selected_path_idx': 0}
2025-08-06 06:31:26,338 - INFO - ==================================================
2025-08-06 06:31:26,339 - INFO - 
==================================================
2025-08-06 06:31:26,340 - INFO - 样本 328: Christina is planning a birthday party and needs .75 gift bags per invited guest, because 1/4 of att...
2025-08-06 06:31:26,340 - INFO - 参考答案: She needs 12 gift bags because 16 x .75 = <<16*.75=12>>12
She will spend $24 because 12 x 2 = <<12*2=24>>24
#### 24
2025-08-06 06:31:26,341 - INFO - 提取参考答案: 24
2025-08-06 06:31:26,342 - INFO - 生成答案: 

Step 1:First, read the problem and identify what we need to find. We need to find the total amount Christina will spend on gift bags.

Step 2:Next, set up equations and perform the calculations. Sin...
2025-08-06 06:31:26,343 - INFO - 提取答案: 18
2025-08-06 06:31:26,343 - INFO - 投票统计: {'voting_method': 'majority', 'best_answer': '18', 'vote_count': 8, 'total_paths': 10, 'valid_paths': 10, 'confidence': 0.8, 'answer_distribution': {'18': 8, '24': 2}, 'selected_path_idx': 0}
2025-08-06 06:31:26,344 - INFO - ==================================================
2025-08-06 06:31:26,345 - INFO - 
==================================================
2025-08-06 06:31:26,345 - INFO - 样本 329: Mrs. Tatiana owns a grocery store that sells different fruits and vegetables, which includes carrots...
2025-08-06 06:31:26,346 - INFO - 参考答案: In the first year, the price of carrots increases by 5/100*120 = $<<5/100*120=6>>6
After 3 years, the price of carrots will increase by $6*3 = $<<6*3=18>>18
The total price of carrots after three years will be 120+18 = $<<120+18=138>>138
#### 138
2025-08-06 06:31:26,347 - INFO - 提取参考答案: 138
2025-08-06 06:31:26,347 - INFO - 生成答案: 

Step 1:First, read the problem and identify what we need to find. We need to find the price of carrots after three years.

Step 2:Next, set up equations and perform the calculations. The price of ca...
2025-08-06 06:31:26,348 - INFO - 提取答案: 139
2025-08-06 06:31:26,349 - INFO - 投票统计: {'voting_method': 'majority', 'best_answer': '139', 'vote_count': 7, 'total_paths': 10, 'valid_paths': 10, 'confidence': 0.7, 'answer_distribution': {'140': 3, '139': 7}, 'selected_path_idx': 2}
2025-08-06 06:31:26,349 - INFO - ==================================================
2025-08-06 06:31:26,350 - INFO - 
==================================================
2025-08-06 06:31:26,351 - INFO - 样本 335: The Llesis family drove and hiked 6 hours to their vacation spot. They drove an average of 50 miles ...
2025-08-06 06:31:26,352 - INFO - 参考答案: Half the average speed of Llesis family driving is 50/2 = <<50/2=25>>25 miles per hour.
Hence, their average speed hiking was 25 - 5 = <<25-5=20>>20 miles per hour.
So, they hiked 20 x 1.5 = <<20*1.5=30>>30 miles.
It took them a total of 6 - 1.5 = <<6-1.5=4.5>>4.5 hours driving.
So, they drove 50 x 4.5 = <<50*4.5=225>>225 miles.
Therefore, their vacation spot was 30 + 225 = <<30+225=255>>255 miles far.
#### 255
2025-08-06 06:31:26,352 - INFO - 提取参考答案: 255
2025-08-06 06:31:26,353 - INFO - 生成答案: 

Step 1:First, read the problem and identify what we need to find. We need to find the distance to their vacation spot.

Step 2:Next, set up equations and perform the calculations. Let x be the speed...
2025-08-06 06:31:26,354 - INFO - 提取答案: 75
2025-08-06 06:31:26,354 - INFO - 投票统计: {'voting_method': 'majority', 'best_answer': '75', 'vote_count': 1, 'total_paths': 10, 'valid_paths': 10, 'confidence': 0.1, 'answer_distribution': {'75': 1, '407': 1, '10': 1, '375': 1, '301.5': 1, '300': 1, '225': 1, '-217.5': 1, '11.25': 1, '297.5': 1}, 'selected_path_idx': 0}
2025-08-06 06:31:26,355 - INFO - ==================================================
2025-08-06 06:31:26,356 - INFO - 
==================================================
2025-08-06 06:31:26,357 - INFO - 样本 345: 9 out of 10 cheerleaders are 64" tall.  The 10th cheerleader is 60" tall.  If they build a human pyr...
2025-08-06 06:31:26,357 - INFO - 参考答案: All but one cheerleader is 64" tall and these cheerleaders make up the bottom 3 layers of the pyramid. So, when standing on top of each other, they are 64*3 = <<64*3=192>>192" tall
The shortest cheerleader is at the top of the pyramid and is 60" tall so the pyramid is 192+60 = <<252=252>>252" tall
12" are in 1 foot and the pyramid is 252" tall so it's 252/12 = <<252/12=21>>21 feet tall
#### 21
2025-08-06 06:31:26,358 - INFO - 提取参考答案: 21
2025-08-06 06:31:26,359 - INFO - 生成答案: 

Step 1:First, read the problem and identify what we need to find. We need to find the height of the human pyramid in feet.

Step 2:Next, set up equations and perform the calculations. The total heig...
2025-08-06 06:31:26,359 - INFO - 提取答案: 48
2025-08-06 06:31:26,360 - INFO - 投票统计: {'voting_method': 'majority', 'best_answer': '48', 'vote_count': 2, 'total_paths': 10, 'valid_paths': 10, 'confidence': 0.2, 'answer_distribution': {'26': 1, '48': 2, '9.3': 1, '1059.2': 1, '58': 1, '52': 1, '47.52': 1, '48.9167': 1, '53': 1}, 'selected_path_idx': 1}
2025-08-06 06:31:26,361 - INFO - ==================================================
2025-08-06 06:31:26,362 - INFO - 
==================================================
2025-08-06 06:31:26,362 - INFO - 样本 358: Blake and Kelly are having a contest to see who can run the most in 15 minutes. They decide to do it...
2025-08-06 06:31:26,363 - INFO - 参考答案: Blake runs 200 yards for each back and forth because 100 x 2 = 200
He runs 3000 yards in total because 200 x 15 = <<200*15=3000>>3000
Kelly runs 200 yards at first because 100 x 2 = <<100*2=200>>200
She runs 80 yards each time she does a back and forth to the 40-yard line because 40 x 2 = <<40*2=80>>80
She runs 2720 from these back and forth because 34 x 80 = <<34*80=2720>>2720
She runs 2920 in total because 2720 + 200 = <<2720+200=2920>>2920
Blake won because 3000 > 2920
The winner ran 80 yards more than the loser because 3000 - 2920 = <<3000-2920=80>>80
#### 80
2025-08-06 06:31:26,364 - INFO - 提取参考答案: 80
2025-08-06 06:31:26,365 - INFO - 生成答案: 

Step 1:First, read the problem and identify what we need to find. We need to find the difference in the distance run by the winner and the loser.

Step 2:Next, set up equations and perform the calcu...
2025-08-06 06:31:26,365 - INFO - 提取答案: 280
2025-08-06 06:31:26,366 - INFO - 投票统计: {'voting_method': 'majority', 'best_answer': '280', 'vote_count': 4, 'total_paths': 10, 'valid_paths': 10, 'confidence': 0.4, 'answer_distribution': {'38': 1, '1320': 2, '280': 4, '1220': 3}, 'selected_path_idx': 2}
2025-08-06 06:31:26,367 - INFO - ==================================================
2025-08-06 06:31:26,367 - INFO - 
==================================================
2025-08-06 06:31:26,368 - INFO - 样本 360: Thomas withdraws $1000 in 20 dollar bills from the bank account.  He loses 10 bills while getting ho...
2025-08-06 06:31:26,369 - INFO - 参考答案: He withdrew 1000/20=<<1000/20=50>>50 bills
So he has 50-10=<<50-10=40>>40 bills left over
He uses half the bills to pay for something, so he has 40/2=<<40/2=20>>20 bills
He triples his money which gives him 20*3=<<20*3=60>>60 bills
So he has 60*20=$<<60*20=1200>>1200
Converting to 5s means he has 1200/5=<<1200/5=240>>240 bills
#### 240
2025-08-06 06:31:26,370 - INFO - 提取参考答案: 240
2025-08-06 06:31:26,370 - INFO - 生成答案: 

Step 1:First, read the problem and identify what we need to find. We need to find the number of 5 dollar bills Thomas has.

Step 2:Next, set up equations and perform the calculations. Thomas withdra...
2025-08-06 06:31:26,371 - INFO - 提取答案: 12
2025-08-06 06:31:26,372 - INFO - 投票统计: {'voting_method': 'majority', 'best_answer': '12', 'vote_count': 8, 'total_paths': 10, 'valid_paths': 10, 'confidence': 0.8, 'answer_distribution': {'12': 8, '24': 1, '510': 1}, 'selected_path_idx': 0}
2025-08-06 06:31:26,372 - INFO - ==================================================
2025-08-06 06:31:26,373 - INFO - 
==================================================
2025-08-06 06:31:26,374 - INFO - 样本 370: Solo has to read 4 pages from his Science textbook, 20 pages from his Social Studies textbook, 7 pag...
2025-08-06 06:31:26,374 - INFO - 参考答案: Solo has to read a total of 4 + 20 + 7 + 8 = <<4+20+7+8=39>>39 pages.
After Monday, he had a remainder of 39 - 15 = <<39-15=24>>24 pages to read.
To complete his reading, he must read 24/4 = <<24/4=6>>6 pages a day.
#### 6
2025-08-06 06:31:26,375 - INFO - 提取参考答案: 6
2025-08-06 06:31:26,376 - INFO - 生成答案: 

Step 1:First, read the problem and identify what we need to find. We need to find the average number of pages Solo needs to read in one day.

Step 2:Next, set up equations and perform the calculatio...
2025-08-06 06:31:26,377 - INFO - 提取答案: 9.75
2025-08-06 06:31:26,377 - INFO - 投票统计: {'voting_method': 'majority', 'best_answer': '9.75', 'vote_count': 6, 'total_paths': 10, 'valid_paths': 10, 'confidence': 0.6, 'answer_distribution': {'9.75': 6, '6': 4}, 'selected_path_idx': 0}
2025-08-06 06:31:26,378 - INFO - ==================================================
2025-08-06 06:31:26,380 - INFO - 
==================================================
2025-08-06 06:31:26,380 - INFO - 样本 382: Debra is monitoring a beehive to see how many bees come and go in a day. She sees 30 bees leave the ...
2025-08-06 06:31:26,381 - INFO - 参考答案: Debra first sees 30 bees leave the hive, then sees 1/2 that many return, 30 x 1/2 = <<30*1/2=15>>15 bees that return and 15 bees that are still away from the hive.
Debra sees twice as many bees as first left the hive--which was 30--fly from the hive in the next 6 hours, 30 x 2 = <<30*2=60>>60 bees that leave the hive.
In total, 30 + 60 = <<30+60=90>>90 bees left the hive.
There were 90 bees total that left the hive - 15 bees that already returned = <<90-15=75>>75 bees that return to the hive in the last 6 hours of the day.
#### 75
2025-08-06 06:31:26,382 - INFO - 提取参考答案: 75
2025-08-06 06:31:26,382 - INFO - 生成答案: 

Step 1:First, read the problem and identify what we need to find. We need to find the number of bees that Debra saw return to the hive in the last 6 hours of the day.

Step 2:Next, set up equations ...
2025-08-06 06:31:26,383 - INFO - 提取答案: 30
2025-08-06 06:31:26,384 - INFO - 投票统计: {'voting_method': 'majority', 'best_answer': '30', 'vote_count': 3, 'total_paths': 10, 'valid_paths': 10, 'confidence': 0.3, 'answer_distribution': {'30': 3, '45': 2, '0': 1, '15': 1, '75': 3}, 'selected_path_idx': 0}
2025-08-06 06:31:26,385 - INFO - ==================================================
2025-08-06 06:31:26,385 - INFO - 
==================================================
2025-08-06 06:31:26,386 - INFO - 样本 386: The ice cream parlor was offering a deal, buy 2 scoops of ice cream, get 1 scoop free.  Each scoop c...
2025-08-06 06:31:26,387 - INFO - 参考答案: Each scoop cost $1.50. If she buys 2, she gets one free. So it will cost her 2 * 1.50 = $<<2*1.50=3.00>>3.00 for thee scoops total.
If you break it down, 3 scoops of ice cream cost $3.00 so 3/3 = $<<3/3=1.00>>1.00 per scoop
Erin has $6.00 and each scoop ends up costing $1.00 each then 6/1 = <<6/1=6>>6 scoops total
#### 6
2025-08-06 06:31:26,387 - INFO - 提取参考答案: 6
2025-08-06 06:31:26,388 - INFO - 生成答案: 

Step 1:First, read the problem and identify what we need to find. We need to find the number of scoops of ice cream Erin should buy.

Step 2:Next, set up equations and perform the calculations. Sinc...
2025-08-06 06:31:26,389 - INFO - 提取答案: 2
2025-08-06 06:31:26,390 - INFO - 投票统计: {'voting_method': 'majority', 'best_answer': '2', 'vote_count': 3, 'total_paths': 10, 'valid_paths': 10, 'confidence': 0.3, 'answer_distribution': {'2': 3, '4': 3, '5': 3, '6': 1}, 'selected_path_idx': 0}
2025-08-06 06:31:26,390 - INFO - ==================================================
2025-08-06 06:31:26,391 - INFO - 
==================================================
2025-08-06 06:31:26,392 - INFO - 样本 387: Watson works a 10-hour shift each day, five days a week. He earns $10 per hour and gets a $300 bonus...
2025-08-06 06:31:26,392 - INFO - 参考答案: In a day, Watson makes 10 * 10 = $<<10*10=100>>100
If he works five days a week, the total number of days for the whole month is 5 * 4= <<5*4=20>>20 days.
Since he makes $100 per day, the total amount for the whole month is 20 * 100= $<<20*100=2000>>2000.
He also got a 300 * 4 = $<<300*4=1200>>1200 bonus because the company performed well in all the weeks of April.
At the end of April, he earned 2000 +1200 = $<<2000+1200=3200>>3200.
#### 3200
2025-08-06 06:31:26,393 - INFO - 提取参考答案: 3200
2025-08-06 06:31:26,394 - INFO - 生成答案: 

Step 1:First, read the problem and identify what we need to find. We need to find the total amount of money Watson made in April.

Step 2:Next, set up equations and perform the calculations. Watson ...
2025-08-06 06:31:26,394 - INFO - 提取答案: 24000
2025-08-06 06:31:26,395 - INFO - 投票统计: {'voting_method': 'majority', 'best_answer': '24000', 'vote_count': 3, 'total_paths': 10, 'valid_paths': 10, 'confidence': 0.3, 'answer_distribution': {'500': 1, '24000': 3, '16200': 1, '3200': 3, '2300': 1, '800': 1}, 'selected_path_idx': 1}
2025-08-06 06:31:26,396 - INFO - ==================================================
2025-08-06 06:31:26,397 - INFO - 
==================================================
2025-08-06 06:31:26,397 - INFO - 样本 391: Jordan wanted to surprise her mom with a homemade birthday cake.  From reading the instructions, she...
2025-08-06 06:31:26,398 - INFO - 参考答案: 1 hour is 60 minutes so we know that 2 hours to cool the cake is the same as 2*60 so <<2*60=120>>120 min
It will take Jordan 20 min to make the batter, 30 to bake, 120 to cool and 10 to frost so the cake will take 20 +30 +120 +10 = <<20+30+120+10=180>>180 minutes total
Jordan needs to convert 180 minutes to hours so 180/60 = <<180/60=3>>3 hours
If the cake needs to be finished by 5:00 pm and it will take 3 hours total to make then 5-3 = <<5-3=2>>2:00 pm is the latest she can start making the cake
#### 2
2025-08-06 06:31:26,399 - INFO - 提取参考答案: 2
2025-08-06 06:31:26,399 - INFO - 生成答案: 

Step 1:First, read the problem and identify what we need to find. We need to find the latest time of day that Jordan can start making the cake to be ready to serve it at 5:00 pm.

Step 2:Next, set u...
2025-08-06 06:31:26,400 - INFO - 提取答案: 2:00p
2025-08-06 06:31:26,401 - INFO - 投票统计: {'voting_method': 'majority', 'best_answer': '2:00p', 'vote_count': 9, 'total_paths': 10, 'valid_paths': 10, 'confidence': 0.9, 'answer_distribution': {'2:00p': 9, '2:00': 1}, 'selected_path_idx': 0}
2025-08-06 06:31:26,401 - INFO - ==================================================
2025-08-06 06:31:26,402 - INFO - 
==================================================
2025-08-06 06:31:26,403 - INFO - 样本 396: Sadie slept 8 hours on Monday. For the next two days, she slept 2 hours less, each, because she had ...
2025-08-06 06:31:26,404 - INFO - 参考答案: If on Monday she slept 8 hours, then she slept 8-2 = <<8-2=6>>6 hours on each of the next two days.
The total number of hours slept for the two days will be 6*2 = <<6*2=12>>12 hours.
If she slept 1 hour more for the rest of the week each day, then each day she slept 6+1 = <<6+1=7>>7 hours.
The total for the rest of the week will be 4*7 = <<4*7=28>>28 hours.
The total number of hours slept for the whole week will be 8+12+28 = <<8+12+28=48>>48 hours.
#### 48
2025-08-06 06:31:26,404 - INFO - 提取参考答案: 48
2025-08-06 06:31:26,405 - INFO - 生成答案: 

Step 1:First, read the problem and identify what we need to find. We need to find the total number of hours Sadie slept throughout the week.

Step 2:Next, set up equations and perform the calculatio...
2025-08-06 06:31:26,406 - INFO - 提取答案: 34
2025-08-06 06:31:26,406 - INFO - 投票统计: {'voting_method': 'majority', 'best_answer': '34', 'vote_count': 3, 'total_paths': 10, 'valid_paths': 10, 'confidence': 0.3, 'answer_distribution': {'55': 2, '29': 1, '28': 1, '23': 1, '40': 2, '34': 3}, 'selected_path_idx': 5}
2025-08-06 06:31:26,407 - INFO - ==================================================
2025-08-06 06:31:26,408 - INFO - 
==================================================
2025-08-06 06:31:26,409 - INFO - 样本 399: Ronnie was given $5 while Rissa was given thrice as much. After each of them had given an equal amou...
2025-08-06 06:31:26,409 - INFO - 参考答案: Rissa was given $5 x 3 = $<<5*3=15>>15.
After Rissa had given an amount to her sister, she has $15 x 4/5 = $<<15*4/5=12>>12 left.
This means she has given $15 - $12 = $<<15-12=3>>3.
Since Ronnie had given the same amount as Rissa, then Ronnie is left with $5 - $3 = $<<5-3=2>>2.
#### 2
2025-08-06 06:31:26,410 - INFO - 提取参考答案: 2
2025-08-06 06:31:26,411 - INFO - 生成答案: 

Step 1:First, read the problem and identify what we need to find. We need to find out how much money is left in Ronnie's money.

Step 2:Next, set up equations and perform the calculations. Let's say...
2025-08-06 06:31:26,411 - INFO - 提取答案: 0
2025-08-06 06:31:26,412 - INFO - 投票统计: {'voting_method': 'majority', 'best_answer': '0', 'vote_count': 2, 'total_paths': 10, 'valid_paths': 10, 'confidence': 0.2, 'answer_distribution': {'\\frac{4x}{5}': 1, '12': 1, '0': 2, '\\frac{12}{5}x': 1, '4': 1, '15': 1, '25': 1, '20': 1, '5': 1}, 'selected_path_idx': 2}
2025-08-06 06:31:26,413 - INFO - ==================================================
2025-08-06 06:31:26,413 - INFO - 
==================================================
2025-08-06 06:31:26,414 - INFO - 样本 401: John drinks a bottle of water every half hour.  A normal sudoku puzzle takes him 45 minutes.  An ext...
2025-08-06 06:31:26,415 - INFO - 参考答案: He drinks a bottle of water every 60/2=<<60/2=30>>30 minutes
It takes him 45*4=<<45*4=180>>180 minutes to solve an extreme sudoku
So he drinks 180/30=<<180/30=6>>6 bottles in that time
#### 6
2025-08-06 06:31:26,415 - INFO - 提取参考答案: 6
2025-08-06 06:31:26,416 - INFO - 生成答案: 

Step 1:First, read the problem and identify what we need to find. We need to find the number of bottles of water John drinks in the given time.

Step 2:Next, set up equations and perform the calcula...
2025-08-06 06:31:26,417 - INFO - 提取答案: 7.5
2025-08-06 06:31:26,418 - INFO - 投票统计: {'voting_method': 'majority', 'best_answer': '7.5', 'vote_count': 3, 'total_paths': 10, 'valid_paths': 10, 'confidence': 0.3, 'answer_distribution': {'7.5': 3, '7': 2, '8': 1, '15': 1, '360': 3}, 'selected_path_idx': 0}
2025-08-06 06:31:26,418 - INFO - ==================================================
2025-08-06 06:31:26,419 - INFO - 
==================================================
2025-08-06 06:31:26,420 - INFO - 样本 406: Susan orders 3 magazines that send 12 issues a year.  She has 1 magazine that sends 6 issues a year....
2025-08-06 06:31:26,420 - INFO - 参考答案: She has 3 magazines that send 12 issues so that’s 3*12 = <<3*12=36>>36 issues
Her last magazine sends her 4 times the amount of the 6 issue magazine so that’s 4*6 = <<4*6=24>>24 issues
All total she receives 36+24+6 = <<36+24+6=66>>66 magazine issues a year
#### 66
2025-08-06 06:31:26,421 - INFO - 提取参考答案: 66
2025-08-06 06:31:26,422 - INFO - 生成答案: 

Step 1:First, read the problem and identify what we need to find. We need to find the total number of magazines that Susan receives every year.

Step 2:Next, set up equations and perform the calcula...
2025-08-06 06:31:26,423 - INFO - 提取答案: 5
2025-08-06 06:31:26,423 - INFO - 投票统计: {'voting_method': 'majority', 'best_answer': '5', 'vote_count': 5, 'total_paths': 10, 'valid_paths': 10, 'confidence': 0.5, 'answer_distribution': {'5': 5, '42': 3, '3': 1, '66': 1}, 'selected_path_idx': 0}
2025-08-06 06:31:26,424 - INFO - ==================================================
2025-08-06 06:31:26,425 - INFO - 
==================================================
2025-08-06 06:31:26,425 - INFO - 样本 417: An interior design firm offers installation for $129.00.  It includes hanging 4 mirrors, 2 shelves, ...
2025-08-06 06:31:26,426 - INFO - 参考答案: The service includes 4 mirrors and she has 6 so that's 6-4 = <<6-4=2>>2 extra mirrors
An additional item is an extra $15.00 so that's 2*15 = $30.00
The service includes 1 chandelier and she has 2 so that's 2-1 = 1 extra chandelier
An additional item is an extra $15.00 so that's 1*15 = $<<1*15=15.00>>15.00
The service includes 10 pictures and she has 20 to that's 20-10 = <<20-10=10>>10 extra pictures
An additional item is an extra $15.00 so that's 10*15 = $<<10*15=150.00>>150.00
The service costs $129.00 and the extra mirrors are $30.00, the chandelier is $15.00 and the pictures are $150.00 for a total of 129+30+15+150 = $<<129+30+15+150=324.00>>324.00
#### 324
2025-08-06 06:31:26,427 - INFO - 提取参考答案: 324
2025-08-06 06:31:26,428 - INFO - 生成答案: 

Step 1:First, read the problem and identify what we need to find. We need to find the total cost of installing the additional items.

Step 2:Next, set up equations and perform the calculations. The ...
2025-08-06 06:31:26,428 - INFO - 提取答案: 549
2025-08-06 06:31:26,429 - INFO - 投票统计: {'voting_method': 'majority', 'best_answer': '549', 'vote_count': 9, 'total_paths': 10, 'valid_paths': 10, 'confidence': 0.9, 'answer_distribution': {'549': 9, '420': 1}, 'selected_path_idx': 0}
2025-08-06 06:31:26,430 - INFO - ==================================================
2025-08-06 06:31:26,430 - INFO - 
==================================================
2025-08-06 06:31:26,431 - INFO - 样本 424: Theo has $6000 he wishes to spend on his upcoming business trip to South Africa. He buys 6 business ...
2025-08-06 06:31:26,432 - INFO - 参考答案: Theo buys business suits for 6 suits * $100/suit = $<<6*100=600>>600.
Theo buys suitcases for 3 suitcases * $50/suitcase = $<<3*50=150>>150.
Theo buys a flight ticket that costs $700 + 5 * $100 = $<<700+5*100=1200>>1200.
Theo can spend $6000 - $600 - $150 - $1200 - $2000 = $<<6000-600-150-1200-2000=2050>>2050 on gifts for his friends.
#### 2050
2025-08-06 06:31:26,433 - INFO - 提取参考答案: 2050
2025-08-06 06:31:26,433 - INFO - 生成答案: 

Step 1:First, read the problem and identify what we need to find. We need to find the amount of money that Theo has to spend on buying gifts for his business partners in South Africa.

Step 2:Next, ...
2025-08-06 06:31:26,434 - INFO - 提取答案: 1950
2025-08-06 06:31:26,435 - INFO - 投票统计: {'voting_method': 'majority', 'best_answer': '1950', 'vote_count': 6, 'total_paths': 10, 'valid_paths': 10, 'confidence': 0.6, 'answer_distribution': {'2250': 1, '1950': 6, '50': 1, '2050': 1, '4000': 1}, 'selected_path_idx': 1}
2025-08-06 06:31:26,435 - INFO - ==================================================
2025-08-06 06:31:26,436 - INFO - 
==================================================
2025-08-06 06:31:26,437 - INFO - 样本 425: While at the dollar store, Sloane counts 100 customers entering the store. The next day, she counts ...
2025-08-06 06:31:26,437 - INFO - 参考答案: On the second day, she counted 100+50 = <<100+50=150>>150 customers.
The total for the first two days is 150+100 = <<150+100=250>>250 customers.
If the total count for three days was 500, she counted 500-250 = <<500-250=250>>250 customers on the third day.
#### 250
2025-08-06 06:31:26,438 - INFO - 提取参考答案: 250
2025-08-06 06:31:26,439 - INFO - 生成答案: 

Step 1:First, read the problem and identify what we need to find. We need to find the number of customers Sloane counted on the third day.

Step 2:Next, set up equations and perform the calculations...
2025-08-06 06:31:26,439 - INFO - 提取答案: 500
2025-08-06 06:31:26,440 - INFO - 投票统计: {'voting_method': 'majority', 'best_answer': '500', 'vote_count': 3, 'total_paths': 10, 'valid_paths': 10, 'confidence': 0.3, 'answer_distribution': {'250': 2, '316': 1, '500': 3, '400': 1, '150': 2, '216': 1}, 'selected_path_idx': 2}
2025-08-06 06:31:26,441 - INFO - ==================================================
2025-08-06 06:31:26,442 - INFO - 
==================================================
2025-08-06 06:31:26,442 - INFO - 样本 427: In a 60-item quiz, 40% of the questions are easy, and the rest are equally divided as average and di...
2025-08-06 06:31:26,443 - INFO - 参考答案: The average and difficult questions comprises 100% - 40% = 60% of the quiz.
There are 60 questions x 40/100 = <<60*40/100=24>>24 easy questions.
There are a total of 60 questions x 60/100 = <<60*60/100=36>>36 average and difficult questions.
If Aries is sure to get 75% of the easy questions, then this means she is sure of her 24 questions x 75/100 = <<24*75/100=18>>18 points.
From the average and difficult questions, she is sure to get half of it correctly so that is 36 questions / 2 = <<36/2=18>>18 points.
Thus, she is sure of getting 18 points + 18 points = <<18+18=36>>36 points in her quiz.
#### 36
2025-08-06 06:31:26,444 - INFO - 提取参考答案: 36
2025-08-06 06:31:26,444 - INFO - 生成答案: 

Step 1:First, read the problem and identify what we need to find. We need to find the number of points Aries is sure to get.

Step 2:Next, set up equations and perform the calculations. The total nu...
2025-08-06 06:31:26,445 - INFO - 提取答案: 27
2025-08-06 06:31:26,446 - INFO - 投票统计: {'voting_method': 'majority', 'best_answer': '27', 'vote_count': 7, 'total_paths': 10, 'valid_paths': 10, 'confidence': 0.7, 'answer_distribution': {'27': 7, '36': 2, '54': 1}, 'selected_path_idx': 0}
2025-08-06 06:31:26,446 - INFO - ==================================================
2025-08-06 06:31:26,447 - INFO - 
==================================================
2025-08-06 06:31:26,448 - INFO - 样本 432: Emil is 19 years old now. When he turns 24, he will be half the age of his dad but twice as old as h...
2025-08-06 06:31:26,449 - INFO - 参考答案: His dad will be 24 x 2 = <<24*2=48>>48 years old when Emil is 24.
His brother will be 24 / 2 = <<24/2=12>>12 years old then.
Emil will turn 24 in 24 - 19 = <<24-19=5>>5 years.
The age of his father now is 48 - 5= <<48-5=43>>43.
His brother is 12 - 5 = <<12-5=7>>7 years old right now.
The sum of his dad's and his brother's ages now is 43 + 7 = <<43+7=50>>50.
#### 50
2025-08-06 06:31:26,449 - INFO - 提取参考答案: 50
2025-08-06 06:31:26,450 - INFO - 生成答案: 

Step 1:First, read the problem and identify what we need to find. We need to find the sum of the ages of Emil's dad and his brother now.

Step 2:Next, set up equations and perform the calculations. ...
2025-08-06 06:31:26,451 - INFO - 提取答案: 60
2025-08-06 06:31:26,451 - INFO - 投票统计: {'voting_method': 'majority', 'best_answer': '60', 'vote_count': 2, 'total_paths': 10, 'valid_paths': 10, 'confidence': 0.2, 'answer_distribution': {'60': 2, '57': 1, '85': 1, '48': 2, '59': 1, '-7': 1, '55': 1, '50': 1}, 'selected_path_idx': 0}
2025-08-06 06:31:26,452 - INFO - ==================================================
2025-08-06 06:31:26,453 - INFO - 
==================================================
2025-08-06 06:31:26,453 - INFO - 样本 439: Darren decides to do body exercises for a whole week. He does 100 pushups, 50 squats, and 20 dumbbel...
2025-08-06 06:31:26,454 - INFO - 参考答案: The total count of activities for the first day is 100+50+20 = <<100+50+20=170>>170
On the second day, he does 100+20 = <<100+20=120>>120 pushups
He also does 50-10 = <<50-10=40>>40 squats on the second day
For the dumbbell presses, he doubles the number of the first day, which becomes 2*20 = <<2*20=40>>40
The total count for the three activities on the second day is 40+40+120 = <<40+40+120=200>>200
For the two days, his total count for all the three activities is 200+170 = <<200+170=370>>370
#### 370
2025-08-06 06:31:26,455 - INFO - 提取参考答案: 370
2025-08-06 06:31:26,456 - INFO - 生成答案: 

Step 1:First, read the problem and identify what we need to find. We need to find the total count of the activities Darren did in the two days.

Step 2:Next, set up equations and perform the calcula...
2025-08-06 06:31:26,456 - INFO - 提取答案: 330
2025-08-06 06:31:26,457 - INFO - 投票统计: {'voting_method': 'majority', 'best_answer': '330', 'vote_count': 6, 'total_paths': 10, 'valid_paths': 10, 'confidence': 0.6, 'answer_distribution': {'330': 6, '370': 3, '300': 1}, 'selected_path_idx': 0}
2025-08-06 06:31:26,458 - INFO - ==================================================
2025-08-06 06:31:26,458 - INFO - 
==================================================
2025-08-06 06:31:26,459 - INFO - 样本 440: John plans to sell all his toys and use the money to buy video games. He has 13 lego sets and he sel...
2025-08-06 06:31:26,460 - INFO - 参考答案: He spent $160 on video games because 8 x 20 = <<8*20=160>>160
He earned $165 from his sale because 160 + 5 = <<160+5=165>>165
He sold 11 lego sets because 11 x 15 = <<11*15=165>>165
He has 2 sets left because 13 - 11 = <<13-11=2>>2
#### 2
2025-08-06 06:31:26,460 - INFO - 提取参考答案: 2
2025-08-06 06:31:26,461 - INFO - 生成答案: 

Step 1:First, read the problem and identify what we need to find. We need to find the number of lego sets John still has.

Step 2:Next, set up equations and perform the calculations. John sells 13 l...
2025-08-06 06:31:26,462 - INFO - 提取答案: 11
2025-08-06 06:31:26,463 - INFO - 投票统计: {'voting_method': 'majority', 'best_answer': '11', 'vote_count': 4, 'total_paths': 10, 'valid_paths': 10, 'confidence': 0.4, 'answer_distribution': {'5': 2, '9': 1, '0': 2, '11': 4, '2': 1}, 'selected_path_idx': 3}
2025-08-06 06:31:26,463 - INFO - ==================================================
2025-08-06 06:31:26,464 - INFO - 
==================================================
2025-08-06 06:31:26,465 - INFO - 样本 442: Brinley is in Mr. Bert's math class. Mr. Bert gives six tests each semester. He allows the students ...
2025-08-06 06:31:26,465 - INFO - 参考答案: First, identify the lowest score, which is 71, and remove it.
Since Brinley wants a score of 93, we know her total score needs to be 93 (average) * 5 (tests) = <<93*5=465>>465 points
So far, Brinley has earned 89 + 92 +100 + 86 = <<89+92+100+86=367>>367 points
The final test must be 465 - 367 = <<465-367=98>>98 points.
#### 98
2025-08-06 06:31:26,466 - INFO - 提取参考答案: 98
2025-08-06 06:31:26,467 - INFO - 生成答案: 

Step 1:First, read the problem and identify what we need to find. We need to find the score that Brinley needs on the sixth test to get an average of 93.

Step 2:Next, set up equations and perform t...
2025-08-06 06:31:26,468 - INFO - 提取答案: 120
2025-08-06 06:31:26,468 - INFO - 投票统计: {'voting_method': 'majority', 'best_answer': '120', 'vote_count': 4, 'total_paths': 10, 'valid_paths': 10, 'confidence': 0.4, 'answer_distribution': {'200': 1, '120': 4, 'Nosolution': 1, '49': 1, '191': 3}, 'selected_path_idx': 1}
2025-08-06 06:31:26,469 - INFO - ==================================================
2025-08-06 06:31:26,470 - INFO - 
==================================================
2025-08-06 06:31:26,470 - INFO - 样本 446: Ruiz can make 120 pounds of chocolates in two hours. Marissa makes 3/4 times as many pounds of choco...
2025-08-06 06:31:26,471 - INFO - 参考答案: Merissa makes 3/4 * 120 pounds = <<3/4*120=90>>90 pounds of chocolate in an hour.
Ruiz makes 120 pounds of chocolate in two hours; this means she makes 120 pounds / 2 hours = <<120/2=60>>60 pounds of chocolate in an hour.
If they worked for 12 hours, Ruiz made 12 hours * 60 pounds/hour = <<12*60=720>>720 pounds of chocolate while
Marissa made 90 pounds/hour * 12 hours = <<90*12=1080>>1080 pounds of chocolate
The combined amount of pounds of chocolate they both ate is 1080 pounds + 720 pounds = <<1080+720=1800>>1800 pounds of chocolate
#### 1800
2025-08-06 06:31:26,472 - INFO - 提取参考答案: 1800
2025-08-06 06:31:26,472 - INFO - 生成答案: 

Step 1:First, read the problem and identify what we need to find. We need to find the total amount of chocolate pounds they made together.

Step 2:Next, set up equations and perform the calculations...
2025-08-06 06:31:26,473 - INFO - 提取答案: 1260
2025-08-06 06:31:26,474 - INFO - 投票统计: {'voting_method': 'majority', 'best_answer': '1260', 'vote_count': 10, 'total_paths': 10, 'valid_paths': 10, 'confidence': 1.0, 'answer_distribution': {'1260': 10}, 'selected_path_idx': 0}
2025-08-06 06:31:26,475 - INFO - ==================================================
2025-08-06 06:31:26,475 - INFO - 
==================================================
2025-08-06 06:31:26,476 - INFO - 样本 453: Johnny's dad brought him to watch some horse racing and his dad bet money. On the first race, he los...
2025-08-06 06:31:26,477 - INFO - 参考答案: On the second race he won $11 because 1+ 5 x 2 = <<1+5*2=11>>11
On the third race he lost $15 because 10 x 1.5 = <<10*1.5=15>>15
He lost a total of $20 on the first and third races because 15 + 5 = <<15+5=20>>20

He lost $9 that day because 11 - 20 = <<11-20=-9>>-9
He lost an average of $3 per race because 9 / 3 = <<9/3=3>>3
#### 3
2025-08-06 06:31:26,477 - INFO - 提取参考答案: 3
2025-08-06 06:31:26,478 - INFO - 生成答案: 

Step 1:First, read the problem and identify what we need to find. We need to find the average amount of money Johnny's dad lost that day.

Step 2:Next, set up equations and perform the calculations....
2025-08-06 06:31:26,479 - INFO - 提取答案: 7.17
2025-08-06 06:31:26,479 - INFO - 投票统计: {'voting_method': 'majority', 'best_answer': '7.17', 'vote_count': 4, 'total_paths': 10, 'valid_paths': 10, 'confidence': 0.4, 'answer_distribution': {'\\frac{3x+1}{2}': 1, '2x+0.8333': 1, '10.83': 3, '10.8333': 1, '7.17': 4}, 'selected_path_idx': 5}
2025-08-06 06:31:26,480 - INFO - ==================================================
2025-08-06 06:31:26,481 - INFO - 
==================================================
2025-08-06 06:31:26,482 - INFO - 样本 456: Chase and Rider can ride their bikes thrice a day for 5 days; but on two other days, they ride twice...
2025-08-06 06:31:26,482 - INFO - 参考答案: Each person rides his bike 3 x 5 = <<3*5=15>>15 times for 5 days.
Together, they ride 15+15 = <<15+15=30>>30 times for five days.
Each person rides his bike 3 x 2 = <<3*2=6>>6 times for every day of the other two days.
This means each person rides 6*2 = <<6*2=12>>12 times on each day of the other two days.
The total for the other two days is 12+12 = <<12+12=24>>24
For the whole week the together ride 24+30 = <<24+30=54>>54 times
#### 54
2025-08-06 06:31:26,483 - INFO - 提取参考答案: 54
2025-08-06 06:31:26,484 - INFO - 生成答案: 

Step 1:First, read the problem and identify what we need to find. We need to find the total number of times Chase and Rider ride their bikes a week.

Step 2:Next, set up equations and perform the ca...
2025-08-06 06:31:26,484 - INFO - 提取答案: 27
2025-08-06 06:31:26,485 - INFO - 投票统计: {'voting_method': 'majority', 'best_answer': '27', 'vote_count': 3, 'total_paths': 10, 'valid_paths': 10, 'confidence': 0.3, 'answer_distribution': {'19': 1, '27': 3, '21': 3, '15': 1, '57': 1, '18': 1}, 'selected_path_idx': 1}
2025-08-06 06:31:26,486 - INFO - ==================================================
2025-08-06 06:31:26,487 - INFO - 
==================================================
2025-08-06 06:31:26,487 - INFO - 样本 460: John visits his parents twice a month.  It takes him 2 hours to drive there at a speed of 70 mph.  C...
2025-08-06 06:31:26,488 - INFO - 参考答案: His parents live 70*2=<<70*2=140>>140 miles away
So he drives 140*2=<<140*2=280>>280 miles a round trip
280*2 = <<280*2=560>>560 miles a month
#### 560
2025-08-06 06:31:26,489 - INFO - 提取参考答案: 560
2025-08-06 06:31:26,489 - INFO - 生成答案: 

Step 1:First, read the problem and identify what we need to find. We need to find the total distance John drives in a month.

Step 2:Next, set up equations and perform the calculations. Since John v...
2025-08-06 06:31:26,490 - INFO - 提取答案: 280
2025-08-06 06:31:26,491 - INFO - 投票统计: {'voting_method': 'majority', 'best_answer': '280', 'vote_count': 5, 'total_paths': 10, 'valid_paths': 10, 'confidence': 0.5, 'answer_distribution': {'280': 5, '1120': 1, '8': 1, '560': 3}, 'selected_path_idx': 0}
2025-08-06 06:31:26,491 - INFO - ==================================================
2025-08-06 06:31:26,492 - INFO - 
==================================================
2025-08-06 06:31:26,493 - INFO - 样本 470: A team of 4 painters worked on a mansion for 3/8ths of a day every day for 3 weeks. How many hours o...
2025-08-06 06:31:26,494 - INFO - 参考答案: There are 24 hours in a day so 3/8ths of a day is (3/8)*24 = <<3/8*24=9>>9 hours
One week has 7 days so 3 weeks have 7*3 = <<7*3=21>>21 days
Each painter put in 9*21 = <<9*21=189>>189 hours of work
#### 189
2025-08-06 06:31:26,494 - INFO - 提取参考答案: 189
2025-08-06 06:31:26,495 - INFO - 生成答案: 

Step 1:First, read the problem and identify what we need to find. We need to find the number of hours of work each painter put in.

Step 2:Next, set up equations and perform the calculations. Since ...
2025-08-06 06:31:26,496 - INFO - 提取答案: 1.96875
2025-08-06 06:31:26,496 - INFO - 投票统计: {'voting_method': 'majority', 'best_answer': '1.96875', 'vote_count': 4, 'total_paths': 10, 'valid_paths': 10, 'confidence': 0.4, 'answer_distribution': {'1.96875': 4, '6.75': 1, '2.5625': 2, '47.25': 3}, 'selected_path_idx': 0}
2025-08-06 06:31:26,497 - INFO - ==================================================
2025-08-06 06:31:26,498 - INFO - 
==================================================
2025-08-06 06:31:26,498 - INFO - 样本 472: Jo has been making face masks. She can make 4 small masks with 2 yards of material and 3 large masks...
2025-08-06 06:31:26,499 - INFO - 参考答案: It takes 2 yards of material / 4 small masks = <<2/4=0.5>>0.5 yards of material per mask.
It takes 2.25 yards of material / 3 large masks = <<2.25/3=0.75>>0.75 yards of material per mask.
For the small masks, it will take 20 masks x 0.5 yards = <<20*0.5=10>>10 yards of material.
For the large masks, it will take 8 masks x 0.75 yards = <<8*0.75=6>>6 yards of material.
In all, it will take 10 yards + 6 yards = <<10+6=16>>16 yards of material.
#### 16
2025-08-06 06:31:26,500 - INFO - 提取参考答案: 16
2025-08-06 06:31:26,501 - INFO - 生成答案: 

Step 1:First, read the problem and identify what we need to find. We need to find the total amount of material Jo needs to make 20 small and 8 large masks.

Step 2:Next, set up equations and perform...
2025-08-06 06:31:26,501 - INFO - 提取答案: 58
2025-08-06 06:31:26,502 - INFO - 投票统计: {'voting_method': 'majority', 'best_answer': '58', 'vote_count': 10, 'total_paths': 10, 'valid_paths': 10, 'confidence': 1.0, 'answer_distribution': {'58': 10}, 'selected_path_idx': 0}
2025-08-06 06:31:26,503 - INFO - ==================================================
2025-08-06 06:31:26,503 - INFO - 
==================================================
2025-08-06 06:31:26,504 - INFO - 样本 474: Carla is downloading a 200 GB file. Normally she can download 2 GB/minute, but 40% of the way throug...
2025-08-06 06:31:26,505 - INFO - 参考答案: First find how many gigabytes are in 40% of the file: 200 GB * 40% = <<200*40*.01=80>>80 GB
Then divide that number by the download rate to find the time until Windows restarts: 80 GB / 2 GB/minute = <<80/2=40>>40 minutes
Then find the time to download the whole file after the restart: 200 GB / 2 GB/minute = <<200/2=100>>100 minutes
Then add the time to download 40% of the file, to download the whole file, and to wait for Windows to update: 40 minutes + 100 minutes + 20 minutes = <<40+100+20=160>>160 minutes
#### 160
2025-08-06 06:31:26,505 - INFO - 提取参考答案: 160
2025-08-06 06:31:26,506 - INFO - 生成答案: 

Step 1:First, read the problem and identify what we need to find. We need to find the total time it takes to download the file.

Step 2:Next, set up equations and perform the calculations. The first...
2025-08-06 06:31:26,507 - INFO - 提取答案: 220
2025-08-06 06:31:26,508 - INFO - 投票统计: {'voting_method': 'majority', 'best_answer': '220', 'vote_count': 6, 'total_paths': 10, 'valid_paths': 10, 'confidence': 0.6, 'answer_distribution': {'120': 1, '220': 6, '100': 3}, 'selected_path_idx': 1}
2025-08-06 06:31:26,508 - INFO - ==================================================
2025-08-06 06:31:26,509 - INFO - 
==================================================
2025-08-06 06:31:26,510 - INFO - 样本 478: It is approximately 1955 kilometers from San Diego, California to New York City, New York. If Bernic...
2025-08-06 06:31:26,510 - INFO - 参考答案: 325 * 4 = <<325*4=1300>>1300 km
1955 - 1300 = <<1955-1300=655>>655 km
Bernice will still have 655 kilometers to travel.
#### 655
2025-08-06 06:31:26,511 - INFO - 提取参考答案: 655
2025-08-06 06:31:26,512 - INFO - 生成答案: 

Step 1:First, read the problem and identify what we need to find. We need to find the number of kilometers Bernice still needs to drive.

Step 2:Next, set up equations and perform the calculations. ...
2025-08-06 06:31:26,512 - INFO - 提取答案: 1630
2025-08-06 06:31:26,513 - INFO - 投票统计: {'voting_method': 'majority', 'best_answer': '1630', 'vote_count': 6, 'total_paths': 10, 'valid_paths': 10, 'confidence': 0.6, 'answer_distribution': {'655': 2, '1630': 6, '1300': 1, '1625': 1}, 'selected_path_idx': 1}
2025-08-06 06:31:26,514 - INFO - ==================================================
2025-08-06 06:31:26,515 - INFO - 
==================================================
2025-08-06 06:31:26,515 - INFO - 样本 485: The book is printed on paper that, when stacked, is 100 pages to the inch. Each paper is printed on ...
2025-08-06 06:31:26,516 - INFO - 参考答案: There are 1.5*100=<<1.5*100=150>>150 pieces of paper.
Then there are 150*2=<<150*2=300>>300 pages.
#### 300
2025-08-06 06:31:26,517 - INFO - 提取参考答案: 300
2025-08-06 06:31:26,517 - INFO - 生成答案: 

Step 1:First, read the problem and identify what we need to find. We need to find the number of pages in the book.

Step 2:Next, set up equations and perform the calculations. Since each paper is pr...
2025-08-06 06:31:26,518 - INFO - 提取答案: 3
2025-08-06 06:31:26,519 - INFO - 投票统计: {'voting_method': 'majority', 'best_answer': '3', 'vote_count': 5, 'total_paths': 10, 'valid_paths': 10, 'confidence': 0.5, 'answer_distribution': {'3': 5, '300': 1, '30': 2, '150': 1, '6': 1}, 'selected_path_idx': 0}
2025-08-06 06:31:26,519 - INFO - ==================================================
2025-08-06 06:31:26,520 - INFO - 
==================================================
2025-08-06 06:31:26,521 - INFO - 样本 492: Paul is at a train station and is waiting for his train. He isn't sure how long he needs to wait, bu...
2025-08-06 06:31:26,521 - INFO - 参考答案: The first train stays in the station for 10 minutes * 2 = <<10*2=20>>20 minutes.
So Paul waits for the first train for 20 + 10 = <<20+10=30>>30 minutes.
The second train arrives after half an hour, which is the same as 60 minutes / 2 = <<60/2=30>>30 minutes.
It then stays in the station for a quarter of the time the first train did which is 20 minutes / 4 = <<20/4=5>>5 minutes.
So Paul waits for the second train for 30 + 5 = <<30+5=35>>35 minutes.
The third train arrives an hour later, which is the same as 60 minutes * 1 hour = <<60*1=60>>60 minutes.
After the final wait, Paul has waited a total of 30 minutes for the first train + 35 minutes for the second train + 60 minutes for the th