2025-08-07 20:49:44,700 - INFO - 配置文件验证通过
2025-08-07 20:49:44,701 - INFO - 随机种子已设置为: 42
2025-08-07 20:49:44,702 - INFO - 使用已提供的模型实例: Llama-3.2-3B-Instruct
2025-08-07 20:49:44,703 - INFO - 加载数据集: GSM8k_test
2025-08-07 20:49:44,703 - INFO - 随机种子已设置为: 42
2025-08-07 20:49:44,709 - INFO - 数据集加载完成，共 1319 条数据，已打乱顺序
2025-08-07 20:49:44,709 - INFO - 使用投票机制，每个问题生成 10 条路径
2025-08-07 20:49:44,710 - INFO - 批量生成模式：为 1319 个问题各生成 10 条路径
2025-08-07 20:49:44,712 - INFO - 开始CoT生成，共4个步骤:
2025-08-07 20:49:44,713 - INFO - 开始CoT步骤 1，min_p=0.4
2025-08-07 20:49:47,374 - INFO - 开始CoT步骤 2，min_p=0.2
2025-08-07 20:49:59,878 - INFO - 开始CoT步骤 3，min_p=0.7
2025-08-07 20:50:10,574 - INFO - 开始CoT步骤 4，min_p=0.9
2025-08-07 20:50:15,689 - INFO - CoT生成完成，共 1319 条CoT
2025-08-07 20:50:15,713 - INFO - 开始CoT生成，共4个步骤:
2025-08-07 20:50:15,716 - INFO - 开始CoT步骤 1，min_p=0.4
2025-08-07 20:50:18,443 - INFO - 开始CoT步骤 2，min_p=0.2
2025-08-07 20:50:30,854 - INFO - 开始CoT步骤 3，min_p=0.7
2025-08-07 20:50:41,376 - INFO - 开始CoT步骤 4，min_p=0.9
2025-08-07 20:50:46,497 - INFO - CoT生成完成，共 1319 条CoT
2025-08-07 20:50:46,523 - INFO - 开始CoT生成，共4个步骤:
2025-08-07 20:50:46,524 - INFO - 开始CoT步骤 1，min_p=0.4
2025-08-07 20:50:49,129 - INFO - 开始CoT步骤 2，min_p=0.2
2025-08-07 20:51:01,293 - INFO - 开始CoT步骤 3，min_p=0.7
2025-08-07 20:51:12,001 - INFO - 开始CoT步骤 4，min_p=0.9
2025-08-07 20:51:17,105 - INFO - CoT生成完成，共 1319 条CoT
2025-08-07 20:51:17,127 - INFO - 开始CoT生成，共4个步骤:
2025-08-07 20:51:17,128 - INFO - 开始CoT步骤 1，min_p=0.4
2025-08-07 20:51:19,482 - INFO - 开始CoT步骤 2，min_p=0.2
2025-08-07 20:51:31,611 - INFO - 开始CoT步骤 3，min_p=0.7
2025-08-07 20:51:42,283 - INFO - 开始CoT步骤 4，min_p=0.9
2025-08-07 20:51:47,267 - INFO - CoT生成完成，共 1319 条CoT
2025-08-07 20:51:47,289 - INFO - 开始CoT生成，共4个步骤:
2025-08-07 20:51:47,290 - INFO - 开始CoT步骤 1，min_p=0.4
2025-08-07 20:51:49,708 - INFO - 开始CoT步骤 2，min_p=0.2
2025-08-07 20:52:02,052 - INFO - 开始CoT步骤 3，min_p=0.7
2025-08-07 20:52:13,209 - INFO - 开始CoT步骤 4，min_p=0.9
2025-08-07 20:52:18,421 - INFO - CoT生成完成，共 1319 条CoT
2025-08-07 20:52:18,446 - INFO - 开始CoT生成，共4个步骤:
2025-08-07 20:52:18,447 - INFO - 开始CoT步骤 1，min_p=0.4
2025-08-07 20:52:20,827 - INFO - 开始CoT步骤 2，min_p=0.2
2025-08-07 20:52:33,043 - INFO - 开始CoT步骤 3，min_p=0.7
2025-08-07 20:52:43,935 - INFO - 开始CoT步骤 4，min_p=0.9
2025-08-07 20:52:49,069 - INFO - CoT生成完成，共 1319 条CoT
2025-08-07 20:52:49,090 - INFO - 开始CoT生成，共4个步骤:
2025-08-07 20:52:49,092 - INFO - 开始CoT步骤 1，min_p=0.4
2025-08-07 20:52:51,404 - INFO - 开始CoT步骤 2，min_p=0.2
2025-08-07 20:53:03,740 - INFO - 开始CoT步骤 3，min_p=0.7
2025-08-07 20:53:14,491 - INFO - 开始CoT步骤 4，min_p=0.9
2025-08-07 20:53:19,510 - INFO - CoT生成完成，共 1319 条CoT
2025-08-07 20:53:19,535 - INFO - 开始CoT生成，共4个步骤:
2025-08-07 20:53:19,537 - INFO - 开始CoT步骤 1，min_p=0.4
2025-08-07 20:53:21,868 - INFO - 开始CoT步骤 2，min_p=0.2
2025-08-07 20:53:34,141 - INFO - 开始CoT步骤 3，min_p=0.7
2025-08-07 20:53:45,085 - INFO - 开始CoT步骤 4，min_p=0.9
2025-08-07 20:53:50,020 - INFO - CoT生成完成，共 1319 条CoT
2025-08-07 20:53:50,040 - INFO - 开始CoT生成，共4个步骤:
2025-08-07 20:53:50,041 - INFO - 开始CoT步骤 1，min_p=0.4
2025-08-07 20:53:52,335 - INFO - 开始CoT步骤 2，min_p=0.2
2025-08-07 20:54:04,571 - INFO - 开始CoT步骤 3，min_p=0.7
2025-08-07 20:54:15,202 - INFO - 开始CoT步骤 4，min_p=0.9
2025-08-07 20:54:19,952 - INFO - CoT生成完成，共 1319 条CoT
2025-08-07 20:54:19,973 - INFO - 开始CoT生成，共4个步骤:
2025-08-07 20:54:19,975 - INFO - 开始CoT步骤 1，min_p=0.4
2025-08-07 20:54:22,605 - INFO - 开始CoT步骤 2，min_p=0.2
2025-08-07 20:54:34,914 - INFO - 开始CoT步骤 3，min_p=0.7
2025-08-07 20:54:46,059 - INFO - 开始CoT步骤 4，min_p=0.9
2025-08-07 20:54:50,712 - INFO - CoT生成完成，共 1319 条CoT
2025-08-07 20:54:50,738 - INFO - 批量生成完成：共生成 1319 组路径，每组 10 条
2025-08-07 20:54:50,740 - INFO - 投票结果: 选择路径 1, 答案: 52, 置信度: 0.7
2025-08-07 20:54:50,740 - INFO - 投票结果: 选择路径 0, 答案: 5, 置信度: 1.0
2025-08-07 20:54:50,741 - INFO - 投票结果: 选择路径 0, 答案: 83, 置信度: 0.5
2025-08-07 20:54:50,742 - INFO - 投票结果: 选择路径 0, 答案: 10, 置信度: 1.0
2025-08-07 20:54:50,742 - INFO - 投票结果: 选择路径 1, 答案: 70, 置信度: 0.6
2025-08-07 20:54:50,743 - INFO - 投票结果: 选择路径 0, 答案: 36, 置信度: 1.0
2025-08-07 20:54:50,744 - INFO - 投票结果: 选择路径 0, 答案: 48, 置信度: 1.0
2025-08-07 20:54:50,744 - INFO - 投票结果: 选择路径 0, 答案: 16, 置信度: 1.0
2025-08-07 20:54:50,745 - INFO - 投票结果: 选择路径 1, 答案: 4.64, 置信度: 0.5
2025-08-07 20:54:50,745 - INFO - 投票结果: 选择路径 0, 答案: 48, 置信度: 1.0
2025-08-07 20:54:50,746 - INFO - 投票结果: 选择路径 0, 答案: 90, 置信度: 1.0
2025-08-07 20:54:50,747 - INFO - 投票结果: 选择路径 0, 答案: 10, 置信度: 1.0
2025-08-07 20:54:50,747 - INFO - 投票结果: 选择路径 3, 答案: 1, 置信度: 0.3
2025-08-07 20:54:50,748 - INFO - 投票结果: 选择路径 1, 答案: 45000, 置信度: 0.3
2025-08-07 20:54:50,749 - INFO - 投票结果: 选择路径 0, 答案: 18, 置信度: 0.9
2025-08-07 20:54:50,749 - INFO - 投票结果: 选择路径 0, 答案: 140, 置信度: 1.0
2025-08-07 20:54:50,750 - INFO - 投票结果: 选择路径 0, 答案: 17, 置信度: 0.7
2025-08-07 20:54:50,751 - INFO - 投票结果: 选择路径 0, 答案: 68, 置信度: 1.0
2025-08-07 20:54:50,751 - INFO - 投票结果: 选择路径 0, 答案: 8, 置信度: 1.0
2025-08-07 20:54:50,752 - INFO - 投票结果: 选择路径 0, 答案: 14, 置信度: 1.0
2025-08-07 20:54:50,753 - INFO - 投票结果: 选择路径 0, 答案: 50, 置信度: 0.7
2025-08-07 20:54:50,753 - INFO - 投票结果: 选择路径 0, 答案: 100, 置信度: 1.0
2025-08-07 20:54:50,754 - INFO - 投票结果: 选择路径 0, 答案: 8096, 置信度: 0.2
2025-08-07 20:54:50,755 - INFO - 投票结果: 选择路径 1, 答案: 48, 置信度: 0.7
2025-08-07 20:54:50,755 - INFO - 投票结果: 选择路径 0, 答案: 16400, 置信度: 0.7
2025-08-07 20:54:50,756 - INFO - 投票结果: 选择路径 0, 答案: 250, 置信度: 1.0
2025-08-07 20:54:50,756 - INFO - 投票结果: 选择路径 0, 答案: 18, 置信度: 0.4
2025-08-07 20:54:50,757 - INFO - 投票结果: 选择路径 0, 答案: 1490, 置信度: 0.8
2025-08-07 20:54:50,758 - INFO - 投票结果: 选择路径 0, 答案: 11, 置信度: 1.0
2025-08-07 20:54:50,758 - INFO - 投票结果: 选择路径 0, 答案: 106, 置信度: 0.8
2025-08-07 20:54:50,759 - INFO - 投票结果: 选择路径 1, 答案: 138, 置信度: 0.7
2025-08-07 20:54:50,760 - INFO - 投票结果: 选择路径 0, 答案: 15, 置信度: 1.0
2025-08-07 20:54:50,760 - INFO - 投票结果: 选择路径 0, 答案: 4, 置信度: 1.0
2025-08-07 20:54:50,761 - INFO - 投票结果: 选择路径 0, 答案: 82, 置信度: 1.0
2025-08-07 20:54:50,762 - INFO - 投票结果: 选择路径 0, 答案: 2, 置信度: 0.8
2025-08-07 20:54:50,762 - INFO - 投票结果: 选择路径 3, 答案: 51, 置信度: 0.5
2025-08-07 20:54:50,763 - INFO - 投票结果: 选择路径 0, 答案: 4, 置信度: 0.9
2025-08-07 20:54:50,764 - INFO - 投票结果: 选择路径 0, 答案: 100, 置信度: 0.9
2025-08-07 20:54:50,764 - INFO - 投票结果: 选择路径 1, 答案: 125, 置信度: 0.4
2025-08-07 20:54:50,765 - INFO - 投票结果: 选择路径 0, 答案: 188, 置信度: 1.0
2025-08-07 20:54:50,766 - INFO - 投票结果: 选择路径 0, 答案: 30, 置信度: 0.8
2025-08-07 20:54:50,766 - INFO - 投票结果: 选择路径 0, 答案: 30, 置信度: 1.0
2025-08-07 20:54:50,767 - INFO - 投票结果: 选择路径 0, 答案: 240, 置信度: 1.0
2025-08-07 20:54:50,767 - INFO - 投票结果: 选择路径 0, 答案: 7, 置信度: 1.0
2025-08-07 20:54:50,768 - INFO - 投票结果: 选择路径 0, 答案: 350, 置信度: 0.4
2025-08-07 20:54:50,769 - INFO - 投票结果: 选择路径 1, 答案: 4, 置信度: 0.7
2025-08-07 20:54:50,770 - INFO - 投票结果: 选择路径 1, 答案: 36, 置信度: 0.9
2025-08-07 20:54:50,770 - INFO - 投票结果: 选择路径 2, 答案: 3, 置信度: 0.5
2025-08-07 20:54:50,771 - INFO - 投票结果: 选择路径 0, 答案: 2, 置信度: 0.9
2025-08-07 20:54:50,772 - INFO - 投票结果: 选择路径 0, 答案: 33, 置信度: 1.0
2025-08-07 20:54:50,772 - INFO - 投票结果: 选择路径 0, 答案: 21, 置信度: 0.9
2025-08-07 20:54:50,773 - INFO - 投票结果: 选择路径 1, 答案: 155, 置信度: 0.5
2025-08-07 20:54:50,774 - INFO - 投票结果: 选择路径 0, 答案: 60, 置信度: 0.8
2025-08-07 20:54:50,774 - INFO - 投票结果: 选择路径 1, 答案: 49, 置信度: 0.6
2025-08-07 20:54:50,775 - INFO - 投票结果: 选择路径 0, 答案: 2100, 置信度: 0.3
2025-08-07 20:54:50,776 - INFO - 投票结果: 选择路径 0, 答案: 27, 置信度: 0.7
2025-08-07 20:54:50,776 - INFO - 投票结果: 选择路径 2, 答案: 16, 置信度: 0.7
2025-08-07 20:54:50,777 - INFO - 投票结果: 选择路径 0, 答案: 49, 置信度: 0.5
2025-08-07 20:54:50,777 - INFO - 投票结果: 选择路径 1, 答案: 6, 置信度: 0.6
2025-08-07 20:54:50,778 - INFO - 投票结果: 选择路径 0, 答案: 32, 置信度: 0.7
2025-08-07 20:54:50,779 - INFO - 投票结果: 选择路径 0, 答案: 168, 置信度: 0.5
2025-08-07 20:54:50,779 - INFO - 投票结果: 选择路径 0, 答案: 225, 置信度: 1.0
2025-08-07 20:54:50,780 - INFO - 投票结果: 选择路径 0, 答案: 50, 置信度: 1.0
2025-08-07 20:54:50,781 - INFO - 投票结果: 选择路径 1, 答案: 45, 置信度: 0.5
2025-08-07 20:54:50,781 - INFO - 投票结果: 选择路径 0, 答案: 7, 置信度: 1.0
2025-08-07 20:54:50,782 - INFO - 投票结果: 选择路径 0, 答案: 800, 置信度: 1.0
2025-08-07 20:54:50,783 - INFO - 投票结果: 选择路径 0, 答案: 22, 置信度: 1.0
2025-08-07 20:54:50,783 - INFO - 投票结果: 选择路径 0, 答案: 235, 置信度: 0.7
2025-08-07 20:54:50,784 - INFO - 投票结果: 选择路径 0, 答案: 3, 置信度: 0.9
2025-08-07 20:54:50,785 - INFO - 投票结果: 选择路径 7, 答案: -14, 置信度: 0.2
2025-08-07 20:54:50,785 - INFO - 投票结果: 选择路径 0, 答案: 3000, 置信度: 0.9
2025-08-07 20:54:50,786 - INFO - 投票结果: 选择路径 0, 答案: 300, 置信度: 0.7
2025-08-07 20:54:50,787 - INFO - 投票结果: 选择路径 1, 答案: 20, 置信度: 0.6
2025-08-07 20:54:50,787 - INFO - 投票结果: 选择路径 0, 答案: 130, 置信度: 1.0
2025-08-07 20:54:50,788 - INFO - 投票结果: 选择路径 1, 答案: 1, 置信度: 0.6
2025-08-07 20:54:50,789 - INFO - 投票结果: 选择路径 0, 答案: 8, 置信度: 0.6
2025-08-07 20:54:50,789 - INFO - 投票结果: 选择路径 0, 答案: 50, 置信度: 0.9
2025-08-07 20:54:50,790 - INFO - 投票结果: 选择路径 0, 答案: 3, 置信度: 0.5
2025-08-07 20:54:50,791 - INFO - 投票结果: 选择路径 0, 答案: 5, 置信度: 0.7
2025-08-07 20:54:50,791 - INFO - 投票结果: 选择路径 0, 答案: 110, 置信度: 0.9
2025-08-07 20:54:50,792 - INFO - 投票结果: 选择路径 4, 答案: 900, 置信度: 0.2
2025-08-07 20:54:50,793 - INFO - 投票结果: 选择路径 0, 答案: 16, 置信度: 1.0
2025-08-07 20:54:50,793 - INFO - 投票结果: 选择路径 0, 答案: 80, 置信度: 1.0
2025-08-07 20:54:50,794 - INFO - 投票结果: 选择路径 0, 答案: 45, 置信度: 1.0
2025-08-07 20:54:50,795 - INFO - 投票结果: 选择路径 0, 答案: 36, 置信度: 1.0
2025-08-07 20:54:50,795 - INFO - 投票结果: 选择路径 1, 答案: 5, 置信度: 0.3
2025-08-07 20:54:50,796 - INFO - 投票结果: 选择路径 2, 答案: 6, 置信度: 0.4
2025-08-07 20:54:50,797 - INFO - 投票结果: 选择路径 0, 答案: 36, 置信度: 1.0
2025-08-07 20:54:50,797 - INFO - 投票结果: 选择路径 0, 答案: 60, 置信度: 0.6
2025-08-07 20:54:50,798 - INFO - 投票结果: 选择路径 0, 答案: 9, 置信度: 1.0
2025-08-07 20:54:50,799 - INFO - 投票结果: 选择路径 0, 答案: 1, 置信度: 0.9
2025-08-07 20:54:50,799 - INFO - 投票结果: 选择路径 0, 答案: 30, 置信度: 0.9
2025-08-07 20:54:50,800 - INFO - 投票结果: 选择路径 1, 答案: 70000, 置信度: 0.4
2025-08-07 20:54:50,801 - INFO - 投票结果: 选择路径 0, 答案: 34, 置信度: 1.0
2025-08-07 20:54:50,801 - INFO - 投票结果: 选择路径 1, 答案: 13, 置信度: 0.4
2025-08-07 20:54:50,802 - INFO - 投票结果: 选择路径 0, 答案: 306, 置信度: 1.0
2025-08-07 20:54:50,803 - INFO - 投票结果: 选择路径 0, 答案: 55, 置信度: 0.9
2025-08-07 20:54:50,803 - INFO - 投票结果: 选择路径 0, 答案: 12, 置信度: 0.9
2025-08-07 20:54:50,804 - INFO - 投票结果: 选择路径 0, 答案: 75, 置信度: 1.0
2025-08-07 20:54:50,805 - INFO - 投票结果: 选择路径 1, 答案: 24, 置信度: 0.4
2025-08-07 20:54:50,805 - INFO - 投票结果: 选择路径 0, 答案: 50, 置信度: 0.7
2025-08-07 20:54:50,806 - INFO - 投票结果: 选择路径 0, 答案: 110, 置信度: 1.0
2025-08-07 20:54:50,807 - INFO - 投票结果: 选择路径 2, 答案: 452, 置信度: 0.3
2025-08-07 20:54:50,807 - INFO - 投票结果: 选择路径 0, 答案: 30, 置信度: 1.0
2025-08-07 20:54:50,808 - INFO - 投票结果: 选择路径 0, 答案: 80, 置信度: 1.0
2025-08-07 20:54:50,808 - INFO - 投票结果: 选择路径 0, 答案: 1.50, 置信度: 0.4
2025-08-07 20:54:50,809 - INFO - 投票结果: 选择路径 0, 答案: 120, 置信度: 1.0
2025-08-07 20:54:50,810 - INFO - 投票结果: 选择路径 0, 答案: 108, 置信度: 0.3
2025-08-07 20:54:50,811 - INFO - 投票结果: 选择路径 0, 答案: 70, 置信度: 1.0
2025-08-07 20:54:50,811 - INFO - 投票结果: 选择路径 0, 答案: 13.50, 置信度: 0.4
2025-08-07 20:54:50,812 - INFO - 投票结果: 选择路径 0, 答案: 150, 置信度: 1.0
2025-08-07 20:54:50,813 - INFO - 投票结果: 选择路径 3, 答案: 10, 置信度: 0.4
2025-08-07 20:54:50,813 - INFO - 投票结果: 选择路径 0, 答案: 2, 置信度: 0.4
2025-08-07 20:54:50,814 - INFO - 投票结果: 选择路径 0, 答案: 250, 置信度: 1.0
2025-08-07 20:54:50,815 - INFO - 投票结果: 选择路径 0, 答案: 3, 置信度: 1.0
2025-08-07 20:54:50,815 - INFO - 投票结果: 选择路径 0, 答案: 15, 置信度: 1.0
2025-08-07 20:54:50,816 - INFO - 投票结果: 选择路径 0, 答案: 12, 置信度: 1.0
2025-08-07 20:54:50,817 - INFO - 投票结果: 选择路径 0, 答案: 60, 置信度: 1.0
2025-08-07 20:54:50,817 - INFO - 投票结果: 选择路径 0, 答案: 3, 置信度: 1.0
2025-08-07 20:54:50,818 - INFO - 投票结果: 选择路径 1, 答案: 9, 置信度: 0.5
2025-08-07 20:54:50,819 - INFO - 投票结果: 选择路径 0, 答案: 140000, 置信度: 1.0
2025-08-07 20:54:50,819 - INFO - 投票结果: 选择路径 0, 答案: 6, 置信度: 0.6
2025-08-07 20:54:50,820 - INFO - 投票结果: 选择路径 0, 答案: 2400, 置信度: 1.0
2025-08-07 20:54:50,821 - INFO - 投票结果: 选择路径 0, 答案: 4, 置信度: 1.0
2025-08-07 20:54:50,821 - INFO - 投票结果: 选择路径 1, 答案: 83, 置信度: 0.5
2025-08-07 20:54:50,822 - INFO - 投票结果: 选择路径 0, 答案: 300, 置信度: 1.0
2025-08-07 20:54:50,823 - INFO - 投票结果: 选择路径 0, 答案: 91, 置信度: 0.8
2025-08-07 20:54:50,823 - INFO - 投票结果: 选择路径 0, 答案: 8, 置信度: 0.8
2025-08-07 20:54:50,824 - INFO - 投票结果: 选择路径 0, 答案: 120, 置信度: 1.0
2025-08-07 20:54:50,825 - INFO - 投票结果: 选择路径 0, 答案: 350, 置信度: 1.0
2025-08-07 20:54:50,825 - INFO - 投票结果: 选择路径 0, 答案: 2600, 置信度: 1.0
2025-08-07 20:54:50,826 - INFO - 投票结果: 选择路径 0, 答案: 10, 置信度: 1.0
2025-08-07 20:54:50,826 - INFO - 投票结果: 选择路径 2, 答案: 22, 置信度: 0.4
2025-08-07 20:54:50,827 - INFO - 投票结果: 选择路径 0, 答案: 7, 置信度: 0.8
2025-08-07 20:54:50,828 - INFO - 投票结果: 选择路径 0, 答案: 31, 置信度: 0.9
2025-08-07 20:54:50,828 - INFO - 投票结果: 选择路径 0, 答案: 975, 置信度: 1.0
2025-08-07 20:54:50,829 - INFO - 投票结果: 选择路径 0, 答案: -160, 置信度: 0.5
2025-08-07 20:54:50,830 - INFO - 投票结果: 选择路径 0, 答案: 120, 置信度: 0.8
2025-08-07 20:54:50,830 - INFO - 投票结果: 选择路径 0, 答案: 220, 置信度: 1.0
2025-08-07 20:54:50,831 - INFO - 投票结果: 选择路径 0, 答案: 87, 置信度: 1.0
2025-08-07 20:54:50,832 - INFO - 投票结果: 选择路径 0, 答案: 300, 置信度: 1.0
2025-08-07 20:54:50,832 - INFO - 投票结果: 选择路径 1, 答案: 30, 置信度: 0.8
2025-08-07 20:54:50,833 - INFO - 投票结果: 选择路径 3, 答案: 21, 置信度: 0.3
2025-08-07 20:54:50,834 - INFO - 投票结果: 选择路径 0, 答案: 16, 置信度: 1.0
2025-08-07 20:54:50,834 - INFO - 投票结果: 选择路径 0, 答案: 7, 置信度: 1.0
2025-08-07 20:54:50,835 - INFO - 投票结果: 选择路径 0, 答案: 81, 置信度: 0.7
2025-08-07 20:54:50,836 - INFO - 投票结果: 选择路径 0, 答案: 5, 置信度: 0.8
2025-08-07 20:54:50,836 - INFO - 投票结果: 选择路径 0, 答案: 9, 置信度: 1.0
2025-08-07 20:54:50,837 - INFO - 投票结果: 选择路径 0, 答案: 10, 置信度: 1.0
2025-08-07 20:54:50,838 - INFO - 投票结果: 选择路径 1, 答案: 24, 置信度: 0.4
2025-08-07 20:54:50,838 - INFO - 投票结果: 选择路径 1, 答案: 5, 置信度: 0.9
2025-08-07 20:54:50,839 - INFO - 投票结果: 选择路径 0, 答案: 50, 置信度: 1.0
2025-08-07 20:54:50,840 - INFO - 投票结果: 选择路径 1, 答案: 48, 置信度: 0.7
2025-08-07 20:54:50,840 - INFO - 投票结果: 选择路径 0, 答案: 25, 置信度: 1.0
2025-08-07 20:54:50,841 - INFO - 投票结果: 选择路径 0, 答案: 96, 置信度: 0.5
2025-08-07 20:54:50,841 - INFO - 投票结果: 选择路径 0, 答案: 33.33, 置信度: 0.5
2025-08-07 20:54:50,842 - INFO - 投票结果: 选择路径 1, 答案: 180, 置信度: 0.6
2025-08-07 20:54:50,843 - INFO - 投票结果: 选择路径 0, 答案: 21, 置信度: 1.0
2025-08-07 20:54:50,843 - INFO - 投票结果: 选择路径 0, 答案: 1200, 置信度: 1.0
2025-08-07 20:54:50,844 - INFO - 投票结果: 选择路径 1, 答案: 255, 置信度: 0.9
2025-08-07 20:54:50,845 - INFO - 投票结果: 选择路径 0, 答案: 4, 置信度: 0.9
2025-08-07 20:54:50,845 - INFO - 投票结果: 选择路径 0, 答案: 10, 置信度: 0.9
2025-08-07 20:54:50,846 - INFO - 投票结果: 选择路径 1, 答案: 700, 置信度: 0.9
2025-08-07 20:54:50,847 - INFO - 投票结果: 选择路径 0, 答案: 38, 置信度: 1.0
2025-08-07 20:54:50,847 - INFO - 投票结果: 选择路径 0, 答案: 32, 置信度: 0.8
2025-08-07 20:54:50,848 - INFO - 投票结果: 选择路径 0, 答案: 30, 置信度: 1.0
2025-08-07 20:54:50,849 - INFO - 投票结果: 选择路径 0, 答案: 16, 置信度: 1.0
2025-08-07 20:54:50,849 - INFO - 投票结果: 选择路径 0, 答案: 40, 置信度: 1.0
2025-08-07 20:54:50,850 - INFO - 投票结果: 选择路径 0, 答案: 288, 置信度: 1.0
2025-08-07 20:54:50,851 - INFO - 投票结果: 选择路径 0, 答案: 1100, 置信度: 0.8
2025-08-07 20:54:50,851 - INFO - 投票结果: 选择路径 0, 答案: 20, 置信度: 1.0
2025-08-07 20:54:50,852 - INFO - 投票结果: 选择路径 0, 答案: 2, 置信度: 1.0
2025-08-07 20:54:50,853 - INFO - 投票结果: 选择路径 0, 答案: 1040000, 置信度: 1.0
2025-08-07 20:54:50,853 - INFO - 投票结果: 选择路径 0, 答案: 9, 置信度: 1.0
2025-08-07 20:54:50,854 - INFO - 投票结果: 选择路径 0, 答案: 132, 置信度: 1.0
2025-08-07 20:54:50,855 - INFO - 投票结果: 选择路径 0, 答案: 93, 置信度: 1.0
2025-08-07 20:54:50,855 - INFO - 投票结果: 选择路径 0, 答案: 4, 置信度: 1.0
2025-08-07 20:54:50,856 - INFO - 投票结果: 选择路径 0, 答案: 120, 置信度: 0.4
2025-08-07 20:54:50,857 - INFO - 投票结果: 选择路径 0, 答案: 33, 置信度: 1.0
2025-08-07 20:54:50,857 - INFO - 投票结果: 选择路径 1, 答案: 12, 置信度: 0.6
2025-08-07 20:54:50,858 - INFO - 投票结果: 选择路径 0, 答案: 7200, 置信度: 1.0
2025-08-07 20:54:50,859 - INFO - 投票结果: 选择路径 0, 答案: 60, 置信度: 1.0
2025-08-07 20:54:50,859 - INFO - 投票结果: 选择路径 0, 答案: 44, 置信度: 1.0
2025-08-07 20:54:50,860 - INFO - 投票结果: 选择路径 0, 答案: 113, 置信度: 0.8
2025-08-07 20:54:50,861 - INFO - 投票结果: 选择路径 1, 答案: 43500, 置信度: 0.6
2025-08-07 20:54:50,861 - INFO - 投票结果: 选择路径 0, 答案: 720, 置信度: 1.0
2025-08-07 20:54:50,862 - INFO - 投票结果: 选择路径 0, 答案: 50, 置信度: 1.0
2025-08-07 20:54:50,863 - INFO - 投票结果: 选择路径 0, 答案: 24, 置信度: 0.9
2025-08-07 20:54:50,863 - INFO - 投票结果: 选择路径 0, 答案: 43, 置信度: 0.9
2025-08-07 20:54:50,864 - INFO - 投票结果: 选择路径 0, 答案: 30, 置信度: 1.0
2025-08-07 20:54:50,865 - INFO - 投票结果: 选择路径 0, 答案: 23, 置信度: 0.7
2025-08-07 20:54:50,865 - INFO - 投票结果: 选择路径 0, 答案: 251, 置信度: 0.8
2025-08-07 20:54:50,866 - INFO - 投票结果: 选择路径 1, 答案: 35, 置信度: 0.9
2025-08-07 20:54:50,867 - INFO - 投票结果: 选择路径 0, 答案: 110, 置信度: 0.7
2025-08-07 20:54:50,867 - INFO - 投票结果: 选择路径 0, 答案: 82, 置信度: 1.0
2025-08-07 20:54:50,868 - INFO - 投票结果: 选择路径 0, 答案: 2100, 置信度: 0.7
2025-08-07 20:54:50,868 - INFO - 投票结果: 选择路径 0, 答案: 3, 置信度: 0.9
2025-08-07 20:54:50,869 - INFO - 投票结果: 选择路径 0, 答案: 12, 置信度: 1.0
2025-08-07 20:54:50,870 - INFO - 投票结果: 选择路径 0, 答案: 11, 置信度: 0.5
2025-08-07 20:54:50,870 - INFO - 投票结果: 选择路径 0, 答案: 12, 置信度: 0.6
2025-08-07 20:54:50,871 - INFO - 投票结果: 选择路径 1, 答案: 500, 置信度: 0.5
2025-08-07 20:54:50,872 - INFO - 投票结果: 选择路径 0, 答案: 27, 置信度: 1.0
2025-08-07 20:54:50,872 - INFO - 投票结果: 选择路径 0, 答案: 360, 置信度: 1.0
2025-08-07 20:54:50,873 - INFO - 投票结果: 选择路径 0, 答案: 14, 置信度: 0.5
2025-08-07 20:54:50,874 - INFO - 投票结果: 选择路径 0, 答案: 694, 置信度: 1.0
2025-08-07 20:54:50,874 - INFO - 投票结果: 选择路径 0, 答案: 3, 置信度: 1.0
2025-08-07 20:54:50,875 - INFO - 投票结果: 选择路径 0, 答案: 360, 置信度: 1.0
2025-08-07 20:54:50,876 - INFO - 投票结果: 选择路径 2, 答案: 1100, 置信度: 0.3
2025-08-07 20:54:50,876 - INFO - 投票结果: 选择路径 0, 答案: 20, 置信度: 1.0
2025-08-07 20:54:50,877 - INFO - 投票结果: 选择路径 0, 答案: 3360, 置信度: 1.0
2025-08-07 20:54:50,878 - INFO - 投票结果: 选择路径 0, 答案: 39, 置信度: 0.9
2025-08-07 20:54:50,878 - INFO - 投票结果: 选择路径 0, 答案: 12, 置信度: 1.0
2025-08-07 20:54:50,879 - INFO - 投票结果: 选择路径 0, 答案: 215, 置信度: 0.9
2025-08-07 20:54:50,880 - INFO - 投票结果: 选择路径 0, 答案: 4, 置信度: 0.6
2025-08-07 20:54:50,880 - INFO - 投票结果: 选择路径 0, 答案: 9, 置信度: 1.0
2025-08-07 20:54:50,881 - INFO - 投票结果: 选择路径 0, 答案: 520, 置信度: 0.9
2025-08-07 20:54:50,882 - INFO - 投票结果: 选择路径 0, 答案: 62, 置信度: 0.9
2025-08-07 20:54:50,882 - INFO - 投票结果: 选择路径 0, 答案: 66, 置信度: 0.2
2025-08-07 20:54:50,883 - INFO - 投票结果: 选择路径 0, 答案: 120, 置信度: 1.0
2025-08-07 20:54:50,884 - INFO - 投票结果: 选择路径 0, 答案: 15, 置信度: 1.0
2025-08-07 20:54:50,884 - INFO - 投票结果: 选择路径 1, 答案: 185, 置信度: 0.6
2025-08-07 20:54:50,885 - INFO - 投票结果: 选择路径 2, 答案: 540, 置信度: 0.2
2025-08-07 20:54:50,886 - INFO - 投票结果: 选择路径 0, 答案: 0, 置信度: 0.3
2025-08-07 20:54:50,886 - INFO - 投票结果: 选择路径 1, 答案: 178.75, 置信度: 0.4
2025-08-07 20:54:50,887 - INFO - 投票结果: 选择路径 0, 答案: 202, 置信度: 0.7
2025-08-07 20:54:50,887 - INFO - 投票结果: 选择路径 1, 答案: 21, 置信度: 0.6
2025-08-07 20:54:50,888 - INFO - 投票结果: 选择路径 0, 答案: 10, 置信度: 1.0
2025-08-07 20:54:50,889 - INFO - 投票结果: 选择路径 1, 答案: 6, 置信度: 0.4
2025-08-07 20:54:50,890 - INFO - 投票结果: 选择路径 0, 答案: 43200, 置信度: 0.8
2025-08-07 20:54:50,890 - INFO - 投票结果: 选择路径 0, 答案: 10, 置信度: 1.0
2025-08-07 20:54:50,891 - INFO - 投票结果: 选择路径 1, 答案: 8, 置信度: 0.7
2025-08-07 20:54:50,892 - INFO - 投票结果: 选择路径 0, 答案: 697.5, 置信度: 0.5
2025-08-07 20:54:50,892 - INFO - 投票结果: 选择路径 0, 答案: 160, 置信度: 0.7
2025-08-07 20:54:50,893 - INFO - 投票结果: 选择路径 0, 答案: 40, 置信度: 1.0
2025-08-07 20:54:50,894 - INFO - 投票结果: 选择路径 0, 答案: 18, 置信度: 0.5
2025-08-07 20:54:50,894 - INFO - 投票结果: 选择路径 1, 答案: 36, 置信度: 0.5
2025-08-07 20:54:50,895 - INFO - 投票结果: 选择路径 0, 答案: 36, 置信度: 1.0
2025-08-07 20:54:50,896 - INFO - 投票结果: 选择路径 0, 答案: 9, 置信度: 1.0
2025-08-07 20:54:50,896 - INFO - 投票结果: 选择路径 0, 答案: 16, 置信度: 1.0
2025-08-07 20:54:50,897 - INFO - 投票结果: 选择路径 0, 答案: 60, 置信度: 1.0
2025-08-07 20:54:50,898 - INFO - 投票结果: 选择路径 0, 答案: 4, 置信度: 1.0
2025-08-07 20:54:50,898 - INFO - 投票结果: 选择路径 0, 答案: 3, 置信度: 1.0
2025-08-07 20:54:50,899 - INFO - 投票结果: 选择路径 0, 答案: 100, 置信度: 1.0
2025-08-07 20:54:50,900 - INFO - 投票结果: 选择路径 1, 答案: 2040, 置信度: 0.2
2025-08-07 20:54:50,900 - INFO - 投票结果: 选择路径 1, 答案: 20, 置信度: 0.4
2025-08-07 20:54:50,901 - INFO - 投票结果: 选择路径 0, 答案: 29, 置信度: 1.0
2025-08-07 20:54:50,902 - INFO - 投票结果: 选择路径 6, 答案: 80, 置信度: 0.4
2025-08-07 20:54:50,902 - INFO - 投票结果: 选择路径 0, 答案: 23, 置信度: 1.0
2025-08-07 20:54:50,903 - INFO - 投票结果: 选择路径 2, 答案: 12, 置信度: 0.3
2025-08-07 20:54:50,904 - INFO - 投票结果: 选择路径 2, 答案: 9, 置信度: 0.6
2025-08-07 20:54:50,904 - INFO - 投票结果: 选择路径 2, 答案: 156, 置信度: 0.7
2025-08-07 20:54:50,905 - INFO - 投票结果: 选择路径 5, 答案: 48, 置信度: 0.2
2025-08-07 20:54:50,906 - INFO - 投票结果: 选择路径 0, 答案: 10, 置信度: 1.0
2025-08-07 20:54:50,906 - INFO - 投票结果: 选择路径 0, 答案: 8, 置信度: 1.0
2025-08-07 20:54:50,907 - INFO - 投票结果: 选择路径 0, 答案: 32, 置信度: 1.0
2025-08-07 20:54:50,908 - INFO - 投票结果: 选择路径 0, 答案: 48, 置信度: 0.9
2025-08-07 20:54:50,908 - INFO - 投票结果: 选择路径 0, 答案: 500, 置信度: 1.0
2025-08-07 20:54:50,909 - INFO - 投票结果: 选择路径 0, 答案: 8, 置信度: 0.9
2025-08-07 20:54:50,910 - INFO - 投票结果: 选择路径 0, 答案: 6, 置信度: 0.8
2025-08-07 20:54:50,910 - INFO - 投票结果: 选择路径 0, 答案: -10, 置信度: 1.0
2025-08-07 20:54:50,911 - INFO - 投票结果: 选择路径 0, 答案: 5, 置信度: 1.0
2025-08-07 20:54:50,911 - INFO - 投票结果: 选择路径 0, 答案: 8, 置信度: 1.0
2025-08-07 20:54:50,912 - INFO - 投票结果: 选择路径 0, 答案: 34, 置信度: 1.0
2025-08-07 20:54:50,913 - INFO - 投票结果: 选择路径 0, 答案: 30, 置信度: 1.0
2025-08-07 20:54:50,913 - INFO - 投票结果: 选择路径 0, 答案: 1000, 置信度: 1.0
2025-08-07 20:54:50,914 - INFO - 投票结果: 选择路径 0, 答案: 6, 置信度: 0.8
2025-08-07 20:54:50,915 - INFO - 投票结果: 选择路径 2, 答案: 150, 置信度: 0.3
2025-08-07 20:54:50,915 - INFO - 投票结果: 选择路径 0, 答案: 1920, 置信度: 1.0
2025-08-07 20:54:50,916 - INFO - 投票结果: 选择路径 1, 答案: 5, 置信度: 0.2
2025-08-07 20:54:50,917 - INFO - 投票结果: 选择路径 0, 答案: 50, 置信度: 1.0
2025-08-07 20:54:50,917 - INFO - 投票结果: 选择路径 0, 答案: 4000, 置信度: 0.7
2025-08-07 20:54:50,918 - INFO - 投票结果: 选择路径 0, 答案: 5, 置信度: 1.0
2025-08-07 20:54:50,924 - INFO - 投票结果: 选择路径 0, 答案: 10, 置信度: 0.9
2025-08-07 20:54:50,925 - INFO - 投票结果: 选择路径 0, 答案: 7, 置信度: 1.0
2025-08-07 20:54:50,925 - INFO - 投票结果: 选择路径 0, 答案: 20, 置信度: 1.0
2025-08-07 20:54:50,926 - INFO - 投票结果: 选择路径 0, 答案: 43, 置信度: 0.5
2025-08-07 20:54:50,927 - INFO - 投票结果: 选择路径 0, 答案: 9, 置信度: 0.7
2025-08-07 20:54:50,927 - INFO - 投票结果: 选择路径 4, 答案: 100000, 置信度: 0.2
2025-08-07 20:54:50,928 - INFO - 投票结果: 选择路径 0, 答案: 120, 置信度: 1.0
2025-08-07 20:54:50,928 - INFO - 投票结果: 选择路径 6, 答案: 11232, 置信度: 0.2
2025-08-07 20:54:50,929 - INFO - 投票结果: 选择路径 0, 答案: 4, 置信度: 0.5
2025-08-07 20:54:50,930 - INFO - 投票结果: 选择路径 1, 答案: 595, 置信度: 0.9
2025-08-07 20:54:50,930 - INFO - 投票结果: 选择路径 0, 答案: 110, 置信度: 1.0
2025-08-07 20:54:50,931 - INFO - 投票结果: 选择路径 0, 答案: 4800, 置信度: 1.0
2025-08-07 20:54:50,932 - INFO - 投票结果: 选择路径 1, 答案: 140, 置信度: 0.9
2025-08-07 20:54:50,932 - INFO - 投票结果: 选择路径 0, 答案: 34, 置信度: 1.0
2025-08-07 20:54:50,933 - INFO - 投票结果: 选择路径 0, 答案: 10, 置信度: 1.0
2025-08-07 20:54:50,934 - INFO - 投票结果: 选择路径 0, 答案: 2450, 置信度: 0.4
2025-08-07 20:54:50,934 - INFO - 投票结果: 选择路径 0, 答案: 30, 置信度: 1.0
2025-08-07 20:54:50,935 - INFO - 投票结果: 选择路径 0, 答案: 224000, 置信度: 0.6
2025-08-07 20:54:50,936 - INFO - 投票结果: 选择路径 0, 答案: 168, 置信度: 1.0
2025-08-07 20:54:50,936 - INFO - 投票结果: 选择路径 0, 答案: 120, 置信度: 1.0
2025-08-07 20:54:50,937 - INFO - 投票结果: 选择路径 0, 答案: 3, 置信度: 0.7
2025-08-07 20:54:50,938 - INFO - 投票结果: 选择路径 0, 答案: 20, 置信度: 1.0
2025-08-07 20:54:50,938 - INFO - 投票结果: 选择路径 0, 答案: 4, 置信度: 1.0
2025-08-07 20:54:50,939 - INFO - 投票结果: 选择路径 1, 答案: 7.50, 置信度: 0.4
2025-08-07 20:54:50,940 - INFO - 投票结果: 选择路径 0, 答案: 8, 置信度: 1.0
2025-08-07 20:54:50,940 - INFO - 投票结果: 选择路径 0, 答案: 308, 置信度: 1.0
2025-08-07 20:54:50,941 - INFO - 投票结果: 选择路径 0, 答案: 187, 置信度: 1.0
2025-08-07 20:54:50,942 - INFO - 投票结果: 选择路径 0, 答案: 123, 置信度: 1.0
2025-08-07 20:54:50,942 - INFO - 投票结果: 选择路径 0, 答案: 4, 置信度: 0.6
2025-08-07 20:54:50,943 - INFO - 投票结果: 选择路径 0, 答案: 41.67, 置信度: 0.1
2025-08-07 20:54:50,944 - INFO - 投票结果: 选择路径 0, 答案: 14000, 置信度: 1.0
2025-08-07 20:54:50,944 - INFO - 投票结果: 选择路径 0, 答案: 160, 置信度: 0.3
2025-08-07 20:54:50,945 - INFO - 投票结果: 选择路径 1, 答案: 7, 置信度: 0.7
2025-08-07 20:54:50,945 - INFO - 投票结果: 选择路径 0, 答案: 480, 置信度: 0.8
2025-08-07 20:54:50,946 - INFO - 投票结果: 选择路径 0, 答案: 2, 置信度: 1.0
2025-08-07 20:54:50,947 - INFO - 投票结果: 选择路径 0, 答案: 45, 置信度: 0.5
2025-08-07 20:54:50,947 - INFO - 投票结果: 选择路径 0, 答案: 31, 置信度: 1.0
2025-08-07 20:54:50,948 - INFO - 投票结果: 选择路径 1, 答案: 15, 置信度: 0.5
2025-08-07 20:54:50,949 - INFO - 投票结果: 选择路径 0, 答案: 18, 置信度: 1.0
2025-08-07 20:54:50,949 - INFO - 投票结果: 选择路径 0, 答案: 6, 置信度: 0.6
2025-08-07 20:54:50,950 - INFO - 投票结果: 选择路径 0, 答案: 93000, 置信度: 1.0
2025-08-07 20:54:50,951 - INFO - 投票结果: 选择路径 1, 答案: 10240, 置信度: 0.3
2025-08-07 20:54:50,951 - INFO - 投票结果: 选择路径 0, 答案: 150, 置信度: 1.0
2025-08-07 20:54:50,952 - INFO - 投票结果: 选择路径 0, 答案: 220, 置信度: 0.7
2025-08-07 20:54:50,953 - INFO - 投票结果: 选择路径 1, 答案: 12, 置信度: 0.9
2025-08-07 20:54:50,953 - INFO - 投票结果: 选择路径 0, 答案: 71, 置信度: 1.0
2025-08-07 20:54:50,954 - INFO - 投票结果: 选择路径 0, 答案: 8, 置信度: 1.0
2025-08-07 20:54:50,955 - INFO - 投票结果: 选择路径 2, 答案: 215, 置信度: 0.2
2025-08-07 20:54:50,955 - INFO - 投票结果: 选择路径 0, 答案: 53, 置信度: 0.9
2025-08-07 20:54:50,956 - INFO - 投票结果: 选择路径 0, 答案: 31800, 置信度: 0.9
2025-08-07 20:54:50,956 - INFO - 投票结果: 选择路径 0, 答案: 4, 置信度: 0.8
2025-08-07 20:54:50,957 - INFO - 投票结果: 选择路径 0, 答案: 12, 置信度: 1.0
2025-08-07 20:54:50,958 - INFO - 投票结果: 选择路径 0, 答案: 10, 置信度: 1.0
2025-08-07 20:54:50,959 - INFO - 投票结果: 选择路径 1, 答案: 2800, 置信度: 0.7
2025-08-07 20:54:50,959 - INFO - 投票结果: 选择路径 0, 答案: 18, 置信度: 1.0
2025-08-07 20:54:50,960 - INFO - 投票结果: 选择路径 0, 答案: 18, 置信度: 0.6
2025-08-07 20:54:50,961 - INFO - 投票结果: 选择路径 0, 答案: 139, 置信度: 0.7
2025-08-07 20:54:50,961 - INFO - 投票结果: 选择路径 0, 答案: 36, 置信度: 0.8
2025-08-07 20:54:50,962 - INFO - 投票结果: 选择路径 0, 答案: 6, 置信度: 0.5
2025-08-07 20:54:50,963 - INFO - 投票结果: 选择路径 0, 答案: 12, 置信度: 1.0
2025-08-07 20:54:50,963 - INFO - 投票结果: 选择路径 0, 答案: 78, 置信度: 1.0
2025-08-07 20:54:50,964 - INFO - 投票结果: 选择路径 0, 答案: 3, 置信度: 1.0
2025-08-07 20:54:50,964 - INFO - 投票结果: 选择路径 3, 答案: 225, 置信度: 0.3
2025-08-07 20:54:50,965 - INFO - 投票结果: 选择路径 0, 答案: 163, 置信度: 0.5
2025-08-07 20:54:50,966 - INFO - 投票结果: 选择路径 0, 答案: 90, 置信度: 1.0
2025-08-07 20:54:50,966 - INFO - 投票结果: 选择路径 5, 答案: 56.25, 置信度: 0.3
2025-08-07 20:54:50,967 - INFO - 投票结果: 选择路径 1, 答案: 480, 置信度: 0.2
2025-08-07 20:54:50,968 - INFO - 投票结果: 选择路径 1, 答案: 5, 置信度: 0.6
2025-08-07 20:54:50,969 - INFO - 投票结果: 选择路径 0, 答案: 90, 置信度: 1.0
2025-08-07 20:54:50,969 - INFO - 投票结果: 选择路径 0, 答案: 42, 置信度: 1.0
2025-08-07 20:54:50,970 - INFO - 投票结果: 选择路径 0, 答案: 162, 置信度: 1.0
2025-08-07 20:54:50,970 - INFO - 投票结果: 选择路径 0, 答案: 9, 置信度: 0.9
2025-08-07 20:54:50,971 - INFO - 投票结果: 选择路径 0, 答案: 48, 置信度: 0.5
2025-08-07 20:54:50,972 - INFO - 投票结果: 选择路径 0, 答案: 48, 置信度: 0.4
2025-08-07 20:54:50,972 - INFO - 投票结果: 选择路径 1, 答案: 14000, 置信度: 0.9
2025-08-07 20:54:50,973 - INFO - 投票结果: 选择路径 0, 答案: 45, 置信度: 0.9
2025-08-07 20:54:50,974 - INFO - 投票结果: 选择路径 1, 答案: 420, 置信度: 0.6
2025-08-07 20:54:50,974 - INFO - 投票结果: 选择路径 0, 答案: 15, 置信度: 1.0
2025-08-07 20:54:50,975 - INFO - 投票结果: 选择路径 0, 答案: 30, 置信度: 1.0
2025-08-07 20:54:50,976 - INFO - 投票结果: 选择路径 0, 答案: 280, 置信度: 1.0
2025-08-07 20:54:50,976 - INFO - 投票结果: 选择路径 2, 答案: 5, 置信度: 0.5
2025-08-07 20:54:50,977 - INFO - 投票结果: 选择路径 0, 答案: 135, 置信度: 0.9
2025-08-07 20:54:50,978 - INFO - 投票结果: 选择路径 0, 答案: 67, 置信度: 1.0
2025-08-07 20:54:50,978 - INFO - 投票结果: 选择路径 0, 答案: 1260, 置信度: 1.0
2025-08-07 20:54:50,979 - INFO - 投票结果: 选择路径 0, 答案: 80, 置信度: 1.0
2025-08-07 20:54:50,979 - INFO - 投票结果: 选择路径 0, 答案: 1220, 置信度: 0.2
2025-08-07 20:54:50,980 - INFO - 投票结果: 选择路径 0, 答案: 15, 置信度: 1.0
2025-08-07 20:54:50,981 - INFO - 投票结果: 选择路径 0, 答案: 12, 置信度: 0.7
2025-08-07 20:54:50,981 - INFO - 投票结果: 选择路径 0, 答案: 15, 置信度: 1.0
2025-08-07 20:54:50,982 - INFO - 投票结果: 选择路径 0, 答案: 221, 置信度: 1.0
2025-08-07 20:54:50,983 - INFO - 投票结果: 选择路径 0, 答案: 5, 置信度: 1.0
2025-08-07 20:54:50,983 - INFO - 投票结果: 选择路径 0, 答案: 11, 置信度: 0.7
2025-08-07 20:54:50,984 - INFO - 投票结果: 选择路径 0, 答案: 8400, 置信度: 0.8
2025-08-07 20:54:50,985 - INFO - 投票结果: 选择路径 0, 答案: 3000, 置信度: 0.8
2025-08-07 20:54:50,985 - INFO - 投票结果: 选择路径 0, 答案: 60, 置信度: 1.0
2025-08-07 20:54:50,986 - INFO - 投票结果: 选择路径 2, 答案: 826, 置信度: 0.5
2025-08-07 20:54:50,987 - INFO - 投票结果: 选择路径 0, 答案: 20, 置信度: 0.6
2025-08-07 20:54:50,987 - INFO - 投票结果: 选择路径 1, 答案: 6, 置信度: 0.9
2025-08-07 20:54:50,988 - INFO - 投票结果: 选择路径 0, 答案: 12, 置信度: 0.8
2025-08-07 20:54:50,988 - INFO - 投票结果: 选择路径 0, 答案: 480, 置信度: 1.0
2025-08-07 20:54:50,989 - INFO - 投票结果: 选择路径 0, 答案: 14400, 置信度: 0.9
2025-08-07 20:54:50,990 - INFO - 投票结果: 选择路径 0, 答案: 3, 置信度: 0.6
2025-08-07 20:54:50,990 - INFO - 投票结果: 选择路径 0, 答案: 250, 置信度: 1.0
2025-08-07 20:54:50,991 - INFO - 投票结果: 选择路径 0, 答案: 168, 置信度: 1.0
2025-08-07 20:54:50,992 - INFO - 投票结果: 选择路径 1, 答案: 64800, 置信度: 0.5
2025-08-07 20:54:50,992 - INFO - 投票结果: 选择路径 0, 答案: 120, 置信度: 0.9
2025-08-07 20:54:50,993 - INFO - 投票结果: 选择路径 0, 答案: 270, 置信度: 1.0
2025-08-07 20:54:50,994 - INFO - 投票结果: 选择路径 0, 答案: 26, 置信度: 1.0
2025-08-07 20:54:50,994 - INFO - 投票结果: 选择路径 0, 答案: 20, 置信度: 0.5
2025-08-07 20:54:50,995 - INFO - 投票结果: 选择路径 1, 答案: 45, 置信度: 0.5
2025-08-07 20:54:50,996 - INFO - 投票结果: 选择路径 0, 答案: 101, 置信度: 1.0
2025-08-07 20:54:50,996 - INFO - 投票结果: 选择路径 1, 答案: 80, 置信度: 0.6
2025-08-07 20:54:50,997 - INFO - 投票结果: 选择路径 0, 答案: 85, 置信度: 1.0
2025-08-07 20:54:50,997 - INFO - 投票结果: 选择路径 0, 答案: 4, 置信度: 0.5
2025-08-07 20:54:50,998 - INFO - 投票结果: 选择路径 1, 答案: 15300, 置信度: 0.2
2025-08-07 20:54:50,999 - INFO - 投票结果: 选择路径 0, 答案: 300, 置信度: 1.0
2025-08-07 20:54:50,999 - INFO - 投票结果: 选择路径 0, 答案: 31, 置信度: 1.0
2025-08-07 20:54:51,000 - INFO - 投票结果: 选择路径 0, 答案: 12, 置信度: 1.0
2025-08-07 20:54:51,001 - INFO - 投票结果: 选择路径 0, 答案: 2:00p, 置信度: 0.7
2025-08-07 20:54:51,001 - INFO - 投票结果: 选择路径 0, 答案: 3, 置信度: 1.0
2025-08-07 20:54:51,002 - INFO - 投票结果: 选择路径 0, 答案: 10, 置信度: 0.4
2025-08-07 20:54:51,003 - INFO - 投票结果: 选择路径 0, 答案: 45, 置信度: 1.0
2025-08-07 20:54:51,003 - INFO - 投票结果: 选择路径 0, 答案: 200, 置信度: 0.9
2025-08-07 20:54:51,004 - INFO - 投票结果: 选择路径 0, 答案: 55, 置信度: 0.5
2025-08-07 20:54:51,005 - INFO - 投票结果: 选择路径 0, 答案: 10, 置信度: 0.8
2025-08-07 20:54:51,005 - INFO - 投票结果: 选择路径 0, 答案: 98, 置信度: 1.0
2025-08-07 20:54:51,006 - INFO - 投票结果: 选择路径 0, 答案: 0, 置信度: 0.2
2025-08-07 20:54:51,007 - INFO - 投票结果: 选择路径 4, 答案: 45, 置信度: 0.4
2025-08-07 20:54:51,007 - INFO - 投票结果: 选择路径 4, 答案: 6, 置信度: 0.3
2025-08-07 20:54:51,008 - INFO - 投票结果: 选择路径 1, 答案: 8, 置信度: 0.5
2025-08-07 20:54:51,009 - INFO - 投票结果: 选择路径 1, 答案: 15, 置信度: 0.4
2025-08-07 20:54:51,009 - INFO - 投票结果: 选择路径 0, 答案: 70, 置信度: 1.0
2025-08-07 20:54:51,010 - INFO - 投票结果: 选择路径 0, 答案: 294, 置信度: 1.0
2025-08-07 20:54:51,011 - INFO - 投票结果: 选择路径 0, 答案: 42, 置信度: 0.6
2025-08-07 20:54:51,011 - INFO - 投票结果: 选择路径 0, 答案: 13, 置信度: 1.0
2025-08-07 20:54:51,012 - INFO - 投票结果: 选择路径 0, 答案: 195, 置信度: 0.9
2025-08-07 20:54:51,013 - INFO - 投票结果: 选择路径 0, 答案: 7, 置信度: 1.0
2025-08-07 20:54:51,013 - INFO - 投票结果: 选择路径 0, 答案: 1875, 置信度: 0.9
2025-08-07 20:54:51,014 - INFO - 投票结果: 选择路径 0, 答案: 385000, 置信度: 0.9
2025-08-07 20:54:51,015 - INFO - 投票结果: 选择路径 0, 答案: 85, 置信度: 1.0
2025-08-07 20:54:51,015 - INFO - 投票结果: 选择路径 0, 答案: 27, 置信度: 1.0
2025-08-07 20:54:51,016 - INFO - 投票结果: 选择路径 0, 答案: 159, 置信度: 1.0
2025-08-07 20:54:51,016 - INFO - 投票结果: 选择路径 0, 答案: 25, 置信度: 0.9
2025-08-07 20:54:51,017 - INFO - 投票结果: 选择路径 0, 答案: 720, 置信度: 1.0
2025-08-07 20:54:51,018 - INFO - 投票结果: 选择路径 2, 答案: 549, 置信度: 0.8
2025-08-07 20:54:51,018 - INFO - 投票结果: 选择路径 0, 答案: 7, 置信度: 0.8
2025-08-07 20:54:51,019 - INFO - 投票结果: 选择路径 1, 答案: 25, 置信度: 0.8
2025-08-07 20:54:51,020 - INFO - 投票结果: 选择路径 0, 答案: 90, 置信度: 0.6
2025-08-07 20:54:51,020 - INFO - 投票结果: 选择路径 0, 答案: 2, 置信度: 0.8
2025-08-07 20:54:51,021 - INFO - 投票结果: 选择路径 0, 答案: 22, 置信度: 0.6
2025-08-07 20:54:51,022 - INFO - 投票结果: 选择路径 0, 答案: 40, 置信度: 0.7
2025-08-07 20:54:51,022 - INFO - 投票结果: 选择路径 0, 答案: 2550, 置信度: 0.5
2025-08-07 20:54:51,023 - INFO - 投票结果: 选择路径 0, 答案: 250, 置信度: 0.2
2025-08-07 20:54:51,024 - INFO - 投票结果: 选择路径 2, 答案: 10, 置信度: 0.6
2025-08-07 20:54:51,024 - INFO - 投票结果: 选择路径 0, 答案: 27, 置信度: 0.4
2025-08-07 20:54:51,025 - INFO - 投票结果: 选择路径 0, 答案: 17, 置信度: 1.0
2025-08-07 20:54:51,026 - INFO - 投票结果: 选择路径 0, 答案: 50, 置信度: 0.8
2025-08-07 20:54:51,026 - INFO - 投票结果: 选择路径 0, 答案: 96, 置信度: 0.8
2025-08-07 20:54:51,027 - INFO - 投票结果: 选择路径 1, 答案: 280, 置信度: 0.7
2025-08-07 20:54:51,028 - INFO - 投票结果: 选择路径 2, 答案: 60, 置信度: 0.4
2025-08-07 20:54:51,028 - INFO - 投票结果: 选择路径 0, 答案: 142, 置信度: 1.0
2025-08-07 20:54:51,029 - INFO - 投票结果: 选择路径 1, 答案: 5, 置信度: 0.6
2025-08-07 20:54:51,030 - INFO - 投票结果: 选择路径 0, 答案: 95, 置信度: 1.0
2025-08-07 20:54:51,030 - INFO - 投票结果: 选择路径 0, 答案: 175, 置信度: 1.0
2025-08-07 20:54:51,031 - INFO - 投票结果: 选择路径 0, 答案: 20, 置信度: 0.7
2025-08-07 20:54:51,032 - INFO - 投票结果: 选择路径 0, 答案: 15, 置信度: 1.0
2025-08-07 20:54:51,032 - INFO - 投票结果: 选择路径 0, 答案: 370, 置信度: 0.6
2025-08-07 20:54:51,033 - INFO - 投票结果: 选择路径 3, 答案: 2, 置信度: 0.4
2025-08-07 20:54:51,033 - INFO - 投票结果: 选择路径 0, 答案: 2, 置信度: 1.0
2025-08-07 20:54:51,034 - INFO - 投票结果: 选择路径 3, 答案: 120, 置信度: 0.4
2025-08-07 20:54:51,035 - INFO - 投票结果: 选择路径 0, 答案: 70, 置信度: 1.0
2025-08-07 20:54:51,035 - INFO - 投票结果: 选择路径 0, 答案: 17000, 置信度: 1.0
2025-08-07 20:54:51,036 - INFO - 投票结果: 选择路径 0, 答案: 57, 置信度: 1.0
2025-08-07 20:54:51,037 - INFO - 投票结果: 选择路径 0, 答案: 1260, 置信度: 0.9
2025-08-07 20:54:51,037 - INFO - 投票结果: 选择路径 0, 答案: 4500, 置信度: 1.0
2025-08-07 20:54:51,038 - INFO - 投票结果: 选择路径 0, 答案: 5, 置信度: 1.0
2025-08-07 20:54:51,039 - INFO - 投票结果: 选择路径 0, 答案: 360, 置信度: 1.0
2025-08-07 20:54:51,039 - INFO - 投票结果: 选择路径 1, 答案: 50, 置信度: 0.6
2025-08-07 20:54:51,040 - INFO - 投票结果: 选择路径 1, 答案: 95, 置信度: 0.5
2025-08-07 20:54:51,041 - INFO - 投票结果: 选择路径 2, 答案: 2, 置信度: 0.8
2025-08-07 20:54:51,041 - INFO - 投票结果: 选择路径 1, 答案: 7.17, 置信度: 0.8
2025-08-07 20:54:51,042 - INFO - 投票结果: 选择路径 1, 答案: 5760, 置信度: 0.9
2025-08-07 20:54:51,043 - INFO - 投票结果: 选择路径 0, 答案: 35, 置信度: 0.9
2025-08-07 20:54:51,043 - INFO - 投票结果: 选择路径 0, 答案: 27, 置信度: 0.6
2025-08-07 20:54:51,044 - INFO - 投票结果: 选择路径 0, 答案: 7, 置信度: 0.8
2025-08-07 20:54:51,044 - INFO - 投票结果: 选择路径 0, 答案: 3, 置信度: 1.0
2025-08-07 20:54:51,045 - INFO - 投票结果: 选择路径 0, 答案: 147, 置信度: 0.6
2025-08-07 20:54:51,046 - INFO - 投票结果: 选择路径 1, 答案: 280, 置信度: 0.7
2025-08-07 20:54:51,047 - INFO - 投票结果: 选择路径 0, 答案: 16, 置信度: 0.7
2025-08-07 20:54:51,047 - INFO - 投票结果: 选择路径 0, 答案: 10, 置信度: 1.0
2025-08-07 20:54:51,048 - INFO - 投票结果: 选择路径 0, 答案: 101, 置信度: 1.0
2025-08-07 20:54:51,049 - INFO - 投票结果: 选择路径 0, 答案: 12, 置信度: 0.7
2025-08-07 20:54:51,049 - INFO - 投票结果: 选择路径 0, 答案: 78, 置信度: 1.0
2025-08-07 20:54:51,050 - INFO - 投票结果: 选择路径 0, 答案: 16, 置信度: 1.0
2025-08-07 20:54:51,051 - INFO - 投票结果: 选择路径 0, 答案: 8, 置信度: 0.7
2025-08-07 20:54:51,051 - INFO - 投票结果: 选择路径 0, 答案: 20, 置信度: 0.9
2025-08-07 20:54:51,052 - INFO - 投票结果: 选择路径 0, 答案: 280, 置信度: 0.9
2025-08-07 20:54:51,053 - INFO - 投票结果: 选择路径 0, 答案: 1.96875, 置信度: 0.5
2025-08-07 20:54:51,053 - INFO - 投票结果: 选择路径 0, 答案: 105, 置信度: 1.0
2025-08-07 20:54:51,054 - INFO - 投票结果: 选择路径 1, 答案: 58, 置信度: 0.8
2025-08-07 20:54:51,054 - INFO - 投票结果: 选择路径 0, 答案: 6, 置信度: 1.0
2025-08-07 20:54:51,055 - INFO - 投票结果: 选择路径 0, 答案: 120, 置信度: 0.5
2025-08-07 20:54:51,056 - INFO - 投票结果: 选择路径 0, 答案: 770, 置信度: 1.0
2025-08-07 20:54:51,056 - INFO - 投票结果: 选择路径 0, 答案: 28, 置信度: 1.0
2025-08-07 20:54:51,057 - INFO - 投票结果: 选择路径 0, 答案: 25, 置信度: 0.6
2025-08-07 20:54:51,058 - INFO - 投票结果: 选择路径 0, 答案: 1630, 置信度: 0.8
2025-08-07 20:54:51,058 - INFO - 投票结果: 选择路径 0, 答案: 55, 置信度: 1.0
2025-08-07 20:54:51,059 - INFO - 投票结果: 选择路径 1, 答案: 40, 置信度: 0.8
2025-08-07 20:54:51,060 - INFO - 投票结果: 选择路径 0, 答案: 11, 置信度: 1.0
2025-08-07 20:54:51,060 - INFO - 投票结果: 选择路径 0, 答案: 3, 置信度: 1.0
2025-08-07 20:54:51,061 - INFO - 投票结果: 选择路径 0, 答案: 20, 置信度: 0.8
2025-08-07 20:54:51,062 - INFO - 投票结果: 选择路径 1, 答案: 15, 置信度: 0.9
2025-08-07 20:54:51,062 - INFO - 投票结果: 选择路径 0, 答案: 6, 置信度: 0.2
2025-08-07 20:54:51,063 - INFO - 投票结果: 选择路径 0, 答案: 70, 置信度: 1.0
2025-08-07 20:54:51,063 - INFO - 投票结果: 选择路径 0, 答案: 63, 置信度: 0.9
2025-08-07 20:54:51,064 - INFO - 投票结果: 选择路径 0, 答案: 14, 置信度: 0.9
2025-08-07 20:54:51,065 - INFO - 投票结果: 选择路径 0, 答案: 11, 置信度: 1.0
2025-08-07 20:54:51,065 - INFO - 投票结果: 选择路径 0, 答案: 153, 置信度: 1.0
2025-08-07 20:54:51,066 - INFO - 投票结果: 选择路径 0, 答案: 15, 置信度: 1.0
2025-08-07 20:54:51,067 - INFO - 投票结果: 选择路径 0, 答案: 145, 置信度: 0.3
2025-08-07 20:54:51,067 - INFO - 投票结果: 选择路径 2, 答案: 175, 置信度: 0.5
2025-08-07 20:54:51,068 - INFO - 投票结果: 选择路径 0, 答案: 600, 置信度: 0.8
2025-08-07 20:54:51,069 - INFO - 投票结果: 选择路径 0, 答案: 20, 置信度: 0.9
2025-08-07 20:54:51,069 - INFO - 投票结果: 选择路径 0, 答案: 12, 置信度: 1.0
2025-08-07 20:54:51,070 - INFO - 投票结果: 选择路径 0, 答案: 87, 置信度: 1.0
2025-08-07 20:54:51,071 - INFO - 投票结果: 选择路径 1, 答案: 54, 置信度: 0.4
2025-08-07 20:54:51,071 - INFO - 投票结果: 选择路径 0, 答案: 10, 置信度: 0.8
2025-08-07 20:54:51,072 - INFO - 投票结果: 选择路径 0, 答案: 18, 置信度: 1.0
2025-08-07 20:54:51,073 - INFO - 投票结果: 选择路径 0, 答案: 230, 置信度: 1.0
2025-08-07 20:54:51,073 - INFO - 投票结果: 选择路径 0, 答案: 15, 置信度: 0.4
2025-08-07 20:54:51,074 - INFO - 投票结果: 选择路径 0, 答案: 1198, 置信度: 0.4
2025-08-07 20:54:51,074 - INFO - 投票结果: 选择路径 0, 答案: 2325, 置信度: 0.7
2025-08-07 20:54:51,075 - INFO - 投票结果: 选择路径 0, 答案: 80, 置信度: 1.0
2025-08-07 20:54:51,076 - INFO - 投票结果: 选择路径 0, 答案: 880, 置信度: 1.0
2025-08-07 20:54:51,076 - INFO - 投票结果: 选择路径 0, 答案: 5, 置信度: 1.0
2025-08-07 20:54:51,077 - INFO - 投票结果: 选择路径 0, 答案: 45, 置信度: 1.0
2025-08-07 20:54:51,078 - INFO - 投票结果: 选择路径 0, 答案: 75, 置信度: 1.0
2025-08-07 20:54:51,078 - INFO - 投票结果: 选择路径 0, 答案: 4, 置信度: 0.3
2025-08-07 20:54:51,079 - INFO - 投票结果: 选择路径 0, 答案: 350, 置信度: 1.0
2025-08-07 20:54:51,080 - INFO - 投票结果: 选择路径 0, 答案: 200, 置信度: 1.0
2025-08-07 20:54:51,080 - INFO - 投票结果: 选择路径 0, 答案: 1000, 置信度: 0.8
2025-08-07 20:54:51,081 - INFO - 投票结果: 选择路径 0, 答案: 21, 置信度: 0.9
2025-08-07 20:54:51,081 - INFO - 投票结果: 选择路径 0, 答案: 19, 置信度: 1.0
2025-08-07 20:54:51,082 - INFO - 投票结果: 选择路径 0, 答案: 13, 置信度: 0.9
2025-08-07 20:54:51,083 - INFO - 投票结果: 选择路径 1, 答案: 10, 置信度: 0.8
2025-08-07 20:54:51,083 - INFO - 投票结果: 选择路径 0, 答案: 440, 置信度: 0.9
2025-08-07 20:54:51,084 - INFO - 投票结果: 选择路径 0, 答案: 48, 置信度: 1.0
2025-08-07 20:54:51,085 - INFO - 投票结果: 选择路径 3, 答案: 33, 置信度: 0.4
2025-08-07 20:54:51,085 - INFO - 投票结果: 选择路径 0, 答案: 64, 置信度: 0.5
2025-08-07 20:54:51,086 - INFO - 投票结果: 选择路径 0, 答案: 22, 置信度: 1.0
2025-08-07 20:54:51,087 - INFO - 投票结果: 选择路径 0, 答案: 57500, 置信度: 1.0
2025-08-07 20:54:51,087 - INFO - 投票结果: 选择路径 0, 答案: 35, 置信度: 1.0
2025-08-07 20:54:51,088 - INFO - 投票结果: 选择路径 0, 答案: 26, 置信度: 1.0
2025-08-07 20:54:51,089 - INFO - 投票结果: 选择路径 1, 答案: 24, 置信度: 0.3
2025-08-07 20:54:51,089 - INFO - 投票结果: 选择路径 0, 答案: 27000, 置信度: 0.9
2025-08-07 20:54:51,090 - INFO - 投票结果: 选择路径 0, 答案: 157, 置信度: 1.0
2025-08-07 20:54:51,090 - INFO - 投票结果: 选择路径 0, 答案: 14, 置信度: 1.0
2025-08-07 20:54:51,091 - INFO - 投票结果: 选择路径 0, 答案: 26, 置信度: 0.9
2025-08-07 20:54:51,092 - INFO - 投票结果: 选择路径 0, 答案: 1170, 置信度: 0.2
2025-08-07 20:54:51,092 - INFO - 投票结果: 选择路径 0, 答案: 12, 置信度: 1.0
2025-08-07 20:54:51,093 - INFO - 投票结果: 选择路径 1, 答案: 12, 置信度: 0.5
2025-08-07 20:54:51,094 - INFO - 投票结果: 选择路径 0, 答案: 366, 置信度: 0.9
2025-08-07 20:54:51,094 - INFO - 投票结果: 选择路径 0, 答案: 195, 置信度: 0.8
2025-08-07 20:54:51,095 - INFO - 投票结果: 选择路径 0, 答案: 90, 置信度: 1.0
2025-08-07 20:54:51,096 - INFO - 投票结果: 选择路径 1, 答案: 10, 置信度: 0.9
2025-08-07 20:54:51,096 - INFO - 投票结果: 选择路径 0, 答案: 400, 置信度: 1.0
2025-08-07 20:54:51,097 - INFO - 投票结果: 选择路径 0, 答案: 6, 置信度: 0.8
2025-08-07 20:54:51,098 - INFO - 投票结果: 选择路径 0, 答案: 17, 置信度: 1.0
2025-08-07 20:54:51,098 - INFO - 投票结果: 选择路径 0, 答案: 80, 置信度: 0.6
2025-08-07 20:54:51,099 - INFO - 投票结果: 选择路径 1, 答案: 11, 置信度: 0.4
2025-08-07 20:54:51,099 - INFO - 投票结果: 选择路径 0, 答案: 44, 置信度: 1.0
2025-08-07 20:54:51,100 - INFO - 投票结果: 选择路径 0, 答案: 12, 置信度: 0.8
2025-08-07 20:54:51,101 - INFO - 投票结果: 选择路径 0, 答案: 27, 置信度: 0.8
2025-08-07 20:54:51,101 - INFO - 投票结果: 选择路径 0, 答案: 120, 置信度: 1.0
2025-08-07 20:54:51,102 - INFO - 投票结果: 选择路径 0, 答案: 12, 置信度: 1.0
2025-08-07 20:54:51,103 - INFO - 投票结果: 选择路径 0, 答案: 5, 置信度: 1.0
2025-08-07 20:54:51,103 - INFO - 投票结果: 选择路径 0, 答案: 36, 置信度: 0.7
2025-08-07 20:54:51,104 - INFO - 投票结果: 选择路径 0, 答案: 9, 置信度: 1.0
2025-08-07 20:54:51,105 - INFO - 投票结果: 选择路径 0, 答案: 2, 置信度: 0.9
2025-08-07 20:54:51,105 - INFO - 投票结果: 选择路径 0, 答案: 38, 置信度: 0.3
2025-08-07 20:54:51,106 - INFO - 投票结果: 选择路径 0, 答案: 70, 置信度: 1.0
2025-08-07 20:54:51,107 - INFO - 投票结果: 选择路径 1, 答案: 2680, 置信度: 0.3
2025-08-07 20:54:51,107 - INFO - 投票结果: 选择路径 0, 答案: 3200, 置信度: 1.0
2025-08-07 20:54:51,108 - INFO - 投票结果: 选择路径 2, 答案: 142, 置信度: 0.4
2025-08-07 20:54:51,109 - INFO - 投票结果: 选择路径 0, 答案: 90, 置信度: 1.0
2025-08-07 20:54:51,109 - INFO - 投票结果: 选择路径 0, 答案: 200, 置信度: 0.8
2025-08-07 20:54:51,110 - INFO - 投票结果: 选择路径 0, 答案: 330000, 置信度: 0.7
2025-08-07 20:54:51,111 - INFO - 投票结果: 选择路径 0, 答案: 9, 置信度: 1.0
2025-08-07 20:54:51,111 - INFO - 投票结果: 选择路径 0, 答案: 10, 置信度: 1.0
2025-08-07 20:54:51,112 - INFO - 投票结果: 选择路径 0, 答案: 40, 置信度: 0.4
2025-08-07 20:54:51,113 - INFO - 投票结果: 选择路径 0, 答案: 700, 置信度: 0.9
2025-08-07 20:54:51,113 - INFO - 投票结果: 选择路径 0, 答案: 12, 置信度: 1.0
2025-08-07 20:54:51,114 - INFO - 投票结果: 选择路径 0, 答案: 3, 置信度: 1.0
2025-08-07 20:54:51,114 - INFO - 投票结果: 选择路径 0, 答案: 320, 置信度: 0.9
2025-08-07 20:54:51,115 - INFO - 投票结果: 选择路径 4, 答案: 50, 置信度: 0.4
2025-08-07 20:54:51,116 - INFO - 投票结果: 选择路径 1, 答案: 50, 置信度: 0.4
2025-08-07 20:54:51,116 - INFO - 投票结果: 选择路径 0, 答案: 50, 置信度: 1.0
2025-08-07 20:54:51,117 - INFO - 投票结果: 选择路径 0, 答案: 1950, 置信度: 0.4
2025-08-07 20:54:51,118 - INFO - 投票结果: 选择路径 0, 答案: 12, 置信度: 0.8
2025-08-07 20:54:51,119 - INFO - 投票结果: 选择路径 0, 答案: 2640, 置信度: 0.9
2025-08-07 20:54:51,135 - INFO - 投票结果: 选择路径 0, 答案: 98, 置信度: 1.0
2025-08-07 20:54:51,136 - INFO - 投票结果: 选择路径 0, 答案: 19, 置信度: 1.0
2025-08-07 20:54:51,137 - INFO - 投票结果: 选择路径 0, 答案: 21, 置信度: 1.0
2025-08-07 20:54:51,139 - INFO - 投票结果: 选择路径 1, 答案: 5, 置信度: 0.6
2025-08-07 20:54:51,140 - INFO - 投票结果: 选择路径 0, 答案: 30, 置信度: 1.0
2025-08-07 20:54:51,141 - INFO - 投票结果: 选择路径 0, 答案: 34, 置信度: 0.8
2025-08-07 20:54:51,143 - INFO - 投票结果: 选择路径 2, 答案: 48, 置信度: 0.6
2025-08-07 20:54:51,145 - INFO - 投票结果: 选择路径 0, 答案: 7, 置信度: 1.0
2025-08-07 20:54:51,146 - INFO - 投票结果: 选择路径 0, 答案: 50, 置信度: 1.0
2025-08-07 20:54:51,147 - INFO - 投票结果: 选择路径 0, 答案: 25, 置信度: 0.9
2025-08-07 20:54:51,147 - INFO - 投票结果: 选择路径 0, 答案: 500, 置信度: 1.0
2025-08-07 20:54:51,148 - INFO - 投票结果: 选择路径 0, 答案: 300, 置信度: 1.0
2025-08-07 20:54:51,149 - INFO - 投票结果: 选择路径 0, 答案: 842, 置信度: 1.0
2025-08-07 20:54:51,149 - INFO - 投票结果: 选择路径 0, 答案: 600, 置信度: 0.9
2025-08-07 20:54:51,150 - INFO - 投票结果: 选择路径 0, 答案: 160, 置信度: 0.6
2025-08-07 20:54:51,151 - INFO - 投票结果: 选择路径 0, 答案: 32, 置信度: 0.9
2025-08-07 20:54:51,151 - INFO - 投票结果: 选择路径 0, 答案: 15, 置信度: 1.0
2025-08-07 20:54:51,152 - INFO - 投票结果: 选择路径 0, 答案: 243, 置信度: 1.0
2025-08-07 20:54:51,153 - INFO - 投票结果: 选择路径 0, 答案: 60, 置信度: 0.5
2025-08-07 20:54:51,153 - INFO - 投票结果: 选择路径 0, 答案: 1218, 置信度: 1.0
2025-08-07 20:54:51,154 - INFO - 投票结果: 选择路径 1, 答案: 16, 置信度: 0.7
2025-08-07 20:54:51,155 - INFO - 投票结果: 选择路径 0, 答案: 40, 置信度: 0.9
2025-08-07 20:54:51,155 - INFO - 投票结果: 选择路径 0, 答案: 1210, 置信度: 1.0
2025-08-07 20:54:51,156 - INFO - 投票结果: 选择路径 0, 答案: 50, 置信度: 1.0
2025-08-07 20:54:51,156 - INFO - 投票结果: 选择路径 0, 答案: 12, 置信度: 1.0
2025-08-07 20:54:51,157 - INFO - 投票结果: 选择路径 0, 答案: 3528, 置信度: 1.0
2025-08-07 20:54:51,158 - INFO - 投票结果: 选择路径 0, 答案: 150, 置信度: 0.6
2025-08-07 20:54:51,158 - INFO - 投票结果: 选择路径 0, 答案: 1050, 置信度: 1.0
2025-08-07 20:54:51,159 - INFO - 投票结果: 选择路径 0, 答案: 2304, 置信度: 1.0
2025-08-07 20:54:51,160 - INFO - 投票结果: 选择路径 1, 答案: 115, 置信度: 0.5
2025-08-07 20:54:51,160 - INFO - 投票结果: 选择路径 4, 答案: 10000, 置信度: 0.5
2025-08-07 20:54:51,161 - INFO - 投票结果: 选择路径 0, 答案: 410, 置信度: 0.7
2025-08-07 20:54:51,162 - INFO - 投票结果: 选择路径 0, 答案: 32, 置信度: 1.0
2025-08-07 20:54:51,162 - INFO - 投票结果: 选择路径 1, 答案: 120, 置信度: 0.6
2025-08-07 20:54:51,163 - INFO - 投票结果: 选择路径 0, 答案: 29, 置信度: 0.9
2025-08-07 20:54:51,164 - INFO - 投票结果: 选择路径 0, 答案: 200, 置信度: 0.3
2025-08-07 20:54:51,165 - INFO - 投票结果: 选择路径 0, 答案: 80, 置信度: 0.8
2025-08-07 20:54:51,165 - INFO - 投票结果: 选择路径 1, 答案: 200, 置信度: 0.8
2025-08-07 20:54:51,166 - INFO - 投票结果: 选择路径 0, 答案: 2, 置信度: 0.9
2025-08-07 20:54:51,166 - INFO - 投票结果: 选择路径 0, 答案: 9, 置信度: 1.0
2025-08-07 20:54:51,167 - INFO - 投票结果: 选择路径 0, 答案: 100, 置信度: 1.0
2025-08-07 20:54:51,168 - INFO - 投票结果: 选择路径 0, 答案: 40, 置信度: 0.9
2025-08-07 20:54:51,168 - INFO - 投票结果: 选择路径 0, 答案: 250, 置信度: 0.6
2025-08-07 20:54:51,169 - INFO - 投票结果: 选择路径 0, 答案: 5600, 置信度: 0.9
2025-08-07 20:54:51,170 - INFO - 投票结果: 选择路径 0, 答案: 5, 置信度: 0.9
2025-08-07 20:54:51,170 - INFO - 投票结果: 选择路径 0, 答案: 600, 置信度: 1.0
2025-08-07 20:54:51,171 - INFO - 投票结果: 选择路径 0, 答案: 6, 置信度: 1.0
2025-08-07 20:54:51,172 - INFO - 投票结果: 选择路径 0, 答案: 1, 置信度: 1.0
2025-08-07 20:54:51,172 - INFO - 投票结果: 选择路径 0, 答案: 360, 置信度: 0.7
2025-08-07 20:54:51,173 - INFO - 投票结果: 选择路径 0, 答案: 45, 置信度: 1.0
2025-08-07 20:54:51,174 - INFO - 投票结果: 选择路径 0, 答案: 310, 置信度: 1.0
2025-08-07 20:54:51,174 - INFO - 投票结果: 选择路径 0, 答案: 5, 置信度: 0.5
2025-08-07 20:54:51,175 - INFO - 投票结果: 选择路径 0, 答案: 30, 置信度: 1.0
2025-08-07 20:54:51,175 - INFO - 投票结果: 选择路径 0, 答案: 220, 置信度: 1.0
2025-08-07 20:54:51,176 - INFO - 投票结果: 选择路径 0, 答案: 310, 置信度: 1.0
2025-08-07 20:54:51,177 - INFO - 投票结果: 选择路径 1, 答案: 250, 置信度: 0.6
2025-08-07 20:54:51,177 - INFO - 投票结果: 选择路径 1, 答案: 118000, 置信度: 0.8
2025-08-07 20:54:51,178 - INFO - 投票结果: 选择路径 0, 答案: 160, 置信度: 1.0
2025-08-07 20:54:51,179 - INFO - 投票结果: 选择路径 0, 答案: 4, 置信度: 0.9
2025-08-07 20:54:51,179 - INFO - 投票结果: 选择路径 0, 答案: 6, 置信度: 1.0
2025-08-07 20:54:51,180 - INFO - 投票结果: 选择路径 1, 答案: 64, 置信度: 0.6
2025-08-07 20:54:51,181 - INFO - 投票结果: 选择路径 0, 答案: 335, 置信度: 1.0
2025-08-07 20:54:51,181 - INFO - 投票结果: 选择路径 0, 答案: 44, 置信度: 1.0
2025-08-07 20:54:51,182 - INFO - 投票结果: 选择路径 0, 答案: 216, 置信度: 1.0
2025-08-07 20:54:51,183 - INFO - 投票结果: 选择路径 0, 答案: 40, 置信度: 0.9
2025-08-07 20:54:51,183 - INFO - 投票结果: 选择路径 2, 答案: 72, 置信度: 0.3
2025-08-07 20:54:51,184 - INFO - 投票结果: 选择路径 1, 答案: 135, 置信度: 0.6
2025-08-07 20:54:51,185 - INFO - 投票结果: 选择路径 0, 答案: 16, 置信度: 0.7
2025-08-07 20:54:51,185 - INFO - 投票结果: 选择路径 0, 答案: 6, 置信度: 1.0
2025-08-07 20:54:51,186 - INFO - 投票结果: 选择路径 0, 答案: 17, 置信度: 1.0
2025-08-07 20:54:51,187 - INFO - 投票结果: 选择路径 0, 答案: 540, 置信度: 0.8
2025-08-07 20:54:51,187 - INFO - 投票结果: 选择路径 0, 答案: 621, 置信度: 0.7
2025-08-07 20:54:51,188 - INFO - 投票结果: 选择路径 1, 答案: 120, 置信度: 0.9
2025-08-07 20:54:51,189 - INFO - 投票结果: 选择路径 1, 答案: 56, 置信度: 0.8
2025-08-07 20:54:51,189 - INFO - 投票结果: 选择路径 0, 答案: 2, 置信度: 1.0
2025-08-07 20:54:51,190 - INFO - 投票结果: 选择路径 0, 答案: 3, 置信度: 1.0
2025-08-07 20:54:51,190 - INFO - 投票结果: 选择路径 3, 答案: 104, 置信度: 0.6
2025-08-07 20:54:51,191 - INFO - 投票结果: 选择路径 0, 答案: 5, 置信度: 1.0
2025-08-07 20:54:51,192 - INFO - 投票结果: 选择路径 2, 答案: 5, 置信度: 0.3
2025-08-07 20:54:51,192 - INFO - 投票结果: 选择路径 0, 答案: 6, 置信度: 1.0
2025-08-07 20:54:51,193 - INFO - 投票结果: 选择路径 0, 答案: 40, 置信度: 0.7
2025-08-07 20:54:51,194 - INFO - 投票结果: 选择路径 0, 答案: 10, 置信度: 1.0
2025-08-07 20:54:51,194 - INFO - 投票结果: 选择路径 0, 答案: 9, 置信度: 0.8
2025-08-07 20:54:51,195 - INFO - 投票结果: 选择路径 0, 答案: 5, 置信度: 1.0
2025-08-07 20:54:51,196 - INFO - 投票结果: 选择路径 0, 答案: 16, 置信度: 1.0
2025-08-07 20:54:51,196 - INFO - 投票结果: 选择路径 1, 答案: 296, 置信度: 0.8
2025-08-07 20:54:51,197 - INFO - 投票结果: 选择路径 0, 答案: 750, 置信度: 0.3
2025-08-07 20:54:51,197 - INFO - 投票结果: 选择路径 2, 答案: 2, 置信度: 0.6
2025-08-07 20:54:51,198 - INFO - 投票结果: 选择路径 0, 答案: 4, 置信度: 1.0
2025-08-07 20:54:51,199 - INFO - 投票结果: 选择路径 0, 答案: 25, 置信度: 0.9
2025-08-07 20:54:51,199 - INFO - 投票结果: 选择路径 0, 答案: 210, 置信度: 0.4
2025-08-07 20:54:51,200 - INFO - 投票结果: 选择路径 0, 答案: 2, 置信度: 0.9
2025-08-07 20:54:51,201 - INFO - 投票结果: 选择路径 0, 答案: 35, 置信度: 0.8
2025-08-07 20:54:51,201 - INFO - 投票结果: 选择路径 0, 答案: 24, 置信度: 1.0
2025-08-07 20:54:51,202 - INFO - 投票结果: 选择路径 3, 答案: \frac{44}{3}, 置信度: 0.2
2025-08-07 20:54:51,203 - INFO - 投票结果: 选择路径 0, 答案: 69, 置信度: 0.7
2025-08-07 20:54:51,203 - INFO - 投票结果: 选择路径 0, 答案: 168, 置信度: 1.0
2025-08-07 20:54:51,204 - INFO - 投票结果: 选择路径 0, 答案: 20, 置信度: 1.0
2025-08-07 20:54:51,204 - INFO - 投票结果: 选择路径 0, 答案: 4, 置信度: 1.0
2025-08-07 20:54:51,205 - INFO - 投票结果: 选择路径 1, 答案: 1596, 置信度: 0.6
2025-08-07 20:54:51,206 - INFO - 投票结果: 选择路径 2, 答案: 150, 置信度: 0.6
2025-08-07 20:54:51,206 - INFO - 投票结果: 选择路径 0, 答案: 20, 置信度: 1.0
2025-08-07 20:54:51,207 - INFO - 投票结果: 选择路径 0, 答案: 2, 置信度: 0.9
2025-08-07 20:54:51,208 - INFO - 投票结果: 选择路径 0, 答案: 14, 置信度: 0.4
2025-08-07 20:54:51,208 - INFO - 投票结果: 选择路径 0, 答案: 3140, 置信度: 0.7
2025-08-07 20:54:51,209 - INFO - 投票结果: 选择路径 0, 答案: 4, 置信度: 1.0
2025-08-07 20:54:51,210 - INFO - 投票结果: 选择路径 0, 答案: 81, 置信度: 1.0
2025-08-07 20:54:51,210 - INFO - 投票结果: 选择路径 0, 答案: 50, 置信度: 0.5
2025-08-07 20:54:51,211 - INFO - 投票结果: 选择路径 0, 答案: 1400, 置信度: 0.9
2025-08-07 20:54:51,212 - INFO - 投票结果: 选择路径 0, 答案: 25, 置信度: 0.2
2025-08-07 20:54:51,212 - INFO - 投票结果: 选择路径 0, 答案: 30, 置信度: 0.8
2025-08-07 20:54:51,213 - INFO - 投票结果: 选择路径 0, 答案: 26, 置信度: 1.0
2025-08-07 20:54:51,213 - INFO - 投票结果: 选择路径 0, 答案: 13, 置信度: 1.0
2025-08-07 20:54:51,214 - INFO - 投票结果: 选择路径 1, 答案: 623, 置信度: 0.5
2025-08-07 20:54:51,215 - INFO - 投票结果: 选择路径 0, 答案: 92, 置信度: 1.0
2025-08-07 20:54:51,215 - INFO - 投票结果: 选择路径 1, 答案: 20, 置信度: 0.3
2025-08-07 20:54:51,216 - INFO - 投票结果: 选择路径 0, 答案: 55, 置信度: 1.0
2025-08-07 20:54:51,217 - INFO - 投票结果: 选择路径 0, 答案: 90, 置信度: 1.0
2025-08-07 20:54:51,217 - INFO - 投票结果: 选择路径 0, 答案: 75, 置信度: 0.3
2025-08-07 20:54:51,218 - INFO - 投票结果: 选择路径 0, 答案: 10, 置信度: 1.0
2025-08-07 20:54:51,219 - INFO - 投票结果: 选择路径 0, 答案: 70, 置信度: 1.0
2025-08-07 20:54:51,219 - INFO - 投票结果: 选择路径 0, 答案: 3, 置信度: 0.3
2025-08-07 20:54:51,220 - INFO - 投票结果: 选择路径 1, 答案: 2450, 置信度: 0.7
2025-08-07 20:54:51,221 - INFO - 投票结果: 选择路径 1, 答案: 20, 置信度: 0.4
2025-08-07 20:54:51,221 - INFO - 投票结果: 选择路径 0, 答案: 372000, 置信度: 0.5
2025-08-07 20:54:51,222 - INFO - 投票结果: 选择路径 0, 答案: 38, 置信度: 0.9
2025-08-07 20:54:51,223 - INFO - 投票结果: 选择路径 0, 答案: 300, 置信度: 1.0
2025-08-07 20:54:51,223 - INFO - 投票结果: 选择路径 0, 答案: 75, 置信度: 1.0
2025-08-07 20:54:51,224 - INFO - 投票结果: 选择路径 2, 答案: 360, 置信度: 0.3
2025-08-07 20:54:51,225 - INFO - 投票结果: 选择路径 1, 答案: 18, 置信度: 0.7
2025-08-07 20:54:51,225 - INFO - 投票结果: 选择路径 0, 答案: 9500, 置信度: 1.0
2025-08-07 20:54:51,226 - INFO - 投票结果: 选择路径 0, 答案: 7, 置信度: 1.0
2025-08-07 20:54:51,226 - INFO - 投票结果: 选择路径 0, 答案: 336, 置信度: 1.0
2025-08-07 20:54:51,227 - INFO - 投票结果: 选择路径 4, 答案: 67.72, 置信度: 0.3
2025-08-07 20:54:51,228 - INFO - 投票结果: 选择路径 0, 答案: 78, 置信度: 1.0
2025-08-07 20:54:51,228 - INFO - 投票结果: 选择路径 2, 答案: 155, 置信度: 0.6
2025-08-07 20:54:51,229 - INFO - 投票结果: 选择路径 1, 答案: 15, 置信度: 0.7
2025-08-07 20:54:51,230 - INFO - 投票结果: 选择路径 0, 答案: 375, 置信度: 0.9
2025-08-07 20:54:51,230 - INFO - 投票结果: 选择路径 2, 答案: 54, 置信度: 0.7
2025-08-07 20:54:51,231 - INFO - 投票结果: 选择路径 3, 答案: 6400, 置信度: 0.5
2025-08-07 20:54:51,232 - INFO - 投票结果: 选择路径 0, 答案: 19, 置信度: 0.4
2025-08-07 20:54:51,232 - INFO - 投票结果: 选择路径 4, 答案: 84, 置信度: 0.5
2025-08-07 20:54:51,233 - INFO - 投票结果: 选择路径 1, 答案: 100, 置信度: 0.7
2025-08-07 20:54:51,233 - INFO - 投票结果: 选择路径 0, 答案: 450, 置信度: 1.0
2025-08-07 20:54:51,234 - INFO - 投票结果: 选择路径 3, 答案: 6000, 置信度: 0.5
2025-08-07 20:54:51,235 - INFO - 投票结果: 选择路径 1, 答案: 43, 置信度: 0.3
2025-08-07 20:54:51,235 - INFO - 投票结果: 选择路径 0, 答案: 6, 置信度: 1.0
2025-08-07 20:54:51,236 - INFO - 投票结果: 选择路径 0, 答案: 1200, 置信度: 1.0
2025-08-07 20:54:51,237 - INFO - 投票结果: 选择路径 1, 答案: 24, 置信度: 0.6
2025-08-07 20:54:51,237 - INFO - 投票结果: 选择路径 0, 答案: 14, 置信度: 0.8
2025-08-07 20:54:51,238 - INFO - 投票结果: 选择路径 0, 答案: 28.33, 置信度: 0.3
2025-08-07 20:54:51,239 - INFO - 投票结果: 选择路径 0, 答案: 230, 置信度: 0.7
2025-08-07 20:54:51,239 - INFO - 投票结果: 选择路径 0, 答案: 11.43, 置信度: 0.5
2025-08-07 20:54:51,240 - INFO - 投票结果: 选择路径 2, 答案: 40, 置信度: 0.6
2025-08-07 20:54:51,241 - INFO - 投票结果: 选择路径 1, 答案: 14, 置信度: 0.5
2025-08-07 20:54:51,241 - INFO - 投票结果: 选择路径 0, 答案: 20, 置信度: 1.0
2025-08-07 20:54:51,242 - INFO - 投票结果: 选择路径 0, 答案: 180, 置信度: 0.5
2025-08-07 20:54:51,243 - INFO - 投票结果: 选择路径 1, 答案: 3, 置信度: 0.7
2025-08-07 20:54:51,243 - INFO - 投票结果: 选择路径 1, 答案: 162, 置信度: 0.3
2025-08-07 20:54:51,244 - INFO - 投票结果: 选择路径 0, 答案: 64, 置信度: 0.8
2025-08-07 20:54:51,245 - INFO - 投票结果: 选择路径 0, 答案: 48, 置信度: 1.0
2025-08-07 20:54:51,245 - INFO - 投票结果: 选择路径 0, 答案: 4, 置信度: 1.0
2025-08-07 20:54:51,246 - INFO - 投票结果: 选择路径 0, 答案: 14, 置信度: 0.9
2025-08-07 20:54:51,247 - INFO - 投票结果: 选择路径 0, 答案: 5600, 置信度: 0.7
2025-08-07 20:54:51,247 - INFO - 投票结果: 选择路径 1, 答案: 15, 置信度: 0.4
2025-08-07 20:54:51,248 - INFO - 投票结果: 选择路径 0, 答案: 144, 置信度: 0.9
2025-08-07 20:54:51,249 - INFO - 投票结果: 选择路径 0, 答案: 560, 置信度: 0.6
2025-08-07 20:54:51,249 - INFO - 投票结果: 选择路径 0, 答案: 428, 置信度: 0.9
2025-08-07 20:54:51,250 - INFO - 投票结果: 选择路径 0, 答案: 665, 置信度: 1.0
2025-08-07 20:54:51,251 - INFO - 投票结果: 选择路径 2, 答案: 5000, 置信度: 0.3
2025-08-07 20:54:51,252 - INFO - 投票结果: 选择路径 0, 答案: 2.5, 置信度: 0.5
2025-08-07 20:54:51,252 - INFO - 投票结果: 选择路径 1, 答案: 90, 置信度: 0.6
2025-08-07 20:54:51,253 - INFO - 投票结果: 选择路径 0, 答案: 570, 置信度: 1.0
2025-08-07 20:54:51,254 - INFO - 投票结果: 选择路径 1, 答案: 5, 置信度: 0.8
2025-08-07 20:54:51,254 - INFO - 投票结果: 选择路径 0, 答案: 86, 置信度: 0.7
2025-08-07 20:54:51,255 - INFO - 投票结果: 选择路径 0, 答案: 160, 置信度: 1.0
2025-08-07 20:54:51,256 - INFO - 投票结果: 选择路径 0, 答案: 6, 置信度: 1.0
2025-08-07 20:54:51,256 - INFO - 投票结果: 选择路径 0, 答案: 6000, 置信度: 0.8
2025-08-07 20:54:51,257 - INFO - 投票结果: 选择路径 1, 答案: 800, 置信度: 0.6
2025-08-07 20:54:51,258 - INFO - 投票结果: 选择路径 0, 答案: 1, 置信度: 1.0
2025-08-07 20:54:51,258 - INFO - 投票结果: 选择路径 0, 答案: 4, 置信度: 0.8
2025-08-07 20:54:51,259 - INFO - 投票结果: 选择路径 0, 答案: 31, 置信度: 0.9
2025-08-07 20:54:51,260 - INFO - 投票结果: 选择路径 0, 答案: 276000, 置信度: 1.0
2025-08-07 20:54:51,260 - INFO - 投票结果: 选择路径 0, 答案: 482, 置信度: 1.0
2025-08-07 20:54:51,261 - INFO - 投票结果: 选择路径 0, 答案: 100, 置信度: 1.0
2025-08-07 20:54:51,262 - INFO - 投票结果: 选择路径 0, 答案: 21, 置信度: 1.0
2025-08-07 20:54:51,263 - INFO - 投票结果: 选择路径 0, 答案: 40, 置信度: 1.0
2025-08-07 20:54:51,265 - INFO - 投票结果: 选择路径 0, 答案: 180000, 置信度: 1.0
2025-08-07 20:54:51,267 - INFO - 投票结果: 选择路径 0, 答案: 14, 置信度: 0.8
2025-08-07 20:54:51,268 - INFO - 投票结果: 选择路径 0, 答案: 54, 置信度: 0.7
2025-08-07 20:54:51,270 - INFO - 投票结果: 选择路径 0, 答案: 5, 置信度: 0.9
2025-08-07 20:54:51,271 - INFO - 投票结果: 选择路径 0, 答案: 48, 置信度: 0.9
2025-08-07 20:54:51,273 - INFO - 投票结果: 选择路径 0, 答案: 390, 置信度: 1.0
2025-08-07 20:54:51,274 - INFO - 投票结果: 选择路径 0, 答案: 22, 置信度: 1.0
2025-08-07 20:54:51,276 - INFO - 投票结果: 选择路径 0, 答案: 12, 置信度: 0.8
2025-08-07 20:54:51,277 - INFO - 投票结果: 选择路径 0, 答案: 18000, 置信度: 0.8
2025-08-07 20:54:51,279 - INFO - 投票结果: 选择路径 0, 答案: 8642, 置信度: 1.0
2025-08-07 20:54:51,280 - INFO - 投票结果: 选择路径 0, 答案: 10, 置信度: 1.0
2025-08-07 20:54:51,280 - INFO - 投票结果: 选择路径 0, 答案: 27, 置信度: 0.3
2025-08-07 20:54:51,281 - INFO - 投票结果: 选择路径 0, 答案: 22, 置信度: 1.0
2025-08-07 20:54:51,282 - INFO - 投票结果: 选择路径 0, 答案: 61, 置信度: 0.5
2025-08-07 20:54:51,282 - INFO - 投票结果: 选择路径 1, 答案: 10, 置信度: 0.8
2025-08-07 20:54:51,283 - INFO - 投票结果: 选择路径 0, 答案: 15, 置信度: 1.0
2025-08-07 20:54:51,283 - INFO - 投票结果: 选择路径 0, 答案: 14, 置信度: 1.0
2025-08-07 20:54:51,284 - INFO - 投票结果: 选择路径 0, 答案: 14, 置信度: 1.0
2025-08-07 20:54:51,285 - INFO - 投票结果: 选择路径 0, 答案: 4, 置信度: 1.0
2025-08-07 20:54:51,285 - INFO - 投票结果: 选择路径 0, 答案: 3000, 置信度: 0.7
2025-08-07 20:54:51,286 - INFO - 投票结果: 选择路径 0, 答案: 4, 置信度: 0.5
2025-08-07 20:54:51,287 - INFO - 投票结果: 选择路径 0, 答案: 374, 置信度: 0.4
2025-08-07 20:54:51,287 - INFO - 投票结果: 选择路径 0, 答案: 1080, 置信度: 1.0
2025-08-07 20:54:51,288 - INFO - 投票结果: 选择路径 0, 答案: 84, 置信度: 0.7
2025-08-07 20:54:51,289 - INFO - 投票结果: 选择路径 0, 答案: 91, 置信度: 1.0
2025-08-07 20:54:51,289 - INFO - 投票结果: 选择路径 0, 答案: 18, 置信度: 0.8
2025-08-07 20:54:51,290 - INFO - 投票结果: 选择路径 0, 答案: 180, 置信度: 1.0
2025-08-07 20:54:51,291 - INFO - 投票结果: 选择路径 3, 答案: 350, 置信度: 0.4
2025-08-07 20:54:51,291 - INFO - 投票结果: 选择路径 0, 答案: 6, 置信度: 0.7
2025-08-07 20:54:51,292 - INFO - 投票结果: 选择路径 0, 答案: 129200, 置信度: 1.0
2025-08-07 20:54:51,292 - INFO - 投票结果: 选择路径 0, 答案: 10, 置信度: 1.0
2025-08-07 20:54:51,293 - INFO - 投票结果: 选择路径 0, 答案: 14, 置信度: 1.0
2025-08-07 20:54:51,294 - INFO - 投票结果: 选择路径 0, 答案: 12, 置信度: 1.0
2025-08-07 20:54:51,294 - INFO - 投票结果: 选择路径 0, 答案: 68, 置信度: 0.9
2025-08-07 20:54:51,295 - INFO - 投票结果: 选择路径 0, 答案: 58, 置信度: 1.0
2025-08-07 20:54:51,296 - INFO - 投票结果: 选择路径 1, 答案: 40, 置信度: 0.9
2025-08-07 20:54:51,296 - INFO - 投票结果: 选择路径 0, 答案: 132, 置信度: 0.9
2025-08-07 20:54:51,297 - INFO - 投票结果: 选择路径 0, 答案: 120, 置信度: 1.0
2025-08-07 20:54:51,298 - INFO - 投票结果: 选择路径 0, 答案: 120, 置信度: 0.8
2025-08-07 20:54:51,298 - INFO - 投票结果: 选择路径 0, 答案: 120, 置信度: 0.9
2025-08-07 20:54:51,299 - INFO - 投票结果: 选择路径 0, 答案: 15, 置信度: 1.0
2025-08-07 20:54:51,300 - INFO - 投票结果: 选择路径 0, 答案: 576, 置信度: 1.0
2025-08-07 20:54:51,300 - INFO - 投票结果: 选择路径 0, 答案: 5, 置信度: 1.0
2025-08-07 20:54:51,301 - INFO - 投票结果: 选择路径 0, 答案: 20, 置信度: 1.0
2025-08-07 20:54:51,302 - INFO - 投票结果: 选择路径 0, 答案: 40, 置信度: 0.8
2025-08-07 20:54:51,302 - INFO - 投票结果: 选择路径 0, 答案: 23, 置信度: 0.9
2025-08-07 20:54:51,303 - INFO - 投票结果: 选择路径 1, 答案: 156, 置信度: 0.9
2025-08-07 20:54:51,303 - INFO - 投票结果: 选择路径 0, 答案: 280, 置信度: 0.7
2025-08-07 20:54:51,304 - INFO - 投票结果: 选择路径 2, 答案: 4, 置信度: 0.4
2025-08-07 20:54:51,305 - INFO - 投票结果: 选择路径 0, 答案: 2, 置信度: 1.0
2025-08-07 20:54:51,305 - INFO - 投票结果: 选择路径 0, 答案: 120, 置信度: 1.0
2025-08-07 20:54:51,306 - INFO - 投票结果: 选择路径 3, 答案: 52, 置信度: 0.3
2025-08-07 20:54:51,307 - INFO - 投票结果: 选择路径 0, 答案: 15, 置信度: 1.0
2025-08-07 20:54:51,307 - INFO - 投票结果: 选择路径 0, 答案: 9, 置信度: 1.0
2025-08-07 20:54:51,308 - INFO - 投票结果: 选择路径 2, 答案: 120, 置信度: 0.2
2025-08-07 20:54:51,309 - INFO - 投票结果: 选择路径 0, 答案: 20, 置信度: 0.8
2025-08-07 20:54:51,309 - INFO - 投票结果: 选择路径 1, 答案: 30, 置信度: 0.6
2025-08-07 20:54:51,310 - INFO - 投票结果: 选择路径 1, 答案: 80, 置信度: 0.5
2025-08-07 20:54:51,310 - INFO - 投票结果: 选择路径 0, 答案: 5, 置信度: 1.0
2025-08-07 20:54:51,311 - INFO - 投票结果: 选择路径 0, 答案: 5, 置信度: 1.0
2025-08-07 20:54:51,312 - INFO - 投票结果: 选择路径 0, 答案: 80, 置信度: 1.0
2025-08-07 20:54:51,312 - INFO - 投票结果: 选择路径 0, 答案: 38, 置信度: 0.7
2025-08-07 20:54:51,313 - INFO - 投票结果: 选择路径 0, 答案: 42, 置信度: 1.0
2025-08-07 20:54:51,314 - INFO - 投票结果: 选择路径 0, 答案: 3, 置信度: 0.9
2025-08-07 20:54:51,314 - INFO - 投票结果: 选择路径 0, 答案: 50, 置信度: 1.0
2025-08-07 20:54:51,315 - INFO - 投票结果: 选择路径 0, 答案: 17, 置信度: 1.0
2025-08-07 20:54:51,316 - INFO - 投票结果: 选择路径 3, 答案: 25, 置信度: 0.4
2025-08-07 20:54:51,316 - INFO - 投票结果: 选择路径 0, 答案: 20, 置信度: 1.0
2025-08-07 20:54:51,317 - INFO - 投票结果: 选择路径 0, 答案: 120, 置信度: 0.4
2025-08-07 20:54:51,318 - INFO - 投票结果: 选择路径 1, 答案: 20, 置信度: 0.4
2025-08-07 20:54:51,318 - INFO - 投票结果: 选择路径 0, 答案: 45, 置信度: 0.9
2025-08-07 20:54:51,319 - INFO - 投票结果: 选择路径 1, 答案: 11, 置信度: 0.7
2025-08-07 20:54:51,319 - INFO - 投票结果: 选择路径 0, 答案: 10, 置信度: 1.0
2025-08-07 20:54:51,320 - INFO - 投票结果: 选择路径 1, 答案: 318, 置信度: 0.6
2025-08-07 20:54:51,321 - INFO - 投票结果: 选择路径 0, 答案: 92, 置信度: 0.9
2025-08-07 20:54:51,321 - INFO - 投票结果: 选择路径 0, 答案: 70, 置信度: 1.0
2025-08-07 20:54:51,322 - INFO - 投票结果: 选择路径 0, 答案: 74, 置信度: 0.5
2025-08-07 20:54:51,323 - INFO - 投票结果: 选择路径 0, 答案: 1509, 置信度: 1.0
2025-08-07 20:54:51,323 - INFO - 投票结果: 选择路径 0, 答案: 2, 置信度: 1.0
2025-08-07 20:54:51,324 - INFO - 投票结果: 选择路径 0, 答案: 1, 置信度: 1.0
2025-08-07 20:54:51,325 - INFO - 投票结果: 选择路径 0, 答案: 1170, 置信度: 1.0
2025-08-07 20:54:51,325 - INFO - 投票结果: 选择路径 0, 答案: 28, 置信度: 1.0
2025-08-07 20:54:51,326 - INFO - 投票结果: 选择路径 0, 答案: 20, 置信度: 0.8
2025-08-07 20:54:51,326 - INFO - 投票结果: 选择路径 0, 答案: 20, 置信度: 1.0
2025-08-07 20:54:51,327 - INFO - 投票结果: 选择路径 0, 答案: 65960, 置信度: 0.6
2025-08-07 20:54:51,328 - INFO - 投票结果: 选择路径 2, 答案: 16, 置信度: 0.5
2025-08-07 20:54:51,328 - INFO - 投票结果: 选择路径 0, 答案: 575, 置信度: 1.0
2025-08-07 20:54:51,329 - INFO - 投票结果: 选择路径 0, 答案: 60, 置信度: 1.0
2025-08-07 20:54:51,330 - INFO - 投票结果: 选择路径 0, 答案: 42, 置信度: 0.7
2025-08-07 20:54:51,330 - INFO - 投票结果: 选择路径 1, 答案: 18, 置信度: 0.4
2025-08-07 20:54:51,331 - INFO - 投票结果: 选择路径 0, 答案: 71, 置信度: 0.5
2025-08-07 20:54:51,332 - INFO - 投票结果: 选择路径 0, 答案: 70, 置信度: 0.8
2025-08-07 20:54:51,332 - INFO - 投票结果: 选择路径 0, 答案: 25, 置信度: 0.6
2025-08-07 20:54:51,333 - INFO - 投票结果: 选择路径 0, 答案: 160, 置信度: 1.0
2025-08-07 20:54:51,334 - INFO - 投票结果: 选择路径 1, 答案: 398, 置信度: 0.7
2025-08-07 20:54:51,334 - INFO - 投票结果: 选择路径 0, 答案: 5, 置信度: 1.0
2025-08-07 20:54:51,335 - INFO - 投票结果: 选择路径 0, 答案: 42000, 置信度: 0.9
2025-08-07 20:54:51,335 - INFO - 投票结果: 选择路径 0, 答案: 39, 置信度: 0.6
2025-08-07 20:54:51,336 - INFO - 投票结果: 选择路径 0, 答案: 10, 置信度: 0.6
2025-08-07 20:54:51,337 - INFO - 投票结果: 选择路径 0, 答案: 4, 置信度: 0.7
2025-08-07 20:54:51,337 - INFO - 投票结果: 选择路径 0, 答案: 40, 置信度: 1.0
2025-08-07 20:54:51,338 - INFO - 投票结果: 选择路径 0, 答案: 100, 置信度: 1.0
2025-08-07 20:54:51,339 - INFO - 投票结果: 选择路径 0, 答案: 60, 置信度: 1.0
2025-08-07 20:54:51,339 - INFO - 投票结果: 选择路径 0, 答案: 100, 置信度: 1.0
2025-08-07 20:54:51,340 - INFO - 投票结果: 选择路径 0, 答案: 72, 置信度: 1.0
2025-08-07 20:54:51,341 - INFO - 投票结果: 选择路径 0, 答案: 20, 置信度: 0.8
2025-08-07 20:54:51,341 - INFO - 投票结果: 选择路径 0, 答案: 6277, 置信度: 1.0
2025-08-07 20:54:51,342 - INFO - 投票结果: 选择路径 0, 答案: 9, 置信度: 0.3
2025-08-07 20:54:51,343 - INFO - 投票结果: 选择路径 0, 答案: 26, 置信度: 1.0
2025-08-07 20:54:51,343 - INFO - 投票结果: 选择路径 1, 答案: 45, 置信度: 0.2
2025-08-07 20:54:51,344 - INFO - 投票结果: 选择路径 0, 答案: 12, 置信度: 1.0
2025-08-07 20:54:51,344 - INFO - 投票结果: 选择路径 4, 答案: 240, 置信度: 0.2
2025-08-07 20:54:51,345 - INFO - 投票结果: 选择路径 0, 答案: 16, 置信度: 0.5
2025-08-07 20:54:51,346 - INFO - 投票结果: 选择路径 0, 答案: 32, 置信度: 1.0
2025-08-07 20:54:51,346 - INFO - 投票结果: 选择路径 0, 答案: 20, 置信度: 0.9
2025-08-07 20:54:51,347 - INFO - 投票结果: 选择路径 0, 答案: 20, 置信度: 1.0
2025-08-07 20:54:51,348 - INFO - 投票结果: 选择路径 0, 答案: 320, 置信度: 1.0
2025-08-07 20:54:51,348 - INFO - 投票结果: 选择路径 0, 答案: 77, 置信度: 0.9
2025-08-07 20:54:51,349 - INFO - 投票结果: 选择路径 0, 答案: 9, 置信度: 0.9
2025-08-07 20:54:51,350 - INFO - 投票结果: 选择路径 0, 答案: 1, 置信度: 0.8
2025-08-07 20:54:51,350 - INFO - 投票结果: 选择路径 1, 答案: 1248, 置信度: 0.6
2025-08-07 20:54:51,351 - INFO - 投票结果: 选择路径 0, 答案: 15, 置信度: 0.9
2025-08-07 20:54:51,351 - INFO - 投票结果: 选择路径 0, 答案: 16, 置信度: 0.9
2025-08-07 20:54:51,352 - INFO - 投票结果: 选择路径 0, 答案: 2, 置信度: 1.0
2025-08-07 20:54:51,353 - INFO - 投票结果: 选择路径 4, 答案: 46, 置信度: 0.4
2025-08-07 20:54:51,353 - INFO - 投票结果: 选择路径 0, 答案: 60, 置信度: 1.0
2025-08-07 20:54:51,354 - INFO - 投票结果: 选择路径 0, 答案: 450, 置信度: 0.2
2025-08-07 20:54:51,355 - INFO - 投票结果: 选择路径 0, 答案: 84, 置信度: 1.0
2025-08-07 20:54:51,355 - INFO - 投票结果: 选择路径 0, 答案: 100, 置信度: 0.3
2025-08-07 20:54:51,356 - INFO - 投票结果: 选择路径 0, 答案: 300, 置信度: 1.0
2025-08-07 20:54:51,357 - INFO - 投票结果: 选择路径 0, 答案: 50, 置信度: 1.0
2025-08-07 20:54:51,357 - INFO - 投票结果: 选择路径 0, 答案: 14, 置信度: 0.8
2025-08-07 20:54:51,358 - INFO - 投票结果: 选择路径 0, 答案: 291, 置信度: 0.5
2025-08-07 20:54:51,358 - INFO - 投票结果: 选择路径 0, 答案: 12, 置信度: 1.0
2025-08-07 20:54:51,359 - INFO - 投票结果: 选择路径 0, 答案: 1240, 置信度: 1.0
2025-08-07 20:54:51,360 - INFO - 投票结果: 选择路径 0, 答案: 8, 置信度: 1.0
2025-08-07 20:54:51,360 - INFO - 投票结果: 选择路径 0, 答案: 107, 置信度: 0.3
2025-08-07 20:54:51,361 - INFO - 投票结果: 选择路径 0, 答案: 2, 置信度: 0.8
2025-08-07 20:54:51,362 - INFO - 投票结果: 选择路径 0, 答案: 2, 置信度: 1.0
2025-08-07 20:54:51,362 - INFO - 投票结果: 选择路径 1, 答案: 268, 置信度: 0.5
2025-08-07 20:54:51,363 - INFO - 投票结果: 选择路径 0, 答案: 160, 置信度: 1.0
2025-08-07 20:54:51,364 - INFO - 投票结果: 选择路径 1, 答案: 86, 置信度: 0.4
2025-08-07 20:54:51,364 - INFO - 投票结果: 选择路径 0, 答案: 6250, 置信度: 1.0
2025-08-07 20:54:51,365 - INFO - 投票结果: 选择路径 0, 答案: 5, 置信度: 1.0
2025-08-07 20:54:51,365 - INFO - 投票结果: 选择路径 0, 答案: 500, 置信度: 1.0
2025-08-07 20:54:51,366 - INFO - 投票结果: 选择路径 1, 答案: 3, 置信度: 0.2
2025-08-07 20:54:51,367 - INFO - 投票结果: 选择路径 0, 答案: 34, 置信度: 1.0
2025-08-07 20:54:51,367 - INFO - 投票结果: 选择路径 0, 答案: 60, 置信度: 1.0
2025-08-07 20:54:51,368 - INFO - 投票结果: 选择路径 0, 答案: 6, 置信度: 0.2
2025-08-07 20:54:51,369 - INFO - 投票结果: 选择路径 1, 答案: 56, 置信度: 0.8
2025-08-07 20:54:51,369 - INFO - 投票结果: 选择路径 0, 答案: 74, 置信度: 0.9
2025-08-07 20:54:51,370 - INFO - 投票结果: 选择路径 0, 答案: 5, 置信度: 1.0
2025-08-07 20:54:51,371 - INFO - 投票结果: 选择路径 0, 答案: 600, 置信度: 0.9
2025-08-07 20:54:51,371 - INFO - 投票结果: 选择路径 0, 答案: 20, 置信度: 0.6
2025-08-07 20:54:51,372 - INFO - 投票结果: 选择路径 0, 答案: 23, 置信度: 1.0
2025-08-07 20:54:51,372 - INFO - 投票结果: 选择路径 0, 答案: 20, 置信度: 1.0
2025-08-07 20:54:51,373 - INFO - 投票结果: 选择路径 0, 答案: 80, 置信度: 0.7
2025-08-07 20:54:51,374 - INFO - 投票结果: 选择路径 0, 答案: 43, 置信度: 0.9
2025-08-07 20:54:51,374 - INFO - 投票结果: 选择路径 0, 答案: 720, 置信度: 1.0
2025-08-07 20:54:51,375 - INFO - 投票结果: 选择路径 2, 答案: 4, 置信度: 0.8
2025-08-07 20:54:51,376 - INFO - 投票结果: 选择路径 0, 答案: 9, 置信度: 1.0
2025-08-07 20:54:51,376 - INFO - 投票结果: 选择路径 3, 答案: 7, 置信度: 0.2
2025-08-07 20:54:51,377 - INFO - 投票结果: 选择路径 0, 答案: 8, 置信度: 1.0
2025-08-07 20:54:51,378 - INFO - 投票结果: 选择路径 0, 答案: 16, 置信度: 0.8
2025-08-07 20:54:51,379 - INFO - 投票结果: 选择路径 1, 答案: 4, 置信度: 0.4
2025-08-07 20:54:51,379 - INFO - 投票结果: 选择路径 1, 答案: 47, 置信度: 0.9
2025-08-07 20:54:51,380 - INFO - 投票结果: 选择路径 0, 答案: 240000, 置信度: 0.9
2025-08-07 20:54:51,380 - INFO - 投票结果: 选择路径 0, 答案: 14, 置信度: 1.0
2025-08-07 20:54:51,381 - INFO - 投票结果: 选择路径 0, 答案: 26, 置信度: 1.0
2025-08-07 20:54:51,382 - INFO - 投票结果: 选择路径 4, 答案: 2.67, 置信度: 0.5
2025-08-07 20:54:51,382 - INFO - 投票结果: 选择路径 0, 答案: 25, 置信度: 0.5
2025-08-07 20:54:51,383 - INFO - 投票结果: 选择路径 0, 答案: 5, 置信度: 0.9
2025-08-07 20:54:51,384 - INFO - 投票结果: 选择路径 0, 答案: 5, 置信度: 1.0
2025-08-07 20:54:51,384 - INFO - 投票结果: 选择路径 0, 答案: 260, 置信度: 0.5
2025-08-07 20:54:51,385 - INFO - 投票结果: 选择路径 0, 答案: 67, 置信度: 0.9
2025-08-07 20:54:51,386 - INFO - 投票结果: 选择路径 0, 答案: 144, 置信度: 0.7
2025-08-07 20:54:51,386 - INFO - 投票结果: 选择路径 0, 答案: 75, 置信度: 1.0
2025-08-07 20:54:51,387 - INFO - 投票结果: 选择路径 0, 答案: 3, 置信度: 1.0
2025-08-07 20:54:51,387 - INFO - 投票结果: 选择路径 0, 答案: 4, 置信度: 1.0
2025-08-07 20:54:51,388 - INFO - 投票结果: 选择路径 0, 答案: 2000, 置信度: 1.0
2025-08-07 20:54:51,389 - INFO - 投票结果: 选择路径 1, 答案: 20, 置信度: 0.5
2025-08-07 20:54:51,389 - INFO - 投票结果: 选择路径 0, 答案: 8, 置信度: 1.0
2025-08-07 20:54:51,390 - INFO - 投票结果: 选择路径 0, 答案: 100, 置信度: 1.0
2025-08-07 20:54:51,391 - INFO - 投票结果: 选择路径 0, 答案: 60, 置信度: 0.6
2025-08-07 20:54:51,391 - INFO - 投票结果: 选择路径 0, 答案: 460, 置信度: 1.0
2025-08-07 20:54:51,392 - INFO - 投票结果: 选择路径 0, 答案: 10, 置信度: 0.9
2025-08-07 20:54:51,393 - INFO - 投票结果: 选择路径 0, 答案: 750, 置信度: 0.8
2025-08-07 20:54:51,393 - INFO - 投票结果: 选择路径 0, 答案: 255, 置信度: 0.7
2025-08-07 20:54:51,394 - INFO - 投票结果: 选择路径 0, 答案: 240, 置信度: 0.7
2025-08-07 20:54:51,394 - INFO - 投票结果: 选择路径 0, 答案: 50, 置信度: 1.0
2025-08-07 20:54:51,395 - INFO - 投票结果: 选择路径 0, 答案: 60000, 置信度: 0.9
2025-08-07 20:54:51,396 - INFO - 投票结果: 选择路径 0, 答案: 77, 置信度: 0.6
2025-08-07 20:54:51,396 - INFO - 投票结果: 选择路径 0, 答案: 10, 置信度: 0.2
2025-08-07 20:54:51,397 - INFO - 投票结果: 选择路径 0, 答案: 195, 置信度: 0.3
2025-08-07 20:54:51,398 - INFO - 投票结果: 选择路径 1, 答案: 13, 置信度: 0.9
2025-08-07 20:54:51,398 - INFO - 投票结果: 选择路径 1, 答案: 4, 置信度: 0.7
2025-08-07 20:54:51,399 - INFO - 投票结果: 选择路径 0, 答案: 210, 置信度: 0.6
2025-08-07 20:54:51,400 - INFO - 投票结果: 选择路径 0, 答案: 540, 置信度: 0.9
2025-08-07 20:54:51,400 - INFO - 投票结果: 选择路径 0, 答案: 104, 置信度: 1.0
2025-08-07 20:54:51,401 - INFO - 投票结果: 选择路径 0, 答案: 27, 置信度: 0.9
2025-08-07 20:54:51,402 - INFO - 投票结果: 选择路径 0, 答案: 75, 置信度: 1.0
2025-08-07 20:54:51,403 - INFO - 投票结果: 选择路径 1, 答案: 252, 置信度: 0.2
2025-08-07 20:54:51,403 - INFO - 投票结果: 选择路径 1, 答案: 100, 置信度: 0.4
2025-08-07 20:54:51,404 - INFO - 投票结果: 选择路径 0, 答案: 348, 置信度: 0.6
2025-08-07 20:54:51,404 - INFO - 投票结果: 选择路径 0, 答案: 15, 置信度: 0.8
2025-08-07 20:54:51,405 - INFO - 投票结果: 选择路径 0, 答案: 247, 置信度: 0.6
2025-08-07 20:54:51,406 - INFO - 投票结果: 选择路径 0, 答案: 13, 置信度: 0.3
2025-08-07 20:54:51,406 - INFO - 投票结果: 选择路径 0, 答案: 85000, 置信度: 1.0
2025-08-07 20:54:51,407 - INFO - 投票结果: 选择路径 0, 答案: 20, 置信度: 0.5
2025-08-07 20:54:51,408 - INFO - 投票结果: 选择路径 0, 答案: 19, 置信度: 0.7
2025-08-07 20:54:51,408 - INFO - 投票结果: 选择路径 0, 答案: 18, 置信度: 1.0
2025-08-07 20:54:51,409 - INFO - 投票结果: 选择路径 0, 答案: 3, 置信度: 1.0
2025-08-07 20:54:51,410 - INFO - 投票结果: 选择路径 0, 答案: 12, 置信度: 1.0
2025-08-07 20:54:51,410 - INFO - 投票结果: 选择路径 0, 答案: 160000, 置信度: 0.7
2025-08-07 20:54:51,411 - INFO - 投票结果: 选择路径 0, 答案: 50, 置信度: 0.8
2025-08-07 20:54:51,412 - INFO - 投票结果: 选择路径 0, 答案: 76, 置信度: 1.0
2025-08-07 20:54:51,412 - INFO - 投票结果: 选择路径 0, 答案: 10, 置信度: 1.0
2025-08-07 20:54:51,413 - INFO - 投票结果: 选择路径 0, 答案: 17, 置信度: 0.9
2025-08-07 20:54:51,414 - INFO - 投票结果: 选择路径 0, 答案: 44, 置信度: 1.0
2025-08-07 20:54:51,414 - INFO - 投票结果: 选择路径 2, 答案: 76, 置信度: 0.7
2025-08-07 20:54:51,415 - INFO - 投票结果: 选择路径 0, 答案: 3, 置信度: 0.9
2025-08-07 20:54:51,415 - INFO - 投票结果: 选择路径 1, 答案: 40, 置信度: 0.8
2025-08-07 20:54:51,416 - INFO - 投票结果: 选择路径 1, 答案: 15, 置信度: 0.7
2025-08-07 20:54:51,417 - INFO - 投票结果: 选择路径 0, 答案: 10, 置信度: 0.8
2025-08-07 20:54:51,417 - INFO - 投票结果: 选择路径 0, 答案: 16, 置信度: 1.0
2025-08-07 20:54:51,418 - INFO - 投票结果: 选择路径 0, 答案: 28, 置信度: 1.0
2025-08-07 20:54:51,419 - INFO - 投票结果: 选择路径 0, 答案: 64, 置信度: 1.0
2025-08-07 20:54:51,419 - INFO - 投票结果: 选择路径 0, 答案: 1125, 置信度: 0.9
2025-08-07 20:54:51,420 - INFO - 投票结果: 选择路径 0, 答案: 8, 置信度: 1.0
2025-08-07 20:54:51,421 - INFO - 投票结果: 选择路径 0, 答案: 29, 置信度: 1.0
2025-08-07 20:54:51,421 - INFO - 投票结果: 选择路径 0, 答案: 16, 置信度: 1.0
2025-08-07 20:54:51,422 - INFO - 投票结果: 选择路径 0, 答案: 225, 置信度: 0.3
2025-08-07 20:54:51,423 - INFO - 投票结果: 选择路径 1, 答案: 72, 置信度: 0.4
2025-08-07 20:54:51,423 - INFO - 投票结果: 选择路径 0, 答案: 576, 置信度: 1.0
2025-08-07 20:54:51,424 - INFO - 投票结果: 选择路径 0, 答案: 34, 置信度: 1.0
2025-08-07 20:54:51,425 - INFO - 投票结果: 选择路径 0, 答案: 10, 置信度: 1.0
2025-08-07 20:54:51,425 - INFO - 投票结果: 选择路径 0, 答案: 9, 置信度: 0.9
2025-08-07 20:54:51,426 - INFO - 投票结果: 选择路径 0, 答案: 140, 置信度: 1.0
2025-08-07 20:54:51,427 - INFO - 投票结果: 选择路径 2, 答案: 80, 置信度: 0.3
2025-08-07 20:54:51,427 - INFO - 投票结果: 选择路径 0, 答案: 315, 置信度: 0.4
2025-08-07 20:54:51,428 - INFO - 投票结果: 选择路径 0, 答案: 16, 置信度: 0.8
2025-08-07 20:54:51,429 - INFO - 投票结果: 选择路径 0, 答案: 132, 置信度: 0.9
2025-08-07 20:54:51,429 - INFO - 投票结果: 选择路径 0, 答案: 64, 置信度: 1.0
2025-08-07 20:54:51,430 - INFO - 投票结果: 选择路径 0, 答案: 72, 置信度: 0.9
2025-08-07 20:54:51,431 - INFO - 投票结果: 选择路径 0, 答案: 8, 置信度: 0.9
2025-08-07 20:54:51,431 - INFO - 投票结果: 选择路径 0, 答案: 4, 置信度: 1.0
2025-08-07 20:54:51,432 - INFO - 投票结果: 选择路径 0, 答案: 120, 置信度: 0.8
2025-08-07 20:54:51,432 - INFO - 投票结果: 选择路径 0, 答案: 15, 置信度: 0.9
2025-08-07 20:54:51,433 - INFO - 投票结果: 选择路径 0, 答案: 539, 置信度: 0.8
2025-08-07 20:54:51,434 - INFO - 投票结果: 选择路径 0, 答案: 7300, 置信度: 0.4
2025-08-07 20:54:51,434 - INFO - 投票结果: 选择路径 0, 答案: 2, 置信度: 1.0
2025-08-07 20:54:51,435 - INFO - 投票结果: 选择路径 0, 答案: 15, 置信度: 1.0
2025-08-07 20:54:51,436 - INFO - 投票结果: 选择路径 0, 答案: 17, 置信度: 0.6
2025-08-07 20:54:51,437 - INFO - 投票结果: 选择路径 2, 答案: 2, 置信度: 0.4
2025-08-07 20:54:51,438 - INFO - 投票结果: 选择路径 0, 答案: 7425, 置信度: 0.4
2025-08-07 20:54:51,438 - INFO - 投票结果: 选择路径 0, 答案: 8, 置信度: 1.0
2025-08-07 20:54:51,439 - INFO - 投票结果: 选择路径 1, 答案: 13, 置信度: 0.5
2025-08-07 20:54:51,440 - INFO - 投票结果: 选择路径 0, 答案: 100, 置信度: 1.0
2025-08-07 20:54:51,440 - INFO - 投票结果: 选择路径 0, 答案: 36, 置信度: 1.0
2025-08-07 20:54:51,441 - INFO - 投票结果: 选择路径 0, 答案: 20, 置信度: 0.6
2025-08-07 20:54:51,442 - INFO - 投票结果: 选择路径 0, 答案: 32, 置信度: 1.0
2025-08-07 20:54:51,442 - INFO - 投票结果: 选择路径 0, 答案: 45, 置信度: 0.7
2025-08-07 20:54:51,443 - INFO - 投票结果: 选择路径 0, 答案: 27, 置信度: 0.9
2025-08-07 20:54:51,444 - INFO - 投票结果: 选择路径 0, 答案: 7.5, 置信度: 0.8
2025-08-07 20:54:51,444 - INFO - 投票结果: 选择路径 0, 答案: 98, 置信度: 1.0
2025-08-07 20:54:51,445 - INFO - 投票结果: 选择路径 0, 答案: 4, 置信度: 1.0
2025-08-07 20:54:51,446 - INFO - 投票结果: 选择路径 0, 答案: 6, 置信度: 0.7
2025-08-07 20:54:51,446 - INFO - 投票结果: 选择路径 0, 答案: 30, 置信度: 0.5
2025-08-07 20:54:51,447 - INFO - 投票结果: 选择路径 0, 答案: 10, 置信度: 1.0
2025-08-07 20:54:51,447 - INFO - 投票结果: 选择路径 0, 答案: 250, 置信度: 0.5
2025-08-07 20:54:51,448 - INFO - 投票结果: 选择路径 3, 答案: 312, 置信度: 0.6
2025-08-07 20:54:51,449 - INFO - 投票结果: 选择路径 0, 答案: 1375, 置信度: 1.0
2025-08-07 20:54:51,449 - INFO - 投票结果: 选择路径 0, 答案: 8, 置信度: 1.0
2025-08-07 20:54:51,450 - INFO - 投票结果: 选择路径 2, 答案: 26200, 置信度: 0.3
2025-08-07 20:54:51,451 - INFO - 投票结果: 选择路径 0, 答案: 6, 置信度: 1.0
2025-08-07 20:54:51,451 - INFO - 投票结果: 选择路径 0, 答案: 840, 置信度: 1.0
2025-08-07 20:54:51,452 - INFO - 投票结果: 选择路径 0, 答案: 40, 置信度: 1.0
2025-08-07 20:54:51,453 - INFO - 投票结果: 选择路径 2, 答案: 84, 置信度: 0.2
2025-08-07 20:54:51,453 - INFO - 投票结果: 选择路径 0, 答案: 10, 置信度: 0.8
2025-08-07 20:54:51,454 - INFO - 投票结果: 选择路径 0, 答案: 3430, 置信度: 0.6
2025-08-07 20:54:51,454 - INFO - 投票结果: 选择路径 1, 答案: 16, 置信度: 0.9
2025-08-07 20:54:51,455 - INFO - 投票结果: 选择路径 0, 答案: 17, 置信度: 0.9
2025-08-07 20:54:51,456 - INFO - 投票结果: 选择路径 0, 答案: 2, 置信度: 0.7
2025-08-07 20:54:51,456 - INFO - 投票结果: 选择路径 0, 答案: 14, 置信度: 1.0
2025-08-07 20:54:51,457 - INFO - 投票结果: 选择路径 0, 答案: 27, 置信度: 0.9
2025-08-07 20:54:51,458 - INFO - 投票结果: 选择路径 0, 答案: 84, 置信度: 1.0
2025-08-07 20:54:51,458 - INFO - 投票结果: 选择路径 0, 答案: 70, 置信度: 1.0
2025-08-07 20:54:51,459 - INFO - 投票结果: 选择路径 0, 答案: 20, 置信度: 1.0
2025-08-07 20:54:51,460 - INFO - 投票结果: 选择路径 0, 答案: 802, 置信度: 0.4
2025-08-07 20:54:51,460 - INFO - 投票结果: 选择路径 0, 答案: 15, 置信度: 0.4
2025-08-07 20:54:51,461 - INFO - 投票结果: 选择路径 0, 答案: 736, 置信度: 0.9
2025-08-07 20:54:51,462 - INFO - 投票结果: 选择路径 0, 答案: 42, 置信度: 1.0
2025-08-07 20:54:51,462 - INFO - 投票结果: 选择路径 3, 答案: 9, 置信度: 0.5
2025-08-07 20:54:51,463 - INFO - 投票结果: 选择路径 1, 答案: 27, 置信度: 0.5
2025-08-07 20:54:51,464 - INFO - 投票结果: 选择路径 2, 答案: 405, 置信度: 0.2
2025-08-07 20:54:51,464 - INFO - 投票结果: 选择路径 0, 答案: 17, 置信度: 0.4
2025-08-07 20:54:51,465 - INFO - 投票结果: 选择路径 0, 答案: 360, 置信度: 1.0
2025-08-07 20:54:51,466 - INFO - 投票结果: 选择路径 0, 答案: 10800, 置信度: 1.0
2025-08-07 20:54:51,466 - INFO - 投票结果: 选择路径 0, 答案: 78, 置信度: 0.1
2025-08-07 20:54:51,467 - INFO - 投票结果: 选择路径 0, 答案: 86769.23, 置信度: 0.1
2025-08-07 20:54:51,467 - INFO - 投票结果: 选择路径 0, 答案: 6, 置信度: 0.9
2025-08-07 20:54:51,468 - INFO - 投票结果: 选择路径 0, 答案: 40, 置信度: 0.4
2025-08-07 20:54:51,469 - INFO - 投票结果: 选择路径 0, 答案: 88, 置信度: 1.0
2025-08-07 20:54:51,469 - INFO - 投票结果: 选择路径 0, 答案: 12, 置信度: 1.0
2025-08-07 20:54:51,470 - INFO - 投票结果: 选择路径 1, 答案: 3, 置信度: 0.2
2025-08-07 20:54:51,471 - INFO - 投票结果: 选择路径 0, 答案: 16, 置信度: 0.8
2025-08-07 20:54:51,471 - INFO - 投票结果: 选择路径 2, 答案: 2, 置信度: 0.2
2025-08-07 20:54:51,472 - INFO - 投票结果: 选择路径 0, 答案: 48, 置信度: 0.3
2025-08-07 20:54:51,473 - INFO - 投票结果: 选择路径 0, 答案: 6, 置信度: 1.0
2025-08-07 20:54:51,473 - INFO - 投票结果: 选择路径 0, 答案: 4, 置信度: 1.0
2025-08-07 20:54:51,474 - INFO - 投票结果: 选择路径 1, 答案: 20, 置信度: 0.9
2025-08-07 20:54:51,475 - INFO - 投票结果: 选择路径 0, 答案: 800, 置信度: 1.0
2025-08-07 20:54:51,475 - INFO - 投票结果: 选择路径 0, 答案: 1, 置信度: 1.0
2025-08-07 20:54:51,476 - INFO - 投票结果: 选择路径 0, 答案: 50, 置信度: 1.0
2025-08-07 20:54:51,477 - INFO - 投票结果: 选择路径 0, 答案: 72, 置信度: 0.4
2025-08-07 20:54:51,477 - INFO - 投票结果: 选择路径 0, 答案: 7, 置信度: 0.9
2025-08-07 20:54:51,478 - INFO - 投票结果: 选择路径 0, 答案: 63, 置信度: 1.0
2025-08-07 20:54:51,479 - INFO - 投票结果: 选择路径 0, 答案: 9, 置信度: 1.0
2025-08-07 20:54:51,479 - INFO - 投票结果: 选择路径 0, 答案: 42, 置信度: 1.0
2025-08-07 20:54:51,480 - INFO - 投票结果: 选择路径 0, 答案: 5, 置信度: 0.6
2025-08-07 20:54:51,480 - INFO - 投票结果: 选择路径 0, 答案: 240, 置信度: 0.9
2025-08-07 20:54:51,481 - INFO - 投票结果: 选择路径 0, 答案: 1000, 置信度: 1.0
2025-08-07 20:54:51,482 - INFO - 投票结果: 选择路径 0, 答案: 109, 置信度: 0.9
2025-08-07 20:54:51,482 - INFO - 投票结果: 选择路径 0, 答案: 140, 置信度: 1.0
2025-08-07 20:54:51,483 - INFO - 投票结果: 选择路径 0, 答案: 55, 置信度: 1.0
2025-08-07 20:54:51,484 - INFO - 投票结果: 选择路径 0, 答案: 16, 置信度: 1.0
2025-08-07 20:54:51,484 - INFO - 投票结果: 选择路径 2, 答案: 272, 置信度: 0.5
2025-08-07 20:54:51,485 - INFO - 投票结果: 选择路径 0, 答案: 110, 置信度: 1.0
2025-08-07 20:54:51,486 - INFO - 投票结果: 选择路径 0, 答案: 13, 置信度: 1.0
2025-08-07 20:54:51,486 - INFO - 投票结果: 选择路径 0, 答案: 5, 置信度: 0.7
2025-08-07 20:54:51,487 - INFO - 投票结果: 选择路径 0, 答案: 48, 置信度: 0.9
2025-08-07 20:54:51,487 - INFO - 投票结果: 选择路径 0, 答案: 8, 置信度: 1.0
2025-08-07 20:54:51,488 - INFO - 投票结果: 选择路径 0, 答案: 8, 置信度: 1.0
2025-08-07 20:54:51,489 - INFO - 投票结果: 选择路径 0, 答案: 56, 置信度: 1.0
2025-08-07 20:54:51,489 - INFO - 投票结果: 选择路径 0, 答案: 3, 置信度: 1.0
2025-08-07 20:54:51,490 - INFO - 投票结果: 选择路径 2, 答案: 42, 置信度: 0.7
2025-08-07 20:54:51,491 - INFO - 投票结果: 选择路径 0, 答案: 4, 置信度: 0.6
2025-08-07 20:54:51,491 - INFO - 投票结果: 选择路径 0, 答案: 20000, 置信度: 1.0
2025-08-07 20:54:51,492 - INFO - 投票结果: 选择路径 0, 答案: 9, 置信度: 0.5
2025-08-07 20:54:51,493 - INFO - 投票结果: 选择路径 0, 答案: 52, 置信度: 1.0
2025-08-07 20:54:51,493 - INFO - 投票结果: 选择路径 1, 答案: 30, 置信度: 0.4
2025-08-07 20:54:51,494 - INFO - 投票结果: 选择路径 4, 答案: 110000, 置信度: 0.3
2025-08-07 20:54:51,495 - INFO - 投票结果: 选择路径 0, 答案: 45, 置信度: 1.0
2025-08-07 20:54:51,495 - INFO - 投票结果: 选择路径 0, 答案: 1, 置信度: 0.7
2025-08-07 20:54:51,496 - INFO - 投票结果: 选择路径 0, 答案: 5600, 置信度: 0.6
2025-08-07 20:54:51,496 - INFO - 投票结果: 选择路径 0, 答案: 7, 置信度: 1.0
2025-08-07 20:54:51,497 - INFO - 投票结果: 选择路径 0, 答案: 25, 置信度: 0.8
2025-08-07 20:54:51,498 - INFO - 投票结果: 选择路径 0, 答案: -91, 置信度: 0.6
2025-08-07 20:54:51,498 - INFO - 投票结果: 选择路径 0, 答案: 180, 置信度: 0.7
2025-08-07 20:54:51,499 - INFO - 投票结果: 选择路径 0, 答案: 24, 置信度: 0.5
2025-08-07 20:54:51,500 - INFO - 投票结果: 选择路径 4, 答案: 6, 置信度: 0.4
2025-08-07 20:54:51,500 - INFO - 投票结果: 选择路径 0, 答案: 40, 置信度: 0.8
2025-08-07 20:54:51,501 - INFO - 投票结果: 选择路径 0, 答案: -3, 置信度: 1.0
2025-08-07 20:54:51,502 - INFO - 投票结果: 选择路径 0, 答案: 224, 置信度: 0.5
2025-08-07 20:54:51,502 - INFO - 投票结果: 选择路径 0, 答案: 227, 置信度: 1.0
2025-08-07 20:54:51,503 - INFO - 投票结果: 选择路径 0, 答案: 762, 置信度: 1.0
2025-08-07 20:54:51,504 - INFO - 投票结果: 选择路径 0, 答案: 34, 置信度: 0.9
2025-08-07 20:54:51,504 - INFO - 投票结果: 选择路径 0, 答案: 2, 置信度: 0.9
2025-08-07 20:54:51,505 - INFO - 投票结果: 选择路径 0, 答案: 2, 置信度: 1.0
2025-08-07 20:54:51,506 - INFO - 投票结果: 选择路径 1, 答案: 23, 置信度: 0.4
2025-08-07 20:54:51,506 - INFO - 投票结果: 选择路径 0, 答案: 4, 置信度: 1.0
2025-08-07 20:54:51,507 - INFO - 投票结果: 选择路径 0, 答案: 110, 置信度: 0.8
2025-08-07 20:54:51,507 - INFO - 投票结果: 选择路径 0, 答案: 750, 置信度: 1.0
2025-08-07 20:54:51,508 - INFO - 投票结果: 选择路径 0, 答案: 240, 置信度: 0.9
2025-08-07 20:54:51,509 - INFO - 投票结果: 选择路径 1, 答案: 300, 置信度: 0.4
2025-08-07 20:54:51,509 - INFO - 投票结果: 选择路径 0, 答案: 105, 置信度: 0.9
2025-08-07 20:54:51,510 - INFO - 投票结果: 选择路径 0, 答案: 120, 置信度: 0.9
2025-08-07 20:54:51,511 - INFO - 投票结果: 选择路径 0, 答案: 240, 置信度: 1.0
2025-08-07 20:54:51,511 - INFO - 投票结果: 选择路径 0, 答案: 4000, 置信度: 0.8
2025-08-07 20:54:51,512 - INFO - 投票结果: 选择路径 0, 答案: 60, 置信度: 0.9
2025-08-07 20:54:51,513 - INFO - 投票结果: 选择路径 0, 答案: 36, 置信度: 0.9
2025-08-07 20:54:51,513 - INFO - 投票结果: 选择路径 0, 答案: 80, 置信度: 0.7
2025-08-07 20:54:51,514 - INFO - 投票结果: 选择路径 0, 答案: 240, 置信度: 0.6
2025-08-07 20:54:51,514 - INFO - 投票结果: 选择路径 0, 答案: 32, 置信度: 1.0
2025-08-07 20:54:51,515 - INFO - 投票结果: 选择路径 0, 答案: 940, 置信度: 0.9
2025-08-07 20:54:51,516 - INFO - 投票结果: 选择路径 0, 答案: 84, 置信度: 1.0
2025-08-07 20:54:51,516 - INFO - 投票结果: 选择路径 0, 答案: 2, 置信度: 0.9
2025-08-07 20:54:51,517 - INFO - 投票结果: 选择路径 0, 答案: 32, 置信度: 1.0
2025-08-07 20:54:51,518 - INFO - 投票结果: 选择路径 0, 答案: 12, 置信度: 0.6
2025-08-07 20:54:51,518 - INFO - 投票结果: 选择路径 0, 答案: 6, 置信度: 0.7
2025-08-07 20:54:51,519 - INFO - 投票结果: 选择路径 3, 答案: 1, 置信度: 0.5
2025-08-07 20:54:51,520 - INFO - 投票结果: 选择路径 0, 答案: 14, 置信度: 1.0
2025-08-07 20:54:51,520 - INFO - 投票结果: 选择路径 0, 答案: 448, 置信度: 0.8
2025-08-07 20:54:51,521 - INFO - 投票结果: 选择路径 0, 答案: 12, 置信度: 1.0
2025-08-07 20:54:51,521 - INFO - 投票结果: 选择路径 0, 答案: 1110, 置信度: 1.0
2025-08-07 20:54:51,522 - INFO - 投票结果: 选择路径 0, 答案: 2, 置信度: 0.9
2025-08-07 20:54:51,523 - INFO - 投票结果: 选择路径 0, 答案: 6, 置信度: 1.0
2025-08-07 20:54:51,523 - INFO - 投票结果: 选择路径 0, 答案: 28, 置信度: 1.0
2025-08-07 20:54:51,524 - INFO - 投票结果: 选择路径 0, 答案: 1200, 置信度: 0.5
2025-08-07 20:54:51,525 - INFO - 投票结果: 选择路径 0, 答案: 32, 置信度: 1.0
2025-08-07 20:54:51,525 - INFO - 投票结果: 选择路径 1, 答案: 60, 置信度: 0.9
2025-08-07 20:54:51,526 - INFO - 投票结果: 选择路径 0, 答案: 90, 置信度: 1.0
2025-08-07 20:54:51,527 - INFO - 投票结果: 选择路径 3, 答案: 104, 置信度: 0.3
2025-08-07 20:54:51,527 - INFO - 投票结果: 选择路径 0, 答案: 270, 置信度: 1.0
2025-08-07 20:54:51,528 - INFO - 投票结果: 选择路径 0, 答案: 56000, 置信度: 0.5
2025-08-07 20:54:51,529 - INFO - 投票结果: 选择路径 0, 答案: 72, 置信度: 1.0
2025-08-07 20:54:51,529 - INFO - 投票结果: 选择路径 0, 答案: 400, 置信度: 1.0
2025-08-07 20:54:51,530 - INFO - 投票结果: 选择路径 0, 答案: 12, 置信度: 0.7
2025-08-07 20:54:51,531 - INFO - 投票结果: 选择路径 0, 答案: 15, 置信度: 0.6
2025-08-07 20:54:51,531 - INFO - 投票结果: 选择路径 0, 答案: 54, 置信度: 0.5
2025-08-07 20:54:51,532 - INFO - 投票结果: 选择路径 7, 答案: 350, 置信度: 0.2
2025-08-07 20:54:51,532 - INFO - 投票结果: 选择路径 0, 答案: 4, 置信度: 0.9
2025-08-07 20:54:51,533 - INFO - 投票结果: 选择路径 0, 答案: 4, 置信度: 1.0
2025-08-07 20:54:51,534 - INFO - 投票结果: 选择路径 0, 答案: 17500, 置信度: 0.9
2025-08-07 20:54:51,534 - INFO - 投票结果: 选择路径 0, 答案: 8, 置信度: 1.0
2025-08-07 20:54:51,535 - INFO - 投票结果: 选择路径 0, 答案: 21, 置信度: 1.0
2025-08-07 20:54:51,536 - INFO - 投票结果: 选择路径 0, 答案: 36, 置信度: 0.3
2025-08-07 20:54:51,536 - INFO - 投票结果: 选择路径 0, 答案: 1, 置信度: 1.0
2025-08-07 20:54:51,537 - INFO - 投票结果: 选择路径 1, 答案: 193, 置信度: 0.9
2025-08-07 20:54:51,538 - INFO - 投票结果: 选择路径 0, 答案: 3, 置信度: 0.9
2025-08-07 20:54:51,538 - INFO - 投票结果: 选择路径 0, 答案: 131250, 置信度: 0.3
2025-08-07 20:54:51,539 - INFO - 投票结果: 选择路径 0, 答案: 24, 置信度: 1.0
2025-08-07 20:54:51,540 - INFO - 投票结果: 选择路径 1, 答案: 37, 置信度: 0.2
2025-08-07 20:54:51,540 - INFO - 投票结果: 选择路径 0, 答案: 490, 置信度: 1.0
2025-08-07 20:54:51,541 - INFO - 投票结果: 选择路径 2, 答案: 19, 置信度: 0.2
2025-08-07 20:54:51,541 - INFO - 投票结果: 选择路径 0, 答案: 60, 置信度: 0.8
2025-08-07 20:54:51,542 - INFO - 投票结果: 选择路径 0, 答案: 17, 置信度: 1.0
2025-08-07 20:54:51,543 - INFO - 投票结果: 选择路径 1, 答案: 6850000, 置信度: 0.3
2025-08-07 20:54:51,543 - INFO - 投票结果: 选择路径 0, 答案: 15, 置信度: 1.0
2025-08-07 20:54:51,544 - INFO - 投票结果: 选择路径 0, 答案: 80, 置信度: 0.9
2025-08-07 20:54:51,545 - INFO - 投票结果: 选择路径 1, 答案: 18, 置信度: 0.9
2025-08-07 20:54:51,545 - INFO - 投票结果: 选择路径 0, 答案: 30, 置信度: 0.8
2025-08-07 20:54:51,546 - INFO - 投票结果: 选择路径 1, 答案: 60, 置信度: 0.9
2025-08-07 20:54:51,547 - INFO - 投票结果: 选择路径 0, 答案: 260, 置信度: 1.0
2025-08-07 20:54:51,547 - INFO - 投票结果: 选择路径 0, 答案: 60, 置信度: 1.0
2025-08-07 20:54:51,548 - INFO - 投票结果: 选择路径 0, 答案: 75, 置信度: 0.8
2025-08-07 20:54:51,548 - INFO - 投票结果: 选择路径 0, 答案: 25, 置信度: 1.0
2025-08-07 20:54:51,549 - INFO - 投票结果: 选择路径 0, 答案: 99, 置信度: 0.2
2025-08-07 20:54:51,550 - INFO - 投票结果: 选择路径 0, 答案: 5, 置信度: 1.0
2025-08-07 20:54:51,550 - INFO - 投票结果: 选择路径 0, 答案: 84, 置信度: 0.6
2025-08-07 20:54:51,551 - INFO - 投票结果: 选择路径 1, 答案: 7, 置信度: 0.7
2025-08-07 20:54:51,552 - INFO - 投票结果: 选择路径 0, 答案: 2, 置信度: 1.0
2025-08-07 20:54:51,552 - INFO - 投票结果: 选择路径 1, 答案: 21, 置信度: 0.8
2025-08-07 20:54:51,553 - INFO - 投票结果: 选择路径 0, 答案: 8, 置信度: 0.9
2025-08-07 20:54:51,554 - INFO - 投票结果: 选择路径 0, 答案: 50, 置信度: 0.3
2025-08-07 20:54:51,554 - INFO - 投票结果: 选择路径 0, 答案: 90000, 置信度: 1.0
2025-08-07 20:54:51,555 - INFO - 投票结果: 选择路径 0, 答案: 2, 置信度: 0.8
2025-08-07 20:54:51,555 - INFO - 投票结果: 选择路径 2, 答案: 38, 置信度: 0.4
2025-08-07 20:54:51,556 - INFO - 投票结果: 选择路径 0, 答案: 17, 置信度: 0.7
2025-08-07 20:54:51,557 - INFO - 投票结果: 选择路径 0, 答案: 100, 置信度: 1.0
2025-08-07 20:54:51,557 - INFO - 投票结果: 选择路径 0, 答案: 30, 置信度: 1.0
2025-08-07 20:54:51,558 - INFO - 投票结果: 选择路径 0, 答案: 8, 置信度: 1.0
2025-08-07 20:54:51,559 - INFO - 投票结果: 选择路径 0, 答案: 31, 置信度: 0.9
2025-08-07 20:54:51,559 - INFO - 投票结果: 选择路径 1, 答案: 120000, 置信度: 0.5
2025-08-07 20:54:51,560 - INFO - 投票结果: 选择路径 0, 答案: 180, 置信度: 1.0
2025-08-07 20:54:51,561 - INFO - 投票结果: 选择路径 0, 答案: 3, 置信度: 1.0
2025-08-07 20:54:51,561 - INFO - 投票结果: 选择路径 0, 答案: 5, 置信度: 0.7
2025-08-07 20:54:51,562 - INFO - 投票结果: 选择路径 1, 答案: 5, 置信度: 0.9
2025-08-07 20:54:51,562 - INFO - 投票结果: 选择路径 1, 答案: 130000, 置信度: 0.9
2025-08-07 20:54:51,563 - INFO - 投票结果: 选择路径 0, 答案: 68, 置信度: 0.8
2025-08-07 20:54:51,564 - INFO - 投票结果: 选择路径 0, 答案: 78, 置信度: 0.8
2025-08-07 20:54:51,564 - INFO - 投票结果: 选择路径 0, 答案: 28, 置信度: 1.0
2025-08-07 20:54:51,565 - INFO - 投票结果: 选择路径 0, 答案: 15, 置信度: 1.0
2025-08-07 20:54:51,566 - INFO - 投票结果: 选择路径 4, 答案: 290, 置信度: 0.3
2025-08-07 20:54:51,566 - INFO - 投票结果: 选择路径 1, 答案: 38.89, 置信度: 0.4
2025-08-07 20:54:51,567 - INFO - 投票结果: 选择路径 1, 答案: 2400, 置信度: 0.5
2025-08-07 20:54:51,568 - INFO - 投票结果: 选择路径 0, 答案: 18, 置信度: 1.0
2025-08-07 20:54:51,568 - INFO - 投票结果: 选择路径 0, 答案: 90, 置信度: 1.0
2025-08-07 20:54:51,569 - INFO - 投票结果: 选择路径 0, 答案: 31, 置信度: 0.8
2025-08-07 20:54:51,570 - INFO - 投票结果: 选择路径 0, 答案: 1600, 置信度: 0.2
2025-08-07 20:54:51,570 - INFO - 投票结果: 选择路径 2, 答案: 180, 置信度: 0.6
2025-08-07 20:54:51,571 - INFO - 投票结果: 选择路径 0, 答案: 7, 置信度: 1.0
2025-08-07 20:54:51,572 - INFO - 投票结果: 选择路径 0, 答案: 75, 置信度: 1.0
2025-08-07 20:54:51,572 - INFO - 投票结果: 选择路径 0, 答案: 650, 置信度: 1.0
2025-08-07 20:54:51,573 - INFO - 投票结果: 选择路径 0, 答案: 310, 置信度: 0.6
2025-08-07 20:54:51,574 - INFO - 投票结果: 选择路径 0, 答案: 12, 置信度: 0.5
2025-08-07 20:54:51,574 - INFO - 投票结果: 选择路径 0, 答案: 5, 置信度: 1.0
2025-08-07 20:54:51,575 - INFO - 投票结果: 选择路径 0, 答案: 29, 置信度: 1.0
2025-08-07 20:54:51,576 - INFO - 投票结果: 选择路径 0, 答案: 140, 置信度: 0.9
2025-08-07 20:54:51,576 - INFO - 投票结果: 选择路径 0, 答案: 30, 置信度: 1.0
2025-08-07 20:54:51,577 - INFO - 投票结果: 选择路径 2, 答案: 40, 置信度: 0.5
2025-08-07 20:54:51,578 - INFO - 投票结果: 选择路径 0, 答案: 100, 置信度: 1.0
2025-08-07 20:54:51,578 - INFO - 投票结果: 选择路径 0, 答案: 35, 置信度: 1.0
2025-08-07 20:54:51,579 - INFO - 投票结果: 选择路径 0, 答案: 79, 置信度: 1.0
2025-08-07 20:54:51,580 - INFO - 投票结果: 选择路径 2, 答案: 2, 置信度: 0.5
2025-08-07 20:54:51,580 - INFO - 投票结果: 选择路径 0, 答案: 4, 置信度: 1.0
2025-08-07 20:54:51,581 - INFO - 投票结果: 选择路径 0, 答案: 6, 置信度: 0.9
2025-08-07 20:54:51,581 - INFO - 投票结果: 选择路径 0, 答案: 32, 置信度: 1.0
2025-08-07 20:54:51,582 - INFO - 投票结果: 选择路径 0, 答案: 112, 置信度: 1.0
2025-08-07 20:54:51,583 - INFO - 投票结果: 选择路径 0, 答案: 54, 置信度: 0.5
2025-08-07 20:54:51,583 - INFO - 投票结果: 选择路径 0, 答案: 450, 置信度: 0.9
2025-08-07 20:54:51,584 - INFO - 投票结果: 选择路径 1, 答案: 6000, 置信度: 0.5
2025-08-07 20:54:51,585 - INFO - 投票结果: 选择路径 0, 答案: 450, 置信度: 0.8
2025-08-07 20:54:51,585 - INFO - 投票结果: 选择路径 0, 答案: 6, 置信度: 1.0
2025-08-07 20:54:51,586 - INFO - 投票结果: 选择路径 2, 答案: 8, 置信度: 0.4
2025-08-07 20:54:51,587 - INFO - 投票结果: 选择路径 0, 答案: 144, 置信度: 1.0
2025-08-07 20:54:51,587 - INFO - 投票结果: 选择路径 0, 答案: 8, 置信度: 1.0
2025-08-07 20:54:51,588 - INFO - 投票结果: 选择路径 0, 答案: 2125, 置信度: 1.0
2025-08-07 20:54:51,588 - INFO - 投票结果: 选择路径 0, 答案: 65, 置信度: 0.6
2025-08-07 20:54:51,589 - INFO - 投票结果: 选择路径 0, 答案: 13, 置信度: 1.0
2025-08-07 20:54:51,590 - INFO - 投票结果: 选择路径 0, 答案: 112, 置信度: 0.7
2025-08-07 20:54:51,590 - INFO - 投票结果: 选择路径 0, 答案: 133, 置信度: 1.0
2025-08-07 20:54:51,591 - INFO - 投票结果: 选择路径 0, 答案: 100, 置信度: 1.0
2025-08-07 20:54:51,592 - INFO - 投票结果: 选择路径 0, 答案: 350, 置信度: 1.0
2025-08-07 20:54:51,592 - INFO - 投票结果: 选择路径 1, 答案: 44.4, 置信度: 0.5
2025-08-07 20:54:51,593 - INFO - 投票结果: 选择路径 0, 答案: 105, 置信度: 1.0
2025-08-07 20:54:51,594 - INFO - 投票结果: 选择路径 3, 答案: 7, 置信度: 0.5
2025-08-07 20:54:51,594 - INFO - 投票结果: 选择路径 0, 答案: 860, 置信度: 1.0
2025-08-07 20:54:51,595 - INFO - 投票结果: 选择路径 0, 答案: 72, 置信度: 1.0
2025-08-07 20:54:51,595 - INFO - 投票结果: 选择路径 0, 答案: 50, 置信度: 0.3
2025-08-07 20:54:51,596 - INFO - 投票结果: 选择路径 0, 答案: 1, 置信度: 1.0
2025-08-07 20:54:51,597 - INFO - 投票结果: 选择路径 0, 答案: 0.91, 置信度: 0.1
2025-08-07 20:54:51,597 - INFO - 投票结果: 选择路径 0, 答案: 36, 置信度: 0.4
2025-08-07 20:54:51,598 - INFO - 投票结果: 选择路径 0, 答案: 140, 置信度: 1.0
2025-08-07 20:54:51,599 - INFO - 投票结果: 选择路径 0, 答案: 20, 置信度: 0.5
2025-08-07 20:54:51,599 - INFO - 投票结果: 选择路径 0, 答案: 1800, 置信度: 0.5
2025-08-07 20:54:51,600 - INFO - 投票结果: 选择路径 0, 答案: 25, 置信度: 0.7
2025-08-07 20:54:51,601 - INFO - 投票结果: 选择路径 0, 答案: 147, 置信度: 0.9
2025-08-07 20:54:51,601 - INFO - 投票结果: 选择路径 0, 答案: 10, 置信度: 1.0
2025-08-07 20:54:51,602 - INFO - 投票结果: 选择路径 0, 答案: 25, 置信度: 0.9
2025-08-07 20:54:51,603 - INFO - 投票结果: 选择路径 0, 答案: 32, 置信度: 1.0
2025-08-07 20:54:51,603 - INFO - 投票结果: 选择路径 0, 答案: 276, 置信度: 1.0
2025-08-07 20:54:51,604 - INFO - 投票结果: 选择路径 3, 答案: 176, 置信度: 0.3
2025-08-07 20:54:51,604 - INFO - 投票结果: 选择路径 0, 答案: 30, 置信度: 1.0
2025-08-07 20:54:51,605 - INFO - 投票结果: 选择路径 0, 答案: 280, 置信度: 0.5
2025-08-07 20:54:51,606 - INFO - 投票结果: 选择路径 0, 答案: 8000, 置信度: 1.0
2025-08-07 20:54:51,606 - INFO - 投票结果: 选择路径 1, 答案: 25, 置信度: 0.3
2025-08-07 20:54:51,607 - INFO - 投票结果: 选择路径 2, 答案: 84, 置信度: 0.6
2025-08-07 20:54:51,608 - INFO - 投票结果: 选择路径 0, 答案: 50, 置信度: 0.8
2025-08-07 20:54:51,608 - INFO - 投票结果: 选择路径 0, 答案: 50, 置信度: 1.0
2025-08-07 20:54:51,609 - INFO - 投票结果: 选择路径 0, 答案: 320, 置信度: 1.0
2025-08-07 20:54:51,610 - INFO - 投票结果: 选择路径 0, 答案: 38, 置信度: 1.0
2025-08-07 20:54:51,610 - INFO - 投票结果: 选择路径 1, 答案: 34, 置信度: 0.6
2025-08-07 20:54:51,611 - INFO - 投票结果: 选择路径 0, 答案: 594, 置信度: 1.0
2025-08-07 20:54:51,612 - INFO - 投票结果: 选择路径 5, 答案: 7, 置信度: 0.4
2025-08-07 20:54:51,612 - INFO - 投票结果: 选择路径 0, 答案: 98, 置信度: 0.9
2025-08-07 20:54:51,613 - INFO - 投票结果: 选择路径 0, 答案: 123, 置信度: 1.0
2025-08-07 20:54:51,613 - INFO - 投票结果: 选择路径 0, 答案: 27, 置信度: 1.0
2025-08-07 20:54:51,614 - INFO - 投票结果: 选择路径 0, 答案: 145, 置信度: 0.9
2025-08-07 20:54:51,615 - INFO - 投票结果: 选择路径 0, 答案: 23, 置信度: 1.0
2025-08-07 20:54:51,615 - INFO - 投票结果: 选择路径 0, 答案: 14, 置信度: 0.8
2025-08-07 20:54:51,616 - INFO - 投票结果: 选择路径 0, 答案: 18, 置信度: 0.9
2025-08-07 20:54:51,617 - INFO - 投票结果: 选择路径 0, 答案: 21, 置信度: 1.0
2025-08-07 20:54:51,617 - INFO - 投票结果: 选择路径 0, 答案: 40000, 置信度: 1.0
2025-08-07 20:54:51,618 - INFO - 投票结果: 选择路径 0, 答案: 90, 置信度: 0.6
2025-08-07 20:54:51,619 - INFO - 投票结果: 选择路径 0, 答案: 11150, 置信度: 0.4
2025-08-07 20:54:51,619 - INFO - 投票结果: 选择路径 0, 答案: 1520, 置信度: 1.0
2025-08-07 20:54:51,620 - INFO - 投票结果: 选择路径 0, 答案: 32, 置信度: 0.6
2025-08-07 20:54:51,620 - INFO - 投票结果: 选择路径 0, 答案: 2000, 置信度: 0.6
2025-08-07 20:54:51,621 - INFO - 投票结果: 选择路径 0, 答案: 93, 置信度: 1.0
2025-08-07 20:54:51,622 - INFO - 投票结果: 选择路径 0, 答案: 40, 置信度: 0.6
2025-08-07 20:54:51,622 - INFO - 投票结果: 选择路径 0, 答案: 15, 置信度: 1.0
2025-08-07 20:54:51,623 - INFO - 投票结果: 选择路径 0, 答案: 66, 置信度: 1.0
2025-08-07 20:54:51,624 - INFO - 投票结果: 选择路径 0, 答案: 5, 置信度: 1.0
2025-08-07 20:54:51,624 - INFO - 投票结果: 选择路径 0, 答案: 5, 置信度: 1.0
2025-08-07 20:54:51,625 - INFO - 投票结果: 选择路径 2, 答案: 0.5, 置信度: 0.7
2025-08-07 20:54:51,626 - INFO - 投票结果: 选择路径 0, 答案: 1430, 置信度: 1.0
2025-08-07 20:54:51,626 - INFO - 投票结果: 选择路径 0, 答案: 36, 置信度: 0.9
2025-08-07 20:54:51,627 - INFO - 投票结果: 选择路径 0, 答案: 80, 置信度: 1.0
2025-08-07 20:54:51,627 - INFO - 投票结果: 选择路径 0, 答案: 29, 置信度: 0.8
2025-08-07 20:54:51,628 - INFO - 投票结果: 选择路径 0, 答案: 122, 置信度: 1.0
2025-08-07 20:54:51,629 - INFO - 投票结果: 选择路径 0, 答案: 60, 置信度: 1.0
2025-08-07 20:54:51,629 - INFO - 投票结果: 选择路径 5, 答案: 145, 置信度: 0.3
2025-08-07 20:54:51,630 - INFO - 投票结果: 选择路径 0, 答案: 21, 置信度: 1.0
2025-08-07 20:54:51,631 - INFO - 投票结果: 选择路径 0, 答案: 45, 置信度: 1.0
2025-08-07 20:54:51,631 - INFO - 投票结果: 选择路径 0, 答案: 273, 置信度: 0.9
2025-08-07 20:54:51,632 - INFO - 投票结果: 选择路径 2, 答案: 12, 置信度: 0.6
2025-08-07 20:54:51,633 - INFO - 投票结果: 选择路径 0, 答案: 5, 置信度: 0.7
2025-08-07 20:54:51,633 - INFO - 投票结果: 选择路径 0, 答案: 1, 置信度: 1.0
2025-08-07 20:54:51,634 - INFO - 投票结果: 选择路径 0, 答案: 1880, 置信度: 0.5
2025-08-07 20:54:51,651 - INFO - 正确率: 83.47%
2025-08-07 20:54:51,767 - INFO - 结果已保存到: /cephfs/shared/sunyifan/Min-p-CoT/grid_search_results/Llama-3.2-3B-Instruct_GSM8k_test_0.1_interval/minp_0.4_0.2_0.7_0.9_temp_0.7/min_p_cot_results_4-step-CoT_Llama-3.2-3B-Instruct_GSM8k_test_0.4_0.2_0.7_0.9_vote10_majority_run2.json
2025-08-07 20:54:51,768 - INFO - 实验完成!
2025-08-07 20:54:52,314 - INFO - 实验 25 (第 2/3 次) 完成，准确率: 83.47%
2025-08-07 20:54:52,316 - INFO - 开始实验 25 (第 3/3 次): min-p值 = [0.4, 0.2, 0.7, 0.9], 温度 = 0.7
2025-08-07 20:54:52,317 - INFO - 创建配置文件: /cephfs/shared/sunyifan/Min-p-CoT/grid_search_results/Llama-3.2-3B-Instruct_GSM8k_test_0.1_interval/minp_0.4_0.2_0.7_0.9_temp_0.7/config_experiment_0.4_0.2_0.7_0.9_temp_0.7_run3.json
2025-08-07 20:54:52,325 - INFO - 配置文件验证通过
2025-08-07 20:54:52,327 - INFO - 随机种子已设置为: 42
2025-08-07 20:54:52,327 - INFO - 使用已提供的模型实例: Llama-3.2-3B-Instruct
2025-08-07 20:54:52,328 - INFO - 加载数据集: GSM8k_test
2025-08-07 20:54:52,329 - INFO - 随机种子已设置为: 42
2025-08-07 20:54:52,340 - INFO - 数据集加载完成，共 1319 条数据，已打乱顺序
2025-08-07 20:54:52,341 - INFO - 使用投票机制，每个问题生成 10 条路径
2025-08-07 20:54:52,342 - INFO - 批量生成模式：为 1319 个问题各生成 10 条路径
2025-08-07 20:54:52,345 - INFO - 开始CoT生成，共4个步骤:
2025-08-07 20:54:52,347 - INFO - 开始CoT步骤 1，min_p=0.4
2025-08-07 20:54:55,024 - INFO - 开始CoT步骤 2，min_p=0.2
2025-08-07 20:55:06,924 - INFO - 开始CoT步骤 3，min_p=0.7
2025-08-07 20:55:17,783 - INFO - 开始CoT步骤 4，min_p=0.9
2025-08-07 20:55:21,451 - INFO - CoT生成完成，共 1319 条CoT
2025-08-07 20:55:21,473 - INFO - 开始CoT生成，共4个步骤:
2025-08-07 20:55:21,474 - INFO - 开始CoT步骤 1，min_p=0.4
2025-08-07 20:55:24,035 - INFO - 开始CoT步骤 2，min_p=0.2
2025-08-07 20:55:35,911 - INFO - 开始CoT步骤 3，min_p=0.7
2025-08-07 20:55:46,720 - INFO - 开始CoT步骤 4，min_p=0.9
2025-08-07 20:55:51,623 - INFO - CoT生成完成，共 1319 条CoT
2025-08-07 20:55:51,645 - INFO - 开始CoT生成，共4个步骤:
2025-08-07 20:55:51,647 - INFO - 开始CoT步骤 1，min_p=0.4
2025-08-07 20:55:54,259 - INFO - 开始CoT步骤 2，min_p=0.2
2025-08-07 20:56:05,993 - INFO - 开始CoT步骤 3，min_p=0.7
2025-08-07 20:56:16,920 - INFO - 开始CoT步骤 4，min_p=0.9
2025-08-07 20:56:21,118 - INFO - CoT生成完成，共 1319 条CoT
2025-08-07 20:56:21,141 - INFO - 开始CoT生成，共4个步骤:
2025-08-07 20:56:21,143 - INFO - 开始CoT步骤 1，min_p=0.4
2025-08-07 20:56:23,444 - INFO - 开始CoT步骤 2，min_p=0.2
2025-08-07 20:56:35,376 - INFO - 开始CoT步骤 3，min_p=0.7
2025-08-07 20:56:46,143 - INFO - 开始CoT步骤 4，min_p=0.9
2025-08-07 20:56:51,248 - INFO - CoT生成完成，共 1319 条CoT
2025-08-07 20:56:51,272 - INFO - 开始CoT生成，共4个步骤:
2025-08-07 20:56:51,274 - INFO - 开始CoT步骤 1，min_p=0.4
2025-08-07 20:56:53,746 - INFO - 开始CoT步骤 2，min_p=0.2
2025-08-07 20:57:05,825 - INFO - 开始CoT步骤 3，min_p=0.7
2025-08-07 20:57:16,754 - INFO - 开始CoT步骤 4，min_p=0.9
2025-08-07 20:57:21,756 - INFO - CoT生成完成，共 1319 条CoT
2025-08-07 20:57:21,780 - INFO - 开始CoT生成，共4个步骤:
2025-08-07 20:57:21,781 - INFO - 开始CoT步骤 1，min_p=0.4
2025-08-07 20:57:24,085 - INFO - 开始CoT步骤 2，min_p=0.2
2025-08-07 20:57:36,214 - INFO - 开始CoT步骤 3，min_p=0.7
2025-08-07 20:57:47,266 - INFO - 开始CoT步骤 4，min_p=0.9
2025-08-07 20:57:52,436 - INFO - CoT生成完成，共 1319 条CoT
2025-08-07 20:57:52,458 - INFO - 开始CoT生成，共4个步骤:
2025-08-07 20:57:52,459 - INFO - 开始CoT步骤 1，min_p=0.4
2025-08-07 20:57:54,803 - INFO - 开始CoT步骤 2，min_p=0.2
2025-08-07 20:58:06,850 - INFO - 开始CoT步骤 3，min_p=0.7
2025-08-07 20:58:17,814 - INFO - 开始CoT步骤 4，min_p=0.9
2025-08-07 20:58:22,449 - INFO - CoT生成完成，共 1319 条CoT
2025-08-07 20:58:22,471 - INFO - 开始CoT生成，共4个步骤:
2025-08-07 20:58:22,473 - INFO - 开始CoT步骤 1，min_p=0.4
2025-08-07 20:58:24,964 - INFO - 开始CoT步骤 2，min_p=0.2
2025-08-07 20:58:36,996 - INFO - 开始CoT步骤 3，min_p=0.7
2025-08-07 20:58:48,062 - INFO - 开始CoT步骤 4，min_p=0.9
2025-08-07 20:58:52,800 - INFO - CoT生成完成，共 1319 条CoT
2025-08-07 20:58:52,822 - INFO - 开始CoT生成，共4个步骤:
2025-08-07 20:58:52,824 - INFO - 开始CoT步骤 1，min_p=0.4
2025-08-07 20:58:55,492 - INFO - 开始CoT步骤 2，min_p=0.2
2025-08-07 20:59:07,521 - INFO - 开始CoT步骤 3，min_p=0.7
2025-08-07 20:59:18,659 - INFO - 开始CoT步骤 4，min_p=0.9
2025-08-07 20:59:23,267 - INFO - CoT生成完成，共 1319 条CoT
2025-08-07 20:59:23,289 - INFO - 开始CoT生成，共4个步骤:
2025-08-07 20:59:23,291 - INFO - 开始CoT步骤 1，min_p=0.4
2025-08-07 20:59:25,912 - INFO - 开始CoT步骤 2，min_p=0.2
2025-08-07 20:59:38,077 - INFO - 开始CoT步骤 3，min_p=0.7
2025-08-07 20:59:48,662 - INFO - 开始CoT步骤 4，min_p=0.9
2025-08-07 20:59:53,480 - INFO - CoT生成完成，共 1319 条CoT
2025-08-07 20:59:53,515 - INFO - 批量生成完成：共生成 1319 组路径，每组 10 条
2025-08-07 20:59:53,516 - INFO - 投票结果: 选择路径 0, 答案: 52, 置信度: 0.6
2025-08-07 20:59:53,517 - INFO - 投票结果: 选择路径 0, 答案: 5, 置信度: 1.0
2025-08-07 20:59:53,518 - INFO - 投票结果: 选择路径 1, 答案: 83, 置信度: 0.8
2025-08-07 20:59:53,519 - INFO - 投票结果: 选择路径 1, 答案: 10, 置信度: 0.8
2025-08-07 20:59:53,520 - INFO - 投票结果: 选择路径 0, 答案: 100, 置信度: 0.6
2025-08-07 20:59:53,520 - INFO - 投票结果: 选择路径 0, 答案: 36, 置信度: 0.8
2025-08-07 20:59:53,521 - INFO - 投票结果: 选择路径 0, 答案: 48, 置信度: 1.0
2025-08-07 20:59:53,522 - INFO - 投票结果: 选择路径 0, 答案: 16, 置信度: 1.0
2025-08-07 20:59:53,522 - INFO - 投票结果: 选择路径 0, 答案: 4.64, 置信度: 0.7
2025-08-07 20:59:53,523 - INFO - 投票结果: 选择路径 0, 答案: 48, 置信度: 1.0
2025-08-07 20:59:53,524 - INFO - 投票结果: 选择路径 0, 答案: 90, 置信度: 1.0
2025-08-07 20:59:53,524 - INFO - 投票结果: 选择路径 0, 答案: 10, 置信度: 1.0
2025-08-07 20:59:53,525 - INFO - 投票结果: 选择路径 2, 答案: 1, 置信度: 0.4
2025-08-07 20:59:53,526 - INFO - 投票结果: 选择路径 0, 答案: 45000, 置信度: 0.2
2025-08-07 20:59:53,526 - INFO - 投票结果: 选择路径 0, 答案: 18, 置信度: 0.6
2025-08-07 20:59:53,527 - INFO - 投票结果: 选择路径 0, 答案: 140, 置信度: 1.0
2025-08-07 20:59:53,528 - INFO - 投票结果: 选择路径 0, 答案: 17, 置信度: 1.0
2025-08-07 20:59:53,528 - INFO - 投票结果: 选择路径 0, 答案: 68, 置信度: 1.0
2025-08-07 20:59:53,529 - INFO - 投票结果: 选择路径 0, 答案: 8, 置信度: 1.0
2025-08-07 20:59:53,530 - INFO - 投票结果: 选择路径 0, 答案: 14, 置信度: 1.0
2025-08-07 20:59:53,530 - INFO - 投票结果: 选择路径 0, 答案: 50, 置信度: 0.7
2025-08-07 20:59:53,531 - INFO - 投票结果: 选择路径 0, 答案: 100, 置信度: 1.0
2025-08-07 20:59:53,532 - INFO - 投票结果: 选择路径 2, 答案: 125, 置信度: 0.4
2025-08-07 20:59:53,532 - INFO - 投票结果: 选择路径 1, 答案: 48, 置信度: 0.6
2025-08-07 20:59:53,533 - INFO - 投票结果: 选择路径 0, 答案: 16400, 置信度: 0.9
2025-08-07 20:59:53,534 - INFO - 投票结果: 选择路径 0, 答案: 250, 置信度: 1.0
2025-08-07 20:59:53,534 - INFO - 投票结果: 选择路径 1, 答案: 34, 置信度: 0.3
2025-08-07 20:59:53,535 - INFO - 投票结果: 选择路径 0, 答案: 1490, 置信度: 0.7
2025-08-07 20:59:53,535 - INFO - 投票结果: 选择路径 0, 答案: 11, 置信度: 1.0
2025-08-07 20:59:53,536 - INFO - 投票结果: 选择路径 1, 答案: 106, 置信度: 0.7
2025-08-07 20:59:53,537 - INFO - 投票结果: 选择路径 1, 答案: 138, 置信度: 0.8
2025-08-07 20:59:53,537 - INFO - 投票结果: 选择路径 0, 答案: 15, 置信度: 1.0
2025-08-07 20:59:53,538 - INFO - 投票结果: 选择路径 0, 答案: 4, 置信度: 1.0
2025-08-07 20:59:53,539 - INFO - 投票结果: 选择路径 0, 答案: 82, 置信度: 0.9
2025-08-07 20:59:53,539 - INFO - 投票结果: 选择路径 0, 答案: 2, 置信度: 1.0
2025-08-07 20:59:53,540 - INFO - 投票结果: 选择路径 0, 答案: 51, 置信度: 0.6
2025-08-07 20:59:53,541 - INFO - 投票结果: 选择路径 1, 答案: 4, 置信度: 0.9
2025-08-07 20:59:53,541 - INFO - 投票结果: 选择路径 0, 答案: 100, 置信度: 0.7
2025-08-07 20:59:53,542 - INFO - 投票结果: 选择路径 3, 答案: 125, 置信度: 0.4
2025-08-07 20:59:53,543 - INFO - 投票结果: 选择路径 0, 答案: 188, 置信度: 1.0
2025-08-07 20:59:53,543 - INFO - 投票结果: 选择路径 0, 答案: 30, 置信度: 0.9
2025-08-07 20:59:53,544 - INFO - 投票结果: 选择路径 0, 答案: 30, 置信度: 1.0
2025-08-07 20:59:53,545 - INFO - 投票结果: 选择路径 0, 答案: 240, 置信度: 1.0
2025-08-07 20:59:53,545 - INFO - 投票结果: 选择路径 0, 答案: 7, 置信度: 1.0
2025-08-07 20:59:53,546 - INFO - 投票结果: 选择路径 1, 答案: 350, 置信度: 0.7
2025-08-07 20:59:53,547 - INFO - 投票结果: 选择路径 0, 答案: 4, 置信度: 0.7
2025-08-07 20:59:53,547 - INFO - 投票结果: 选择路径 0, 答案: 36, 置信度: 0.9
2025-08-07 20:59:53,548 - INFO - 投票结果: 选择路径 0, 答案: 4, 置信度: 0.2
2025-08-07 20:59:53,549 - INFO - 投票结果: 选择路径 0, 答案: 2, 置信度: 0.8
2025-08-07 20:59:53,549 - INFO - 投票结果: 选择路径 0, 答案: 33, 置信度: 1.0
2025-08-07 20:59:53,550 - INFO - 投票结果: 选择路径 0, 答案: 21, 置信度: 1.0
2025-08-07 20:59:53,551 - INFO - 投票结果: 选择路径 3, 答案: 155, 置信度: 0.3
2025-08-07 20:59:53,551 - INFO - 投票结果: 选择路径 0, 答案: 60, 置信度: 1.0
2025-08-07 20:59:53,552 - INFO - 投票结果: 选择路径 0, 答案: 49, 置信度: 0.4
2025-08-07 20:59:53,553 - INFO - 投票结果: 选择路径 1, 答案: 1800, 置信度: 0.4
2025-08-07 20:59:53,553 - INFO - 投票结果: 选择路径 0, 答案: 27, 置信度: 0.8
2025-08-07 20:59:53,554 - INFO - 投票结果: 选择路径 2, 答案: 16, 置信度: 0.5
2025-08-07 20:59:53,555 - INFO - 投票结果: 选择路径 0, 答案: 49, 置信度: 0.9
2025-08-07 20:59:53,555 - INFO - 投票结果: 选择路径 0, 答案: 6, 置信度: 0.4
2025-08-07 20:59:53,556 - INFO - 投票结果: 选择路径 1, 答案: 32, 置信度: 0.5
2025-08-07 20:59:53,557 - INFO - 投票结果: 选择路径 0, 答案: 168, 置信度: 0.7
2025-08-07 20:59:53,557 - INFO - 投票结果: 选择路径 0, 答案: 225, 置信度: 1.0
2025-08-07 20:59:53,558 - INFO - 投票结果: 选择路径 0, 答案: 50, 置信度: 1.0
2025-08-07 20:59:53,559 - INFO - 投票结果: 选择路径 0, 答案: 18, 置信度: 0.4
2025-08-07 20:59:53,559 - INFO - 投票结果: 选择路径 0, 答案: 7, 置信度: 1.0
2025-08-07 20:59:53,560 - INFO - 投票结果: 选择路径 0, 答案: 800, 置信度: 0.9
2025-08-07 20:59:53,561 - INFO - 投票结果: 选择路径 0, 答案: 22, 置信度: 1.0
2025-08-07 20:59:53,561 - INFO - 投票结果: 选择路径 1, 答案: 235, 置信度: 0.8
2025-08-07 20:59:53,562 - INFO - 投票结果: 选择路径 0, 答案: 3, 置信度: 1.0
2025-08-07 20:59:53,563 - INFO - 投票结果: 选择路径 3, 答案: 4, 置信度: 0.3
2025-08-07 20:59:53,564 - INFO - 投票结果: 选择路径 1, 答案: 3000, 置信度: 0.7
2025-08-07 20:59:53,564 - INFO - 投票结果: 选择路径 0, 答案: 300, 置信度: 0.9
2025-08-07 20:59:53,565 - INFO - 投票结果: 选择路径 0, 答案: 20, 置信度: 0.8
2025-08-07 20:59:53,566 - INFO - 投票结果: 选择路径 0, 答案: 130, 置信度: 1.0
2025-08-07 20:59:53,566 - INFO - 投票结果: 选择路径 1, 答案: 1, 置信度: 0.8
2025-08-07 20:59:53,567 - INFO - 投票结果: 选择路径 3, 答案: 48, 置信度: 0.5
2025-08-07 20:59:53,568 - INFO - 投票结果: 选择路径 0, 答案: 50, 置信度: 0.8
2025-08-07 20:59:53,568 - INFO - 投票结果: 选择路径 1, 答案: 3, 置信度: 0.5
2025-08-07 20:59:53,569 - INFO - 投票结果: 选择路径 1, 答案: 5, 置信度: 0.6
2025-08-07 20:59:53,570 - INFO - 投票结果: 选择路径 0, 答案: 110, 置信度: 1.0
2025-08-07 20:59:53,570 - INFO - 投票结果: 选择路径 1, 答案: 1000, 置信度: 0.2
2025-08-07 20:59:53,571 - INFO - 投票结果: 选择路径 0, 答案: 16, 置信度: 1.0
2025-08-07 20:59:53,572 - INFO - 投票结果: 选择路径 0, 答案: 80, 置信度: 1.0
2025-08-07 20:59:53,572 - INFO - 投票结果: 选择路径 0, 答案: 45, 置信度: 0.8
2025-08-07 20:59:53,573 - INFO - 投票结果: 选择路径 0, 答案: 36, 置信度: 1.0
2025-08-07 20:59:53,574 - INFO - 投票结果: 选择路径 0, 答案: 5, 置信度: 0.4
2025-08-07 20:59:53,574 - INFO - 投票结果: 选择路径 0, 答案: 9, 置信度: 0.3
2025-08-07 20:59:53,575 - INFO - 投票结果: 选择路径 0, 答案: 36, 置信度: 1.0
2025-08-07 20:59:53,576 - INFO - 投票结果: 选择路径 0, 答案: 60, 置信度: 0.7
2025-08-07 20:59:53,576 - INFO - 投票结果: 选择路径 1, 答案: 9, 置信度: 0.9
2025-08-07 20:59:53,577 - INFO - 投票结果: 选择路径 0, 答案: 1, 置信度: 0.6
2025-08-07 20:59:53,578 - INFO - 投票结果: 选择路径 0, 答案: 30, 置信度: 1.0
2025-08-07 20:59:53,578 - INFO - 投票结果: 选择路径 1, 答案: 70000, 置信度: 0.2
2025-08-07 20:59:53,579 - INFO - 投票结果: 选择路径 0, 答案: 34, 置信度: 1.0
2025-08-07 20:59:53,580 - INFO - 投票结果: 选择路径 0, 答案: 9, 置信度: 0.1
2025-08-07 20:59:53,581 - INFO - 投票结果: 选择路径 0, 答案: 306, 置信度: 1.0
2025-08-07 20:59:53,581 - INFO - 投票结果: 选择路径 0, 答案: 55, 置信度: 1.0
2025-08-07 20:59:53,582 - INFO - 投票结果: 选择路径 0, 答案: 12, 置信度: 0.9
2025-08-07 20:59:53,583 - INFO - 投票结果: 选择路径 0, 答案: 75, 置信度: 1.0
2025-08-07 20:59:53,583 - INFO - 投票结果: 选择路径 1, 答案: 24, 置信度: 0.7
2025-08-07 20:59:53,584 - INFO - 投票结果: 选择路径 0, 答案: 50, 置信度: 1.0
2025-08-07 20:59:53,585 - INFO - 投票结果: 选择路径 0, 答案: 110, 置信度: 1.0
2025-08-07 20:59:53,585 - INFO - 投票结果: 选择路径 3, 答案: 498, 置信度: 0.2
2025-08-07 20:59:53,586 - INFO - 投票结果: 选择路径 0, 答案: 30, 置信度: 1.0
2025-08-07 20:59:53,587 - INFO - 投票结果: 选择路径 0, 答案: 80, 置信度: 1.0
2025-08-07 20:59:53,587 - INFO - 投票结果: 选择路径 1, 答案: 1.50, 置信度: 0.5
2025-08-07 20:59:53,588 - INFO - 投票结果: 选择路径 0, 答案: 120, 置信度: 1.0
2025-08-07 20:59:53,589 - INFO - 投票结果: 选择路径 0, 答案: 108, 置信度: 0.6
2025-08-07 20:59:53,589 - INFO - 投票结果: 选择路径 0, 答案: 70, 置信度: 1.0
2025-08-07 20:59:53,590 - INFO - 投票结果: 选择路径 3, 答案: 13, 置信度: 0.6
2025-08-07 20:59:53,591 - INFO - 投票结果: 选择路径 0, 答案: 150, 置信度: 1.0
2025-08-07 20:59:53,591 - INFO - 投票结果: 选择路径 0, 答案: 10, 置信度: 0.4
2025-08-07 20:59:53,592 - INFO - 投票结果: 选择路径 2, 答案: 8, 置信度: 0.2
2025-08-07 20:59:53,593 - INFO - 投票结果: 选择路径 0, 答案: 250, 置信度: 1.0
2025-08-07 20:59:53,594 - INFO - 投票结果: 选择路径 0, 答案: 3, 置信度: 1.0
2025-08-07 20:59:53,594 - INFO - 投票结果: 选择路径 0, 答案: 15, 置信度: 1.0
2025-08-07 20:59:53,595 - INFO - 投票结果: 选择路径 0, 答案: 12, 置信度: 1.0
2025-08-07 20:59:53,596 - INFO - 投票结果: 选择路径 0, 答案: 60, 置信度: 1.0
2025-08-07 20:59:53,596 - INFO - 投票结果: 选择路径 0, 答案: 3, 置信度: 1.0
2025-08-07 20:59:53,597 - INFO - 投票结果: 选择路径 1, 答案: 9, 置信度: 0.5
2025-08-07 20:59:53,598 - INFO - 投票结果: 选择路径 1, 答案: 140000, 置信度: 0.8
2025-08-07 20:59:53,598 - INFO - 投票结果: 选择路径 4, 答案: 1, 置信度: 0.3
2025-08-07 20:59:53,599 - INFO - 投票结果: 选择路径 0, 答案: 2400, 置信度: 1.0
2025-08-07 20:59:53,600 - INFO - 投票结果: 选择路径 0, 答案: 4, 置信度: 1.0
2025-08-07 20:59:53,600 - INFO - 投票结果: 选择路径 2, 答案: 101, 置信度: 0.2
2025-08-07 20:59:53,601 - INFO - 投票结果: 选择路径 0, 答案: 300, 置信度: 1.0
2025-08-07 20:59:53,602 - INFO - 投票结果: 选择路径 1, 答案: 91, 置信度: 0.5
2025-08-07 20:59:53,602 - INFO - 投票结果: 选择路径 0, 答案: 8, 置信度: 0.9
2025-08-07 20:59:53,603 - INFO - 投票结果: 选择路径 0, 答案: 120, 置信度: 1.0
2025-08-07 20:59:53,604 - INFO - 投票结果: 选择路径 0, 答案: 350, 置信度: 1.0
2025-08-07 20:59:53,604 - INFO - 投票结果: 选择路径 0, 答案: 2600, 置信度: 1.0
2025-08-07 20:59:53,605 - INFO - 投票结果: 选择路径 0, 答案: 10, 置信度: 1.0
2025-08-07 20:59:53,606 - INFO - 投票结果: 选择路径 1, 答案: 22, 置信度: 0.4
2025-08-07 20:59:53,606 - INFO - 投票结果: 选择路径 0, 答案: 7, 置信度: 1.0
2025-08-07 20:59:53,607 - INFO - 投票结果: 选择路径 0, 答案: 31, 置信度: 1.0
2025-08-07 20:59:53,608 - INFO - 投票结果: 选择路径 0, 答案: 975, 置信度: 1.0
2025-08-07 20:59:53,609 - INFO - 投票结果: 选择路径 0, 答案: -160, 置信度: 0.7
2025-08-07 20:59:53,609 - INFO - 投票结果: 选择路径 0, 答案: 120, 置信度: 0.6
2025-08-07 20:59:53,610 - INFO - 投票结果: 选择路径 0, 答案: 220, 置信度: 1.0
2025-08-07 20:59:53,611 - INFO - 投票结果: 选择路径 0, 答案: 87, 置信度: 1.0
2025-08-07 20:59:53,612 - INFO - 投票结果: 选择路径 0, 答案: 300, 置信度: 1.0
2025-08-07 20:59:53,612 - INFO - 投票结果: 选择路径 0, 答案: 30, 置信度: 0.7
2025-08-07 20:59:53,613 - INFO - 投票结果: 选择路径 0, 答案: 7, 置信度: 0.2
2025-08-07 20:59:53,614 - INFO - 投票结果: 选择路径 0, 答案: 16, 置信度: 1.0
2025-08-07 20:59:53,614 - INFO - 投票结果: 选择路径 0, 答案: 7, 置信度: 1.0
2025-08-07 20:59:53,615 - INFO - 投票结果: 选择路径 1, 答案: 81, 置信度: 0.6
2025-08-07 20:59:53,616 - INFO - 投票结果: 选择路径 0, 答案: 5, 置信度: 1.0
2025-08-07 20:59:53,616 - INFO - 投票结果: 选择路径 0, 答案: 9, 置信度: 0.9
2025-08-07 20:59:53,617 - INFO - 投票结果: 选择路径 0, 答案: 10, 置信度: 1.0
2025-08-07 20:59:53,618 - INFO - 投票结果: 选择路径 0, 答案: 14, 置信度: 0.6
2025-08-07 20:59:53,618 - INFO - 投票结果: 选择路径 0, 答案: 5, 置信度: 1.0
2025-08-07 20:59:53,619 - INFO - 投票结果: 选择路径 0, 答案: 50, 置信度: 1.0
2025-08-07 20:59:53,620 - INFO - 投票结果: 选择路径 0, 答案: 48, 置信度: 0.8
2025-08-07 20:59:53,620 - INFO - 投票结果: 选择路径 0, 答案: 25, 置信度: 1.0
2025-08-07 20:59:53,621 - INFO - 投票结果: 选择路径 0, 答案: 92, 置信度: 0.9
2025-08-07 20:59:53,622 - INFO - 投票结果: 选择路径 1, 答案: 66.67, 置信度: 0.5
2025-08-07 20:59:53,622 - INFO - 投票结果: 选择路径 0, 答案: 180, 置信度: 1.0
2025-08-07 20:59:53,623 - INFO - 投票结果: 选择路径 0, 答案: 21, 置信度: 1.0
2025-08-07 20:59:53,624 - INFO - 投票结果: 选择路径 0, 答案: 1200, 置信度: 1.0
2025-08-07 20:59:53,625 - INFO - 投票结果: 选择路径 0, 答案: 255, 置信度: 0.6
2025-08-07 20:59:53,625 - INFO - 投票结果: 选择路径 0, 答案: 4, 置信度: 1.0
2025-08-07 20:59:53,626 - INFO - 投票结果: 选择路径 0, 答案: 10, 置信度: 1.0
2025-08-07 20:59:53,627 - INFO - 投票结果: 选择路径 0, 答案: 700, 置信度: 1.0
2025-08-07 20:59:53,627 - INFO - 投票结果: 选择路径 0, 答案: 38, 置信度: 1.0
2025-08-07 20:59:53,628 - INFO - 投票结果: 选择路径 0, 答案: 32, 置信度: 0.9
2025-08-07 20:59:53,629 - INFO - 投票结果: 选择路径 0, 答案: 30, 置信度: 1.0
2025-08-07 20:59:53,629 - INFO - 投票结果: 选择路径 0, 答案: 16, 置信度: 1.0
2025-08-07 20:59:53,630 - INFO - 投票结果: 选择路径 0, 答案: 40, 置信度: 1.0
2025-08-07 20:59:53,631 - INFO - 投票结果: 选择路径 0, 答案: 288, 置信度: 1.0
2025-08-07 20:59:53,631 - INFO - 投票结果: 选择路径 0, 答案: 1100, 置信度: 1.0
2025-08-07 20:59:53,632 - INFO - 投票结果: 选择路径 0, 答案: 20, 置信度: 1.0
2025-08-07 20:59:53,633 - INFO - 投票结果: 选择路径 0, 答案: 2, 置信度: 0.9
2025-08-07 20:59:53,633 - INFO - 投票结果: 选择路径 0, 答案: 1040000, 置信度: 1.0
2025-08-07 20:59:53,634 - INFO - 投票结果: 选择路径 0, 答案: 9, 置信度: 1.0
2025-08-07 20:59:53,635 - INFO - 投票结果: 选择路径 0, 答案: 132, 置信度: 1.0
2025-08-07 20:59:53,635 - INFO - 投票结果: 选择路径 0, 答案: 93, 置信度: 1.0
2025-08-07 20:59:53,636 - INFO - 投票结果: 选择路径 0, 答案: 4, 置信度: 1.0
2025-08-07 20:59:53,637 - INFO - 投票结果: 选择路径 1, 答案: 85, 置信度: 0.3
2025-08-07 20:59:53,637 - INFO - 投票结果: 选择路径 0, 答案: 33, 置信度: 1.0
2025-08-07 20:59:53,638 - INFO - 投票结果: 选择路径 0, 答案: 12, 置信度: 0.9
2025-08-07 20:59:53,639 - INFO - 投票结果: 选择路径 0, 答案: 7200, 置信度: 1.0
2025-08-07 20:59:53,639 - INFO - 投票结果: 选择路径 0, 答案: 60, 置信度: 1.0
2025-08-07 20:59:53,640 - INFO - 投票结果: 选择路径 0, 答案: 44, 置信度: 1.0
2025-08-07 20:59:53,641 - INFO - 投票结果: 选择路径 2, 答案: 113, 置信度: 0.8
2025-08-07 20:59:53,641 - INFO - 投票结果: 选择路径 1, 答案: 43500, 置信度: 0.7
2025-08-07 20:59:53,642 - INFO - 投票结果: 选择路径 0, 答案: 720, 置信度: 1.0
2025-08-07 20:59:53,643 - INFO - 投票结果: 选择路径 0, 答案: 50, 置信度: 0.9
2025-08-07 20:59:53,643 - INFO - 投票结果: 选择路径 0, 答案: 24, 置信度: 1.0
2025-08-07 20:59:53,644 - INFO - 投票结果: 选择路径 0, 答案: 43, 置信度: 0.7
2025-08-07 20:59:53,645 - INFO - 投票结果: 选择路径 0, 答案: 30, 置信度: 1.0
2025-08-07 20:59:53,645 - INFO - 投票结果: 选择路径 0, 答案: 23, 置信度: 0.5
2025-08-07 20:59:53,646 - INFO - 投票结果: 选择路径 0, 答案: 251, 置信度: 0.9
2025-08-07 20:59:53,647 - INFO - 投票结果: 选择路径 0, 答案: 35, 置信度: 1.0
2025-08-07 20:59:53,647 - INFO - 投票结果: 选择路径 1, 答案: 110, 置信度: 0.6
2025-08-07 20:59:53,648 - INFO - 投票结果: 选择路径 0, 答案: 82, 置信度: 1.0
2025-08-07 20:59:53,649 - INFO - 投票结果: 选择路径 0, 答案: 2100, 置信度: 0.7
2025-08-07 20:59:53,649 - INFO - 投票结果: 选择路径 0, 答案: 3, 置信度: 0.8
2025-08-07 20:59:53,650 - INFO - 投票结果: 选择路径 0, 答案: 12, 置信度: 1.0
2025-08-07 20:59:53,651 - INFO - 投票结果: 选择路径 0, 答案: 6, 置信度: 0.4
2025-08-07 20:59:53,651 - INFO - 投票结果: 选择路径 1, 答案: 12, 置信度: 0.6
2025-08-07 20:59:53,652 - INFO - 投票结果: 选择路径 8, 答案: 492, 置信度: 0.2
2025-08-07 20:59:53,652 - INFO - 投票结果: 选择路径 0, 答案: 27, 置信度: 1.0
2025-08-07 20:59:53,653 - INFO - 投票结果: 选择路径 0, 答案: 360, 置信度: 1.0
2025-08-07 20:59:53,654 - INFO - 投票结果: 选择路径 1, 答案: 14, 置信度: 0.3
2025-08-07 20:59:53,654 - INFO - 投票结果: 选择路径 0, 答案: 694, 置信度: 1.0
2025-08-07 20:59:53,655 - INFO - 投票结果: 选择路径 0, 答案: 3, 置信度: 1.0
2025-08-07 20:59:53,656 - INFO - 投票结果: 选择路径 0, 答案: 360, 置信度: 1.0
2025-08-07 20:59:53,656 - INFO - 投票结果: 选择路径 2, 答案: 1300, 置信度: 0.2
2025-08-07 20:59:53,657 - INFO - 投票结果: 选择路径 0, 答案: 20, 置信度: 1.0
2025-08-07 20:59:53,658 - INFO - 投票结果: 选择路径 0, 答案: 3360, 置信度: 1.0
2025-08-07 20:59:53,658 - INFO - 投票结果: 选择路径 1, 答案: 39, 置信度: 0.5
2025-08-07 20:59:53,659 - INFO - 投票结果: 选择路径 0, 答案: 12, 置信度: 0.8
2025-08-07 20:59:53,660 - INFO - 投票结果: 选择路径 0, 答案: 215, 置信度: 1.0
2025-08-07 20:59:53,661 - INFO - 投票结果: 选择路径 0, 答案: 4, 置信度: 0.4
2025-08-07 20:59:53,661 - INFO - 投票结果: 选择路径 0, 答案: 9, 置信度: 1.0
2025-08-07 20:59:53,662 - INFO - 投票结果: 选择路径 0, 答案: 520, 置信度: 0.7
2025-08-07 20:59:53,663 - INFO - 投票结果: 选择路径 0, 答案: 62, 置信度: 0.9
2025-08-07 20:59:53,663 - INFO - 投票结果: 选择路径 2, 答案: 72, 置信度: 0.3
2025-08-07 20:59:53,664 - INFO - 投票结果: 选择路径 0, 答案: 120, 置信度: 0.9
2025-08-07 20:59:53,665 - INFO - 投票结果: 选择路径 0, 答案: 15, 置信度: 1.0
2025-08-07 20:59:53,665 - INFO - 投票结果: 选择路径 1, 答案: 185, 置信度: 0.5
2025-08-07 20:59:53,666 - INFO - 投票结果: 选择路径 2, 答案: 540.4, 置信度: 0.2
2025-08-07 20:59:53,667 - INFO - 投票结果: 选择路径 3, 答案: 2, 置信度: 0.2
2025-08-07 20:59:53,667 - INFO - 投票结果: 选择路径 0, 答案: 170, 置信度: 0.4
2025-08-07 20:59:53,668 - INFO - 投票结果: 选择路径 2, 答案: 202, 置信度: 0.6
2025-08-07 20:59:53,669 - INFO - 投票结果: 选择路径 1, 答案: 21, 置信度: 0.4
2025-08-07 20:59:53,669 - INFO - 投票结果: 选择路径 0, 答案: 10, 置信度: 0.9
2025-08-07 20:59:53,670 - INFO - 投票结果: 选择路径 0, 答案: 6, 置信度: 0.8
2025-08-07 20:59:53,671 - INFO - 投票结果: 选择路径 0, 答案: 43200, 置信度: 0.9
2025-08-07 20:59:53,672 - INFO - 投票结果: 选择路径 0, 答案: 10, 置信度: 1.0
2025-08-07 20:59:53,672 - INFO - 投票结果: 选择路径 0, 答案: 8, 置信度: 0.5
2025-08-07 20:59:53,673 - INFO - 投票结果: 选择路径 0, 答案: 36, 置信度: 0.3
2025-08-07 20:59:53,674 - INFO - 投票结果: 选择路径 2, 答案: 160, 置信度: 0.8
2025-08-07 20:59:53,674 - INFO - 投票结果: 选择路径 0, 答案: 40, 置信度: 1.0
2025-08-07 20:59:53,675 - INFO - 投票结果: 选择路径 1, 答案: 12, 置信度: 0.4
2025-08-07 20:59:53,676 - INFO - 投票结果: 选择路径 0, 答案: 36, 置信度: 0.5
2025-08-07 20:59:53,676 - INFO - 投票结果: 选择路径 0, 答案: 36, 置信度: 1.0
2025-08-07 20:59:53,677 - INFO - 投票结果: 选择路径 0, 答案: 9, 置信度: 1.0
2025-08-07 20:59:53,678 - INFO - 投票结果: 选择路径 0, 答案: 16, 置信度: 0.9
2025-08-07 20:59:53,679 - INFO - 投票结果: 选择路径 0, 答案: 60, 置信度: 1.0
2025-08-07 20:59:53,679 - INFO - 投票结果: 选择路径 0, 答案: 4, 置信度: 1.0
2025-08-07 20:59:53,680 - INFO - 投票结果: 选择路径 0, 答案: 3, 置信度: 1.0
2025-08-07 20:59:53,681 - INFO - 投票结果: 选择路径 0, 答案: 100, 置信度: 1.0
2025-08-07 20:59:53,681 - INFO - 投票结果: 选择路径 1, 答案: 2040, 置信度: 0.5
2025-08-07 20:59:53,682 - INFO - 投票结果: 选择路径 3, 答案: 20, 置信度: 0.5
2025-08-07 20:59:53,683 - INFO - 投票结果: 选择路径 0, 答案: 29, 置信度: 1.0
2025-08-07 20:59:53,683 - INFO - 投票结果: 选择路径 7, 答案: 26, 置信度: 0.3
2025-08-07 20:59:53,684 - INFO - 投票结果: 选择路径 0, 答案: 23, 置信度: 1.0
2025-08-07 20:59:53,685 - INFO - 投票结果: 选择路径 0, 答案: 12, 置信度: 0.3
2025-08-07 20:59:53,685 - INFO - 投票结果: 选择路径 0, 答案: 9, 置信度: 0.8
2025-08-07 20:59:53,686 - INFO - 投票结果: 选择路径 0, 答案: 156, 置信度: 0.7
2025-08-07 20:59:53,687 - INFO - 投票结果: 选择路径 5, 答案: 48, 置信度: 0.2
2025-08-07 20:59:53,687 - INFO - 投票结果: 选择路径 0, 答案: 10, 置信度: 1.0
2025-08-07 20:59:53,688 - INFO - 投票结果: 选择路径 1, 答案: 8, 置信度: 0.8
2025-08-07 20:59:53,689 - INFO - 投票结果: 选择路径 0, 答案: 32, 置信度: 1.0
2025-08-07 20:59:53,689 - INFO - 投票结果: 选择路径 1, 答案: 48, 置信度: 0.7
2025-08-07 20:59:53,690 - INFO - 投票结果: 选择路径 0, 答案: 500, 置信度: 1.0
2025-08-07 20:59:53,691 - INFO - 投票结果: 选择路径 0, 答案: 8, 置信度: 0.9
2025-08-07 20:59:53,691 - INFO - 投票结果: 选择路径 1, 答案: 6, 置信度: 0.7
2025-08-07 20:59:53,692 - INFO - 投票结果: 选择路径 0, 答案: -10, 置信度: 1.0
2025-08-07 20:59:53,693 - INFO - 投票结果: 选择路径 0, 答案: 5, 置信度: 1.0
2025-08-07 20:59:53,693 - INFO - 投票结果: 选择路径 0, 答案: 8, 置信度: 1.0
2025-08-07 20:59:53,694 - INFO - 投票结果: 选择路径 0, 答案: 34, 置信度: 1.0
2025-08-07 20:59:53,695 - INFO - 投票结果: 选择路径 0, 答案: 30, 置信度: 1.0
2025-08-07 20:59:53,695 - INFO - 投票结果: 选择路径 0, 答案: 1000, 置信度: 1.0
2025-08-07 20:59:53,696 - INFO - 投票结果: 选择路径 0, 答案: 6, 置信度: 0.7
2025-08-07 20:59:53,697 - INFO - 投票结果: 选择路径 0, 答案: 33, 置信度: 0.2
2025-08-07 20:59:53,697 - INFO - 投票结果: 选择路径 0, 答案: 1920, 置信度: 1.0
2025-08-07 20:59:53,698 - INFO - 投票结果: 选择路径 2, 答案: 2, 置信度: 0.3
2025-08-07 20:59:53,699 - INFO - 投票结果: 选择路径 0, 答案: 50, 置信度: 1.0
2025-08-07 20:59:53,699 - INFO - 投票结果: 选择路径 1, 答案: 4000, 置信度: 0.7
2025-08-07 20:59:53,700 - INFO - 投票结果: 选择路径 0, 答案: 5, 置信度: 1.0
2025-08-07 20:59:53,701 - INFO - 投票结果: 选择路径 0, 答案: 10, 置信度: 0.9
2025-08-07 20:59:53,701 - INFO - 投票结果: 选择路径 0, 答案: 7, 置信度: 1.0
2025-08-07 20:59:53,702 - INFO - 投票结果: 选择路径 0, 答案: 20, 置信度: 1.0
2025-08-07 20:59:53,703 - INFO - 投票结果: 选择路径 0, 答案: 43, 置信度: 0.7
2025-08-07 20:59:53,703 - INFO - 投票结果: 选择路径 0, 答案: 9, 置信度: 0.8
2025-08-07 20:59:53,704 - INFO - 投票结果: 选择路径 7, 答案: 1025000, 置信度: 0.2
2025-08-07 20:59:53,705 - INFO - 投票结果: 选择路径 0, 答案: 120, 置信度: 0.8
2025-08-07 20:59:53,705 - INFO - 投票结果: 选择路径 0, 答案: 11248, 置信度: 0.1
2025-08-07 20:59:53,706 - INFO - 投票结果: 选择路径 0, 答案: 4, 置信度: 0.5
2025-08-07 20:59:53,707 - INFO - 投票结果: 选择路径 0, 答案: 595, 置信度: 1.0
2025-08-07 20:59:53,707 - INFO - 投票结果: 选择路径 0, 答案: 110, 置信度: 1.0
2025-08-07 20:59:53,708 - INFO - 投票结果: 选择路径 0, 答案: 4800, 置信度: 1.0
2025-08-07 20:59:53,709 - INFO - 投票结果: 选择路径 0, 答案: 140, 置信度: 0.8
2025-08-07 20:59:53,709 - INFO - 投票结果: 选择路径 0, 答案: 34, 置信度: 0.9
2025-08-07 20:59:53,710 - INFO - 投票结果: 选择路径 0, 答案: 10, 置信度: 1.0
2025-08-07 20:59:53,711 - INFO - 投票结果: 选择路径 0, 答案: 2450, 置信度: 0.4
2025-08-07 20:59:53,711 - INFO - 投票结果: 选择路径 0, 答案: 30, 置信度: 1.0
2025-08-07 20:59:53,712 - INFO - 投票结果: 选择路径 0, 答案: 224000, 置信度: 0.8
2025-08-07 20:59:53,713 - INFO - 投票结果: 选择路径 0, 答案: 168, 置信度: 1.0
2025-08-07 20:59:53,713 - INFO - 投票结果: 选择路径 0, 答案: 120, 置信度: 1.0
2025-08-07 20:59:53,714 - INFO - 投票结果: 选择路径 2, 答案: 3, 置信度: 0.4
2025-08-07 20:59:53,715 - INFO - 投票结果: 选择路径 0, 答案: 20, 置信度: 1.0
2025-08-07 20:59:53,715 - INFO - 投票结果: 选择路径 0, 答案: 4, 置信度: 0.7
2025-08-07 20:59:53,716 - INFO - 投票结果: 选择路径 1, 答案: 7.50, 置信度: 0.4
2025-08-07 20:59:53,717 - INFO - 投票结果: 选择路径 0, 答案: 8, 置信度: 1.0
2025-08-07 20:59:53,717 - INFO - 投票结果: 选择路径 0, 答案: 308, 置信度: 1.0
2025-08-07 20:59:53,718 - INFO - 投票结果: 选择路径 0, 答案: 187, 置信度: 1.0
2025-08-07 20:59:53,719 - INFO - 投票结果: 选择路径 0, 答案: 123, 置信度: 1.0
2025-08-07 20:59:53,719 - INFO - 投票结果: 选择路径 0, 答案: 4, 置信度: 0.8
2025-08-07 20:59:53,720 - INFO - 投票结果: 选择路径 2, 答案: 100, 置信度: 0.3
2025-08-07 20:59:53,721 - INFO - 投票结果: 选择路径 1, 答案: 14000, 置信度: 0.9
2025-08-07 20:59:53,721 - INFO - 投票结果: 选择路径 0, 答案: 32, 置信度: 0.6
2025-08-07 20:59:53,722 - INFO - 投票结果: 选择路径 0, 答案: 7, 置信度: 1.0
2025-08-07 20:59:53,723 - INFO - 投票结果: 选择路径 0, 答案: 480, 置信度: 0.9
2025-08-07 20:59:53,723 - INFO - 投票结果: 选择路径 0, 答案: 2, 置信度: 1.0
2025-08-07 20:59:53,724 - INFO - 投票结果: 选择路径 0, 答案: 45, 置信度: 0.9
2025-08-07 20:59:53,725 - INFO - 投票结果: 选择路径 0, 答案: 31, 置信度: 0.6
2025-08-07 20:59:53,725 - INFO - 投票结果: 选择路径 1, 答案: 10, 置信度: 0.7
2025-08-07 20:59:53,726 - INFO - 投票结果: 选择路径 0, 答案: 18, 置信度: 1.0
2025-08-07 20:59:53,727 - INFO - 投票结果: 选择路径 7, 答案: 6, 置信度: 0.3
2025-08-07 20:59:53,727 - INFO - 投票结果: 选择路径 0, 答案: 93000, 置信度: 1.0
2025-08-07 20:59:53,728 - INFO - 投票结果: 选择路径 0, 答案: 10040, 置信度: 0.1
2025-08-07 20:59:53,729 - INFO - 投票结果: 选择路径 0, 答案: 150, 置信度: 1.0
2025-08-07 20:59:53,729 - INFO - 投票结果: 选择路径 0, 答案: 220, 置信度: 1.0
2025-08-07 20:59:53,730 - INFO - 投票结果: 选择路径 0, 答案: 12, 置信度: 0.9
2025-08-07 20:59:53,731 - INFO - 投票结果: 选择路径 0, 答案: 71, 置信度: 1.0
2025-08-07 20:59:53,731 - INFO - 投票结果: 选择路径 0, 答案: 8, 置信度: 1.0
2025-08-07 20:59:53,732 - INFO - 投票结果: 选择路径 2, 答案: 40, 置信度: 0.2
2025-08-07 20:59:53,733 - INFO - 投票结果: 选择路径 0, 答案: 53, 置信度: 0.9
2025-08-07 20:59:53,733 - INFO - 投票结果: 选择路径 0, 答案: 31800, 置信度: 1.0
2025-08-07 20:59:53,734 - INFO - 投票结果: 选择路径 0, 答案: 4, 置信度: 0.9
2025-08-07 20:59:53,735 - INFO - 投票结果: 选择路径 0, 答案: 12, 置信度: 1.0
2025-08-07 20:59:53,735 - INFO - 投票结果: 选择路径 0, 答案: 10, 置信度: 1.0
2025-08-07 20:59:53,736 - INFO - 投票结果: 选择路径 2, 答案: 2800, 置信度: 0.5
2025-08-07 20:59:53,737 - INFO - 投票结果: 选择路径 0, 答案: 18, 置信度: 1.0
2025-08-07 20:59:53,737 - INFO - 投票结果: 选择路径 0, 答案: 24, 置信度: 0.5
2025-08-07 20:59:53,738 - INFO - 投票结果: 选择路径 0, 答案: 139, 置信度: 0.8
2025-08-07 20:59:53,739 - INFO - 投票结果: 选择路径 0, 答案: 36, 置信度: 1.0
2025-08-07 20:59:53,739 - INFO - 投票结果: 选择路径 0, 答案: 6, 置信度: 0.8
2025-08-07 20:59:53,740 - INFO - 投票结果: 选择路径 0, 答案: 12, 置信度: 1.0
2025-08-07 20:59:53,740 - INFO - 投票结果: 选择路径 0, 答案: 78, 置信度: 1.0
2025-08-07 20:59:53,741 - INFO - 投票结果: 选择路径 0, 答案: 3, 置信度: 1.0
2025-08-07 20:59:53,742 - INFO - 投票结果: 选择路径 1, 答案: 225, 置信度: 0.2
2025-08-07 20:59:53,742 - INFO - 投票结果: 选择路径 0, 答案: 220, 置信度: 0.2
2025-08-07 20:59:53,743 - INFO - 投票结果: 选择路径 0, 答案: 90, 置信度: 1.0
2025-08-07 20:59:53,744 - INFO - 投票结果: 选择路径 2, 答案: 168.75, 置信度: 0.3
2025-08-07 20:59:53,744 - INFO - 投票结果: 选择路径 0, 答案: 3000, 置信度: 0.2
2025-08-07 20:59:53,745 - INFO - 投票结果: 选择路径 0, 答案: 15, 置信度: 0.4
2025-08-07 20:59:53,746 - INFO - 投票结果: 选择路径 0, 答案: 90, 置信度: 1.0
2025-08-07 20:59:53,746 - INFO - 投票结果: 选择路径 0, 答案: 42, 置信度: 0.9
2025-08-07 20:59:53,747 - INFO - 投票结果: 选择路径 0, 答案: 162, 置信度: 1.0
2025-08-07 20:59:53,748 - INFO - 投票结果: 选择路径 0, 答案: 9, 置信度: 0.9
2025-08-07 20:59:53,748 - INFO - 投票结果: 选择路径 1, 答案: 48, 置信度: 0.4
2025-08-07 20:59:53,749 - INFO - 投票结果: 选择路径 0, 答案: 82, 置信度: 0.6
2025-08-07 20:59:53,750 - INFO - 投票结果: 选择路径 0, 答案: 14000, 置信度: 1.0
2025-08-07 20:59:53,750 - INFO - 投票结果: 选择路径 0, 答案: 45, 置信度: 0.9
2025-08-07 20:59:53,751 - INFO - 投票结果: 选择路径 0, 答案: 420, 置信度: 0.7
2025-08-07 20:59:53,752 - INFO - 投票结果: 选择路径 0, 答案: 15, 置信度: 0.7
2025-08-07 20:59:53,752 - INFO - 投票结果: 选择路径 0, 答案: 30, 置信度: 1.0
2025-08-07 20:59:53,753 - INFO - 投票结果: 选择路径 0, 答案: 280, 置信度: 1.0
2025-08-07 20:59:53,754 - INFO - 投票结果: 选择路径 2, 答案: 5, 置信度: 0.8
2025-08-07 20:59:53,754 - INFO - 投票结果: 选择路径 0, 答案: 135, 置信度: 1.0
2025-08-07 20:59:53,755 - INFO - 投票结果: 选择路径 0, 答案: 67, 置信度: 1.0
2025-08-07 20:59:53,756 - INFO - 投票结果: 选择路径 0, 答案: 1260, 置信度: 1.0
2025-08-07 20:59:53,756 - INFO - 投票结果: 选择路径 0, 答案: 80, 置信度: 1.0
2025-08-07 20:59:53,757 - INFO - 投票结果: 选择路径 2, 答案: 1080, 置信度: 0.3
2025-08-07 20:59:53,758 - INFO - 投票结果: 选择路径 0, 答案: 15, 置信度: 1.0
2025-08-07 20:59:53,758 - INFO - 投票结果: 选择路径 0, 答案: 12, 置信度: 0.8
2025-08-07 20:59:53,759 - INFO - 投票结果: 选择路径 0, 答案: 15, 置信度: 1.0
2025-08-07 20:59:53,760 - INFO - 投票结果: 选择路径 0, 答案: 221, 置信度: 1.0
2025-08-07 20:59:53,760 - INFO - 投票结果: 选择路径 0, 答案: 5, 置信度: 1.0
2025-08-07 20:59:53,761 - INFO - 投票结果: 选择路径 1, 答案: 11, 置信度: 0.7
2025-08-07 20:59:53,761 - INFO - 投票结果: 选择路径 4, 答案: 12000, 置信度: 0.5
2025-08-07 20:59:53,762 - INFO - 投票结果: 选择路径 0, 答案: 3000, 置信度: 0.9
2025-08-07 20:59:53,763 - INFO - 投票结果: 选择路径 0, 答案: 60, 置信度: 1.0
2025-08-07 20:59:53,763 - INFO - 投票结果: 选择路径 1, 答案: 826, 置信度: 0.4
2025-08-07 20:59:53,764 - INFO - 投票结果: 选择路径 0, 答案: 20, 置信度: 0.6
2025-08-07 20:59:53,765 - INFO - 投票结果: 选择路径 0, 答案: 6, 置信度: 0.8
2025-08-07 20:59:53,765 - INFO - 投票结果: 选择路径 0, 答案: 6, 置信度: 0.4
2025-08-07 20:59:53,766 - INFO - 投票结果: 选择路径 0, 答案: 480, 置信度: 1.0
2025-08-07 20:59:53,767 - INFO - 投票结果: 选择路径 0, 答案: 14400, 置信度: 0.6
2025-08-07 20:59:53,767 - INFO - 投票结果: 选择路径 0, 答案: 3, 置信度: 0.8
2025-08-07 20:59:53,768 - INFO - 投票结果: 选择路径 0, 答案: 250, 置信度: 1.0
2025-08-07 20:59:53,769 - INFO - 投票结果: 选择路径 0, 答案: 168, 置信度: 1.0
2025-08-07 20:59:53,769 - INFO - 投票结果: 选择路径 5, 答案: 64800, 置信度: 0.4
2025-08-07 20:59:53,770 - INFO - 投票结果: 选择路径 0, 答案: 120, 置信度: 0.9
2025-08-07 20:59:53,771 - INFO - 投票结果: 选择路径 0, 答案: 270, 置信度: 1.0
2025-08-07 20:59:53,771 - INFO - 投票结果: 选择路径 0, 答案: 26, 置信度: 1.0
2025-08-07 20:59:53,772 - INFO - 投票结果: 选择路径 1, 答案: 20, 置信度: 0.7
2025-08-07 20:59:53,773 - INFO - 投票结果: 选择路径 0, 答案: 45, 置信度: 0.5
2025-08-07 20:59:53,773 - INFO - 投票结果: 选择路径 0, 答案: 101, 置信度: 1.0
2025-08-07 20:59:53,774 - INFO - 投票结果: 选择路径 1, 答案: 230, 置信度: 0.3
2025-08-07 20:59:53,775 - INFO - 投票结果: 选择路径 0, 答案: 85, 置信度: 1.0
2025-08-07 20:59:53,775 - INFO - 投票结果: 选择路径 0, 答案: 3, 置信度: 0.3
2025-08-07 20:59:53,776 - INFO - 投票结果: 选择路径 1, 答案: 2300, 置信度: 0.5
2025-08-07 20:59:53,777 - INFO - 投票结果: 选择路径 0, 答案: 300, 置信度: 1.0
2025-08-07 20:59:53,777 - INFO - 投票结果: 选择路径 0, 答案: 31, 置信度: 1.0
2025-08-07 20:59:53,778 - INFO - 投票结果: 选择路径 0, 答案: 12, 置信度: 1.0
2025-08-07 20:59:53,779 - INFO - 投票结果: 选择路径 0, 答案: 2:00p, 置信度: 0.8
2025-08-07 20:59:53,779 - INFO - 投票结果: 选择路径 0, 答案: 3, 置信度: 0.9
2025-08-07 20:59:53,780 - INFO - 投票结果: 选择路径 0, 答案: 10, 置信度: 0.4
2025-08-07 20:59:53,781 - INFO - 投票结果: 选择路径 0, 答案: 45, 置信度: 1.0
2025-08-07 20:59:53,781 - INFO - 投票结果: 选择路径 0, 答案: 200, 置信度: 1.0
2025-08-07 20:59:53,782 - INFO - 投票结果: 选择路径 0, 答案: 55, 置信度: 0.5
2025-08-07 20:59:53,783 - INFO - 投票结果: 选择路径 0, 答案: 10, 置信度: 0.9
2025-08-07 20:59:53,783 - INFO - 投票结果: 选择路径 0, 答案: 98, 置信度: 0.9
2025-08-07 20:59:53,784 - INFO - 投票结果: 选择路径 2, 答案: 2, 置信度: 0.4
2025-08-07 20:59:53,785 - INFO - 投票结果: 选择路径 1, 答案: 45, 置信度: 0.5
2025-08-07 20:59:53,785 - INFO - 投票结果: 选择路径 0, 答案: 6, 置信度: 0.4
2025-08-07 20:59:53,786 - INFO - 投票结果: 选择路径 0, 答案: 8, 置信度: 0.4
2025-08-07 20:59:53,787 - INFO - 投票结果: 选择路径 6, 答案: 15, 置信度: 0.2
2025-08-07 20:59:53,788 - INFO - 投票结果: 选择路径 0, 答案: 70, 置信度: 1.0
2025-08-07 20:59:53,789 - INFO - 投票结果: 选择路径 0, 答案: 294, 置信度: 1.0
2025-08-07 20:59:53,790 - INFO - 投票结果: 选择路径 0, 答案: 42, 置信度: 0.4
2025-08-07 20:59:53,791 - INFO - 投票结果: 选择路径 0, 答案: 13, 置信度: 1.0
2025-08-07 20:59:53,792 - INFO - 投票结果: 选择路径 1, 答案: 195, 置信度: 0.9
2025-08-07 20:59:53,793 - INFO - 投票结果: 选择路径 0, 答案: 7, 置信度: 1.0
2025-08-07 20:59:53,794 - INFO - 投票结果: 选择路径 0, 答案: 1875, 置信度: 1.0
2025-08-07 20:59:53,795 - INFO - 投票结果: 选择路径 0, 答案: 385000, 置信度: 1.0
2025-08-07 20:59:53,795 - INFO - 投票结果: 选择路径 0, 答案: 85, 置信度: 1.0
2025-08-07 20:59:53,796 - INFO - 投票结果: 选择路径 0, 答案: 27, 置信度: 1.0
2025-08-07 20:59:53,797 - INFO - 投票结果: 选择路径 0, 答案: 159, 置信度: 1.0
2025-08-07 20:59:53,797 - INFO - 投票结果: 选择路径 0, 答案: 25, 置信度: 1.0
2025-08-07 20:59:53,798 - INFO - 投票结果: 选择路径 0, 答案: 720, 置信度: 1.0
2025-08-07 20:59:53,799 - INFO - 投票结果: 选择路径 0, 答案: 549, 置信度: 0.6
2025-08-07 20:59:53,800 - INFO - 投票结果: 选择路径 0, 答案: 7, 置信度: 1.0
2025-08-07 20:59:53,800 - INFO - 投票结果: 选择路径 0, 答案: 25, 置信度: 0.9
2025-08-07 20:59:53,801 - INFO - 投票结果: 选择路径 0, 答案: 90, 置信度: 0.4
2025-08-07 20:59:53,802 - INFO - 投票结果: 选择路径 0, 答案: 2, 置信度: 0.9
2025-08-07 20:59:53,803 - INFO - 投票结果: 选择路径 0, 答案: 22, 置信度: 0.6
2025-08-07 20:59:53,803 - INFO - 投票结果: 选择路径 1, 答案: 40, 置信度: 0.8
2025-08-07 20:59:53,804 - INFO - 投票结果: 选择路径 0, 答案: 1950, 置信度: 0.5
2025-08-07 20:59:53,805 - INFO - 投票结果: 选择路径 0, 答案: 216, 置信度: 0.2
2025-08-07 20:59:53,806 - INFO - 投票结果: 选择路径 0, 答案: 10, 置信度: 1.0
2025-08-07 20:59:53,806 - INFO - 投票结果: 选择路径 0, 答案: 27, 置信度: 0.7
2025-08-07 20:59:53,807 - INFO - 投票结果: 选择路径 0, 答案: 17, 置信度: 0.8
2025-08-07 20:59:53,808 - INFO - 投票结果: 选择路径 0, 答案: 50, 置信度: 0.5
2025-08-07 20:59:53,808 - INFO - 投票结果: 选择路径 0, 答案: 96, 置信度: 0.6
2025-08-07 20:59:53,809 - INFO - 投票结果: 选择路径 0, 答案: 280, 置信度: 0.8
2025-08-07 20:59:53,810 - INFO - 投票结果: 选择路径 2, 答案: 60, 置信度: 0.3
2025-08-07 20:59:53,810 - INFO - 投票结果: 选择路径 0, 答案: 142, 置信度: 1.0
2025-08-07 20:59:53,811 - INFO - 投票结果: 选择路径 1, 答案: 5, 置信度: 0.8
2025-08-07 20:59:53,812 - INFO - 投票结果: 选择路径 0, 答案: 95, 置信度: 1.0
2025-08-07 20:59:53,813 - INFO - 投票结果: 选择路径 0, 答案: 175, 置信度: 1.0
2025-08-07 20:59:53,813 - INFO - 投票结果: 选择路径 2, 答案: 20, 置信度: 0.6
2025-08-07 20:59:53,814 - INFO - 投票结果: 选择路径 0, 答案: 15, 置信度: 1.0
2025-08-07 20:59:53,815 - INFO - 投票结果: 选择路径 0, 答案: 330, 置信度: 0.5
2025-08-07 20:59:53,815 - INFO - 投票结果: 选择路径 0, 答案: 11, 置信度: 0.4
2025-08-07 20:59:53,816 - INFO - 投票结果: 选择路径 0, 答案: 2, 置信度: 1.0
2025-08-07 20:59:53,817 - INFO - 投票结果: 选择路径 2, 答案: 120, 置信度: 0.3
2025-08-07 20:59:53,818 - INFO - 投票结果: 选择路径 0, 答案: 70, 置信度: 1.0
2025-08-07 20:59:53,818 - INFO - 投票结果: 选择路径 0, 答案: 17000, 置信度: 1.0
2025-08-07 20:59:53,819 - INFO - 投票结果: 选择路径 0, 答案: 57, 置信度: 1.0
2025-08-07 20:59:53,820 - INFO - 投票结果: 选择路径 1, 答案: 1260, 置信度: 0.7
2025-08-07 20:59:53,820 - INFO - 投票结果: 选择路径 0, 答案: 4500, 置信度: 1.0
2025-08-07 20:59:53,821 - INFO - 投票结果: 选择路径 0, 答案: 2, 置信度: 0.5
2025-08-07 20:59:53,822 - INFO - 投票结果: 选择路径 0, 答案: 360, 置信度: 1.0
2025-08-07 20:59:53,822 - INFO - 投票结果: 选择路径 0, 答案: 50, 置信度: 0.7
2025-08-07 20:59:53,823 - INFO - 投票结果: 选择路径 1, 答案: 5700, 置信度: 0.4
2025-08-07 20:59:53,824 - INFO - 投票结果: 选择路径 0, 答案: 2, 置信度: 0.8
2025-08-07 20:59:53,824 - INFO - 投票结果: 选择路径 0, 答案: 7.17, 置信度: 0.5
2025-08-07 20:59:53,825 - INFO - 投票结果: 选择路径 0, 答案: 5760, 置信度: 1.0
2025-08-07 20:59:53,826 - INFO - 投票结果: 选择路径 0, 答案: 35, 置信度: 0.8
2025-08-07 20:59:53,826 - INFO - 投票结果: 选择路径 0, 答案: 27, 置信度: 0.3
2025-08-07 20:59:53,827 - INFO - 投票结果: 选择路径 0, 答案: 7, 置信度: 1.0
2025-08-07 20:59:53,828 - INFO - 投票结果: 选择路径 0, 答案: 3, 置信度: 1.0
2025-08-07 20:59:53,829 - INFO - 投票结果: 选择路径 0, 答案: 147, 置信度: 0.7
2025-08-07 20:59:53,830 - INFO - 投票结果: 选择路径 1, 答案: 280, 置信度: 0.7
2025-08-07 20:59:53,830 - INFO - 投票结果: 选择路径 2, 答案: 16, 置信度: 0.7
2025-08-07 20:59:53,831 - INFO - 投票结果: 选择路径 0, 答案: 10, 置信度: 1.0
2025-08-07 20:59:53,832 - INFO - 投票结果: 选择路径 0, 答案: 101, 置信度: 1.0
2025-08-07 20:59:53,832 - INFO - 投票结果: 选择路径 0, 答案: 12, 置信度: 0.7
2025-08-07 20:59:53,833 - INFO - 投票结果: 选择路径 0, 答案: 78, 置信度: 1.0
2025-08-07 20:59:53,834 - INFO - 投票结果: 选择路径 0, 答案: 16, 置信度: 1.0
2025-08-07 20:59:53,834 - INFO - 投票结果: 选择路径 2, 答案: 8, 置信度: 0.6
2025-08-07 20:59:53,835 - INFO - 投票结果: 选择路径 0, 答案: 20, 置信度: 0.6
2025-08-07 20:59:53,836 - INFO - 投票结果: 选择路径 0, 答案: 280, 置信度: 0.7
2025-08-07 20:59:53,836 - INFO - 投票结果: 选择路径 4, 答案: 1.96875, 置信度: 0.3
2025-08-07 20:59:53,837 - INFO - 投票结果: 选择路径 1, 答案: 105, 置信度: 0.8
2025-08-07 20:59:53,838 - INFO - 投票结果: 选择路径 3, 答案: 58, 置信度: 0.5
2025-08-07 20:59:53,838 - INFO - 投票结果: 选择路径 0, 答案: 6, 置信度: 1.0
2025-08-07 20:59:53,839 - INFO - 投票结果: 选择路径 1, 答案: 120, 置信度: 0.5
2025-08-07 20:59:53,840 - INFO - 投票结果: 选择路径 0, 答案: 770, 置信度: 1.0
2025-08-07 20:59:53,840 - INFO - 投票结果: 选择路径 0, 答案: 28, 置信度: 1.0
2025-08-07 20:59:53,841 - INFO - 投票结果: 选择路径 1, 答案: 25, 置信度: 0.4
2025-08-07 20:59:53,842 - INFO - 投票结果: 选择路径 1, 答案: 1630, 置信度: 0.9
2025-08-07 20:59:53,842 - INFO - 投票结果: 选择路径 0, 答案: 55, 置信度: 0.7
2025-08-07 20:59:53,843 - INFO - 投票结果: 选择路径 0, 答案: 40, 置信度: 0.8
2025-08-07 20:59:53,844 - INFO - 投票结果: 选择路径 0, 答案: 11, 置信度: 1.0
2025-08-07 20:59:53,844 - INFO - 投票结果: 选择路径 0, 答案: 3, 置信度: 1.0
2025-08-07 20:59:53,845 - INFO - 投票结果: 选择路径 1, 答案: 20, 置信度: 0.8
2025-08-07 20:59:53,845 - INFO - 投票结果: 选择路径 0, 答案: 15, 置信度: 0.9
2025-08-07 20:59:53,846 - INFO - 投票结果: 选择路径 2, 答案: 3, 置信度: 0.4
2025-08-07 20:59:53,847 - INFO - 投票结果: 选择路径 0, 答案: 70, 置信度: 1.0
2025-08-07 20:59:53,847 - INFO - 投票结果: 选择路径 0, 答案: 63, 置信度: 0.9
2025-08-07 20:59:53,848 - INFO - 投票结果: 选择路径 0, 答案: 14, 置信度: 0.8
2025-08-07 20:59:53,849 - INFO - 投票结果: 选择路径 0, 答案: 11, 置信度: 1.0
2025-08-07 20:59:53,849 - INFO - 投票结果: 选择路径 0, 答案: 153, 置信度: 0.7
2025-08-07 20:59:53,850 - INFO - 投票结果: 选择路径 0, 答案: 15, 置信度: 1.0
2025-08-07 20:59:53,851 - INFO - 投票结果: 选择路径 0, 答案: 115, 置信度: 0.2
2025-08-07 20:59:53,852 - INFO - 投票结果: 选择路径 0, 答案: 155, 置信度: 0.4
2025-08-07 20:59:53,852 - INFO - 投票结果: 选择路径 0, 答案: 600, 置信度: 0.9
2025-08-07 20:59:53,853 - INFO - 投票结果: 选择路径 0, 答案: 20, 置信度: 0.9
2025-08-07 20:59:53,854 - INFO - 投票结果: 选择路径 0, 答案: 12, 置信度: 1.0
2025-08-07 20:59:53,855 - INFO - 投票结果: 选择路径 0, 答案: 87, 置信度: 1.0
2025-08-07 20:59:53,855 - INFO - 投票结果: 选择路径 1, 答案: 54, 置信度: 0.6
2025-08-07 20:59:53,856 - INFO - 投票结果: 选择路径 0, 答案: 10, 置信度: 0.9
2025-08-07 20:59:53,856 - INFO - 投票结果: 选择路径 0, 答案: 18, 置信度: 1.0
2025-08-07 20:59:53,857 - INFO - 投票结果: 选择路径 0, 答案: 230, 置信度: 1.0
2025-08-07 20:59:53,858 - INFO - 投票结果: 选择路径 0, 答案: 5, 置信度: 0.4
2025-08-07 20:59:53,858 - INFO - 投票结果: 选择路径 0, 答案: 1198, 置信度: 0.7
2025-08-07 20:59:53,859 - INFO - 投票结果: 选择路径 0, 答案: 2325, 置信度: 0.8
2025-08-07 20:59:53,860 - INFO - 投票结果: 选择路径 0, 答案: 80, 置信度: 1.0
2025-08-07 20:59:53,860 - INFO - 投票结果: 选择路径 0, 答案: 880, 置信度: 1.0
2025-08-07 20:59:53,861 - INFO - 投票结果: 选择路径 0, 答案: 5, 置信度: 0.8
2025-08-07 20:59:53,862 - INFO - 投票结果: 选择路径 0, 答案: 45, 置信度: 1.0
2025-08-07 20:59:53,862 - INFO - 投票结果: 选择路径 0, 答案: 75, 置信度: 1.0
2025-08-07 20:59:53,863 - INFO - 投票结果: 选择路径 2, 答案: 4, 置信度: 0.6
2025-08-07 20:59:53,864 - INFO - 投票结果: 选择路径 0, 答案: 350, 置信度: 1.0
2025-08-07 20:59:53,864 - INFO - 投票结果: 选择路径 0, 答案: 200, 置信度: 1.0
2025-08-07 20:59:53,865 - INFO - 投票结果: 选择路径 0, 答案: 1000, 置信度: 0.9
2025-08-07 20:59:53,866 - INFO - 投票结果: 选择路径 0, 答案: 21, 置信度: 1.0
2025-08-07 20:59:53,866 - INFO - 投票结果: 选择路径 0, 答案: 19, 置信度: 1.0
2025-08-07 20:59:53,867 - INFO - 投票结果: 选择路径 0, 答案: 13, 置信度: 1.0
2025-08-07 20:59:53,868 - INFO - 投票结果: 选择路径 0, 答案: 10, 置信度: 0.7
2025-08-07 20:59:53,868 - INFO - 投票结果: 选择路径 0, 答案: 440, 置信度: 1.0
2025-08-07 20:59:53,869 - INFO - 投票结果: 选择路径 0, 答案: 48, 置信度: 1.0
2025-08-07 20:59:53,870 - INFO - 投票结果: 选择路径 2, 答案: 39, 置信度: 0.4
2025-08-07 20:59:53,870 - INFO - 投票结果: 选择路径 5, 答案: 32, 置信度: 0.4
2025-08-07 20:59:53,871 - INFO - 投票结果: 选择路径 0, 答案: 22, 置信度: 1.0
2025-08-07 20:59:53,872 - INFO - 投票结果: 选择路径 0, 答案: 57500, 置信度: 1.0
2025-08-07 20:59:53,872 - INFO - 投票结果: 选择路径 0, 答案: 35, 置信度: 1.0
2025-08-07 20:59:53,873 - INFO - 投票结果: 选择路径 0, 答案: 26, 置信度: 1.0
2025-08-07 20:59:53,874 - INFO - 投票结果: 选择路径 3, 答案: 19, 置信度: 0.3
2025-08-07 20:59:53,874 - INFO - 投票结果: 选择路径 0, 答案: 27000, 置信度: 0.8
2025-08-07 20:59:53,875 - INFO - 投票结果: 选择路径 0, 答案: 157, 置信度: 1.0
2025-08-07 20:59:53,876 - INFO - 投票结果: 选择路径 0, 答案: 14, 置信度: 1.0
2025-08-07 20:59:53,876 - INFO - 投票结果: 选择路径 0, 答案: 26, 置信度: 0.9
2025-08-07 20:59:53,877 - INFO - 投票结果: 选择路径 8, 答案: 1062.9366, 置信度: 0.2
2025-08-07 20:59:53,878 - INFO - 投票结果: 选择路径 0, 答案: 12, 置信度: 1.0
2025-08-07 20:59:53,878 - INFO - 投票结果: 选择路径 4, 答案: 10, 置信度: 0.3
2025-08-07 20:59:53,879 - INFO - 投票结果: 选择路径 0, 答案: 366, 置信度: 1.0
2025-08-07 20:59:53,880 - INFO - 投票结果: 选择路径 0, 答案: 195, 置信度: 0.8
2025-08-07 20:59:53,880 - INFO - 投票结果: 选择路径 0, 答案: 90, 置信度: 1.0
2025-08-07 20:59:53,881 - INFO - 投票结果: 选择路径 2, 答案: 10, 置信度: 0.7
2025-08-07 20:59:53,881 - INFO - 投票结果: 选择路径 0, 答案: 400, 置信度: 0.9
2025-08-07 20:59:53,882 - INFO - 投票结果: 选择路径 0, 答案: 6, 置信度: 0.7
2025-08-07 20:59:53,883 - INFO - 投票结果: 选择路径 0, 答案: 17, 置信度: 1.0
2025-08-07 20:59:53,884 - INFO - 投票结果: 选择路径 0, 答案: 80, 置信度: 0.7
2025-08-07 20:59:53,884 - INFO - 投票结果: 选择路径 0, 答案: 11, 置信度: 0.3
2025-08-07 20:59:53,885 - INFO - 投票结果: 选择路径 0, 答案: 44, 置信度: 1.0
2025-08-07 20:59:53,885 - INFO - 投票结果: 选择路径 0, 答案: 48, 置信度: 0.5
2025-08-07 20:59:53,886 - INFO - 投票结果: 选择路径 0, 答案: 27, 置信度: 1.0
2025-08-07 20:59:53,887 - INFO - 投票结果: 选择路径 0, 答案: 120, 置信度: 0.9
2025-08-07 20:59:53,887 - INFO - 投票结果: 选择路径 0, 答案: 12, 置信度: 1.0
2025-08-07 20:59:53,888 - INFO - 投票结果: 选择路径 0, 答案: 5, 置信度: 1.0
2025-08-07 20:59:53,889 - INFO - 投票结果: 选择路径 0, 答案: 36, 置信度: 0.9
2025-08-07 20:59:53,889 - INFO - 投票结果: 选择路径 0, 答案: 9, 置信度: 1.0
2025-08-07 20:59:53,890 - INFO - 投票结果: 选择路径 0, 答案: 2, 置信度: 1.0
2025-08-07 20:59:53,891 - INFO - 投票结果: 选择路径 0, 答案: 26, 置信度: 0.2
2025-08-07 20:59:53,891 - INFO - 投票结果: 选择路径 0, 答案: 70, 置信度: 1.0
2025-08-07 20:59:53,892 - INFO - 投票结果: 选择路径 0, 答案: 3160, 置信度: 0.6
2025-08-07 20:59:53,893 - INFO - 投票结果: 选择路径 0, 答案: 3200, 置信度: 1.0
2025-08-07 20:59:53,893 - INFO - 投票结果: 选择路径 0, 答案: 142, 置信度: 0.7
2025-08-07 20:59:53,894 - INFO - 投票结果: 选择路径 0, 答案: 90, 置信度: 1.0
2025-08-07 20:59:53,895 - INFO - 投票结果: 选择路径 0, 答案: 200, 置信度: 0.9
2025-08-07 20:59:53,895 - INFO - 投票结果: 选择路径 1, 答案: 330000, 置信度: 0.7
2025-08-07 20:59:53,896 - INFO - 投票结果: 选择路径 0, 答案: 9, 置信度: 1.0
2025-08-07 20:59:53,897 - INFO - 投票结果: 选择路径 0, 答案: 10, 置信度: 1.0
2025-08-07 20:59:53,897 - INFO - 投票结果: 选择路径 1, 答案: 40, 置信度: 0.5
2025-08-07 20:59:53,898 - INFO - 投票结果: 选择路径 0, 答案: 700, 置信度: 1.0
2025-08-07 20:59:53,899 - INFO - 投票结果: 选择路径 0, 答案: 12, 置信度: 1.0
2025-08-07 20:59:53,899 - INFO - 投票结果: 选择路径 2, 答案: 3, 置信度: 0.8
2025-08-07 20:59:53,900 - INFO - 投票结果: 选择路径 0, 答案: 320, 置信度: 1.0
2025-08-07 20:59:53,901 - INFO - 投票结果: 选择路径 0, 答案: 59, 置信度: 0.3
2025-08-07 20:59:53,901 - INFO - 投票结果: 选择路径 3, 答案: 50, 置信度: 0.7
2025-08-07 20:59:53,902 - INFO - 投票结果: 选择路径 0, 答案: 50, 置信度: 1.0
2025-08-07 20:59:53,903 - INFO - 投票结果: 选择路径 0, 答案: 1950, 置信度: 0.7
2025-08-07 20:59:53,903 - INFO - 投票结果: 选择路径 0, 答案: 12, 置信度: 0.5
2025-08-07 20:59:53,904 - INFO - 投票结果: 选择路径 0, 答案: 2640, 置信度: 1.0
2025-08-07 20:59:53,905 - INFO - 投票结果: 选择路径 0, 答案: 98, 置信度: 1.0
2025-08-07 20:59:53,905 - INFO - 投票结果: 选择路径 0, 答案: 19, 置信度: 0.9
2025-08-07 20:59:53,906 - INFO - 投票结果: 选择路径 0, 答案: 21, 置信度: 1.0
2025-08-07 20:59:53,907 - INFO - 投票结果: 选择路径 0, 答案: 5, 置信度: 0.9
2025-08-07 20:59:53,907 - INFO - 投票结果: 选择路径 0, 答案: 30, 置信度: 1.0
2025-08-07 20:59:53,908 - INFO - 投票结果: 选择路径 0, 答案: 34, 置信度: 0.7
2025-08-07 20:59:53,909 - INFO - 投票结果: 选择路径 0, 答案: 48, 置信度: 0.7
2025-08-07 20:59:53,909 - INFO - 投票结果: 选择路径 0, 答案: 7, 置信度: 1.0
2025-08-07 20:59:53,910 - INFO - 投票结果: 选择路径 0, 答案: 50, 置信度: 1.0
2025-08-07 20:59:53,911 - INFO - 投票结果: 选择路径 0, 答案: 25, 置信度: 1.0
2025-08-07 20:59:53,911 - INFO - 投票结果: 选择路径 0, 答案: 500, 置信度: 1.0
2025-08-07 20:59:53,912 - INFO - 投票结果: 选择路径 0, 答案: 300, 置信度: 1.0
2025-08-07 20:59:53,913 - INFO - 投票结果: 选择路径 0, 答案: 842, 置信度: 1.0
2025-08-07 20:59:53,913 - INFO - 投票结果: 选择路径 0, 答案: 600, 置信度: 0.7
2025-08-07 20:59:53,914 - INFO - 投票结果: 选择路径 0, 答案: 140, 置信度: 0.4
2025-08-07 20:59:53,915 - INFO - 投票结果: 选择路径 0, 答案: 32, 置信度: 0.9
2025-08-07 20:59:53,915 - INFO - 投票结果: 选择路径 0, 答案: 15, 置信度: 0.8
2025-08-07 20:59:53,916 - INFO - 投票结果: 选择路径 0, 答案: 243, 置信度: 1.0
2025-08-07 20:59:53,916 - INFO - 投票结果: 选择路径 0, 答案: 60, 置信度: 0.6
2025-08-07 20:59:53,917 - INFO - 投票结果: 选择路径 0, 答案: 1218, 置信度: 1.0
2025-08-07 20:59:53,918 - INFO - 投票结果: 选择路径 0, 答案: 16, 置信度: 0.6
2025-08-07 20:59:53,919 - INFO - 投票结果: 选择路径 1, 答案: 40, 置信度: 0.9
2025-08-07 20:59:53,919 - INFO - 投票结果: 选择路径 0, 答案: 1210, 置信度: 1.0
2025-08-07 20:59:53,920 - INFO - 投票结果: 选择路径 1, 答案: 50, 置信度: 0.6
2025-08-07 20:59:53,921 - INFO - 投票结果: 选择路径 0, 答案: 12, 置信度: 1.0
2025-08-07 20:59:53,921 - INFO - 投票结果: 选择路径 0, 答案: 3528, 置信度: 1.0
2025-08-07 20:59:53,922 - INFO - 投票结果: 选择路径 0, 答案: 150, 置信度: 0.5
2025-08-07 20:59:53,923 - INFO - 投票结果: 选择路径 0, 答案: 1050, 置信度: 1.0
2025-08-07 20:59:53,923 - INFO - 投票结果: 选择路径 0, 答案: 2304, 置信度: 1.0
2025-08-07 20:59:53,924 - INFO - 投票结果: 选择路径 3, 答案: 115, 置信度: 0.4
2025-08-07 20:59:53,925 - INFO - 投票结果: 选择路径 0, 答案: 10000, 置信度: 0.6
2025-08-07 20:59:53,925 - INFO - 投票结果: 选择路径 0, 答案: 410, 置信度: 0.9
2025-08-07 20:59:53,926 - INFO - 投票结果: 选择路径 0, 答案: 32, 置信度: 1.0
2025-08-07 20:59:53,927 - INFO - 投票结果: 选择路径 0, 答案: 120, 置信度: 0.7
2025-08-07 20:59:53,927 - INFO - 投票结果: 选择路径 0, 答案: 29, 置信度: 0.9
2025-08-07 20:59:53,928 - INFO - 投票结果: 选择路径 0, 答案: 200, 置信度: 0.5
2025-08-07 20:59:53,929 - INFO - 投票结果: 选择路径 0, 答案: 80, 置信度: 0.8
2025-08-07 20:59:53,929 - INFO - 投票结果: 选择路径 0, 答案: 200, 置信度: 0.8
2025-08-07 20:59:53,930 - INFO - 投票结果: 选择路径 0, 答案: 2, 置信度: 1.0
2025-08-07 20:59:53,931 - INFO - 投票结果: 选择路径 0, 答案: 9, 置信度: 1.0
2025-08-07 20:59:53,932 - INFO - 投票结果: 选择路径 0, 答案: 100, 置信度: 1.0
2025-08-07 20:59:53,932 - INFO - 投票结果: 选择路径 0, 答案: 40, 置信度: 0.9
2025-08-07 20:59:53,933 - INFO - 投票结果: 选择路径 1, 答案: 50, 置信度: 0.5
2025-08-07 20:59:53,934 - INFO - 投票结果: 选择路径 0, 答案: 5600, 置信度: 0.9
2025-08-07 20:59:53,934 - INFO - 投票结果: 选择路径 0, 答案: 5, 置信度: 0.9
2025-08-07 20:59:53,935 - INFO - 投票结果: 选择路径 0, 答案: 600, 置信度: 1.0
2025-08-07 20:59:53,936 - INFO - 投票结果: 选择路径 0, 答案: 6, 置信度: 1.0
2025-08-07 20:59:53,936 - INFO - 投票结果: 选择路径 0, 答案: 1, 置信度: 1.0
2025-08-07 20:59:53,937 - INFO - 投票结果: 选择路径 1, 答案: 360, 置信度: 0.7
2025-08-07 20:59:53,938 - INFO - 投票结果: 选择路径 0, 答案: 45, 置信度: 1.0
2025-08-07 20:59:53,938 - INFO - 投票结果: 选择路径 0, 答案: 310, 置信度: 1.0
2025-08-07 20:59:53,939 - INFO - 投票结果: 选择路径 0, 答案: 6, 置信度: 0.7
2025-08-07 20:59:53,940 - INFO - 投票结果: 选择路径 0, 答案: 30, 置信度: 1.0
2025-08-07 20:59:53,940 - INFO - 投票结果: 选择路径 0, 答案: 220, 置信度: 1.0
2025-08-07 20:59:53,941 - INFO - 投票结果: 选择路径 0, 答案: 310, 置信度: 1.0
2025-08-07 20:59:53,942 - INFO - 投票结果: 选择路径 0, 答案: 250, 置信度: 0.9
2025-08-07 20:59:53,942 - INFO - 投票结果: 选择路径 0, 答案: 118000, 置信度: 0.7
2025-08-07 20:59:53,943 - INFO - 投票结果: 选择路径 0, 答案: 160, 置信度: 1.0
2025-08-07 20:59:53,944 - INFO - 投票结果: 选择路径 0, 答案: 4, 置信度: 0.9
2025-08-07 20:59:53,944 - INFO - 投票结果: 选择路径 0, 答案: 6, 置信度: 1.0
2025-08-07 20:59:53,945 - INFO - 投票结果: 选择路径 0, 答案: 64, 置信度: 0.4
2025-08-07 20:59:53,946 - INFO - 投票结果: 选择路径 0, 答案: 335, 置信度: 1.0
2025-08-07 20:59:53,946 - INFO - 投票结果: 选择路径 0, 答案: 44, 置信度: 1.0
2025-08-07 20:59:53,947 - INFO - 投票结果: 选择路径 0, 答案: 216, 置信度: 1.0
2025-08-07 20:59:53,948 - INFO - 投票结果: 选择路径 0, 答案: 40, 置信度: 1.0
2025-08-07 20:59:53,948 - INFO - 投票结果: 选择路径 0, 答案: 6, 置信度: 0.5
2025-08-07 20:59:53,949 - INFO - 投票结果: 选择路径 1, 答案: 135, 置信度: 0.5
2025-08-07 20:59:53,950 - INFO - 投票结果: 选择路径 0, 答案: 16, 置信度: 0.7
2025-08-07 20:59:53,950 - INFO - 投票结果: 选择路径 0, 答案: 6, 置信度: 1.0
2025-08-07 20:59:53,951 - INFO - 投票结果: 选择路径 0, 答案: 17, 置信度: 1.0
2025-08-07 20:59:53,952 - INFO - 投票结果: 选择路径 0, 答案: 540, 置信度: 0.8
2025-08-07 20:59:53,952 - INFO - 投票结果: 选择路径 1, 答案: 621, 置信度: 0.8
2025-08-07 20:59:53,953 - INFO - 投票结果: 选择路径 0, 答案: 120, 置信度: 1.0
2025-08-07 20:59:53,954 - INFO - 投票结果: 选择路径 2, 答案: 56, 置信度: 0.7
2025-08-07 20:59:53,954 - INFO - 投票结果: 选择路径 0, 答案: 2, 置信度: 1.0
2025-08-07 20:59:53,955 - INFO - 投票结果: 选择路径 0, 答案: 3, 置信度: 1.0
2025-08-07 20:59:53,956 - INFO - 投票结果: 选择路径 0, 答案: 104, 置信度: 0.6
2025-08-07 20:59:53,956 - INFO - 投票结果: 选择路径 0, 答案: 5, 置信度: 1.0
2025-08-07 20:59:53,957 - INFO - 投票结果: 选择路径 1, 答案: 11, 置信度: 0.3
2025-08-07 20:59:53,958 - INFO - 投票结果: 选择路径 0, 答案: 6, 置信度: 1.0
2025-08-07 20:59:53,958 - INFO - 投票结果: 选择路径 0, 答案: 40, 置信度: 0.6
2025-08-07 20:59:53,959 - INFO - 投票结果: 选择路径 0, 答案: 10, 置信度: 1.0
2025-08-07 20:59:53,960 - INFO - 投票结果: 选择路径 0, 答案: 9, 置信度: 0.7
2025-08-07 20:59:53,960 - INFO - 投票结果: 选择路径 0, 答案: 5, 置信度: 1.0
2025-08-07 20:59:53,961 - INFO - 投票结果: 选择路径 0, 答案: 16, 置信度: 0.8
2025-08-07 20:59:53,962 - INFO - 投票结果: 选择路径 0, 答案: 296, 置信度: 0.9
2025-08-07 20:59:53,962 - INFO - 投票结果: 选择路径 0, 答案: 750, 置信度: 0.5
2025-08-07 20:59:53,963 - INFO - 投票结果: 选择路径 0, 答案: 2, 置信度: 0.5
2025-08-07 20:59:53,964 - INFO - 投票结果: 选择路径 0, 答案: 4, 置信度: 1.0
2025-08-07 20:59:53,964 - INFO - 投票结果: 选择路径 0, 答案: 25, 置信度: 1.0
2025-08-07 20:59:53,965 - INFO - 投票结果: 选择路径 2, 答案: 210, 置信度: 0.4
2025-08-07 20:59:53,966 - INFO - 投票结果: 选择路径 1, 答案: 2, 置信度: 0.6
2025-08-07 20:59:53,967 - INFO - 投票结果: 选择路径 1, 答案: 35, 置信度: 0.7
2025-08-07 20:59:53,967 - INFO - 投票结果: 选择路径 0, 答案: 24, 置信度: 1.0
2025-08-07 20:59:53,968 - INFO - 投票结果: 选择路径 1, 答案: \frac{44}{3}, 置信度: 0.3
2025-08-07 20:59:53,969 - INFO - 投票结果: 选择路径 0, 答案: 69, 置信度: 0.9
2025-08-07 20:59:53,969 - INFO - 投票结果: 选择路径 0, 答案: 168, 置信度: 1.0
2025-08-07 20:59:53,970 - INFO - 投票结果: 选择路径 0, 答案: 20, 置信度: 1.0
2025-08-07 20:59:53,971 - INFO - 投票结果: 选择路径 0, 答案: 4, 置信度: 1.0
2025-08-07 20:59:53,971 - INFO - 投票结果: 选择路径 0, 答案: 1596, 置信度: 1.0
2025-08-07 20:59:53,972 - INFO - 投票结果: 选择路径 0, 答案: 150, 置信度: 0.7
2025-08-07 20:59:53,973 - INFO - 投票结果: 选择路径 0, 答案: 20, 置信度: 1.0
2025-08-07 20:59:53,974 - INFO - 投票结果: 选择路径 0, 答案: 2, 置信度: 0.9
2025-08-07 20:59:53,974 - INFO - 投票结果: 选择路径 0, 答案: 14, 置信度: 0.3
2025-08-07 20:59:53,975 - INFO - 投票结果: 选择路径 0, 答案: 3140, 置信度: 0.6
2025-08-07 20:59:53,976 - INFO - 投票结果: 选择路径 0, 答案: 4, 置信度: 1.0
2025-08-07 20:59:53,977 - INFO - 投票结果: 选择路径 0, 答案: 81, 置信度: 1.0
2025-08-07 20:59:53,977 - INFO - 投票结果: 选择路径 1, 答案: 64, 置信度: 0.3
2025-08-07 20:59:53,978 - INFO - 投票结果: 选择路径 0, 答案: 1400, 置信度: 0.9
2025-08-07 20:59:53,979 - INFO - 投票结果: 选择路径 0, 答案: 25, 置信度: 0.3
2025-08-07 20:59:53,980 - INFO - 投票结果: 选择路径 3, 答案: 30, 置信度: 0.6
2025-08-07 20:59:53,980 - INFO - 投票结果: 选择路径 0, 答案: 26, 置信度: 1.0
2025-08-07 20:59:53,981 - INFO - 投票结果: 选择路径 0, 答案: 13, 置信度: 1.0
2025-08-07 20:59:53,982 - INFO - 投票结果: 选择路径 1, 答案: 623, 置信度: 0.5
2025-08-07 20:59:53,983 - INFO - 投票结果: 选择路径 0, 答案: 92, 置信度: 1.0
2025-08-07 20:59:53,984 - INFO - 投票结果: 选择路径 0, 答案: 42, 置信度: 0.4
2025-08-07 20:59:53,984 - INFO - 投票结果: 选择路径 0, 答案: 55, 置信度: 0.8
2025-08-07 20:59:53,985 - INFO - 投票结果: 选择路径 0, 答案: 90, 置信度: 1.0
2025-08-07 20:59:53,986 - INFO - 投票结果: 选择路径 0, 答案: 75, 置信度: 0.6
2025-08-07 20:59:53,987 - INFO - 投票结果: 选择路径 0, 答案: 10, 置信度: 1.0
2025-08-07 20:59:53,987 - INFO - 投票结果: 选择路径 0, 答案: 70, 置信度: 1.0
2025-08-07 20:59:53,988 - INFO - 投票结果: 选择路径 1, 答案: 4, 置信度: 0.3
2025-08-07 20:59:53,989 - INFO - 投票结果: 选择路径 0, 答案: 2450, 置信度: 1.0
2025-08-07 20:59:53,989 - INFO - 投票结果: 选择路径 1, 答案: 10, 置信度: 0.3
2025-08-07 20:59:53,990 - INFO - 投票结果: 选择路径 1, 答案: 378000, 置信度: 0.7
2025-08-07 20:59:53,991 - INFO - 投票结果: 选择路径 0, 答案: 38, 置信度: 0.9
2025-08-07 20:59:53,992 - INFO - 投票结果: 选择路径 0, 答案: 300, 置信度: 1.0
2025-08-07 20:59:53,992 - INFO - 投票结果: 选择路径 0, 答案: 75, 置信度: 1.0
2025-08-07 20:59:53,993 - INFO - 投票结果: 选择路径 0, 答案: 360, 置信度: 0.6
2025-08-07 20:59:53,994 - INFO - 投票结果: 选择路径 0, 答案: 18, 置信度: 0.9
2025-08-07 20:59:53,994 - INFO - 投票结果: 选择路径 0, 答案: 9500, 置信度: 0.9
2025-08-07 20:59:53,995 - INFO - 投票结果: 选择路径 0, 答案: 7, 置信度: 0.9
2025-08-07 20:59:53,996 - INFO - 投票结果: 选择路径 0, 答案: 336, 置信度: 1.0
2025-08-07 20:59:54,001 - INFO - 投票结果: 选择路径 0, 答案: 63.95, 置信度: 0.1
2025-08-07 20:59:54,002 - INFO - 投票结果: 选择路径 0, 答案: 78, 置信度: 1.0
2025-08-07 20:59:54,003 - INFO - 投票结果: 选择路径 1, 答案: 155, 置信度: 0.5
2025-08-07 20:59:54,004 - INFO - 投票结果: 选择路径 0, 答案: 15, 置信度: 0.7
2025-08-07 20:59:54,004 - INFO - 投票结果: 选择路径 0, 答案: 375, 置信度: 0.8
2025-08-07 20:59:54,005 - INFO - 投票结果: 选择路径 0, 答案: 54, 置信度: 0.9
2025-08-07 20:59:54,006 - INFO - 投票结果: 选择路径 0, 答案: 6400, 置信度: 0.6
2025-08-07 20:59:54,006 - INFO - 投票结果: 选择路径 0, 答案: 14, 置信度: 0.5
2025-08-07 20:59:54,007 - INFO - 投票结果: 选择路径 0, 答案: 84, 置信度: 0.8
2025-08-07 20:59:54,008 - INFO - 投票结果: 选择路径 0, 答案: 100, 置信度: 0.5
2025-08-07 20:59:54,008 - INFO - 投票结果: 选择路径 0, 答案: 450, 置信度: 0.9
2025-08-07 20:59:54,009 - INFO - 投票结果: 选择路径 2, 答案: 6000, 置信度: 0.3
2025-08-07 20:59:54,010 - INFO - 投票结果: 选择路径 0, 答案: 43, 置信度: 0.5
2025-08-07 20:59:54,010 - INFO - 投票结果: 选择路径 0, 答案: 6, 置信度: 1.0
2025-08-07 20:59:54,011 - INFO - 投票结果: 选择路径 0, 答案: 1200, 置信度: 0.9
2025-08-07 20:59:54,012 - INFO - 投票结果: 选择路径 0, 答案: 24, 置信度: 0.5
2025-08-07 20:59:54,012 - INFO - 投票结果: 选择路径 1, 答案: 13, 置信度: 0.3
2025-08-07 20:59:54,013 - INFO - 投票结果: 选择路径 0, 答案: 7.625, 置信度: 0.1
2025-08-07 20:59:54,014 - INFO - 投票结果: 选择路径 0, 答案: 470, 置信度: 0.5
2025-08-07 20:59:54,014 - INFO - 投票结果: 选择路径 4, 答案: 11.43, 置信度: 0.2
2025-08-07 20:59:54,015 - INFO - 投票结果: 选择路径 0, 答案: 40, 置信度: 0.5
2025-08-07 20:59:54,016 - INFO - 投票结果: 选择路径 0, 答案: 14, 置信度: 0.9
2025-08-07 20:59:54,016 - INFO - 投票结果: 选择路径 0, 答案: 20, 置信度: 1.0
2025-08-07 20:59:54,017 - INFO - 投票结果: 选择路径 0, 答案: 180, 置信度: 0.4
2025-08-07 20:59:54,018 - INFO - 投票结果: 选择路径 0, 答案: 3, 置信度: 0.9
2025-08-07 20:59:54,018 - INFO - 投票结果: 选择路径 0, 答案: 5100, 置信度: 0.1
2025-08-07 20:59:54,019 - INFO - 投票结果: 选择路径 0, 答案: 64, 置信度: 0.9
2025-08-07 20:59:54,020 - INFO - 投票结果: 选择路径 0, 答案: 48, 置信度: 1.0
2025-08-07 20:59:54,020 - INFO - 投票结果: 选择路径 0, 答案: 4, 置信度: 1.0
2025-08-07 20:59:54,021 - INFO - 投票结果: 选择路径 0, 答案: 14, 置信度: 1.0
2025-08-07 20:59:54,022 - INFO - 投票结果: 选择路径 2, 答案: 28, 置信度: 0.4
2025-08-07 20:59:54,023 - INFO - 投票结果: 选择路径 0, 答案: 13, 置信度: 0.3
2025-08-07 20:59:54,024 - INFO - 投票结果: 选择路径 0, 答案: 144, 置信度: 0.7
2025-08-07 20:59:54,025 - INFO - 投票结果: 选择路径 0, 答案: 500, 置信度: 0.3
2025-08-07 20:59:54,026 - INFO - 投票结果: 选择路径 0, 答案: 428, 置信度: 1.0
2025-08-07 20:59:54,027 - INFO - 投票结果: 选择路径 0, 答案: 665, 置信度: 1.0
2025-08-07 20:59:54,028 - INFO - 投票结果: 选择路径 1, 答案: 7500, 置信度: 0.4
2025-08-07 20:59:54,028 - INFO - 投票结果: 选择路径 0, 答案: 2.5, 置信度: 0.7
2025-08-07 20:59:54,029 - INFO - 投票结果: 选择路径 0, 答案: 90, 置信度: 0.8
2025-08-07 20:59:54,031 - INFO - 投票结果: 选择路径 0, 答案: 570, 置信度: 1.0
2025-08-07 20:59:54,032 - INFO - 投票结果: 选择路径 0, 答案: 5, 置信度: 1.0
2025-08-07 20:59:54,033 - INFO - 投票结果: 选择路径 0, 答案: 88, 置信度: 0.5
2025-08-07 20:59:54,035 - INFO - 投票结果: 选择路径 0, 答案: 160, 置信度: 1.0
2025-08-07 20:59:54,037 - INFO - 投票结果: 选择路径 0, 答案: 6, 置信度: 1.0
2025-08-07 20:59:54,038 - INFO - 投票结果: 选择路径 0, 答案: 6000, 置信度: 0.8
2025-08-07 20:59:54,039 - INFO - 投票结果: 选择路径 0, 答案: 800, 置信度: 0.8
2025-08-07 20:59:54,041 - INFO - 投票结果: 选择路径 0, 答案: 1, 置信度: 1.0
2025-08-07 20:59:54,042 - INFO - 投票结果: 选择路径 3, 答案: 4, 置信度: 0.4
2025-08-07 20:59:54,043 - INFO - 投票结果: 选择路径 0, 答案: 31, 置信度: 0.8
2025-08-07 20:59:54,044 - INFO - 投票结果: 选择路径 0, 答案: 276000, 置信度: 1.0
2025-08-07 20:59:54,046 - INFO - 投票结果: 选择路径 0, 答案: 482, 置信度: 1.0
2025-08-07 20:59:54,047 - INFO - 投票结果: 选择路径 0, 答案: 100, 置信度: 1.0
2025-08-07 20:59:54,048 - INFO - 投票结果: 选择路径 0, 答案: 21, 置信度: 1.0
2025-08-07 20:59:54,049 - INFO - 投票结果: 选择路径 0, 答案: 40, 置信度: 1.0
2025-08-07 20:59:54,051 - INFO - 投票结果: 选择路径 0, 答案: 180000, 置信度: 0.9
2025-08-07 20:59:54,052 - INFO - 投票结果: 选择路径 0, 答案: 14, 置信度: 1.0
2025-08-07 20:59:54,053 - INFO - 投票结果: 选择路径 0, 答案: 54, 置信度: 0.5
2025-08-07 20:59:54,054 - INFO - 投票结果: 选择路径 0, 答案: 5, 置信度: 0.9
2025-08-07 20:59:54,055 - INFO - 投票结果: 选择路径 0, 答案: 48, 置信度: 0.8
2025-08-07 20:59:54,056 - INFO - 投票结果: 选择路径 0, 答案: 390, 置信度: 0.6
2025-08-07 20:59:54,056 - INFO - 投票结果: 选择路径 0, 答案: 22, 置信度: 1.0
2025-08-07 20:59:54,057 - INFO - 投票结果: 选择路径 1, 答案: 12, 置信度: 0.7
2025-08-07 20:59:54,058 - INFO - 投票结果: 选择路径 1, 答案: 18000, 置信度: 0.9
2025-08-07 20:59:54,059 - INFO - 投票结果: 选择路径 0, 答案: 8642, 置信度: 0.9
2025-08-07 20:59:54,059 - INFO - 投票结果: 选择路径 0, 答案: 10, 置信度: 1.0
2025-08-07 20:59:54,060 - INFO - 投票结果: 选择路径 0, 答案: 27, 置信度: 0.3
2025-08-07 20:59:54,060 - INFO - 投票结果: 选择路径 0, 答案: 22, 置信度: 1.0
2025-08-07 20:59:54,061 - INFO - 投票结果: 选择路径 1, 答案: 61, 置信度: 0.4
2025-08-07 20:59:54,062 - INFO - 投票结果: 选择路径 0, 答案: 10, 置信度: 0.6
2025-08-07 20:59:54,063 - INFO - 投票结果: 选择路径 0, 答案: 15, 置信度: 0.8
2025-08-07 20:59:54,063 - INFO - 投票结果: 选择路径 0, 答案: 14, 置信度: 1.0
2025-08-07 20:59:54,064 - INFO - 投票结果: 选择路径 0, 答案: 14, 置信度: 1.0
2025-08-07 20:59:54,064 - INFO - 投票结果: 选择路径 0, 答案: 4, 置信度: 1.0
2025-08-07 20:59:54,065 - INFO - 投票结果: 选择路径 0, 答案: 3000, 置信度: 0.8
2025-08-07 20:59:54,066 - INFO - 投票结果: 选择路径 4, 答案: 3, 置信度: 0.4
2025-08-07 20:59:54,067 - INFO - 投票结果: 选择路径 3, 答案: 374, 置信度: 0.4
2025-08-07 20:59:54,067 - INFO - 投票结果: 选择路径 0, 答案: 1080, 置信度: 0.9
2025-08-07 20:59:54,068 - INFO - 投票结果: 选择路径 1, 答案: 84, 置信度: 0.5
2025-08-07 20:59:54,068 - INFO - 投票结果: 选择路径 0, 答案: 91, 置信度: 1.0
2025-08-07 20:59:54,069 - INFO - 投票结果: 选择路径 1, 答案: 18, 置信度: 0.8
2025-08-07 20:59:54,070 - INFO - 投票结果: 选择路径 0, 答案: 180, 置信度: 1.0
2025-08-07 20:59:54,071 - INFO - 投票结果: 选择路径 0, 答案: 350, 置信度: 0.8
2025-08-07 20:59:54,071 - INFO - 投票结果: 选择路径 0, 答案: 4, 置信度: 0.5
2025-08-07 20:59:54,072 - INFO - 投票结果: 选择路径 0, 答案: 129200, 置信度: 1.0
2025-08-07 20:59:54,073 - INFO - 投票结果: 选择路径 0, 答案: 10, 置信度: 1.0
2025-08-07 20:59:54,073 - INFO - 投票结果: 选择路径 0, 答案: 14, 置信度: 1.0
2025-08-07 20:59:54,074 - INFO - 投票结果: 选择路径 0, 答案: 12, 置信度: 1.0
2025-08-07 20:59:54,075 - INFO - 投票结果: 选择路径 0, 答案: 68, 置信度: 0.7
2025-08-07 20:59:54,075 - INFO - 投票结果: 选择路径 0, 答案: 58, 置信度: 1.0
2025-08-07 20:59:54,076 - INFO - 投票结果: 选择路径 1, 答案: 40, 置信度: 0.9
2025-08-07 20:59:54,077 - INFO - 投票结果: 选择路径 0, 答案: 132, 置信度: 1.0
2025-08-07 20:59:54,077 - INFO - 投票结果: 选择路径 0, 答案: 120, 置信度: 1.0
2025-08-07 20:59:54,078 - INFO - 投票结果: 选择路径 0, 答案: 120, 置信度: 1.0
2025-08-07 20:59:54,079 - INFO - 投票结果: 选择路径 0, 答案: 120, 置信度: 0.9
2025-08-07 20:59:54,079 - INFO - 投票结果: 选择路径 0, 答案: 15, 置信度: 1.0
2025-08-07 20:59:54,080 - INFO - 投票结果: 选择路径 0, 答案: 576, 置信度: 1.0
2025-08-07 20:59:54,081 - INFO - 投票结果: 选择路径 0, 答案: 5, 置信度: 1.0
2025-08-07 20:59:54,081 - INFO - 投票结果: 选择路径 0, 答案: 20, 置信度: 1.0
2025-08-07 20:59:54,082 - INFO - 投票结果: 选择路径 1, 答案: 40, 置信度: 0.7
2025-08-07 20:59:54,083 - INFO - 投票结果: 选择路径 0, 答案: 23, 置信度: 1.0
2025-08-07 20:59:54,083 - INFO - 投票结果: 选择路径 1, 答案: 156, 置信度: 0.9
2025-08-07 20:59:54,084 - INFO - 投票结果: 选择路径 0, 答案: 280, 置信度: 0.7
2025-08-07 20:59:54,085 - INFO - 投票结果: 选择路径 2, 答案: 16, 置信度: 0.3
2025-08-07 20:59:54,085 - INFO - 投票结果: 选择路径 0, 答案: 2, 置信度: 1.0
2025-08-07 20:59:54,086 - INFO - 投票结果: 选择路径 0, 答案: 120, 置信度: 1.0
2025-08-07 20:59:54,087 - INFO - 投票结果: 选择路径 0, 答案: 72, 置信度: 0.3
2025-08-07 20:59:54,087 - INFO - 投票结果: 选择路径 0, 答案: 15, 置信度: 1.0
2025-08-07 20:59:54,088 - INFO - 投票结果: 选择路径 0, 答案: 9, 置信度: 1.0
2025-08-07 20:59:54,089 - INFO - 投票结果: 选择路径 1, 答案: 144, 置信度: 0.2
2025-08-07 20:59:54,089 - INFO - 投票结果: 选择路径 0, 答案: 20, 置信度: 0.7
2025-08-07 20:59:54,090 - INFO - 投票结果: 选择路径 0, 答案: 30, 置信度: 0.9
2025-08-07 20:59:54,091 - INFO - 投票结果: 选择路径 0, 答案: 80, 置信度: 0.7
2025-08-07 20:59:54,091 - INFO - 投票结果: 选择路径 0, 答案: 5, 置信度: 1.0
2025-08-07 20:59:54,092 - INFO - 投票结果: 选择路径 1, 答案: 5, 置信度: 0.9
2025-08-07 20:59:54,093 - INFO - 投票结果: 选择路径 0, 答案: 80, 置信度: 1.0
2025-08-07 20:59:54,093 - INFO - 投票结果: 选择路径 1, 答案: 38, 置信度: 0.7
2025-08-07 20:59:54,094 - INFO - 投票结果: 选择路径 0, 答案: 42, 置信度: 1.0
2025-08-07 20:59:54,095 - INFO - 投票结果: 选择路径 0, 答案: 3, 置信度: 1.0
2025-08-07 20:59:54,096 - INFO - 投票结果: 选择路径 0, 答案: 50, 置信度: 1.0
2025-08-07 20:59:54,096 - INFO - 投票结果: 选择路径 0, 答案: 17, 置信度: 1.0
2025-08-07 20:59:54,097 - INFO - 投票结果: 选择路径 0, 答案: 5, 置信度: 0.2
2025-08-07 20:59:54,098 - INFO - 投票结果: 选择路径 0, 答案: 20, 置信度: 1.0
2025-08-07 20:59:54,098 - INFO - 投票结果: 选择路径 1, 答案: 120, 置信度: 0.6
2025-08-07 20:59:54,099 - INFO - 投票结果: 选择路径 2, 答案: 20, 置信度: 0.4
2025-08-07 20:59:54,100 - INFO - 投票结果: 选择路径 0, 答案: 45, 置信度: 1.0
2025-08-07 20:59:54,101 - INFO - 投票结果: 选择路径 2, 答案: 11, 置信度: 0.7
2025-08-07 20:59:54,101 - INFO - 投票结果: 选择路径 0, 答案: 10, 置信度: 1.0
2025-08-07 20:59:54,102 - INFO - 投票结果: 选择路径 0, 答案: 318, 置信度: 0.6
2025-08-07 20:59:54,103 - INFO - 投票结果: 选择路径 0, 答案: 92, 置信度: 1.0
2025-08-07 20:59:54,103 - INFO - 投票结果: 选择路径 0, 答案: 70, 置信度: 1.0
2025-08-07 20:59:54,104 - INFO - 投票结果: 选择路径 0, 答案: 74, 置信度: 0.5
2025-08-07 20:59:54,105 - INFO - 投票结果: 选择路径 0, 答案: 1509, 置信度: 1.0
2025-08-07 20:59:54,105 - INFO - 投票结果: 选择路径 0, 答案: 2, 置信度: 1.0
2025-08-07 20:59:54,106 - INFO - 投票结果: 选择路径 0, 答案: 1, 置信度: 1.0
2025-08-07 20:59:54,107 - INFO - 投票结果: 选择路径 0, 答案: 1170, 置信度: 1.0
2025-08-07 20:59:54,107 - INFO - 投票结果: 选择路径 0, 答案: 28, 置信度: 0.9
2025-08-07 20:59:54,108 - INFO - 投票结果: 选择路径 1, 答案: 20, 置信度: 0.8
2025-08-07 20:59:54,109 - INFO - 投票结果: 选择路径 0, 答案: 20, 置信度: 1.0
2025-08-07 20:59:54,109 - INFO - 投票结果: 选择路径 1, 答案: 65960, 置信度: 0.6
2025-08-07 20:59:54,110 - INFO - 投票结果: 选择路径 0, 答案: 16, 置信度: 0.4
2025-08-07 20:59:54,111 - INFO - 投票结果: 选择路径 0, 答案: 575, 置信度: 1.0
2025-08-07 20:59:54,111 - INFO - 投票结果: 选择路径 0, 答案: 60, 置信度: 1.0
2025-08-07 20:59:54,112 - INFO - 投票结果: 选择路径 0, 答案: 4200, 置信度: 0.5
2025-08-07 20:59:54,113 - INFO - 投票结果: 选择路径 0, 答案: 23, 置信度: 0.4
2025-08-07 20:59:54,113 - INFO - 投票结果: 选择路径 0, 答案: 71, 置信度: 0.8
2025-08-07 20:59:54,114 - INFO - 投票结果: 选择路径 0, 答案: 70, 置信度: 1.0
2025-08-07 20:59:54,115 - INFO - 投票结果: 选择路径 0, 答案: 25, 置信度: 0.7
2025-08-07 20:59:54,115 - INFO - 投票结果: 选择路径 0, 答案: 160, 置信度: 1.0
2025-08-07 20:59:54,116 - INFO - 投票结果: 选择路径 0, 答案: 398, 置信度: 0.7
2025-08-07 20:59:54,117 - INFO - 投票结果: 选择路径 0, 答案: 5, 置信度: 1.0
2025-08-07 20:59:54,117 - INFO - 投票结果: 选择路径 0, 答案: 42000, 置信度: 0.9
2025-08-07 20:59:54,118 - INFO - 投票结果: 选择路径 1, 答案: 52, 置信度: 0.6
2025-08-07 20:59:54,119 - INFO - 投票结果: 选择路径 0, 答案: 10, 置信度: 0.8
2025-08-07 20:59:54,119 - INFO - 投票结果: 选择路径 1, 答案: 4, 置信度: 0.6
2025-08-07 20:59:54,120 - INFO - 投票结果: 选择路径 0, 答案: 40, 置信度: 0.8
2025-08-07 20:59:54,121 - INFO - 投票结果: 选择路径 0, 答案: 100, 置信度: 1.0
2025-08-07 20:59:54,121 - INFO - 投票结果: 选择路径 0, 答案: 60, 置信度: 0.9
2025-08-07 20:59:54,122 - INFO - 投票结果: 选择路径 0, 答案: 100, 置信度: 1.0
2025-08-07 20:59:54,123 - INFO - 投票结果: 选择路径 0, 答案: 72, 置信度: 0.8
2025-08-07 20:59:54,123 - INFO - 投票结果: 选择路径 0, 答案: 20, 置信度: 1.0
2025-08-07 20:59:54,124 - INFO - 投票结果: 选择路径 0, 答案: 6277, 置信度: 0.9
2025-08-07 20:59:54,125 - INFO - 投票结果: 选择路径 1, 答案: 9, 置信度: 0.5
2025-08-07 20:59:54,125 - INFO - 投票结果: 选择路径 0, 答案: 26, 置信度: 1.0
2025-08-07 20:59:54,126 - INFO - 投票结果: 选择路径 1, 答案: 5, 置信度: 0.2
2025-08-07 20:59:54,127 - INFO - 投票结果: 选择路径 0, 答案: 12, 置信度: 0.8
2025-08-07 20:59:54,127 - INFO - 投票结果: 选择路径 1, 答案: 12, 置信度: 0.2
2025-08-07 20:59:54,128 - INFO - 投票结果: 选择路径 1, 答案: 20, 置信度: 0.6
2025-08-07 20:59:54,129 - INFO - 投票结果: 选择路径 0, 答案: 32, 置信度: 1.0
2025-08-07 20:59:54,129 - INFO - 投票结果: 选择路径 0, 答案: 20, 置信度: 0.6
2025-08-07 20:59:54,130 - INFO - 投票结果: 选择路径 0, 答案: 20, 置信度: 0.9
2025-08-07 20:59:54,131 - INFO - 投票结果: 选择路径 0, 答案: 320, 置信度: 1.0
2025-08-07 20:59:54,131 - INFO - 投票结果: 选择路径 0, 答案: 77, 置信度: 1.0
2025-08-07 20:59:54,132 - INFO - 投票结果: 选择路径 1, 答案: 9, 置信度: 0.9
2025-08-07 20:59:54,133 - INFO - 投票结果: 选择路径 0, 答案: 1, 置信度: 0.8
2025-08-07 20:59:54,133 - INFO - 投票结果: 选择路径 0, 答案: 1248, 置信度: 0.5
2025-08-07 20:59:54,134 - INFO - 投票结果: 选择路径 2, 答案: 15, 置信度: 0.8
2025-08-07 20:59:54,135 - INFO - 投票结果: 选择路径 0, 答案: 16, 置信度: 0.9
2025-08-07 20:59:54,135 - INFO - 投票结果: 选择路径 0, 答案: 2, 置信度: 1.0
2025-08-07 20:59:54,136 - INFO - 投票结果: 选择路径 0, 答案: 46, 置信度: 0.6
2025-08-07 20:59:54,137 - INFO - 投票结果: 选择路径 1, 答案: 60, 置信度: 0.8
2025-08-07 20:59:54,137 - INFO - 投票结果: 选择路径 3, 答案: 300, 置信度: 0.4
2025-08-07 20:59:54,138 - INFO - 投票结果: 选择路径 0, 答案: 84, 置信度: 0.7
2025-08-07 20:59:54,139 - INFO - 投票结果: 选择路径 1, 答案: 80, 置信度: 0.2
2025-08-07 20:59:54,139 - INFO - 投票结果: 选择路径 0, 答案: 300, 置信度: 0.9
2025-08-07 20:59:54,140 - INFO - 投票结果: 选择路径 0, 答案: 50, 置信度: 1.0
2025-08-07 20:59:54,141 - INFO - 投票结果: 选择路径 0, 答案: 14, 置信度: 0.9
2025-08-07 20:59:54,141 - INFO - 投票结果: 选择路径 1, 答案: 291, 置信度: 0.4
2025-08-07 20:59:54,142 - INFO - 投票结果: 选择路径 0, 答案: 12, 置信度: 1.0
2025-08-07 20:59:54,143 - INFO - 投票结果: 选择路径 0, 答案: 1240, 置信度: 1.0
2025-08-07 20:59:54,143 - INFO - 投票结果: 选择路径 0, 答案: 8, 置信度: 1.0
2025-08-07 20:59:54,144 - INFO - 投票结果: 选择路径 4, 答案: 83, 置信度: 0.2
2025-08-07 20:59:54,145 - INFO - 投票结果: 选择路径 0, 答案: 2, 置信度: 0.9
2025-08-07 20:59:54,145 - INFO - 投票结果: 选择路径 0, 答案: 2, 置信度: 1.0
2025-08-07 20:59:54,146 - INFO - 投票结果: 选择路径 5, 答案: 184, 置信度: 0.3
2025-08-07 20:59:54,147 - INFO - 投票结果: 选择路径 0, 答案: 160, 置信度: 1.0
2025-08-07 20:59:54,148 - INFO - 投票结果: 选择路径 4, 答案: 1128, 置信度: 0.2
2025-08-07 20:59:54,148 - INFO - 投票结果: 选择路径 0, 答案: 6250, 置信度: 0.9
2025-08-07 20:59:54,149 - INFO - 投票结果: 选择路径 0, 答案: 5, 置信度: 1.0
2025-08-07 20:59:54,149 - INFO - 投票结果: 选择路径 0, 答案: 500, 置信度: 0.9
2025-08-07 20:59:54,150 - INFO - 投票结果: 选择路径 0, 答案: 2, 置信度: 0.4
2025-08-07 20:59:54,151 - INFO - 投票结果: 选择路径 0, 答案: 34, 置信度: 1.0
2025-08-07 20:59:54,152 - INFO - 投票结果: 选择路径 0, 答案: 60, 置信度: 1.0
2025-08-07 20:59:54,152 - INFO - 投票结果: 选择路径 0, 答案: 5, 置信度: 0.2
2025-08-07 20:59:54,153 - INFO - 投票结果: 选择路径 0, 答案: 56, 置信度: 0.6
2025-08-07 20:59:54,154 - INFO - 投票结果: 选择路径 1, 答案: 74, 置信度: 0.9
2025-08-07 20:59:54,154 - INFO - 投票结果: 选择路径 0, 答案: 5, 置信度: 0.9
2025-08-07 20:59:54,155 - INFO - 投票结果: 选择路径 0, 答案: 600, 置信度: 0.9
2025-08-07 20:59:54,156 - INFO - 投票结果: 选择路径 0, 答案: 20, 置信度: 0.7
2025-08-07 20:59:54,156 - INFO - 投票结果: 选择路径 0, 答案: 23, 置信度: 1.0
2025-08-07 20:59:54,157 - INFO - 投票结果: 选择路径 0, 答案: 20, 置信度: 1.0
2025-08-07 20:59:54,158 - INFO - 投票结果: 选择路径 0, 答案: 80, 置信度: 0.8
2025-08-07 20:59:54,158 - INFO - 投票结果: 选择路径 0, 答案: 43, 置信度: 1.0
2025-08-07 20:59:54,159 - INFO - 投票结果: 选择路径 0, 答案: 720, 置信度: 1.0
2025-08-07 20:59:54,160 - INFO - 投票结果: 选择路径 0, 答案: 4, 置信度: 0.7
2025-08-07 20:59:54,160 - INFO - 投票结果: 选择路径 0, 答案: 9, 置信度: 1.0
2025-08-07 20:59:54,161 - INFO - 投票结果: 选择路径 0, 答案: 68, 置信度: 0.2
2025-08-07 20:59:54,162 - INFO - 投票结果: 选择路径 0, 答案: 8, 置信度: 1.0
2025-08-07 20:59:54,162 - INFO - 投票结果: 选择路径 0, 答案: 16, 置信度: 0.9
2025-08-07 20:59:54,163 - INFO - 投票结果: 选择路径 1, 答案: \frac{10}{3}, 置信度: 0.4
2025-08-07 20:59:54,164 - INFO - 投票结果: 选择路径 0, 答案: 47, 置信度: 1.0
2025-08-07 20:59:54,164 - INFO - 投票结果: 选择路径 0, 答案: 240000, 置信度: 0.9
2025-08-07 20:59:54,165 - INFO - 投票结果: 选择路径 0, 答案: 14, 置信度: 0.9
2025-08-07 20:59:54,166 - INFO - 投票结果: 选择路径 0, 答案: 26, 置信度: 1.0
2025-08-07 20:59:54,167 - INFO - 投票结果: 选择路径 1, 答案: 2, 置信度: 0.3
2025-08-07 20:59:54,167 - INFO - 投票结果: 选择路径 1, 答案: 25, 置信度: 0.6
2025-08-07 20:59:54,168 - INFO - 投票结果: 选择路径 0, 答案: 5, 置信度: 1.0
2025-08-07 20:59:54,169 - INFO - 投票结果: 选择路径 0, 答案: 5, 置信度: 1.0
2025-08-07 20:59:54,169 - INFO - 投票结果: 选择路径 0, 答案: 260, 置信度: 0.9
2025-08-07 20:59:54,170 - INFO - 投票结果: 选择路径 0, 答案: 67, 置信度: 1.0
2025-08-07 20:59:54,171 - INFO - 投票结果: 选择路径 0, 答案: 144, 置信度: 0.9
2025-08-07 20:59:54,171 - INFO - 投票结果: 选择路径 0, 答案: 75, 置信度: 1.0
2025-08-07 20:59:54,172 - INFO - 投票结果: 选择路径 0, 答案: 3, 置信度: 1.0
2025-08-07 20:59:54,173 - INFO - 投票结果: 选择路径 0, 答案: 4, 置信度: 1.0
2025-08-07 20:59:54,173 - INFO - 投票结果: 选择路径 0, 答案: 2000, 置信度: 1.0
2025-08-07 20:59:54,174 - INFO - 投票结果: 选择路径 1, 答案: 68, 置信度: 0.6
2025-08-07 20:59:54,175 - INFO - 投票结果: 选择路径 0, 答案: 8, 置信度: 1.0
2025-08-07 20:59:54,175 - INFO - 投票结果: 选择路径 0, 答案: 100, 置信度: 1.0
2025-08-07 20:59:54,176 - INFO - 投票结果: 选择路径 1, 答案: 2.5, 置信度: 0.6
2025-08-07 20:59:54,177 - INFO - 投票结果: 选择路径 0, 答案: 460, 置信度: 1.0
2025-08-07 20:59:54,177 - INFO - 投票结果: 选择路径 1, 答案: 10, 置信度: 0.6
2025-08-07 20:59:54,178 - INFO - 投票结果: 选择路径 0, 答案: 750, 置信度: 0.9
2025-08-07 20:59:54,179 - INFO - 投票结果: 选择路径 0, 答案: 255, 置信度: 0.7
2025-08-07 20:59:54,179 - INFO - 投票结果: 选择路径 0, 答案: 240, 置信度: 0.8
2025-08-07 20:59:54,180 - INFO - 投票结果: 选择路径 0, 答案: 50, 置信度: 1.0
2025-08-07 20:59:54,181 - INFO - 投票结果: 选择路径 0, 答案: 60000, 置信度: 0.9
2025-08-07 20:59:54,181 - INFO - 投票结果: 选择路径 0, 答案: 97, 置信度: 0.6
2025-08-07 20:59:54,182 - INFO - 投票结果: 选择路径 4, 答案: 0, 置信度: 0.2
2025-08-07 20:59:54,183 - INFO - 投票结果: 选择路径 0, 答案: 45, 置信度: 0.4
2025-08-07 20:59:54,183 - INFO - 投票结果: 选择路径 0, 答案: 13, 置信度: 1.0
2025-08-07 20:59:54,184 - INFO - 投票结果: 选择路径 1, 答案: 4, 置信度: 0.5
2025-08-07 20:59:54,185 - INFO - 投票结果: 选择路径 0, 答案: 210, 置信度: 0.6
2025-08-07 20:59:54,185 - INFO - 投票结果: 选择路径 0, 答案: 540, 置信度: 1.0
2025-08-07 20:59:54,186 - INFO - 投票结果: 选择路径 0, 答案: 104, 置信度: 1.0
2025-08-07 20:59:54,187 - INFO - 投票结果: 选择路径 0, 答案: 27, 置信度: 0.9
2025-08-07 20:59:54,187 - INFO - 投票结果: 选择路径 0, 答案: 75, 置信度: 1.0
2025-08-07 20:59:54,188 - INFO - 投票结果: 选择路径 4, 答案: 39, 置信度: 0.2
2025-08-07 20:59:54,189 - INFO - 投票结果: 选择路径 2, 答案: 120, 置信度: 0.6
2025-08-07 20:59:54,190 - INFO - 投票结果: 选择路径 6, 答案: 348, 置信度: 0.3
2025-08-07 20:59:54,190 - INFO - 投票结果: 选择路径 0, 答案: 15, 置信度: 1.0
2025-08-07 20:59:54,191 - INFO - 投票结果: 选择路径 0, 答案: 247, 置信度: 0.6
2025-08-07 20:59:54,192 - INFO - 投票结果: 选择路径 1, 答案: 13, 置信度: 0.3
2025-08-07 20:59:54,192 - INFO - 投票结果: 选择路径 0, 答案: 85000, 置信度: 1.0
2025-08-07 20:59:54,193 - INFO - 投票结果: 选择路径 0, 答案: 20, 置信度: 0.4
2025-08-07 20:59:54,194 - INFO - 投票结果: 选择路径 2, 答案: 19, 置信度: 0.7
2025-08-07 20:59:54,194 - INFO - 投票结果: 选择路径 0, 答案: 18, 置信度: 1.0
2025-08-07 20:59:54,195 - INFO - 投票结果: 选择路径 0, 答案: 3, 置信度: 1.0
2025-08-07 20:59:54,196 - INFO - 投票结果: 选择路径 0, 答案: 12, 置信度: 1.0
2025-08-07 20:59:54,196 - INFO - 投票结果: 选择路径 0, 答案: 160000, 置信度: 0.7
2025-08-07 20:59:54,197 - INFO - 投票结果: 选择路径 0, 答案: 50, 置信度: 0.7
2025-08-07 20:59:54,198 - INFO - 投票结果: 选择路径 0, 答案: 76, 置信度: 1.0
2025-08-07 20:59:54,199 - INFO - 投票结果: 选择路径 0, 答案: 10, 置信度: 1.0
2025-08-07 20:59:54,200 - INFO - 投票结果: 选择路径 0, 答案: 17, 置信度: 0.8
2025-08-07 20:59:54,200 - INFO - 投票结果: 选择路径 0, 答案: 44, 置信度: 1.0
2025-08-07 20:59:54,201 - INFO - 投票结果: 选择路径 0, 答案: 76, 置信度: 1.0
2025-08-07 20:59:54,202 - INFO - 投票结果: 选择路径 0, 答案: 3, 置信度: 1.0
2025-08-07 20:59:54,202 - INFO - 投票结果: 选择路径 0, 答案: 40, 置信度: 1.0
2025-08-07 20:59:54,203 - INFO - 投票结果: 选择路径 0, 答案: 15, 置信度: 1.0
2025-08-07 20:59:54,204 - INFO - 投票结果: 选择路径 0, 答案: 10, 置信度: 1.0
2025-08-07 20:59:54,204 - INFO - 投票结果: 选择路径 0, 答案: 16, 置信度: 1.0
2025-08-07 20:59:54,205 - INFO - 投票结果: 选择路径 0, 答案: 28, 置信度: 0.9
2025-08-07 20:59:54,206 - INFO - 投票结果: 选择路径 0, 答案: 64, 置信度: 1.0
2025-08-07 20:59:54,206 - INFO - 投票结果: 选择路径 0, 答案: 1125, 置信度: 0.8
2025-08-07 20:59:54,207 - INFO - 投票结果: 选择路径 0, 答案: 8, 置信度: 1.0
2025-08-07 20:59:54,208 - INFO - 投票结果: 选择路径 0, 答案: 29, 置信度: 1.0
2025-08-07 20:59:54,208 - INFO - 投票结果: 选择路径 0, 答案: 16, 置信度: 1.0
2025-08-07 20:59:54,209 - INFO - 投票结果: 选择路径 2, 答案: 225, 置信度: 0.4
2025-08-07 20:59:54,210 - INFO - 投票结果: 选择路径 2, 答案: 72, 置信度: 0.4
2025-08-07 20:59:54,210 - INFO - 投票结果: 选择路径 0, 答案: 576, 置信度: 0.9
2025-08-07 20:59:54,211 - INFO - 投票结果: 选择路径 0, 答案: 34, 置信度: 1.0
2025-08-07 20:59:54,212 - INFO - 投票结果: 选择路径 0, 答案: 10, 置信度: 1.0
2025-08-07 20:59:54,213 - INFO - 投票结果: 选择路径 0, 答案: 9, 置信度: 0.8
2025-08-07 20:59:54,213 - INFO - 投票结果: 选择路径 0, 答案: 140, 置信度: 1.0
2025-08-07 20:59:54,214 - INFO - 投票结果: 选择路径 5, 答案: 80, 置信度: 0.3
2025-08-07 20:59:54,215 - INFO - 投票结果: 选择路径 0, 答案: 355, 置信度: 0.5
2025-08-07 20:59:54,215 - INFO - 投票结果: 选择路径 0, 答案: 16, 置信度: 1.0
2025-08-07 20:59:54,216 - INFO - 投票结果: 选择路径 0, 答案: 132, 置信度: 1.0
2025-08-07 20:59:54,217 - INFO - 投票结果: 选择路径 0, 答案: 64, 置信度: 1.0
2025-08-07 20:59:54,217 - INFO - 投票结果: 选择路径 0, 答案: 72, 置信度: 0.7
2025-08-07 20:59:54,218 - INFO - 投票结果: 选择路径 0, 答案: 8, 置信度: 1.0
2025-08-07 20:59:54,219 - INFO - 投票结果: 选择路径 0, 答案: 4, 置信度: 1.0
2025-08-07 20:59:54,219 - INFO - 投票结果: 选择路径 0, 答案: 120, 置信度: 1.0
2025-08-07 20:59:54,220 - INFO - 投票结果: 选择路径 0, 答案: 15, 置信度: 0.7
2025-08-07 20:59:54,220 - INFO - 投票结果: 选择路径 0, 答案: 539, 置信度: 0.9
2025-08-07 20:59:54,221 - INFO - 投票结果: 选择路径 3, 答案: 7300, 置信度: 0.2
2025-08-07 20:59:54,222 - INFO - 投票结果: 选择路径 0, 答案: 2, 置信度: 1.0
2025-08-07 20:59:54,222 - INFO - 投票结果: 选择路径 0, 答案: 15, 置信度: 1.0
2025-08-07 20:59:54,223 - INFO - 投票结果: 选择路径 1, 答案: 17, 置信度: 0.5
2025-08-07 20:59:54,224 - INFO - 投票结果: 选择路径 1, 答案: 5, 置信度: 0.3
2025-08-07 20:59:54,224 - INFO - 投票结果: 选择路径 0, 答案: 7425, 置信度: 0.8
2025-08-07 20:59:54,225 - INFO - 投票结果: 选择路径 0, 答案: 8, 置信度: 1.0
2025-08-07 20:59:54,226 - INFO - 投票结果: 选择路径 1, 答案: 6, 置信度: 0.3
2025-08-07 20:59:54,226 - INFO - 投票结果: 选择路径 1, 答案: 100, 置信度: 0.8
2025-08-07 20:59:54,227 - INFO - 投票结果: 选择路径 0, 答案: 36, 置信度: 1.0
2025-08-07 20:59:54,228 - INFO - 投票结果: 选择路径 0, 答案: 20, 置信度: 0.7
2025-08-07 20:59:54,228 - INFO - 投票结果: 选择路径 0, 答案: 32, 置信度: 1.0
2025-08-07 20:59:54,229 - INFO - 投票结果: 选择路径 2, 答案: 45, 置信度: 0.7
2025-08-07 20:59:54,230 - INFO - 投票结果: 选择路径 0, 答案: 27, 置信度: 1.0
2025-08-07 20:59:54,230 - INFO - 投票结果: 选择路径 0, 答案: 7.5, 置信度: 1.0
2025-08-07 20:59:54,231 - INFO - 投票结果: 选择路径 0, 答案: 98, 置信度: 1.0
2025-08-07 20:59:54,232 - INFO - 投票结果: 选择路径 0, 答案: 4, 置信度: 0.9
2025-08-07 20:59:54,232 - INFO - 投票结果: 选择路径 0, 答案: 6, 置信度: 0.5
2025-08-07 20:59:54,233 - INFO - 投票结果: 选择路径 0, 答案: 30, 置信度: 0.5
2025-08-07 20:59:54,234 - INFO - 投票结果: 选择路径 0, 答案: 10, 置信度: 1.0
2025-08-07 20:59:54,234 - INFO - 投票结果: 选择路径 0, 答案: 250, 置信度: 0.5
2025-08-07 20:59:54,235 - INFO - 投票结果: 选择路径 0, 答案: 156, 置信度: 0.5
2025-08-07 20:59:54,236 - INFO - 投票结果: 选择路径 0, 答案: 1375, 置信度: 1.0
2025-08-07 20:59:54,236 - INFO - 投票结果: 选择路径 0, 答案: 8, 置信度: 1.0
2025-08-07 20:59:54,237 - INFO - 投票结果: 选择路径 0, 答案: 245, 置信度: 0.3
2025-08-07 20:59:54,238 - INFO - 投票结果: 选择路径 0, 答案: 6, 置信度: 0.9
2025-08-07 20:59:54,238 - INFO - 投票结果: 选择路径 0, 答案: 840, 置信度: 1.0
2025-08-07 20:59:54,239 - INFO - 投票结果: 选择路径 0, 答案: 40, 置信度: 0.9
2025-08-07 20:59:54,240 - INFO - 投票结果: 选择路径 0, 答案: 300, 置信度: 0.4
2025-08-07 20:59:54,240 - INFO - 投票结果: 选择路径 0, 答案: 10, 置信度: 1.0
2025-08-07 20:59:54,241 - INFO - 投票结果: 选择路径 1, 答案: 3430, 置信度: 0.4
2025-08-07 20:59:54,242 - INFO - 投票结果: 选择路径 0, 答案: 16, 置信度: 1.0
2025-08-07 20:59:54,242 - INFO - 投票结果: 选择路径 0, 答案: 17, 置信度: 1.0
2025-08-07 20:59:54,243 - INFO - 投票结果: 选择路径 1, 答案: 2, 置信度: 0.9
2025-08-07 20:59:54,244 - INFO - 投票结果: 选择路径 0, 答案: 14, 置信度: 1.0
2025-08-07 20:59:54,244 - INFO - 投票结果: 选择路径 0, 答案: 27, 置信度: 0.8
2025-08-07 20:59:54,245 - INFO - 投票结果: 选择路径 0, 答案: 84, 置信度: 1.0
2025-08-07 20:59:54,246 - INFO - 投票结果: 选择路径 0, 答案: 70, 置信度: 0.8
2025-08-07 20:59:54,246 - INFO - 投票结果: 选择路径 0, 答案: 20, 置信度: 1.0
2025-08-07 20:59:54,247 - INFO - 投票结果: 选择路径 3, 答案: 730, 置信度: 0.3
2025-08-07 20:59:54,248 - INFO - 投票结果: 选择路径 0, 答案: 15, 置信度: 0.5
2025-08-07 20:59:54,248 - INFO - 投票结果: 选择路径 0, 答案: 736, 置信度: 0.9
2025-08-07 20:59:54,249 - INFO - 投票结果: 选择路径 0, 答案: 42, 置信度: 1.0
2025-08-07 20:59:54,250 - INFO - 投票结果: 选择路径 0, 答案: 9, 置信度: 0.4
2025-08-07 20:59:54,250 - INFO - 投票结果: 选择路径 0, 答案: 34, 置信度: 0.4
2025-08-07 20:59:54,251 - INFO - 投票结果: 选择路径 1, 答案: 465, 置信度: 0.5
2025-08-07 20:59:54,252 - INFO - 投票结果: 选择路径 1, 答案: 17, 置信度: 0.4
2025-08-07 20:59:54,253 - INFO - 投票结果: 选择路径 0, 答案: 360, 置信度: 1.0
2025-08-07 20:59:54,253 - INFO - 投票结果: 选择路径 0, 答案: 10800, 置信度: 0.9
2025-08-07 20:59:54,254 - INFO - 投票结果: 选择路径 1, 答案: 78, 置信度: 0.2
2025-08-07 20:59:54,255 - INFO - 投票结果: 选择路径 1, 答案: 112000, 置信度: 0.2
2025-08-07 20:59:54,255 - INFO - 投票结果: 选择路径 0, 答案: 6, 置信度: 0.5
2025-08-07 20:59:54,256 - INFO - 投票结果: 选择路径 0, 答案: 40, 置信度: 0.3
2025-08-07 20:59:54,257 - INFO - 投票结果: 选择路径 0, 答案: 88, 置信度: 1.0
2025-08-07 20:59:54,257 - INFO - 投票结果: 选择路径 0, 答案: 12, 置信度: 1.0
2025-08-07 20:59:54,258 - INFO - 投票结果: 选择路径 1, 答案: 3, 置信度: 0.3
2025-08-07 20:59:54,259 - INFO - 投票结果: 选择路径 3, 答案: 16, 置信度: 0.5
2025-08-07 20:59:54,260 - INFO - 投票结果: 选择路径 0, 答案: 2, 置信度: 0.4
2025-08-07 20:59:54,260 - INFO - 投票结果: 选择路径 0, 答案: 55, 置信度: 0.2
2025-08-07 20:59:54,261 - INFO - 投票结果: 选择路径 0, 答案: 6, 置信度: 1.0
2025-08-07 20:59:54,262 - INFO - 投票结果: 选择路径 0, 答案: 4, 置信度: 1.0
2025-08-07 20:59:54,262 - INFO - 投票结果: 选择路径 0, 答案: 20, 置信度: 1.0
2025-08-07 20:59:54,263 - INFO - 投票结果: 选择路径 0, 答案: 800, 置信度: 1.0
2025-08-07 20:59:54,264 - INFO - 投票结果: 选择路径 0, 答案: 1, 置信度: 1.0
2025-08-07 20:59:54,264 - INFO - 投票结果: 选择路径 0, 答案: 50, 置信度: 1.0
2025-08-07 20:59:54,265 - INFO - 投票结果: 选择路径 0, 答案: 72, 置信度: 0.3
2025-08-07 20:59:54,266 - INFO - 投票结果: 选择路径 0, 答案: 7, 置信度: 0.7
2025-08-07 20:59:54,266 - INFO - 投票结果: 选择路径 0, 答案: 63, 置信度: 1.0
2025-08-07 20:59:54,267 - INFO - 投票结果: 选择路径 0, 答案: 9, 置信度: 0.8
2025-08-07 20:59:54,268 - INFO - 投票结果: 选择路径 0, 答案: 42, 置信度: 1.0
2025-08-07 20:59:54,268 - INFO - 投票结果: 选择路径 0, 答案: 5, 置信度: 0.6
2025-08-07 20:59:54,269 - INFO - 投票结果: 选择路径 0, 答案: 240, 置信度: 0.9
2025-08-07 20:59:54,270 - INFO - 投票结果: 选择路径 0, 答案: 1000, 置信度: 1.0
2025-08-07 20:59:54,270 - INFO - 投票结果: 选择路径 0, 答案: 109, 置信度: 1.0
2025-08-07 20:59:54,271 - INFO - 投票结果: 选择路径 0, 答案: 140, 置信度: 1.0
2025-08-07 20:59:54,271 - INFO - 投票结果: 选择路径 0, 答案: 55, 置信度: 1.0
2025-08-07 20:59:54,272 - INFO - 投票结果: 选择路径 0, 答案: 16, 置信度: 1.0
2025-08-07 20:59:54,273 - INFO - 投票结果: 选择路径 0, 答案: 272, 置信度: 0.3
2025-08-07 20:59:54,273 - INFO - 投票结果: 选择路径 0, 答案: 110, 置信度: 1.0
2025-08-07 20:59:54,274 - INFO - 投票结果: 选择路径 0, 答案: 13, 置信度: 1.0
2025-08-07 20:59:54,275 - INFO - 投票结果: 选择路径 1, 答案: 5, 置信度: 0.5
2025-08-07 20:59:54,275 - INFO - 投票结果: 选择路径 0, 答案: 48, 置信度: 1.0
2025-08-07 20:59:54,276 - INFO - 投票结果: 选择路径 0, 答案: 8, 置信度: 1.0
2025-08-07 20:59:54,277 - INFO - 投票结果: 选择路径 0, 答案: 8, 置信度: 1.0
2025-08-07 20:59:54,277 - INFO - 投票结果: 选择路径 0, 答案: 56, 置信度: 1.0
2025-08-07 20:59:54,278 - INFO - 投票结果: 选择路径 0, 答案: 3, 置信度: 0.9
2025-08-07 20:59:54,279 - INFO - 投票结果: 选择路径 0, 答案: 42, 置信度: 0.6
2025-08-07 20:59:54,280 - INFO - 投票结果: 选择路径 0, 答案: 4, 置信度: 0.7
2025-08-07 20:59:54,280 - INFO - 投票结果: 选择路径 0, 答案: 20000, 置信度: 1.0
2025-08-07 20:59:54,281 - INFO - 投票结果: 选择路径 1, 答案: 9, 置信度: 0.6
2025-08-07 20:59:54,282 - INFO - 投票结果: 选择路径 0, 答案: 52, 置信度: 1.0
2025-08-07 20:59:54,282 - INFO - 投票结果: 选择路径 1, 答案: 10, 置信度: 0.4
2025-08-07 20:59:54,283 - INFO - 投票结果: 选择路径 1, 答案: 110000, 置信度: 0.3
2025-08-07 20:59:54,284 - INFO - 投票结果: 选择路径 0, 答案: 45, 置信度: 1.0
2025-08-07 20:59:54,285 - INFO - 投票结果: 选择路径 0, 答案: 1, 置信度: 0.5
2025-08-07 20:59:54,285 - INFO - 投票结果: 选择路径 0, 答案: 5600, 置信度: 0.5
2025-08-07 20:59:54,286 - INFO - 投票结果: 选择路径 0, 答案: 7, 置信度: 1.0
2025-08-07 20:59:54,287 - INFO - 投票结果: 选择路径 0, 答案: 25, 置信度: 0.8
2025-08-07 20:59:54,287 - INFO - 投票结果: 选择路径 0, 答案: -91, 置信度: 0.6
2025-08-07 20:59:54,288 - INFO - 投票结果: 选择路径 0, 答案: 180, 置信度: 0.5
2025-08-07 20:59:54,289 - INFO - 投票结果: 选择路径 0, 答案: 24, 置信度: 0.5
2025-08-07 20:59:54,289 - INFO - 投票结果: 选择路径 0, 答案: 6, 置信度: 1.0
2025-08-07 20:59:54,290 - INFO - 投票结果: 选择路径 0, 答案: 40, 置信度: 1.0
2025-08-07 20:59:54,291 - INFO - 投票结果: 选择路径 0, 答案: -3, 置信度: 0.9
2025-08-07 20:59:54,291 - INFO - 投票结果: 选择路径 0, 答案: 224, 置信度: 0.8
2025-08-07 20:59:54,292 - INFO - 投票结果: 选择路径 0, 答案: 227, 置信度: 1.0
2025-08-07 20:59:54,293 - INFO - 投票结果: 选择路径 0, 答案: 762, 置信度: 1.0
2025-08-07 20:59:54,293 - INFO - 投票结果: 选择路径 1, 答案: 34, 置信度: 0.8
2025-08-07 20:59:54,294 - INFO - 投票结果: 选择路径 0, 答案: 2, 置信度: 0.8
2025-08-07 20:59:54,295 - INFO - 投票结果: 选择路径 0, 答案: 2, 置信度: 0.7
2025-08-07 20:59:54,295 - INFO - 投票结果: 选择路径 0, 答案: 23, 置信度: 0.2
2025-08-07 20:59:54,296 - INFO - 投票结果: 选择路径 0, 答案: 4, 置信度: 1.0
2025-08-07 20:59:54,297 - INFO - 投票结果: 选择路径 0, 答案: 110, 置信度: 1.0
2025-08-07 20:59:54,297 - INFO - 投票结果: 选择路径 0, 答案: 750, 置信度: 1.0
2025-08-07 20:59:54,298 - INFO - 投票结果: 选择路径 0, 答案: 240, 置信度: 0.9
2025-08-07 20:59:54,299 - INFO - 投票结果: 选择路径 1, 答案: 200, 置信度: 0.3
2025-08-07 20:59:54,300 - INFO - 投票结果: 选择路径 0, 答案: 105, 置信度: 0.8
2025-08-07 20:59:54,300 - INFO - 投票结果: 选择路径 0, 答案: 120, 置信度: 1.0
2025-08-07 20:59:54,301 - INFO - 投票结果: 选择路径 0, 答案: 240, 置信度: 1.0
2025-08-07 20:59:54,302 - INFO - 投票结果: 选择路径 0, 答案: 4000, 置信度: 0.8
2025-08-07 20:59:54,302 - INFO - 投票结果: 选择路径 0, 答案: 60, 置信度: 0.9
2025-08-07 20:59:54,303 - INFO - 投票结果: 选择路径 1, 答案: 36, 置信度: 0.8
2025-08-07 20:59:54,304 - INFO - 投票结果: 选择路径 1, 答案: 80, 置信度: 0.7
2025-08-07 20:59:54,304 - INFO - 投票结果: 选择路径 0, 答案: 240, 置信度: 0.4
2025-08-07 20:59:54,305 - INFO - 投票结果: 选择路径 0, 答案: 32, 置信度: 0.8
2025-08-07 20:59:54,306 - INFO - 投票结果: 选择路径 0, 答案: 940, 置信度: 0.8
2025-08-07 20:59:54,306 - INFO - 投票结果: 选择路径 0, 答案: 84, 置信度: 1.0
2025-08-07 20:59:54,307 - INFO - 投票结果: 选择路径 0, 答案: 2, 置信度: 0.8
2025-08-07 20:59:54,308 - INFO - 投票结果: 选择路径 0, 答案: 32, 置信度: 1.0
2025-08-07 20:59:54,308 - INFO - 投票结果: 选择路径 1, 答案: 12, 置信度: 0.6
2025-08-07 20:59:54,309 - INFO - 投票结果: 选择路径 0, 答案: 2, 置信度: 0.6
2025-08-07 20:59:54,309 - INFO - 投票结果: 选择路径 1, 答案: 9, 置信度: 0.2
2025-08-07 20:59:54,310 - INFO - 投票结果: 选择路径 0, 答案: 14, 置信度: 1.0
2025-08-07 20:59:54,311 - INFO - 投票结果: 选择路径 0, 答案: 448, 置信度: 0.7
2025-08-07 20:59:54,312 - INFO - 投票结果: 选择路径 0, 答案: 12, 置信度: 1.0
2025-08-07 20:59:54,312 - INFO - 投票结果: 选择路径 1, 答案: 1110, 置信度: 0.8
2025-08-07 20:59:54,313 - INFO - 投票结果: 选择路径 0, 答案: 2, 置信度: 0.4
2025-08-07 20:59:54,313 - INFO - 投票结果: 选择路径 0, 答案: 6, 置信度: 0.9
2025-08-07 20:59:54,314 - INFO - 投票结果: 选择路径 0, 答案: 28, 置信度: 0.9
2025-08-07 20:59:54,315 - INFO - 投票结果: 选择路径 0, 答案: 1200, 置信度: 0.7
2025-08-07 20:59:54,316 - INFO - 投票结果: 选择路径 0, 答案: 32, 置信度: 1.0
2025-08-07 20:59:54,317 - INFO - 投票结果: 选择路径 0, 答案: 60, 置信度: 0.9
2025-08-07 20:59:54,318 - INFO - 投票结果: 选择路径 0, 答案: 90, 置信度: 1.0
2025-08-07 20:59:54,318 - INFO - 投票结果: 选择路径 0, 答案: 77, 置信度: 0.2
2025-08-07 20:59:54,319 - INFO - 投票结果: 选择路径 0, 答案: 270, 置信度: 1.0
2025-08-07 20:59:54,320 - INFO - 投票结果: 选择路径 1, 答案: 56000, 置信度: 0.5
2025-08-07 20:59:54,320 - INFO - 投票结果: 选择路径 1, 答案: 72, 置信度: 0.8
2025-08-07 20:59:54,321 - INFO - 投票结果: 选择路径 1, 答案: 400, 置信度: 0.8
2025-08-07 20:59:54,322 - INFO - 投票结果: 选择路径 1, 答案: 12, 置信度: 0.7
2025-08-07 20:59:54,322 - INFO - 投票结果: 选择路径 1, 答案: 15, 置信度: 0.6
2025-08-07 20:59:54,323 - INFO - 投票结果: 选择路径 0, 答案: 54, 置信度: 0.7
2025-08-07 20:59:54,324 - INFO - 投票结果: 选择路径 1, 答案: 50, 置信度: 0.4
2025-08-07 20:59:54,324 - INFO - 投票结果: 选择路径 1, 答案: 4, 置信度: 0.9
2025-08-07 20:59:54,325 - INFO - 投票结果: 选择路径 0, 答案: 4, 置信度: 1.0
2025-08-07 20:59:54,326 - INFO - 投票结果: 选择路径 0, 答案: 17500, 置信度: 0.8
2025-08-07 20:59:54,326 - INFO - 投票结果: 选择路径 0, 答案: 8, 置信度: 1.0
2025-08-07 20:59:54,327 - INFO - 投票结果: 选择路径 0, 答案: 21, 置信度: 1.0
2025-08-07 20:59:54,328 - INFO - 投票结果: 选择路径 0, 答案: 18, 置信度: 0.4
2025-08-07 20:59:54,328 - INFO - 投票结果: 选择路径 0, 答案: 1, 置信度: 1.0
2025-08-07 20:59:54,329 - INFO - 投票结果: 选择路径 0, 答案: 193, 置信度: 1.0
2025-08-07 20:59:54,330 - INFO - 投票结果: 选择路径 0, 答案: 3, 置信度: 1.0
2025-08-07 20:59:54,330 - INFO - 投票结果: 选择路径 0, 答案: 131250, 置信度: 0.5
2025-08-07 20:59:54,331 - INFO - 投票结果: 选择路径 0, 答案: 24, 置信度: 0.9
2025-08-07 20:59:54,332 - INFO - 投票结果: 选择路径 3, 答案: 68, 置信度: 0.4
2025-08-07 20:59:54,332 - INFO - 投票结果: 选择路径 0, 答案: 490, 置信度: 1.0
2025-08-07 20:59:54,333 - INFO - 投票结果: 选择路径 1, 答案: 19, 置信度: 0.4
2025-08-07 20:59:54,334 - INFO - 投票结果: 选择路径 0, 答案: 60, 置信度: 0.6
2025-08-07 20:59:54,334 - INFO - 投票结果: 选择路径 0, 答案: 17, 置信度: 0.9
2025-08-07 20:59:54,335 - INFO - 投票结果: 选择路径 2, 答案: 6850000, 置信度: 0.2
2025-08-07 20:59:54,336 - INFO - 投票结果: 选择路径 0, 答案: 15, 置信度: 1.0
2025-08-07 20:59:54,336 - INFO - 投票结果: 选择路径 0, 答案: 80, 置信度: 0.7
2025-08-07 20:59:54,337 - INFO - 投票结果: 选择路径 0, 答案: 18, 置信度: 1.0
2025-08-07 20:59:54,338 - INFO - 投票结果: 选择路径 0, 答案: 30, 置信度: 1.0
2025-08-07 20:59:54,338 - INFO - 投票结果: 选择路径 0, 答案: 60, 置信度: 1.0
2025-08-07 20:59:54,339 - INFO - 投票结果: 选择路径 0, 答案: 260, 置信度: 1.0
2025-08-07 20:59:54,340 - INFO - 投票结果: 选择路径 0, 答案: 60, 置信度: 1.0
2025-08-07 20:59:54,340 - INFO - 投票结果: 选择路径 0, 答案: 75, 置信度: 0.5
2025-08-07 20:59:54,341 - INFO - 投票结果: 选择路径 0, 答案: 25, 置信度: 1.0
2025-08-07 20:59:54,342 - INFO - 投票结果: 选择路径 0, 答案: 53, 置信度: 0.7
2025-08-07 20:59:54,342 - INFO - 投票结果: 选择路径 0, 答案: 5, 置信度: 1.0
2025-08-07 20:59:54,343 - INFO - 投票结果: 选择路径 0, 答案: 84, 置信度: 0.7
2025-08-07 20:59:54,344 - INFO - 投票结果: 选择路径 2, 答案: 7, 置信度: 0.6
2025-08-07 20:59:54,344 - INFO - 投票结果: 选择路径 0, 答案: 2, 置信度: 1.0
2025-08-07 20:59:54,345 - INFO - 投票结果: 选择路径 0, 答案: 21, 置信度: 0.6
2025-08-07 20:59:54,346 - INFO - 投票结果: 选择路径 0, 答案: 8, 置信度: 1.0
2025-08-07 20:59:54,346 - INFO - 投票结果: 选择路径 2, 答案: 120, 置信度: 0.3
2025-08-07 20:59:54,347 - INFO - 投票结果: 选择路径 0, 答案: 90000, 置信度: 1.0
2025-08-07 20:59:54,348 - INFO - 投票结果: 选择路径 1, 答案: 2, 置信度: 0.9
2025-08-07 20:59:54,348 - INFO - 投票结果: 选择路径 0, 答案: 40, 置信度: 0.5
2025-08-07 20:59:54,349 - INFO - 投票结果: 选择路径 0, 答案: 2, 置信度: 0.6
2025-08-07 20:59:54,350 - INFO - 投票结果: 选择路径 0, 答案: 100, 置信度: 0.9
2025-08-07 20:59:54,350 - INFO - 投票结果: 选择路径 0, 答案: 30, 置信度: 1.0
2025-08-07 20:59:54,351 - INFO - 投票结果: 选择路径 0, 答案: 8, 置信度: 1.0
2025-08-07 20:59:54,352 - INFO - 投票结果: 选择路径 0, 答案: 31, 置信度: 0.9
2025-08-07 20:59:54,352 - INFO - 投票结果: 选择路径 2, 答案: 120000, 置信度: 0.4
2025-08-07 20:59:54,353 - INFO - 投票结果: 选择路径 0, 答案: 180, 置信度: 1.0
2025-08-07 20:59:54,354 - INFO - 投票结果: 选择路径 0, 答案: 3, 置信度: 1.0
2025-08-07 20:59:54,355 - INFO - 投票结果: 选择路径 0, 答案: 5, 置信度: 0.5
2025-08-07 20:59:54,355 - INFO - 投票结果: 选择路径 0, 答案: 5, 置信度: 1.0
2025-08-07 20:59:54,356 - INFO - 投票结果: 选择路径 0, 答案: 130000, 置信度: 1.0
2025-08-07 20:59:54,357 - INFO - 投票结果: 选择路径 0, 答案: 68, 置信度: 0.8
2025-08-07 20:59:54,357 - INFO - 投票结果: 选择路径 0, 答案: 78, 置信度: 0.9
2025-08-07 20:59:54,358 - INFO - 投票结果: 选择路径 0, 答案: 28, 置信度: 1.0
2025-08-07 20:59:54,359 - INFO - 投票结果: 选择路径 0, 答案: 15, 置信度: 1.0
2025-08-07 20:59:54,360 - INFO - 投票结果: 选择路径 0, 答案: 320, 置信度: 0.4
2025-08-07 20:59:54,361 - INFO - 投票结果: 选择路径 4, 答案: 38.89, 置信度: 0.4
2025-08-07 20:59:54,362 - INFO - 投票结果: 选择路径 1, 答案: 2400, 置信度: 0.6
2025-08-07 20:59:54,363 - INFO - 投票结果: 选择路径 0, 答案: 18, 置信度: 0.9
2025-08-07 20:59:54,363 - INFO - 投票结果: 选择路径 0, 答案: 90, 置信度: 1.0
2025-08-07 20:59:54,364 - INFO - 投票结果: 选择路径 0, 答案: 31, 置信度: 0.8
2025-08-07 20:59:54,365 - INFO - 投票结果: 选择路径 1, 答案: 400, 置信度: 0.3
2025-08-07 20:59:54,365 - INFO - 投票结果: 选择路径 1, 答案: 180, 置信度: 0.6
2025-08-07 20:59:54,366 - INFO - 投票结果: 选择路径 0, 答案: 7, 置信度: 1.0
2025-08-07 20:59:54,367 - INFO - 投票结果: 选择路径 0, 答案: 75, 置信度: 0.6
2025-08-07 20:59:54,367 - INFO - 投票结果: 选择路径 0, 答案: 650, 置信度: 1.0
2025-08-07 20:59:54,368 - INFO - 投票结果: 选择路径 0, 答案: 310, 置信度: 0.7
2025-08-07 20:59:54,369 - INFO - 投票结果: 选择路径 0, 答案: 12, 置信度: 0.6
2025-08-07 20:59:54,369 - INFO - 投票结果: 选择路径 0, 答案: 5, 置信度: 1.0
2025-08-07 20:59:54,370 - INFO - 投票结果: 选择路径 0, 答案: 29, 置信度: 1.0
2025-08-07 20:59:54,371 - INFO - 投票结果: 选择路径 1, 答案: 140, 置信度: 0.9
2025-08-07 20:59:54,371 - INFO - 投票结果: 选择路径 0, 答案: 30, 置信度: 1.0
2025-08-07 20:59:54,372 - INFO - 投票结果: 选择路径 2, 答案: 40, 置信度: 0.6
2025-08-07 20:59:54,373 - INFO - 投票结果: 选择路径 0, 答案: 100, 置信度: 1.0
2025-08-07 20:59:54,373 - INFO - 投票结果: 选择路径 0, 答案: 35, 置信度: 1.0
2025-08-07 20:59:54,374 - INFO - 投票结果: 选择路径 0, 答案: 79, 置信度: 1.0
2025-08-07 20:59:54,375 - INFO - 投票结果: 选择路径 3, 答案: 2, 置信度: 0.5
2025-08-07 20:59:54,375 - INFO - 投票结果: 选择路径 0, 答案: 4, 置信度: 1.0
2025-08-07 20:59:54,376 - INFO - 投票结果: 选择路径 0, 答案: 6, 置信度: 1.0
2025-08-07 20:59:54,377 - INFO - 投票结果: 选择路径 0, 答案: 32, 置信度: 1.0
2025-08-07 20:59:54,377 - INFO - 投票结果: 选择路径 0, 答案: 112, 置信度: 1.0
2025-08-07 20:59:54,378 - INFO - 投票结果: 选择路径 0, 答案: 54, 置信度: 0.3
2025-08-07 20:59:54,379 - INFO - 投票结果: 选择路径 0, 答案: 450, 置信度: 0.8
2025-08-07 20:59:54,379 - INFO - 投票结果: 选择路径 0, 答案: 6000, 置信度: 0.6
2025-08-07 20:59:54,380 - INFO - 投票结果: 选择路径 0, 答案: 450, 置信度: 1.0
2025-08-07 20:59:54,381 - INFO - 投票结果: 选择路径 0, 答案: 6, 置信度: 1.0
2025-08-07 20:59:54,381 - INFO - 投票结果: 选择路径 3, 答案: 16, 置信度: 0.3
2025-08-07 20:59:54,382 - INFO - 投票结果: 选择路径 0, 答案: 144, 置信度: 1.0
2025-08-07 20:59:54,383 - INFO - 投票结果: 选择路径 0, 答案: 8, 置信度: 0.8
2025-08-07 20:59:54,383 - INFO - 投票结果: 选择路径 0, 答案: 2125, 置信度: 1.0
2025-08-07 20:59:54,384 - INFO - 投票结果: 选择路径 0, 答案: 65, 置信度: 0.7
2025-08-07 20:59:54,385 - INFO - 投票结果: 选择路径 0, 答案: 13, 置信度: 1.0
2025-08-07 20:59:54,385 - INFO - 投票结果: 选择路径 0, 答案: 112, 置信度: 0.5
2025-08-07 20:59:54,386 - INFO - 投票结果: 选择路径 0, 答案: 133, 置信度: 1.0
2025-08-07 20:59:54,387 - INFO - 投票结果: 选择路径 0, 答案: 100, 置信度: 1.0
2025-08-07 20:59:54,387 - INFO - 投票结果: 选择路径 0, 答案: 350, 置信度: 0.9
2025-08-07 20:59:54,388 - INFO - 投票结果: 选择路径 0, 答案: 44.4, 置信度: 0.5
2025-08-07 20:59:54,389 - INFO - 投票结果: 选择路径 0, 答案: 105, 置信度: 1.0
2025-08-07 20:59:54,389 - INFO - 投票结果: 选择路径 0, 答案: 8, 置信度: 0.6
2025-08-07 20:59:54,390 - INFO - 投票结果: 选择路径 0, 答案: 860, 置信度: 1.0
2025-08-07 20:59:54,391 - INFO - 投票结果: 选择路径 0, 答案: 72, 置信度: 1.0
2025-08-07 20:59:54,391 - INFO - 投票结果: 选择路径 0, 答案: 50, 置信度: 0.3
2025-08-07 20:59:54,392 - INFO - 投票结果: 选择路径 0, 答案: 1, 置信度: 1.0
2025-08-07 20:59:54,393 - INFO - 投票结果: 选择路径 0, 答案: 1, 置信度: 0.4
2025-08-07 20:59:54,393 - INFO - 投票结果: 选择路径 0, 答案: 36, 置信度: 0.8
2025-08-07 20:59:54,394 - INFO - 投票结果: 选择路径 0, 答案: 140, 置信度: 1.0
2025-08-07 20:59:54,395 - INFO - 投票结果: 选择路径 0, 答案: 20, 置信度: 0.8
2025-08-07 20:59:54,395 - INFO - 投票结果: 选择路径 0, 答案: 1800, 置信度: 0.6
2025-08-07 20:59:54,396 - INFO - 投票结果: 选择路径 1, 答案: 25, 置信度: 0.7
2025-08-07 20:59:54,397 - INFO - 投票结果: 选择路径 0, 答案: 147, 置信度: 0.9
2025-08-07 20:59:54,397 - INFO - 投票结果: 选择路径 0, 答案: 10, 置信度: 1.0
2025-08-07 20:59:54,398 - INFO - 投票结果: 选择路径 0, 答案: 25, 置信度: 1.0
2025-08-07 20:59:54,399 - INFO - 投票结果: 选择路径 0, 答案: 32, 置信度: 1.0
2025-08-07 20:59:54,400 - INFO - 投票结果: 选择路径 0, 答案: 276, 置信度: 1.0
2025-08-07 20:59:54,400 - INFO - 投票结果: 选择路径 2, 答案: 16, 置信度: 0.4
2025-08-07 20:59:54,401 - INFO - 投票结果: 选择路径 0, 答案: 30, 置信度: 1.0
2025-08-07 20:59:54,402 - INFO - 投票结果: 选择路径 0, 答案: 56, 置信度: 0.5
2025-08-07 20:59:54,402 - INFO - 投票结果: 选择路径 0, 答案: 8000, 置信度: 1.0
2025-08-07 20:59:54,403 - INFO - 投票结果: 选择路径 1, 答案: 50, 置信度: 0.3
2025-08-07 20:59:54,404 - INFO - 投票结果: 选择路径 0, 答案: 84, 置信度: 0.7
2025-08-07 20:59:54,404 - INFO - 投票结果: 选择路径 0, 答案: 50, 置信度: 1.0
2025-08-07 20:59:54,405 - INFO - 投票结果: 选择路径 0, 答案: 50, 置信度: 1.0
2025-08-07 20:59:54,406 - INFO - 投票结果: 选择路径 0, 答案: 320, 置信度: 0.9
2025-08-07 20:59:54,407 - INFO - 投票结果: 选择路径 0, 答案: 38, 置信度: 1.0
2025-08-07 20:59:54,407 - INFO - 投票结果: 选择路径 0, 答案: 34, 置信度: 0.7
2025-08-07 20:59:54,408 - INFO - 投票结果: 选择路径 0, 答案: 594, 置信度: 1.0
2025-08-07 20:59:54,409 - INFO - 投票结果: 选择路径 2, 答案: 7, 置信度: 0.6
2025-08-07 20:59:54,409 - INFO - 投票结果: 选择路径 0, 答案: 98, 置信度: 0.8
2025-08-07 20:59:54,410 - INFO - 投票结果: 选择路径 0, 答案: 123, 置信度: 1.0
2025-08-07 20:59:54,411 - INFO - 投票结果: 选择路径 0, 答案: 27, 置信度: 1.0
2025-08-07 20:59:54,411 - INFO - 投票结果: 选择路径 0, 答案: 145, 置信度: 1.0
2025-08-07 20:59:54,412 - INFO - 投票结果: 选择路径 0, 答案: 23, 置信度: 0.9
2025-08-07 20:59:54,413 - INFO - 投票结果: 选择路径 0, 答案: 14, 置信度: 1.0
2025-08-07 20:59:54,414 - INFO - 投票结果: 选择路径 1, 答案: 18, 置信度: 0.8
2025-08-07 20:59:54,415 - INFO - 投票结果: 选择路径 0, 答案: 21, 置信度: 1.0
2025-08-07 20:59:54,415 - INFO - 投票结果: 选择路径 0, 答案: 40000, 置信度: 1.0
2025-08-07 20:59:54,416 - INFO - 投票结果: 选择路径 3, 答案: 90, 置信度: 0.5
2025-08-07 20:59:54,417 - INFO - 投票结果: 选择路径 2, 答案: 11050, 置信度: 0.6
2025-08-07 20:59:54,417 - INFO - 投票结果: 选择路径 0, 答案: 1520, 置信度: 1.0
2025-08-07 20:59:54,418 - INFO - 投票结果: 选择路径 0, 答案: 16, 置信度: 0.3
2025-08-07 20:59:54,419 - INFO - 投票结果: 选择路径 0, 答案: 8000, 置信度: 0.5
2025-08-07 20:59:54,419 - INFO - 投票结果: 选择路径 0, 答案: 93, 置信度: 0.9
2025-08-07 20:59:54,420 - INFO - 投票结果: 选择路径 0, 答案: 40, 置信度: 0.7
2025-08-07 20:59:54,421 - INFO - 投票结果: 选择路径 0, 答案: 15, 置信度: 1.0
2025-08-07 20:59:54,421 - INFO - 投票结果: 选择路径 0, 答案: 66, 置信度: 1.0
2025-08-07 20:59:54,422 - INFO - 投票结果: 选择路径 0, 答案: 5, 置信度: 1.0
2025-08-07 20:59:54,423 - INFO - 投票结果: 选择路径 0, 答案: 5, 置信度: 1.0
2025-08-07 20:59:54,424 - INFO - 投票结果: 选择路径 0, 答案: 0.5, 置信度: 0.9
2025-08-07 20:59:54,424 - INFO - 投票结果: 选择路径 0, 答案: 1430, 置信度: 1.0
2025-08-07 20:59:54,425 - INFO - 投票结果: 选择路径 0, 答案: 36, 置信度: 0.9
2025-08-07 20:59:54,426 - INFO - 投票结果: 选择路径 0, 答案: 80, 置信度: 0.9
2025-08-07 20:59:54,426 - INFO - 投票结果: 选择路径 0, 答案: 29, 置信度: 0.8
2025-08-07 20:59:54,427 - INFO - 投票结果: 选择路径 0, 答案: 122, 置信度: 1.0
2025-08-07 20:59:54,428 - INFO - 投票结果: 选择路径 0, 答案: 60, 置信度: 1.0
2025-08-07 20:59:54,428 - INFO - 投票结果: 选择路径 2, 答案: 145, 置信度: 0.5
2025-08-07 20:59:54,429 - INFO - 投票结果: 选择路径 0, 答案: 21, 置信度: 1.0
2025-08-07 20:59:54,430 - INFO - 投票结果: 选择路径 0, 答案: 45, 置信度: 0.9
2025-08-07 20:59:54,430 - INFO - 投票结果: 选择路径 0, 答案: 273, 置信度: 1.0
2025-08-07 20:59:54,431 - INFO - 投票结果: 选择路径 0, 答案: 12, 置信度: 0.3
2025-08-07 20:59:54,432 - INFO - 投票结果: 选择路径 1, 答案: 5, 置信度: 0.8
2025-08-07 20:59:54,432 - INFO - 投票结果: 选择路径 0, 答案: 1, 置信度: 0.9
2025-08-07 20:59:54,433 - INFO - 投票结果: 选择路径 1, 答案: 1880, 置信度: 0.6
2025-08-07 20:59:54,450 - INFO - 正确率: 82.87%
2025-08-07 20:59:54,732 - INFO - 结果已保存到: /cephfs/shared/sunyifan/Min-p-CoT/grid_search_results/Llama-3.2-3B-Instruct_GSM8k_test_0.1_interval/minp_0.4_0.2_0.7_0.9_temp_0.7/min_p_cot_results_4-step-CoT_Llama-3.2-3B-Instruct_GSM8k_test_0.4_0.2_0.7_0.9_vote10_majority_run3.json
2025-08-07 20:59:54,733 - INFO - 实验完成!
2025-08-07 20:59:54,828 - INFO - 实验 25 (第 3/3 次) 完成，准确率: 82.87%
2025-08-07 20:59:54,830 - INFO - 实验 25 完成: 平均准确率 82.99% ± 0.35% (范围: 82.64%-83.47%), 成功运行 3/3 次
2025-08-07 20:59:54,831 - INFO - 开始运行实验 26，min-p值 = [0.4, 0.2, 0.7, 0.9], 温度 = 1.0，共 3 次
2025-08-07 20:59:54,832 - INFO - 开始实验 26 (第 1/3 次): min-p值 = [0.4, 0.2, 0.7, 0.9], 温度 = 1.0
2025-08-07 20:59:54,862 - INFO - 创建配置文件: /cephfs/shared/sunyifan/Min-p-CoT/grid_search_results/Llama-3.2-3B-Instruct_GSM8k_test_0.1_interval/minp_0.4_0.2_0.7_0.9_temp_1.0/config_experiment_0.4_0.2_0.7_0.9_temp_1.0.json
2025-08-07 20:59:54,866 - INFO - 配置文件验证通过
2025-08-07 20:59:54,868 - INFO - 随机种子已设置为: 42
2025-08-07 20:59:54,870 - INFO - 使用已提供的模型实例: Llama-3.2-3B-Instruct
2025-08-07 20:59:54,871 - INFO - 加载数据集: GSM8k_test
2025-08-07 20:59:54,873 - INFO - 随机种子已设置为: 42
2025-08-07 20:59:54,879 - INFO - 数据集加载完成，共 1319 条数据，已打乱顺序
2025-08-07 20:59:54,880 - INFO - 使用投票机制，每个问题生成 10 条路径
2025-08-07 20:59:54,880 - INFO - 批量生成模式：为 1319 个问题各生成 10 条路径
2025-08-07 20:59:54,882 - INFO - 开始CoT生成，共4个步骤:
2025-08-07 20:59:54,883 - INFO - 开始CoT步骤 1，min_p=0.4
2025-08-07 20:59:57,280 - INFO - 开始CoT步骤 2，min_p=0.2
2025-08-07 21:00:09,455 - INFO - 开始CoT步骤 3，min_p=0.7
2025-08-07 21:00:20,455 - INFO - 开始CoT步骤 4，min_p=0.9
2025-08-07 21:00:25,039 - INFO - CoT生成完成，共 1319 条CoT
2025-08-07 21:00:25,062 - INFO - 开始CoT生成，共4个步骤:
2025-08-07 21:00:25,063 - INFO - 开始CoT步骤 1，min_p=0.4
2025-08-07 21:00:27,339 - INFO - 开始CoT步骤 2，min_p=0.2
2025-08-07 21:00:39,582 - INFO - 开始CoT步骤 3，min_p=0.7
2025-08-07 21:00:50,304 - INFO - 开始CoT步骤 4，min_p=0.9
2025-08-07 21:00:55,368 - INFO - CoT生成完成，共 1319 条CoT
2025-08-07 21:00:55,393 - INFO - 开始CoT生成，共4个步骤:
2025-08-07 21:00:55,395 - INFO - 开始CoT步骤 1，min_p=0.4
2025-08-07 21:00:57,760 - INFO - 开始CoT步骤 2，min_p=0.2
2025-08-07 21:01:09,945 - INFO - 开始CoT步骤 3，min_p=0.7
2025-08-07 21:01:20,868 - INFO - 开始CoT步骤 4，min_p=0.9
2025-08-07 21:01:25,994 - INFO - CoT生成完成，共 1319 条CoT
2025-08-07 21:01:26,018 - INFO - 开始CoT生成，共4个步骤:
2025-08-07 21:01:26,020 - INFO - 开始CoT步骤 1，min_p=0.4
2025-08-07 21:01:28,434 - INFO - 开始CoT步骤 2，min_p=0.2
2025-08-07 21:01:41,177 - INFO - 开始CoT步骤 3，min_p=0.7
2025-08-07 21:01:52,382 - INFO - 开始CoT步骤 4，min_p=0.9
2025-08-07 21:01:57,602 - INFO - CoT生成完成，共 1319 条CoT
2025-08-07 21:01:57,637 - INFO - 开始CoT生成，共4个步骤:
2025-08-07 21:01:57,639 - INFO - 开始CoT步骤 1，min_p=0.4
2025-08-07 21:01:59,992 - INFO - 开始CoT步骤 2，min_p=0.2
2025-08-07 21:02:12,095 - INFO - 开始CoT步骤 3，min_p=0.7
2025-08-07 21:02:23,257 - INFO - 开始CoT步骤 4，min_p=0.9
2025-08-07 21:02:27,754 - INFO - CoT生成完成，共 1319 条CoT
2025-08-07 21:02:27,777 - INFO - 开始CoT生成，共4个步骤:
2025-08-07 21:02:27,779 - INFO - 开始CoT步骤 1，min_p=0.4
2025-08-07 21:02:30,476 - INFO - 开始CoT步骤 2，min_p=0.2
2025-08-07 21:02:43,016 - INFO - 开始CoT步骤 3，min_p=0.7
2025-08-07 21:02:53,774 - INFO - 开始CoT步骤 4，min_p=0.9
2025-08-07 21:02:58,214 - INFO - CoT生成完成，共 1319 条CoT
2025-08-07 21:02:58,237 - INFO - 开始CoT生成，共4个步骤:
2025-08-07 21:02:58,238 - INFO - 开始CoT步骤 1，min_p=0.4
2025-08-07 21:03:00,902 - INFO - 开始CoT步骤 2，min_p=0.2
2025-08-07 21:03:13,303 - INFO - 开始CoT步骤 3，min_p=0.7
2025-08-07 21:03:24,545 - INFO - 开始CoT步骤 4，min_p=0.9
2025-08-07 21:03:29,325 - INFO - CoT生成完成，共 1319 条CoT
2025-08-07 21:03:29,346 - INFO - 开始CoT生成，共4个步骤:
2025-08-07 21:03:29,348 - INFO - 开始CoT步骤 1，min_p=0.4
2025-08-07 21:03:31,999 - INFO - 开始CoT步骤 2，min_p=0.2
2025-08-07 21:03:44,305 - INFO - 开始CoT步骤 3，min_p=0.7
2025-08-07 21:03:55,150 - INFO - 开始CoT步骤 4，min_p=0.9
2025-08-07 21:04:00,259 - INFO - CoT生成完成，共 1319 条CoT
2025-08-07 21:04:00,283 - INFO - 开始CoT生成，共4个步骤:
2025-08-07 21:04:00,285 - INFO - 开始CoT步骤 1，min_p=0.4
2025-08-07 21:04:02,654 - INFO - 开始CoT步骤 2，min_p=0.2
2025-08-07 21:04:14,973 - INFO - 开始CoT步骤 3，min_p=0.7
2025-08-07 21:04:25,599 - INFO - 开始CoT步骤 4，min_p=0.9
2025-08-07 21:04:30,704 - INFO - CoT生成完成，共 1319 条CoT
2025-08-07 21:04:30,725 - INFO - 开始CoT生成，共4个步骤:
2025-08-07 21:04:30,727 - INFO - 开始CoT步骤 1，min_p=0.4
2025-08-07 21:04:33,135 - INFO - 开始CoT步骤 2，min_p=0.2
2025-08-07 21:04:45,438 - INFO - 开始CoT步骤 3，min_p=0.7
2025-08-07 21:04:56,242 - INFO - 开始CoT步骤 4，min_p=0.9
2025-08-07 21:05:01,269 - INFO - CoT生成完成，共 1319 条CoT
2025-08-07 21:05:01,293 - INFO - 批量生成完成：共生成 1319 组路径，每组 10 条
2025-08-07 21:05:01,295 - INFO - 投票结果: 选择路径 0, 答案: 52, 置信度: 0.8
2025-08-07 21:05:01,295 - INFO - 投票结果: 选择路径 0, 答案: 5, 置信度: 1.0
2025-08-07 21:05:01,296 - INFO - 投票结果: 选择路径 0, 答案: 83, 置信度: 0.7
2025-08-07 21:05:01,297 - INFO - 投票结果: 选择路径 0, 答案: 10, 置信度: 1.0
2025-08-07 21:05:01,298 - INFO - 投票结果: 选择路径 0, 答案: 70, 置信度: 0.6
2025-08-07 21:05:01,298 - INFO - 投票结果: 选择路径 1, 答案: 36, 置信度: 0.8
2025-08-07 21:05:01,299 - INFO - 投票结果: 选择路径 0, 答案: 48, 置信度: 1.0
2025-08-07 21:05:01,300 - INFO - 投票结果: 选择路径 0, 答案: 16, 置信度: 1.0
2025-08-07 21:05:01,300 - INFO - 投票结果: 选择路径 1, 答案: 4.64, 置信度: 0.5
2025-08-07 21:05:01,301 - INFO - 投票结果: 选择路径 0, 答案: 48, 置信度: 1.0
2025-08-07 21:05:01,302 - INFO - 投票结果: 选择路径 0, 答案: 90, 置信度: 1.0
2025-08-07 21:05:01,302 - INFO - 投票结果: 选择路径 0, 答案: 10, 置信度: 1.0
2025-08-07 21:05:01,303 - INFO - 投票结果: 选择路径 0, 答案: 7, 置信度: 0.2
2025-08-07 21:05:01,304 - INFO - 投票结果: 选择路径 0, 答案: 50000, 置信度: 0.4
2025-08-07 21:05:01,304 - INFO - 投票结果: 选择路径 0, 答案: 18, 置信度: 0.8
2025-08-07 21:05:01,305 - INFO - 投票结果: 选择路径 0, 答案: 140, 置信度: 1.0
2025-08-07 21:05:01,306 - INFO - 投票结果: 选择路径 0, 答案: 17, 置信度: 0.7
2025-08-07 21:05:01,306 - INFO - 投票结果: 选择路径 0, 答案: 68, 置信度: 1.0
2025-08-07 21:05:01,307 - INFO - 投票结果: 选择路径 0, 答案: 8, 置信度: 1.0
2025-08-07 21:05:01,308 - INFO - 投票结果: 选择路径 0, 答案: 14, 置信度: 1.0
2025-08-07 21:05:01,308 - INFO - 投票结果: 选择路径 1, 答案: 50, 置信度: 0.4
2025-08-07 21:05:01,309 - INFO - 投票结果: 选择路径 0, 答案: 100, 置信度: 1.0
2025-08-07 21:05:01,310 - INFO - 投票结果: 选择路径 1, 答案: 125, 置信度: 0.3
2025-08-07 21:05:01,310 - INFO - 投票结果: 选择路径 0, 答案: 48, 置信度: 0.6
2025-08-07 21:05:01,311 - INFO - 投票结果: 选择路径 0, 答案: 16400, 置信度: 0.5
2025-08-07 21:05:01,312 - INFO - 投票结果: 选择路径 0, 答案: 250, 置信度: 0.9
2025-08-07 21:05:01,312 - INFO - 投票结果: 选择路径 0, 答案: 20, 置信度: 0.2
2025-08-07 21:05:01,313 - INFO - 投票结果: 选择路径 0, 答案: 1490, 置信度: 0.6
2025-08-07 21:05:01,314 - INFO - 投票结果: 选择路径 0, 答案: 11, 置信度: 0.7
2025-08-07 21:05:01,314 - INFO - 投票结果: 选择路径 1, 答案: 106, 置信度: 0.9
2025-08-07 21:05:01,315 - INFO - 投票结果: 选择路径 2, 答案: 84, 置信度: 0.3
2025-08-07 21:05:01,316 - INFO - 投票结果: 选择路径 0, 答案: 15, 置信度: 1.0
2025-08-07 21:05:01,317 - INFO - 投票结果: 选择路径 0, 答案: 4, 置信度: 1.0
2025-08-07 21:05:01,317 - INFO - 投票结果: 选择路径 0, 答案: 82, 置信度: 0.8
2025-08-07 21:05:01,318 - INFO - 投票结果: 选择路径 0, 答案: 2, 置信度: 0.8
2025-08-07 21:05:01,319 - INFO - 投票结果: 选择路径 0, 答案: 51, 置信度: 0.5
2025-08-07 21:05:01,319 - INFO - 投票结果: 选择路径 1, 答案: 4, 置信度: 0.8
2025-08-07 21:05:01,320 - INFO - 投票结果: 选择路径 0, 答案: 100, 置信度: 1.0
2025-08-07 21:05:01,321 - INFO - 投票结果: 选择路径 0, 答案: 2475, 置信度: 0.2
2025-08-07 21:05:01,321 - INFO - 投票结果: 选择路径 0, 答案: 188, 置信度: 1.0
2025-08-07 21:05:01,322 - INFO - 投票结果: 选择路径 0, 答案: 30, 置信度: 0.7
2025-08-07 21:05:01,323 - INFO - 投票结果: 选择路径 0, 答案: 30, 置信度: 0.9
2025-08-07 21:05:01,323 - INFO - 投票结果: 选择路径 0, 答案: 240, 置信度: 1.0
2025-08-07 21:05:01,324 - INFO - 投票结果: 选择路径 0, 答案: 7, 置信度: 1.0
2025-08-07 21:05:01,325 - INFO - 投票结果: 选择路径 0, 答案: 350, 置信度: 0.5
2025-08-07 21:05:01,325 - INFO - 投票结果: 选择路径 0, 答案: 4, 置信度: 0.4
2025-08-07 21:05:01,326 - INFO - 投票结果: 选择路径 0, 答案: 36, 置信度: 0.9
2025-08-07 21:05:01,327 - INFO - 投票结果: 选择路径 1, 答案: 3, 置信度: 0.6
2025-08-07 21:05:01,327 - INFO - 投票结果: 选择路径 0, 答案: 2, 置信度: 0.7
2025-08-07 21:05:01,328 - INFO - 投票结果: 选择路径 0, 答案: 33, 置信度: 0.9
2025-08-07 21:05:01,329 - INFO - 投票结果: 选择路径 0, 答案: 21, 置信度: 0.8
2025-08-07 21:05:01,329 - INFO - 投票结果: 选择路径 1, 答案: 175, 置信度: 0.4
2025-08-07 21:05:01,330 - INFO - 投票结果: 选择路径 0, 答案: 60, 置信度: 1.0
2025-08-07 21:05:01,331 - INFO - 投票结果: 选择路径 0, 答案: 49, 置信度: 0.8
2025-08-07 21:05:01,331 - INFO - 投票结果: 选择路径 0, 答案: 1500, 置信度: 0.2
2025-08-07 21:05:01,332 - INFO - 投票结果: 选择路径 0, 答案: 27, 置信度: 0.5
2025-08-07 21:05:01,333 - INFO - 投票结果: 选择路径 1, 答案: 16, 置信度: 0.7
2025-08-07 21:05:01,333 - INFO - 投票结果: 选择路径 0, 答案: 49, 置信度: 0.7
2025-08-07 21:05:01,334 - INFO - 投票结果: 选择路径 0, 答案: 8, 置信度: 0.5
2025-08-07 21:05:01,335 - INFO - 投票结果: 选择路径 1, 答案: 32, 置信度: 0.7
2025-08-07 21:05:01,335 - INFO - 投票结果: 选择路径 4, 答案: 168, 置信度: 0.5
2025-08-07 21:05:01,336 - INFO - 投票结果: 选择路径 0, 答案: 225, 置信度: 1.0
2025-08-07 21:05:01,337 - INFO - 投票结果: 选择路径 0, 答案: 50, 置信度: 1.0
2025-08-07 21:05:01,337 - INFO - 投票结果: 选择路径 1, 答案: 18, 置信度: 0.4
2025-08-07 21:05:01,338 - INFO - 投票结果: 选择路径 0, 答案: 7, 置信度: 1.0
2025-08-07 21:05:01,339 - INFO - 投票结果: 选择路径 0, 答案: 800, 置信度: 0.8
2025-08-07 21:05:01,339 - INFO - 投票结果: 选择路径 0, 答案: 22, 置信度: 1.0
2025-08-07 21:05:01,340 - INFO - 投票结果: 选择路径 1, 答案: 235, 置信度: 0.8
2025-08-07 21:05:01,341 - INFO - 投票结果: 选择路径 0, 答案: 3, 置信度: 0.8
2025-08-07 21:05:01,341 - INFO - 投票结果: 选择路径 3, 答案: 4.5, 置信度: 0.4
2025-08-07 21:05:01,342 - INFO - 投票结果: 选择路径 0, 答案: 3000, 置信度: 0.9
2025-08-07 21:05:01,343 - INFO - 投票结果: 选择路径 0, 答案: 300, 置信度: 0.8
2025-08-07 21:05:01,343 - INFO - 投票结果: 选择路径 0, 答案: 20, 置信度: 0.6
2025-08-07 21:05:01,344 - INFO - 投票结果: 选择路径 0, 答案: 130, 置信度: 1.0
2025-08-07 21:05:01,345 - INFO - 投票结果: 选择路径 0, 答案: 3, 置信度: 0.3
2025-08-07 21:05:01,345 - INFO - 投票结果: 选择路径 3, 答案: 8, 置信度: 0.5
2025-08-07 21:05:01,346 - INFO - 投票结果: 选择路径 0, 答案: 50, 置信度: 1.0
2025-08-07 21:05:01,347 - INFO - 投票结果: 选择路径 1, 答案: 3, 置信度: 0.4
2025-08-07 21:05:01,347 - INFO - 投票结果: 选择路径 1, 答案: 5, 置信度: 0.8
2025-08-07 21:05:01,348 - INFO - 投票结果: 选择路径 0, 答案: 110, 置信度: 1.0
2025-08-07 21:05:01,349 - INFO - 投票结果: 选择路径 0, 答案: 1300, 置信度: 0.5
2025-08-07 21:05:01,349 - INFO - 投票结果: 选择路径 0, 答案: 16, 置信度: 1.0
2025-08-07 21:05:01,350 - INFO - 投票结果: 选择路径 0, 答案: 80, 置信度: 1.0
2025-08-07 21:05:01,351 - INFO - 投票结果: 选择路径 0, 答案: 45, 置信度: 0.7
2025-08-07 21:05:01,351 - INFO - 投票结果: 选择路径 0, 答案: 36, 置信度: 1.0
2025-08-07 21:05:01,352 - INFO - 投票结果: 选择路径 0, 答案: 5, 置信度: 0.3
2025-08-07 21:05:01,353 - INFO - 投票结果: 选择路径 1, 答案: 9, 置信度: 0.3
2025-08-07 21:05:01,353 - INFO - 投票结果: 选择路径 0, 答案: 36, 置信度: 1.0
2025-08-07 21:05:01,354 - INFO - 投票结果: 选择路径 0, 答案: 60, 置信度: 0.6
2025-08-07 21:05:01,355 - INFO - 投票结果: 选择路径 0, 答案: 9, 置信度: 0.9
2025-08-07 21:05:01,355 - INFO - 投票结果: 选择路径 0, 答案: 1, 置信度: 0.5
2025-08-07 21:05:01,356 - INFO - 投票结果: 选择路径 0, 答案: 30,