2025-08-05 17:17:51,021 - INFO - 配置文件验证通过
2025-08-05 17:17:51,028 - INFO - 随机种子已设置为: 42
2025-08-05 17:17:51,033 - INFO - 使用已提供的模型实例: Llama-3.2-3B-Instruct
2025-08-05 17:17:51,037 - INFO - 加载数据集: GSM8k_test
2025-08-05 17:17:51,039 - INFO - 随机种子已设置为: 42
2025-08-05 17:17:51,046 - INFO - 数据集加载完成，共 1319 条数据，已打乱顺序
2025-08-05 17:17:51,048 - INFO - 使用投票机制，每个问题生成 10 条路径
2025-08-05 17:17:51,050 - INFO - 批量生成模式：为 1319 个问题各生成 10 条路径
2025-08-05 17:17:51,054 - INFO - 开始CoT生成，共4个步骤:
2025-08-05 17:17:51,057 - INFO - 开始CoT步骤 1，min_p=0.2
2025-08-05 17:17:53,376 - INFO - 开始CoT步骤 2，min_p=0.6
2025-08-05 17:18:05,466 - INFO - 开始CoT步骤 3，min_p=0.8
2025-08-05 17:18:16,435 - INFO - 开始CoT步骤 4，min_p=0.9
2025-08-05 17:18:21,352 - INFO - CoT生成完成，共 1319 条CoT
2025-08-05 17:18:21,385 - INFO - 开始CoT生成，共4个步骤:
2025-08-05 17:18:21,389 - INFO - 开始CoT步骤 1，min_p=0.2
2025-08-05 17:18:23,674 - INFO - 开始CoT步骤 2，min_p=0.6
2025-08-05 17:18:35,727 - INFO - 开始CoT步骤 3，min_p=0.8
2025-08-05 17:18:46,543 - INFO - 开始CoT步骤 4，min_p=0.9
2025-08-05 17:18:51,428 - INFO - CoT生成完成，共 1319 条CoT
2025-08-05 17:18:51,460 - INFO - 开始CoT生成，共4个步骤:
2025-08-05 17:18:51,464 - INFO - 开始CoT步骤 1，min_p=0.2
2025-08-05 17:18:53,753 - INFO - 开始CoT步骤 2，min_p=0.6
2025-08-05 17:19:05,844 - INFO - 开始CoT步骤 3，min_p=0.8
2025-08-05 17:19:16,412 - INFO - 开始CoT步骤 4，min_p=0.9
2025-08-05 17:19:20,879 - INFO - CoT生成完成，共 1319 条CoT
2025-08-05 17:19:20,914 - INFO - 开始CoT生成，共4个步骤:
2025-08-05 17:19:20,918 - INFO - 开始CoT步骤 1，min_p=0.2
2025-08-05 17:19:23,485 - INFO - 开始CoT步骤 2，min_p=0.6
2025-08-05 17:19:35,560 - INFO - 开始CoT步骤 3，min_p=0.8
2025-08-05 17:19:46,424 - INFO - 开始CoT步骤 4，min_p=0.9
2025-08-05 17:19:50,056 - INFO - CoT生成完成，共 1319 条CoT
2025-08-05 17:19:50,099 - INFO - 开始CoT生成，共4个步骤:
2025-08-05 17:19:50,106 - INFO - 开始CoT步骤 1，min_p=0.2
2025-08-05 17:19:52,655 - INFO - 开始CoT步骤 2，min_p=0.6
2025-08-05 17:20:04,601 - INFO - 开始CoT步骤 3，min_p=0.8
2025-08-05 17:20:14,891 - INFO - 开始CoT步骤 4，min_p=0.9
2025-08-05 17:20:19,620 - INFO - CoT生成完成，共 1319 条CoT
2025-08-05 17:20:19,652 - INFO - 开始CoT生成，共4个步骤:
2025-08-05 17:20:19,656 - INFO - 开始CoT步骤 1，min_p=0.2
2025-08-05 17:20:22,227 - INFO - 开始CoT步骤 2，min_p=0.6
2025-08-05 17:20:34,319 - INFO - 开始CoT步骤 3，min_p=0.8
2025-08-05 17:20:44,885 - INFO - 开始CoT步骤 4，min_p=0.9
2025-08-05 17:20:49,724 - INFO - CoT生成完成，共 1319 条CoT
2025-08-05 17:20:49,755 - INFO - 开始CoT生成，共4个步骤:
2025-08-05 17:20:49,760 - INFO - 开始CoT步骤 1，min_p=0.2
2025-08-05 17:20:52,175 - INFO - 开始CoT步骤 2，min_p=0.6
2025-08-05 17:21:04,151 - INFO - 开始CoT步骤 3，min_p=0.8
2025-08-05 17:21:14,531 - INFO - 开始CoT步骤 4，min_p=0.9
2025-08-05 17:21:19,367 - INFO - CoT生成完成，共 1319 条CoT
2025-08-05 17:21:19,395 - INFO - 开始CoT生成，共4个步骤:
2025-08-05 17:21:19,400 - INFO - 开始CoT步骤 1，min_p=0.2
2025-08-05 17:21:21,777 - INFO - 开始CoT步骤 2，min_p=0.6
2025-08-05 17:21:33,925 - INFO - 开始CoT步骤 3，min_p=0.8
2025-08-05 17:21:44,729 - INFO - 开始CoT步骤 4，min_p=0.9
2025-08-05 17:21:49,634 - INFO - CoT生成完成，共 1319 条CoT
2025-08-05 17:21:49,676 - INFO - 开始CoT生成，共4个步骤:
2025-08-05 17:21:49,684 - INFO - 开始CoT步骤 1，min_p=0.2
2025-08-05 17:21:52,054 - INFO - 开始CoT步骤 2，min_p=0.6
2025-08-05 17:22:04,190 - INFO - 开始CoT步骤 3，min_p=0.8
2025-08-05 17:22:15,255 - INFO - 开始CoT步骤 4，min_p=0.9
2025-08-05 17:22:20,155 - INFO - CoT生成完成，共 1319 条CoT
2025-08-05 17:22:20,184 - INFO - 开始CoT生成，共4个步骤:
2025-08-05 17:22:20,190 - INFO - 开始CoT步骤 1，min_p=0.2
2025-08-05 17:22:22,486 - INFO - 开始CoT步骤 2，min_p=0.6
2025-08-05 17:22:34,658 - INFO - 开始CoT步骤 3，min_p=0.8
2025-08-05 17:22:45,441 - INFO - 开始CoT步骤 4，min_p=0.9
2025-08-05 17:22:50,358 - INFO - CoT生成完成，共 1319 条CoT
2025-08-05 17:22:50,387 - INFO - 批量生成完成：共生成 1319 组路径，每组 10 条
2025-08-05 17:22:50,391 - INFO - 投票结果: 选择路径 0, 答案: 52, 置信度: 0.8
2025-08-05 17:22:50,394 - INFO - 投票结果: 选择路径 0, 答案: 5, 置信度: 1.0
2025-08-05 17:22:50,396 - INFO - 投票结果: 选择路径 0, 答案: 83, 置信度: 0.5
2025-08-05 17:22:50,399 - INFO - 投票结果: 选择路径 0, 答案: 10, 置信度: 1.0
2025-08-05 17:22:50,401 - INFO - 投票结果: 选择路径 0, 答案: 100, 置信度: 0.6
2025-08-05 17:22:50,404 - INFO - 投票结果: 选择路径 0, 答案: 36, 置信度: 1.0
2025-08-05 17:22:50,406 - INFO - 投票结果: 选择路径 0, 答案: 48, 置信度: 1.0
2025-08-05 17:22:50,408 - INFO - 投票结果: 选择路径 0, 答案: 16, 置信度: 1.0
2025-08-05 17:22:50,411 - INFO - 投票结果: 选择路径 1, 答案: 4.64, 置信度: 0.7
2025-08-05 17:22:50,413 - INFO - 投票结果: 选择路径 0, 答案: 48, 置信度: 1.0
2025-08-05 17:22:50,416 - INFO - 投票结果: 选择路径 0, 答案: 90, 置信度: 1.0
2025-08-05 17:22:50,418 - INFO - 投票结果: 选择路径 0, 答案: 10, 置信度: 1.0
2025-08-05 17:22:50,420 - INFO - 投票结果: 选择路径 1, 答案: 7, 置信度: 0.5
2025-08-05 17:22:50,423 - INFO - 投票结果: 选择路径 0, 答案: 45000, 置信度: 0.4
2025-08-05 17:22:50,425 - INFO - 投票结果: 选择路径 0, 答案: 18, 置信度: 1.0
2025-08-05 17:22:50,428 - INFO - 投票结果: 选择路径 0, 答案: 140, 置信度: 1.0
2025-08-05 17:22:50,430 - INFO - 投票结果: 选择路径 0, 答案: 17, 置信度: 1.0
2025-08-05 17:22:50,432 - INFO - 投票结果: 选择路径 0, 答案: 68, 置信度: 1.0
2025-08-05 17:22:50,435 - INFO - 投票结果: 选择路径 0, 答案: 8, 置信度: 1.0
2025-08-05 17:22:50,437 - INFO - 投票结果: 选择路径 0, 答案: 14, 置信度: 1.0
2025-08-05 17:22:50,440 - INFO - 投票结果: 选择路径 0, 答案: 33.33, 置信度: 0.7
2025-08-05 17:22:50,443 - INFO - 投票结果: 选择路径 0, 答案: 100, 置信度: 1.0
2025-08-05 17:22:50,446 - INFO - 投票结果: 选择路径 4, 答案: 896, 置信度: 0.2
2025-08-05 17:22:50,448 - INFO - 投票结果: 选择路径 0, 答案: 44, 置信度: 0.5
2025-08-05 17:22:50,451 - INFO - 投票结果: 选择路径 0, 答案: 16400, 置信度: 0.8
2025-08-05 17:22:50,454 - INFO - 投票结果: 选择路径 0, 答案: 250, 置信度: 1.0
2025-08-05 17:22:50,457 - INFO - 投票结果: 选择路径 1, 答案: 34, 置信度: 0.6
2025-08-05 17:22:50,459 - INFO - 投票结果: 选择路径 0, 答案: 1490, 置信度: 1.0
2025-08-05 17:22:50,462 - INFO - 投票结果: 选择路径 0, 答案: 11, 置信度: 1.0
2025-08-05 17:22:50,465 - INFO - 投票结果: 选择路径 0, 答案: 106, 置信度: 0.9
2025-08-05 17:22:50,467 - INFO - 投票结果: 选择路径 1, 答案: 138, 置信度: 0.5
2025-08-05 17:22:50,470 - INFO - 投票结果: 选择路径 0, 答案: 15, 置信度: 1.0
2025-08-05 17:22:50,472 - INFO - 投票结果: 选择路径 0, 答案: 4, 置信度: 1.0
2025-08-05 17:22:50,475 - INFO - 投票结果: 选择路径 0, 答案: 82, 置信度: 0.9
2025-08-05 17:22:50,477 - INFO - 投票结果: 选择路径 0, 答案: 2, 置信度: 0.8
2025-08-05 17:22:50,480 - INFO - 投票结果: 选择路径 1, 答案: 43, 置信度: 0.4
2025-08-05 17:22:50,483 - INFO - 投票结果: 选择路径 0, 答案: 4, 置信度: 1.0
2025-08-05 17:22:50,485 - INFO - 投票结果: 选择路径 0, 答案: 100, 置信度: 0.9
2025-08-05 17:22:50,488 - INFO - 投票结果: 选择路径 1, 答案: 2475, 置信度: 0.3
2025-08-05 17:22:50,490 - INFO - 投票结果: 选择路径 0, 答案: 188, 置信度: 1.0
2025-08-05 17:22:50,493 - INFO - 投票结果: 选择路径 0, 答案: 30, 置信度: 1.0
2025-08-05 17:22:50,496 - INFO - 投票结果: 选择路径 0, 答案: 30, 置信度: 1.0
2025-08-05 17:22:50,498 - INFO - 投票结果: 选择路径 0, 答案: 240, 置信度: 1.0
2025-08-05 17:22:50,501 - INFO - 投票结果: 选择路径 0, 答案: 7, 置信度: 1.0
2025-08-05 17:22:50,503 - INFO - 投票结果: 选择路径 0, 答案: 350, 置信度: 0.7
2025-08-05 17:22:50,506 - INFO - 投票结果: 选择路径 0, 答案: 4, 置信度: 1.0
2025-08-05 17:22:50,509 - INFO - 投票结果: 选择路径 0, 答案: 36, 置信度: 1.0
2025-08-05 17:22:50,511 - INFO - 投票结果: 选择路径 1, 答案: 3, 置信度: 0.4
2025-08-05 17:22:50,514 - INFO - 投票结果: 选择路径 0, 答案: 2, 置信度: 0.5
2025-08-05 17:22:50,516 - INFO - 投票结果: 选择路径 0, 答案: 33, 置信度: 1.0
2025-08-05 17:22:50,519 - INFO - 投票结果: 选择路径 0, 答案: 21, 置信度: 0.9
2025-08-05 17:22:50,522 - INFO - 投票结果: 选择路径 0, 答案: 155, 置信度: 0.3
2025-08-05 17:22:50,524 - INFO - 投票结果: 选择路径 0, 答案: 60, 置信度: 1.0
2025-08-05 17:22:50,527 - INFO - 投票结果: 选择路径 1, 答案: 49, 置信度: 0.8
2025-08-05 17:22:50,529 - INFO - 投票结果: 选择路径 0, 答案: 2100, 置信度: 0.3
2025-08-05 17:22:50,532 - INFO - 投票结果: 选择路径 1, 答案: 27, 置信度: 0.7
2025-08-05 17:22:50,535 - INFO - 投票结果: 选择路径 0, 答案: 16, 置信度: 0.7
2025-08-05 17:22:50,537 - INFO - 投票结果: 选择路径 0, 答案: 49, 置信度: 0.9
2025-08-05 17:22:50,540 - INFO - 投票结果: 选择路径 0, 答案: 6, 置信度: 0.4
2025-08-05 17:22:50,543 - INFO - 投票结果: 选择路径 0, 答案: 32, 置信度: 0.9
2025-08-05 17:22:50,545 - INFO - 投票结果: 选择路径 1, 答案: 168, 置信度: 0.5
2025-08-05 17:22:50,547 - INFO - 投票结果: 选择路径 0, 答案: 225, 置信度: 1.0
2025-08-05 17:22:50,550 - INFO - 投票结果: 选择路径 0, 答案: 50, 置信度: 1.0
2025-08-05 17:22:50,552 - INFO - 投票结果: 选择路径 0, 答案: 18, 置信度: 0.7
2025-08-05 17:22:50,555 - INFO - 投票结果: 选择路径 0, 答案: 7, 置信度: 1.0
2025-08-05 17:22:50,557 - INFO - 投票结果: 选择路径 0, 答案: 800, 置信度: 0.6
2025-08-05 17:22:50,559 - INFO - 投票结果: 选择路径 0, 答案: 22, 置信度: 1.0
2025-08-05 17:22:50,562 - INFO - 投票结果: 选择路径 0, 答案: 235, 置信度: 0.8
2025-08-05 17:22:50,564 - INFO - 投票结果: 选择路径 0, 答案: 3, 置信度: 1.0
2025-08-05 17:22:50,567 - INFO - 投票结果: 选择路径 0, 答案: 4.5, 置信度: 0.3
2025-08-05 17:22:50,570 - INFO - 投票结果: 选择路径 1, 答案: 3000, 置信度: 0.9
2025-08-05 17:22:50,573 - INFO - 投票结果: 选择路径 0, 答案: 300, 置信度: 0.5
2025-08-05 17:22:50,575 - INFO - 投票结果: 选择路径 0, 答案: 24, 置信度: 0.5
2025-08-05 17:22:50,578 - INFO - 投票结果: 选择路径 0, 答案: 130, 置信度: 1.0
2025-08-05 17:22:50,580 - INFO - 投票结果: 选择路径 0, 答案: 1, 置信度: 0.4
2025-08-05 17:22:50,582 - INFO - 投票结果: 选择路径 0, 答案: 48, 置信度: 1.0
2025-08-05 17:22:50,585 - INFO - 投票结果: 选择路径 0, 答案: 112, 置信度: 0.4
2025-08-05 17:22:50,588 - INFO - 投票结果: 选择路径 2, 答案: 2, 置信度: 0.3
2025-08-05 17:22:50,590 - INFO - 投票结果: 选择路径 0, 答案: 5, 置信度: 0.7
2025-08-05 17:22:50,592 - INFO - 投票结果: 选择路径 0, 答案: 110, 置信度: 1.0
2025-08-05 17:22:50,595 - INFO - 投票结果: 选择路径 0, 答案: 900, 置信度: 0.2
2025-08-05 17:22:50,597 - INFO - 投票结果: 选择路径 0, 答案: 16, 置信度: 1.0
2025-08-05 17:22:50,599 - INFO - 投票结果: 选择路径 0, 答案: 80, 置信度: 1.0
2025-08-05 17:22:50,602 - INFO - 投票结果: 选择路径 0, 答案: 45, 置信度: 0.8
2025-08-05 17:22:50,604 - INFO - 投票结果: 选择路径 0, 答案: 36, 置信度: 1.0
2025-08-05 17:22:50,607 - INFO - 投票结果: 选择路径 1, 答案: 6, 置信度: 0.5
2025-08-05 17:22:50,609 - INFO - 投票结果: 选择路径 0, 答案: 6, 置信度: 0.3
2025-08-05 17:22:50,611 - INFO - 投票结果: 选择路径 0, 答案: 36, 置信度: 1.0
2025-08-05 17:22:50,614 - INFO - 投票结果: 选择路径 0, 答案: 60, 置信度: 0.9
2025-08-05 17:22:50,616 - INFO - 投票结果: 选择路径 0, 答案: 9, 置信度: 1.0
2025-08-05 17:22:50,619 - INFO - 投票结果: 选择路径 0, 答案: 1, 置信度: 1.0
2025-08-05 17:22:50,621 - INFO - 投票结果: 选择路径 0, 答案: 30, 置信度: 1.0
2025-08-05 17:22:50,623 - INFO - 投票结果: 选择路径 0, 答案: 70000, 置信度: 0.4
2025-08-05 17:22:50,626 - INFO - 投票结果: 选择路径 0, 答案: 34, 置信度: 1.0
2025-08-05 17:22:50,628 - INFO - 投票结果: 选择路径 0, 答案: 17, 置信度: 0.3
2025-08-05 17:22:50,630 - INFO - 投票结果: 选择路径 0, 答案: 306, 置信度: 1.0
2025-08-05 17:22:50,633 - INFO - 投票结果: 选择路径 0, 答案: 55, 置信度: 0.9
2025-08-05 17:22:50,635 - INFO - 投票结果: 选择路径 0, 答案: 12, 置信度: 0.9
2025-08-05 17:22:50,638 - INFO - 投票结果: 选择路径 0, 答案: 75, 置信度: 1.0
2025-08-05 17:22:50,640 - INFO - 投票结果: 选择路径 0, 答案: 24, 置信度: 0.6
2025-08-05 17:22:50,643 - INFO - 投票结果: 选择路径 0, 答案: 50, 置信度: 0.6
2025-08-05 17:22:50,645 - INFO - 投票结果: 选择路径 0, 答案: 110, 置信度: 1.0
2025-08-05 17:22:50,648 - INFO - 投票结果: 选择路径 7, 答案: 452, 置信度: 0.2
2025-08-05 17:22:50,650 - INFO - 投票结果: 选择路径 0, 答案: 30, 置信度: 1.0
2025-08-05 17:22:50,653 - INFO - 投票结果: 选择路径 0, 答案: 80, 置信度: 1.0
2025-08-05 17:22:50,655 - INFO - 投票结果: 选择路径 0, 答案: 1.50, 置信度: 0.4
2025-08-05 17:22:50,658 - INFO - 投票结果: 选择路径 0, 答案: 120, 置信度: 1.0
2025-08-05 17:22:50,660 - INFO - 投票结果: 选择路径 1, 答案: 108, 置信度: 0.5
2025-08-05 17:22:50,663 - INFO - 投票结果: 选择路径 0, 答案: 70, 置信度: 1.0
2025-08-05 17:22:50,666 - INFO - 投票结果: 选择路径 0, 答案: 12, 置信度: 0.6
2025-08-05 17:22:50,668 - INFO - 投票结果: 选择路径 0, 答案: 150, 置信度: 1.0
2025-08-05 17:22:50,671 - INFO - 投票结果: 选择路径 0, 答案: 10, 置信度: 0.7
2025-08-05 17:22:50,674 - INFO - 投票结果: 选择路径 0, 答案: 7, 置信度: 0.3
2025-08-05 17:22:50,677 - INFO - 投票结果: 选择路径 0, 答案: 250, 置信度: 1.0
2025-08-05 17:22:50,679 - INFO - 投票结果: 选择路径 0, 答案: 3, 置信度: 1.0
2025-08-05 17:22:50,681 - INFO - 投票结果: 选择路径 0, 答案: 15, 置信度: 1.0
2025-08-05 17:22:50,684 - INFO - 投票结果: 选择路径 0, 答案: 12, 置信度: 1.0
2025-08-05 17:22:50,686 - INFO - 投票结果: 选择路径 0, 答案: 60, 置信度: 1.0
2025-08-05 17:22:50,689 - INFO - 投票结果: 选择路径 0, 答案: 3, 置信度: 1.0
2025-08-05 17:22:50,691 - INFO - 投票结果: 选择路径 0, 答案: 10.50, 置信度: 0.5
2025-08-05 17:22:50,693 - INFO - 投票结果: 选择路径 0, 答案: 140000, 置信度: 1.0
2025-08-05 17:22:50,696 - INFO - 投票结果: 选择路径 0, 答案: 6, 置信度: 0.5
2025-08-05 17:22:50,698 - INFO - 投票结果: 选择路径 0, 答案: 2400, 置信度: 1.0
2025-08-05 17:22:50,701 - INFO - 投票结果: 选择路径 0, 答案: 4, 置信度: 1.0
2025-08-05 17:22:50,703 - INFO - 投票结果: 选择路径 2, 答案: 79, 置信度: 0.3
2025-08-05 17:22:50,706 - INFO - 投票结果: 选择路径 0, 答案: 300, 置信度: 1.0
2025-08-05 17:22:50,708 - INFO - 投票结果: 选择路径 0, 答案: 91, 置信度: 0.9
2025-08-05 17:22:50,711 - INFO - 投票结果: 选择路径 0, 答案: 8, 置信度: 0.9
2025-08-05 17:22:50,713 - INFO - 投票结果: 选择路径 0, 答案: 120, 置信度: 1.0
2025-08-05 17:22:50,715 - INFO - 投票结果: 选择路径 0, 答案: 350, 置信度: 1.0
2025-08-05 17:22:50,718 - INFO - 投票结果: 选择路径 0, 答案: 2600, 置信度: 1.0
2025-08-05 17:22:50,720 - INFO - 投票结果: 选择路径 0, 答案: 10, 置信度: 0.9
2025-08-05 17:22:50,723 - INFO - 投票结果: 选择路径 1, 答案: 22, 置信度: 0.4
2025-08-05 17:22:50,725 - INFO - 投票结果: 选择路径 0, 答案: 7, 置信度: 1.0
2025-08-05 17:22:50,728 - INFO - 投票结果: 选择路径 1, 答案: 31, 置信度: 0.8
2025-08-05 17:22:50,730 - INFO - 投票结果: 选择路径 0, 答案: 975, 置信度: 1.0
2025-08-05 17:22:50,732 - INFO - 投票结果: 选择路径 0, 答案: -160, 置信度: 0.5
2025-08-05 17:22:50,735 - INFO - 投票结果: 选择路径 0, 答案: 120, 置信度: 1.0
2025-08-05 17:22:50,737 - INFO - 投票结果: 选择路径 0, 答案: 220, 置信度: 1.0
2025-08-05 17:22:50,740 - INFO - 投票结果: 选择路径 0, 答案: 87, 置信度: 1.0
2025-08-05 17:22:50,742 - INFO - 投票结果: 选择路径 0, 答案: 300, 置信度: 1.0
2025-08-05 17:22:50,744 - INFO - 投票结果: 选择路径 0, 答案: 30, 置信度: 0.8
2025-08-05 17:22:50,747 - INFO - 投票结果: 选择路径 0, 答案: 21, 置信度: 0.4
2025-08-05 17:22:50,749 - INFO - 投票结果: 选择路径 0, 答案: 16, 置信度: 1.0
2025-08-05 17:22:50,752 - INFO - 投票结果: 选择路径 0, 答案: 7, 置信度: 1.0
2025-08-05 17:22:50,754 - INFO - 投票结果: 选择路径 1, 答案: 81, 置信度: 0.4
2025-08-05 17:22:50,756 - INFO - 投票结果: 选择路径 0, 答案: 5, 置信度: 1.0
2025-08-05 17:22:50,759 - INFO - 投票结果: 选择路径 0, 答案: 9, 置信度: 1.0
2025-08-05 17:22:50,761 - INFO - 投票结果: 选择路径 0, 答案: 10, 置信度: 1.0
2025-08-05 17:22:50,764 - INFO - 投票结果: 选择路径 0, 答案: 24, 置信度: 0.5
2025-08-05 17:22:50,766 - INFO - 投票结果: 选择路径 0, 答案: 5, 置信度: 1.0
2025-08-05 17:22:50,769 - INFO - 投票结果: 选择路径 0, 答案: 50, 置信度: 1.0
2025-08-05 17:22:50,771 - INFO - 投票结果: 选择路径 0, 答案: 48, 置信度: 0.8
2025-08-05 17:22:50,774 - INFO - 投票结果: 选择路径 0, 答案: 25, 置信度: 1.0
2025-08-05 17:22:50,777 - INFO - 投票结果: 选择路径 1, 答案: 92, 置信度: 0.9
2025-08-05 17:22:50,779 - INFO - 投票结果: 选择路径 0, 答案: 66.67, 置信度: 0.4
2025-08-05 17:22:50,782 - INFO - 投票结果: 选择路径 0, 答案: 120, 置信度: 0.5
2025-08-05 17:22:50,784 - INFO - 投票结果: 选择路径 0, 答案: 21, 置信度: 1.0
2025-08-05 17:22:50,788 - INFO - 投票结果: 选择路径 0, 答案: 1200, 置信度: 1.0
2025-08-05 17:22:50,791 - INFO - 投票结果: 选择路径 0, 答案: 255, 置信度: 0.8
2025-08-05 17:22:50,794 - INFO - 投票结果: 选择路径 0, 答案: 4, 置信度: 1.0
2025-08-05 17:22:50,796 - INFO - 投票结果: 选择路径 0, 答案: 10, 置信度: 1.0
2025-08-05 17:22:50,799 - INFO - 投票结果: 选择路径 0, 答案: 700, 置信度: 1.0
2025-08-05 17:22:50,801 - INFO - 投票结果: 选择路径 0, 答案: 38, 置信度: 1.0
2025-08-05 17:22:50,803 - INFO - 投票结果: 选择路径 0, 答案: 32, 置信度: 1.0
2025-08-05 17:22:50,806 - INFO - 投票结果: 选择路径 0, 答案: 30, 置信度: 1.0
2025-08-05 17:22:50,808 - INFO - 投票结果: 选择路径 0, 答案: 16, 置信度: 1.0
2025-08-05 17:22:50,811 - INFO - 投票结果: 选择路径 0, 答案: 40, 置信度: 1.0
2025-08-05 17:22:50,813 - INFO - 投票结果: 选择路径 0, 答案: 288, 置信度: 1.0
2025-08-05 17:22:50,815 - INFO - 投票结果: 选择路径 0, 答案: 1100, 置信度: 1.0
2025-08-05 17:22:50,818 - INFO - 投票结果: 选择路径 0, 答案: 20, 置信度: 1.0
2025-08-05 17:22:50,820 - INFO - 投票结果: 选择路径 1, 答案: 2, 置信度: 0.7
2025-08-05 17:22:50,823 - INFO - 投票结果: 选择路径 0, 答案: 1040000, 置信度: 1.0
2025-08-05 17:22:50,825 - INFO - 投票结果: 选择路径 0, 答案: 9, 置信度: 1.0
2025-08-05 17:22:50,827 - INFO - 投票结果: 选择路径 0, 答案: 132, 置信度: 1.0
2025-08-05 17:22:50,830 - INFO - 投票结果: 选择路径 0, 答案: 93, 置信度: 1.0
2025-08-05 17:22:50,832 - INFO - 投票结果: 选择路径 0, 答案: 4, 置信度: 1.0
2025-08-05 17:22:50,834 - INFO - 投票结果: 选择路径 0, 答案: 85, 置信度: 0.3
2025-08-05 17:22:50,837 - INFO - 投票结果: 选择路径 1, 答案: 33, 置信度: 0.9
2025-08-05 17:22:50,839 - INFO - 投票结果: 选择路径 0, 答案: 12, 置信度: 1.0
2025-08-05 17:22:50,842 - INFO - 投票结果: 选择路径 0, 答案: 7200, 置信度: 1.0
2025-08-05 17:22:50,844 - INFO - 投票结果: 选择路径 0, 答案: 60, 置信度: 1.0
2025-08-05 17:22:50,846 - INFO - 投票结果: 选择路径 1, 答案: 44, 置信度: 0.8
2025-08-05 17:22:50,849 - INFO - 投票结果: 选择路径 0, 答案: 113, 置信度: 1.0
2025-08-05 17:22:50,851 - INFO - 投票结果: 选择路径 4, 答案: 43000, 置信度: 0.4
2025-08-05 17:22:50,854 - INFO - 投票结果: 选择路径 0, 答案: 720, 置信度: 1.0
2025-08-05 17:22:50,856 - INFO - 投票结果: 选择路径 0, 答案: 50, 置信度: 1.0
2025-08-05 17:22:50,858 - INFO - 投票结果: 选择路径 1, 答案: 24, 置信度: 0.6
2025-08-05 17:22:50,861 - INFO - 投票结果: 选择路径 1, 答案: 43, 置信度: 0.6
2025-08-05 17:22:50,863 - INFO - 投票结果: 选择路径 0, 答案: 30, 置信度: 1.0
2025-08-05 17:22:50,866 - INFO - 投票结果: 选择路径 0, 答案: 23, 置信度: 0.7
2025-08-05 17:22:50,868 - INFO - 投票结果: 选择路径 0, 答案: 251, 置信度: 0.7
2025-08-05 17:22:50,870 - INFO - 投票结果: 选择路径 0, 答案: 35, 置信度: 1.0
2025-08-05 17:22:50,873 - INFO - 投票结果: 选择路径 0, 答案: 110, 置信度: 0.7
2025-08-05 17:22:50,875 - INFO - 投票结果: 选择路径 0, 答案: 82, 置信度: 1.0
2025-08-05 17:22:50,878 - INFO - 投票结果: 选择路径 4, 答案: 2100, 置信度: 0.3
2025-08-05 17:22:50,880 - INFO - 投票结果: 选择路径 0, 答案: 3, 置信度: 0.8
2025-08-05 17:22:50,882 - INFO - 投票结果: 选择路径 0, 答案: 12, 置信度: 1.0
2025-08-05 17:22:50,885 - INFO - 投票结果: 选择路径 0, 答案: 6, 置信度: 0.7
2025-08-05 17:22:50,887 - INFO - 投票结果: 选择路径 0, 答案: 12, 置信度: 0.8
2025-08-05 17:22:50,890 - INFO - 投票结果: 选择路径 2, 答案: 500, 置信度: 0.2
2025-08-05 17:22:50,892 - INFO - 投票结果: 选择路径 0, 答案: 27, 置信度: 1.0
2025-08-05 17:22:50,895 - INFO - 投票结果: 选择路径 0, 答案: 360, 置信度: 1.0
2025-08-05 17:22:50,897 - INFO - 投票结果: 选择路径 2, 答案: 14, 置信度: 0.4
2025-08-05 17:22:50,900 - INFO - 投票结果: 选择路径 0, 答案: 694, 置信度: 1.0
2025-08-05 17:22:50,902 - INFO - 投票结果: 选择路径 0, 答案: 3, 置信度: 1.0
2025-08-05 17:22:50,905 - INFO - 投票结果: 选择路径 0, 答案: 360, 置信度: 1.0
2025-08-05 17:22:50,907 - INFO - 投票结果: 选择路径 0, 答案: 350, 置信度: 0.3
2025-08-05 17:22:50,910 - INFO - 投票结果: 选择路径 0, 答案: 20, 置信度: 1.0
2025-08-05 17:22:50,912 - INFO - 投票结果: 选择路径 0, 答案: 3360, 置信度: 1.0
2025-08-05 17:22:50,914 - INFO - 投票结果: 选择路径 0, 答案: 39, 置信度: 0.7
2025-08-05 17:22:50,917 - INFO - 投票结果: 选择路径 0, 答案: 12, 置信度: 1.0
2025-08-05 17:22:50,919 - INFO - 投票结果: 选择路径 0, 答案: 215, 置信度: 1.0
2025-08-05 17:22:50,922 - INFO - 投票结果: 选择路径 0, 答案: 6, 置信度: 0.4
2025-08-05 17:22:50,924 - INFO - 投票结果: 选择路径 0, 答案: 9, 置信度: 1.0
2025-08-05 17:22:50,926 - INFO - 投票结果: 选择路径 0, 答案: 520, 置信度: 0.7
2025-08-05 17:22:50,929 - INFO - 投票结果: 选择路径 0, 答案: 62, 置信度: 0.8
2025-08-05 17:22:50,931 - INFO - 投票结果: 选择路径 0, 答案: 122, 置信度: 0.5
2025-08-05 17:22:50,934 - INFO - 投票结果: 选择路径 0, 答案: 120, 置信度: 1.0
2025-08-05 17:22:50,936 - INFO - 投票结果: 选择路径 0, 答案: 15, 置信度: 1.0
2025-08-05 17:22:50,938 - INFO - 投票结果: 选择路径 0, 答案: 185, 置信度: 0.5
2025-08-05 17:22:50,941 - INFO - 投票结果: 选择路径 2, 答案: 20.8, 置信度: 0.2
2025-08-05 17:22:50,943 - INFO - 投票结果: 选择路径 0, 答案: 6, 置信度: 0.3
2025-08-05 17:22:50,946 - INFO - 投票结果: 选择路径 1, 答案: 178.75, 置信度: 0.4
2025-08-05 17:22:50,948 - INFO - 投票结果: 选择路径 2, 答案: 202, 置信度: 0.2
2025-08-05 17:22:50,950 - INFO - 投票结果: 选择路径 2, 答案: 21, 置信度: 0.5
2025-08-05 17:22:50,953 - INFO - 投票结果: 选择路径 0, 答案: 10, 置信度: 0.9
2025-08-05 17:22:50,955 - INFO - 投票结果: 选择路径 1, 答案: 6, 置信度: 0.6
2025-08-05 17:22:50,958 - INFO - 投票结果: 选择路径 0, 答案: 43200, 置信度: 0.6
2025-08-05 17:22:50,960 - INFO - 投票结果: 选择路径 0, 答案: 10, 置信度: 1.0
2025-08-05 17:22:50,963 - INFO - 投票结果: 选择路径 2, 答案: 16, 置信度: 0.3
2025-08-05 17:22:50,965 - INFO - 投票结果: 选择路径 0, 答案: 697.5, 置信度: 0.5
2025-08-05 17:22:50,968 - INFO - 投票结果: 选择路径 0, 答案: 160, 置信度: 0.8
2025-08-05 17:22:50,970 - INFO - 投票结果: 选择路径 0, 答案: 40, 置信度: 1.0
2025-08-05 17:22:50,972 - INFO - 投票结果: 选择路径 1, 答案: 12, 置信度: 0.6
2025-08-05 17:22:50,975 - INFO - 投票结果: 选择路径 0, 答案: 12, 置信度: 0.7
2025-08-05 17:22:50,977 - INFO - 投票结果: 选择路径 0, 答案: 36, 置信度: 1.0
2025-08-05 17:22:50,980 - INFO - 投票结果: 选择路径 0, 答案: 9, 置信度: 1.0
2025-08-05 17:22:50,982 - INFO - 投票结果: 选择路径 0, 答案: 16, 置信度: 1.0
2025-08-05 17:22:50,984 - INFO - 投票结果: 选择路径 0, 答案: 60, 置信度: 1.0
2025-08-05 17:22:50,987 - INFO - 投票结果: 选择路径 0, 答案: 4, 置信度: 1.0
2025-08-05 17:22:50,989 - INFO - 投票结果: 选择路径 0, 答案: 3, 置信度: 1.0
2025-08-05 17:22:50,992 - INFO - 投票结果: 选择路径 0, 答案: 100, 置信度: 1.0
2025-08-05 17:22:50,994 - INFO - 投票结果: 选择路径 0, 答案: 2040, 置信度: 0.6
2025-08-05 17:22:50,996 - INFO - 投票结果: 选择路径 0, 答案: 20, 置信度: 0.6
2025-08-05 17:22:50,999 - INFO - 投票结果: 选择路径 0, 答案: 29, 置信度: 1.0
2025-08-05 17:22:51,002 - INFO - 投票结果: 选择路径 2, 答案: 26, 置信度: 0.3
2025-08-05 17:22:51,005 - INFO - 投票结果: 选择路径 0, 答案: 23, 置信度: 0.8
2025-08-05 17:22:51,007 - INFO - 投票结果: 选择路径 0, 答案: 12, 置信度: 0.4
2025-08-05 17:22:51,010 - INFO - 投票结果: 选择路径 0, 答案: 9, 置信度: 0.5
2025-08-05 17:22:51,013 - INFO - 投票结果: 选择路径 0, 答案: 156, 置信度: 0.7
2025-08-05 17:22:51,015 - INFO - 投票结果: 选择路径 0, 答案: 45, 置信度: 0.4
2025-08-05 17:22:51,018 - INFO - 投票结果: 选择路径 0, 答案: 10, 置信度: 1.0
2025-08-05 17:22:51,020 - INFO - 投票结果: 选择路径 0, 答案: 8, 置信度: 1.0
2025-08-05 17:22:51,023 - INFO - 投票结果: 选择路径 0, 答案: 32, 置信度: 1.0
2025-08-05 17:22:51,025 - INFO - 投票结果: 选择路径 0, 答案: 48, 置信度: 0.9
2025-08-05 17:22:51,028 - INFO - 投票结果: 选择路径 0, 答案: 500, 置信度: 1.0
2025-08-05 17:22:51,030 - INFO - 投票结果: 选择路径 0, 答案: 8, 置信度: 0.9
2025-08-05 17:22:51,033 - INFO - 投票结果: 选择路径 0, 答案: 6, 置信度: 0.9
2025-08-05 17:22:51,035 - INFO - 投票结果: 选择路径 0, 答案: -10, 置信度: 1.0
2025-08-05 17:22:51,038 - INFO - 投票结果: 选择路径 0, 答案: 5, 置信度: 1.0
2025-08-05 17:22:51,041 - INFO - 投票结果: 选择路径 0, 答案: 8, 置信度: 1.0
2025-08-05 17:22:51,043 - INFO - 投票结果: 选择路径 0, 答案: 34, 置信度: 1.0
2025-08-05 17:22:51,046 - INFO - 投票结果: 选择路径 0, 答案: 30, 置信度: 0.7
2025-08-05 17:22:51,048 - INFO - 投票结果: 选择路径 0, 答案: 1000, 置信度: 1.0
2025-08-05 17:22:51,050 - INFO - 投票结果: 选择路径 0, 答案: 6, 置信度: 0.6
2025-08-05 17:22:51,053 - INFO - 投票结果: 选择路径 1, 答案: 100, 置信度: 0.3
2025-08-05 17:22:51,056 - INFO - 投票结果: 选择路径 0, 答案: 1920, 置信度: 1.0
2025-08-05 17:22:51,058 - INFO - 投票结果: 选择路径 2, 答案: 2, 置信度: 0.4
2025-08-05 17:22:51,061 - INFO - 投票结果: 选择路径 0, 答案: 50, 置信度: 1.0
2025-08-05 17:22:51,064 - INFO - 投票结果: 选择路径 0, 答案: 4000, 置信度: 0.9
2025-08-05 17:22:51,066 - INFO - 投票结果: 选择路径 0, 答案: 5, 置信度: 1.0
2025-08-05 17:22:51,069 - INFO - 投票结果: 选择路径 0, 答案: 10, 置信度: 1.0
2025-08-05 17:22:51,071 - INFO - 投票结果: 选择路径 0, 答案: 7, 置信度: 1.0
2025-08-05 17:22:51,074 - INFO - 投票结果: 选择路径 0, 答案: 20, 置信度: 1.0
2025-08-05 17:22:51,076 - INFO - 投票结果: 选择路径 0, 答案: 43, 置信度: 0.5
2025-08-05 17:22:51,079 - INFO - 投票结果: 选择路径 0, 答案: 9, 置信度: 0.9
2025-08-05 17:22:51,081 - INFO - 投票结果: 选择路径 3, 答案: 100000, 置信度: 0.3
2025-08-05 17:22:51,084 - INFO - 投票结果: 选择路径 0, 答案: 120, 置信度: 1.0
2025-08-05 17:22:51,087 - INFO - 投票结果: 选择路径 3, 答案: 10512, 置信度: 0.3
2025-08-05 17:22:51,089 - INFO - 投票结果: 选择路径 2, 答案: 4, 置信度: 0.6
2025-08-05 17:22:51,091 - INFO - 投票结果: 选择路径 0, 答案: 595, 置信度: 1.0
2025-08-05 17:22:51,094 - INFO - 投票结果: 选择路径 0, 答案: 110, 置信度: 1.0
2025-08-05 17:22:51,096 - INFO - 投票结果: 选择路径 0, 答案: 4800, 置信度: 1.0
2025-08-05 17:22:51,099 - INFO - 投票结果: 选择路径 0, 答案: 140, 置信度: 0.5
2025-08-05 17:22:51,101 - INFO - 投票结果: 选择路径 0, 答案: 34, 置信度: 1.0
2025-08-05 17:22:51,104 - INFO - 投票结果: 选择路径 0, 答案: 10, 置信度: 1.0
2025-08-05 17:22:51,106 - INFO - 投票结果: 选择路径 0, 答案: 2450, 置信度: 0.7
2025-08-05 17:22:51,108 - INFO - 投票结果: 选择路径 0, 答案: 30, 置信度: 1.0
2025-08-05 17:22:51,111 - INFO - 投票结果: 选择路径 0, 答案: 224000, 置信度: 1.0
2025-08-05 17:22:51,113 - INFO - 投票结果: 选择路径 0, 答案: 168, 置信度: 1.0
2025-08-05 17:22:51,116 - INFO - 投票结果: 选择路径 0, 答案: 120, 置信度: 0.9
2025-08-05 17:22:51,118 - INFO - 投票结果: 选择路径 0, 答案: 3, 置信度: 0.8
2025-08-05 17:22:51,120 - INFO - 投票结果: 选择路径 0, 答案: 20, 置信度: 1.0
2025-08-05 17:22:51,123 - INFO - 投票结果: 选择路径 0, 答案: 4, 置信度: 1.0
2025-08-05 17:22:51,125 - INFO - 投票结果: 选择路径 3, 答案: 7.50, 置信度: 0.5
2025-08-05 17:22:51,128 - INFO - 投票结果: 选择路径 0, 答案: 8, 置信度: 1.0
2025-08-05 17:22:51,130 - INFO - 投票结果: 选择路径 0, 答案: 308, 置信度: 1.0
2025-08-05 17:22:51,132 - INFO - 投票结果: 选择路径 0, 答案: 187, 置信度: 1.0
2025-08-05 17:22:51,135 - INFO - 投票结果: 选择路径 0, 答案: 123, 置信度: 1.0
2025-08-05 17:22:51,137 - INFO - 投票结果: 选择路径 1, 答案: 2, 置信度: 0.4
2025-08-05 17:22:51,139 - INFO - 投票结果: 选择路径 1, 答案: 142, 置信度: 0.4
2025-08-05 17:22:51,142 - INFO - 投票结果: 选择路径 0, 答案: 14000, 置信度: 0.8
2025-08-05 17:22:51,144 - INFO - 投票结果: 选择路径 1, 答案: 32, 置信度: 0.9
2025-08-05 17:22:51,147 - INFO - 投票结果: 选择路径 0, 答案: 7, 置信度: 0.9
2025-08-05 17:22:51,149 - INFO - 投票结果: 选择路径 0, 答案: 480, 置信度: 0.7
2025-08-05 17:22:51,151 - INFO - 投票结果: 选择路径 0, 答案: 2, 置信度: 1.0
2025-08-05 17:22:51,154 - INFO - 投票结果: 选择路径 0, 答案: 45, 置信度: 0.7
2025-08-05 17:22:51,156 - INFO - 投票结果: 选择路径 0, 答案: 31, 置信度: 0.9
2025-08-05 17:22:51,158 - INFO - 投票结果: 选择路径 0, 答案: 3, 置信度: 0.3
2025-08-05 17:22:51,161 - INFO - 投票结果: 选择路径 0, 答案: 18, 置信度: 1.0
2025-08-05 17:22:51,163 - INFO - 投票结果: 选择路径 0, 答案: 6, 置信度: 0.5
2025-08-05 17:22:51,165 - INFO - 投票结果: 选择路径 0, 答案: 93000, 置信度: 1.0
2025-08-05 17:22:51,168 - INFO - 投票结果: 选择路径 0, 答案: 9840, 置信度: 0.1
2025-08-05 17:22:51,170 - INFO - 投票结果: 选择路径 0, 答案: 150, 置信度: 1.0
2025-08-05 17:22:51,172 - INFO - 投票结果: 选择路径 0, 答案: 220, 置信度: 1.0
2025-08-05 17:22:51,175 - INFO - 投票结果: 选择路径 1, 答案: 12, 置信度: 0.8
2025-08-05 17:22:51,177 - INFO - 投票结果: 选择路径 0, 答案: 71, 置信度: 1.0
2025-08-05 17:22:51,179 - INFO - 投票结果: 选择路径 0, 答案: 8, 置信度: 1.0
2025-08-05 17:22:51,182 - INFO - 投票结果: 选择路径 2, 答案: 215, 置信度: 0.2
2025-08-05 17:22:51,184 - INFO - 投票结果: 选择路径 0, 答案: 53, 置信度: 1.0
2025-08-05 17:22:51,187 - INFO - 投票结果: 选择路径 0, 答案: 31800, 置信度: 1.0
2025-08-05 17:22:51,189 - INFO - 投票结果: 选择路径 0, 答案: 4, 置信度: 1.0
2025-08-05 17:22:51,191 - INFO - 投票结果: 选择路径 0, 答案: 12, 置信度: 1.0
2025-08-05 17:22:51,194 - INFO - 投票结果: 选择路径 0, 答案: 10, 置信度: 1.0
2025-08-05 17:22:51,196 - INFO - 投票结果: 选择路径 1, 答案: 2800, 置信度: 0.5
2025-08-05 17:22:51,198 - INFO - 投票结果: 选择路径 0, 答案: 18, 置信度: 1.0
2025-08-05 17:22:51,201 - INFO - 投票结果: 选择路径 0, 答案: 24, 置信度: 0.5
2025-08-05 17:22:51,203 - INFO - 投票结果: 选择路径 0, 答案: 139, 置信度: 1.0
2025-08-05 17:22:51,206 - INFO - 投票结果: 选择路径 0, 答案: 36, 置信度: 0.8
2025-08-05 17:22:51,209 - INFO - 投票结果: 选择路径 1, 答案: 6, 置信度: 0.5
2025-08-05 17:22:51,211 - INFO - 投票结果: 选择路径 0, 答案: 12, 置信度: 1.0
2025-08-05 17:22:51,214 - INFO - 投票结果: 选择路径 0, 答案: 78, 置信度: 0.9
2025-08-05 17:22:51,216 - INFO - 投票结果: 选择路径 0, 答案: 3, 置信度: 1.0
2025-08-05 17:22:51,219 - INFO - 投票结果: 选择路径 1, 答案: 75, 置信度: 0.4
2025-08-05 17:22:51,221 - INFO - 投票结果: 选择路径 1, 答案: 163, 置信度: 0.3
2025-08-05 17:22:51,224 - INFO - 投票结果: 选择路径 0, 答案: 90, 置信度: 1.0
2025-08-05 17:22:51,226 - INFO - 投票结果: 选择路径 5, 答案: 180, 置信度: 0.4
2025-08-05 17:22:51,229 - INFO - 投票结果: 选择路径 0, 答案: 180, 置信度: 0.2
2025-08-05 17:22:51,231 - INFO - 投票结果: 选择路径 0, 答案: 11, 置信度: 0.7
2025-08-05 17:22:51,234 - INFO - 投票结果: 选择路径 0, 答案: 90, 置信度: 1.0
2025-08-05 17:22:51,236 - INFO - 投票结果: 选择路径 0, 答案: 42, 置信度: 1.0
2025-08-05 17:22:51,239 - INFO - 投票结果: 选择路径 0, 答案: 162, 置信度: 1.0
2025-08-05 17:22:51,241 - INFO - 投票结果: 选择路径 0, 答案: 9, 置信度: 1.0
2025-08-05 17:22:51,244 - INFO - 投票结果: 选择路径 0, 答案: 53, 置信度: 0.4
2025-08-05 17:22:51,246 - INFO - 投票结果: 选择路径 5, 答案: 45, 置信度: 0.2
2025-08-05 17:22:51,249 - INFO - 投票结果: 选择路径 0, 答案: 14000, 置信度: 1.0
2025-08-05 17:22:51,251 - INFO - 投票结果: 选择路径 0, 答案: 45, 置信度: 1.0
2025-08-05 17:22:51,254 - INFO - 投票结果: 选择路径 0, 答案: 420, 置信度: 0.7
2025-08-05 17:22:51,256 - INFO - 投票结果: 选择路径 0, 答案: 15, 置信度: 0.9
2025-08-05 17:22:51,259 - INFO - 投票结果: 选择路径 0, 答案: 30, 置信度: 1.0
2025-08-05 17:22:51,261 - INFO - 投票结果: 选择路径 0, 答案: 280, 置信度: 1.0
2025-08-05 17:22:51,264 - INFO - 投票结果: 选择路径 0, 答案: 5, 置信度: 0.7
2025-08-05 17:22:51,266 - INFO - 投票结果: 选择路径 0, 答案: 135, 置信度: 1.0
2025-08-05 17:22:51,269 - INFO - 投票结果: 选择路径 0, 答案: 67, 置信度: 0.9
2025-08-05 17:22:51,271 - INFO - 投票结果: 选择路径 0, 答案: 1260, 置信度: 1.0
2025-08-05 17:22:51,274 - INFO - 投票结果: 选择路径 0, 答案: 80, 置信度: 1.0
2025-08-05 17:22:51,276 - INFO - 投票结果: 选择路径 1, 答案: 2692, 置信度: 0.2
2025-08-05 17:22:51,279 - INFO - 投票结果: 选择路径 0, 答案: 15, 置信度: 1.0
2025-08-05 17:22:51,282 - INFO - 投票结果: 选择路径 0, 答案: 12, 置信度: 1.0
2025-08-05 17:22:51,284 - INFO - 投票结果: 选择路径 0, 答案: 15, 置信度: 0.9
2025-08-05 17:22:51,286 - INFO - 投票结果: 选择路径 0, 答案: 221, 置信度: 1.0
2025-08-05 17:22:51,289 - INFO - 投票结果: 选择路径 0, 答案: 5, 置信度: 1.0
2025-08-05 17:22:51,291 - INFO - 投票结果: 选择路径 0, 答案: 11, 置信度: 1.0
2025-08-05 17:22:51,294 - INFO - 投票结果: 选择路径 0, 答案: 8400, 置信度: 0.5
2025-08-05 17:22:51,296 - INFO - 投票结果: 选择路径 0, 答案: 3000, 置信度: 1.0
2025-08-05 17:22:51,298 - INFO - 投票结果: 选择路径 1, 答案: 60, 置信度: 0.8
2025-08-05 17:22:51,301 - INFO - 投票结果: 选择路径 0, 答案: 826, 置信度: 0.9
2025-08-05 17:22:51,303 - INFO - 投票结果: 选择路径 1, 答案: 20, 置信度: 0.4
2025-08-05 17:22:51,306 - INFO - 投票结果: 选择路径 0, 答案: 9.75, 置信度: 0.8
2025-08-05 17:22:51,308 - INFO - 投票结果: 选择路径 1, 答案: 9, 置信度: 0.3
2025-08-05 17:22:51,311 - INFO - 投票结果: 选择路径 0, 答案: 480, 置信度: 1.0
2025-08-05 17:22:51,313 - INFO - 投票结果: 选择路径 1, 答案: 14400, 置信度: 0.6
2025-08-05 17:22:51,315 - INFO - 投票结果: 选择路径 1, 答案: 3, 置信度: 0.6
2025-08-05 17:22:51,318 - INFO - 投票结果: 选择路径 0, 答案: 250, 置信度: 1.0
2025-08-05 17:22:51,320 - INFO - 投票结果: 选择路径 0, 答案: 168, 置信度: 1.0
2025-08-05 17:22:51,322 - INFO - 投票结果: 选择路径 1, 答案: 64800, 置信度: 0.4
2025-08-05 17:22:51,325 - INFO - 投票结果: 选择路径 0, 答案: 120, 置信度: 0.9
2025-08-05 17:22:51,327 - INFO - 投票结果: 选择路径 0, 答案: 270, 置信度: 1.0
2025-08-05 17:22:51,330 - INFO - 投票结果: 选择路径 0, 答案: 26, 置信度: 1.0
2025-08-05 17:22:51,332 - INFO - 投票结果: 选择路径 0, 答案: 20, 置信度: 0.8
2025-08-05 17:22:51,334 - INFO - 投票结果: 选择路径 1, 答案: 30, 置信度: 0.4
2025-08-05 17:22:51,337 - INFO - 投票结果: 选择路径 0, 答案: 101, 置信度: 1.0
2025-08-05 17:22:51,339 - INFO - 投票结果: 选择路径 5, 答案: 80, 置信度: 0.4
2025-08-05 17:22:51,342 - INFO - 投票结果: 选择路径 0, 答案: 85, 置信度: 1.0
2025-08-05 17:22:51,344 - INFO - 投票结果: 选择路径 2, 答案: 3, 置信度: 0.4
2025-08-05 17:22:51,346 - INFO - 投票结果: 选择路径 2, 答案: 3200, 置信度: 0.4
2025-08-05 17:22:51,349 - INFO - 投票结果: 选择路径 0, 答案: 300, 置信度: 1.0
2025-08-05 17:22:51,351 - INFO - 投票结果: 选择路径 0, 答案: 31, 置信度: 0.9
2025-08-05 17:22:51,354 - INFO - 投票结果: 选择路径 0, 答案: 12, 置信度: 1.0
2025-08-05 17:22:51,356 - INFO - 投票结果: 选择路径 0, 答案: 2:00p, 置信度: 0.8
2025-08-05 17:22:51,358 - INFO - 投票结果: 选择路径 1, 答案: 3, 置信度: 0.8
2025-08-05 17:22:51,361 - INFO - 投票结果: 选择路径 0, 答案: 10, 置信度: 0.4
2025-08-05 17:22:51,363 - INFO - 投票结果: 选择路径 0, 答案: 45, 置信度: 1.0
2025-08-05 17:22:51,366 - INFO - 投票结果: 选择路径 0, 答案: 200, 置信度: 0.8
2025-08-05 17:22:51,368 - INFO - 投票结果: 选择路径 3, 答案: 55, 置信度: 0.4
2025-08-05 17:22:51,370 - INFO - 投票结果: 选择路径 0, 答案: 10, 置信度: 0.9
2025-08-05 17:22:51,373 - INFO - 投票结果: 选择路径 0, 答案: 98, 置信度: 1.0
2025-08-05 17:22:51,375 - INFO - 投票结果: 选择路径 2, 答案: 0, 置信度: 0.3
2025-08-05 17:22:51,378 - INFO - 投票结果: 选择路径 2, 答案: 27, 置信度: 0.5
2025-08-05 17:22:51,380 - INFO - 投票结果: 选择路径 5, 答案: 360, 置信度: 0.4
2025-08-05 17:22:51,383 - INFO - 投票结果: 选择路径 0, 答案: 8, 置信度: 0.9
2025-08-05 17:22:51,386 - INFO - 投票结果: 选择路径 1, 答案: 37.5, 置信度: 0.2
2025-08-05 17:22:51,388 - INFO - 投票结果: 选择路径 0, 答案: 70, 置信度: 1.0
2025-08-05 17:22:51,391 - INFO - 投票结果: 选择路径 0, 答案: 294, 置信度: 1.0
2025-08-05 17:22:51,393 - INFO - 投票结果: 选择路径 2, 答案: 42, 置信度: 0.3
2025-08-05 17:22:51,396 - INFO - 投票结果: 选择路径 0, 答案: 13, 置信度: 1.0
2025-08-05 17:22:51,398 - INFO - 投票结果: 选择路径 0, 答案: 195, 置信度: 1.0
2025-08-05 17:22:51,401 - INFO - 投票结果: 选择路径 0, 答案: 7, 置信度: 1.0
2025-08-05 17:22:51,404 - INFO - 投票结果: 选择路径 0, 答案: 1875, 置信度: 0.9
2025-08-05 17:22:51,406 - INFO - 投票结果: 选择路径 0, 答案: 385000, 置信度: 1.0
2025-08-05 17:22:51,408 - INFO - 投票结果: 选择路径 0, 答案: 85, 置信度: 1.0
2025-08-05 17:22:51,411 - INFO - 投票结果: 选择路径 0, 答案: 27, 置信度: 1.0
2025-08-05 17:22:51,414 - INFO - 投票结果: 选择路径 0, 答案: 159, 置信度: 1.0
2025-08-05 17:22:51,416 - INFO - 投票结果: 选择路径 0, 答案: 25, 置信度: 1.0
2025-08-05 17:22:51,419 - INFO - 投票结果: 选择路径 0, 答案: 720, 置信度: 1.0
2025-08-05 17:22:51,421 - INFO - 投票结果: 选择路径 0, 答案: 549, 置信度: 1.0
2025-08-05 17:22:51,424 - INFO - 投票结果: 选择路径 0, 答案: 7, 置信度: 0.9
2025-08-05 17:22:51,426 - INFO - 投票结果: 选择路径 0, 答案: 25, 置信度: 0.7
2025-08-05 17:22:51,429 - INFO - 投票结果: 选择路径 1, 答案: 90, 置信度: 0.5
2025-08-05 17:22:51,431 - INFO - 投票结果: 选择路径 1, 答案: 2, 置信度: 0.7
2025-08-05 17:22:51,434 - INFO - 投票结果: 选择路径 0, 答案: 29.33, 置信度: 0.5
2025-08-05 17:22:51,436 - INFO - 投票结果: 选择路径 0, 答案: 40, 置信度: 0.7
2025-08-05 17:22:51,439 - INFO - 投票结果: 选择路径 0, 答案: 1950, 置信度: 0.7
2025-08-05 17:22:51,441 - INFO - 投票结果: 选择路径 0, 答案: 216, 置信度: 0.5
2025-08-05 17:22:51,444 - INFO - 投票结果: 选择路径 0, 答案: 10, 置信度: 0.9
2025-08-05 17:22:51,446 - INFO - 投票结果: 选择路径 2, 答案: 36, 置信度: 0.6
2025-08-05 17:22:51,449 - INFO - 投票结果: 选择路径 0, 答案: 17, 置信度: 0.9
2025-08-05 17:22:51,451 - INFO - 投票结果: 选择路径 0, 答案: 50, 置信度: 0.9
2025-08-05 17:22:51,454 - INFO - 投票结果: 选择路径 0, 答案: 96, 置信度: 1.0
2025-08-05 17:22:51,456 - INFO - 投票结果: 选择路径 0, 答案: 280, 置信度: 0.7
2025-08-05 17:22:51,459 - INFO - 投票结果: 选择路径 0, 答案: 60, 置信度: 0.5
2025-08-05 17:22:51,461 - INFO - 投票结果: 选择路径 0, 答案: 142, 置信度: 1.0
2025-08-05 17:22:51,464 - INFO - 投票结果: 选择路径 0, 答案: 5, 置信度: 0.8
2025-08-05 17:22:51,466 - INFO - 投票结果: 选择路径 0, 答案: 95, 置信度: 1.0
2025-08-05 17:22:51,469 - INFO - 投票结果: 选择路径 0, 答案: 175, 置信度: 1.0
2025-08-05 17:22:51,472 - INFO - 投票结果: 选择路径 1, 答案: 20, 置信度: 0.6
2025-08-05 17:22:51,474 - INFO - 投票结果: 选择路径 0, 答案: 15, 置信度: 0.9
2025-08-05 17:22:51,476 - INFO - 投票结果: 选择路径 0, 答案: 370, 置信度: 0.4
2025-08-05 17:22:51,479 - INFO - 投票结果: 选择路径 1, 答案: 0, 置信度: 0.3
2025-08-05 17:22:51,481 - INFO - 投票结果: 选择路径 0, 答案: 2, 置信度: 1.0
2025-08-05 17:22:51,483 - INFO - 投票结果: 选择路径 0, 答案: 120, 置信度: 0.7
2025-08-05 17:22:51,486 - INFO - 投票结果: 选择路径 0, 答案: 70, 置信度: 1.0
2025-08-05 17:22:51,488 - INFO - 投票结果: 选择路径 0, 答案: 17000, 置信度: 0.9
2025-08-05 17:22:51,491 - INFO - 投票结果: 选择路径 0, 答案: 57, 置信度: 0.9
2025-08-05 17:22:51,493 - INFO - 投票结果: 选择路径 0, 答案: 1260, 置信度: 0.9
2025-08-05 17:22:51,495 - INFO - 投票结果: 选择路径 0, 答案: 4500, 置信度: 1.0
2025-08-05 17:22:51,498 - INFO - 投票结果: 选择路径 0, 答案: 5, 置信度: 0.8
2025-08-05 17:22:51,500 - INFO - 投票结果: 选择路径 0, 答案: 360, 置信度: 1.0
2025-08-05 17:22:51,503 - INFO - 投票结果: 选择路径 1, 答案: 50, 置信度: 0.7
2025-08-05 17:22:51,505 - INFO - 投票结果: 选择路径 0, 答案: 95, 置信度: 0.4
2025-08-05 17:22:51,507 - INFO - 投票结果: 选择路径 0, 答案: 2, 置信度: 0.8
2025-08-05 17:22:51,510 - INFO - 投票结果: 选择路径 1, 答案: 7.17, 置信度: 0.7
2025-08-05 17:22:51,512 - INFO - 投票结果: 选择路径 0, 答案: 5760, 置信度: 1.0
2025-08-05 17:22:51,515 - INFO - 投票结果: 选择路径 0, 答案: 35, 置信度: 1.0
2025-08-05 17:22:51,517 - INFO - 投票结果: 选择路径 0, 答案: 27, 置信度: 0.3
2025-08-05 17:22:51,519 - INFO - 投票结果: 选择路径 1, 答案: 7, 置信度: 0.7
2025-08-05 17:22:51,522 - INFO - 投票结果: 选择路径 0, 答案: 3, 置信度: 1.0
2025-08-05 17:22:51,524 - INFO - 投票结果: 选择路径 4, 答案: 40, 置信度: 0.4
2025-08-05 17:22:51,527 - INFO - 投票结果: 选择路径 0, 答案: 280, 置信度: 0.9
2025-08-05 17:22:51,529 - INFO - 投票结果: 选择路径 2, 答案: 14, 置信度: 0.3
2025-08-05 17:22:51,531 - INFO - 投票结果: 选择路径 0, 答案: 10, 置信度: 1.0
2025-08-05 17:22:51,534 - INFO - 投票结果: 选择路径 0, 答案: 101, 置信度: 1.0
2025-08-05 17:22:51,536 - INFO - 投票结果: 选择路径 0, 答案: 12, 置信度: 0.8
2025-08-05 17:22:51,539 - INFO - 投票结果: 选择路径 0, 答案: 78, 置信度: 1.0
2025-08-05 17:22:51,541 - INFO - 投票结果: 选择路径 0, 答案: 16, 置信度: 1.0
2025-08-05 17:22:51,543 - INFO - 投票结果: 选择路径 1, 答案: 8, 置信度: 0.9
2025-08-05 17:22:51,546 - INFO - 投票结果: 选择路径 0, 答案: 20, 置信度: 0.9
2025-08-05 17:22:51,548 - INFO - 投票结果: 选择路径 0, 答案: 280, 置信度: 0.7
2025-08-05 17:22:51,550 - INFO - 投票结果: 选择路径 3, 答案: 6.75, 置信度: 0.3
2025-08-05 17:22:51,553 - INFO - 投票结果: 选择路径 0, 答案: 105, 置信度: 0.9
2025-08-05 17:22:51,555 - INFO - 投票结果: 选择路径 0, 答案: 58, 置信度: 1.0
2025-08-05 17:22:51,557 - INFO - 投票结果: 选择路径 0, 答案: 6, 置信度: 1.0
2025-08-05 17:22:51,560 - INFO - 投票结果: 选择路径 2, 答案: 100, 置信度: 0.5
2025-08-05 17:22:51,562 - INFO - 投票结果: 选择路径 0, 答案: 770, 置信度: 1.0
2025-08-05 17:22:51,565 - INFO - 投票结果: 选择路径 0, 答案: 28, 置信度: 1.0
2025-08-05 17:22:51,567 - INFO - 投票结果: 选择路径 1, 答案: 25, 置信度: 0.6
2025-08-05 17:22:51,569 - INFO - 投票结果: 选择路径 0, 答案: 1630, 置信度: 1.0
2025-08-05 17:22:51,572 - INFO - 投票结果: 选择路径 0, 答案: 55, 置信度: 0.9
2025-08-05 17:22:51,574 - INFO - 投票结果: 选择路径 0, 答案: 40, 置信度: 0.8
2025-08-05 17:22:51,577 - INFO - 投票结果: 选择路径 0, 答案: 11, 置信度: 1.0
2025-08-05 17:22:51,579 - INFO - 投票结果: 选择路径 0, 答案: 3, 置信度: 1.0
2025-08-05 17:22:51,581 - INFO - 投票结果: 选择路径 0, 答案: 20, 置信度: 0.6
2025-08-05 17:22:51,584 - INFO - 投票结果: 选择路径 0, 答案: 15, 置信度: 0.9
2025-08-05 17:22:51,586 - INFO - 投票结果: 选择路径 1, 答案: 3, 置信度: 0.5
2025-08-05 17:22:51,588 - INFO - 投票结果: 选择路径 0, 答案: 70, 置信度: 1.0
2025-08-05 17:22:51,591 - INFO - 投票结果: 选择路径 0, 答案: 63, 置信度: 0.9
2025-08-05 17:22:51,594 - INFO - 投票结果: 选择路径 0, 答案: 14, 置信度: 0.9
2025-08-05 17:22:51,597 - INFO - 投票结果: 选择路径 0, 答案: 11, 置信度: 1.0
2025-08-05 17:22:51,599 - INFO - 投票结果: 选择路径 0, 答案: 153, 置信度: 0.9
2025-08-05 17:22:51,602 - INFO - 投票结果: 选择路径 0, 答案: 15, 置信度: 1.0
2025-08-05 17:22:51,604 - INFO - 投票结果: 选择路径 1, 答案: 145, 置信度: 0.3
2025-08-05 17:22:51,607 - INFO - 投票结果: 选择路径 2, 答案: 175, 置信度: 0.6
2025-08-05 17:22:51,609 - INFO - 投票结果: 选择路径 0, 答案: 600, 置信度: 0.9
2025-08-05 17:22:51,612 - INFO - 投票结果: 选择路径 0, 答案: 20, 置信度: 1.0
2025-08-05 17:22:51,614 - INFO - 投票结果: 选择路径 0, 答案: 12, 置信度: 1.0
2025-08-05 17:22:51,617 - INFO - 投票结果: 选择路径 0, 答案: 87, 置信度: 1.0
2025-08-05 17:22:51,619 - INFO - 投票结果: 选择路径 0, 答案: 60, 置信度: 0.5
2025-08-05 17:22:51,622 - INFO - 投票结果: 选择路径 0, 答案: 10, 置信度: 1.0
2025-08-05 17:22:51,624 - INFO - 投票结果: 选择路径 0, 答案: 18, 置信度: 1.0
2025-08-05 17:22:51,627 - INFO - 投票结果: 选择路径 0, 答案: 230, 置信度: 1.0
2025-08-05 17:22:51,629 - INFO - 投票结果: 选择路径 2, 答案: 5, 置信度: 0.6
2025-08-05 17:22:51,632 - INFO - 投票结果: 选择路径 0, 答案: 1198, 置信度: 0.6
2025-08-05 17:22:51,634 - INFO - 投票结果: 选择路径 0, 答案: 2325, 置信度: 0.8
2025-08-05 17:22:51,637 - INFO - 投票结果: 选择路径 0, 答案: 80, 置信度: 1.0
2025-08-05 17:22:51,639 - INFO - 投票结果: 选择路径 0, 答案: 880, 置信度: 1.0
2025-08-05 17:22:51,642 - INFO - 投票结果: 选择路径 0, 答案: 5, 置信度: 1.0
2025-08-05 17:22:51,644 - INFO - 投票结果: 选择路径 0, 答案: 45, 置信度: 1.0
2025-08-05 17:22:51,647 - INFO - 投票结果: 选择路径 0, 答案: 75, 置信度: 1.0
2025-08-05 17:22:51,649 - INFO - 投票结果: 选择路径 0, 答案: 4, 置信度: 0.9
2025-08-05 17:22:51,652 - INFO - 投票结果: 选择路径 0, 答案: 350, 置信度: 1.0
2025-08-05 17:22:51,655 - INFO - 投票结果: 选择路径 0, 答案: 200, 置信度: 1.0
2025-08-05 17:22:51,657 - INFO - 投票结果: 选择路径 0, 答案: 1000, 置信度: 0.7
2025-08-05 17:22:51,660 - INFO - 投票结果: 选择路径 0, 答案: 21, 置信度: 0.9
2025-08-05 17:22:51,662 - INFO - 投票结果: 选择路径 0, 答案: 19, 置信度: 1.0
2025-08-05 17:22:51,665 - INFO - 投票结果: 选择路径 0, 答案: 13, 置信度: 1.0
2025-08-05 17:22:51,667 - INFO - 投票结果: 选择路径 0, 答案: 10, 置信度: 0.7
2025-08-05 17:22:51,670 - INFO - 投票结果: 选择路径 0, 答案: 440, 置信度: 1.0
2025-08-05 17:22:51,672 - INFO - 投票结果: 选择路径 0, 答案: 48, 置信度: 1.0
2025-08-05 17:22:51,674 - INFO - 投票结果: 选择路径 0, 答案: 36, 置信度: 0.5
2025-08-05 17:22:51,677 - INFO - 投票结果: 选择路径 0, 答案: 64, 置信度: 0.4
2025-08-05 17:22:51,679 - INFO - 投票结果: 选择路径 0, 答案: 22, 置信度: 1.0
2025-08-05 17:22:51,681 - INFO - 投票结果: 选择路径 0, 答案: 57500, 置信度: 1.0
2025-08-05 17:22:51,684 - INFO - 投票结果: 选择路径 0, 答案: 35, 置信度: 1.0
2025-08-05 17:22:51,686 - INFO - 投票结果: 选择路径 0, 答案: 26, 置信度: 1.0
2025-08-05 17:22:51,689 - INFO - 投票结果: 选择路径 1, 答案: 20, 置信度: 0.4
2025-08-05 17:22:51,691 - INFO - 投票结果: 选择路径 0, 答案: 27000, 置信度: 0.9
2025-08-05 17:22:51,693 - INFO - 投票结果: 选择路径 0, 答案: 157, 置信度: 1.0
2025-08-05 17:22:51,696 - INFO - 投票结果: 选择路径 0, 答案: 14, 置信度: 1.0
2025-08-05 17:22:51,698 - INFO - 投票结果: 选择路径 0, 答案: 26, 置信度: 0.8
2025-08-05 17:22:51,700 - INFO - 投票结果: 选择路径 0, 答案: 726, 置信度: 0.3
2025-08-05 17:22:51,703 - INFO - 投票结果: 选择路径 0, 答案: 12, 置信度: 1.0
2025-08-05 17:22:51,705 - INFO - 投票结果: 选择路径 3, 答案: 10, 置信度: 0.4
2025-08-05 17:22:51,708 - INFO - 投票结果: 选择路径 0, 答案: 366, 置信度: 1.0
2025-08-05 17:22:51,710 - INFO - 投票结果: 选择路径 0, 答案: 195, 置信度: 0.9
2025-08-05 17:22:51,712 - INFO - 投票结果: 选择路径 0, 答案: 90, 置信度: 1.0
2025-08-05 17:22:51,715 - INFO - 投票结果: 选择路径 2, 答案: 10, 置信度: 0.8
2025-08-05 17:22:51,717 - INFO - 投票结果: 选择路径 0, 答案: 400, 置信度: 0.9
2025-08-05 17:22:51,719 - INFO - 投票结果: 选择路径 0, 答案: 6, 置信度: 0.9
2025-08-05 17:22:51,722 - INFO - 投票结果: 选择路径 0, 答案: 17, 置信度: 1.0
2025-08-05 17:22:51,724 - INFO - 投票结果: 选择路径 0, 答案: 220, 置信度: 0.5
2025-08-05 17:22:51,727 - INFO - 投票结果: 选择路径 2, 答案: 22, 置信度: 0.3
2025-08-05 17:22:51,729 - INFO - 投票结果: 选择路径 0, 答案: 44, 置信度: 1.0
2025-08-05 17:22:51,731 - INFO - 投票结果: 选择路径 2, 答案: 48, 置信度: 0.8
2025-08-05 17:22:51,734 - INFO - 投票结果: 选择路径 0, 答案: 27, 置信度: 0.9
2025-08-05 17:22:51,736 - INFO - 投票结果: 选择路径 0, 答案: 120, 置信度: 1.0
2025-08-05 17:22:51,739 - INFO - 投票结果: 选择路径 0, 答案: 12, 置信度: 1.0
2025-08-05 17:22:51,741 - INFO - 投票结果: 选择路径 0, 答案: 5, 置信度: 1.0
2025-08-05 17:22:51,743 - INFO - 投票结果: 选择路径 0, 答案: 36, 置信度: 1.0
2025-08-05 17:22:51,746 - INFO - 投票结果: 选择路径 0, 答案: 9, 置信度: 1.0
2025-08-05 17:22:51,748 - INFO - 投票结果: 选择路径 0, 答案: 2, 置信度: 1.0
2025-08-05 17:22:51,750 - INFO - 投票结果: 选择路径 0, 答案: 26, 置信度: 0.5
2025-08-05 17:22:51,753 - INFO - 投票结果: 选择路径 0, 答案: 70, 置信度: 1.0
2025-08-05 17:22:51,755 - INFO - 投票结果: 选择路径 0, 答案: 3160, 置信度: 0.4
2025-08-05 17:22:51,757 - INFO - 投票结果: 选择路径 0, 答案: 3200, 置信度: 1.0
2025-08-05 17:22:51,760 - INFO - 投票结果: 选择路径 0, 答案: 142, 置信度: 0.6
2025-08-05 17:22:51,763 - INFO - 投票结果: 选择路径 0, 答案: 90, 置信度: 1.0
2025-08-05 17:22:51,765 - INFO - 投票结果: 选择路径 0, 答案: 200, 置信度: 0.9
2025-08-05 17:22:51,768 - INFO - 投票结果: 选择路径 0, 答案: 330000, 置信度: 0.5
2025-08-05 17:22:51,771 - INFO - 投票结果: 选择路径 0, 答案: 9, 置信度: 1.0
2025-08-05 17:22:51,773 - INFO - 投票结果: 选择路径 0, 答案: 10, 置信度: 1.0
2025-08-05 17:22:51,776 - INFO - 投票结果: 选择路径 2, 答案: 40, 置信度: 0.2
2025-08-05 17:22:51,778 - INFO - 投票结果: 选择路径 0, 答案: 700, 置信度: 1.0
2025-08-05 17:22:51,781 - INFO - 投票结果: 选择路径 0, 答案: 12, 置信度: 1.0
2025-08-05 17:22:51,783 - INFO - 投票结果: 选择路径 0, 答案: 3, 置信度: 1.0
2025-08-05 17:22:51,786 - INFO - 投票结果: 选择路径 0, 答案: 320, 置信度: 1.0
2025-08-05 17:22:51,789 - INFO - 投票结果: 选择路径 0, 答案: 121, 置信度: 0.2
2025-08-05 17:22:51,791 - INFO - 投票结果: 选择路径 0, 答案: 50, 置信度: 0.9
2025-08-05 17:22:51,794 - INFO - 投票结果: 选择路径 0, 答案: 50, 置信度: 1.0
2025-08-05 17:22:51,796 - INFO - 投票结果: 选择路径 0, 答案: 1850, 置信度: 0.4
2025-08-05 17:22:51,799 - INFO - 投票结果: 选择路径 0, 答案: 12, 置信度: 0.5
2025-08-05 17:22:51,801 - INFO - 投票结果: 选择路径 0, 答案: 2640, 置信度: 1.0
2025-08-05 17:22:51,804 - INFO - 投票结果: 选择路径 0, 答案: 98, 置信度: 1.0
2025-08-05 17:22:51,806 - INFO - 投票结果: 选择路径 0, 答案: 19, 置信度: 1.0
2025-08-05 17:22:51,809 - INFO - 投票结果: 选择路径 0, 答案: 21, 置信度: 1.0
2025-08-05 17:22:51,811 - INFO - 投票结果: 选择路径 1, 答案: 5, 置信度: 0.8
2025-08-05 17:22:51,814 - INFO - 投票结果: 选择路径 0, 答案: 30, 置信度: 1.0
2025-08-05 17:22:51,816 - INFO - 投票结果: 选择路径 1, 答案: 34, 置信度: 0.8
2025-08-05 17:22:51,819 - INFO - 投票结果: 选择路径 0, 答案: 48, 置信度: 0.5
2025-08-05 17:22:51,821 - INFO - 投票结果: 选择路径 0, 答案: 7, 置信度: 1.0
2025-08-05 17:22:51,824 - INFO - 投票结果: 选择路径 0, 答案: 50, 置信度: 1.0
2025-08-05 17:22:51,827 - INFO - 投票结果: 选择路径 0, 答案: 25, 置信度: 1.0
2025-08-05 17:22:51,829 - INFO - 投票结果: 选择路径 0, 答案: 500, 置信度: 1.0
2025-08-05 17:22:51,832 - INFO - 投票结果: 选择路径 0, 答案: 300, 置信度: 1.0
2025-08-05 17:22:51,834 - INFO - 投票结果: 选择路径 0, 答案: 842, 置信度: 1.0
2025-08-05 17:22:51,836 - INFO - 投票结果: 选择路径 1, 答案: 600, 置信度: 0.7
2025-08-05 17:22:51,839 - INFO - 投票结果: 选择路径 0, 答案: 180, 置信度: 0.9
2025-08-05 17:22:51,842 - INFO - 投票结果: 选择路径 0, 答案: 32, 置信度: 1.0
2025-08-05 17:22:51,844 - INFO - 投票结果: 选择路径 1, 答案: 15, 置信度: 0.8
2025-08-05 17:22:51,847 - INFO - 投票结果: 选择路径 0, 答案: 243, 置信度: 1.0
2025-08-05 17:22:51,849 - INFO - 投票结果: 选择路径 0, 答案: 60, 置信度: 0.7
2025-08-05 17:22:51,852 - INFO - 投票结果: 选择路径 0, 答案: 1218, 置信度: 1.0
2025-08-05 17:22:51,854 - INFO - 投票结果: 选择路径 0, 答案: 16, 置信度: 0.7
2025-08-05 17:22:51,857 - INFO - 投票结果: 选择路径 0, 答案: 40, 置信度: 1.0
2025-08-05 17:22:51,859 - INFO - 投票结果: 选择路径 0, 答案: 1210, 置信度: 1.0
2025-08-05 17:22:51,861 - INFO - 投票结果: 选择路径 0, 答案: 50, 置信度: 0.9
2025-08-05 17:22:51,864 - INFO - 投票结果: 选择路径 0, 答案: 12, 置信度: 1.0
2025-08-05 17:22:51,866 - INFO - 投票结果: 选择路径 0, 答案: 3528, 置信度: 1.0
2025-08-05 17:22:51,869 - INFO - 投票结果: 选择路径 3, 答案: 150, 置信度: 0.5
2025-08-05 17:22:51,871 - INFO - 投票结果: 选择路径 0, 答案: 1050, 置信度: 1.0
2025-08-05 17:22:51,873 - INFO - 投票结果: 选择路径 0, 答案: 2304, 置信度: 1.0
2025-08-05 17:22:51,876 - INFO - 投票结果: 选择路径 1, 答案: 360, 置信度: 0.2
2025-08-05 17:22:51,878 - INFO - 投票结果: 选择路径 1, 答案: 70000, 置信度: 0.5
2025-08-05 17:22:51,881 - INFO - 投票结果: 选择路径 0, 答案: 410, 置信度: 1.0
2025-08-05 17:22:51,883 - INFO - 投票结果: 选择路径 0, 答案: 32, 置信度: 1.0
2025-08-05 17:22:51,885 - INFO - 投票结果: 选择路径 0, 答案: 120, 置信度: 0.8
2025-08-05 17:22:51,888 - INFO - 投票结果: 选择路径 0, 答案: 29, 置信度: 1.0
2025-08-05 17:22:51,890 - INFO - 投票结果: 选择路径 1, 答案: 200, 置信度: 0.4
2025-08-05 17:22:51,892 - INFO - 投票结果: 选择路径 0, 答案: 80, 置信度: 0.9
2025-08-05 17:22:51,895 - INFO - 投票结果: 选择路径 0, 答案: 200, 置信度: 0.7
2025-08-05 17:22:51,897 - INFO - 投票结果: 选择路径 0, 答案: 2, 置信度: 1.0
2025-08-05 17:22:51,900 - INFO - 投票结果: 选择路径 0, 答案: 9, 置信度: 1.0
2025-08-05 17:22:51,902 - INFO - 投票结果: 选择路径 0, 答案: 100, 置信度: 1.0
2025-08-05 17:22:51,905 - INFO - 投票结果: 选择路径 0, 答案: 40, 置信度: 1.0
2025-08-05 17:22:51,907 - INFO - 投票结果: 选择路径 0, 答案: 250, 置信度: 0.8
2025-08-05 17:22:51,909 - INFO - 投票结果: 选择路径 0, 答案: 5600, 置信度: 0.5
2025-08-05 17:22:51,912 - INFO - 投票结果: 选择路径 0, 答案: 5, 置信度: 0.9
2025-08-05 17:22:51,914 - INFO - 投票结果: 选择路径 0, 答案: 600, 置信度: 1.0
2025-08-05 17:22:51,917 - INFO - 投票结果: 选择路径 0, 答案: 6, 置信度: 1.0
2025-08-05 17:22:51,919 - INFO - 投票结果: 选择路径 0, 答案: 1, 置信度: 1.0
2025-08-05 17:22:51,921 - INFO - 投票结果: 选择路径 0, 答案: 360, 置信度: 0.8
2025-08-05 17:22:51,924 - INFO - 投票结果: 选择路径 0, 答案: 45, 置信度: 1.0
2025-08-05 17:22:51,926 - INFO - 投票结果: 选择路径 0, 答案: 310, 置信度: 1.0
2025-08-05 17:22:51,929 - INFO - 投票结果: 选择路径 0, 答案: 5, 置信度: 0.9
2025-08-05 17:22:51,931 - INFO - 投票结果: 选择路径 0, 答案: 30, 置信度: 1.0
2025-08-05 17:22:51,933 - INFO - 投票结果: 选择路径 0, 答案: 220, 置信度: 1.0
2025-08-05 17:22:51,936 - INFO - 投票结果: 选择路径 0, 答案: 310, 置信度: 1.0
2025-08-05 17:22:51,938 - INFO - 投票结果: 选择路径 0, 答案: 250, 置信度: 0.8
2025-08-05 17:22:51,940 - INFO - 投票结果: 选择路径 0, 答案: 118000, 置信度: 0.9
2025-08-05 17:22:51,943 - INFO - 投票结果: 选择路径 0, 答案: 160, 置信度: 1.0
2025-08-05 17:22:51,945 - INFO - 投票结果: 选择路径 1, 答案: 4, 置信度: 0.8
2025-08-05 17:22:51,948 - INFO - 投票结果: 选择路径 0, 答案: 6, 置信度: 1.0
2025-08-05 17:22:51,950 - INFO - 投票结果: 选择路径 1, 答案: 64, 置信度: 0.3
2025-08-05 17:22:51,953 - INFO - 投票结果: 选择路径 0, 答案: 335, 置信度: 1.0
2025-08-05 17:22:51,955 - INFO - 投票结果: 选择路径 0, 答案: 44, 置信度: 1.0
2025-08-05 17:22:51,958 - INFO - 投票结果: 选择路径 0, 答案: 216, 置信度: 1.0
2025-08-05 17:22:51,960 - INFO - 投票结果: 选择路径 0, 答案: 40, 置信度: 1.0
2025-08-05 17:22:51,963 - INFO - 投票结果: 选择路径 6, 答案: 6, 置信度: 0.3
2025-08-05 17:22:51,965 - INFO - 投票结果: 选择路径 0, 答案: 135, 置信度: 0.6
2025-08-05 17:22:51,968 - INFO - 投票结果: 选择路径 1, 答案: 16, 置信度: 0.8
2025-08-05 17:22:51,970 - INFO - 投票结果: 选择路径 0, 答案: 6, 置信度: 1.0
2025-08-05 17:22:51,973 - INFO - 投票结果: 选择路径 0, 答案: 17, 置信度: 1.0
2025-08-05 17:22:51,975 - INFO - 投票结果: 选择路径 0, 答案: 540, 置信度: 0.7
2025-08-05 17:22:51,978 - INFO - 投票结果: 选择路径 0, 答案: 621, 置信度: 1.0
2025-08-05 17:22:51,980 - INFO - 投票结果: 选择路径 0, 答案: 120, 置信度: 1.0
2025-08-05 17:22:51,983 - INFO - 投票结果: 选择路径 0, 答案: 56, 置信度: 0.9
2025-08-05 17:22:51,985 - INFO - 投票结果: 选择路径 0, 答案: 2, 置信度: 1.0
2025-08-05 17:22:51,988 - INFO - 投票结果: 选择路径 0, 答案: 3, 置信度: 1.0
2025-08-05 17:22:51,990 - INFO - 投票结果: 选择路径 0, 答案: 104, 置信度: 0.8
2025-08-05 17:22:51,993 - INFO - 投票结果: 选择路径 0, 答案: 5, 置信度: 1.0
2025-08-05 17:22:51,995 - INFO - 投票结果: 选择路径 2, 答案: 5, 置信度: 0.6
2025-08-05 17:22:51,998 - INFO - 投票结果: 选择路径 0, 答案: 6, 置信度: 1.0
2025-08-05 17:22:52,000 - INFO - 投票结果: 选择路径 0, 答案: 40, 置信度: 0.6
2025-08-05 17:22:52,003 - INFO - 投票结果: 选择路径 0, 答案: 10, 置信度: 1.0
2025-08-05 17:22:52,005 - INFO - 投票结果: 选择路径 0, 答案: 9, 置信度: 1.0
2025-08-05 17:22:52,008 - INFO - 投票结果: 选择路径 0, 答案: 5, 置信度: 1.0
2025-08-05 17:22:52,010 - INFO - 投票结果: 选择路径 0, 答案: 16, 置信度: 1.0
2025-08-05 17:22:52,013 - INFO - 投票结果: 选择路径 0, 答案: 296, 置信度: 1.0
2025-08-05 17:22:52,015 - INFO - 投票结果: 选择路径 1, 答案: 750, 置信度: 0.5
2025-08-05 17:22:52,018 - INFO - 投票结果: 选择路径 0, 答案: 12, 置信度: 0.5
2025-08-05 17:22:52,020 - INFO - 投票结果: 选择路径 0, 答案: 4, 置信度: 1.0
2025-08-05 17:22:52,023 - INFO - 投票结果: 选择路径 0, 答案: 25, 置信度: 1.0
2025-08-05 17:22:52,025 - INFO - 投票结果: 选择路径 3, 答案: 210, 置信度: 0.5
2025-08-05 17:22:52,028 - INFO - 投票结果: 选择路径 1, 答案: 2, 置信度: 0.7
2025-08-05 17:22:52,031 - INFO - 投票结果: 选择路径 0, 答案: 35, 置信度: 0.9
2025-08-05 17:22:52,033 - INFO - 投票结果: 选择路径 0, 答案: 24, 置信度: 0.9
2025-08-05 17:22:52,036 - INFO - 投票结果: 选择路径 0, 答案: \frac{46}{3}, 置信度: 0.3
2025-08-05 17:22:52,038 - INFO - 投票结果: 选择路径 0, 答案: 69, 置信度: 1.0
2025-08-05 17:22:52,040 - INFO - 投票结果: 选择路径 0, 答案: 168, 置信度: 1.0
2025-08-05 17:22:52,043 - INFO - 投票结果: 选择路径 0, 答案: 20, 置信度: 1.0
2025-08-05 17:22:52,045 - INFO - 投票结果: 选择路径 0, 答案: 4, 置信度: 1.0
2025-08-05 17:22:52,048 - INFO - 投票结果: 选择路径 0, 答案: 1596, 置信度: 1.0
2025-08-05 17:22:52,050 - INFO - 投票结果: 选择路径 0, 答案: 150, 置信度: 0.5
2025-08-05 17:22:52,052 - INFO - 投票结果: 选择路径 0, 答案: 20, 置信度: 1.0
2025-08-05 17:22:52,055 - INFO - 投票结果: 选择路径 0, 答案: 2, 置信度: 1.0
2025-08-05 17:22:52,057 - INFO - 投票结果: 选择路径 0, 答案: 14, 置信度: 0.5
2025-08-05 17:22:52,060 - INFO - 投票结果: 选择路径 1, 答案: 3140, 置信度: 0.8
2025-08-05 17:22:52,062 - INFO - 投票结果: 选择路径 0, 答案: 4, 置信度: 1.0
2025-08-05 17:22:52,065 - INFO - 投票结果: 选择路径 0, 答案: 81, 置信度: 1.0
2025-08-05 17:22:52,067 - INFO - 投票结果: 选择路径 0, 答案: 52, 置信度: 0.4
2025-08-05 17:22:52,069 - INFO - 投票结果: 选择路径 0, 答案: 1400, 置信度: 0.8
2025-08-05 17:22:52,072 - INFO - 投票结果: 选择路径 4, 答案: 25, 置信度: 0.2
2025-08-05 17:22:52,074 - INFO - 投票结果: 选择路径 1, 答案: 30, 置信度: 0.6
2025-08-05 17:22:52,077 - INFO - 投票结果: 选择路径 0, 答案: 26, 置信度: 1.0
2025-08-05 17:22:52,079 - INFO - 投票结果: 选择路径 0, 答案: 13, 置信度: 1.0
2025-08-05 17:22:52,081 - INFO - 投票结果: 选择路径 0, 答案: 623, 置信度: 0.7
2025-08-05 17:22:52,084 - INFO - 投票结果: 选择路径 0, 答案: 92, 置信度: 1.0
2025-08-05 17:22:52,086 - INFO - 投票结果: 选择路径 0, 答案: 42, 置信度: 0.6
2025-08-05 17:22:52,089 - INFO - 投票结果: 选择路径 0, 答案: 55, 置信度: 1.0
2025-08-05 17:22:52,091 - INFO - 投票结果: 选择路径 0, 答案: 90, 置信度: 1.0
2025-08-05 17:22:52,094 - INFO - 投票结果: 选择路径 1, 答案: 75, 置信度: 0.5
2025-08-05 17:22:52,096 - INFO - 投票结果: 选择路径 0, 答案: 10, 置信度: 1.0
2025-08-05 17:22:52,098 - INFO - 投票结果: 选择路径 0, 答案: 70, 置信度: 1.0
2025-08-05 17:22:52,101 - INFO - 投票结果: 选择路径 0, 答案: 3, 置信度: 0.3
2025-08-05 17:22:52,103 - INFO - 投票结果: 选择路径 0, 答案: 2450, 置信度: 0.8
2025-08-05 17:22:52,106 - INFO - 投票结果: 选择路径 0, 答案: 20, 置信度: 0.6
2025-08-05 17:22:52,108 - INFO - 投票结果: 选择路径 1, 答案: 378000, 置信度: 0.7
2025-08-05 17:22:52,110 - INFO - 投票结果: 选择路径 0, 答案: 38, 置信度: 1.0
2025-08-05 17:22:52,113 - INFO - 投票结果: 选择路径 0, 答案: 300, 置信度: 0.9
2025-08-05 17:22:52,115 - INFO - 投票结果: 选择路径 0, 答案: 75, 置信度: 1.0
2025-08-05 17:22:52,118 - INFO - 投票结果: 选择路径 1, 答案: 360, 置信度: 0.6
2025-08-05 17:22:52,120 - INFO - 投票结果: 选择路径 1, 答案: 18, 置信度: 0.9
2025-08-05 17:22:52,122 - INFO - 投票结果: 选择路径 0, 答案: 9500, 置信度: 1.0
2025-08-05 17:22:52,125 - INFO - 投票结果: 选择路径 0, 答案: 7, 置信度: 1.0
2025-08-05 17:22:52,127 - INFO - 投票结果: 选择路径 0, 答案: 336, 置信度: 1.0
2025-08-05 17:22:52,130 - INFO - 投票结果: 选择路径 4, 答案: 48, 置信度: 0.3
2025-08-05 17:22:52,132 - INFO - 投票结果: 选择路径 0, 答案: 78, 置信度: 1.0
2025-08-05 17:22:52,134 - INFO - 投票结果: 选择路径 0, 答案: 155, 置信度: 0.6
2025-08-05 17:22:52,137 - INFO - 投票结果: 选择路径 1, 答案: 15, 置信度: 0.7
2025-08-05 17:22:52,139 - INFO - 投票结果: 选择路径 1, 答案: 375, 置信度: 0.6
2025-08-05 17:22:52,142 - INFO - 投票结果: 选择路径 0, 答案: 54, 置信度: 0.8
2025-08-05 17:22:52,144 - INFO - 投票结果: 选择路径 1, 答案: 6400, 置信度: 0.7
2025-08-05 17:22:52,146 - INFO - 投票结果: 选择路径 1, 答案: 14, 置信度: 0.3
2025-08-05 17:22:52,149 - INFO - 投票结果: 选择路径 0, 答案: 84, 置信度: 0.9
2025-08-05 17:22:52,151 - INFO - 投票结果: 选择路径 2, 答案: 100, 置信度: 0.6
2025-08-05 17:22:52,153 - INFO - 投票结果: 选择路径 0, 答案: 450, 置信度: 0.9
2025-08-05 17:22:52,156 - INFO - 投票结果: 选择路径 0, 答案: 5800, 置信度: 0.6
2025-08-05 17:22:52,158 - INFO - 投票结果: 选择路径 0, 答案: 43, 置信度: 0.7
2025-08-05 17:22:52,161 - INFO - 投票结果: 选择路径 0, 答案: 6, 置信度: 1.0
2025-08-05 17:22:52,163 - INFO - 投票结果: 选择路径 0, 答案: 1200, 置信度: 1.0
2025-08-05 17:22:52,165 - INFO - 投票结果: 选择路径 0, 答案: 24, 置信度: 0.8
2025-08-05 17:22:52,168 - INFO - 投票结果: 选择路径 1, 答案: 14, 置信度: 0.4
2025-08-05 17:22:52,170 - INFO - 投票结果: 选择路径 2, 答案: 28.33, 置信度: 0.6
2025-08-05 17:22:52,172 - INFO - 投票结果: 选择路径 0, 答案: 230, 置信度: 0.7
2025-08-05 17:22:52,175 - INFO - 投票结果: 选择路径 1, 答案: 1, 置信度: 0.4
2025-08-05 17:22:52,177 - INFO - 投票结果: 选择路径 3, 答案: 40, 置信度: 0.3
2025-08-05 17:22:52,180 - INFO - 投票结果: 选择路径 0, 答案: 14, 置信度: 0.7
2025-08-05 17:22:52,182 - INFO - 投票结果: 选择路径 0, 答案: 20, 置信度: 1.0
2025-08-05 17:22:52,184 - INFO - 投票结果: 选择路径 0, 答案: 180, 置信度: 0.7
2025-08-05 17:22:52,187 - INFO - 投票结果: 选择路径 0, 答案: 3, 置信度: 0.8
2025-08-05 17:22:52,190 - INFO - 投票结果: 选择路径 0, 答案: 162, 置信度: 0.2
2025-08-05 17:22:52,192 - INFO - 投票结果: 选择路径 1, 答案: 64, 置信度: 0.5
2025-08-05 17:22:52,195 - INFO - 投票结果: 选择路径 0, 答案: 48, 置信度: 1.0
2025-08-05 17:22:52,197 - INFO - 投票结果: 选择路径 0, 答案: 4, 置信度: 1.0
2025-08-05 17:22:52,200 - INFO - 投票结果: 选择路径 0, 答案: 14, 置信度: 0.8
2025-08-05 17:22:52,202 - INFO - 投票结果: 选择路径 2, 答案: 28, 置信度: 0.5
2025-08-05 17:22:52,205 - INFO - 投票结果: 选择路径 0, 答案: 15, 置信度: 0.6
2025-08-05 17:22:52,208 - INFO - 投票结果: 选择路径 0, 答案: 144, 置信度: 1.0
2025-08-05 17:22:52,210 - INFO - 投票结果: 选择路径 0, 答案: 560, 置信度: 0.4
2025-08-05 17:22:52,213 - INFO - 投票结果: 选择路径 0, 答案: 428, 置信度: 0.9
2025-08-05 17:22:52,215 - INFO - 投票结果: 选择路径 0, 答案: 665, 置信度: 1.0
2025-08-05 17:22:52,218 - INFO - 投票结果: 选择路径 2, 答案: 10000, 置信度: 0.2
2025-08-05 17:22:52,220 - INFO - 投票结果: 选择路径 0, 答案: 2.5, 置信度: 1.0
2025-08-05 17:22:52,223 - INFO - 投票结果: 选择路径 1, 答案: 90, 置信度: 0.8
2025-08-05 17:22:52,226 - INFO - 投票结果: 选择路径 0, 答案: 570, 置信度: 1.0
2025-08-05 17:22:52,228 - INFO - 投票结果: 选择路径 0, 答案: 5, 置信度: 1.0
2025-08-05 17:22:52,231 - INFO - 投票结果: 选择路径 0, 答案: 86, 置信度: 0.7
2025-08-05 17:22:52,233 - INFO - 投票结果: 选择路径 0, 答案: 160, 置信度: 1.0
2025-08-05 17:22:52,235 - INFO - 投票结果: 选择路径 0, 答案: 6, 置信度: 1.0
2025-08-05 17:22:52,238 - INFO - 投票结果: 选择路径 0, 答案: 6000, 置信度: 0.8
2025-08-05 17:22:52,240 - INFO - 投票结果: 选择路径 0, 答案: 800, 置信度: 0.6
2025-08-05 17:22:52,243 - INFO - 投票结果: 选择路径 0, 答案: 1, 置信度: 1.0
2025-08-05 17:22:52,245 - INFO - 投票结果: 选择路径 0, 答案: 4, 置信度: 0.5
2025-08-05 17:22:52,247 - INFO - 投票结果: 选择路径 0, 答案: 31, 置信度: 0.8
2025-08-05 17:22:52,250 - INFO - 投票结果: 选择路径 0, 答案: 276000, 置信度: 1.0
2025-08-05 17:22:52,252 - INFO - 投票结果: 选择路径 0, 答案: 482, 置信度: 1.0
2025-08-05 17:22:52,254 - INFO - 投票结果: 选择路径 0, 答案: 100, 置信度: 1.0
2025-08-05 17:22:52,257 - INFO - 投票结果: 选择路径 0, 答案: 21, 置信度: 1.0
2025-08-05 17:22:52,259 - INFO - 投票结果: 选择路径 0, 答案: 40, 置信度: 1.0
2025-08-05 17:22:52,261 - INFO - 投票结果: 选择路径 0, 答案: 180000, 置信度: 0.9
2025-08-05 17:22:52,264 - INFO - 投票结果: 选择路径 0, 答案: 14, 置信度: 1.0
2025-08-05 17:22:52,266 - INFO - 投票结果: 选择路径 0, 答案: 54, 置信度: 0.8
2025-08-05 17:22:52,269 - INFO - 投票结果: 选择路径 0, 答案: 5, 置信度: 1.0
2025-08-05 17:22:52,271 - INFO - 投票结果: 选择路径 0, 答案: 48, 置信度: 1.0
2025-08-05 17:22:52,273 - INFO - 投票结果: 选择路径 0, 答案: 390, 置信度: 0.9
2025-08-05 17:22:52,276 - INFO - 投票结果: 选择路径 0, 答案: 22, 置信度: 1.0
2025-08-05 17:22:52,278 - INFO - 投票结果: 选择路径 0, 答案: 12, 置信度: 0.4
2025-08-05 17:22:52,281 - INFO - 投票结果: 选择路径 0, 答案: 18000, 置信度: 1.0
2025-08-05 17:22:52,283 - INFO - 投票结果: 选择路径 1, 答案: 8642, 置信度: 0.8
2025-08-05 17:22:52,285 - INFO - 投票结果: 选择路径 0, 答案: 10, 置信度: 1.0
2025-08-05 17:22:52,289 - INFO - 投票结果: 选择路径 1, 答案: 27, 置信度: 0.7
2025-08-05 17:22:52,291 - INFO - 投票结果: 选择路径 0, 答案: 22, 置信度: 1.0
2025-08-05 17:22:52,294 - INFO - 投票结果: 选择路径 1, 答案: 61, 置信度: 0.6
2025-08-05 17:22:52,296 - INFO - 投票结果: 选择路径 1, 答案: 10, 置信度: 0.9
2025-08-05 17:22:52,298 - INFO - 投票结果: 选择路径 0, 答案: 15, 置信度: 0.9
2025-08-05 17:22:52,301 - INFO - 投票结果: 选择路径 0, 答案: 14, 置信度: 1.0
2025-08-05 17:22:52,303 - INFO - 投票结果: 选择路径 0, 答案: 14, 置信度: 1.0
2025-08-05 17:22:52,306 - INFO - 投票结果: 选择路径 0, 答案: 4, 置信度: 1.0
2025-08-05 17:22:52,308 - INFO - 投票结果: 选择路径 0, 答案: 3000, 置信度: 0.9
2025-08-05 17:22:52,310 - INFO - 投票结果: 选择路径 0, 答案: 4, 置信度: 0.5
2025-08-05 17:22:52,313 - INFO - 投票结果: 选择路径 3, 答案: 446, 置信度: 0.3
2025-08-05 17:22:52,315 - INFO - 投票结果: 选择路径 0, 答案: 1080, 置信度: 0.9
2025-08-05 17:22:52,317 - INFO - 投票结果: 选择路径 1, 答案: 83, 置信度: 0.6
2025-08-05 17:22:52,320 - INFO - 投票结果: 选择路径 0, 答案: 91, 置信度: 1.0
2025-08-05 17:22:52,322 - INFO - 投票结果: 选择路径 0, 答案: 18, 置信度: 0.9
2025-08-05 17:22:52,325 - INFO - 投票结果: 选择路径 0, 答案: 180, 置信度: 1.0
2025-08-05 17:22:52,327 - INFO - 投票结果: 选择路径 0, 答案: 350, 置信度: 0.7
2025-08-05 17:22:52,330 - INFO - 投票结果: 选择路径 1, 答案: 4, 置信度: 0.6
2025-08-05 17:22:52,332 - INFO - 投票结果: 选择路径 0, 答案: 129200, 置信度: 1.0
2025-08-05 17:22:52,335 - INFO - 投票结果: 选择路径 0, 答案: 10, 置信度: 1.0
2025-08-05 17:22:52,337 - INFO - 投票结果: 选择路径 0, 答案: 14, 置信度: 1.0
2025-08-05 17:22:52,340 - INFO - 投票结果: 选择路径 0, 答案: 12, 置信度: 1.0
2025-08-05 17:22:52,342 - INFO - 投票结果: 选择路径 0, 答案: 68, 置信度: 0.6
2025-08-05 17:22:52,345 - INFO - 投票结果: 选择路径 0, 答案: 58, 置信度: 1.0
2025-08-05 17:22:52,348 - INFO - 投票结果: 选择路径 0, 答案: 40, 置信度: 0.9
2025-08-05 17:22:52,350 - INFO - 投票结果: 选择路径 0, 答案: 132, 置信度: 1.0
2025-08-05 17:22:52,353 - INFO - 投票结果: 选择路径 0, 答案: 120, 置信度: 1.0
2025-08-05 17:22:52,355 - INFO - 投票结果: 选择路径 0, 答案: 120, 置信度: 1.0
2025-08-05 17:22:52,358 - INFO - 投票结果: 选择路径 0, 答案: 120, 置信度: 0.7
2025-08-05 17:22:52,360 - INFO - 投票结果: 选择路径 0, 答案: 15, 置信度: 1.0
2025-08-05 17:22:52,362 - INFO - 投票结果: 选择路径 0, 答案: 576, 置信度: 1.0
2025-08-05 17:22:52,365 - INFO - 投票结果: 选择路径 0, 答案: 5, 置信度: 1.0
2025-08-05 17:22:52,367 - INFO - 投票结果: 选择路径 0, 答案: 20, 置信度: 1.0
2025-08-05 17:22:52,370 - INFO - 投票结果: 选择路径 0, 答案: 40, 置信度: 1.0
2025-08-05 17:22:52,372 - INFO - 投票结果: 选择路径 0, 答案: 23, 置信度: 0.7
2025-08-05 17:22:52,374 - INFO - 投票结果: 选择路径 0, 答案: 156, 置信度: 1.0
2025-08-05 17:22:52,377 - INFO - 投票结果: 选择路径 1, 答案: 280, 置信度: 0.8
2025-08-05 17:22:52,379 - INFO - 投票结果: 选择路径 0, 答案: 32, 置信度: 0.3
2025-08-05 17:22:52,382 - INFO - 投票结果: 选择路径 0, 答案: 2, 置信度: 1.0
2025-08-05 17:22:52,384 - INFO - 投票结果: 选择路径 0, 答案: 120, 置信度: 1.0
2025-08-05 17:22:52,386 - INFO - 投票结果: 选择路径 0, 答案: 52, 置信度: 0.8
2025-08-05 17:22:52,389 - INFO - 投票结果: 选择路径 0, 答案: 15, 置信度: 1.0
2025-08-05 17:22:52,391 - INFO - 投票结果: 选择路径 0, 答案: 9, 置信度: 1.0
2025-08-05 17:22:52,394 - INFO - 投票结果: 选择路径 0, 答案: 25, 置信度: 0.3
2025-08-05 17:22:52,396 - INFO - 投票结果: 选择路径 1, 答案: 20, 置信度: 0.8
2025-08-05 17:22:52,398 - INFO - 投票结果: 选择路径 2, 答案: 30, 置信度: 0.6
2025-08-05 17:22:52,401 - INFO - 投票结果: 选择路径 2, 答案: 80, 置信度: 0.5
2025-08-05 17:22:52,403 - INFO - 投票结果: 选择路径 0, 答案: 5, 置信度: 1.0
2025-08-05 17:22:52,405 - INFO - 投票结果: 选择路径 0, 答案: 5, 置信度: 0.7
2025-08-05 17:22:52,408 - INFO - 投票结果: 选择路径 0, 答案: 80, 置信度: 1.0
2025-08-05 17:22:52,410 - INFO - 投票结果: 选择路径 0, 答案: 38, 置信度: 0.7
2025-08-05 17:22:52,413 - INFO - 投票结果: 选择路径 0, 答案: 42, 置信度: 0.9
2025-08-05 17:22:52,415 - INFO - 投票结果: 选择路径 0, 答案: 3, 置信度: 1.0
2025-08-05 17:22:52,418 - INFO - 投票结果: 选择路径 0, 答案: 50, 置信度: 1.0
2025-08-05 17:22:52,420 - INFO - 投票结果: 选择路径 0, 答案: 17, 置信度: 1.0
2025-08-05 17:22:52,423 - INFO - 投票结果: 选择路径 1, 答案: 19, 置信度: 0.4
2025-08-05 17:22:52,426 - INFO - 投票结果: 选择路径 0, 答案: 20, 置信度: 1.0
2025-08-05 17:22:52,428 - INFO - 投票结果: 选择路径 0, 答案: 120, 置信度: 0.6
2025-08-05 17:22:52,431 - INFO - 投票结果: 选择路径 0, 答案: 60, 置信度: 0.2
2025-08-05 17:22:52,433 - INFO - 投票结果: 选择路径 0, 答案: 45, 置信度: 0.9
2025-08-05 17:22:52,436 - INFO - 投票结果: 选择路径 0, 答案: 11, 置信度: 0.7
2025-08-05 17:22:52,438 - INFO - 投票结果: 选择路径 0, 答案: 10, 置信度: 1.0
2025-08-05 17:22:52,441 - INFO - 投票结果: 选择路径 1, 答案: 318, 置信度: 0.4
2025-08-05 17:22:52,443 - INFO - 投票结果: 选择路径 0, 答案: 92, 置信度: 1.0
2025-08-05 17:22:52,445 - INFO - 投票结果: 选择路径 0, 答案: 70, 置信度: 1.0
2025-08-05 17:22:52,448 - INFO - 投票结果: 选择路径 0, 答案: 62, 置信度: 0.9
2025-08-05 17:22:52,450 - INFO - 投票结果: 选择路径 0, 答案: 1509, 置信度: 1.0
2025-08-05 17:22:52,452 - INFO - 投票结果: 选择路径 0, 答案: 2, 置信度: 1.0
2025-08-05 17:22:52,455 - INFO - 投票结果: 选择路径 0, 答案: 1, 置信度: 1.0
2025-08-05 17:22:52,457 - INFO - 投票结果: 选择路径 0, 答案: 1170, 置信度: 1.0
2025-08-05 17:22:52,460 - INFO - 投票结果: 选择路径 0, 答案: 28, 置信度: 1.0
2025-08-05 17:22:52,462 - INFO - 投票结果: 选择路径 0, 答案: 20, 置信度: 0.8
2025-08-05 17:22:52,465 - INFO - 投票结果: 选择路径 0, 答案: 20, 置信度: 1.0
2025-08-05 17:22:52,467 - INFO - 投票结果: 选择路径 1, 答案: 66160, 置信度: 0.7
2025-08-05 17:22:52,470 - INFO - 投票结果: 选择路径 0, 答案: 16, 置信度: 0.4
2025-08-05 17:22:52,473 - INFO - 投票结果: 选择路径 0, 答案: 575, 置信度: 1.0
2025-08-05 17:22:52,475 - INFO - 投票结果: 选择路径 0, 答案: 60, 置信度: 0.9
2025-08-05 17:22:52,478 - INFO - 投票结果: 选择路径 1, 答案: 42, 置信度: 0.5
2025-08-05 17:22:52,480 - INFO - 投票结果: 选择路径 4, 答案: 23, 置信度: 0.2
2025-08-05 17:22:52,482 - INFO - 投票结果: 选择路径 2, 答案: 71, 置信度: 0.6
2025-08-05 17:22:52,485 - INFO - 投票结果: 选择路径 0, 答案: 70, 置信度: 1.0
2025-08-05 17:22:52,487 - INFO - 投票结果: 选择路径 0, 答案: 25, 置信度: 0.8
2025-08-05 17:22:52,490 - INFO - 投票结果: 选择路径 0, 答案: 160, 置信度: 0.9
2025-08-05 17:22:52,492 - INFO - 投票结果: 选择路径 0, 答案: 398, 置信度: 0.8
2025-08-05 17:22:52,494 - INFO - 投票结果: 选择路径 0, 答案: 5, 置信度: 1.0
2025-08-05 17:22:52,497 - INFO - 投票结果: 选择路径 0, 答案: 42000, 置信度: 0.8
2025-08-05 17:22:52,499 - INFO - 投票结果: 选择路径 0, 答案: 52, 置信度: 0.5
2025-08-05 17:22:52,502 - INFO - 投票结果: 选择路径 2, 答案: 10, 置信度: 0.5
2025-08-05 17:22:52,504 - INFO - 投票结果: 选择路径 3, 答案: 4, 置信度: 0.5
2025-08-05 17:22:52,506 - INFO - 投票结果: 选择路径 0, 答案: 40, 置信度: 1.0
2025-08-05 17:22:52,509 - INFO - 投票结果: 选择路径 0, 答案: 100, 置信度: 1.0
2025-08-05 17:22:52,511 - INFO - 投票结果: 选择路径 0, 答案: 60, 置信度: 1.0
2025-08-05 17:22:52,514 - INFO - 投票结果: 选择路径 0, 答案: 100, 置信度: 1.0
2025-08-05 17:22:52,516 - INFO - 投票结果: 选择路径 0, 答案: 72, 置信度: 1.0
2025-08-05 17:22:52,520 - INFO - 投票结果: 选择路径 0, 答案: 20, 置信度: 1.0
2025-08-05 17:22:52,522 - INFO - 投票结果: 选择路径 0, 答案: 6277, 置信度: 1.0
2025-08-05 17:22:52,524 - INFO - 投票结果: 选择路径 1, 答案: 21, 置信度: 0.3
2025-08-05 17:22:52,527 - INFO - 投票结果: 选择路径 0, 答案: 26, 置信度: 0.9
2025-08-05 17:22:52,529 - INFO - 投票结果: 选择路径 5, 答案: 5, 置信度: 0.3
2025-08-05 17:22:52,532 - INFO - 投票结果: 选择路径 0, 答案: 12, 置信度: 0.6
2025-08-05 17:22:52,534 - INFO - 投票结果: 选择路径 3, 答案: 11, 置信度: 0.2
2025-08-05 17:22:52,536 - INFO - 投票结果: 选择路径 0, 答案: 16, 置信度: 0.7
2025-08-05 17:22:52,539 - INFO - 投票结果: 选择路径 0, 答案: 32, 置信度: 1.0
2025-08-05 17:22:52,541 - INFO - 投票结果: 选择路径 0, 答案: 20, 置信度: 1.0
2025-08-05 17:22:52,543 - INFO - 投票结果: 选择路径 0, 答案: 20, 置信度: 1.0
2025-08-05 17:22:52,546 - INFO - 投票结果: 选择路径 0, 答案: 320, 置信度: 1.0
2025-08-05 17:22:52,548 - INFO - 投票结果: 选择路径 0, 答案: 77, 置信度: 1.0
2025-08-05 17:22:52,551 - INFO - 投票结果: 选择路径 1, 答案: 9, 置信度: 0.8
2025-08-05 17:22:52,553 - INFO - 投票结果: 选择路径 0, 答案: 1, 置信度: 0.9
2025-08-05 17:22:52,555 - INFO - 投票结果: 选择路径 0, 答案: 1248, 置信度: 0.9
2025-08-05 17:22:52,558 - INFO - 投票结果: 选择路径 0, 答案: 15, 置信度: 0.8
2025-08-05 17:22:52,560 - INFO - 投票结果: 选择路径 0, 答案: 16, 置信度: 1.0
2025-08-05 17:22:52,563 - INFO - 投票结果: 选择路径 0, 答案: 2, 置信度: 1.0
2025-08-05 17:22:52,565 - INFO - 投票结果: 选择路径 7, 答案: 70, 置信度: 0.3
2025-08-05 17:22:52,567 - INFO - 投票结果: 选择路径 0, 答案: 60, 置信度: 0.8
2025-08-05 17:22:52,570 - INFO - 投票结果: 选择路径 5, 答案: 150, 置信度: 0.4
2025-08-05 17:22:52,573 - INFO - 投票结果: 选择路径 0, 答案: 84, 置信度: 0.9
2025-08-05 17:22:52,575 - INFO - 投票结果: 选择路径 1, 答案: 80, 置信度: 0.3
2025-08-05 17:22:52,578 - INFO - 投票结果: 选择路径 0, 答案: 300, 置信度: 1.0
2025-08-05 17:22:52,580 - INFO - 投票结果: 选择路径 0, 答案: 50, 置信度: 1.0
2025-08-05 17:22:52,583 - INFO - 投票结果: 选择路径 0, 答案: 14, 置信度: 0.9
2025-08-05 17:22:52,585 - INFO - 投票结果: 选择路径 0, 答案: 291, 置信度: 0.7
2025-08-05 17:22:52,588 - INFO - 投票结果: 选择路径 0, 答案: 12, 置信度: 0.9
2025-08-05 17:22:52,590 - INFO - 投票结果: 选择路径 0, 答案: 1240, 置信度: 1.0
2025-08-05 17:22:52,593 - INFO - 投票结果: 选择路径 0, 答案: 8, 置信度: 1.0
2025-08-05 17:22:52,595 - INFO - 投票结果: 选择路径 1, 答案: 83, 置信度: 0.3
2025-08-05 17:22:52,598 - INFO - 投票结果: 选择路径 0, 答案: 2, 置信度: 0.5
2025-08-05 17:22:52,600 - INFO - 投票结果: 选择路径 0, 答案: 2, 置信度: 1.0
2025-08-05 17:22:52,603 - INFO - 投票结果: 选择路径 3, 答案: 268, 置信度: 0.3
2025-08-05 17:22:52,605 - INFO - 投票结果: 选择路径 0, 答案: 160, 置信度: 1.0
2025-08-05 17:22:52,607 - INFO - 投票结果: 选择路径 1, 答案: 1128, 置信度: 0.6
2025-08-05 17:22:52,610 - INFO - 投票结果: 选择路径 0, 答案: 6250, 置信度: 1.0
2025-08-05 17:22:52,612 - INFO - 投票结果: 选择路径 0, 答案: 5, 置信度: 1.0
2025-08-05 17:22:52,614 - INFO - 投票结果: 选择路径 0, 答案: 500, 置信度: 1.0
2025-08-05 17:22:52,617 - INFO - 投票结果: 选择路径 2, 答案: 2, 置信度: 0.6
2025-08-05 17:22:52,620 - INFO - 投票结果: 选择路径 0, 答案: 34, 置信度: 1.0
2025-08-05 17:22:52,622 - INFO - 投票结果: 选择路径 0, 答案: 60, 置信度: 1.0
2025-08-05 17:22:52,626 - INFO - 投票结果: 选择路径 1, 答案: 4, 置信度: 0.6
2025-08-05 17:22:52,628 - INFO - 投票结果: 选择路径 0, 答案: 56, 置信度: 0.9
2025-08-05 17:22:52,630 - INFO - 投票结果: 选择路径 0, 答案: 74, 置信度: 0.9
2025-08-05 17:22:52,633 - INFO - 投票结果: 选择路径 0, 答案: 5, 置信度: 1.0
2025-08-05 17:22:52,635 - INFO - 投票结果: 选择路径 0, 答案: 600, 置信度: 1.0
2025-08-05 17:22:52,638 - INFO - 投票结果: 选择路径 0, 答案: 20, 置信度: 0.8
2025-08-05 17:22:52,640 - INFO - 投票结果: 选择路径 0, 答案: 23, 置信度: 1.0
2025-08-05 17:22:52,642 - INFO - 投票结果: 选择路径 0, 答案: 20, 置信度: 1.0
2025-08-05 17:22:52,645 - INFO - 投票结果: 选择路径 0, 答案: 80, 置信度: 0.7
2025-08-05 17:22:52,647 - INFO - 投票结果: 选择路径 0, 答案: 43, 置信度: 1.0
2025-08-05 17:22:52,650 - INFO - 投票结果: 选择路径 0, 答案: 720, 置信度: 1.0
2025-08-05 17:22:52,652 - INFO - 投票结果: 选择路径 0, 答案: 4, 置信度: 0.9
2025-08-05 17:22:52,654 - INFO - 投票结果: 选择路径 0, 答案: 9, 置信度: 1.0
2025-08-05 17:22:52,657 - INFO - 投票结果: 选择路径 4, 答案: 12, 置信度: 0.3
2025-08-05 17:22:52,659 - INFO - 投票结果: 选择路径 0, 答案: 8, 置信度: 1.0
2025-08-05 17:22:52,661 - INFO - 投票结果: 选择路径 0, 答案: 16, 置信度: 0.9
2025-08-05 17:22:52,664 - INFO - 投票结果: 选择路径 2, 答案: 4, 置信度: 0.3
2025-08-05 17:22:52,666 - INFO - 投票结果: 选择路径 0, 答案: 47, 置信度: 1.0
2025-08-05 17:22:52,668 - INFO - 投票结果: 选择路径 0, 答案: 240000, 置信度: 0.9
2025-08-05 17:22:52,671 - INFO - 投票结果: 选择路径 0, 答案: 14, 置信度: 0.9
2025-08-05 17:22:52,673 - INFO - 投票结果: 选择路径 0, 答案: 26, 置信度: 1.0
2025-08-05 17:22:52,676 - INFO - 投票结果: 选择路径 0, 答案: 2.67, 置信度: 0.7
2025-08-05 17:22:52,678 - INFO - 投票结果: 选择路径 0, 答案: 25, 置信度: 0.7
2025-08-05 17:22:52,680 - INFO - 投票结果: 选择路径 2, 答案: 5, 置信度: 0.7
2025-08-05 17:22:52,683 - INFO - 投票结果: 选择路径 0, 答案: 5, 置信度: 1.0
2025-08-05 17:22:52,685 - INFO - 投票结果: 选择路径 0, 答案: 260, 置信度: 0.9
2025-08-05 17:22:52,687 - INFO - 投票结果: 选择路径 0, 答案: 67, 置信度: 1.0
2025-08-05 17:22:52,690 - INFO - 投票结果: 选择路径 0, 答案: 144, 置信度: 1.0
2025-08-05 17:22:52,692 - INFO - 投票结果: 选择路径 0, 答案: 75, 置信度: 1.0
2025-08-05 17:22:52,695 - INFO - 投票结果: 选择路径 0, 答案: 3, 置信度: 1.0
2025-08-05 17:22:52,697 - INFO - 投票结果: 选择路径 0, 答案: 4, 置信度: 1.0
2025-08-05 17:22:52,699 - INFO - 投票结果: 选择路径 0, 答案: 2000, 置信度: 1.0
2025-08-05 17:22:52,702 - INFO - 投票结果: 选择路径 0, 答案: 68, 置信度: 0.6
2025-08-05 17:22:52,704 - INFO - 投票结果: 选择路径 0, 答案: 8, 置信度: 1.0
2025-08-05 17:22:52,706 - INFO - 投票结果: 选择路径 0, 答案: 100, 置信度: 1.0
2025-08-05 17:22:52,709 - INFO - 投票结果: 选择路径 0, 答案: 60, 置信度: 0.6
2025-08-05 17:22:52,711 - INFO - 投票结果: 选择路径 0, 答案: 460, 置信度: 1.0
2025-08-05 17:22:52,714 - INFO - 投票结果: 选择路径 0, 答案: 10, 置信度: 1.0
2025-08-05 17:22:52,716 - INFO - 投票结果: 选择路径 0, 答案: 750, 置信度: 1.0
2025-08-05 17:22:52,719 - INFO - 投票结果: 选择路径 0, 答案: 255, 置信度: 0.7
2025-08-05 17:22:52,721 - INFO - 投票结果: 选择路径 0, 答案: 240, 置信度: 1.0
2025-08-05 17:22:52,724 - INFO - 投票结果: 选择路径 0, 答案: 50, 置信度: 1.0
2025-08-05 17:22:52,727 - INFO - 投票结果: 选择路径 0, 答案: 60000, 置信度: 1.0
2025-08-05 17:22:52,729 - INFO - 投票结果: 选择路径 0, 答案: 97, 置信度: 0.5
2025-08-05 17:22:52,732 - INFO - 投票结果: 选择路径 1, 答案: 10, 置信度: 0.4
2025-08-05 17:22:52,734 - INFO - 投票结果: 选择路径 0, 答案: 75, 置信度: 0.6
2025-08-05 17:22:52,737 - INFO - 投票结果: 选择路径 0, 答案: 13, 置信度: 0.9
2025-08-05 17:22:52,741 - INFO - 投票结果: 选择路径 0, 答案: 4, 置信度: 0.8
2025-08-05 17:22:52,743 - INFO - 投票结果: 选择路径 1, 答案: 210, 置信度: 0.4
2025-08-05 17:22:52,746 - INFO - 投票结果: 选择路径 0, 答案: 540, 置信度: 1.0
2025-08-05 17:22:52,748 - INFO - 投票结果: 选择路径 0, 答案: 104, 置信度: 1.0
2025-08-05 17:22:52,751 - INFO - 投票结果: 选择路径 0, 答案: 27, 置信度: 1.0
2025-08-05 17:22:52,753 - INFO - 投票结果: 选择路径 0, 答案: 75, 置信度: 1.0
2025-08-05 17:22:52,756 - INFO - 投票结果: 选择路径 6, 答案: 252, 置信度: 0.3
2025-08-05 17:22:52,758 - INFO - 投票结果: 选择路径 0, 答案: 100, 置信度: 0.4
2025-08-05 17:22:52,761 - INFO - 投票结果: 选择路径 4, 答案: 348, 置信度: 0.4
2025-08-05 17:22:52,763 - INFO - 投票结果: 选择路径 0, 答案: 15, 置信度: 1.0
2025-08-05 17:22:52,766 - INFO - 投票结果: 选择路径 1, 答案: 247, 置信度: 0.4
2025-08-05 17:22:52,768 - INFO - 投票结果: 选择路径 1, 答案: 13, 置信度: 0.8
2025-08-05 17:22:52,771 - INFO - 投票结果: 选择路径 0, 答案: 85000, 置信度: 1.0
2025-08-05 17:22:52,774 - INFO - 投票结果: 选择路径 0, 答案: 20, 置信度: 0.6
2025-08-05 17:22:52,776 - INFO - 投票结果: 选择路径 0, 答案: 19, 置信度: 0.8
2025-08-05 17:22:52,779 - INFO - 投票结果: 选择路径 0, 答案: 18, 置信度: 1.0
2025-08-05 17:22:52,781 - INFO - 投票结果: 选择路径 0, 答案: 3, 置信度: 1.0
2025-08-05 17:22:52,784 - INFO - 投票结果: 选择路径 0, 答案: 12, 置信度: 1.0
2025-08-05 17:22:52,786 - INFO - 投票结果: 选择路径 2, 答案: 160000, 置信度: 0.6
2025-08-05 17:22:52,789 - INFO - 投票结果: 选择路径 0, 答案: 50, 置信度: 0.8
2025-08-05 17:22:52,791 - INFO - 投票结果: 选择路径 0, 答案: 76, 置信度: 1.0
2025-08-05 17:22:52,793 - INFO - 投票结果: 选择路径 0, 答案: 10, 置信度: 1.0
2025-08-05 17:22:52,796 - INFO - 投票结果: 选择路径 0, 答案: 17, 置信度: 1.0
2025-08-05 17:22:52,798 - INFO - 投票结果: 选择路径 0, 答案: 44, 置信度: 1.0
2025-08-05 17:22:52,800 - INFO - 投票结果: 选择路径 0, 答案: 76, 置信度: 0.8
2025-08-05 17:22:52,803 - INFO - 投票结果: 选择路径 0, 答案: 3, 置信度: 1.0
2025-08-05 17:22:52,805 - INFO - 投票结果: 选择路径 0, 答案: 40, 置信度: 0.8
2025-08-05 17:22:52,807 - INFO - 投票结果: 选择路径 0, 答案: 15, 置信度: 0.8
2025-08-05 17:22:52,810 - INFO - 投票结果: 选择路径 0, 答案: 10, 置信度: 0.8
2025-08-05 17:22:52,812 - INFO - 投票结果: 选择路径 0, 答案: 16, 置信度: 0.9
2025-08-05 17:22:52,815 - INFO - 投票结果: 选择路径 1, 答案: 28, 置信度: 0.9
2025-08-05 17:22:52,817 - INFO - 投票结果: 选择路径 0, 答案: 64, 置信度: 1.0
2025-08-05 17:22:52,819 - INFO - 投票结果: 选择路径 1, 答案: 1125, 置信度: 0.9
2025-08-05 17:22:52,822 - INFO - 投票结果: 选择路径 0, 答案: 8, 置信度: 1.0
2025-08-05 17:22:52,824 - INFO - 投票结果: 选择路径 0, 答案: 29, 置信度: 1.0
2025-08-05 17:22:52,827 - INFO - 投票结果: 选择路径 0, 答案: 16, 置信度: 1.0
2025-08-05 17:22:52,829 - INFO - 投票结果: 选择路径 1, 答案: 225, 置信度: 0.3
2025-08-05 17:22:52,831 - INFO - 投票结果: 选择路径 3, 答案: 360, 置信度: 0.4
2025-08-05 17:22:52,834 - INFO - 投票结果: 选择路径 0, 答案: 576, 置信度: 1.0
2025-08-05 17:22:52,836 - INFO - 投票结果: 选择路径 0, 答案: 34, 置信度: 1.0
2025-08-05 17:22:52,839 - INFO - 投票结果: 选择路径 0, 答案: 10, 置信度: 0.7
2025-08-05 17:22:52,842 - INFO - 投票结果: 选择路径 0, 答案: 9, 置信度: 0.7
2025-08-05 17:22:52,844 - INFO - 投票结果: 选择路径 0, 答案: 140, 置信度: 1.0
2025-08-05 17:22:52,847 - INFO - 投票结果: 选择路径 1, 答案: 80, 置信度: 0.5
2025-08-05 17:22:52,849 - INFO - 投票结果: 选择路径 0, 答案: 355, 置信度: 0.5
2025-08-05 17:22:52,852 - INFO - 投票结果: 选择路径 0, 答案: 16, 置信度: 0.9
2025-08-05 17:22:52,854 - INFO - 投票结果: 选择路径 0, 答案: 132, 置信度: 0.9
2025-08-05 17:22:52,856 - INFO - 投票结果: 选择路径 0, 答案: 64, 置信度: 1.0
2025-08-05 17:22:52,859 - INFO - 投票结果: 选择路径 0, 答案: 72, 置信度: 0.5
2025-08-05 17:22:52,861 - INFO - 投票结果: 选择路径 0, 答案: 8, 置信度: 1.0
2025-08-05 17:22:52,864 - INFO - 投票结果: 选择路径 0, 答案: 4, 置信度: 1.0
2025-08-05 17:22:52,866 - INFO - 投票结果: 选择路径 0, 答案: 120, 置信度: 0.7
2025-08-05 17:22:52,868 - INFO - 投票结果: 选择路径 0, 答案: 15, 置信度: 1.0
2025-08-05 17:22:52,871 - INFO - 投票结果: 选择路径 0, 答案: 539, 置信度: 0.8
2025-08-05 17:22:52,873 - INFO - 投票结果: 选择路径 1, 答案: 7300, 置信度: 0.3
2025-08-05 17:22:52,875 - INFO - 投票结果: 选择路径 0, 答案: 2, 置信度: 1.0
2025-08-05 17:22:52,878 - INFO - 投票结果: 选择路径 0, 答案: 15, 置信度: 1.0
2025-08-05 17:22:52,880 - INFO - 投票结果: 选择路径 1, 答案: 17, 置信度: 0.5
2025-08-05 17:22:52,883 - INFO - 投票结果: 选择路径 1, 答案: 15, 置信度: 0.5
2025-08-05 17:22:52,885 - INFO - 投票结果: 选择路径 1, 答案: 7425, 置信度: 0.5
2025-08-05 17:22:52,888 - INFO - 投票结果: 选择路径 0, 答案: 8, 置信度: 1.0
2025-08-05 17:22:52,891 - INFO - 投票结果: 选择路径 0, 答案: 6, 置信度: 0.6
2025-08-05 17:22:52,894 - INFO - 投票结果: 选择路径 0, 答案: 100, 置信度: 0.9
2025-08-05 17:22:52,896 - INFO - 投票结果: 选择路径 0, 答案: 36, 置信度: 1.0
2025-08-05 17:22:52,899 - INFO - 投票结果: 选择路径 0, 答案: 20, 置信度: 0.7
2025-08-05 17:22:52,902 - INFO - 投票结果: 选择路径 0, 答案: 32, 置信度: 1.0
2025-08-05 17:22:52,904 - INFO - 投票结果: 选择路径 0, 答案: 45, 置信度: 0.8
2025-08-05 17:22:52,907 - INFO - 投票结果: 选择路径 0, 答案: 27, 置信度: 1.0
2025-08-05 17:22:52,909 - INFO - 投票结果: 选择路径 0, 答案: 7.5, 置信度: 0.7
2025-08-05 17:22:52,912 - INFO - 投票结果: 选择路径 0, 答案: 98, 置信度: 1.0
2025-08-05 17:22:52,914 - INFO - 投票结果: 选择路径 0, 答案: 4, 置信度: 1.0
2025-08-05 17:22:52,917 - INFO - 投票结果: 选择路径 2, 答案: 6, 置信度: 0.4
2025-08-05 17:22:52,919 - INFO - 投票结果: 选择路径 0, 答案: 14, 置信度: 0.6
2025-08-05 17:22:52,922 - INFO - 投票结果: 选择路径 0, 答案: 10, 置信度: 1.0
2025-08-05 17:22:52,924 - INFO - 投票结果: 选择路径 0, 答案: 180, 置信度: 0.4
2025-08-05 17:22:52,927 - INFO - 投票结果: 选择路径 0, 答案: 312, 置信度: 0.7
2025-08-05 17:22:52,929 - INFO - 投票结果: 选择路径 0, 答案: 1375, 置信度: 1.0
2025-08-05 17:22:52,932 - INFO - 投票结果: 选择路径 0, 答案: 8, 置信度: 1.0
2025-08-05 17:22:52,934 - INFO - 投票结果: 选择路径 0, 答案: 25000, 置信度: 0.3
2025-08-05 17:22:52,937 - INFO - 投票结果: 选择路径 0, 答案: 6, 置信度: 1.0
2025-08-05 17:22:52,939 - INFO - 投票结果: 选择路径 0, 答案: 840, 置信度: 1.0
2025-08-05 17:22:52,943 - INFO - 投票结果: 选择路径 0, 答案: 40, 置信度: 1.0
2025-08-05 17:22:52,945 - INFO - 投票结果: 选择路径 1, 答案: 30, 置信度: 0.3
2025-08-05 17:22:52,948 - INFO - 投票结果: 选择路径 0, 答案: 10, 置信度: 1.0
2025-08-05 17:22:52,950 - INFO - 投票结果: 选择路径 1, 答案: 3430, 置信度: 0.8
2025-08-05 17:22:52,953 - INFO - 投票结果: 选择路径 0, 答案: 16, 置信度: 1.0
2025-08-05 17:22:52,955 - INFO - 投票结果: 选择路径 0, 答案: 17, 置信度: 0.9
2025-08-05 17:22:52,958 - INFO - 投票结果: 选择路径 0, 答案: 2, 置信度: 1.0
2025-08-05 17:22:52,960 - INFO - 投票结果: 选择路径 0, 答案: 14, 置信度: 1.0
2025-08-05 17:22:52,963 - INFO - 投票结果: 选择路径 0, 答案: 27, 置信度: 1.0
2025-08-05 17:22:52,965 - INFO - 投票结果: 选择路径 0, 答案: 84, 置信度: 1.0
2025-08-05 17:22:52,968 - INFO - 投票结果: 选择路径 0, 答案: 70, 置信度: 0.9
2025-08-05 17:22:52,970 - INFO - 投票结果: 选择路径 0, 答案: 20, 置信度: 1.0
2025-08-05 17:22:52,973 - INFO - 投票结果: 选择路径 0, 答案: 730, 置信度: 0.4
2025-08-05 17:22:52,975 - INFO - 投票结果: 选择路径 1, 答案: 15, 置信度: 0.6
2025-08-05 17:22:52,978 - INFO - 投票结果: 选择路径 0, 答案: 736, 置信度: 0.7
2025-08-05 17:22:52,980 - INFO - 投票结果: 选择路径 0, 答案: 42, 置信度: 1.0
2025-08-05 17:22:52,983 - INFO - 投票结果: 选择路径 0, 答案: 9, 置信度: 0.6
2025-08-05 17:22:52,986 - INFO - 投票结果: 选择路径 0, 答案: 27, 置信度: 0.8
2025-08-05 17:22:52,988 - INFO - 投票结果: 选择路径 1, 答案: 540, 置信度: 0.4
2025-08-05 17:22:52,991 - INFO - 投票结果: 选择路径 0, 答案: 17, 置信度: 0.5
2025-08-05 17:22:52,993 - INFO - 投票结果: 选择路径 0, 答案: 360, 置信度: 1.0
2025-08-05 17:22:52,995 - INFO - 投票结果: 选择路径 0, 答案: 10800, 置信度: 0.9
2025-08-05 17:22:52,998 - INFO - 投票结果: 选择路径 2, 答案: 26, 置信度: 0.4
2025-08-05 17:22:53,000 - INFO - 投票结果: 选择路径 8, 答案: 56000, 置信度: 0.2
2025-08-05 17:22:53,002 - INFO - 投票结果: 选择路径 0, 答案: 6, 置信度: 0.9
2025-08-05 17:22:53,005 - INFO - 投票结果: 选择路径 2, 答案: 20, 置信度: 0.5
2025-08-05 17:22:53,007 - INFO - 投票结果: 选择路径 0, 答案: 88, 置信度: 1.0
2025-08-05 17:22:53,010 - INFO - 投票结果: 选择路径 0, 答案: 12, 置信度: 1.0
2025-08-05 17:22:53,012 - INFO - 投票结果: 选择路径 4, 答案: 13, 置信度: 0.3
2025-08-05 17:22:53,015 - INFO - 投票结果: 选择路径 1, 答案: 16, 置信度: 0.5
2025-08-05 17:22:53,017 - INFO - 投票结果: 选择路径 0, 答案: 45, 置信度: 0.2
2025-08-05 17:22:53,019 - INFO - 投票结果: 选择路径 2, 答案: 50, 置信度: 0.3
2025-08-05 17:22:53,022 - INFO - 投票结果: 选择路径 0, 答案: 6, 置信度: 1.0
2025-08-05 17:22:53,024 - INFO - 投票结果: 选择路径 0, 答案: 4, 置信度: 1.0
2025-08-05 17:22:53,027 - INFO - 投票结果: 选择路径 0, 答案: 20, 置信度: 1.0
2025-08-05 17:22:53,029 - INFO - 投票结果: 选择路径 0, 答案: 800, 置信度: 1.0
2025-08-05 17:22:53,031 - INFO - 投票结果: 选择路径 0, 答案: 1, 置信度: 1.0
2025-08-05 17:22:53,034 - INFO - 投票结果: 选择路径 0, 答案: 50, 置信度: 1.0
2025-08-05 17:22:53,036 - INFO - 投票结果: 选择路径 0, 答案: 66, 置信度: 0.4
2025-08-05 17:22:53,038 - INFO - 投票结果: 选择路径 0, 答案: 7, 置信度: 0.8
2025-08-05 17:22:53,041 - INFO - 投票结果: 选择路径 0, 答案: 63, 置信度: 1.0
2025-08-05 17:22:53,043 - INFO - 投票结果: 选择路径 0, 答案: 9, 置信度: 1.0
2025-08-05 17:22:53,046 - INFO - 投票结果: 选择路径 0, 答案: 42, 置信度: 1.0
2025-08-05 17:22:53,048 - INFO - 投票结果: 选择路径 1, 答案: 5, 置信度: 0.5
2025-08-05 17:22:53,050 - INFO - 投票结果: 选择路径 0, 答案: 240, 置信度: 1.0
2025-08-05 17:22:53,053 - INFO - 投票结果: 选择路径 0, 答案: 1000, 置信度: 1.0
2025-08-05 17:22:53,055 - INFO - 投票结果: 选择路径 0, 答案: 109, 置信度: 0.9
2025-08-05 17:22:53,058 - INFO - 投票结果: 选择路径 0, 答案: 140, 置信度: 1.0
2025-08-05 17:22:53,061 - INFO - 投票结果: 选择路径 0, 答案: 55, 置信度: 1.0
2025-08-05 17:22:53,063 - INFO - 投票结果: 选择路径 0, 答案: 16, 置信度: 1.0
2025-08-05 17:22:53,066 - INFO - 投票结果: 选择路径 0, 答案: 112, 置信度: 0.5
2025-08-05 17:22:53,068 - INFO - 投票结果: 选择路径 0, 答案: 110, 置信度: 1.0
2025-08-05 17:22:53,070 - INFO - 投票结果: 选择路径 0, 答案: 13, 置信度: 1.0
2025-08-05 17:22:53,073 - INFO - 投票结果: 选择路径 0, 答案: 5, 置信度: 0.5
2025-08-05 17:22:53,075 - INFO - 投票结果: 选择路径 0, 答案: 48, 置信度: 0.9
2025-08-05 17:22:53,078 - INFO - 投票结果: 选择路径 0, 答案: 8, 置信度: 1.0
2025-08-05 17:22:53,080 - INFO - 投票结果: 选择路径 0, 答案: 8, 置信度: 1.0
2025-08-05 17:22:53,082 - INFO - 投票结果: 选择路径 0, 答案: 56, 置信度: 1.0
2025-08-05 17:22:53,085 - INFO - 投票结果: 选择路径 0, 答案: 3, 置信度: 1.0
2025-08-05 17:22:53,087 - INFO - 投票结果: 选择路径 0, 答案: 42, 置信度: 1.0
2025-08-05 17:22:53,090 - INFO - 投票结果: 选择路径 0, 答案: 4, 置信度: 0.7
2025-08-05 17:22:53,092 - INFO - 投票结果: 选择路径 0, 答案: 20000, 置信度: 1.0
2025-08-05 17:22:53,095 - INFO - 投票结果: 选择路径 1, 答案: 9, 置信度: 0.7
2025-08-05 17:22:53,097 - INFO - 投票结果: 选择路径 0, 答案: 52, 置信度: 1.0
2025-08-05 17:22:53,100 - INFO - 投票结果: 选择路径 0, 答案: 30, 置信度: 0.7
2025-08-05 17:22:53,102 - INFO - 投票结果: 选择路径 0, 答案: 110000, 置信度: 0.4
2025-08-05 17:22:53,105 - INFO - 投票结果: 选择路径 0, 答案: 45, 置信度: 1.0
2025-08-05 17:22:53,107 - INFO - 投票结果: 选择路径 0, 答案: 1, 置信度: 0.7
2025-08-05 17:22:53,110 - INFO - 投票结果: 选择路径 0, 答案: 5600, 置信度: 0.8
2025-08-05 17:22:53,112 - INFO - 投票结果: 选择路径 0, 答案: 7, 置信度: 1.0
2025-08-05 17:22:53,115 - INFO - 投票结果: 选择路径 0, 答案: 25, 置信度: 1.0
2025-08-05 17:22:53,117 - INFO - 投票结果: 选择路径 0, 答案: -91, 置信度: 0.6
2025-08-05 17:22:53,120 - INFO - 投票结果: 选择路径 0, 答案: 180, 置信度: 1.0
2025-08-05 17:22:53,122 - INFO - 投票结果: 选择路径 0, 答案: 24, 置信度: 1.0
2025-08-05 17:22:53,125 - INFO - 投票结果: 选择路径 1, 答案: 6, 置信度: 0.6
2025-08-05 17:22:53,127 - INFO - 投票结果: 选择路径 0, 答案: 40, 置信度: 0.9
2025-08-05 17:22:53,130 - INFO - 投票结果: 选择路径 0, 答案: -3, 置信度: 1.0
2025-08-05 17:22:53,132 - INFO - 投票结果: 选择路径 0, 答案: 224, 置信度: 0.7
2025-08-05 17:22:53,135 - INFO - 投票结果: 选择路径 0, 答案: 227, 置信度: 1.0
2025-08-05 17:22:53,137 - INFO - 投票结果: 选择路径 0, 答案: 762, 置信度: 1.0
2025-08-05 17:22:53,140 - INFO - 投票结果: 选择路径 0, 答案: 34, 置信度: 1.0
2025-08-05 17:22:53,142 - INFO - 投票结果: 选择路径 0, 答案: 2, 置信度: 1.0
2025-08-05 17:22:53,145 - INFO - 投票结果: 选择路径 0, 答案: 2, 置信度: 1.0
2025-08-05 17:22:53,148 - INFO - 投票结果: 选择路径 0, 答案: 7, 置信度: 0.4
2025-08-05 17:22:53,150 - INFO - 投票结果: 选择路径 0, 答案: 4, 置信度: 1.0
2025-08-05 17:22:53,152 - INFO - 投票结果: 选择路径 0, 答案: 110, 置信度: 0.8
2025-08-05 17:22:53,155 - INFO - 投票结果: 选择路径 0, 答案: 750, 置信度: 1.0
2025-08-05 17:22:53,157 - INFO - 投票结果: 选择路径 0, 答案: 240, 置信度: 0.9
2025-08-05 17:22:53,159 - INFO - 投票结果: 选择路径 2, 答案: 300, 置信度: 0.3
2025-08-05 17:22:53,162 - INFO - 投票结果: 选择路径 0, 答案: 105, 置信度: 0.8
2025-08-05 17:22:53,164 - INFO - 投票结果: 选择路径 0, 答案: 120, 置信度: 1.0
2025-08-05 17:22:53,167 - INFO - 投票结果: 选择路径 0, 答案: 240, 置信度: 1.0
2025-08-05 17:22:53,170 - INFO - 投票结果: 选择路径 4, 答案: 4000, 置信度: 0.5
2025-08-05 17:22:53,172 - INFO - 投票结果: 选择路径 0, 答案: 60, 置信度: 1.0
2025-08-05 17:22:53,175 - INFO - 投票结果: 选择路径 0, 答案: 36, 置信度: 1.0
2025-08-05 17:22:53,177 - INFO - 投票结果: 选择路径 0, 答案: 80, 置信度: 0.7
2025-08-05 17:22:53,179 - INFO - 投票结果: 选择路径 1, 答案: 4, 置信度: 0.4
2025-08-05 17:22:53,182 - INFO - 投票结果: 选择路径 0, 答案: 32, 置信度: 1.0
2025-08-05 17:22:53,184 - INFO - 投票结果: 选择路径 0, 答案: 940, 置信度: 0.8
2025-08-05 17:22:53,187 - INFO - 投票结果: 选择路径 0, 答案: 84, 置信度: 1.0
2025-08-05 17:22:53,189 - INFO - 投票结果: 选择路径 0, 答案: 2, 置信度: 1.0
2025-08-05 17:22:53,191 - INFO - 投票结果: 选择路径 0, 答案: 32, 置信度: 1.0
2025-08-05 17:22:53,194 - INFO - 投票结果: 选择路径 1, 答案: 12, 置信度: 0.5
2025-08-05 17:22:53,196 - INFO - 投票结果: 选择路径 0, 答案: 2, 置信度: 0.5
2025-08-05 17:22:53,199 - INFO - 投票结果: 选择路径 1, 答案: 1, 置信度: 0.4
2025-08-05 17:22:53,201 - INFO - 投票结果: 选择路径 0, 答案: 14, 置信度: 1.0
2025-08-05 17:22:53,203 - INFO - 投票结果: 选择路径 0, 答案: 448, 置信度: 0.5
2025-08-05 17:22:53,206 - INFO - 投票结果: 选择路径 0, 答案: 12, 置信度: 1.0
2025-08-05 17:22:53,208 - INFO - 投票结果: 选择路径 0, 答案: 1110, 置信度: 0.9
2025-08-05 17:22:53,210 - INFO - 投票结果: 选择路径 0, 答案: 2, 置信度: 0.7
2025-08-05 17:22:53,213 - INFO - 投票结果: 选择路径 0, 答案: 6, 置信度: 1.0
2025-08-05 17:22:53,215 - INFO - 投票结果: 选择路径 0, 答案: 28, 置信度: 0.9
2025-08-05 17:22:53,218 - INFO - 投票结果: 选择路径 0, 答案: 1200, 置信度: 0.9
2025-08-05 17:22:53,220 - INFO - 投票结果: 选择路径 0, 答案: 32, 置信度: 1.0
2025-08-05 17:22:53,222 - INFO - 投票结果: 选择路径 0, 答案: 60, 置信度: 0.9
2025-08-05 17:22:53,225 - INFO - 投票结果: 选择路径 0, 答案: 90, 置信度: 1.0
2025-08-05 17:22:53,227 - INFO - 投票结果: 选择路径 1, 答案: 104, 置信度: 0.4
2025-08-05 17:22:53,229 - INFO - 投票结果: 选择路径 0, 答案: 270, 置信度: 1.0
2025-08-05 17:22:53,232 - INFO - 投票结果: 选择路径 0, 答案: 5600, 置信度: 0.5
2025-08-05 17:22:53,234 - INFO - 投票结果: 选择路径 0, 答案: 72, 置信度: 1.0
2025-08-05 17:22:53,236 - INFO - 投票结果: 选择路径 1, 答案: 400, 置信度: 0.8
2025-08-05 17:22:53,239 - INFO - 投票结果: 选择路径 0, 答案: 12, 置信度: 0.8
2025-08-05 17:22:53,241 - INFO - 投票结果: 选择路径 0, 答案: 15, 置信度: 0.5
2025-08-05 17:22:53,244 - INFO - 投票结果: 选择路径 0, 答案: 54, 置信度: 0.5
2025-08-05 17:22:53,246 - INFO - 投票结果: 选择路径 1, 答案: 50, 置信度: 0.5
2025-08-05 17:22:53,248 - INFO - 投票结果: 选择路径 0, 答案: 4, 置信度: 0.9
2025-08-05 17:22:53,251 - INFO - 投票结果: 选择路径 0, 答案: 4, 置信度: 1.0
2025-08-05 17:22:53,253 - INFO - 投票结果: 选择路径 0, 答案: 17500, 置信度: 0.7
2025-08-05 17:22:53,255 - INFO - 投票结果: 选择路径 0, 答案: 8, 置信度: 1.0
2025-08-05 17:22:53,258 - INFO - 投票结果: 选择路径 0, 答案: 21, 置信度: 1.0
2025-08-05 17:22:53,260 - INFO - 投票结果: 选择路径 1, 答案: 36, 置信度: 0.6
2025-08-05 17:22:53,262 - INFO - 投票结果: 选择路径 0, 答案: 1, 置信度: 0.9
2025-08-05 17:22:53,265 - INFO - 投票结果: 选择路径 0, 答案: 193, 置信度: 1.0
2025-08-05 17:22:53,267 - INFO - 投票结果: 选择路径 0, 答案: 3, 置信度: 1.0
2025-08-05 17:22:53,270 - INFO - 投票结果: 选择路径 0, 答案: 63750, 置信度: 0.3
2025-08-05 17:22:53,272 - INFO - 投票结果: 选择路径 0, 答案: 24, 置信度: 1.0
2025-08-05 17:22:53,274 - INFO - 投票结果: 选择路径 6, 答案: 31, 置信度: 0.3
2025-08-05 17:22:53,277 - INFO - 投票结果: 选择路径 0, 答案: 490, 置信度: 1.0
2025-08-05 17:22:53,279 - INFO - 投票结果: 选择路径 0, 答案: 1, 置信度: 0.2
2025-08-05 17:22:53,281 - INFO - 投票结果: 选择路径 0, 答案: 60, 置信度: 0.8
2025-08-05 17:22:53,284 - INFO - 投票结果: 选择路径 0, 答案: 17, 置信度: 1.0
2025-08-05 17:22:53,286 - INFO - 投票结果: 选择路径 0, 答案: 6850000, 置信度: 0.5
2025-08-05 17:22:53,288 - INFO - 投票结果: 选择路径 0, 答案: 15, 置信度: 1.0
2025-08-05 17:22:53,291 - INFO - 投票结果: 选择路径 0, 答案: 80, 置信度: 0.6
2025-08-05 17:22:53,293 - INFO - 投票结果: 选择路径 0, 答案: 18, 置信度: 0.9
2025-08-05 17:22:53,296 - INFO - 投票结果: 选择路径 0, 答案: 30, 置信度: 1.0
2025-08-05 17:22:53,337 - INFO - 投票结果: 选择路径 0, 答案: 60, 置信度: 0.9
2025-08-05 17:22:53,343 - INFO - 投票结果: 选择路径 0, 答案: 260, 置信度: 1.0
2025-08-05 17:22:53,346 - INFO - 投票结果: 选择路径 0, 答案: 60, 置信度: 1.0
2025-08-05 17:22:53,348 - INFO - 投票结果: 选择路径 1, 答案: 75, 置信度: 0.7
2025-08-05 17:22:53,351 - INFO - 投票结果: 选择路径 0, 答案: 25, 置信度: 1.0
2025-08-05 17:22:53,353 - INFO - 投票结果: 选择路径 0, 答案: 53, 置信度: 0.8
2025-08-05 17:22:53,356 - INFO - 投票结果: 选择路径 0, 答案: 5, 置信度: 1.0
2025-08-05 17:22:53,358 - INFO - 投票结果: 选择路径 0, 答案: 84, 置信度: 0.9
2025-08-05 17:22:53,361 - INFO - 投票结果: 选择路径 1, 答案: 7, 置信度: 0.9
2025-08-05 17:22:53,363 - INFO - 投票结果: 选择路径 0, 答案: 2, 置信度: 1.0
2025-08-05 17:22:53,365 - INFO - 投票结果: 选择路径 0, 答案: 21, 置信度: 0.8
2025-08-05 17:22:53,368 - INFO - 投票结果: 选择路径 0, 答案: 8, 置信度: 0.9
2025-08-05 17:22:53,370 - INFO - 投票结果: 选择路径 1, 答案: 60, 置信度: 0.4
2025-08-05 17:22:53,373 - INFO - 投票结果: 选择路径 0, 答案: 90000, 置信度: 1.0
2025-08-05 17:22:53,375 - INFO - 投票结果: 选择路径 0, 答案: 2, 置信度: 1.0
2025-08-05 17:22:53,377 - INFO - 投票结果: 选择路径 2, 答案: 40, 置信度: 0.4
2025-08-05 17:22:53,380 - INFO - 投票结果: 选择路径 0, 答案: 2, 置信度: 0.7
2025-08-05 17:22:53,382 - INFO - 投票结果: 选择路径 0, 答案: 100, 置信度: 1.0
2025-08-05 17:22:53,384 - INFO - 投票结果: 选择路径 0, 答案: 30, 置信度: 1.0
2025-08-05 17:22:53,387 - INFO - 投票结果: 选择路径 0, 答案: 8, 置信度: 1.0
2025-08-05 17:22:53,389 - INFO - 投票结果: 选择路径 0, 答案: 31, 置信度: 1.0
2025-08-05 17:22:53,392 - INFO - 投票结果: 选择路径 5, 答案: 156000, 置信度: 0.3
2025-08-05 17:22:53,394 - INFO - 投票结果: 选择路径 0, 答案: 180, 置信度: 1.0
2025-08-05 17:22:53,396 - INFO - 投票结果: 选择路径 0, 答案: 3, 置信度: 1.0
2025-08-05 17:22:53,399 - INFO - 投票结果: 选择路径 0, 答案: 5, 置信度: 0.7
2025-08-05 17:22:53,401 - INFO - 投票结果: 选择路径 0, 答案: 5, 置信度: 1.0
2025-08-05 17:22:53,403 - INFO - 投票结果: 选择路径 0, 答案: 130000, 置信度: 1.0
2025-08-05 17:22:53,406 - INFO - 投票结果: 选择路径 0, 答案: 68, 置信度: 0.8
2025-08-05 17:22:53,408 - INFO - 投票结果: 选择路径 0, 答案: 78, 置信度: 0.7
2025-08-05 17:22:53,410 - INFO - 投票结果: 选择路径 0, 答案: 28, 置信度: 1.0
2025-08-05 17:22:53,413 - INFO - 投票结果: 选择路径 0, 答案: 15, 置信度: 1.0
2025-08-05 17:22:53,415 - INFO - 投票结果: 选择路径 1, 答案: 290, 置信度: 0.3
2025-08-05 17:22:53,418 - INFO - 投票结果: 选择路径 0, 答案: 7000, 置信度: 0.6
2025-08-05 17:22:53,420 - INFO - 投票结果: 选择路径 0, 答案: 1050, 置信度: 0.2
2025-08-05 17:22:53,422 - INFO - 投票结果: 选择路径 0, 答案: 18, 置信度: 1.0
2025-08-05 17:22:53,425 - INFO - 投票结果: 选择路径 0, 答案: 90, 置信度: 1.0
2025-08-05 17:22:53,427 - INFO - 投票结果: 选择路径 0, 答案: 31, 置信度: 0.8
2025-08-05 17:22:53,429 - INFO - 投票结果: 选择路径 2, 答案: 400, 置信度: 0.3
2025-08-05 17:22:53,432 - INFO - 投票结果: 选择路径 1, 答案: 180, 置信度: 0.6
2025-08-05 17:22:53,434 - INFO - 投票结果: 选择路径 0, 答案: 7, 置信度: 1.0
2025-08-05 17:22:53,437 - INFO - 投票结果: 选择路径 0, 答案: 75, 置信度: 0.9
2025-08-05 17:22:53,439 - INFO - 投票结果: 选择路径 0, 答案: 650, 置信度: 1.0
2025-08-05 17:22:53,441 - INFO - 投票结果: 选择路径 2, 答案: 310, 置信度: 0.5
2025-08-05 17:22:53,444 - INFO - 投票结果: 选择路径 0, 答案: 12, 置信度: 0.8
2025-08-05 17:22:53,446 - INFO - 投票结果: 选择路径 0, 答案: 5, 置信度: 1.0
2025-08-05 17:22:53,448 - INFO - 投票结果: 选择路径 0, 答案: 29, 置信度: 1.0
2025-08-05 17:22:53,451 - INFO - 投票结果: 选择路径 0, 答案: 140, 置信度: 1.0
2025-08-05 17:22:53,453 - INFO - 投票结果: 选择路径 0, 答案: 30, 置信度: 1.0
2025-08-05 17:22:53,455 - INFO - 投票结果: 选择路径 0, 答案: 55, 置信度: 0.5
2025-08-05 17:22:53,458 - INFO - 投票结果: 选择路径 0, 答案: 100, 置信度: 1.0
2025-08-05 17:22:53,461 - INFO - 投票结果: 选择路径 0, 答案: 35, 置信度: 1.0
2025-08-05 17:22:53,464 - INFO - 投票结果: 选择路径 0, 答案: 79, 置信度: 1.0
2025-08-05 17:22:53,467 - INFO - 投票结果: 选择路径 0, 答案: 2, 置信度: 0.8
2025-08-05 17:22:53,469 - INFO - 投票结果: 选择路径 0, 答案: 4, 置信度: 1.0
2025-08-05 17:22:53,472 - INFO - 投票结果: 选择路径 1, 答案: 6, 置信度: 0.8
2025-08-05 17:22:53,474 - INFO - 投票结果: 选择路径 0, 答案: 32, 置信度: 1.0
2025-08-05 17:22:53,476 - INFO - 投票结果: 选择路径 0, 答案: 112, 置信度: 1.0
2025-08-05 17:22:53,479 - INFO - 投票结果: 选择路径 4, 答案: 54, 置信度: 0.4
2025-08-05 17:22:53,481 - INFO - 投票结果: 选择路径 0, 答案: 450, 置信度: 0.9
2025-08-05 17:22:53,484 - INFO - 投票结果: 选择路径 2, 答案: 6000, 置信度: 0.8
2025-08-05 17:22:53,486 - INFO - 投票结果: 选择路径 0, 答案: 450, 置信度: 1.0
2025-08-05 17:22:53,488 - INFO - 投票结果: 选择路径 0, 答案: 6, 置信度: 1.0
2025-08-05 17:22:53,491 - INFO - 投票结果: 选择路径 0, 答案: 8, 置信度: 0.6
2025-08-05 17:22:53,493 - INFO - 投票结果: 选择路径 0, 答案: 144, 置信度: 1.0
2025-08-05 17:22:53,497 - INFO - 投票结果: 选择路径 0, 答案: 8, 置信度: 1.0
2025-08-05 17:22:53,499 - INFO - 投票结果: 选择路径 0, 答案: 2125, 置信度: 1.0
2025-08-05 17:22:53,502 - INFO - 投票结果: 选择路径 0, 答案: 65, 置信度: 0.7
2025-08-05 17:22:53,504 - INFO - 投票结果: 选择路径 0, 答案: 13, 置信度: 1.0
2025-08-05 17:22:53,506 - INFO - 投票结果: 选择路径 1, 答案: 112, 置信度: 0.7
2025-08-05 17:22:53,509 - INFO - 投票结果: 选择路径 0, 答案: 133, 置信度: 1.0
2025-08-05 17:22:53,511 - INFO - 投票结果: 选择路径 0, 答案: 100, 置信度: 1.0
2025-08-05 17:22:53,514 - INFO - 投票结果: 选择路径 0, 答案: 350, 置信度: 1.0
2025-08-05 17:22:53,516 - INFO - 投票结果: 选择路径 0, 答案: 44.4, 置信度: 1.0
2025-08-05 17:22:53,518 - INFO - 投票结果: 选择路径 0, 答案: 105, 置信度: 1.0
2025-08-05 17:22:53,521 - INFO - 投票结果: 选择路径 0, 答案: 7, 置信度: 0.5
2025-08-05 17:22:53,523 - INFO - 投票结果: 选择路径 0, 答案: 860, 置信度: 1.0
2025-08-05 17:22:53,525 - INFO - 投票结果: 选择路径 0, 答案: 72, 置信度: 1.0
2025-08-05 17:22:53,528 - INFO - 投票结果: 选择路径 4, 答案: 59, 置信度: 0.4
2025-08-05 17:22:53,530 - INFO - 投票结果: 选择路径 0, 答案: 1, 置信度: 1.0
2025-08-05 17:22:53,533 - INFO - 投票结果: 选择路径 0, 答案: 2, 置信度: 0.3
2025-08-05 17:22:53,535 - INFO - 投票结果: 选择路径 0, 答案: 36, 置信度: 0.5
2025-08-05 17:22:53,537 - INFO - 投票结果: 选择路径 0, 答案: 140, 置信度: 0.9
2025-08-05 17:22:53,540 - INFO - 投票结果: 选择路径 0, 答案: 20, 置信度: 0.3
2025-08-05 17:22:53,542 - INFO - 投票结果: 选择路径 0, 答案: 1800, 置信度: 0.8
2025-08-05 17:22:53,544 - INFO - 投票结果: 选择路径 0, 答案: 25, 置信度: 0.9
2025-08-05 17:22:53,547 - INFO - 投票结果: 选择路径 0, 答案: 147, 置信度: 0.9
2025-08-05 17:22:53,549 - INFO - 投票结果: 选择路径 0, 答案: 10, 置信度: 1.0
2025-08-05 17:22:53,552 - INFO - 投票结果: 选择路径 0, 答案: 25, 置信度: 1.0
2025-08-05 17:22:53,554 - INFO - 投票结果: 选择路径 0, 答案: 32, 置信度: 1.0
2025-08-05 17:22:53,557 - INFO - 投票结果: 选择路径 0, 答案: 276, 置信度: 1.0
2025-08-05 17:22:53,559 - INFO - 投票结果: 选择路径 1, 答案: 176, 置信度: 0.5
2025-08-05 17:22:53,561 - INFO - 投票结果: 选择路径 0, 答案: 30, 置信度: 1.0
2025-08-05 17:22:53,564 - INFO - 投票结果: 选择路径 0, 答案: 56, 置信度: 0.7
2025-08-05 17:22:53,566 - INFO - 投票结果: 选择路径 0, 答案: 8000, 置信度: 1.0
2025-08-05 17:22:53,569 - INFO - 投票结果: 选择路径 0, 答案: 50, 置信度: 0.3
2025-08-05 17:22:53,571 - INFO - 投票结果: 选择路径 0, 答案: 120, 置信度: 0.6
2025-08-05 17:22:53,574 - INFO - 投票结果: 选择路径 0, 答案: 50, 置信度: 1.0
2025-08-05 17:22:53,576 - INFO - 投票结果: 选择路径 0, 答案: 50, 置信度: 1.0
2025-08-05 17:22:53,578 - INFO - 投票结果: 选择路径 0, 答案: 320, 置信度: 1.0
2025-08-05 17:22:53,581 - INFO - 投票结果: 选择路径 0, 答案: 38, 置信度: 1.0
2025-08-05 17:22:53,583 - INFO - 投票结果: 选择路径 1, 答案: 34, 置信度: 0.3
2025-08-05 17:22:53,585 - INFO - 投票结果: 选择路径 0, 答案: 594, 置信度: 1.0
2025-08-05 17:22:53,588 - INFO - 投票结果: 选择路径 2, 答案: 7, 置信度: 0.5
2025-08-05 17:22:53,590 - INFO - 投票结果: 选择路径 1, 答案: 98, 置信度: 0.8
2025-08-05 17:22:53,593 - INFO - 投票结果: 选择路径 0, 答案: 123, 置信度: 1.0
2025-08-05 17:22:53,595 - INFO - 投票结果: 选择路径 0, 答案: 27, 置信度: 1.0
2025-08-05 17:22:53,597 - INFO - 投票结果: 选择路径 0, 答案: 145, 置信度: 1.0
2025-08-05 17:22:53,600 - INFO - 投票结果: 选择路径 0, 答案: 23, 置信度: 1.0
2025-08-05 17:22:53,602 - INFO - 投票结果: 选择路径 0, 答案: 14, 置信度: 0.9
2025-08-05 17:22:53,605 - INFO - 投票结果: 选择路径 0, 答案: 18, 置信度: 0.5
2025-08-05 17:22:53,607 - INFO - 投票结果: 选择路径 0, 答案: 21, 置信度: 1.0
2025-08-05 17:22:53,609 - INFO - 投票结果: 选择路径 0, 答案: 40000, 置信度: 1.0
2025-08-05 17:22:53,612 - INFO - 投票结果: 选择路径 1, 答案: 90, 置信度: 0.8
2025-08-05 17:22:53,614 - INFO - 投票结果: 选择路径 0, 答案: 11050, 置信度: 0.6
2025-08-05 17:22:53,616 - INFO - 投票结果: 选择路径 0, 答案: 1520, 置信度: 1.0
2025-08-05 17:22:53,619 - INFO - 投票结果: 选择路径 1, 答案: 32, 置信度: 0.4
2025-08-05 17:22:53,621 - INFO - 投票结果: 选择路径 1, 答案: 2000, 置信度: 0.5
2025-08-05 17:22:53,624 - INFO - 投票结果: 选择路径 0, 答案: 93, 置信度: 0.7
2025-08-05 17:22:53,626 - INFO - 投票结果: 选择路径 0, 答案: 40, 置信度: 0.5
2025-08-05 17:22:53,628 - INFO - 投票结果: 选择路径 0, 答案: 15, 置信度: 1.0
2025-08-05 17:22:53,631 - INFO - 投票结果: 选择路径 0, 答案: 66, 置信度: 1.0
2025-08-05 17:22:53,633 - INFO - 投票结果: 选择路径 0, 答案: 5, 置信度: 1.0
2025-08-05 17:22:53,636 - INFO - 投票结果: 选择路径 0, 答案: 5, 置信度: 1.0
2025-08-05 17:22:53,638 - INFO - 投票结果: 选择路径 0, 答案: 5, 置信度: 0.7
2025-08-05 17:22:53,640 - INFO - 投票结果: 选择路径 0, 答案: 1430, 置信度: 1.0
2025-08-05 17:22:53,643 - INFO - 投票结果: 选择路径 0, 答案: 36, 置信度: 1.0
2025-08-05 17:22:53,645 - INFO - 投票结果: 选择路径 0, 答案: 80, 置信度: 1.0
2025-08-05 17:22:53,647 - INFO - 投票结果: 选择路径 0, 答案: 29, 置信度: 1.0
2025-08-05 17:22:53,650 - INFO - 投票结果: 选择路径 0, 答案: 122, 置信度: 1.0
2025-08-05 17:22:53,652 - INFO - 投票结果: 选择路径 0, 答案: 60, 置信度: 1.0
2025-08-05 17:22:53,655 - INFO - 投票结果: 选择路径 1, 答案: 145, 置信度: 0.4
2025-08-05 17:22:53,657 - INFO - 投票结果: 选择路径 0, 答案: 21, 置信度: 1.0
2025-08-05 17:22:53,659 - INFO - 投票结果: 选择路径 0, 答案: 45, 置信度: 1.0
2025-08-05 17:22:53,662 - INFO - 投票结果: 选择路径 0, 答案: 273, 置信度: 1.0
2025-08-05 17:22:53,664 - INFO - 投票结果: 选择路径 1, 答案: 12, 置信度: 0.6
2025-08-05 17:22:53,666 - INFO - 投票结果: 选择路径 0, 答案: 5, 置信度: 0.7
2025-08-05 17:22:53,669 - INFO - 投票结果: 选择路径 0, 答案: 1, 置信度: 0.8
2025-08-05 17:22:53,672 - INFO - 投票结果: 选择路径 2, 答案: 1880, 置信度: 0.4
2025-08-05 17:22:53,674 - INFO - 
==================================================
2025-08-05 17:22:53,677 - INFO - 样本 5: Dominick went to his team's changing room and saw half as many robots as helmets and half as many he...
2025-08-05 17:22:53,680 - INFO - 参考答案: If the number of helmets was 20, there were 2 footballs/helmet * 20 helmets = <<20*2=40>>40 footballs
There were half as many robots as helmets, so in total, there were 1 robot/2 helmets * 20 helmets = <<1/2*20=10>>10 robots.
The total number of items in the changing room is 10 robots + 40 footballs + 20 helmets = <<10+40+20=70>>70 items
#### 70
2025-08-05 17:22:53,682 - INFO - 提取参考答案: 70
2025-08-05 17:22:53,685 - INFO - 生成答案: 

Step 1:First, read the problem and identify what we need to find. We need to find the total number of items Dominick saw.

Step 2:Next, set up equations and perform the calculations. Since there wer...
2025-08-05 17:22:53,687 - INFO - 提取答案: 100
2025-08-05 17:22:53,690 - INFO - 投票统计: {'voting_method': 'majority', 'best_answer': '100', 'vote_count': 6, 'total_paths': 10, 'valid_paths': 10, 'confidence': 0.6, 'answer_distribution': {'100': 6, '70': 4}, 'selected_path_idx': 0}
2025-08-05 17:22:53,692 - INFO - ==================================================
2025-08-05 17:22:53,695 - INFO - 
==================================================
2025-08-05 17:22:53,697 - INFO - 样本 9: Joe has $50 to buy an outfit for his new field trip. There is a 30% off sale at the clothing store. ...
2025-08-05 17:22:53,700 - INFO - 参考答案: The price of the two clothing items totals 35 + 25 = <<35+25=60>>60 dollars before discount.
The total sale discount comes to 60 * 0.3 = <<60*0.3=18>>18 dollars.
The final sale price comes to 60 - 18 = <<60-18=42>>42 dollars.
Joe ends up with 50 - 42 = <<50-42=8>>8 dollars change.
#### 8
2025-08-05 17:22:53,702 - INFO - 提取参考答案: 8
2025-08-05 17:22:53,705 - INFO - 生成答案: 

Step 1:First, read the problem and identify what we need to find. We need to find how much money Joe will have left after the purchase.

Step 2:Next, set up equations and perform the calculations. T...
2025-08-05 17:22:53,707 - INFO - 提取答案: 4.64
2025-08-05 17:22:53,710 - INFO - 投票统计: {'voting_method': 'majority', 'best_answer': '4.64', 'vote_count': 7, 'total_paths': 10, 'valid_paths': 10, 'confidence': 0.7, 'answer_distribution': {'-6.7': 1, '4.64': 7, '4.40': 1, '3.80': 1}, 'selected_path_idx': 1}
2025-08-05 17:22:53,712 - INFO - ==================================================
2025-08-05 17:22:53,715 - INFO - 
==================================================
2025-08-05 17:22:53,717 - INFO - 样本 13: Christina records her mood every day on a calendar. Over the past thirty days of moods, she had twel...
2025-08-05 17:22:53,721 - INFO - 参考答案: Christina had 30 - 12 - 8 = <<30-12-8=10>>10 neutral days in the month.
After the first three 8-day periods, she had 30 - 8 * 3 = 30 - 24 = <<30-8*3=6>>6 days of moods left.
Of those days, 12 - 8 = <<12-8=4>>4 days were good.
After the next 3 days with 2 good days, Christina had 4 - 2 = <<4-2=2>>2 good days left.
#### 2
2025-08-05 17:22:53,724 - INFO - 提取参考答案: 2
2025-08-05 17:22:53,726 - INFO - 生成答案: 

Step 1:First, read the problem and identify what we need to find. We need to find the number of good days left in the month.

Step 2:Next, set up equations and perform the calculations. Christina ha...
2025-08-05 17:22:53,729 - INFO - 提取答案: 7
2025-08-05 17:22:53,731 - INFO - 投票统计: {'voting_method': 'majority', 'best_answer': '7', 'vote_count': 5, 'total_paths': 10, 'valid_paths': 10, 'confidence': 0.5, 'answer_distribution': {'15': 1, '7': 5, '3': 1, '1': 1, '2': 1, '6': 1}, 'selected_path_idx': 1}
2025-08-05 17:22:53,733 - INFO - ==================================================
2025-08-05 17:22:53,736 - INFO - 
==================================================
2025-08-05 17:22:53,738 - INFO - 样本 21: Tatiana is deciding how much of her weekend she wants to spend playing soccer. She has 7 hours on Sa...
2025-08-05 17:22:53,740 - INFO - 参考答案: She has 12 hours for her activities because 7 + 5 = <<7+5=12>>12
After reading, she has 9 hours left because 12 - 3 = <<12-3=9>>9
She spends 3 hours playing video games because 9 x (1/3) = <<9*(1/3)=3>>3
After video games she has 6 hours left for soccer because 9 - 3 = <<6=6>>6
The proportion of time spend on soccer is .5 because 6 / 12 = <<6/12=.5>>.5
The percentage of time spent on soccer is 50 because .5 x 100 = <<50=50>>50
#### 50
2025-08-05 17:22:53,743 - INFO - 提取参考答案: 50
2025-08-05 17:22:53,745 - INFO - 生成答案: 

Step 1:First, read the problem and identify what we need to find. We need to find the percentage of the weekend that Tatiana spends playing soccer.

Step 2:Next, set up equations and perform the cal...
2025-08-05 17:22:53,748 - INFO - 提取答案: 33.33
2025-08-05 17:22:53,750 - INFO - 投票统计: {'voting_method': 'majority', 'best_answer': '33.33', 'vote_count': 7, 'total_paths': 10, 'valid_paths': 10, 'confidence': 0.7, 'answer_distribution': {'33.33': 7, '58.33': 1, '50': 2}, 'selected_path_idx': 0}
2025-08-05 17:22:53,752 - INFO - ==================================================
2025-08-05 17:22:53,755 - INFO - 
==================================================
2025-08-05 17:22:53,757 - INFO - 样本 23: A merchant wants to make a choice of purchase between 2 purchase plans: jewelry worth $5,000 or elec...
2025-08-05 17:22:53,759 - INFO - 参考答案: If he purchases jewelry, he will make a profit of 2.5% which is $5000*(2.5/100) = $<<5000*(2.5/100)=125>>125
If he purchases electronic gadgets, he will make a profit of 1.2% which is $8000*(1.2/100) = $<<8000*(1.2/100)=96>>96
If he wants to maximize profit, since $125 > $96, he will choose to purchase jewelry, thereby making a profit of $<<125=125>>125
#### 125
2025-08-05 17:22:53,762 - INFO - 提取参考答案: 125
2025-08-05 17:22:53,764 - INFO - 生成答案: 

Step 1:First, read the problem and identify what we need to find. We need to find the amount of profit the merchant can make by choosing either the jewelry or the electronic gadgets.

Step 2:Next, s...
2025-08-05 17:22:53,767 - INFO - 提取答案: 896
2025-08-05 17:22:53,769 - INFO - 投票统计: {'voting_method': 'majority', 'best_answer': '896', 'vote_count': 2, 'total_paths': 10, 'valid_paths': 10, 'confidence': 0.2, 'answer_distribution': {'8160': 1, '3096': 1, '160': 1, '221': 1, '896': 2, '-2971': 1, '125': 1, '7932.5': 1, '16': 1}, 'selected_path_idx': 4}
2025-08-05 17:22:53,771 - INFO - ==================================================
2025-08-05 17:22:53,773 - INFO - 
==================================================
2025-08-05 17:22:53,776 - INFO - 样本 24: There are four schools competing at a basketball tournament. Each school has sent a girls’ basketbal...
2025-08-05 17:22:53,778 - INFO - 参考答案: Each school has sent 1 girls’ basketball team + 1 boys’ basketball team = <<1+1=2>>2 teams.
So each school has sent 2 teams * 5 players per team = <<2*5=10>>10 players.
They have also each sent 2 teams * 1 coach per team = <<2*1=2>>2 coaches.
In total, each school has sent 10 players + 2 coaches = <<10+2=12>>12 people.
Therefore, the schools have sent a total of 12 people per school * 4 schools = <<12*4=48>>48 people.
#### 48
2025-08-05 17:22:53,780 - INFO - 提取参考答案: 48
2025-08-05 17:22:53,783 - INFO - 生成答案: 

Step 1:First, read the problem and identify what we need to find. We need to find the total number of people sent by all of the schools.

Step 2:Next, set up equations and perform the calculations. ...
2025-08-05 17:22:53,785 - INFO - 提取答案: 44
2025-08-05 17:22:53,787 - INFO - 投票统计: {'voting_method': 'majority', 'best_answer': '44', 'vote_count': 5, 'total_paths': 10, 'valid_paths': 10, 'confidence': 0.5, 'answer_distribution': {'44': 5, '48': 5}, 'selected_path_idx': 0}
2025-08-05 17:22:53,790 - INFO - ==================================================
2025-08-05 17:22:53,792 - INFO - 
==================================================
2025-08-05 17:22:53,794 - INFO - 样本 25: Tom decides to give his wife an anniversary getaway.  The plane tickets cost $5000 each.  The hotel ...
2025-08-05 17:22:53,797 - INFO - 参考答案: The hotel room is 1500*.2=$<<1500*.2=300>>300 more expensive per night than normal
So they paid 1500+300=$<<1500+300=1800>>1800 per night
That means she paid 1800*3=$<<1800*3=5400>>5400
The plane tickets cost 5000*2=$<<5000*2=10000>>10,000
So the total cost is 10,000+5400=$<<10000+5400=15400>>15,400
#### 15400
2025-08-05 17:22:53,799 - INFO - 提取参考答案: 15400
2025-08-05 17:22:53,801 - INFO - 生成答案: 

Step 1:First, read the problem and identify what we need to find. We need to find the total cost of the trip.

Step 2:Next, set up equations and perform the calculations. The normal price of the hot...
2025-08-05 17:22:53,804 - INFO - 提取答案: 16400
2025-08-05 17:22:53,806 - INFO - 投票统计: {'voting_method': 'majority', 'best_answer': '16400', 'vote_count': 8, 'total_paths': 10, 'valid_paths': 10, 'confidence': 0.8, 'answer_distribution': {'16400': 8, '12400': 1, '6800': 1}, 'selected_path_idx': 0}
2025-08-05 17:22:53,808 - INFO - ==================================================
2025-08-05 17:22:53,811 - INFO - 
==================================================
2025-08-05 17:22:53,813 - INFO - 样本 27: A toy manufacturer receives an order for 400 toys. 5 workers are available to work on the order. 2 o...
2025-08-05 17:22:53,816 - INFO - 参考答案: In the first group of workers, each produces 6 toys * 10 hours = <<6*10=60>>60 toys over their shift.
This is a total of 60 toys * 2 workers = <<60*2=120>>120 toys.
In the second group of workers, each produces 4 toys * 10 hours = <<4*10=40>>40 toys over their shift.
This is a total of 40 toys * 2 workers = <<40*2=80>>80 toys.
Together, these two groups produce 120 + 80 = <<120+80=200>>200 toys.
If the order is still short, then all the workers combined have produced 400 ordered toys – 20 remaining toys = <<400-20=380>>380 toys.
This means the fifth worker produced 380 – 200 = <<380-200=180>>180 toys in total.
The fifth worker therefore produced 180 toys / 10 hours = <<180/10=18>>18 toys per hour.
#### 18
2025-08-05 17:22:53,819 - INFO - 提取参考答案: 18
2025-08-05 17:22:53,822 - INFO - 生成答案: 

Step 1:First, read the problem and identify what we need to find. We need to find the number of toys per hour the fifth worker produces.

Step 2:Next, set up equations and perform the calculations. ...
2025-08-05 17:22:53,824 - INFO - 提取答案: 34
2025-08-05 17:22:53,826 - INFO - 投票统计: {'voting_method': 'majority', 'best_answer': '34', 'vote_count': 6, 'total_paths': 10, 'valid_paths': 10, 'confidence': 0.6, 'answer_distribution': {'20': 2, '34': 6, '4': 1, '36': 1}, 'selected_path_idx': 1}
2025-08-05 17:22:53,829 - INFO - ==================================================
2025-08-05 17:22:53,831 - INFO - 
==================================================
2025-08-05 17:22:53,833 - INFO - 样本 36: There are four birds at the Caboose. Sally Two is three years older than Granny Red. Granny Red is t...
2025-08-05 17:22:53,835 - INFO - 参考答案: If Sally Thirtytwo is 8 years old, same as Sally four, their total age 8+8 = <<8+8=16>>16 years.
Granny red is two times as old as Sally four, meaning Granny red is 2*8 = <<2*8=16>>16 years old.
Sally Thirtytwo, Sally four, and Sally red are 16+16 = <<32=32>>32 years old.
Sally two is three years older than Granny red, meaning Sally two is 16+3= <<16+3=19>>19 years old.
The four birds have a total age of 32+19 = <<32+19=51>>51 years old.
#### 51
2025-08-05 17:22:53,838 - INFO - 提取参考答案: 51
2025-08-05 17:22:53,840 - INFO - 生成答案: 

Step 1:First, read the problem and identify what we need to find. We need to find the total age of the four birds.

Step 2:Next, set up equations and perform the calculations. Sally Four is 8 years ...
2025-08-05 17:22:53,843 - INFO - 提取答案: 43
2025-08-05 17:22:53,845 - INFO - 投票统计: {'voting_method': 'majority', 'best_answer': '43', 'vote_count': 4, 'total_paths': 10, 'valid_paths': 10, 'confidence': 0.4, 'answer_distribution': {'54': 1, '43': 4, '51': 3, '98': 1, '48': 1}, 'selected_path_idx': 1}
2025-08-05 17:22:53,847 - INFO - ==================================================
2025-08-05 17:22:53,850 - INFO - 
==================================================
2025-08-05 17:22:53,852 - INFO - 样本 39: Marcy makes homemade candles that she markets as 99% guaranteed not to explode. 5% of the more dange...
2025-08-05 17:22:53,854 - INFO - 参考答案: First find what percentage of the candles explode: 100% - 99% = 1%
Then multiply the odds of the candles exploding by the odds of them smelling like wet dog to find the probability of both events happening: 1% * 5% = 0.05%
Then multiply that percentage by the number of candles to find the number of them that have both defects: 0.05% * 50000 candles = <<0.05*.01*50000=25>>25 candles
#### 25
2025-08-05 17:22:53,857 - INFO - 提取参考答案: 25
2025-08-05 17:22:53,859 - INFO - 生成答案: 

Step 1:First, read the problem and identify what we need to find. We need to find the number of candles that both smell like wet dog and will explode.

Step 2:Next, set up equations and perform the ...
2025-08-05 17:22:53,862 - INFO - 提取答案: 2475
2025-08-05 17:22:53,864 - INFO - 投票统计: {'voting_method': 'majority', 'best_answer': '2475', 'vote_count': 3, 'total_paths': 10, 'valid_paths': 10, 'confidence': 0.3, 'answer_distribution': {'12375000': 1, '2475': 3, '125': 1, '0': 2, '2500': 3}, 'selected_path_idx': 1}
2025-08-05 17:22:53,867 - INFO - ==================================================
2025-08-05 17:22:53,869 - INFO - 
==================================================
2025-08-05 17:22:53,871 - INFO - 样本 43: Marin and his neighbor Nancy each eat 4 apples a day. How many apples do they eat in 30 days?...
2025-08-05 17:22:53,874 - INFO - 参考答案: In one day, Marin and Nancy eat 4 + 1 = <<4+1=5>>5 apples.
In 30 days, they eat 30 * 5 = <<30*5=150>>150 apples.
#### 150
2025-08-05 17:22:53,876 - INFO - 提取参考答案: 150
2025-08-05 17:22:53,879 - INFO - 生成答案: 

Step 1:First, read the problem and identify what we need to find. We need to find the total number of apples that Marin and Nancy eat in 30 days.

Step 2:Next, set up equations and perform the calcu...
2025-08-05 17:22:53,881 - INFO - 提取答案: 240
2025-08-05 17:22:53,884 - INFO - 投票统计: {'voting_method': 'majority', 'best_answer': '240', 'vote_count': 10, 'total_paths': 10, 'valid_paths': 10, 'confidence': 1.0, 'answer_distribution': {'240': 10}, 'selected_path_idx': 0}
2025-08-05 17:22:53,886 - INFO - ==================================================
2025-08-05 17:22:53,889 - INFO - 
==================================================
2025-08-05 17:22:53,891 - INFO - 样本 46: Lana is brewing cups of tea for her friends. She has 27 cups, and she divides these into 3 rows. In ...
2025-08-05 17:22:53,894 - INFO - 参考答案: If there are 15 cups of cinnamon tea, then there are a total of 27 – 15 = <<27-15=12>>12 cups of chamomile or mint tea.
As there are equal amounts of chamomile tea and mint tea, there is a total of 12 cups / 2 = <<12/2=6>>6 cups of mint tea.
Dividing these into rows shows that each row holds 6 / 3 = <<6/3=2>>2 cups of mint tea.
#### 2
2025-08-05 17:22:53,896 - INFO - 提取参考答案: 2
2025-08-05 17:22:53,899 - INFO - 生成答案: 

Step 1:First, read the problem and identify what we need to find. We need to find the number of mint tea cups in each row.

Step 2:Next, set up equations and perform the calculations. Since Lana cre...
2025-08-05 17:22:53,901 - INFO - 提取答案: 4
2025-08-05 17:22:53,904 - INFO - 投票统计: {'voting_method': 'majority', 'best_answer': '4', 'vote_count': 10, 'total_paths': 10, 'valid_paths': 10, 'confidence': 1.0, 'answer_distribution': {'4': 10}, 'selected_path_idx': 0}
2025-08-05 17:22:53,906 - INFO - ==================================================
2025-08-05 17:22:53,909 - INFO - 
==================================================
2025-08-05 17:22:53,911 - INFO - 样本 48: A teacher uses a 5-inch piece of chalk to write math equations on a chalkboard for his students. The...
2025-08-05 17:22:53,914 - INFO - 参考答案: The teacher uses 45% of his 5 inch stick of chalk on Monday, or 5 * .45 = <<5*.45=2.25>>2.25 inches.
He is left with 5 - 2.25 = <<5-2.25=2.75>>2.75 inches of chalk.
The next day he will use 20% of 2.75 inches, which is 2.75 * .2 = <<2.75*.2=.55>>.55 inches of chalk used.
That leaves him with 2.75 - .55 = <<2.75-.55=2.2>>2.2 inches of chalk.
The day after that, he will use 2.2 * .2 = <<2.2*.2=.44>>.44 inches of chalk.
That will leave him with 2.2 - .44 = <<2.2-.44=1.76>>1.76 inches of chalk.
Since 1.76 is less than 2 inches, he will recycle this stick in 2 days.
#### 2
2025-08-05 17:22:53,917 - INFO - 提取参考答案: 2
2025-08-05 17:22:53,919 - INFO - 生成答案: 

Step 1:First, read the problem and identify what we need to find. We need to find the number of days the teacher can use the chalk before he has to recycle it.

Step 2:Next, set up equations and per...
2025-08-05 17:22:53,922 - INFO - 提取答案: 3
2025-08-05 17:22:53,924 - INFO - 投票统计: {'voting_method': 'majority', 'best_answer': '3', 'vote_count': 4, 'total_paths': 10, 'valid_paths': 10, 'confidence': 0.4, 'answer_distribution': {'13': 1, '3': 4, '2': 1, '5': 1, '11': 2, '4': 1}, 'selected_path_idx': 1}
2025-08-05 17:22:53,926 - INFO - ==================================================
2025-08-05 17:22:53,929 - INFO - 
==================================================
2025-08-05 17:22:53,931 - INFO - 样本 49: Raymond and Samantha are cousins. Raymond was born 6 years before Samantha. Raymond had a son at the...
2025-08-05 17:22:53,933 - INFO - 参考答案: When Raymond's son was born Samantha was 23 - 6 = <<23-6=17>>17 years old.
Thus it has been 31 - 17 = <<31-17=14>>14 years since Raymond's son was born.
#### 14
2025-08-05 17:22:53,935 - INFO - 提取参考答案: 14
2025-08-05 17:22:53,938 - INFO - 生成答案: 

Step 1:First, read the problem and identify what we need to find. We need to find the number of years that have passed since Raymond's son was born.

Step 2:Next, set up equations and perform the ca...
2025-08-05 17:22:53,940 - INFO - 提取答案: 2
2025-08-05 17:22:53,943 - INFO - 投票统计: {'voting_method': 'majority', 'best_answer': '2', 'vote_count': 5, 'total_paths': 10, 'valid_paths': 10, 'confidence': 0.5, 'answer_distribution': {'2': 5, '8': 3, '4': 1, '17': 1}, 'selected_path_idx': 0}
2025-08-05 17:22:53,946 - INFO - ==================================================
2025-08-05 17:22:53,948 - INFO - 
==================================================
2025-08-05 17:22:53,950 - INFO - 样本 52: Jerome had 4 friends who came to visit him on a certain day. The first friend pressed on the doorbel...
2025-08-05 17:22:53,953 - INFO - 参考答案: The second friend pressed on the doorbell 1/4 times more than Jerome's first friend, a total of 1/4*20=<<1/4*20=5>>5 times.
Jerome's second friend pressed on the doorbell 20+5=<<20+5=25>>25
The first two friends pressed on the doorbell 25+20=<<25+20=45>>45 times altogether before Jerome could open the door.
Jerome's third friend pressed on the doorbell 60+10=<<60+10=70>>70 times before Jerome could open the door.
Altogether, Jerome's third and fourth friends pressed on the doorbell 70+60=<<70+60=130>>130 times before Jerome could open.
The number of doorbell rings that Jerome's friend made before Jerome could open the door is 130+45=<<130+45=175>>175 times.
#### 175
2025-08-05 17:22:53,955 - INFO - 提取参考答案: 175
2025-08-05 17:22:53,958 - INFO - 生成答案: 

Step 1:First, read the problem and identify what we need to find. We need to find the total number of doorbell rings.

Step 2:Next, set up equations and perform the calculations. The fourth friend p...
2025-08-05 17:22:53,960 - INFO - 提取答案: 155
2025-08-05 17:22:53,962 - INFO - 投票统计: {'voting_method': 'majority', 'best_answer': '155', 'vote_count': 3, 'total_paths': 10, 'valid_paths': 10, 'confidence': 0.3, 'answer_distribution': {'155': 3, '185': 2, '175': 2, '115': 2, '605': 1}, 'selected_path_idx': 0}
2025-08-05 17:22:53,965 - INFO - ==================================================
2025-08-05 17:22:53,967 - INFO - 
==================================================
2025-08-05 17:22:53,969 - INFO - 样本 55: John decides to buy new phones for him, his 2 kids, and his wife.  Each phone after the first 2 is h...
2025-08-05 17:22:53,972 - INFO - 参考答案: He bought 1+2+1=<<1+2+1=4>>4 phones
2 of the phones cost 600 so their cost is 2*600=$<<2*600=1200>>1200
The other two phones cost 600/2=$<<600/2=300>>300
So they cost 300*2=$<<300*2=600>>600
So the total cost is 1200+600=$<<1200+600=1800>>1800
#### 1800
2025-08-05 17:22:53,974 - INFO - 提取参考答案: 1800
2025-08-05 17:22:53,976 - INFO - 生成答案: 

Step 1:First, read the problem and identify what we need to find. We need to find the total cost of the phones.

Step 2:Next, set up equations and perform the calculations. The cost of the first two...
2025-08-05 17:22:53,979 - INFO - 提取答案: 2100
2025-08-05 17:22:53,981 - INFO - 投票统计: {'voting_method': 'majority', 'best_answer': '2100', 'vote_count': 3, 'total_paths': 10, 'valid_paths': 10, 'confidence': 0.3, 'answer_distribution': {'2100': 3, '1500': 1, '1125': 2, '1201.25': 1, '1800': 3}, 'selected_path_idx': 0}
2025-08-05 17:22:53,983 - INFO - ==================================================
2025-08-05 17:22:53,986 - INFO - 
==================================================
2025-08-05 17:22:53,988 - INFO - 样本 64: Emily can peel 6 shrimp a minute and saute 30 shrimp in 10 minutes. How long will it take her to pee...
2025-08-05 17:22:53,990 - INFO - 参考答案: First find how long it takes Emily to peel the shrimp: 90 shrimp / 6 shrimp/minute = <<90/6=15>>15 minutes
Then find how many batches of shrimp she needs to cook: 90 shrimp / 30 shrimp/batch = <<90/30=3>>3 batches
Then multiply the number of batches by the time per batch to find the total cook time: 3 batches * 10 minutes/batch = <<3*10=30>>30 minutes
Then add the peeling time to find the total time Emily spends: 30 minutes + 15 minutes = <<30+15=45>>45 minutes
#### 45
2025-08-05 17:22:53,993 - INFO - 提取参考答案: 45
2025-08-05 17:22:53,995 - INFO - 生成答案: 

Step 1:First, read the problem and identify what we need to find. We need to find the time it takes Emily to peel and cook 90 shrimp.

Step 2:Next, set up equations and perform the calculations. Sin...
2025-08-05 17:22:53,997 - INFO - 提取答案: 18
2025-08-05 17:22:54,000 - INFO - 投票统计: {'voting_method': 'majority', 'best_answer': '18', 'vote_count': 7, 'total_paths': 10, 'valid_paths': 10, 'confidence': 0.7, 'answer_distribution': {'18': 7, '45': 2, '48': 1}, 'selected_path_idx': 0}
2025-08-05 17:22:54,002 - INFO - ==================================================
2025-08-05 17:22:54,004 - INFO - 
==================================================
2025-08-05 17:22:54,007 - INFO - 样本 70: Millie decides to open a lemonade stand. She spends $18 to buy enough supplies to make 3 pitchers of...
2025-08-05 17:22:54,009 - INFO - 参考答案: She has enough supplies to make 3 * 12 = <<3*12=36>>36 cups of lemonade.
She sells all of the lemonade for 36 * $1 = $<<36*1=36>>36.
Her total profit for selling the lemonade is $36 - $18 = $<<36-18=18>>18.
It will take Millie 36 / 4 = <<36/4=9>>9 hours of work to sell all of the lemonade.
Her hourly profit is $18 / 9 hours = $<<18/9=2>>2 per hour.
#### 2
2025-08-05 17:22:54,011 - INFO - 提取参考答案: 2
2025-08-05 17:22:54,014 - INFO - 生成答案: 

Step 1:First, read the problem and identify what we need to find. We need to find the profit Millie will make per hour that she spends running the lemonade stand.

Step 2:Next, set up equations and ...
2025-08-05 17:22:54,016 - INFO - 提取答案: 4.5
2025-08-05 17:22:54,018 - INFO - 投票统计: {'voting_method': 'majority', 'best_answer': '4.5', 'vote_count': 3, 'total_paths': 10, 'valid_paths': 10, 'confidence': 0.3, 'answer_distribution': {'4.5': 3, '4': 1, '14': 3, '126': 1, '18': 1, '3.5': 1}, 'selected_path_idx': 0}
2025-08-05 17:22:54,021 - INFO - ==================================================
2025-08-05 17:22:54,024 - INFO - 
==================================================
2025-08-05 17:22:54,027 - INFO - 样本 73: If Chester eats 3 eggs a day for 30 days and then increases it to 5 eggs a day for 30 days, how many...
2025-08-05 17:22:54,029 - INFO - 参考答案: He starts off eating 3 eggs a day for 30 days for a total of 3*30 = <<3*30=90>>90 eggs
Then he increases it to 5 eggs a day for 30 days for a total of 5*30 = <<5*30=150>>150 eggs
All total he will eat 90+150 = <<90+150=240>>240 eggs
There are 12 eggs in 1 dozen and he will 240 eggs which is 240/12 = 20 dozen eggs
#### 20
2025-08-05 17:22:54,032 - INFO - 提取参考答案: 20
2025-08-05 17:22:54,034 - INFO - 生成答案: 

Step 1:First, read the problem and identify what we need to find. We need to find the total number of eggs Chester will need for 60 days.

Step 2:Next, set up equations and perform the calculations....
2025-08-05 17:22:54,037 - INFO - 提取答案: 24
2025-08-05 17:22:54,039 - INFO - 投票统计: {'voting_method': 'majority', 'best_answer': '24', 'vote_count': 5, 'total_paths': 10, 'valid_paths': 10, 'confidence': 0.5, 'answer_distribution': {'24': 5, '20': 5}, 'selected_path_idx': 0}
2025-08-05 17:22:54,042 - INFO - ==================================================
2025-08-05 17:22:54,044 - INFO - 
==================================================
2025-08-05 17:22:54,047 - INFO - 样本 76: Rose bought five dozens of eggs for $2.40 a dozen. She will sell it for $1 for 3 eggs. How much will...
2025-08-05 17:22:54,049 - INFO - 参考答案: Rose bought five dozens of eggs for $2.40 x 5 = $<<2.40*5=12>>12.
Five dozens of eggs is equal to 12 x 5 = <<12*5=60>>60 eggs.
So there are 60/3 = <<60/3=20>>20 sets of 3 eggs that Rose will sell.
Thus, the total earnings of Rose for selling the eggs are $1 x 20 = $<<20=20>>20.
Therefore, her profit will be $20 - $12 = $<<20-12=8>>8.
#### 8
2025-08-05 17:22:54,052 - INFO - 提取参考答案: 8
2025-08-05 17:22:54,054 - INFO - 生成答案: 

Step 1:First, read the problem and identify what we need to find. We need to find Rose's profit.

Step 2:Next, set up equations and perform the calculations. Rose bought 5 dozens of eggs, which is 5...
2025-08-05 17:22:54,057 - INFO - 提取答案: 48
2025-08-05 17:22:54,059 - INFO - 投票统计: {'voting_method': 'majority', 'best_answer': '48', 'vote_count': 10, 'total_paths': 10, 'valid_paths': 10, 'confidence': 1.0, 'answer_distribution': {'48': 10}, 'selected_path_idx': 0}
2025-08-05 17:22:54,062 - INFO - ==================================================
2025-08-05 17:22:54,064 - INFO - 
==================================================
2025-08-05 17:22:54,067 - INFO - 样本 77: A shoe store was having a weekend sale on a brand of popular tennis shoes. On Friday the store sold ...
2025-08-05 17:22:54,069 - INFO - 参考答案: On Saturday 14*2=<<14*2=28>>28 shoes were sold
On Sunday 28/2=<<28/2=14>>14 shoes were sold
Before the returns were made 14+28+14=<<14+28+14=56>>56 pairs of shoes were sold
After the returns were made 56-6=<<56-6=50>>50 pairs of shoe were sold
#### 50
2025-08-05 17:22:54,072 - INFO - 提取参考答案: 50
2025-08-05 17:22:54,074 - INFO - 生成答案: 

Step 1:First, read the problem and identify what we need to find. We need to find the total number of tennis shoes sold by the end of the sale.

Step 2:Next, set up equations and perform the calcula...
2025-08-05 17:22:54,077 - INFO - 提取答案: 112
2025-08-05 17:22:54,080 - INFO - 投票统计: {'voting_method': 'majority', 'best_answer': '112', 'vote_count': 4, 'total_paths': 10, 'valid_paths': 10, 'confidence': 0.4, 'answer_distribution': {'112': 4, '50': 4, '100': 2}, 'selected_path_idx': 0}
2025-08-05 17:22:54,083 - INFO - ==================================================
2025-08-05 17:22:54,085 - INFO - 
==================================================
2025-08-05 17:22:54,088 - INFO - 样本 78: Frankie watches TV after he finishes his homework every night. On Monday and Tuesday, he watched a 1...
2025-08-05 17:22:54,090 - INFO - 参考答案: Let W be the number of episodes he watched on Wednesday.
After Monday, he had 7 - 1 = <<7-1=6>>6 hours of TV left.
After Tuesday, he had 6 - 1 = <<6-1=5>>5 hours of TV left.
After Thursday, he had 5 - 1 - 1/2 = 3 1/2 hours of TV left.
After Friday, he had 3 1/2 - 2 = 1 1/2 hours of TV left.
Each 30-minute episode is 1/2 hour.
Thus, W = 1 1/2 / 1/2 = 3 episodes.
#### 3
2025-08-05 17:22:54,093 - INFO - 提取参考答案: 3
2025-08-05 17:22:54,095 - INFO - 生成答案: 

Step 1:First, read the problem and identify what we need to find. We need to find the number of 30-minute episodes that Frankie watched on Wednesday.

Step 2:Next, set up equations and perform the c...
2025-08-05 17:22:54,098 - INFO - 提取答案: 2
2025-08-05 17:22:54,100 - INFO - 投票统计: {'voting_method': 'majority', 'best_answer': '2', 'vote_count': 3, 'total_paths': 10, 'valid_paths': 10, 'confidence': 0.3, 'answer_distribution': {'3': 2, '2': 3, '4': 1, '5': 1, '0': 2, '60': 1}, 'selected_path_idx': 2}
2025-08-05 17:22:54,103 - INFO - ==================================================
2025-08-05 17:22:54,105 - INFO - 
==================================================
2025-08-05 17:22:54,108 - INFO - 样本 81: Elise has been selling her Dad's collection of 250 books for three years. Each book sells at 20$, an...
2025-08-05 17:22:54,110 - INFO - 参考答案: If her sales in the current year are 45, she sold 45*2 = <<45*2=90>>90 books in the first year.
The total number of books sold in the first and current year is 90+45 = <<90+45=135>>135.
The total number of books sold in the second year is 250 of the original number of books - 135 sold books - 50 unsold books = <<250-135-50=65>>65 books.
If each book sells at 20$, then she earned 20*65 = $<<20*65=1300>>1300 in the second year
#### 1300
2025-08-05 17:22:54,113 - INFO - 提取参考答案: 1300
2025-08-05 17:22:54,115 - INFO - 生成答案: 

Step 1:First, read the problem and identify what we need to find. We need to find the total amount of money Elise earned in the second year.

Step 2:Next, set up equations and perform the calculatio...
2025-08-05 17:22:54,118 - INFO - 提取答案: 900
2025-08-05 17:22:54,120 - INFO - 投票统计: {'voting_method': 'majority', 'best_answer': '900', 'vote_count': 2, 'total_paths': 10, 'valid_paths': 10, 'confidence': 0.2, 'answer_distribution': {'900': 2, '13300': 1, '90': 1, '3000': 1, '1000': 1, '2000/3': 1, '1320': 1, '800': 1, '2200': 1}, 'selected_path_idx': 0}
2025-08-05 17:22:54,123 - INFO - ==================================================
2025-08-05 17:22:54,125 - INFO - 
==================================================
2025-08-05 17:22:54,128 - INFO - 样本 86: The vending machines sell chips for 40 cents and candy bars for 75 cents. George spent $5 and got 3 ...
2025-08-05 17:22:54,130 - INFO - 参考答案: George got $.05 in change because 5 x .01 = <<5*.01=.05>>.05
George spent $4.95 because 5 - .05 = <<5-.05=4.95>>4.95
George spent $1.2 on chips because 3 x .4 = <<3*.4=1.2>>1.2
George spent 3.75 on candy bars because 4.95 - 1.2 = <<4.95-1.2=3.75>>3.75
George bought 5 candy bars because 3.75 / .75 = <<5=5>>5
#### 5
2025-08-05 17:22:54,133 - INFO - 提取参考答案: 5
2025-08-05 17:22:54,135 - INFO - 生成答案: 

Step 1:First, read the problem and identify what we need to find. We need to find the number of candy bars George bought.

Step 2:Next, set up equations and perform the calculations. George spent $5...
2025-08-05 17:22:54,138 - INFO - 提取答案: 6
2025-08-05 17:22:54,140 - INFO - 投票统计: {'voting_method': 'majority', 'best_answer': '6', 'vote_count': 5, 'total_paths': 10, 'valid_paths': 10, 'confidence': 0.5, 'answer_distribution': {'5': 3, '6': 5, '4': 1, '0': 1}, 'selected_path_idx': 1}
2025-08-05 17:22:54,143 - INFO - ==================================================
2025-08-05 17:22:54,145 - INFO - 
==================================================
2025-08-05 17:22:54,147 - INFO - 样本 87: The local firefighters are doing a “fill the boot” fundraiser. Their goal is to raise $6300. After t...
2025-08-05 17:22:54,150 - INFO - 参考答案: The fireman raise 2100 / 3 = $<<2100/3=700>>700 per hour.
They have to fundraise for 6300 / 700 = <<6300/700=9>>9 hours.
#### 9
2025-08-05 17:22:54,152 - INFO - 提取参考答案: 9
2025-08-05 17:22:54,154 - INFO - 生成答案: 

Step 1:First, read the problem and identify what we need to find. We need to find the number of hours the firefighters have to fundraise to reach their goal.

Step 2:Next, set up equations and perfo...
2025-08-05 17:22:54,157 - INFO - 提取答案: 6
2025-08-05 17:22:54,159 - INFO - 投票统计: {'voting_method': 'majority', 'best_answer': '6', 'vote_count': 3, 'total_paths': 10, 'valid_paths': 10, 'confidence': 0.3, 'answer_distribution': {'6': 3, '9': 1, '2': 3, '3': 1, '5': 1, '1400': 1}, 'selected_path_idx': 0}
2025-08-05 17:22:54,161 - INFO - ==================================================
2025-08-05 17:22:54,164 - INFO - 
==================================================
2025-08-05 17:22:54,166 - INFO - 样本 95: There is one set of twins and one set of triplets. One twin is 7 years older than one triplet. If th...
2025-08-05 17:22:54,168 - INFO - 参考答案: Let T = age of triplet
Twin's age = T + <<+7=7>>7
Twin's combined age = 2 * (T + 7)
Triplet's combined age = <<3=3>>3T
2 * (T + 7) + 3T = 44
2T + 14 + 3T = 44
5T + 14 = 44
5T = 30
T = <<6=6>>6
Twin = 6 + 7 = <<6+7=13>>13
The twins are each <<13=13>>13 years old.
#### 13
2025-08-05 17:22:54,171 - INFO - 提取参考答案: 13
2025-08-05 17:22:54,173 - INFO - 生成答案: 

Step 1:First, read the problem and identify what we need to find. We need to find the age of one of the twins.

Step 2:Next, set up equations and perform the calculations. Let's say the age of one t...
2025-08-05 17:22:54,176 - INFO - 提取答案: 17
2025-08-05 17:22:54,178 - INFO - 投票统计: {'voting_method': 'majority', 'best_answer': '17', 'vote_count': 3, 'total_paths': 10, 'valid_paths': 10, 'confidence': 0.3, 'answer_distribution': {'17': 3, '18.67': 1, '16': 1, '20': 1, 'Nosolution': 1, '13': 1, '9': 1, '14.4': 1}, 'selected_path_idx': 0}
2025-08-05 17:22:54,180 - INFO - ==================================================
2025-08-05 17:22:54,183 - INFO - 
==================================================
2025-08-05 17:22:54,185 - INFO - 样本 98: One meatball sub sandwich contains 4 meatballs.  Sidney ordered 3 less than ten meatball sub sandwic...
2025-08-05 17:22:54,187 - INFO - 参考答案: 3 less than ten meatball sub sandwiches is 10-3=<<10-3=7>>7 sub sandwiches.
After Mark ate 4 of Sidney's meatball sub sandwiches, 7-4=<<7-4=3>>3 remained.
Finally, after Sidney ordered three more sub sandwiches, there were a total of 3+3=<<3+3=6>>6 sub sandwiches.
If each sub sandwich has 4 meatballs, then the remaining sub sandwiches contain a total of 6*4=<<6*4=24>>24 meatballs.
#### 24
2025-08-05 17:22:54,190 - INFO - 提取参考答案: 24
2025-08-05 17:22:54,192 - INFO - 生成答案: 

Step 1:First, read the problem and identify what we need to find. We need to find the number of meatballs in the sub sandwiches that remained.

Step 2:Next, set up equations and perform the calculat...
2025-08-05 17:22:54,194 - INFO - 提取答案: 12
2025-08-05 17:22:54,197 - INFO - 投票统计: {'voting_method': 'majority', 'best_answer': '12', 'vote_count': 9, 'total_paths': 10, 'valid_paths': 10, 'confidence': 0.9, 'answer_distribution': {'12': 9, '24': 1}, 'selected_path_idx': 0}
2025-08-05 17:22:54,199 - INFO - ==================================================
2025-08-05 17:22:54,202 - INFO - 
==================================================
2025-08-05 17:22:54,204 - INFO - 样本 106: Sally went to the seashore for vacation.  Her parents gave her $10 to buy whatever she wanted.  At t...
2025-08-05 17:22:54,207 - INFO - 参考答案: Taffy is buying 1 pound for $3 and gets 1 pound half off. So 1/2 off of 1 pound is $3/2 = $1.50+$3.00=$4.50
4 magnets at $0.25 each is 4*.25=$<<4*0.25=1.00>>1.00
When you add all her purchases, $4.50+$1.50+$1.00 = $<<4.5+1.5+1=7.00>>7.00
She had $10 and spent $7 so she had $10-$7 = $<<10-7=3.00>>3.00 left over
#### 3
2025-08-05 17:22:54,210 - INFO - 提取参考答案: 3
2025-08-05 17:22:54,213 - INFO - 生成答案: 

Step 1:First, read the problem and identify what we need to find. We need to find the amount of money Sally has left.

Step 2:Next, set up equations and perform the calculations. The total cost of t...
2025-08-05 17:22:54,216 - INFO - 提取答案: 1.50
2025-08-05 17:22:54,218 - INFO - 投票统计: {'voting_method': 'majority', 'best_answer': '1.50', 'vote_count': 4, 'total_paths': 10, 'valid_paths': 10, 'confidence': 0.4, 'answer_distribution': {'1.50': 4, '0': 3, '0.5': 1, '1.5': 2}, 'selected_path_idx': 0}
2025-08-05 17:22:54,220 - INFO - ==================================================
2025-08-05 17:22:54,223 - INFO - 
==================================================
2025-08-05 17:22:54,225 - INFO - 样本 108: Ophelia and Jenna are living in the same apartment building. They each have 2 fewer sofas than chair...
2025-08-05 17:22:54,227 - INFO - 参考答案: If Ophelia has 20 sofas and 2 fewer sofas than chairs, she has 20+2 = <<20+2=22>>22 chairs.
Jenna has 3 times as many chairs as Ophelia, a total of 3*22 = <<3*22=66>>66 chairs
The total number of chairs Ophelia and Jenna have is 66+22 = <<66+22=88>>88
Since Jenna also has 2 fewer sofas than chairs, the total number of sofas she has is 66-2 = <<66-2=64>>64 sofas.
The total number of sofas Ophelia and Jenna have is 64+20 = <<64+20=84>>84 sofas
Together, they have 84 sofas+88 chairs = <<84+88=172>>172
#### 172
2025-08-05 17:22:54,230 - INFO - 提取参考答案: 172
2025-08-05 17:22:54,232 - INFO - 生成答案: 

Step 1:First, read the problem and identify what we need to find. We need to find the total number of sofas and chairs that they have.

Step 2:Next, set up equations and perform the calculations. Si...
2025-08-05 17:22:54,235 - INFO - 提取答案: 108
2025-08-05 17:22:54,237 - INFO - 投票统计: {'voting_method': 'majority', 'best_answer': '108', 'vote_count': 5, 'total_paths': 10, 'valid_paths': 10, 'confidence': 0.5, 'answer_distribution': {'172': 3, '108': 5, '86': 1, '166': 1}, 'selected_path_idx': 1}
2025-08-05 17:22:54,239 - INFO - ==================================================
2025-08-05 17:22:54,242 - INFO - 
==================================================
2025-08-05 17:22:54,244 - INFO - 样本 110: Janet goes to the mall and spends $3.50 on ice cream, $7.50 each for movie tickets for herself and h...
2025-08-05 17:22:54,247 - INFO - 参考答案: First calculate the cost of the movie tickets by multiplying the price per ticket by 2: $7.50 * 2 = $<<7.5*2=15.00>>15.00
Then add up all the money Janet spent: $3.50 + $15.00 + $8.50 = $<<3.5+15+8.5=27.00>>27.00
Now subtract Janet's spending from the initial amount of money she had: $40.00 - $27.00 = $<<40-27=13.00>>13.00
#### 13
2025-08-05 17:22:54,249 - INFO - 提取参考答案: 13
2025-08-05 17:22:54,252 - INFO - 生成答案: 

Step 1:First, read the problem and identify what we need to find. We need to find out how many dollars Janet has left after her shopping trip.

Step 2:Next, set up equations and perform the calculat...
2025-08-05 17:22:54,254 - INFO - 提取答案: 12
2025-08-05 17:22:54,257 - INFO - 投票统计: {'voting_method': 'majority', 'best_answer': '12', 'vote_count': 6, 'total_paths': 10, 'valid_paths': 10, 'confidence': 0.6, 'answer_distribution': {'12': 6, '13': 2, '13.50': 2}, 'selected_path_idx': 0}
2025-08-05 17:22:54,260 - INFO - ==================================================
2025-08-05 17:22:54,262 - INFO - 
==================================================
2025-08-05 17:22:54,264 - INFO - 样本 112: After scoring 14 points, Erin now has three times more points than Sara, who scored 8. How many poin...
2025-08-05 17:22:54,267 - INFO - 参考答案: Erin now has three times more points than Sara, which is 3*8= <<3*8=24>>24 more points than Sara.
This means Erin has a total of 8+24 = <<8+24=32>>32 points now.
Before, Erin had 32-14= <<32-14=18>>18 points
#### 18
2025-08-05 17:22:54,269 - INFO - 提取参考答案: 18
2025-08-05 17:22:54,272 - INFO - 生成答案: 

Step 1:First, read the problem and identify what we need to find. We need to find the number of points Erin had before scoring 14 points.

Step 2:Next, set up equations and perform the calculations....
2025-08-05 17:22:54,275 - INFO - 提取答案: 10
2025-08-05 17:22:54,277 - INFO - 投票统计: {'voting_method': 'majority', 'best_answer': '10', 'vote_count': 7, 'total_paths': 10, 'valid_paths': 10, 'confidence': 0.7, 'answer_distribution': {'10': 7, '-10': 1, '20': 1, '48': 1}, 'selected_path_idx': 0}
2025-08-05 17:22:54,280 - INFO - ==================================================
2025-08-05 17:22:54,282 - INFO - 
==================================================
2025-08-05 17:22:54,285 - INFO - 样本 113: Colby loves going to the movies and every month his parents give him $150 to spend at the movies. Ti...
2025-08-05 17:22:54,287 - INFO - 参考答案: He has spent $50 on Fri/Sat movies because 5 x 10 = <<50=50>>50
He has spent $56 on movies the rest of the day because 8 x 7 = <<8*7=56>>56
He has spent $16 on popcorn because 2 x 8 = <<16=16>>16
He has spent $8 on candy because 4 x 2 = <<4*2=8>>8
He has spent 130 in total because 50 + 56 + 16 + 8 = <<50+56+16+8=130>>130
He plans to spend $10 on popcorn and candy because 8 + 2 = <<8+2=10>>10
He has $10 left to spend because 150 - 130 - 10 = <<150-130-10=10>>10
He can see 1 movie because 10 / 10 = <<10/10=1>>1
#### 1
2025-08-05 17:22:54,290 - INFO - 提取参考答案: 1
2025-08-05 17:22:54,293 - INFO - 生成答案: 

Step 1:First, read the problem and identify what we need to find. We need to find out how many movies Colby can see this month.

Step 2:Next, set up equations and perform the calculations. Colby alr...
2025-08-05 17:22:54,295 - INFO - 提取答案: 7
2025-08-05 17:22:54,297 - INFO - 投票统计: {'voting_method': 'majority', 'best_answer': '7', 'vote_count': 3, 'total_paths': 10, 'valid_paths': 10, 'confidence': 0.3, 'answer_distribution': {'7': 3, '14': 1, '12': 1, '2': 3, '6': 1, '15': 1}, 'selected_path_idx': 0}
2025-08-05 17:22:54,300 - INFO - ==================================================
2025-08-05 17:22:54,302 - INFO - 
==================================================
2025-08-05 17:22:54,304 - INFO - 样本 120: Jason was told he could earn $3.00 for doing his laundry,  $1.50 for cleaning his room, $0.75 for ta...
2025-08-05 17:22:54,307 - INFO - 参考答案: Jason emptied the dishwasher 6 times at $0.50 each so he made 6*.50=$<<6*.50=3.00>>3.00
Jason did his laundry 1 time at $3.00 so he made 1*3 = $<<1*3=3.00>>3.00
Jason took the trash out 2 times at $0.75 each so he made 2*.75 = $<<2*.75=1.50>>1.50
Jason cleaned his room 1 time at $1.50 each so he made 1*1.50 = $<<1*1.50=1.50>>1.50
Jason made 3+1.50+1.50+3 = $<<3+1.5+1.5+3=9.00>>9.00
#### 9
2025-08-05 17:22:54,309 - INFO - 提取参考答案: 9
2025-08-05 17:22:54,312 - INFO - 生成答案: 

Step 1:First, read the problem and identify what we need to find. We need to find the total amount of money Jason earned.

Step 2:Next, set up equations and perform the calculations. Jason earns $0....
2025-08-05 17:22:54,314 - INFO - 提取答案: 10.50
2025-08-05 17:22:54,316 - INFO - 投票统计: {'voting_method': 'majority', 'best_answer': '10.50', 'vote_count': 5, 'total_paths': 10, 'valid_paths': 10, 'confidence': 0.5, 'answer_distribution': {'10.50': 5, '9': 4, '8.50': 1}, 'selected_path_idx': 0}
2025-08-05 17:22:54,319 - INFO - ==================================================
2025-08-05 17:22:54,321 - INFO - 
==================================================
2025-08-05 17:22:54,323 - INFO - 样本 122: In a school activity, fifty-four students are to be separated into six groups of equal size. If the ...
2025-08-05 17:22:54,326 - INFO - 参考答案: There are 54/6 = <<54/6=9>>9 groups formed from the 54 students.
So, 12 - 9 = <<12-9=3>>3 groups more are needed to form.
#### 3
2025-08-05 17:22:54,329 - INFO - 提取参考答案: 3
2025-08-05 17:22:54,332 - INFO - 生成答案: 

Step 1:First, read the problem and identify what we need to find. We need to find how many more groups are needed to form the required 12 groups.

Step 2:Next, set up equations and perform the calcu...
2025-08-05 17:22:54,334 - INFO - 提取答案: 6
2025-08-05 17:22:54,337 - INFO - 投票统计: {'voting_method': 'majority', 'best_answer': '6', 'vote_count': 5, 'total_paths': 10, 'valid_paths': 10, 'confidence': 0.5, 'answer_distribution': {'6': 5, '1': 2, '0': 2, '9': 1}, 'selected_path_idx': 0}
2025-08-05 17:22:54,339 - INFO - ==================================================
2025-08-05 17:22:54,341 - INFO - 
==================================================
2025-08-05 17:22:54,344 - INFO - 样本 133: A food caterer was told to prepare gourmet hot dogs for 36 guests. While most people would only eat ...
2025-08-05 17:22:54,346 - INFO - 参考答案: The food caterer prepared an additional 36/2 = <<36/2=18>>18 hot dogs.
Altogether, he prepared 36 + 18 = <<36+18=54>>54 hotdogs.
If 40 people wanted seconds, he would have needed 40 x 2 = <<40*2=80>>80 hot dogs.
80 - 54 = <<80-54=26>>26 people did not get second hotdogs.
#### 26
2025-08-05 17:22:54,349 - INFO - 提取参考答案: 26
2025-08-05 17:22:54,351 - INFO - 生成答案: 

Step 1:First, read the problem and identify what we need to find. We need to find the number of guests who did not get a second hotdog.

Step 2:Next, set up equations and perform the calculations. T...
2025-08-05 17:22:54,354 - INFO - 提取答案: 22
2025-08-05 17:22:54,356 - INFO - 投票统计: {'voting_method': 'majority', 'best_answer': '22', 'vote_count': 4, 'total_paths': 10, 'valid_paths': 10, 'confidence': 0.4, 'answer_distribution': {'8': 1, '22': 4, '18': 2, '44': 1, '10': 1, '4': 1}, 'selected_path_idx': 1}
2025-08-05 17:22:54,358 - INFO - ==================================================
2025-08-05 17:22:54,361 - INFO - 
==================================================
2025-08-05 17:22:54,363 - INFO - 样本 137: Charlie wants to sell beeswax candles.  For every pound of beeswax, he can make 10 tapered candles. ...
2025-08-05 17:22:54,365 - INFO - 参考答案: 1 pound of beeswax and the wick make 10 candles and he wants to make 20 candles so he needs 20/10 = <<20/10=2>>2 pounds of beeswax
1 pound of beeswax costs $10.00 and he needs 2 pounds so his supplies will cost 10*2 = $<<10*2=20.00>>20.00
He wants to sell each candle for $2.00 each and he's selling 20 candles so that's 2*20 = $<<2*20=40.00>>40.00
If he makes $40.00 selling candles and his supplies cost $20.00 then his net profit is 40-20 = $<<40-20=20.00>>20.00
#### 20
2025-08-05 17:22:54,368 - INFO - 提取参考答案: 20
2025-08-05 17:22:54,370 - INFO - 生成答案: 

Step 1:First, read the problem and identify what we need to find. We need to find Charlie's net profit if he makes and sells 20 candles.

Step 2:Next, set up equations and perform the calculations. ...
2025-08-05 17:22:54,373 - INFO - 提取答案: -160
2025-08-05 17:22:54,375 - INFO - 投票统计: {'voting_method': 'majority', 'best_answer': '-160', 'vote_count': 5, 'total_paths': 10, 'valid_paths': 10, 'confidence': 0.5, 'answer_distribution': {'-160': 5, '30': 2, '20': 3}, 'selected_path_idx': 0}
2025-08-05 17:22:54,377 - INFO - ==================================================
2025-08-05 17:22:54,380 - INFO - 
==================================================
2025-08-05 17:22:54,382 - INFO - 样本 143: Wayne and Bernadette are movie stars heading to the premiere of their latest film. Bernadette wants ...
2025-08-05 17:22:54,384 - INFO - 参考答案: Bernadette takes 4 * 4 = <<4*4=16>>16 minutes to get to the theater.
Her ride takes 16 - 4 = <<16-4=12>>12 minutes longer than Wayne’s to get to the theater.
Thus, she should leave 12 + 5 = <<12+5=17>>17 minutes before Wayne to get to the theater 5 minutes sooner than he does.
#### 17
2025-08-05 17:22:54,387 - INFO - 提取参考答案: 17
2025-08-05 17:22:54,389 - INFO - 生成答案: 

Step 1:First, read the problem and identify what we need to find. We need to find how much earlier Bernadette should leave than Wayne to get to the theater first.

Step 2:Next, set up equations and ...
2025-08-05 17:22:54,391 - INFO - 提取答案: 21
2025-08-05 17:22:54,394 - INFO - 投票统计: {'voting_method': 'majority', 'best_answer': '21', 'vote_count': 4, 'total_paths': 10, 'valid_paths': 10, 'confidence': 0.4, 'answer_distribution': {'21': 4, '12': 2, '5': 3, '20': 1}, 'selected_path_idx': 0}
2025-08-05 17:22:54,396 - INFO - ==================================================
2025-08-05 17:22:54,398 - INFO - 
==================================================
2025-08-05 17:22:54,401 - INFO - 样本 155: Mary is making ice cubes with fruit frozen in them for a cocktail party. She makes some strawberry c...
2025-08-05 17:22:54,403 - INFO - 参考答案: Let s be the number of strawberry cubes and b be the number of blueberry cubes. We know that b = 5s - 4 and s + b = 116.
Substituting the first equation into the second, we get s + 5s - 4 = 116.
Combining like terms, we get 6s - 4 = 116
Adding 4 to both sides, we get 6s = 120
Dividing both sides by 6, we get s = 20
Substituting this value back into the equation b = 5s - 4, we get b = 96
#### 96
2025-08-05 17:22:54,406 - INFO - 提取参考答案: 96
2025-08-05 17:22:54,408 - INFO - 生成答案: 

Step 1:First, read the problem and identify what we need to find. We need to find the number of blueberry cubes that Mary makes.

Step 2:Next, set up equations and perform the calculations. Let x be...
2025-08-05 17:22:54,410 - INFO - 提取答案: 92
2025-08-05 17:22:54,413 - INFO - 投票统计: {'voting_method': 'majority', 'best_answer': '92', 'vote_count': 9, 'total_paths': 10, 'valid_paths': 10, 'confidence': 0.9, 'answer_distribution': {'96': 1, '92': 9}, 'selected_path_idx': 1}
2025-08-05 17:22:54,415 - INFO - ==================================================
2025-08-05 17:22:54,417 - INFO - 
==================================================
2025-08-05 17:22:54,420 - INFO - 样本 156: A family of 6 (2 adults and 4 kids) are to divide a watermelon such that each adult gets a slice tha...
2025-08-05 17:22:54,422 - INFO - 参考答案: Let x be the percentage of watermelon that each adult gets.
Since each kid gets half of what each adult gets, each kid gets x/2 percent of the watermelon
So the watermelon gets split into 2*x and 4*(x/2) parts by percentage
The percentages have to sum up to 100 so 2x+2x = 100 (after simplification)
x = 100/4 = <<100/4=25>>25, which means each adult gets 25% of the watermelon.
#### 25
2025-08-05 17:22:54,424 - INFO - 提取参考答案: 25
2025-08-05 17:22:54,427 - INFO - 生成答案: 

Step 1:First, read the problem and identify what we need to find. We need to find the percentage of the watermelon that each adult gets.

Step 2:Next, set up equations and perform the calculations. ...
2025-08-05 17:22:54,429 - INFO - 提取答案: 66.67
2025-08-05 17:22:54,431 - INFO - 投票统计: {'voting_method': 'majority', 'best_answer': '66.67', 'vote_count': 4, 'total_paths': 10, 'valid_paths': 10, 'confidence': 0.4, 'answer_distribution': {'66.67': 4, '33.33': 2, '25': 1, '40': 1, '50': 2}, 'selected_path_idx': 0}
2025-08-05 17:22:54,434 - INFO - ==================================================
2025-08-05 17:22:54,436 - INFO - 
==================================================
2025-08-05 17:22:54,438 - INFO - 样本 157: Peter has twice as many socks as Jack and half times as many dishes as jack. Jack collected twice as...
2025-08-05 17:22:54,441 - INFO - 参考答案: Since Jack collected twice as many dishes as socks, he has 60/2 = <<60/2=30>>30 socks.
In total, he has 30+60 = <<30+60=90>>90 socks and dishes.
Peter has twice as many socks as jack which totals 2*30 = <<2*30=60>>60 socks.
He also has half times as many dishes as Jack which is 1/2*60 = 30 dishes.
In total, he has 60+30 = <<60+30=90>>90 socks and dishes.
The total number of socks and dishes they both have is 90+90 = <<90+90=180>>180
#### 180
2025-08-05 17:22:54,443 - INFO - 提取参考答案: 180
2025-08-05 17:22:54,445 - INFO - 生成答案: 

Step 1:First, read the problem and identify what we need to find. We need to find the total number of socks and dishes that Peter and Jack have together.

Step 2:Next, set up equations and perform t...
2025-08-05 17:22:54,448 - INFO - 提取答案: 120
2025-08-05 17:22:54,451 - INFO - 投票统计: {'voting_method': 'majority', 'best_answer': '120', 'vote_count': 5, 'total_paths': 10, 'valid_paths': 10, 'confidence': 0.5, 'answer_distribution': {'120': 5, '150': 3, '180': 1, '210': 1}, 'selected_path_idx': 0}
2025-08-05 17:22:54,454 - INFO - ==================================================
2025-08-05 17:22:54,456 - INFO - 
==================================================
2025-08-05 17:22:54,459 - INFO - 样本 173: A company's HR hires 20 new employees every month to add to its total workforce. If the company's in...
2025-08-05 17:22:54,461 - INFO - 参考答案: If each month the company hire 20 new employees, the total number of employees in the company in the first month is 200 employees + 20 employees = <<200+20=220>>220 employees
If each employee is paid $4000 per month, the total amount of money paid by the employee to its workers in the first month is 220 employees * $4000/employee = $<<220*4000=880000>>880000
In the second month, 20 more workers are hired, bringing the total number of employees to 220 employees + 20 employees = 240 employees
The company pays a total of 240 employees * $4000/employee = $<<240*4000=960000>>960000 in wages for its employees in the second month.
When an additional 20 workers are hired in the third month, the total number of workers become 240 employees + 20 employees = <<240+20=260>>260 employees
In total, the company 260 employees * $4000/employee = $<<260*4000=1040000>>1040000 in wages on the third month.
The total amount of money the company pays to all its employees in the three months is $1040000 + $960000 + $880000 = <<1040000+960000+880000=2880000>>2880000
#### 2880000
2025-08-05 17:22:54,464 - INFO - 提取参考答案: 2880000
2025-08-05 17:22:54,467 - INFO - 生成答案: 

Step 1:First, read the problem and identify what we need to find. We need to find the total amount of money the company pays to its employees after three months.

Step 2:Next, set up equations and p...
2025-08-05 17:22:54,470 - INFO - 提取答案: 1040000
2025-08-05 17:22:54,472 - INFO - 投票统计: {'voting_method': 'majority', 'best_answer': '1040000', 'vote_count': 10, 'total_paths': 10, 'valid_paths': 10, 'confidence': 1.0, 'answer_distribution': {'1040000': 10}, 'selected_path_idx': 0}
2025-08-05 17:22:54,474 - INFO - ==================================================
2025-08-05 17:22:54,477 - INFO - 
==================================================
2025-08-05 17:22:54,479 - INFO - 样本 185: Bill is ordering a new truck. He has decided to purchase a two-ton truck with several added features...
2025-08-05 17:22:54,482 - INFO - 参考答案: The leather seats are one-third the cost of the king cab upgrade, at a cost of $7,500/3=$<<7500/3=2500>>2500.
The running boards are $500 less than the leather seats at a cost of $2500-$500=$2000
The total cost of the truck is $30,000+$7500+$2500+$2000+$1500=$<<30000+7500+2500+2000+1500=43500>>43,500
#### 43,500
2025-08-05 17:22:54,484 - INFO - 提取参考答案: 43500
2025-08-05 17:22:54,487 - INFO - 生成答案: 

Step 1:First, read the problem and identify what we need to find. We need to find the total cost of Bill's new truck.

Step 2:Next, set up equations and perform the calculations. The base price of t...
2025-08-05 17:22:54,489 - INFO - 提取答案: 43000
2025-08-05 17:22:54,492 - INFO - 投票统计: {'voting_method': 'majority', 'best_answer': '43000', 'vote_count': 4, 'total_paths': 10, 'valid_paths': 10, 'confidence': 0.4, 'answer_distribution': {'42000': 1, '37500': 1, '43500': 2, '43000': 4, '93000': 1, '81000': 1}, 'selected_path_idx': 4}
2025-08-05 17:22:54,495 - INFO - ==================================================
2025-08-05 17:22:54,497 - INFO - 
==================================================
2025-08-05 17:22:54,500 - INFO - 样本 194: James gets 10 new CDs.  Each CD cost $15.  He gets them for 40% off.  He decides he doesn't like 5 o...
2025-08-05 17:22:54,502 - INFO - 参考答案: He got a 15*.4=$<<15*.4=6>>6 discount on each CD
That means each CD cost 15-6=$<<15-6=9>>9
So he paid 10*9=$<<10*9=90>>90
That means he was out 90-40=$<<90-40=50>>50
#### 50
2025-08-05 17:22:54,504 - INFO - 提取参考答案: 50
2025-08-05 17:22:54,507 - INFO - 生成答案: 

Step 1:First, read the problem and identify what we need to find. We need to find how much money James was out.

Step 2:Next, set up equations and perform the calculations. The total cost of the CDs...
2025-08-05 17:22:54,509 - INFO - 提取答案: 110
2025-08-05 17:22:54,512 - INFO - 投票统计: {'voting_method': 'majority', 'best_answer': '110', 'vote_count': 7, 'total_paths': 10, 'valid_paths': 10, 'confidence': 0.7, 'answer_distribution': {'110': 7, '260': 2, '-110': 1}, 'selected_path_idx': 0}
2025-08-05 17:22:54,514 - INFO - ==================================================
2025-08-05 17:22:54,517 - INFO - 
==================================================
2025-08-05 17:22:54,519 - INFO - 样本 199: Vicki is planning a pop concert at her high school. The show will be 2 hours. She is allowing each g...
2025-08-05 17:22:54,521 - INFO - 参考答案: First, we should convert the 2 hours of showtime into minutes for our calculations. Since there are 60 minutes in 1 hour, the show will be 2 x 60 = <<2*60=120>>120 minutes.
Of those 120 minutes, 10 will be used for intermission, so 120 – 10 = <<120-10=110>>110 minutes for performances.
Each group will use 2 minutes to get on stage + 6 minutes to perform + 2 minutes to exit the stage = <<2+6+2=10>>10 minutes of show time.
Of the 110 minutes of performances, 10 are used per group, so 110 minutes / 10 = <<110/10=11>>11 groups can perform.
#### 11
2025-08-05 17:22:54,524 - INFO - 提取参考答案: 11
2025-08-05 17:22:54,526 - INFO - 生成答案: 

Step 1:First, read the problem and identify what we need to find. We need to find the number of groups that can perform in the concert.

Step 2:Next, set up equations and perform the calculations. E...
2025-08-05 17:22:54,528 - INFO - 提取答案: 6
2025-08-05 17:22:54,531 - INFO - 投票统计: {'voting_method': 'majority', 'best_answer': '6', 'vote_count': 7, 'total_paths': 10, 'valid_paths': 10, 'confidence': 0.7, 'answer_distribution': {'6': 7, '11': 2, '12': 1}, 'selected_path_idx': 0}
2025-08-05 17:22:54,533 - INFO - ==================================================
2025-08-05 17:22:54,535 - INFO - 
==================================================
2025-08-05 17:22:54,538 - INFO - 样本 201: For a New Year's resolution, Andy wants to lose 30 lbs. by his birthday, which is July 19th. Today i...
2025-08-05 17:22:54,540 - INFO - 参考答案: January, March, and May have 31 days, February has 28, and April and June have 30, and Andy's birthday is on the 19th day of July. So there are 3 * 31 days + 28 + 2 * 30 days + 19 days = 93 days + 28 + 60 days + 19 days = <<3*31+28+2*30+19=200>>200 days until Andy's birthday.
He wants to lose 30 lbs. At 3500 calories per pound, this is 30 * 3500 = <<30*3500=105000>>105,000 calories total,
To reach his goal, he will have to burn 105,000 calories / 200 days = <<105000/200=525>>525 calories per day more than he consumes.
#### 525
2025-08-05 17:22:54,543 - INFO - 提取参考答案: 525
2025-08-05 17:22:54,545 - INFO - 生成答案: 

Step 1:First, read the problem and identify what we need to find. We need to find the amount of calorie deficit Andy needs each day to reach his goal.

Step 2:Next, set up equations and perform the ...
2025-08-05 17:22:54,547 - INFO - 提取答案: 500
2025-08-05 17:22:54,549 - INFO - 投票统计: {'voting_method': 'majority', 'best_answer': '500', 'vote_count': 2, 'total_paths': 10, 'valid_paths': 10, 'confidence': 0.2, 'answer_distribution': {'1166.67': 1, '456': 1, '500': 2, '3500': 2, '575': 1, '1127': 1, '1182': 1, '423': 1}, 'selected_path_idx': 2}
2025-08-05 17:22:54,552 - INFO - ==================================================
2025-08-05 17:22:54,554 - INFO - 
==================================================
2025-08-05 17:22:54,556 - INFO - 样本 208: Carmen goes to an auction to win an antique desk. She accepts the opening bid of $200 and continues ...
2025-08-05 17:22:54,559 - INFO - 参考答案: 3 other people are bidding on the desk so there are 3 bids * $50 per bid = $<<3*50=150>>150 added to the cost of the desk by other people.
Carmen also has to bid against each person, so she also adds 3 bids * $50 per bid = $<<3*50=150>>150 to the overall cost.
So in these bids, there has been a total of $150 + $150 = $<<150+150=300>>300 added to the initial cost of the desk.
The desk therefore costs $200 opening bid + $300 added cost = $<<200+300=500>>500.
#### 500
2025-08-05 17:22:54,561 - INFO - 提取参考答案: 500
2025-08-05 17:22:54,564 - INFO - 生成答案: 

Step 1:First, read the problem and identify what we need to find. We need to find the total cost of the desk to Carmen.

Step 2:Next, set up equations and perform the calculations. The bids on the d...
2025-08-05 17:22:54,566 - INFO - 提取答案: 350
2025-08-05 17:22:54,568 - INFO - 投票统计: {'voting_method': 'majority', 'best_answer': '350', 'vote_count': 3, 'total_paths': 10, 'valid_paths': 10, 'confidence': 0.3, 'answer_distribution': {'350': 3, '1100': 2, '400': 2, '750': 1, '1400': 1, '1250': 1}, 'selected_path_idx': 0}
2025-08-05 17:22:54,571 - INFO - ==================================================
2025-08-05 17:22:54,573 - INFO - 
==================================================
2025-08-05 17:22:54,575 - INFO - 样本 214: Bob had 7 fish in his ornamental fish pond. 3 were orange, and 4 were white. He decided he wanted to...
2025-08-05 17:22:54,578 - INFO - 参考答案: Bob started with 7 fish and bought seventeen, so he had 7 + 17 = <<7+17=24>>24 fish.
Let x = the number of white fish.
Bob has twice as many orange fish as white fish, so 2*x + x = 24 fish
3*x = 24
x = 24/3 = <<24/3=8>>8 white fish.
Bob started with 4 white fish, so he bought 8 - 4 = 4 white fish at the store.
#### 4
2025-08-05 17:22:54,580 - INFO - 提取参考答案: 4
2025-08-05 17:22:54,582 - INFO - 生成答案: 

Step 1:First, read the problem and identify what we need to find. We need to find the number of white fish that Bob bought at the store.

Step 2:Next, set up equations and perform the calculations. ...
2025-08-05 17:22:54,585 - INFO - 提取答案: 6
2025-08-05 17:22:54,587 - INFO - 投票统计: {'voting_method': 'majority', 'best_answer': '6', 'vote_count': 4, 'total_paths': 10, 'valid_paths': 10, 'confidence': 0.4, 'answer_distribution': {'6': 4, '4': 3, '3': 1, '5': 1, '10': 1}, 'selected_path_idx': 0}
2025-08-05 17:22:54,589 - INFO - ==================================================
2025-08-05 17:22:54,592 - INFO - 
==================================================
2025-08-05 17:22:54,594 - INFO - 样本 218: 48 people are riding a bus. On the first stop, 8 passengers get off, and 5 times as many people as t...
2025-08-05 17:22:54,596 - INFO - 参考答案: At the first stop, 5 * 8 = <<5*8=40>>40 passengers get on the bus.
After the first stop the bus has ( 48 - 8 ) + 40 = <<48-8+40=80>>80 passengers.
At the second stop, 21 / 3 = <<21/3=7>>7 passengers get on the bus.
After the second stop there are ( 80 - 21 ) + 7 = <<80-21+7=66>>66 passengers.
#### 66
2025-08-05 17:22:54,599 - INFO - 提取参考答案: 66
2025-08-05 17:22:54,601 - INFO - 生成答案: 

Step 1:First, read the problem and identify what we need to find. We need to find the number of passengers who are riding the bus after the second stop.

Step 2:Next, set up equations and perform th...
2025-08-05 17:22:54,603 - INFO - 提取答案: 122
2025-08-05 17:22:54,606 - INFO - 投票统计: {'voting_method': 'majority', 'best_answer': '122', 'vote_count': 5, 'total_paths': 10, 'valid_paths': 10, 'confidence': 0.5, 'answer_distribution': {'122': 5, '83': 2, '66': 3}, 'selected_path_idx': 0}
2025-08-05 17:22:54,608 - INFO - ==================================================
2025-08-05 17:22:54,610 - INFO - 
==================================================
2025-08-05 17:22:54,613 - INFO - 样本 221: Although Soledad works in a windowless office, she loves the outdoors. She will be on vacation for t...
2025-08-05 17:22:54,616 - INFO - 参考答案: June has 30 days, so Soledad must hike 9,300 miles / 30 days = <<9300/30=310>>310 miles/day
Initially, she wanted to hike 2 times/day * 125 miles/time = <<2*125=250>>250 miles/day
To complete her journey, she must increase her hike by 310 miles/day - 250 miles/day = 60 miles/day
#### 60
2025-08-05 17:22:54,619 - INFO - 提取参考答案: 60
2025-08-05 17:22:54,621 - INFO - 生成答案: 

Step 1:First, read the problem and identify what we need to find. We need to find out how many more miles per day Soledad must hike to complete her journey on time.

Step 2:Next, set up equations an...
2025-08-05 17:22:54,624 - INFO - 提取答案: 185
2025-08-05 17:22:54,626 - INFO - 投票统计: {'voting_method': 'majority', 'best_answer': '185', 'vote_count': 5, 'total_paths': 10, 'valid_paths': 10, 'confidence': 0.5, 'answer_distribution': {'185': 5, '2.4': 1, '60': 2, '8': 1, '5': 1}, 'selected_path_idx': 0}
2025-08-05 17:22:54,629 - INFO - ==================================================
2025-08-05 17:22:54,631 - INFO - 
==================================================
2025-08-05 17:22:54,634 - INFO - 样本 222: Maggie's oven is malfunctioning. When she sets it to 450 the actual temperature is 468. If it's off ...
2025-08-05 17:22:54,636 - INFO - 参考答案: The oven off by 18 degrees because 468 - 450 = <<468-450=18>>18
The oven is off by 4% because 18 / 450 x 100 = <<18/450*100=4>>4%
Therefore X + .04X = 520
Therefore 1.04X = 520
The temperature to set it is 500 because 520 / 1.04 = <<520/1.04=500>>500
#### 500
2025-08-05 17:22:54,639 - INFO - 提取参考答案: 500
2025-08-05 17:22:54,641 - INFO - 生成答案: 

Step 1:First, read the problem and identify what we need to find. We need to find the temperature Maggie should set the oven to if her recipe calls for 520 degrees.

Step 2:Next, set up equations an...
2025-08-05 17:22:54,644 - INFO - 提取答案: 20.8
2025-08-05 17:22:54,646 - INFO - 投票统计: {'voting_method': 'majority', 'best_answer': '20.8', 'vote_count': 2, 'total_paths': 10, 'valid_paths': 10, 'confidence': 0.2, 'answer_distribution': {'540.4': 1, '541.25': 1, '20.8': 2, '522': 1, '538': 2, '520': 1, '468': 1, '486': 1}, 'selected_path_idx': 2}
2025-08-05 17:22:54,649 - INFO - ==================================================
2025-08-05 17:22:54,651 - INFO - 
==================================================
2025-08-05 17:22:54,654 - INFO - 样本 223: Calvin is making soup for his family for dinner. He has a pot with enough soup to fill four adult's ...
2025-08-05 17:22:54,656 - INFO - 参考答案: Four adult bowls equal eight children’s bowls, so each adult bowl is 8 / 4 = <<8/4=2>>2 children’s bowls.
Calvin and his wife will eat two adult bowls, so they will eat the equivalent of 2 * 2 = <<2*2=4>>4 children’s bowls.
Thus, he, his wife, and their children will eat 4 + 2 = <<4+2=6>>6 children’s bowls at dinner.
After dinner, there will be 8 - 6 = <<8-6=2>>2 children’s bowls left over.
There are 2 children, so each child will be able to eat a bowl of leftover soup for lunch 2 / 2 = <<2/2=1>>1 time.
#### 1
2025-08-05 17:22:54,659 - INFO - 提取参考答案: 1
2025-08-05 17:22:54,661 - INFO - 生成答案: 

Step 1:First, read the problem and identify what we need to find. We need to find how many times each child will be able to have a bowl of soup for lunch from the leftover soup.

Step 2:Next, set up...
2025-08-05 17:22:54,664 - INFO - 提取答案: 6
2025-08-05 17:22:54,666 - INFO - 投票统计: {'voting_method': 'majority', 'best_answer': '6', 'vote_count': 3, 'total_paths': 10, 'valid_paths': 10, 'confidence': 0.3, 'answer_distribution': {'6': 3, '2': 3, '5': 1, '0': 1, '1': 2}, 'selected_path_idx': 0}
2025-08-05 17:22:54,669 - INFO - ==================================================
2025-08-05 17:22:54,671 - INFO - 
==================================================
2025-08-05 17:22:54,673 - INFO - 样本 224: Patty's Plumbing charges $40 to visit a house to make a repair, plus $35 per hour, or part thereof, ...
2025-08-05 17:22:54,676 - INFO - 参考答案: She charged for 3 hours.
The total cost from the hourly rate was 3*35=$<<3*35=105>>105.
She charged 40+105+60=<<40+105+60=205>>205.
#### 205
2025-08-05 17:22:54,678 - INFO - 提取参考答案: 205
2025-08-05 17:22:54,681 - INFO - 生成答案: 

Step 1:First, read the problem and identify what we need to find. We need to find the total amount that Patty charged for the job.

Step 2:Next, set up equations and perform the calculations. The to...
2025-08-05 17:22:54,683 - INFO - 提取答案: 178.75
2025-08-05 17:22:54,686 - INFO - 投票统计: {'voting_method': 'majority', 'best_answer': '178.75', 'vote_count': 4, 'total_paths': 10, 'valid_paths': 10, 'confidence': 0.4, 'answer_distribution': {'178.25': 3, '178.75': 4, '170': 3}, 'selected_path_idx': 1}
2025-08-05 17:22:54,688 - INFO - ==================================================
2025-08-05 17:22:54,691 - INFO - 
==================================================
2025-08-05 17:22:54,693 - INFO - 样本 225: Katarina has 5 less cookies than Max has. Max has 12 more cookies than the Cookie Monster, and Summe...
2025-08-05 17:22:54,696 - INFO - 参考答案: Max’s has a total of 68+5 = <<68+5=73>>73 cookies.
Cookie Monster’s total amount of cookies is 73-12 = <<73-12=61>>61.
Summer’s total cookie amount is 73+23 = <<73+23=96>>96.
Total amount of cookies 68+73+61+96 = <<68+73+61+96=298>>298.
#### 298
2025-08-05 17:22:54,698 - INFO - 提取参考答案: 298
2025-08-05 17:22:54,701 - INFO - 生成答案: 

Step 1:First, read the problem and identify what we need to find. We need to find the total number of cookies that Katarina, Max, and the Cookie Monster have.

Step 2:Next, set up equations and perf...
2025-08-05 17:22:54,703 - INFO - 提取答案: 202
2025-08-05 17:22:54,706 - INFO - 投票统计: {'voting_method': 'majority', 'best_answer': '202', 'vote_count': 2, 'total_paths': 10, 'valid_paths': 10, 'confidence': 0.2, 'answer_distribution': {'322': 1, '346': 1, '202': 2, '334': 1, '298': 1, '226': 1, '237': 1, '230': 2}, 'selected_path_idx': 2}
2025-08-05 17:22:54,708 - INFO - ==================================================
2025-08-05 17:22:54,711 - INFO - 
==================================================
2025-08-05 17:22:54,713 - INFO - 样本 228: Cole wanted to buy new jeans for a dance contest. At the store, he couldn't decide between tattered ...
2025-08-05 17:22:54,715 - INFO - 参考答案: Cole saved $6 x 1/3 = $<<6*1/3=2>>2 on the jogger jeans.
So, he saved $6 - $2 = $<<6-2=4>>4 on the tattered jeans.
The original price of the jogger jeans is $22 + $2 = $<<22+2=24>>24.
Cole bought the tattered jeans for $<<28=28>>28
Hence, the original price of the tattered jeans is $28 + $4 = $<<28+4=32>>32.
Therefore, jogger jeans originally cost $32 - $24 = $<<32-24=8>>8 more than the tattered jeans.
#### 8
2025-08-05 17:22:54,718 - INFO - 提取参考答案: 8
2025-08-05 17:22:54,721 - INFO - 生成答案: 

Step 1:First, read the problem and identify what we need to find. We need to find the difference in the original prices of the jogger and tattered jeans.

Step 2:Next, set up equations and perform t...
2025-08-05 17:22:54,723 - INFO - 提取答案: 6
2025-08-05 17:22:54,726 - INFO - 投票统计: {'voting_method': 'majority', 'best_answer': '6', 'vote_count': 6, 'total_paths': 10, 'valid_paths': 10, 'confidence': 0.6, 'answer_distribution': {'200': 1, '6': 6, '3.2': 1, '2': 1, '-38': 1}, 'selected_path_idx': 1}
2025-08-05 17:22:54,728 - INFO - ==================================================
2025-08-05 17:22:54,731 - INFO - 
==================================================
2025-08-05 17:22:54,733 - INFO - 样本 231: Jerry has two pools, both with leaks emptying them out at 4 gallons/minute. 4 minutes ago, the big p...
2025-08-05 17:22:54,735 - INFO - 参考答案: First find how many gallons of water flow out of the pools in 4 minutes: 4 gallons/minute * 4 minutes = <<4*4=16>>16 gallons
Let b be the amount of water the big pool has now and s be the amount of water the small pool has. We know that b = 4s, and b + 16 = 2(s + 16)
Substituting the first equation into the second equation, we get 4s + 16 = 2(s + 16)
Multiplying through the parentheses, we get 4s + 16 = 2s + 32
Subtracting 2s from both sides, we get 2s + 16 = 32
Subtracting 16 from both sides, we get 2s = 16
Dividing both sides by 2, we get s = <<8=8>>8
#### 8
2025-08-05 17:22:54,738 - INFO - 提取参考答案: 8
2025-08-05 17:22:54,740 - INFO - 生成答案: 

Step 1:First, read the problem and identify what we need to find. We need to find the amount of water in the small pool now.

Step 2:Next, set up equations and perform the calculations. Let's assume...
2025-08-05 17:22:54,743 - INFO - 提取答案: 16
2025-08-05 17:22:54,745 - INFO - 投票统计: {'voting_method': 'majority', 'best_answer': '16', 'vote_count': 3, 'total_paths': 10, 'valid_paths': 10, 'confidence': 0.3, 'answer_distribution': {'8': 2, '24': 1, '16': 3, '0': 2, '12': 2}, 'selected_path_idx': 2}
2025-08-05 17:22:54,747 - INFO - ==================================================
2025-08-05 17:22:54,750 - INFO - 
==================================================
2025-08-05 17:22:54,752 - INFO - 样本 232: Tim enters a competition and has to try and guess the number of red jelly beans in a jar.  The jar h...
2025-08-05 17:22:54,754 - INFO - 参考答案: The volume of the container is 6*6*15=<<6*6*15=540>>540 cubic inches
That means it can fit 540/.15=<<540/.15=3600>>3600 jelly beans
With 80% packing efficiency, you can fit 3600*.8=<<3600*.8=2880>>2880 jelly beans in there
So that means he guesses 2880*.3=<<2880*.3=864>>864 are red
So his guess is off by 900-864=<<900-864=36>>36
#### 36
2025-08-05 17:22:54,757 - INFO - 提取参考答案: 36
2025-08-05 17:22:54,759 - INFO - 生成答案: 

Step 1:First, read the problem and identify what we need to find. We need to find how far off Tim's guess was from the true number of red jelly beans.

Step 2:Next, set up equations and perform the ...
2025-08-05 17:22:54,761 - INFO - 提取答案: 697.5
2025-08-05 17:22:54,764 - INFO - 投票统计: {'voting_method': 'majority', 'best_answer': '697.5', 'vote_count': 5, 'total_paths': 10, 'valid_paths': 10, 'confidence': 0.5, 'answer_distribution': {'697.5': 5, '450': 2, '180': 1, '36': 1, '698': 1}, 'selected_path_idx': 0}
2025-08-05 17:22:54,766 - INFO - ==================================================
2025-08-05 17:22:54,769 - INFO - 
==================================================
2025-08-05 17:22:54,771 - INFO - 样本 235: Dennis uses 1 pound of butter for every dozen croissants that he makes.  He needs to make 6 dozen cr...
2025-08-05 17:22:54,773 - INFO - 参考答案: 1 pound of butter makes 1 dozen croissants and he needs to make 6 dozen so he needs 1*6 = <<1*6=6>>6 pounds of butter
The butter is $4.00 a pound and currently on sale for buy one get one half off so every unit of 2 pounds of butter will cost 4*1.5 = $<<4*1.5=6.00>>6.00
He needs 6 pounds of butter and the current promotion is for a unit of 2 pounds of butter so he needs to buy 6/2 = <<6/2=3>>3 units worth of butter
The sale price is $6.00 per 2 pounds of butter and he needs to buy 3 units of butter so 6*3 = $<<6*3=18.00>>18.00 worth of butter
#### 18
2025-08-05 17:22:54,776 - INFO - 提取参考答案: 18
2025-08-05 17:22:54,778 - INFO - 生成答案: 

Step 1:First, read the problem and identify what we need to find. We need to find the cost of purchasing 6 pounds of butter.

Step 2:Next, set up equations and perform the calculations. Since Dennis...
2025-08-05 17:22:54,781 - INFO - 提取答案: 12
2025-08-05 17:22:54,783 - INFO - 投票统计: {'voting_method': 'majority', 'best_answer': '12', 'vote_count': 6, 'total_paths': 10, 'valid_paths': 10, 'confidence': 0.6, 'answer_distribution': {'24': 1, '12': 6, '36': 1, '19': 1, '22': 1}, 'selected_path_idx': 1}
2025-08-05 17:22:54,785 - INFO - ==================================================
2025-08-05 17:22:54,788 - INFO - 
==================================================
2025-08-05 17:22:54,790 - INFO - 样本 244: Every day Charisma meditates for 15 minutes when she first wakes up and again before she goes to sle...
2025-08-05 17:22:54,792 - INFO - 参考答案: She meditates for 15 minutes in the morning and 15 minutes at night for a total of 15+15 = <<15+15=30>>30 minutes
She meditates 30 minutes daily so in 7 days/1 week she meditates 30*7 = <<30*7=210>>210 minutes
She meditates 210 minutes in 1 week so in 4 weeks she meditates 210*4 = <<210*4=840>>840 minutes
60 minutes are in an hour so she meditates for 840/60 = <<840/60=14>>14 hours
She practices yoga for 1 hour 5 days a week so that's 1*5 = <<1*5=5>>5 hours
Over 4 weeks she practices yoga for 4*5 = <<4*5=20>>20 hours
She spends 14 hours meditating and 20 hours practicing yoga for a total of 14+20 = <<14+20=34>>34 hours
#### 34
2025-08-05 17:22:54,795 - INFO - 提取参考答案: 34
2025-08-05 17:22:54,797 - INFO - 生成答案: 

Step 1:First, read the problem and identify what we need to find. We need to find the total time Charisma has spent on meditation/yoga practice in 4 weeks.

Step 2:Next, set up equations and perform...
2025-08-05 17:22:54,800 - INFO - 提取答案: 2040
2025-08-05 17:22:54,802 - INFO - 投票统计: {'voting_method': 'majority', 'best_answer': '2040', 'vote_count': 6, 'total_paths': 10, 'valid_paths': 10, 'confidence': 0.6, 'answer_distribution': {'2040': 6, '34': 1, '3020': 1, '14380': 1, '2100': 1}, 'selected_path_idx': 0}
2025-08-05 17:22:54,804 - INFO - ==================================================
2025-08-05 17:22:54,807 - INFO - 
==================================================
2025-08-05 17:22:54,809 - INFO - 样本 245: Jenny goes to the florist to buy some flowers. Roses cost $2 each and $15 for a dozen. If she bought...
2025-08-05 17:22:54,811 - INFO - 参考答案: Jenny has $25 because 5 x 5 = <<5*5=25>>25
She buys 1 dozen roses and 3 single roses because 15 - 12 - 3 = <<15-12-3=0>>0
She spends $6 on the single roses because 3 x 2 = <<3*2=6>>6
She spends $21 on roses because 15 + 6 = <<15+6=21>>21
She gets $4 in change because 25 - 21 = <<25-21=4>>4
She gets 16 quarters because 4 x 4 = <<4*4=16>>16
#### 16
2025-08-05 17:22:54,814 - INFO - 提取参考答案: 16
2025-08-05 17:22:54,816 - INFO - 生成答案: 

Step 1:First, read the problem and identify what we need to find. We need to find the number of quarters that Jenny leaves with.

Step 2:Next, set up equations and perform the calculations. The cost...
2025-08-05 17:22:54,818 - INFO - 提取答案: 20
2025-08-05 17:22:54,821 - INFO - 投票统计: {'voting_method': 'majority', 'best_answer': '20', 'vote_count': 6, 'total_paths': 10, 'valid_paths': 10, 'confidence': 0.6, 'answer_distribution': {'20': 6, '60': 2, '0': 1, '80': 1}, 'selected_path_idx': 0}
2025-08-05 17:22:54,823 - INFO - ==================================================
2025-08-05 17:22:54,825 - INFO - 
==================================================
2025-08-05 17:22:54,828 - INFO - 样本 249: Arnold, Madeline, Camden, and Sarah painted 56 easter eggs. Arnold and Madeline painted the same num...
2025-08-05 17:22:54,831 - INFO - 参考答案: Arnold and Madeline painted 56 - 30 = <<56-30=26>>26 easter eggs.
Arnold and Madeline each painted 26/2 = <<26/2=13>>13 easter eggs.
Sarah painted (30 - 12)/2 = 18/2 = <<(30-12)/2=9>>9 easter eggs.
Camden painted 9 + 12 = <<9+12=21>>21 easter eggs.
Camden painted 21 - 13 = <<21-13=8>>8 eggs more than Arnold.
#### 8
2025-08-05 17:22:54,833 - INFO - 提取参考答案: 8
2025-08-05 17:22:54,836 - INFO - 生成答案: 

Step 1:First, read the problem and identify what we need to find. We need to find the difference in the number of eggs painted by Camden and Arnold.

Step 2:Next, set up equations and perform the ca...
2025-08-05 17:22:54,839 - INFO - 提取答案: 12
2025-08-05 17:22:54,841 - INFO - 投票统计: {'voting_method': 'majority', 'best_answer': '12', 'vote_count': 4, 'total_paths': 10, 'valid_paths': 10, 'confidence': 0.4, 'answer_distribution': {'12': 4, '8': 2, '9': 2, '1': 1, '+12': 1}, 'selected_path_idx': 0}
2025-08-05 17:22:54,843 - INFO - ==================================================
2025-08-05 17:22:54,846 - INFO - 
==================================================
2025-08-05 17:22:54,848 - INFO - 样本 250: Lauren is a cartoonist.  She can draw 5 large-sized picture scenes per day, or she can draw 6 medium...
2025-08-05 17:22:54,850 - INFO - 参考答案: At 5 small-sized picture scenes per day, 45 small-sized scenes will take 45/5 = <<45/5=9>>9 days.
At 6 medium-sized picture scenes per day, 36 medium-sized scenes will take 36/6 = <<36/6=6>>6 days.
At 7 large-sized picture scenes per day, 49 large-sized scenes will take 49/7 = <<49/7=7>>7 days.
Altogether, the entire project will take 9 + 6 +7 = <<9+6+7=22>>22 days to complete.
#### 22
2025-08-05 17:22:54,853 - INFO - 提取参考答案: 22
2025-08-05 17:22:54,855 - INFO - 生成答案: 

Step 1:First, read the problem and identify what we need to find. We need to find the number of days it will take for Lauren to create all of the picture scenes.

Step 2:Next, set up equations and p...
2025-08-05 17:22:54,857 - INFO - 提取答案: 9
2025-08-05 17:22:54,860 - INFO - 投票统计: {'voting_method': 'majority', 'best_answer': '9', 'vote_count': 5, 'total_paths': 10, 'valid_paths': 10, 'confidence': 0.5, 'answer_distribution': {'9': 5, '22': 2, '3': 1, '15': 1, '7': 1}, 'selected_path_idx': 0}
2025-08-05 17:22:54,862 - INFO - ==================================================
2025-08-05 17:22:54,864 - INFO - 
==================================================
2025-08-05 17:22:54,866 - INFO - 样本 252: Dave bought a large pack of french fries and ate fourteen before a hungry seagull stole the pack out...
2025-08-05 17:22:54,869 - INFO - 参考答案: Dave ate 14 french fries, so the seagull ate 14 * 1/2 = 14 / 2 = <<14*1/2=7>>7 fries.
The 3 pigeons ate 3 each, so they ate 3 * 3 = <<3*3=9>>9 fries.
The ants took one french fry, so there were 5 + 1 = <<5+1=6>>6 after the racoon took some.
The raccoon left 1/3 behind, so there were 6 * 3 = <<6*3=18>>18 fries before the raccoon took any.
Thus, the pack had 14 + 7 + 9 + 18 = <<14+7+9+18=48>>48 fries in it when Dave bought it.
#### 48
2025-08-05 17:22:54,871 - INFO - 提取参考答案: 48
2025-08-05 17:22:54,874 - INFO - 生成答案: 

Step 1:First, read the problem and identify what we need to find. We need to find the original number of french fries in the pack.

Step 2:Next, set up equations and perform the calculations. Let's ...
2025-08-05 17:22:54,876 - INFO - 提取答案: 45
2025-08-05 17:22:54,878 - INFO - 投票统计: {'voting_method': 'majority', 'best_answer': '45', 'vote_count': 4, 'total_paths': 10, 'valid_paths': 10, 'confidence': 0.4, 'answer_distribution': {'45': 4, '48': 2, '30': 1, '54': 1, '105': 1, '18': 1}, 'selected_path_idx': 0}
2025-08-05 17:22:54,881 - INFO - ==================================================
2025-08-05 17:22:54,883 - INFO - 
==================================================
2025-08-05 17:22:54,885 - INFO - 样本 267: Kenny is selling his Pokemon cards to buy a ticket to an amusement park, which costs $100. He has a ...
2025-08-05 17:22:54,888 - INFO - 参考答案: He made $150 selling the cards because 100 + 50 = <<100+50=150>>150
He sold 100 cards because 150 / 1.5 = <<150/1.5=100>>100
The cards he sold were 2/3 of his collection because 1 - (1/3) = 2/3
He started with 150 cards because 100 / (2/3) = <<100/(2/3)=150>>150
#### 150
2025-08-05 17:22:54,890 - INFO - 提取参考答案: 150
2025-08-05 17:22:54,892 - INFO - 生成答案: 

Step 1:First, read the problem and identify what we need to find. We need to find the number of cards Kenny started with.

Step 2:Next, set up equations and perform the calculations. Let's say Kenny...
2025-08-05 17:22:54,895 - INFO - 提取答案: 100
2025-08-05 17:22:54,897 - INFO - 投票统计: {'voting_method': 'majority', 'best_answer': '100', 'vote_count': 3, 'total_paths': 10, 'valid_paths': 10, 'confidence': 0.3, 'answer_distribution': {'150': 1, '100': 3, '50': 2, '33': 1, '225': 1, '34': 1, '67': 1}, 'selected_path_idx': 1}
2025-08-05 17:22:54,899 - INFO - ==================================================
2025-08-05 17:22:54,902 - INFO - 
==================================================
2025-08-05 17:22:54,904 - INFO - 样本 269: 3 customers were kicked out of the Walmart for refusing to wear masks. A number equals to four times...
2025-08-05 17:22:54,906 - INFO - 参考答案: First quadruple the number of customers kicked out for not wearing masks: 4 * 3 customers = <<4*3=12>>12 customers
Then subtract 5 from this number: 12 customers - 5 customers = 7 customers
Then triple that number to find the number of people kicked out for violence: 7 customers * 3 = <<7*3=21>>21 customers
Then subtract the number of customers kicked out for each known reason to find the number kicked out for other reasons: 50 customers - 3 customers - 21 customers - 7 customers = <<50-3-21-7=19>>19 customers
#### 19
2025-08-05 17:22:54,909 - INFO - 提取参考答案: 19
2025-08-05 17:22:54,911 - INFO - 生成答案: 

Step 1:First, read the problem and identify what we need to find. We need to find the number of people who were kicked out for other reasons.

Step 2:Next, set up equations and perform the calculati...
2025-08-05 17:22:54,914 - INFO - 提取答案: 2
2025-08-05 17:22:54,916 - INFO - 投票统计: {'voting_method': 'majority', 'best_answer': '2', 'vote_count': 4, 'total_paths': 10, 'valid_paths': 10, 'confidence': 0.4, 'answer_distribution': {'19': 1, '4': 1, '2': 4, '41': 1, '48': 1, '11': 1, '6': 1}, 'selected_path_idx': 2}
2025-08-05 17:22:54,918 - INFO - ==================================================
2025-08-05 17:22:54,921 - INFO - 
==================================================
2025-08-05 17:22:54,923 - INFO - 样本 276: Erica made 20 Valentine's cards to pass out.  Her dad brought her 2 boxes of pre-made Valentine's ca...
2025-08-05 17:22:54,925 - INFO - 参考答案: Her dad gave her 2 boxes of 15 cards so 2*15 = <<2*15=30>>30
She made 20, was given 30 and received 17 so 20+30+17 = <<20+30+17=67>>67 cards
She passed out 24 and gave 5 cards to family and friends so she gave away 24+5 = <<24+5=29>>29 cards
She had 67 cards and gave away 29 cards so 67-29 = <<67-29=38>>38 cards left
#### 38
2025-08-05 17:22:54,928 - INFO - 提取参考答案: 38
2025-08-05 17:22:54,930 - INFO - 生成答案: 

Step 1:First, read the problem and identify what we need to find. We need to find the number of Valentine's Day cards Erica now has.

Step 2:Next, set up equations and perform the calculations. Eric...
2025-08-05 17:22:54,933 - INFO - 提取答案: 43
2025-08-05 17:22:54,935 - INFO - 投票统计: {'voting_method': 'majority', 'best_answer': '43', 'vote_count': 5, 'total_paths': 10, 'valid_paths': 10, 'confidence': 0.5, 'answer_distribution': {'43': 5, '38': 4, '21': 1}, 'selected_path_idx': 0}
2025-08-05 17:22:54,937 - INFO - ==================================================
2025-08-05 17:22:54,940 - INFO - 
==================================================
2025-08-05 17:22:54,942 - INFO - 样本 278: If Marcy works for the same company for 40 years, she gets an annual pension of $50,000/year. Starti...
2025-08-05 17:22:54,944 - INFO - 参考答案: First find how many years Marcy works after 20 years: 30 years - 20 years = <<30-20=10>>10 years
Then multiply that number by the amount of her pension she gets per year: 10 years * 5% = 50%
Then multiply that percentage by the total amount of the full pension to find how much she gets: $50,000 * 50% = $<<50000*50*.01=25000>>25,000
#### 25000
2025-08-05 17:22:54,947 - INFO - 提取参考答案: 25000
2025-08-05 17:22:54,949 - INFO - 生成答案: 

Step 1:First, read the problem and identify what we need to find. We need to find the annual pension for Marcy after 30 years.

Step 2:Next, set up equations and perform the calculations. Marcy gets...
2025-08-05 17:22:54,951 - INFO - 提取答案: 100000
2025-08-05 17:22:54,954 - INFO - 投票统计: {'voting_method': 'majority', 'best_answer': '100000', 'vote_count': 3, 'total_paths': 10, 'valid_paths': 10, 'confidence': 0.3, 'answer_distribution': {'52500': 2, '1025000': 2, '1525000': 1, '100000': 3, '125000': 1, '25000': 1}, 'selected_path_idx': 3}
2025-08-05 17:22:54,956 - INFO - ==================================================
2025-08-05 17:22:54,958 - INFO - 
==================================================
2025-08-05 17:22:54,961 - INFO - 样本 280: Michael is replacing the carpet in his bedroom.  The new carpet he's chosen costs $12 per square foo...
2025-08-05 17:22:54,963 - INFO - 参考答案: The room measures 18 * 12 = <<18*12=216>>216 square feet.
The new carpet costs $12 * 216 = $<<12*216=2592>>2,592.
The new carpet padding costs $2 * 216 = $<<2*216=432>>432.
To remove the old carpet, the contractor will charge $4 * 216 = $<<4*216=864>>864.
To install the new carpet, the contractor will charge $34 * 216 = $<<34*216=7344>>7,344.
The total cost will be $864 + $2,592 + $432 + $7,344 = $11,232.
#### 11232
2025-08-05 17:22:54,965 - INFO - 提取参考答案: 11232
2025-08-05 17:22:54,968 - INFO - 生成答案: 

Step 1:First, read the problem and identify what we need to find. We need to find the total cost of replacing the carpet.

Step 2:Next, set up equations and perform the calculations. The area of the...
2025-08-05 17:22:54,970 - INFO - 提取答案: 10512
2025-08-05 17:22:54,972 - INFO - 投票统计: {'voting_method': 'majority', 'best_answer': '10512', 'vote_count': 3, 'total_paths': 10, 'valid_paths': 10, 'confidence': 0.3, 'answer_distribution': {'10040': 1, '11232': 1, '10922': 1, '10512': 3, '9632': 1, '10760': 1, '11192': 1, '10052': 1}, 'selected_path_idx': 3}
2025-08-05 17:22:54,975 - INFO - ==================================================
2025-08-05 17:22:54,977 - INFO - 
==================================================
2025-08-05 17:22:54,979 - INFO - 样本 293: Elly is organizing her books on the new bookcases her parents bought her. Each of the middle 2 shelv...
2025-08-05 17:22:54,982 - INFO - 参考答案: The bottom shelf can hold 2 * 10 = <<2*10=20>>20 books.
The 2 middle shelves can hold a total of 2 * 10 = <<2*10=20>>20 books.
The top shelf can hold 20 – 5 = <<20-5=15>>15 books.
Each bookcase can hold a total of 20 books + 20 books + 15 books = <<20+20+15=55>>55 books.
To hold all of her books, she needs 110 / 55 = <<110/55=2>>2 bookcases.
#### 2
2025-08-05 17:22:54,984 - INFO - 提取参考答案: 2
2025-08-05 17:22:54,986 - INFO - 生成答案: 

Step 1:First, read the problem and identify what we need to find. We need to find the number of bookcases Elly needs to hold all of her books.

Step 2:Next, set up equations and perform the calculat...
2025-08-05 17:22:54,989 - INFO - 提取答案: 3
2025-08-05 17:22:54,991 - INFO - 投票统计: {'voting_method': 'majority', 'best_answer': '3', 'vote_count': 8, 'total_paths': 10, 'valid_paths': 10, 'confidence': 0.8, 'answer_distribution': {'3': 8, '41': 1, '5': 1}, 'selected_path_idx': 0}
2025-08-05 17:22:54,994 - INFO - ==================================================
2025-08-05 17:22:54,996 - INFO - 
==================================================
2025-08-05 17:22:54,998 - INFO - 样本 296: Andy's car fuel efficiency is 10 MPG (miles per gallon). If the current price for regular gas is $3/...
2025-08-05 17:22:55,000 - INFO - 参考答案: Between Monday to Friday there are 5 days
If the one-way distance between his home and office is 5 miles the total round trip distance Andy drives daily is 5*2 = <<5*2=10>>10 miles
That means he drives a total of 10 miles * 5 days = <<10*5=50>>50 miles per week
If his car's fuel efficiency is 10 MPG, then his car is consuming a total of 50 miles / 10 MPG = <<50/10=5>>5 gallons of gas each week
Given that each gallon of gas costs $3, then his car is consuming 5 * $3 = $<<5*3=15>>15 worth of gas each week
#### 15
2025-08-05 17:22:55,003 - INFO - 提取参考答案: 15
2025-08-05 17:22:55,005 - INFO - 生成答案: 

Step 1:First, read the problem and identify what we need to find. We need to find out how much money Andy's car is consuming per week.

Step 2:Next, set up equations and perform the calculations. Th...
2025-08-05 17:22:55,008 - INFO - 提取答案: 7.50
2025-08-05 17:22:55,010 - INFO - 投票统计: {'voting_method': 'majority', 'best_answer': '7.50', 'vote_count': 5, 'total_paths': 10, 'valid_paths': 10, 'confidence': 0.5, 'answer_distribution': {'15': 2, '7.5': 3, '7.50': 5}, 'selected_path_idx': 3}
2025-08-05 17:22:55,012 - INFO - ==================================================
2025-08-05 17:22:55,014 - INFO - 
==================================================
2025-08-05 17:22:55,017 - INFO - 样本 301: Nate's dog can dig six holes a day. He digs for 14 days while Nate is on vacation. When Nate gets ho...
2025-08-05 17:22:55,019 - INFO - 参考答案: First find the number of holes the dog digs while Nate is on vacation: 14 days * 6 holes/day = <<14*6=84>>84 holes
Then find the net number of holes Nate fill in each day: 9 holes/day - 6 holes/day = <<9-6=3>>3 holes/day
Then divide the total number of holes by the daily decrease in the number of holes to find the number of days Nate spends filling in holes: 84 holes / 3 holes/day = <<84/3=28>>28 days
Then divide the number of days by the number of days per week to convert the answer to weeks: 28 days / 7 days/week = <<28/7=4>>4 weeks
#### 4
2025-08-05 17:22:55,022 - INFO - 提取参考答案: 4
2025-08-05 17:22:55,024 - INFO - 生成答案: 

Step 1:First, read the problem and identify what we need to find. We need to find the number of weeks it takes Nate to fill in all the holes.

Step 2:Next, set up equations and perform the calculati...
2025-08-05 17:22:55,026 - INFO - 提取答案: 2
2025-08-05 17:22:55,029 - INFO - 投票统计: {'voting_method': 'majority', 'best_answer': '2', 'vote_count': 4, 'total_paths': 10, 'valid_paths': 10, 'confidence': 0.4, 'answer_distribution': {'4': 3, '2': 4, '6': 2, '0': 1}, 'selected_path_idx': 1}
2025-08-05 17:22:55,031 - INFO - ==================================================
2025-08-05 17:22:55,034 - INFO - 
==================================================
2025-08-05 17:22:55,036 - INFO - 样本 302: Rob, Royce, and Pedro are contractors getting ready to put a new roof on three homes. If the three h...
2025-08-05 17:22:55,038 - INFO - 参考答案: Let x be the number of cases of shingles for the second house
The first house needs 1/2 x cases of shingles
The third house needs 2(1/2)x=x cases of shingles
250=x+x+(1/2)x
250=(5/2)x
250(2/5)=100=x
The third house needs 100 cases of shingles
#### 100
2025-08-05 17:22:55,041 - INFO - 提取参考答案: 100
2025-08-05 17:22:55,044 - INFO - 生成答案: 

Step 1:First, read the problem and identify what we need to find. We need to find the number of cases of shingles the third house will need.

Step 2:Next, set up equations and perform the calculatio...
2025-08-05 17:22:55,046 - INFO - 提取答案: 142
2025-08-05 17:22:55,049 - INFO - 投票统计: {'voting_method': 'majority', 'best_answer': '142', 'vote_count': 4, 'total_paths': 10, 'valid_paths': 10, 'confidence': 0.4, 'answer_distribution': {'100': 1, '142': 4, '166': 2, '200': 2, '143': 1}, 'selected_path_idx': 1}
2025-08-05 17:22:55,051 - INFO - ==================================================
2025-08-05 17:22:55,054 - INFO - 
==================================================
2025-08-05 17:22:55,056 - INFO - 样本 304: Tara bought 8 packs of 5 canvas bags for $4 each. She painted them and sold them at a craft fair for...
2025-08-05 17:22:55,058 - INFO - 参考答案: The total number of bags is 8*5 = <<8*5=40>>40
The cost of the 40 bags is 40*4 = <<40*4=160>>160
Tara sold the 40 bags at 8 each earning her 40*8 = <<40*8=320>>320
Her profit was 320-160 = <<320-160=160>>160
#### 160
2025-08-05 17:22:55,061 - INFO - 提取参考答案: 160
2025-08-05 17:22:55,063 - INFO - 生成答案: 

Step 1:First, read the problem and identify what we need to find. We need to find the profit that Tara earned on her bags.

Step 2:Next, set up equations and perform the calculations. The total cost...
2025-08-05 17:22:55,066 - INFO - 提取答案: 32
2025-08-05 17:22:55,068 - INFO - 投票统计: {'voting_method': 'majority', 'best_answer': '32', 'vote_count': 9, 'total_paths': 10, 'valid_paths': 10, 'confidence': 0.9, 'answer_distribution': {'8': 1, '32': 9}, 'selected_path_idx': 1}
2025-08-05 17:22:55,071 - INFO - ==================================================
2025-08-05 17:22:55,073 - INFO - 
==================================================
2025-08-05 17:22:55,076 - INFO - 样本 310: Sara wants to buy herself a new jacket and 2 pairs of shoes. The jacket she wants costs $30 and each...
2025-08-05 17:22:55,078 - INFO - 参考答案: Both pairs of shoes will cost a total of 2 * $20 = $<<2*20=40>>40.
Sara will need to save a total of $30 + $40 = $<<30+40=70>>70 to buy everything that she wants.
Sara has earned 4 * $5 = $<<4*5=20>>20 from babysitting.
Between her savings and the babysitting, Sara has already saved $10 + $20 = $<<10+20=30>>30.
Sara needs to earn an additional $70 - $30 = $<<70-30=40>>40 from mowing the lawn to afford her clothes.
Sara must mow the lawn $40 / $4 = <<40/4=10>>10 times to afford to buy the jacket and shoes.
#### 10
2025-08-05 17:22:55,081 - INFO - 提取参考答案: 10
2025-08-05 17:22:55,083 - INFO - 生成答案: 

Step 1:First, read the problem and identify what we need to find. We need to find the number of times Sara must mow the lawn before she can afford the jacket and shoes.

Step 2:Next, set up equation...
2025-08-05 17:22:55,086 - INFO - 提取答案: 3
2025-08-05 17:22:55,088 - INFO - 投票统计: {'voting_method': 'majority', 'best_answer': '3', 'vote_count': 3, 'total_paths': 10, 'valid_paths': 10, 'confidence': 0.3, 'answer_distribution': {'3': 3, '10': 3, '2': 1, '7': 1, '15': 2}, 'selected_path_idx': 0}
2025-08-05 17:22:55,091 - INFO - ==================================================
2025-08-05 17:22:55,093 - INFO - 
==================================================
2025-08-05 17:22:55,095 - INFO - 样本 314: Ben bought a car for $20000 in 2007. The price of the car depreciates at a constant rate of 21% per ...
2025-08-05 17:22:55,098 - INFO - 参考答案: The price of the car depreciates of 20000 * 21% = $<<20000*21*.01=4200>>4200 per year.
Ben had the car for 2010 - 2007 = <<2010-2007=3>>3 years.
The price of the car depreciates 4200 * 3 = $<<4200*3=12600>>12600 from 2007 to 2010.
So the price of the car in the year 2010 is $20000 - $12600 = $<<20000-12600=7400>>7400.
#### 7400
2025-08-05 17:22:55,100 - INFO - 提取参考答案: 7400
2025-08-05 17:22:55,103 - INFO - 生成答案: 

Step 1:First, read the problem and identify what we need to find. We need to find the price of the car in the year 2010.

Step 2:Next, set up equations and perform the calculations. The price of the...
2025-08-05 17:22:55,105 - INFO - 提取答案: 9840
2025-08-05 17:22:55,107 - INFO - 投票统计: {'voting_method': 'majority', 'best_answer': '9840', 'vote_count': 1, 'total_paths': 10, 'valid_paths': 10, 'confidence': 0.1, 'answer_distribution': {'9840': 1, '9804.04': 1, '10000': 1, '9856.2': 1, '10240': 1, '9929': 1, '9816.2': 1, '9816.4': 1, '9790': 1, '9812.4': 1}, 'selected_path_idx': 0}
2025-08-05 17:22:55,110 - INFO - ==================================================
2025-08-05 17:22:55,112 - INFO - 
==================================================
2025-08-05 17:22:55,114 - INFO - 样本 317: At the trip to the county-level scavenger hunt competition, 90 people were required to split into gr...
2025-08-05 17:22:55,116 - INFO - 参考答案: Since the total number of people at the competition was 90, they formed 90/9=<<90/9=10>>10 groups after splitting into 9-person groups.
If 3/5 of the number of groups each had members bringing back 2 seashells each, then 3/5*10=<<3/5*10=6>>6 groups had members bringing back 2 seashells.
Since each group had 9 people, the number of people in the 6 groups, who found 2 seashells each, was 6*9= <<6*9=54>>54.
The total number of seashells the 54 people brought is 54*2=<<54*2=108>>108 seashells.
#### 108
2025-08-05 17:22:55,119 - INFO - 提取参考答案: 108
2025-08-05 17:22:55,121 - INFO - 生成答案: 

Step 1:First, read the problem and identify what we need to find. We need to find the number of seashells that the groups brought back.

Step 2:Next, set up equations and perform the calculations. T...
2025-08-05 17:22:55,124 - INFO - 提取答案: 12
2025-08-05 17:22:55,126 - INFO - 投票统计: {'voting_method': 'majority', 'best_answer': '12', 'vote_count': 8, 'total_paths': 10, 'valid_paths': 10, 'confidence': 0.8, 'answer_distribution': {'972': 1, '12': 8, '108': 1}, 'selected_path_idx': 1}
2025-08-05 17:22:55,128 - INFO - ==================================================
2025-08-05 17:22:55,131 - INFO - 
==================================================
2025-08-05 17:22:55,133 - INFO - 样本 320: Ava and Emma want to know who is better at the new video game Ava got for her birthday. They are eac...
2025-08-05 17:22:55,135 - INFO - 参考答案: For jumping on enemies, Emma earns 8 * 10 = <<8*10=80>>80 fewer points than Ava.
For collecting berries, Emma earns 3 * 5 = <<3*5=15>>15 fewer points than Ava.
For finishing the level faster, Emma earns 4 * 30 = <<4*30=120>>120 more points than Ava.
Overall, Emma has 120 – 80 - 15 = <<120-80-15=25>>25 more points than Ava.
#### 25
2025-08-05 17:22:55,138 - INFO - 提取参考答案: 25
2025-08-05 17:22:55,140 - INFO - 生成答案: 

Step 1:First, read the problem and identify what we need to find. We need to find the difference between Ava's and Emma's scores.

Step 2:Next, set up equations and perform the calculations. Let's a...
2025-08-05 17:22:55,142 - INFO - 提取答案: 215
2025-08-05 17:22:55,145 - INFO - 投票统计: {'voting_method': 'majority', 'best_answer': '215', 'vote_count': 2, 'total_paths': 10, 'valid_paths': 10, 'confidence': 0.2, 'answer_distribution': {'-25': 1, '10': 1, '215': 2, '36': 1, '25': 2, '-75': 1, '48': 1, '-10': 1}, 'selected_path_idx': 2}
2025-08-05 17:22:55,147 - INFO - ==================================================
2025-08-05 17:22:55,149 - INFO - 
==================================================
2025-08-05 17:22:55,151 - INFO - 样本 327: Sasha and Julie are best friends playing on opposing basketball teams. The teams have two practice g...
2025-08-05 17:22:55,154 - INFO - 参考答案: In the first game, Sasha scored 14 points, and Julie scored four fewer points: 14-4 = <<14-4=10>>10 points.
In the second game, Sasha scored 6 points fewer than Julie's score in the first game, meaning she scored 10-6=<<10-6=4>>4 points.
Sasha scored 10+4=<<10+4=14>>14 points in the two games.
#### 14
2025-08-05 17:22:55,156 - INFO - 提取参考答案: 14
2025-08-05 17:22:55,158 - INFO - 生成答案: 

Step 1:First, read the problem and identify what we need to find. We need to find the total number of points Sasha scored during both games.

Step 2:Next, set up equations and perform the calculatio...
2025-08-05 17:22:55,161 - INFO - 提取答案: 18
2025-08-05 17:22:55,163 - INFO - 投票统计: {'voting_method': 'majority', 'best_answer': '18', 'vote_count': 10, 'total_paths': 10, 'valid_paths': 10, 'confidence': 1.0, 'answer_distribution': {'18': 10}, 'selected_path_idx': 0}
2025-08-05 17:22:55,165 - INFO - ==================================================
2025-08-05 17:22:55,168 - INFO - 
==================================================
2025-08-05 17:22:55,170 - INFO - 样本 329: Mrs. Tatiana owns a grocery store that sells different fruits and vegetables, which includes carrots...
2025-08-05 17:22:55,172 - INFO - 参考答案: In the first year, the price of carrots increases by 5/100*120 = $<<5/100*120=6>>6
After 3 years, the price of carrots will increase by $6*3 = $<<6*3=18>>18
The total price of carrots after three years will be 120+18 = $<<120+18=138>>138
#### 138
2025-08-05 17:22:55,175 - INFO - 提取参考答案: 138
2025-08-05 17:22:55,177 - INFO - 生成答案: 

Step 1:First, read the problem and identify what we need to find. We need to find the price of carrots after three years.

Step 2:Next, set up equations and perform the calculations. The price of ca...
2025-08-05 17:22:55,179 - INFO - 提取答案: 139
2025-08-05 17:22:55,182 - INFO - 投票统计: {'voting_method': 'majority', 'best_answer': '139', 'vote_count': 10, 'total_paths': 10, 'valid_paths': 10, 'confidence': 1.0, 'answer_distribution': {'139': 10}, 'selected_path_idx': 0}
2025-08-05 17:22:55,184 - INFO - ==================================================
2025-08-05 17:22:55,186 - INFO - 
==================================================
2025-08-05 17:22:55,188 - INFO - 样本 335: The Llesis family drove and hiked 6 hours to their vacation spot. They drove an average of 50 miles ...
2025-08-05 17:22:55,191 - INFO - 参考答案: Half the average speed of Llesis family driving is 50/2 = <<50/2=25>>25 miles per hour.
Hence, their average speed hiking was 25 - 5 = <<25-5=20>>20 miles per hour.
So, they hiked 20 x 1.5 = <<20*1.5=30>>30 miles.
It took them a total of 6 - 1.5 = <<6-1.5=4.5>>4.5 hours driving.
So, they drove 50 x 4.5 = <<50*4.5=225>>225 miles.
Therefore, their vacation spot was 30 + 225 = <<30+225=255>>255 miles far.
#### 255
2025-08-05 17:22:55,193 - INFO - 提取参考答案: 255
2025-08-05 17:22:55,195 - INFO - 生成答案: 

Step 1:First, read the problem and identify what we need to find. We need to find the distance to the vacation spot.

Step 2:Next, set up equations and perform the calculations. Let x be the speed o...
2025-08-05 17:22:55,198 - INFO - 提取答案: 75
2025-08-05 17:22:55,201 - INFO - 投票统计: {'voting_method': 'majority', 'best_answer': '75', 'vote_count': 4, 'total_paths': 10, 'valid_paths': 10, 'confidence': 0.4, 'answer_distribution': {'30': 1, '75': 4, '292.5': 1, '270': 1, '168.75': 1, '15': 1, '305': 1}, 'selected_path_idx': 1}
2025-08-05 17:22:55,203 - INFO - ==================================================
2025-08-05 17:22:55,206 - INFO - 
==================================================
2025-08-05 17:22:55,208 - INFO - 样本 338: Cedar Falls Middle School has students in grades 4 – 7 and each year they are challenged to earn as ...
2025-08-05 17:22:55,211 - INFO - 参考答案: There are 4 grades in the middle school x 10 students = <<4*10=40>>40 students who get to try the escape room.
There will be 40 students / 8 students in a group = <<40/8=5>>5 groups who get to try the escape room.
It will take 5 groups x 45 minutes = <<5*45=225>>225 minutes.
#### 225
2025-08-05 17:22:55,213 - INFO - 提取参考答案: 225
2025-08-05 17:22:55,216 - INFO - 生成答案: 

Step 1:First, read the problem and identify what we need to find. We need to find the total time it will take for all 10 students from each grade to try the escape room.

Step 2:Next, set up equatio...
2025-08-05 17:22:55,218 - INFO - 提取答案: 180
2025-08-05 17:22:55,221 - INFO - 投票统计: {'voting_method': 'majority', 'best_answer': '180', 'vote_count': 4, 'total_paths': 10, 'valid_paths': 10, 'confidence': 0.4, 'answer_distribution': {'1080': 1, '90': 1, '225': 3, '180': 4, '3600': 1}, 'selected_path_idx': 5}
2025-08-05 17:22:55,223 - INFO - ==================================================
2025-08-05 17:22:55,225 - INFO - 
==================================================
2025-08-05 17:22:55,228 - INFO - 样本 339: A dance studio offers lessons to students. It costs $25 per session to rent the studio plus $1.50 pe...
2025-08-05 17:22:55,230 - INFO - 参考答案: The total earnings from 10 students is $1.50 x 10 = $<<1.50*10=15>>15 per session.
So the total earnings per session is $15 + $25 = $<<15+25=40>>40.
Thus, every week the dance studio earns $40 x 3 = $<<40*3=120>>120.
Therefore, it will earn $120 x 4 = $<<120*4=480>>480 in a month.
#### 480
2025-08-05 17:22:55,233 - INFO - 提取参考答案: 480
2025-08-05 17:22:55,235 - INFO - 生成答案: 

Step 1:First, read the problem and identify what we need to find. We need to find the expected earnings of the dance studio in a month.

Step 2:Next, set up equations and perform the calculations. T...
2025-08-05 17:22:55,238 - INFO - 提取答案: 180
2025-08-05 17:22:55,240 - INFO - 投票统计: {'voting_method': 'majority', 'best_answer': '180', 'vote_count': 2, 'total_paths': 10, 'valid_paths': 10, 'confidence': 0.2, 'answer_distribution': {'180': 2, '480': 2, '540': 1, '60': 1, '660': 1, '1260': 1, '600': 1, '3180': 1}, 'selected_path_idx': 0}
2025-08-05 17:22:55,243 - INFO - ==================================================
2025-08-05 17:22:55,245 - INFO - 
==================================================
2025-08-05 17:22:55,248 - INFO - 样本 340: Bahati, Azibo, and Dinar each contributed to their team's 45 points. Bahati scored the most points a...
2025-08-05 17:22:55,250 - INFO - 参考答案: Let B = the number of points Bahati scored
Azibo = B - 20
Dinar = B - 10
B + B -20 + B - 10 = 45
3B - 30 = 45;
3B = 75
B = <<25=25>>25
Azibo = 25 - 20 = <<25-20=5>>5 points
Azibo scored 5 points.
#### 5
2025-08-05 17:22:55,253 - INFO - 提取参考答案: 5
2025-08-05 17:22:55,255 - INFO - 生成答案: 

Step 1:First, read the problem and identify what we need to find. We need to find the number of points that Azibo scored.

Step 2:Next, set up equations and perform the calculations. Let's represent...
2025-08-05 17:22:55,258 - INFO - 提取答案: 11
2025-08-05 17:22:55,260 - INFO - 投票统计: {'voting_method': 'majority', 'best_answer': '11', 'vote_count': 7, 'total_paths': 10, 'valid_paths': 10, 'confidence': 0.7, 'answer_distribution': {'11': 7, '12': 1, '5': 1, '12.5': 1}, 'selected_path_idx': 0}
2025-08-05 17:22:55,263 - INFO - ==================================================
2025-08-05 17:22:55,265 - INFO - 
==================================================
2025-08-05 17:22:55,267 - INFO - 样本 345: 9 out of 10 cheerleaders are 64" tall.  The 10th cheerleader is 60" tall.  If they build a human pyr...
2025-08-05 17:22:55,270 - INFO - 参考答案: All but one cheerleader is 64" tall and these cheerleaders make up the bottom 3 layers of the pyramid. So, when standing on top of each other, they are 64*3 = <<64*3=192>>192" tall
The shortest cheerleader is at the top of the pyramid and is 60" tall so the pyramid is 192+60 = <<252=252>>252" tall
12" are in 1 foot and the pyramid is 252" tall so it's 252/12 = <<252/12=21>>21 feet tall
#### 21
2025-08-05 17:22:55,272 - INFO - 提取参考答案: 21
2025-08-05 17:22:55,275 - INFO - 生成答案: 

Step 1:First, read the problem and identify what we need to find. We need to find the height of the human pyramid in feet.

Step 2:Next, set up equations and perform the calculations. The total heig...
2025-08-05 17:22:55,278 - INFO - 提取答案: 53
2025-08-05 17:22:55,280 - INFO - 投票统计: {'voting_method': 'majority', 'best_answer': '53', 'vote_count': 4, 'total_paths': 10, 'valid_paths': 10, 'confidence': 0.4, 'answer_distribution': {'53': 4, '24.33': 1, '15.33': 1, '98': 1, '33.5': 1, '48': 1, '6.8': 1}, 'selected_path_idx': 0}
2025-08-05 17:22:55,282 - INFO - ==================================================
2025-08-05 17:22:55,285 - INFO - 
==================================================
2025-08-05 17:22:55,287 - INFO - 样本 346: Last night Rick killed ten wolves and 15 cougars while hunting. Today Rick killed three times as man...
2025-08-05 17:22:55,290 - INFO - 参考答案: The total number of animals that Rick killed while hunting yesterday is 15+10 = <<15+10=25>>25
Today, Rick killed three fewer cougars than the previous night, a total of 15-3 = <<15-3=12>>12 cougars.
He also killed three times as many wolves as cougars today, a total of 3*12 = <<3*12=36>>36 wolves.
Together, his hunt today yielded 36+12 = <<36+12=48>>48 animals.
In total, he has 48+25 = <<48+25=73>>73 animals from the hunt.
#### 73
2025-08-05 17:22:55,292 - INFO - 提取参考答案: 73
2025-08-05 17:22:55,295 - INFO - 生成答案: 

Step 1:First, read the problem and identify what we need to find. We need to find the total number of animals Rick killed.

Step 2:Next, set up equations and perform the calculations. Let x be the n...
2025-08-05 17:22:55,297 - INFO - 提取答案: 45
2025-08-05 17:22:55,299 - INFO - 投票统计: {'voting_method': 'majority', 'best_answer': '45', 'vote_count': 2, 'total_paths': 10, 'valid_paths': 10, 'confidence': 0.2, 'answer_distribution': {'103': 1, '12x+10': 1, '34': 1, '67': 1, '73': 1, '45': 2, '61': 1, '82': 2}, 'selected_path_idx': 5}
2025-08-05 17:22:55,302 - INFO - ==================================================
2025-08-05 17:22:55,304 - INFO - 
==================================================
2025-08-05 17:22:55,307 - INFO - 样本 358: Blake and Kelly are having a contest to see who can run the most in 15 minutes. They decide to do it...
2025-08-05 17:22:55,309 - INFO - 参考答案: Blake runs 200 yards for each back and forth because 100 x 2 = 200
He runs 3000 yards in total because 200 x 15 = <<200*15=3000>>3000
Kelly runs 200 yards at first because 100 x 2 = <<100*2=200>>200
She runs 80 yards each time she does a back and forth to the 40-yard line because 40 x 2 = <<40*2=80>>80
She runs 2720 from these back and forth because 34 x 80 = <<34*80=2720>>2720
She runs 2920 in total because 2720 + 200 = <<2720+200=2920>>2920
Blake won because 3000 > 2920
The winner ran 80 yards more than the loser because 3000 - 2920 = <<3000-2920=80>>80
#### 80
2025-08-05 17:22:55,312 - INFO - 提取参考答案: 80
2025-08-05 17:22:55,314 - INFO - 生成答案: 

Step 1:First, read the problem and identify what we need to find. We need to find out how much farther the winner ran than the loser.

Step 2:Next, set up equations and perform the calculations. Bla...
2025-08-05 17:22:55,316 - INFO - 提取答案: 2692
2025-08-05 17:22:55,319 - INFO - 投票统计: {'voting_method': 'majority', 'best_answer': '2692', 'vote_count': 2, 'total_paths': 10, 'valid_paths': 10, 'confidence': 0.2, 'answer_distribution': {'2690': 1, '2692': 2, '40': 1, '1220': 2, '1320': 1, '280': 2, '48': 1}, 'selected_path_idx': 1}
2025-08-05 17:22:55,321 - INFO - ==================================================
2025-08-05 17:22:55,324 - INFO - 
==================================================
2025-08-05 17:22:55,326 - INFO - 样本 360: Thomas withdraws $1000 in 20 dollar bills from the bank account.  He loses 10 bills while getting ho...
2025-08-05 17:22:55,328 - INFO - 参考答案: He withdrew 1000/20=<<1000/20=50>>50 bills
So he has 50-10=<<50-10=40>>40 bills left over
He uses half the bills to pay for something, so he has 40/2=<<40/2=20>>20 bills
He triples his money which gives him 20*3=<<20*3=60>>60 bills
So he has 60*20=$<<60*20=1200>>1200
Converting to 5s means he has 1200/5=<<1200/5=240>>240 bills
#### 240
2025-08-05 17:22:55,331 - INFO - 提取参考答案: 240
2025-08-05 17:22:55,333 - INFO - 生成答案: 

Step 1:First, read the problem and identify what we need to find. We need to find the number of 5-dollar bills Thomas has.

Step 2:Next, set up equations and perform the calculations. Thomas withdra...
2025-08-05 17:22:55,335 - INFO - 提取答案: 12
2025-08-05 17:22:55,338 - INFO - 投票统计: {'voting_method': 'majority', 'best_answer': '12', 'vote_count': 10, 'total_paths': 10, 'valid_paths': 10, 'confidence': 1.0, 'answer_distribution': {'12': 10}, 'selected_path_idx': 0}
2025-08-05 17:22:55,340 - INFO - ==================================================
2025-08-05 17:22:55,343 - INFO - 
==================================================
2025-08-05 17:22:55,345 - INFO - 样本 370: Solo has to read 4 pages from his Science textbook, 20 pages from his Social Studies textbook, 7 pag...
2025-08-05 17:22:55,347 - INFO - 参考答案: Solo has to read a total of 4 + 20 + 7 + 8 = <<4+20+7+8=39>>39 pages.
After Monday, he had a remainder of 39 - 15 = <<39-15=24>>24 pages to read.
To complete his reading, he must read 24/4 = <<24/4=6>>6 pages a day.
#### 6
2025-08-05 17:22:55,350 - INFO - 提取参考答案: 6
2025-08-05 17:22:55,352 - INFO - 生成答案: 

Step 1:First, read the problem and identify what we need to find. We need to find the average number of pages Solo needs to read per day to complete all his reading in the next 4 days.

Step 2:Next,...
2025-08-05 17:22:55,355 - INFO - 提取答案: 9.75
2025-08-05 17:22:55,357 - INFO - 投票统计: {'voting_method': 'majority', 'best_answer': '9.75', 'vote_count': 8, 'total_paths': 10, 'valid_paths': 10, 'confidence': 0.8, 'answer_distribution': {'9.75': 8, '6': 2}, 'selected_path_idx': 0}
2025-08-05 17:22:55,359 - INFO - ==================================================
2025-08-05 17:22:55,362 - INFO - 
==================================================
2025-08-05 17:22:55,364 - INFO - 样本 371: A store offers sandwiches in 3 different package sizes: the first package with 2 sandwiches for $3, ...
2025-08-05 17:22:55,366 - INFO - 参考答案: So the price for 1 sandwich is $3 / 2 sandwiches = $<<3/2=1.5>>1.5/sandwich
Now the price for the package with 8 sandwiches would be $1.5/sandwich * 8 sandwiches = $<<1.5*8=12>>12
#### 12
2025-08-05 17:22:55,368 - INFO - 提取参考答案: 12
2025-08-05 17:22:55,371 - INFO - 生成答案: 

Step 1:First, read the problem and identify what we need to find. We need to find the cost of the package with 8 sandwiches.

Step 2:Next, set up equations and perform the calculations. Let's assume...
2025-08-05 17:22:55,373 - INFO - 提取答案: 9
2025-08-05 17:22:55,375 - INFO - 投票统计: {'voting_method': 'majority', 'best_answer': '9', 'vote_count': 3, 'total_paths': 10, 'valid_paths': 10, 'confidence': 0.3, 'answer_distribution': {'48': 1, '9': 3, '4': 3, '12': 2, '6': 1}, 'selected_path_idx': 1}
2025-08-05 17:22:55,378 - INFO - ==================================================
2025-08-05 17:22:55,380 - INFO - 
==================================================
2025-08-05 17:22:55,383 - INFO - 样本 382: Debra is monitoring a beehive to see how many bees come and go in a day. She sees 30 bees leave the ...
2025-08-05 17:22:55,385 - INFO - 参考答案: Debra first sees 30 bees leave the hive, then sees 1/2 that many return, 30 x 1/2 = <<30*1/2=15>>15 bees that return and 15 bees that are still away from the hive.
Debra sees twice as many bees as first left the hive--which was 30--fly from the hive in the next 6 hours, 30 x 2 = <<30*2=60>>60 bees that leave the hive.
In total, 30 + 60 = <<30+60=90>>90 bees left the hive.
There were 90 bees total that left the hive - 15 bees that already returned = <<90-15=75>>75 bees that return to the hive in the last 6 hours of the day.
#### 75
2025-08-05 17:22:55,388 - INFO - 提取参考答案: 75
2025-08-05 17:22:55,390 - INFO - 生成答案: 

Step 1:First, read the problem and identify what we need to find. We need to find the number of bees that Debra saw return to the hive in the last 6 hours of the day.

Step 2:Next, set up equations ...
2025-08-05 17:22:55,393 - INFO - 提取答案: 30
2025-08-05 17:22:55,396 - INFO - 投票统计: {'voting_method': 'majority', 'best_answer': '30', 'vote_count': 4, 'total_paths': 10, 'valid_paths': 10, 'confidence': 0.4, 'answer_distribution': {'15': 2, '30': 4, '45': 4}, 'selected_path_idx': 1}
2025-08-05 17:22:55,398 - INFO - ==================================================
2025-08-05 17:22:55,401 - INFO - 
==================================================
2025-08-05 17:22:55,403 - INFO - 样本 384: Two trains leave San Rafael at the same time. They begin traveling westward, both traveling for 80 m...
2025-08-05 17:22:55,406 - INFO - 参考答案: On the first day, the trains covered 2 trains * 80 miles/train = <<2*80=160>>160 miles together.
They also covered 150 miles/train * 2 trains = <<150*2=300>>300 miles together on the second day.
The combined distance the two trains covered in the two days is 300 miles + 160 miles = <<300+160=460>>460 miles
The average distance for the two days is 460 miles / 2 trains = <<460/2=230>>230 miles/train
#### 230
2025-08-05 17:22:55,409 - INFO - 提取参考答案: 230
2025-08-05 17:22:55,411 - INFO - 生成答案: 

Step 1:First, read the problem and identify what we need to find. We need to find the distance covered by each train in the two days.

Step 2:Next, set up equations and perform the calculations. Let...
2025-08-05 17:22:55,414 - INFO - 提取答案: 80
2025-08-05 17:22:55,416 - INFO - 投票统计: {'voting_method': 'majority', 'best_answer': '80', 'vote_count': 4, 'total_paths': 10, 'valid_paths': 10, 'confidence': 0.4, 'answer_distribution': {'75': 2, '230': 2, '160': 1, '80': 4, '[60,90]': 1}, 'selected_path_idx': 5}
2025-08-05 17:22:55,418 - INFO - ==================================================
2025-08-05 17:22:55,421 - INFO - 
==================================================
2025-08-05 17:22:55,423 - INFO - 样本 386: The ice cream parlor was offering a deal, buy 2 scoops of ice cream, get 1 scoop free.  Each scoop c...
2025-08-05 17:22:55,425 - INFO - 参考答案: Each scoop cost $1.50. If she buys 2, she gets one free. So it will cost her 2 * 1.50 = $<<2*1.50=3.00>>3.00 for thee scoops total.
If you break it down, 3 scoops of ice cream cost $3.00 so 3/3 = $<<3/3=1.00>>1.00 per scoop
Erin has $6.00 and each scoop ends up costing $1.00 each then 6/1 = <<6/1=6>>6 scoops total
#### 6
2025-08-05 17:22:55,428 - INFO - 提取参考答案: 6
2025-08-05 17:22:55,430 - INFO - 生成答案: 

Step 1:First, read the problem and identify what we need to find. We need to find the number of scoops of ice cream that Erin should buy.

Step 2:Next, set up equations and perform the calculations....
2025-08-05 17:22:55,432 - INFO - 提取答案: 3
2025-08-05 17:22:55,434 - INFO - 投票统计: {'voting_method': 'majority', 'best_answer': '3', 'vote_count': 4, 'total_paths': 10, 'valid_paths': 10, 'confidence': 0.4, 'answer_distribution': {'5': 3, '2': 1, '3': 4, '4': 2}, 'selected_path_idx': 2}
2025-08-05 17:22:55,437 - INFO - ==================================================
2025-08-05 17:22:55,439 - INFO - 
==================================================
2025-08-05 17:22:55,441 - INFO - 样本 391: Jordan wanted to surprise her mom with a homemade birthday cake.  From reading the instructions, she...
2025-08-05 17:22:55,444 - INFO - 参考答案: 1 hour is 60 minutes so we know that 2 hours to cool the cake is the same as 2*60 so <<2*60=120>>120 min
It will take Jordan 20 min to make the batter, 30 to bake, 120 to cool and 10 to frost so the cake will take 20 +30 +120 +10 = <<20+30+120+10=180>>180 minutes total
Jordan needs to convert 180 minutes to hours so 180/60 = <<180/60=3>>3 hours
If the cake needs to be finished by 5:00 pm and it will take 3 hours total to make then 5-3 = <<5-3=2>>2:00 pm is the latest she can start making the cake
#### 2
2025-08-05 17:22:55,446 - INFO - 提取参考答案: 2
2025-08-05 17:22:55,449 - INFO - 生成答案: 

Step 1:First, read the problem and identify what we need to find. We need to find the latest time of day that Jordan can start making the cake.

Step 2:Next, set up equations and perform the calcula...
2025-08-05 17:22:55,451 - INFO - 提取答案: 2:00p
2025-08-05 17:22:55,453 - INFO - 投票统计: {'voting_method': 'majority', 'best_answer': '2:00p', 'vote_count': 8, 'total_paths': 10, 'valid_paths': 10, 'confidence': 0.8, 'answer_distribution': {'2:00p': 8, '2:00': 2}, 'selected_path_idx': 0}
2025-08-05 17:22:55,456 - INFO - ==================================================
2025-08-05 17:22:55,458 - INFO - 
==================================================
2025-08-05 17:22:55,460 - INFO - 样本 396: Sadie slept 8 hours on Monday. For the next two days, she slept 2 hours less, each, because she had ...
2025-08-05 17:22:55,463 - INFO - 参考答案: If on Monday she slept 8 hours, then she slept 8-2 = <<8-2=6>>6 hours on each of the next two days.
The total number of hours slept for the two days will be 6*2 = <<6*2=12>>12 hours.
If she slept 1 hour more for the rest of the week each day, then each day she slept 6+1 = <<6+1=7>>7 hours.
The total for the rest of the week will be 4*7 = <<4*7=28>>28 hours.
The total number of hours slept for the whole week will be 8+12+28 = <<8+12+28=48>>48 hours.
#### 48
2025-08-05 17:22:55,465 - INFO - 提取参考答案: 48
2025-08-05 17:22:55,467 - INFO - 生成答案: 

Step 1:First, read the problem and identify what we need to find. We need to find the total number of hours Sadie slept throughout the week.

Step 2:Next, set up equations and perform the calculatio...
2025-08-05 17:22:55,470 - INFO - 提取答案: 55
2025-08-05 17:22:55,472 - INFO - 投票统计: {'voting_method': 'majority', 'best_answer': '55', 'vote_count': 4, 'total_paths': 10, 'valid_paths': 10, 'confidence': 0.4, 'answer_distribution': {'40': 2, '42': 1, '41': 1, '55': 4, '46': 1, '27': 1}, 'selected_path_idx': 3}
2025-08-05 17:22:55,475 - INFO - ==================================================
2025-08-05 17:22:55,477 - INFO - 
==================================================
2025-08-05 17:22:55,479 - INFO - 样本 399: Ronnie was given $5 while Rissa was given thrice as much. After each of them had given an equal amou...
2025-08-05 17:22:55,482 - INFO - 参考答案: Rissa was given $5 x 3 = $<<5*3=15>>15.
After Rissa had given an amount to her sister, she has $15 x 4/5 = $<<15*4/5=12>>12 left.
This means she has given $15 - $12 = $<<15-12=3>>3.
Since Ronnie had given the same amount as Rissa, then Ronnie is left with $5 - $3 = $<<5-3=2>>2.
#### 2
2025-08-05 17:22:55,484 - INFO - 提取参考答案: 2
2025-08-05 17:22:55,486 - INFO - 生成答案: 

Step 1:First, read the problem and identify what we need to find. We need to find out how much money Ronnie has left.

Step 2:Next, set up equations and perform the calculations. Let's assume Ronnie...
2025-08-05 17:22:55,489 - INFO - 提取答案: 0
2025-08-05 17:22:55,491 - INFO - 投票统计: {'voting_method': 'majority', 'best_answer': '0', 'vote_count': 3, 'total_paths': 10, 'valid_paths': 10, 'confidence': 0.3, 'answer_distribution': {'12': 1, '\\frac{4x}{5}': 1, '0': 3, '4': 2, '\\frac{2x}{5}': 1, '5': 2}, 'selected_path_idx': 2}
2025-08-05 17:22:55,494 - INFO - ==================================================
2025-08-05 17:22:55,496 - INFO - 
==================================================
2025-08-05 17:22:55,498 - INFO - 样本 400: Olivia uploaded 72 pictures to Facebook.  She put the same number of the pics into 8 albums.  3 of t...
2025-08-05 17:22:55,501 - INFO - 参考答案: Olivia had 72 pictures / 8 albums = <<72/8=9>>9 picture per album.
Olivia had 3 selfie albums * 9 pictures = <<3*9=27>>27 pictures.
Olivia had 2 portrait albums * 9 pictures = <<2*9=18>>18 pictures.
The total of portraits and selfies for Olivia is 27 + 18 = <<27+18=45>>45 pictures.
#### 45
2025-08-05 17:22:55,503 - INFO - 提取参考答案: 45
2025-08-05 17:22:55,506 - INFO - 生成答案: 

Step 1:First, read the problem and identify what we need to find. We need to find the number of portraits and selfies that Olivia had.

Step 2:Next, set up equations and perform the calculations. Si...
2025-08-05 17:22:55,508 - INFO - 提取答案: 27
2025-08-05 17:22:55,510 - INFO - 投票统计: {'voting_method': 'majority', 'best_answer': '27', 'vote_count': 5, 'total_paths': 10, 'valid_paths': 10, 'confidence': 0.5, 'answer_distribution': {'45': 3, '18': 2, '27': 5}, 'selected_path_idx': 2}
2025-08-05 17:22:55,513 - INFO - ==================================================
2025-08-05 17:22:55,515 - INFO - 
==================================================
2025-08-05 17:22:55,517 - INFO - 样本 401: John drinks a bottle of water every half hour.  A normal sudoku puzzle takes him 45 minutes.  An ext...
2025-08-05 17:22:55,520 - INFO - 参考答案: He drinks a bottle of water every 60/2=<<60/2=30>>30 minutes
It takes him 45*4=<<45*4=180>>180 minutes to solve an extreme sudoku
So he drinks 180/30=<<180/30=6>>6 bottles in that time
#### 6
2025-08-05 17:22:55,522 - INFO - 提取参考答案: 6
2025-08-05 17:22:55,524 - INFO - 生成答案: 

Step 1:First, read the problem and identify what we need to find. We need to find the number of bottles of water that John drinks.

Step 2:Next, set up equations and perform the calculations. John d...
2025-08-05 17:22:55,527 - INFO - 提取答案: 360
2025-08-05 17:22:55,529 - INFO - 投票统计: {'voting_method': 'majority', 'best_answer': '360', 'vote_count': 4, 'total_paths': 10, 'valid_paths': 10, 'confidence': 0.4, 'answer_distribution': {'7.5': 3, '6': 2, '8': 1, '360': 4}, 'selected_path_idx': 5}
2025-08-05 17:22:55,532 - INFO - ==================================================
2025-08-05 17:22:55,534 - INFO - 
==================================================
2025-08-05 17:22:55,536 - INFO - 样本 403: Comet Halley orbits the sun every 75 years. Bill's dad saw the Comet when he was 30 years old. Bill ...
2025-08-05 17:22:55,538 - INFO - 参考答案: Bill saw the Comet for the second time when he was 30 years * 3= <<30*3=90>>90 years old.
Comet Halley can be seen every 75 years, so Bill saw the comet for the first time when he was 90 years - 75 years = <<90-75=15>>15 years old.
#### 15
2025-08-05 17:22:55,541 - INFO - 提取参考答案: 15
2025-08-05 17:22:55,543 - INFO - 生成答案: 

Step 1:First, read the problem and identify what we need to find. We need to find Bill's age when he saw the comet for the first time.

Step 2:Next, set up equations and perform the calculations. Le...
2025-08-05 17:22:55,546 - INFO - 提取答案: 37.5
2025-08-05 17:22:55,548 - INFO - 投票统计: {'voting_method': 'majority', 'best_answer': '37.5', 'vote_count': 2, 'total_paths': 10, 'valid_paths': 10, 'confidence': 0.2, 'answer_distribution': {'30': 1, '37.5': 2, '60': 2, '240': 1, '112.5': 1, '82.5': 1, '45': 1, '15': 1}, 'selected_path_idx': 1}
2025-08-05 17:22:55,550 - INFO - ==================================================
2025-08-05 17:22:55,553 - INFO - 
==================================================
2025-08-05 17:22:55,555 - INFO - 样本 406: Susan orders 3 magazines that send 12 issues a year.  She has 1 magazine that sends 6 issues a year....
2025-08-05 17:22:55,557 - INFO - 参考答案: She has 3 magazines that send 12 issues so that’s 3*12 = <<3*12=36>>36 issues
Her last magazine sends her 4 times the amount of the 6 issue magazine so that’s 4*6 = <<4*6=24>>24 issues
All total she receives 36+24+6 = <<36+24+6=66>>66 magazine issues a year
#### 66
2025-08-05 17:22:55,560 - INFO - 提取参考答案: 66
2025-08-05 17:22:55,562 - INFO - 生成答案: 

Step 1:First, read the problem and identify what we need to find. We need to find the total number of magazines that Susan gets every year.

Step 2:Next, set up equations and perform the calculation...
2025-08-05 17:22:55,565 - INFO - 提取答案: 42
2025-08-05 17:22:55,567 - INFO - 投票统计: {'voting_method': 'majority', 'best_answer': '42', 'vote_count': 3, 'total_paths': 10, 'valid_paths': 10, 'confidence': 0.3, 'answer_distribution': {'66': 2, '42': 3, '5': 3, '3': 2}, 'selected_path_idx': 2}
2025-08-05 17:22:55,569 - INFO - ==================================================
2025-08-05 17:22:55,572 - INFO - 
==================================================
2025-08-05 17:22:55,574 - INFO - 样本 417: An interior design firm offers installation for $129.00.  It includes hanging 4 mirrors, 2 shelves, ...
2025-08-05 17:22:55,576 - INFO - 参考答案: The service includes 4 mirrors and she has 6 so that's 6-4 = <<6-4=2>>2 extra mirrors
An additional item is an extra $15.00 so that's 2*15 = $30.00
The service includes 1 chandelier and she has 2 so that's 2-1 = 1 extra chandelier
An additional item is an extra $15.00 so that's 1*15 = $<<1*15=15.00>>15.00
The service includes 10 pictures and she has 20 to that's 20-10 = <<20-10=10>>10 extra pictures
An additional item is an extra $15.00 so that's 10*15 = $<<10*15=150.00>>150.00
The service costs $129.00 and the extra mirrors are $30.00, the chandelier is $15.00 and the pictures are $150.00 for a total of 129+30+15+150 = $<<129+30+15+150=324.00>>324.00
#### 324
2025-08-05 17:22:55,579 - INFO - 提取参考答案: 324
2025-08-05 17:22:55,581 - INFO - 生成答案: 

Step 1:First, read the problem and identify what we need to find. We need to find the total cost of installation for Angela's items.

Step 2:Next, set up equations and perform the calculations. The ...
2025-08-05 17:22:55,584 - INFO - 提取答案: 549
2025-08-05 17:22:55,586 - INFO - 投票统计: {'voting_method': 'majority', 'best_answer': '549', 'vote_count': 10, 'total_paths': 10, 'valid_paths': 10, 'confidence': 1.0, 'answer_distribution': {'549': 10}, 'selected_path_idx': 0}
2025-08-05 17:22:55,588 - INFO - ==================================================
2025-08-05 17:22:55,591 - INFO - 
==================================================
2025-08-05 17:22:55,593 - INFO - 样本 422: Jane counts two zebras with 17 stripes each, a zebra with 36 stripes, and another zebra with half th...
2025-08-05 17:22:55,595 - INFO - 参考答案: First find the number of stripes the last zebra has: 36 stripes / 2 = <<36/2=18>>18 stripes
Then find the total number of stripes the first two zebras have: 2 zebras * 17 stripes/zebra = <<2*17=34>>34 stripes
Then add the number of stripes the last two zebras have: 18 stripes + 34 stripes + 36 stripes = <<18+34+36=88>>88 stripes
Then divide the number of stripes by the number of zebras to find the average number of stripes per zebra: 88 stripes / 4 zebras = <<88/4=22>>22 stripes/zebra
#### 22
2025-08-05 17:22:55,598 - INFO - 提取参考答案: 22
2025-08-05 17:22:55,601 - INFO - 生成答案: 

Step 1:First, read the problem and identify what we need to find. We need to find the average number of stripes on the zebras.

Step 2:Next, set up equations and perform the calculations. The total ...
2025-08-05 17:22:55,603 - INFO - 提取答案: 29.33
2025-08-05 17:22:55,606 - INFO - 投票统计: {'voting_method': 'majority', 'best_answer': '29.33', 'vote_count': 5, 'total_paths': 10, 'valid_paths': 10, 'confidence': 0.5, 'answer_distribution': {'29.33': 5, '22': 5}, 'selected_path_idx': 0}
2025-08-05 17:22:55,608 - INFO - ==================================================
2025-08-05 17:22:55,611 - INFO - 
==================================================
2025-08-05 17:22:55,613 - INFO - 样本 424: Theo has $6000 he wishes to spend on his upcoming business trip to South Africa. He buys 6 business ...
2025-08-05 17:22:55,616 - INFO - 参考答案: Theo buys business suits for 6 suits * $100/suit = $<<6*100=600>>600.
Theo buys suitcases for 3 suitcases * $50/suitcase = $<<3*50=150>>150.
Theo buys a flight ticket that costs $700 + 5 * $100 = $<<700+5*100=1200>>1200.
Theo can spend $6000 - $600 - $150 - $1200 - $2000 = $<<6000-600-150-1200-2000=2050>>2050 on gifts for his friends.
#### 2050
2025-08-05 17:22:55,618 - INFO - 提取参考答案: 2050
2025-08-05 17:22:55,620 - INFO - 生成答案: 

Step 1:First, read the problem and identify what we need to find. We need to find how much Theo has to spend on buying gifts for his business partners in South Africa.

Step 2:Next, set up equations...
2025-08-05 17:22:55,623 - INFO - 提取答案: 1950
2025-08-05 17:22:55,626 - INFO - 投票统计: {'voting_method': 'majority', 'best_answer': '1950', 'vote_count': 7, 'total_paths': 10, 'valid_paths': 10, 'confidence': 0.7, 'answer_distribution': {'1950': 7, '1250': 1, '50': 1, '2550': 1}, 'selected_path_idx': 0}
2025-08-05 17:22:55,628 - INFO - ==================================================
2025-08-05 17:22:55,631 - INFO - 
==================================================
2025-08-05 17:22:55,633 - INFO - 样本 425: While at the dollar store, Sloane counts 100 customers entering the store. The next day, she counts ...
2025-08-05 17:22:55,635 - INFO - 参考答案: On the second day, she counted 100+50 = <<100+50=150>>150 customers.
The total for the first two days is 150+100 = <<150+100=250>>250 cus