2025-08-06 14:27:20,745 - INFO - 配置文件验证通过
2025-08-06 14:27:20,747 - INFO - 随机种子已设置为: 42
2025-08-06 14:27:20,748 - INFO - 使用已提供的模型实例: Llama-3.2-3B-Instruct
2025-08-06 14:27:20,750 - INFO - 加载数据集: GSM8k_test
2025-08-06 14:27:20,752 - INFO - 随机种子已设置为: 42
2025-08-06 14:27:20,761 - INFO - 数据集加载完成，共 1319 条数据，已打乱顺序
2025-08-06 14:27:20,762 - INFO - 使用投票机制，每个问题生成 10 条路径
2025-08-06 14:27:20,763 - INFO - 批量生成模式：为 1319 个问题各生成 10 条路径
2025-08-06 14:27:20,766 - INFO - 开始CoT生成，共4个步骤:
2025-08-06 14:27:20,768 - INFO - 开始CoT步骤 1，min_p=0.6
2025-08-06 14:27:23,109 - INFO - 开始CoT步骤 2，min_p=0.4
2025-08-06 14:27:35,308 - INFO - 开始CoT步骤 3，min_p=0.8
2025-08-06 14:27:45,936 - INFO - 开始CoT步骤 4，min_p=0.9
2025-08-06 14:27:50,997 - INFO - CoT生成完成，共 1319 条CoT
2025-08-06 14:27:51,019 - INFO - 开始CoT生成，共4个步骤:
2025-08-06 14:27:51,021 - INFO - 开始CoT步骤 1，min_p=0.6
2025-08-06 14:27:53,342 - INFO - 开始CoT步骤 2，min_p=0.4
2025-08-06 14:28:05,454 - INFO - 开始CoT步骤 3，min_p=0.8
2025-08-06 14:28:16,547 - INFO - 开始CoT步骤 4，min_p=0.9
2025-08-06 14:28:21,254 - INFO - CoT生成完成，共 1319 条CoT
2025-08-06 14:28:21,277 - INFO - 开始CoT生成，共4个步骤:
2025-08-06 14:28:21,280 - INFO - 开始CoT步骤 1，min_p=0.6
2025-08-06 14:28:23,918 - INFO - 开始CoT步骤 2，min_p=0.4
2025-08-06 14:28:35,390 - INFO - 开始CoT步骤 3，min_p=0.8
2025-08-06 14:28:46,528 - INFO - 开始CoT步骤 4，min_p=0.9
2025-08-06 14:28:50,673 - INFO - CoT生成完成，共 1319 条CoT
2025-08-06 14:28:50,694 - INFO - 开始CoT生成，共4个步骤:
2025-08-06 14:28:50,697 - INFO - 开始CoT步骤 1，min_p=0.6
2025-08-06 14:28:53,005 - INFO - 开始CoT步骤 2，min_p=0.4
2025-08-06 14:29:05,096 - INFO - 开始CoT步骤 3，min_p=0.8
2025-08-06 14:29:15,888 - INFO - 开始CoT步骤 4，min_p=0.9
2025-08-06 14:29:19,879 - INFO - CoT生成完成，共 1319 条CoT
2025-08-06 14:29:19,903 - INFO - 开始CoT生成，共4个步骤:
2025-08-06 14:29:19,906 - INFO - 开始CoT步骤 1，min_p=0.6
2025-08-06 14:29:22,538 - INFO - 开始CoT步骤 2，min_p=0.4
2025-08-06 14:29:34,519 - INFO - 开始CoT步骤 3，min_p=0.8
2025-08-06 14:29:45,038 - INFO - 开始CoT步骤 4，min_p=0.9
2025-08-06 14:29:50,127 - INFO - CoT生成完成，共 1319 条CoT
2025-08-06 14:29:50,149 - INFO - 开始CoT生成，共4个步骤:
2025-08-06 14:29:50,152 - INFO - 开始CoT步骤 1，min_p=0.6
2025-08-06 14:29:52,391 - INFO - 开始CoT步骤 2，min_p=0.4
2025-08-06 14:30:04,162 - INFO - 开始CoT步骤 3，min_p=0.8
2025-08-06 14:30:15,194 - INFO - 开始CoT步骤 4，min_p=0.9
2025-08-06 14:30:19,815 - INFO - CoT生成完成，共 1319 条CoT
2025-08-06 14:30:19,836 - INFO - 开始CoT生成，共4个步骤:
2025-08-06 14:30:19,838 - INFO - 开始CoT步骤 1，min_p=0.6
2025-08-06 14:30:22,364 - INFO - 开始CoT步骤 2，min_p=0.4
2025-08-06 14:30:34,472 - INFO - 开始CoT步骤 3，min_p=0.8
2025-08-06 14:30:45,342 - INFO - 开始CoT步骤 4，min_p=0.9
2025-08-06 14:30:49,947 - INFO - CoT生成完成，共 1319 条CoT
2025-08-06 14:30:49,968 - INFO - 开始CoT生成，共4个步骤:
2025-08-06 14:30:49,971 - INFO - 开始CoT步骤 1，min_p=0.6
2025-08-06 14:30:52,270 - INFO - 开始CoT步骤 2，min_p=0.4
2025-08-06 14:31:04,278 - INFO - 开始CoT步骤 3，min_p=0.8
2025-08-06 14:31:15,339 - INFO - 开始CoT步骤 4，min_p=0.9
2025-08-06 14:31:20,351 - INFO - CoT生成完成，共 1319 条CoT
2025-08-06 14:31:20,374 - INFO - 开始CoT生成，共4个步骤:
2025-08-06 14:31:20,377 - INFO - 开始CoT步骤 1，min_p=0.6
2025-08-06 14:31:22,669 - INFO - 开始CoT步骤 2，min_p=0.4
2025-08-06 14:31:35,015 - INFO - 开始CoT步骤 3，min_p=0.8
2025-08-06 14:31:46,160 - INFO - 开始CoT步骤 4，min_p=0.9
2025-08-06 14:31:50,268 - INFO - CoT生成完成，共 1319 条CoT
2025-08-06 14:31:50,291 - INFO - 开始CoT生成，共4个步骤:
2025-08-06 14:31:50,294 - INFO - 开始CoT步骤 1，min_p=0.6
2025-08-06 14:31:52,980 - INFO - 开始CoT步骤 2，min_p=0.4
2025-08-06 14:32:04,730 - INFO - 开始CoT步骤 3，min_p=0.8
2025-08-06 14:32:15,426 - INFO - 开始CoT步骤 4，min_p=0.9
2025-08-06 14:32:20,512 - INFO - CoT生成完成，共 1319 条CoT
2025-08-06 14:32:20,535 - INFO - 批量生成完成：共生成 1319 组路径，每组 10 条
2025-08-06 14:32:20,538 - INFO - 投票结果: 选择路径 0, 答案: 52, 置信度: 0.5
2025-08-06 14:32:20,540 - INFO - 投票结果: 选择路径 0, 答案: 5, 置信度: 1.0
2025-08-06 14:32:20,541 - INFO - 投票结果: 选择路径 1, 答案: 83, 置信度: 0.7
2025-08-06 14:32:20,543 - INFO - 投票结果: 选择路径 0, 答案: 10, 置信度: 1.0
2025-08-06 14:32:20,544 - INFO - 投票结果: 选择路径 0, 答案: 70, 置信度: 0.6
2025-08-06 14:32:20,545 - INFO - 投票结果: 选择路径 1, 答案: 36, 置信度: 0.8
2025-08-06 14:32:20,547 - INFO - 投票结果: 选择路径 0, 答案: 48, 置信度: 1.0
2025-08-06 14:32:20,548 - INFO - 投票结果: 选择路径 0, 答案: 16, 置信度: 1.0
2025-08-06 14:32:20,550 - INFO - 投票结果: 选择路径 0, 答案: 4.64, 置信度: 0.8
2025-08-06 14:32:20,551 - INFO - 投票结果: 选择路径 0, 答案: 48, 置信度: 1.0
2025-08-06 14:32:20,552 - INFO - 投票结果: 选择路径 0, 答案: 90, 置信度: 1.0
2025-08-06 14:32:20,554 - INFO - 投票结果: 选择路径 0, 答案: 10, 置信度: 1.0
2025-08-06 14:32:20,555 - INFO - 投票结果: 选择路径 0, 答案: 1, 置信度: 0.2
2025-08-06 14:32:20,557 - INFO - 投票结果: 选择路径 1, 答案: 42000, 置信度: 0.5
2025-08-06 14:32:20,558 - INFO - 投票结果: 选择路径 0, 答案: 18, 置信度: 1.0
2025-08-06 14:32:20,559 - INFO - 投票结果: 选择路径 0, 答案: 140, 置信度: 1.0
2025-08-06 14:32:20,561 - INFO - 投票结果: 选择路径 0, 答案: 17, 置信度: 0.7
2025-08-06 14:32:20,562 - INFO - 投票结果: 选择路径 0, 答案: 68, 置信度: 1.0
2025-08-06 14:32:20,563 - INFO - 投票结果: 选择路径 0, 答案: 8, 置信度: 1.0
2025-08-06 14:32:20,565 - INFO - 投票结果: 选择路径 0, 答案: 14, 置信度: 1.0
2025-08-06 14:32:20,566 - INFO - 投票结果: 选择路径 0, 答案: 33.33, 置信度: 0.5
2025-08-06 14:32:20,568 - INFO - 投票结果: 选择路径 0, 答案: 100, 置信度: 1.0
2025-08-06 14:32:20,569 - INFO - 投票结果: 选择路径 0, 答案: 250, 置信度: 0.3
2025-08-06 14:32:20,570 - INFO - 投票结果: 选择路径 0, 答案: 48, 置信度: 0.5
2025-08-06 14:32:20,572 - INFO - 投票结果: 选择路径 0, 答案: 16400, 置信度: 0.9
2025-08-06 14:32:20,573 - INFO - 投票结果: 选择路径 0, 答案: 250, 置信度: 1.0
2025-08-06 14:32:20,574 - INFO - 投票结果: 选择路径 1, 答案: 38, 置信度: 0.2
2025-08-06 14:32:20,576 - INFO - 投票结果: 选择路径 1, 答案: 1490, 置信度: 0.8
2025-08-06 14:32:20,577 - INFO - 投票结果: 选择路径 0, 答案: 11, 置信度: 0.9
2025-08-06 14:32:20,579 - INFO - 投票结果: 选择路径 1, 答案: 106, 置信度: 0.7
2025-08-06 14:32:20,580 - INFO - 投票结果: 选择路径 1, 答案: 138, 置信度: 0.6
2025-08-06 14:32:20,581 - INFO - 投票结果: 选择路径 0, 答案: 15, 置信度: 1.0
2025-08-06 14:32:20,583 - INFO - 投票结果: 选择路径 0, 答案: 4, 置信度: 1.0
2025-08-06 14:32:20,584 - INFO - 投票结果: 选择路径 0, 答案: 82, 置信度: 1.0
2025-08-06 14:32:20,585 - INFO - 投票结果: 选择路径 0, 答案: 2, 置信度: 1.0
2025-08-06 14:32:20,587 - INFO - 投票结果: 选择路径 1, 答案: 43, 置信度: 0.4
2025-08-06 14:32:20,588 - INFO - 投票结果: 选择路径 1, 答案: 4, 置信度: 0.8
2025-08-06 14:32:20,590 - INFO - 投票结果: 选择路径 0, 答案: 100, 置信度: 1.0
2025-08-06 14:32:20,591 - INFO - 投票结果: 选择路径 3, 答案: 500, 置信度: 0.3
2025-08-06 14:32:20,592 - INFO - 投票结果: 选择路径 0, 答案: 188, 置信度: 1.0
2025-08-06 14:32:20,594 - INFO - 投票结果: 选择路径 0, 答案: 30, 置信度: 1.0
2025-08-06 14:32:20,595 - INFO - 投票结果: 选择路径 0, 答案: 30, 置信度: 1.0
2025-08-06 14:32:20,596 - INFO - 投票结果: 选择路径 0, 答案: 240, 置信度: 1.0
2025-08-06 14:32:20,598 - INFO - 投票结果: 选择路径 0, 答案: 7, 置信度: 1.0
2025-08-06 14:32:20,599 - INFO - 投票结果: 选择路径 2, 答案: 350, 置信度: 0.3
2025-08-06 14:32:20,601 - INFO - 投票结果: 选择路径 1, 答案: 4, 置信度: 0.8
2025-08-06 14:32:20,602 - INFO - 投票结果: 选择路径 0, 答案: 36, 置信度: 0.9
2025-08-06 14:32:20,603 - INFO - 投票结果: 选择路径 0, 答案: 2, 置信度: 0.2
2025-08-06 14:32:20,605 - INFO - 投票结果: 选择路径 3, 答案: 2, 置信度: 0.4
2025-08-06 14:32:20,606 - INFO - 投票结果: 选择路径 0, 答案: 33, 置信度: 1.0
2025-08-06 14:32:20,608 - INFO - 投票结果: 选择路径 0, 答案: 21, 置信度: 1.0
2025-08-06 14:32:20,609 - INFO - 投票结果: 选择路径 2, 答案: 155, 置信度: 0.5
2025-08-06 14:32:20,610 - INFO - 投票结果: 选择路径 0, 答案: 60, 置信度: 0.9
2025-08-06 14:32:20,612 - INFO - 投票结果: 选择路径 0, 答案: 49, 置信度: 0.8
2025-08-06 14:32:20,613 - INFO - 投票结果: 选择路径 2, 答案: 1125, 置信度: 0.3
2025-08-06 14:32:20,614 - INFO - 投票结果: 选择路径 0, 答案: 27, 置信度: 0.7
2025-08-06 14:32:20,616 - INFO - 投票结果: 选择路径 0, 答案: 16, 置信度: 0.8
2025-08-06 14:32:20,617 - INFO - 投票结果: 选择路径 0, 答案: 49, 置信度: 0.8
2025-08-06 14:32:20,619 - INFO - 投票结果: 选择路径 0, 答案: 6, 置信度: 0.6
2025-08-06 14:32:20,620 - INFO - 投票结果: 选择路径 0, 答案: 32, 置信度: 0.9
2025-08-06 14:32:20,621 - INFO - 投票结果: 选择路径 0, 答案: 76, 置信度: 0.4
2025-08-06 14:32:20,623 - INFO - 投票结果: 选择路径 0, 答案: 225, 置信度: 1.0
2025-08-06 14:32:20,624 - INFO - 投票结果: 选择路径 0, 答案: 50, 置信度: 1.0
2025-08-06 14:32:20,626 - INFO - 投票结果: 选择路径 0, 答案: 18, 置信度: 0.4
2025-08-06 14:32:20,627 - INFO - 投票结果: 选择路径 0, 答案: 7, 置信度: 1.0
2025-08-06 14:32:20,628 - INFO - 投票结果: 选择路径 0, 答案: 800, 置信度: 0.8
2025-08-06 14:32:20,630 - INFO - 投票结果: 选择路径 0, 答案: 22, 置信度: 0.9
2025-08-06 14:32:20,631 - INFO - 投票结果: 选择路径 0, 答案: 235, 置信度: 1.0
2025-08-06 14:32:20,632 - INFO - 投票结果: 选择路径 0, 答案: 3, 置信度: 1.0
2025-08-06 14:32:20,634 - INFO - 投票结果: 选择路径 4, 答案: 4, 置信度: 0.4
2025-08-06 14:32:20,635 - INFO - 投票结果: 选择路径 0, 答案: 3000, 置信度: 0.9
2025-08-06 14:32:20,636 - INFO - 投票结果: 选择路径 0, 答案: 300, 置信度: 0.9
2025-08-06 14:32:20,638 - INFO - 投票结果: 选择路径 0, 答案: 20, 置信度: 0.6
2025-08-06 14:32:20,639 - INFO - 投票结果: 选择路径 0, 答案: 130, 置信度: 1.0
2025-08-06 14:32:20,641 - INFO - 投票结果: 选择路径 0, 答案: 2, 置信度: 0.4
2025-08-06 14:32:20,642 - INFO - 投票结果: 选择路径 1, 答案: 48, 置信度: 0.6
2025-08-06 14:32:20,643 - INFO - 投票结果: 选择路径 0, 答案: 50, 置信度: 1.0
2025-08-06 14:32:20,645 - INFO - 投票结果: 选择路径 3, 答案: 3, 置信度: 0.3
2025-08-06 14:32:20,646 - INFO - 投票结果: 选择路径 0, 答案: 5, 置信度: 0.7
2025-08-06 14:32:20,647 - INFO - 投票结果: 选择路径 0, 答案: 110, 置信度: 1.0
2025-08-06 14:32:20,649 - INFO - 投票结果: 选择路径 1, 答案: 1300, 置信度: 0.3
2025-08-06 14:32:20,650 - INFO - 投票结果: 选择路径 0, 答案: 16, 置信度: 1.0
2025-08-06 14:32:20,652 - INFO - 投票结果: 选择路径 0, 答案: 80, 置信度: 1.0
2025-08-06 14:32:20,653 - INFO - 投票结果: 选择路径 0, 答案: 45, 置信度: 0.8
2025-08-06 14:32:20,654 - INFO - 投票结果: 选择路径 0, 答案: 36, 置信度: 1.0
2025-08-06 14:32:20,656 - INFO - 投票结果: 选择路径 0, 答案: 6, 置信度: 0.5
2025-08-06 14:32:20,657 - INFO - 投票结果: 选择路径 2, 答案: 6, 置信度: 0.4
2025-08-06 14:32:20,659 - INFO - 投票结果: 选择路径 0, 答案: 36, 置信度: 1.0
2025-08-06 14:32:20,660 - INFO - 投票结果: 选择路径 0, 答案: 60, 置信度: 0.8
2025-08-06 14:32:20,661 - INFO - 投票结果: 选择路径 0, 答案: 9, 置信度: 1.0
2025-08-06 14:32:20,663 - INFO - 投票结果: 选择路径 0, 答案: 1, 置信度: 0.6
2025-08-06 14:32:20,664 - INFO - 投票结果: 选择路径 0, 答案: 30, 置信度: 1.0
2025-08-06 14:32:20,665 - INFO - 投票结果: 选择路径 0, 答案: 195000, 置信度: 0.4
2025-08-06 14:32:20,667 - INFO - 投票结果: 选择路径 0, 答案: 34, 置信度: 1.0
2025-08-06 14:32:20,668 - INFO - 投票结果: 选择路径 0, 答案: 5, 置信度: 0.1
2025-08-06 14:32:20,669 - INFO - 投票结果: 选择路径 0, 答案: 306, 置信度: 0.9
2025-08-06 14:32:20,671 - INFO - 投票结果: 选择路径 0, 答案: 55, 置信度: 0.9
2025-08-06 14:32:20,672 - INFO - 投票结果: 选择路径 0, 答案: 12, 置信度: 1.0
2025-08-06 14:32:20,674 - INFO - 投票结果: 选择路径 0, 答案: 75, 置信度: 1.0
2025-08-06 14:32:20,675 - INFO - 投票结果: 选择路径 6, 答案: 21, 置信度: 0.3
2025-08-06 14:32:20,676 - INFO - 投票结果: 选择路径 0, 答案: 50, 置信度: 0.5
2025-08-06 14:32:20,678 - INFO - 投票结果: 选择路径 0, 答案: 110, 置信度: 1.0
2025-08-06 14:32:20,679 - INFO - 投票结果: 选择路径 0, 答案: 498, 置信度: 0.2
2025-08-06 14:32:20,680 - INFO - 投票结果: 选择路径 0, 答案: 30, 置信度: 1.0
2025-08-06 14:32:20,682 - INFO - 投票结果: 选择路径 0, 答案: 80, 置信度: 1.0
2025-08-06 14:32:20,683 - INFO - 投票结果: 选择路径 0, 答案: 1.50, 置信度: 0.4
2025-08-06 14:32:20,685 - INFO - 投票结果: 选择路径 0, 答案: 120, 置信度: 1.0
2025-08-06 14:32:20,686 - INFO - 投票结果: 选择路径 0, 答案: 108, 置信度: 0.4
2025-08-06 14:32:20,687 - INFO - 投票结果: 选择路径 0, 答案: 70, 置信度: 1.0
2025-08-06 14:32:20,689 - INFO - 投票结果: 选择路径 1, 答案: 13, 置信度: 0.5
2025-08-06 14:32:20,690 - INFO - 投票结果: 选择路径 0, 答案: 150, 置信度: 1.0
2025-08-06 14:32:20,692 - INFO - 投票结果: 选择路径 1, 答案: 10, 置信度: 0.4
2025-08-06 14:32:20,693 - INFO - 投票结果: 选择路径 1, 答案: 2, 置信度: 0.2
2025-08-06 14:32:20,694 - INFO - 投票结果: 选择路径 0, 答案: 250, 置信度: 0.9
2025-08-06 14:32:20,696 - INFO - 投票结果: 选择路径 0, 答案: 3, 置信度: 1.0
2025-08-06 14:32:20,697 - INFO - 投票结果: 选择路径 0, 答案: 15, 置信度: 1.0
2025-08-06 14:32:20,698 - INFO - 投票结果: 选择路径 0, 答案: 12, 置信度: 1.0
2025-08-06 14:32:20,700 - INFO - 投票结果: 选择路径 0, 答案: 60, 置信度: 1.0
2025-08-06 14:32:20,701 - INFO - 投票结果: 选择路径 0, 答案: 3, 置信度: 1.0
2025-08-06 14:32:20,702 - INFO - 投票结果: 选择路径 0, 答案: 9, 置信度: 0.7
2025-08-06 14:32:20,704 - INFO - 投票结果: 选择路径 0, 答案: 140000, 置信度: 1.0
2025-08-06 14:32:20,705 - INFO - 投票结果: 选择路径 0, 答案: 6, 置信度: 0.4
2025-08-06 14:32:20,707 - INFO - 投票结果: 选择路径 0, 答案: 2400, 置信度: 1.0
2025-08-06 14:32:20,708 - INFO - 投票结果: 选择路径 0, 答案: 4, 置信度: 1.0
2025-08-06 14:32:20,709 - INFO - 投票结果: 选择路径 0, 答案: 83, 置信度: 0.6
2025-08-06 14:32:20,711 - INFO - 投票结果: 选择路径 0, 答案: 300, 置信度: 1.0
2025-08-06 14:32:20,712 - INFO - 投票结果: 选择路径 0, 答案: 91, 置信度: 0.9
2025-08-06 14:32:20,714 - INFO - 投票结果: 选择路径 0, 答案: 8, 置信度: 0.9
2025-08-06 14:32:20,715 - INFO - 投票结果: 选择路径 0, 答案: 120, 置信度: 1.0
2025-08-06 14:32:20,716 - INFO - 投票结果: 选择路径 0, 答案: 350, 置信度: 1.0
2025-08-06 14:32:20,718 - INFO - 投票结果: 选择路径 0, 答案: 2600, 置信度: 1.0
2025-08-06 14:32:20,719 - INFO - 投票结果: 选择路径 0, 答案: 10, 置信度: 1.0
2025-08-06 14:32:20,721 - INFO - 投票结果: 选择路径 3, 答案: 22, 置信度: 0.3
2025-08-06 14:32:20,722 - INFO - 投票结果: 选择路径 0, 答案: 7, 置信度: 0.9
2025-08-06 14:32:20,723 - INFO - 投票结果: 选择路径 0, 答案: 31, 置信度: 0.9
2025-08-06 14:32:20,725 - INFO - 投票结果: 选择路径 0, 答案: 975, 置信度: 0.9
2025-08-06 14:32:20,726 - INFO - 投票结果: 选择路径 2, 答案: -160, 置信度: 0.4
2025-08-06 14:32:20,727 - INFO - 投票结果: 选择路径 0, 答案: 120, 置信度: 0.8
2025-08-06 14:32:20,729 - INFO - 投票结果: 选择路径 0, 答案: 220, 置信度: 1.0
2025-08-06 14:32:20,730 - INFO - 投票结果: 选择路径 0, 答案: 87, 置信度: 1.0
2025-08-06 14:32:20,732 - INFO - 投票结果: 选择路径 0, 答案: 300, 置信度: 1.0
2025-08-06 14:32:20,733 - INFO - 投票结果: 选择路径 0, 答案: 30, 置信度: 0.8
2025-08-06 14:32:20,734 - INFO - 投票结果: 选择路径 8, 答案: 1, 置信度: 0.2
2025-08-06 14:32:20,736 - INFO - 投票结果: 选择路径 0, 答案: 16, 置信度: 1.0
2025-08-06 14:32:20,737 - INFO - 投票结果: 选择路径 0, 答案: 7, 置信度: 1.0
2025-08-06 14:32:20,739 - INFO - 投票结果: 选择路径 0, 答案: 81, 置信度: 0.7
2025-08-06 14:32:20,740 - INFO - 投票结果: 选择路径 0, 答案: 5, 置信度: 1.0
2025-08-06 14:32:20,741 - INFO - 投票结果: 选择路径 0, 答案: 9, 置信度: 1.0
2025-08-06 14:32:20,743 - INFO - 投票结果: 选择路径 0, 答案: 10, 置信度: 1.0
2025-08-06 14:32:20,744 - INFO - 投票结果: 选择路径 0, 答案: 14, 置信度: 0.4
2025-08-06 14:32:20,746 - INFO - 投票结果: 选择路径 0, 答案: 5, 置信度: 1.0
2025-08-06 14:32:20,747 - INFO - 投票结果: 选择路径 0, 答案: 50, 置信度: 1.0
2025-08-06 14:32:20,748 - INFO - 投票结果: 选择路径 0, 答案: 48, 置信度: 1.0
2025-08-06 14:32:20,750 - INFO - 投票结果: 选择路径 0, 答案: 25, 置信度: 1.0
2025-08-06 14:32:20,751 - INFO - 投票结果: 选择路径 0, 答案: 92, 置信度: 0.7
2025-08-06 14:32:20,753 - INFO - 投票结果: 选择路径 1, 答案: 33.33, 置信度: 0.5
2025-08-06 14:32:20,754 - INFO - 投票结果: 选择路径 1, 答案: 180, 置信度: 0.7
2025-08-06 14:32:20,755 - INFO - 投票结果: 选择路径 0, 答案: 21, 置信度: 1.0
2025-08-06 14:32:20,757 - INFO - 投票结果: 选择路径 0, 答案: 1200, 置信度: 1.0
2025-08-06 14:32:20,758 - INFO - 投票结果: 选择路径 0, 答案: 255, 置信度: 0.8
2025-08-06 14:32:20,760 - INFO - 投票结果: 选择路径 0, 答案: 4, 置信度: 1.0
2025-08-06 14:32:20,761 - INFO - 投票结果: 选择路径 0, 答案: 10, 置信度: 1.0
2025-08-06 14:32:20,762 - INFO - 投票结果: 选择路径 0, 答案: 700, 置信度: 0.9
2025-08-06 14:32:20,764 - INFO - 投票结果: 选择路径 0, 答案: 38, 置信度: 1.0
2025-08-06 14:32:20,765 - INFO - 投票结果: 选择路径 0, 答案: 32, 置信度: 1.0
2025-08-06 14:32:20,766 - INFO - 投票结果: 选择路径 0, 答案: 30, 置信度: 1.0
2025-08-06 14:32:20,768 - INFO - 投票结果: 选择路径 0, 答案: 16, 置信度: 1.0
2025-08-06 14:32:20,769 - INFO - 投票结果: 选择路径 0, 答案: 40, 置信度: 1.0
2025-08-06 14:32:20,771 - INFO - 投票结果: 选择路径 0, 答案: 288, 置信度: 1.0
2025-08-06 14:32:20,772 - INFO - 投票结果: 选择路径 0, 答案: 1100, 置信度: 0.9
2025-08-06 14:32:20,773 - INFO - 投票结果: 选择路径 0, 答案: 20, 置信度: 0.9
2025-08-06 14:32:20,775 - INFO - 投票结果: 选择路径 0, 答案: 2, 置信度: 0.7
2025-08-06 14:32:20,776 - INFO - 投票结果: 选择路径 0, 答案: 1040000, 置信度: 1.0
2025-08-06 14:32:20,777 - INFO - 投票结果: 选择路径 0, 答案: 9, 置信度: 0.9
2025-08-06 14:32:20,779 - INFO - 投票结果: 选择路径 0, 答案: 132, 置信度: 1.0
2025-08-06 14:32:20,780 - INFO - 投票结果: 选择路径 0, 答案: 93, 置信度: 1.0
2025-08-06 14:32:20,782 - INFO - 投票结果: 选择路径 0, 答案: 4, 置信度: 1.0
2025-08-06 14:32:20,783 - INFO - 投票结果: 选择路径 2, 答案: 85, 置信度: 0.3
2025-08-06 14:32:20,784 - INFO - 投票结果: 选择路径 0, 答案: 33, 置信度: 1.0
2025-08-06 14:32:20,786 - INFO - 投票结果: 选择路径 0, 答案: 12, 置信度: 0.9
2025-08-06 14:32:20,787 - INFO - 投票结果: 选择路径 0, 答案: 7200, 置信度: 1.0
2025-08-06 14:32:20,789 - INFO - 投票结果: 选择路径 0, 答案: 60, 置信度: 1.0
2025-08-06 14:32:20,790 - INFO - 投票结果: 选择路径 0, 答案: 44, 置信度: 1.0
2025-08-06 14:32:20,791 - INFO - 投票结果: 选择路径 0, 答案: 113, 置信度: 1.0
2025-08-06 14:32:20,793 - INFO - 投票结果: 选择路径 1, 答案: 43500, 置信度: 0.5
2025-08-06 14:32:20,794 - INFO - 投票结果: 选择路径 0, 答案: 720, 置信度: 1.0
2025-08-06 14:32:20,795 - INFO - 投票结果: 选择路径 0, 答案: 50, 置信度: 1.0
2025-08-06 14:32:20,797 - INFO - 投票结果: 选择路径 1, 答案: 24, 置信度: 0.9
2025-08-06 14:32:20,798 - INFO - 投票结果: 选择路径 0, 答案: 43, 置信度: 0.5
2025-08-06 14:32:20,800 - INFO - 投票结果: 选择路径 0, 答案: 30, 置信度: 1.0
2025-08-06 14:32:20,801 - INFO - 投票结果: 选择路径 0, 答案: 23, 置信度: 1.0
2025-08-06 14:32:20,802 - INFO - 投票结果: 选择路径 0, 答案: 251, 置信度: 1.0
2025-08-06 14:32:20,804 - INFO - 投票结果: 选择路径 0, 答案: 35, 置信度: 1.0
2025-08-06 14:32:20,805 - INFO - 投票结果: 选择路径 0, 答案: 110, 置信度: 0.8
2025-08-06 14:32:20,806 - INFO - 投票结果: 选择路径 0, 答案: 82, 置信度: 0.9
2025-08-06 14:32:20,808 - INFO - 投票结果: 选择路径 0, 答案: 2100, 置信度: 0.9
2025-08-06 14:32:20,809 - INFO - 投票结果: 选择路径 0, 答案: 3, 置信度: 0.7
2025-08-06 14:32:20,811 - INFO - 投票结果: 选择路径 0, 答案: 12, 置信度: 1.0
2025-08-06 14:32:20,812 - INFO - 投票结果: 选择路径 2, 答案: 11, 置信度: 0.5
2025-08-06 14:32:20,813 - INFO - 投票结果: 选择路径 0, 答案: 12, 置信度: 0.8
2025-08-06 14:32:20,815 - INFO - 投票结果: 选择路径 1, 答案: 500, 置信度: 0.3
2025-08-06 14:32:20,816 - INFO - 投票结果: 选择路径 0, 答案: 27, 置信度: 1.0
2025-08-06 14:32:20,817 - INFO - 投票结果: 选择路径 0, 答案: 360, 置信度: 1.0
2025-08-06 14:32:20,819 - INFO - 投票结果: 选择路径 0, 答案: 14, 置信度: 0.3
2025-08-06 14:32:20,820 - INFO - 投票结果: 选择路径 0, 答案: 694, 置信度: 0.9
2025-08-06 14:32:20,822 - INFO - 投票结果: 选择路径 0, 答案: 3, 置信度: 1.0
2025-08-06 14:32:20,823 - INFO - 投票结果: 选择路径 0, 答案: 360, 置信度: 1.0
2025-08-06 14:32:20,824 - INFO - 投票结果: 选择路径 0, 答案: 350, 置信度: 0.2
2025-08-06 14:32:20,826 - INFO - 投票结果: 选择路径 0, 答案: 20, 置信度: 1.0
2025-08-06 14:32:20,827 - INFO - 投票结果: 选择路径 0, 答案: 3360, 置信度: 1.0
2025-08-06 14:32:20,828 - INFO - 投票结果: 选择路径 0, 答案: 39, 置信度: 0.8
2025-08-06 14:32:20,830 - INFO - 投票结果: 选择路径 0, 答案: 12, 置信度: 0.9
2025-08-06 14:32:20,831 - INFO - 投票结果: 选择路径 0, 答案: 215, 置信度: 1.0
2025-08-06 14:32:20,833 - INFO - 投票结果: 选择路径 1, 答案: 6, 置信度: 0.4
2025-08-06 14:32:20,834 - INFO - 投票结果: 选择路径 0, 答案: 9, 置信度: 1.0
2025-08-06 14:32:20,835 - INFO - 投票结果: 选择路径 0, 答案: 520, 置信度: 1.0
2025-08-06 14:32:20,837 - INFO - 投票结果: 选择路径 0, 答案: 62, 置信度: 1.0
2025-08-06 14:32:20,838 - INFO - 投票结果: 选择路径 0, 答案: 122, 置信度: 0.5
2025-08-06 14:32:20,840 - INFO - 投票结果: 选择路径 0, 答案: 120, 置信度: 1.0
2025-08-06 14:32:20,841 - INFO - 投票结果: 选择路径 0, 答案: 15, 置信度: 1.0
2025-08-06 14:32:20,842 - INFO - 投票结果: 选择路径 0, 答案: 60, 置信度: 0.2
2025-08-06 14:32:20,844 - INFO - 投票结果: 选择路径 1, 答案: 540, 置信度: 0.2
2025-08-06 14:32:20,845 - INFO - 投票结果: 选择路径 0, 答案: 2, 置信度: 0.2
2025-08-06 14:32:20,846 - INFO - 投票结果: 选择路径 0, 答案: 178.75, 置信度: 0.5
2025-08-06 14:32:20,848 - INFO - 投票结果: 选择路径 0, 答案: 202, 置信度: 0.5
2025-08-06 14:32:20,849 - INFO - 投票结果: 选择路径 0, 答案: 21, 置信度: 0.4
2025-08-06 14:32:20,851 - INFO - 投票结果: 选择路径 1, 答案: 10, 置信度: 0.8
2025-08-06 14:32:20,852 - INFO - 投票结果: 选择路径 0, 答案: 6, 置信度: 0.7
2025-08-06 14:32:20,853 - INFO - 投票结果: 选择路径 0, 答案: 43200, 置信度: 0.5
2025-08-06 14:32:20,855 - INFO - 投票结果: 选择路径 0, 答案: 10, 置信度: 1.0
2025-08-06 14:32:20,856 - INFO - 投票结果: 选择路径 0, 答案: 8, 置信度: 0.4
2025-08-06 14:32:20,858 - INFO - 投票结果: 选择路径 2, 答案: 697.5, 置信度: 0.4
2025-08-06 14:32:20,859 - INFO - 投票结果: 选择路径 1, 答案: 160, 置信度: 0.6
2025-08-06 14:32:20,860 - INFO - 投票结果: 选择路径 0, 答案: 40, 置信度: 1.0
2025-08-06 14:32:20,862 - INFO - 投票结果: 选择路径 0, 答案: 12, 置信度: 0.4
2025-08-06 14:32:20,863 - INFO - 投票结果: 选择路径 0, 答案: 36, 置信度: 0.7
2025-08-06 14:32:20,864 - INFO - 投票结果: 选择路径 0, 答案: 36, 置信度: 1.0
2025-08-06 14:32:20,866 - INFO - 投票结果: 选择路径 0, 答案: 9, 置信度: 1.0
2025-08-06 14:32:20,867 - INFO - 投票结果: 选择路径 1, 答案: 16, 置信度: 0.9
2025-08-06 14:32:20,869 - INFO - 投票结果: 选择路径 0, 答案: 60, 置信度: 1.0
2025-08-06 14:32:20,870 - INFO - 投票结果: 选择路径 0, 答案: 4, 置信度: 1.0
2025-08-06 14:32:20,871 - INFO - 投票结果: 选择路径 0, 答案: 3, 置信度: 0.9
2025-08-06 14:32:20,873 - INFO - 投票结果: 选择路径 0, 答案: 100, 置信度: 1.0
2025-08-06 14:32:20,874 - INFO - 投票结果: 选择路径 0, 答案: 2040, 置信度: 0.5
2025-08-06 14:32:20,876 - INFO - 投票结果: 选择路径 1, 答案: 20, 置信度: 0.5
2025-08-06 14:32:20,877 - INFO - 投票结果: 选择路径 0, 答案: 29, 置信度: 1.0
2025-08-06 14:32:20,879 - INFO - 投票结果: 选择路径 1, 答案: 80, 置信度: 0.4
2025-08-06 14:32:20,880 - INFO - 投票结果: 选择路径 0, 答案: 23, 置信度: 1.0
2025-08-06 14:32:20,881 - INFO - 投票结果: 选择路径 0, 答案: 8, 置信度: 0.3
2025-08-06 14:32:20,883 - INFO - 投票结果: 选择路径 0, 答案: 9, 置信度: 0.8
2025-08-06 14:32:20,884 - INFO - 投票结果: 选择路径 0, 答案: 156, 置信度: 0.8
2025-08-06 14:32:20,886 - INFO - 投票结果: 选择路径 2, 答案: 48, 置信度: 0.5
2025-08-06 14:32:20,887 - INFO - 投票结果: 选择路径 0, 答案: 10, 置信度: 1.0
2025-08-06 14:32:20,889 - INFO - 投票结果: 选择路径 0, 答案: 8, 置信度: 1.0
2025-08-06 14:32:20,890 - INFO - 投票结果: 选择路径 0, 答案: 32, 置信度: 1.0
2025-08-06 14:32:20,891 - INFO - 投票结果: 选择路径 0, 答案: 48, 置信度: 1.0
2025-08-06 14:32:20,893 - INFO - 投票结果: 选择路径 0, 答案: 500, 置信度: 1.0
2025-08-06 14:32:20,894 - INFO - 投票结果: 选择路径 0, 答案: 8, 置信度: 0.9
2025-08-06 14:32:20,896 - INFO - 投票结果: 选择路径 0, 答案: 6, 置信度: 0.6
2025-08-06 14:32:20,897 - INFO - 投票结果: 选择路径 0, 答案: -10, 置信度: 1.0
2025-08-06 14:32:20,899 - INFO - 投票结果: 选择路径 0, 答案: 5, 置信度: 1.0
2025-08-06 14:32:20,900 - INFO - 投票结果: 选择路径 0, 答案: 8, 置信度: 1.0
2025-08-06 14:32:20,902 - INFO - 投票结果: 选择路径 0, 答案: 34, 置信度: 1.0
2025-08-06 14:32:20,903 - INFO - 投票结果: 选择路径 0, 答案: 30, 置信度: 1.0
2025-08-06 14:32:20,904 - INFO - 投票结果: 选择路径 0, 答案: 1000, 置信度: 1.0
2025-08-06 14:32:20,906 - INFO - 投票结果: 选择路径 1, 答案: 6, 置信度: 0.8
2025-08-06 14:32:20,907 - INFO - 投票结果: 选择路径 0, 答案: 50, 置信度: 0.3
2025-08-06 14:32:20,908 - INFO - 投票结果: 选择路径 0, 答案: 1920, 置信度: 1.0
2025-08-06 14:32:20,910 - INFO - 投票结果: 选择路径 1, 答案: 2, 置信度: 0.4
2025-08-06 14:32:20,911 - INFO - 投票结果: 选择路径 0, 答案: 50, 置信度: 1.0
2025-08-06 14:32:20,913 - INFO - 投票结果: 选择路径 0, 答案: 4000, 置信度: 0.7
2025-08-06 14:32:20,914 - INFO - 投票结果: 选择路径 0, 答案: 5, 置信度: 1.0
2025-08-06 14:32:20,916 - INFO - 投票结果: 选择路径 0, 答案: 10, 置信度: 0.9
2025-08-06 14:32:20,917 - INFO - 投票结果: 选择路径 0, 答案: 7, 置信度: 1.0
2025-08-06 14:32:20,918 - INFO - 投票结果: 选择路径 0, 答案: 20, 置信度: 1.0
2025-08-06 14:32:20,920 - INFO - 投票结果: 选择路径 0, 答案: 43, 置信度: 0.7
2025-08-06 14:32:20,921 - INFO - 投票结果: 选择路径 0, 答案: 9, 置信度: 0.9
2025-08-06 14:32:20,925 - INFO - 投票结果: 选择路径 8, 答案: 52500, 置信度: 0.2
2025-08-06 14:32:20,926 - INFO - 投票结果: 选择路径 1, 答案: 120, 置信度: 0.7
2025-08-06 14:32:20,927 - INFO - 投票结果: 选择路径 2, 答案: 10512, 置信度: 0.2
2025-08-06 14:32:20,929 - INFO - 投票结果: 选择路径 0, 答案: 4, 置信度: 0.4
2025-08-06 14:32:20,930 - INFO - 投票结果: 选择路径 0, 答案: 595, 置信度: 0.9
2025-08-06 14:32:20,931 - INFO - 投票结果: 选择路径 0, 答案: 110, 置信度: 1.0
2025-08-06 14:32:20,933 - INFO - 投票结果: 选择路径 0, 答案: 4800, 置信度: 1.0
2025-08-06 14:32:20,934 - INFO - 投票结果: 选择路径 0, 答案: 140, 置信度: 0.9
2025-08-06 14:32:20,936 - INFO - 投票结果: 选择路径 0, 答案: 34, 置信度: 1.0
2025-08-06 14:32:20,937 - INFO - 投票结果: 选择路径 0, 答案: 10, 置信度: 1.0
2025-08-06 14:32:20,938 - INFO - 投票结果: 选择路径 1, 答案: 2450, 置信度: 0.4
2025-08-06 14:32:20,940 - INFO - 投票结果: 选择路径 0, 答案: 30, 置信度: 1.0
2025-08-06 14:32:20,941 - INFO - 投票结果: 选择路径 0, 答案: 224000, 置信度: 0.7
2025-08-06 14:32:20,943 - INFO - 投票结果: 选择路径 0, 答案: 168, 置信度: 1.0
2025-08-06 14:32:20,944 - INFO - 投票结果: 选择路径 0, 答案: 120, 置信度: 1.0
2025-08-06 14:32:20,945 - INFO - 投票结果: 选择路径 0, 答案: 4, 置信度: 0.5
2025-08-06 14:32:20,947 - INFO - 投票结果: 选择路径 0, 答案: 20, 置信度: 1.0
2025-08-06 14:32:20,948 - INFO - 投票结果: 选择路径 0, 答案: 4, 置信度: 0.9
2025-08-06 14:32:20,949 - INFO - 投票结果: 选择路径 1, 答案: 7.50, 置信度: 0.6
2025-08-06 14:32:20,951 - INFO - 投票结果: 选择路径 0, 答案: 8, 置信度: 1.0
2025-08-06 14:32:20,952 - INFO - 投票结果: 选择路径 0, 答案: 308, 置信度: 1.0
2025-08-06 14:32:20,954 - INFO - 投票结果: 选择路径 0, 答案: 187, 置信度: 1.0
2025-08-06 14:32:20,955 - INFO - 投票结果: 选择路径 0, 答案: 123, 置信度: 0.9
2025-08-06 14:32:20,956 - INFO - 投票结果: 选择路径 0, 答案: 4, 置信度: 0.6
2025-08-06 14:32:20,958 - INFO - 投票结果: 选择路径 0, 答案: 0, 置信度: 0.2
2025-08-06 14:32:20,959 - INFO - 投票结果: 选择路径 0, 答案: 14000, 置信度: 1.0
2025-08-06 14:32:20,961 - INFO - 投票结果: 选择路径 0, 答案: 32, 置信度: 0.4
2025-08-06 14:32:20,962 - INFO - 投票结果: 选择路径 0, 答案: 7, 置信度: 0.7
2025-08-06 14:32:20,963 - INFO - 投票结果: 选择路径 0, 答案: 480, 置信度: 0.8
2025-08-06 14:32:20,965 - INFO - 投票结果: 选择路径 0, 答案: 2, 置信度: 0.9
2025-08-06 14:32:20,966 - INFO - 投票结果: 选择路径 1, 答案: 45, 置信度: 0.7
2025-08-06 14:32:20,968 - INFO - 投票结果: 选择路径 0, 答案: 31, 置信度: 0.9
2025-08-06 14:32:20,969 - INFO - 投票结果: 选择路径 3, 答案: 15, 置信度: 0.3
2025-08-06 14:32:20,970 - INFO - 投票结果: 选择路径 0, 答案: 18, 置信度: 1.0
2025-08-06 14:32:20,972 - INFO - 投票结果: 选择路径 0, 答案: 6, 置信度: 0.4
2025-08-06 14:32:20,973 - INFO - 投票结果: 选择路径 0, 答案: 93000, 置信度: 1.0
2025-08-06 14:32:20,974 - INFO - 投票结果: 选择路径 0, 答案: 10240, 置信度: 0.3
2025-08-06 14:32:20,976 - INFO - 投票结果: 选择路径 0, 答案: 150, 置信度: 1.0
2025-08-06 14:32:20,977 - INFO - 投票结果: 选择路径 0, 答案: 220, 置信度: 1.0
2025-08-06 14:32:20,979 - INFO - 投票结果: 选择路径 0, 答案: 12, 置信度: 1.0
2025-08-06 14:32:20,980 - INFO - 投票结果: 选择路径 0, 答案: 71, 置信度: 1.0
2025-08-06 14:32:20,981 - INFO - 投票结果: 选择路径 0, 答案: 8, 置信度: 1.0
2025-08-06 14:32:20,983 - INFO - 投票结果: 选择路径 0, 答案: 220, 置信度: 0.1
2025-08-06 14:32:20,984 - INFO - 投票结果: 选择路径 0, 答案: 53, 置信度: 0.9
2025-08-06 14:32:20,985 - INFO - 投票结果: 选择路径 0, 答案: 31800, 置信度: 0.8
2025-08-06 14:32:20,987 - INFO - 投票结果: 选择路径 0, 答案: 4, 置信度: 0.7
2025-08-06 14:32:20,988 - INFO - 投票结果: 选择路径 0, 答案: 12, 置信度: 1.0
2025-08-06 14:32:20,990 - INFO - 投票结果: 选择路径 0, 答案: 10, 置信度: 1.0
2025-08-06 14:32:20,991 - INFO - 投票结果: 选择路径 1, 答案: 2800, 置信度: 0.5
2025-08-06 14:32:20,992 - INFO - 投票结果: 选择路径 0, 答案: 18, 置信度: 1.0
2025-08-06 14:32:20,994 - INFO - 投票结果: 选择路径 0, 答案: 24, 置信度: 0.4
2025-08-06 14:32:20,995 - INFO - 投票结果: 选择路径 0, 答案: 139, 置信度: 0.9
2025-08-06 14:32:20,996 - INFO - 投票结果: 选择路径 0, 答案: 36, 置信度: 0.7
2025-08-06 14:32:20,998 - INFO - 投票结果: 选择路径 0, 答案: 18, 置信度: 0.5
2025-08-06 14:32:20,999 - INFO - 投票结果: 选择路径 0, 答案: 12, 置信度: 1.0
2025-08-06 14:32:21,001 - INFO - 投票结果: 选择路径 0, 答案: 78, 置信度: 1.0
2025-08-06 14:32:21,002 - INFO - 投票结果: 选择路径 0, 答案: 3, 置信度: 1.0
2025-08-06 14:32:21,003 - INFO - 投票结果: 选择路径 3, 答案: 225, 置信度: 0.3
2025-08-06 14:32:21,005 - INFO - 投票结果: 选择路径 3, 答案: 163, 置信度: 0.5
2025-08-06 14:32:21,006 - INFO - 投票结果: 选择路径 0, 答案: 90, 置信度: 1.0
2025-08-06 14:32:21,007 - INFO - 投票结果: 选择路径 0, 答案: 180, 置信度: 0.3
2025-08-06 14:32:21,009 - INFO - 投票结果: 选择路径 0, 答案: 480, 置信度: 0.2
2025-08-06 14:32:21,010 - INFO - 投票结果: 选择路径 0, 答案: 5, 置信度: 0.6
2025-08-06 14:32:21,012 - INFO - 投票结果: 选择路径 0, 答案: 90, 置信度: 1.0
2025-08-06 14:32:21,013 - INFO - 投票结果: 选择路径 1, 答案: 42, 置信度: 0.9
2025-08-06 14:32:21,014 - INFO - 投票结果: 选择路径 0, 答案: 162, 置信度: 1.0
2025-08-06 14:32:21,016 - INFO - 投票结果: 选择路径 0, 答案: 9, 置信度: 0.9
2025-08-06 14:32:21,017 - INFO - 投票结果: 选择路径 7, 答案: 53, 置信度: 0.2
2025-08-06 14:32:21,019 - INFO - 投票结果: 选择路径 2, 答案: 82, 置信度: 0.3
2025-08-06 14:32:21,020 - INFO - 投票结果: 选择路径 0, 答案: 14000, 置信度: 1.0
2025-08-06 14:32:21,021 - INFO - 投票结果: 选择路径 0, 答案: 45, 置信度: 1.0
2025-08-06 14:32:21,023 - INFO - 投票结果: 选择路径 0, 答案: 420, 置信度: 0.8
2025-08-06 14:32:21,024 - INFO - 投票结果: 选择路径 0, 答案: 15, 置信度: 0.8
2025-08-06 14:32:21,026 - INFO - 投票结果: 选择路径 0, 答案: 30, 置信度: 1.0
2025-08-06 14:32:21,027 - INFO - 投票结果: 选择路径 0, 答案: 280, 置信度: 1.0
2025-08-06 14:32:21,028 - INFO - 投票结果: 选择路径 0, 答案: 5, 置信度: 0.6
2025-08-06 14:32:21,030 - INFO - 投票结果: 选择路径 0, 答案: 135, 置信度: 1.0
2025-08-06 14:32:21,031 - INFO - 投票结果: 选择路径 0, 答案: 67, 置信度: 1.0
2025-08-06 14:32:21,032 - INFO - 投票结果: 选择路径 0, 答案: 1260, 置信度: 1.0
2025-08-06 14:32:21,034 - INFO - 投票结果: 选择路径 0, 答案: 80, 置信度: 1.0
2025-08-06 14:32:21,035 - INFO - 投票结果: 选择路径 2, 答案: 1220, 置信度: 0.3
2025-08-06 14:32:21,037 - INFO - 投票结果: 选择路径 0, 答案: 15, 置信度: 1.0
2025-08-06 14:32:21,038 - INFO - 投票结果: 选择路径 1, 答案: 12, 置信度: 0.8
2025-08-06 14:32:21,039 - INFO - 投票结果: 选择路径 0, 答案: 15, 置信度: 1.0
2025-08-06 14:32:21,041 - INFO - 投票结果: 选择路径 0, 答案: 221, 置信度: 1.0
2025-08-06 14:32:21,042 - INFO - 投票结果: 选择路径 0, 答案: 5, 置信度: 1.0
2025-08-06 14:32:21,043 - INFO - 投票结果: 选择路径 1, 答案: 11, 置信度: 0.7
2025-08-06 14:32:21,045 - INFO - 投票结果: 选择路径 0, 答案: 8400, 置信度: 0.6
2025-08-06 14:32:21,046 - INFO - 投票结果: 选择路径 0, 答案: 3000, 置信度: 0.8
2025-08-06 14:32:21,048 - INFO - 投票结果: 选择路径 0, 答案: 60, 置信度: 1.0
2025-08-06 14:32:21,049 - INFO - 投票结果: 选择路径 1, 答案: 826, 置信度: 0.5
2025-08-06 14:32:21,050 - INFO - 投票结果: 选择路径 0, 答案: 20, 置信度: 0.5
2025-08-06 14:32:21,052 - INFO - 投票结果: 选择路径 0, 答案: 6, 置信度: 0.7
2025-08-06 14:32:21,053 - INFO - 投票结果: 选择路径 2, 答案: 4, 置信度: 0.3
2025-08-06 14:32:21,054 - INFO - 投票结果: 选择路径 0, 答案: 480, 置信度: 1.0
2025-08-06 14:32:21,056 - INFO - 投票结果: 选择路径 0, 答案: 14400, 置信度: 0.7
2025-08-06 14:32:21,057 - INFO - 投票结果: 选择路径 0, 答案: 3, 置信度: 0.9
2025-08-06 14:32:21,059 - INFO - 投票结果: 选择路径 0, 答案: 250, 置信度: 1.0
2025-08-06 14:32:21,060 - INFO - 投票结果: 选择路径 0, 答案: 168, 置信度: 1.0
2025-08-06 14:32:21,061 - INFO - 投票结果: 选择路径 0, 答案: 64800, 置信度: 0.5
2025-08-06 14:32:21,063 - INFO - 投票结果: 选择路径 2, 答案: 120, 置信度: 0.6
2025-08-06 14:32:21,064 - INFO - 投票结果: 选择路径 0, 答案: 270, 置信度: 1.0
2025-08-06 14:32:21,066 - INFO - 投票结果: 选择路径 0, 答案: 26, 置信度: 1.0
2025-08-06 14:32:21,067 - INFO - 投票结果: 选择路径 0, 答案: 20, 置信度: 0.7
2025-08-06 14:32:21,068 - INFO - 投票结果: 选择路径 0, 答案: 15, 置信度: 0.5
2025-08-06 14:32:21,070 - INFO - 投票结果: 选择路径 0, 答案: 101, 置信度: 1.0
2025-08-06 14:32:21,071 - INFO - 投票结果: 选择路径 6, 答案: 80, 置信度: 0.3
2025-08-06 14:32:21,073 - INFO - 投票结果: 选择路径 0, 答案: 85, 置信度: 1.0
2025-08-06 14:32:21,074 - INFO - 投票结果: 选择路径 2, 答案: 3, 置信度: 0.4
2025-08-06 14:32:21,075 - INFO - 投票结果: 选择路径 0, 答案: 2300, 置信度: 0.3
2025-08-06 14:32:21,077 - INFO - 投票结果: 选择路径 0, 答案: 300, 置信度: 1.0
2025-08-06 14:32:21,078 - INFO - 投票结果: 选择路径 0, 答案: 31, 置信度: 0.9
2025-08-06 14:32:21,079 - INFO - 投票结果: 选择路径 0, 答案: 12, 置信度: 0.9
2025-08-06 14:32:21,081 - INFO - 投票结果: 选择路径 0, 答案: 2:00p, 置信度: 0.9
2025-08-06 14:32:21,082 - INFO - 投票结果: 选择路径 0, 答案: 3, 置信度: 1.0
2025-08-06 14:32:21,084 - INFO - 投票结果: 选择路径 0, 答案: 10, 置信度: 0.6
2025-08-06 14:32:21,085 - INFO - 投票结果: 选择路径 0, 答案: 45, 置信度: 1.0
2025-08-06 14:32:21,086 - INFO - 投票结果: 选择路径 0, 答案: 200, 置信度: 1.0
2025-08-06 14:32:21,088 - INFO - 投票结果: 选择路径 1, 答案: 34, 置信度: 0.6
2025-08-06 14:32:21,089 - INFO - 投票结果: 选择路径 1, 答案: 10, 置信度: 0.7
2025-08-06 14:32:21,090 - INFO - 投票结果: 选择路径 0, 答案: 98, 置信度: 1.0
2025-08-06 14:32:21,092 - INFO - 投票结果: 选择路径 0, 答案: 5, 置信度: 0.2
2025-08-06 14:32:21,093 - INFO - 投票结果: 选择路径 0, 答案: 27, 置信度: 0.4
2025-08-06 14:32:21,095 - INFO - 投票结果: 选择路径 0, 答案: 360, 置信度: 0.2
2025-08-06 14:32:21,096 - INFO - 投票结果: 选择路径 2, 答案: 8, 置信度: 0.3
2025-08-06 14:32:21,098 - INFO - 投票结果: 选择路径 0, 答案: 15, 置信度: 0.2
2025-08-06 14:32:21,099 - INFO - 投票结果: 选择路径 0, 答案: 70, 置信度: 1.0
2025-08-06 14:32:21,100 - INFO - 投票结果: 选择路径 0, 答案: 294, 置信度: 1.0
2025-08-06 14:32:21,102 - INFO - 投票结果: 选择路径 0, 答案: 5, 置信度: 0.5
2025-08-06 14:32:21,103 - INFO - 投票结果: 选择路径 0, 答案: 13, 置信度: 1.0
2025-08-06 14:32:21,104 - INFO - 投票结果: 选择路径 0, 答案: 195, 置信度: 0.9
2025-08-06 14:32:21,106 - INFO - 投票结果: 选择路径 0, 答案: 7, 置信度: 1.0
2025-08-06 14:32:21,107 - INFO - 投票结果: 选择路径 0, 答案: 1875, 置信度: 1.0
2025-08-06 14:32:21,108 - INFO - 投票结果: 选择路径 0, 答案: 385000, 置信度: 0.9
2025-08-06 14:32:21,110 - INFO - 投票结果: 选择路径 0, 答案: 85, 置信度: 1.0
2025-08-06 14:32:21,111 - INFO - 投票结果: 选择路径 0, 答案: 27, 置信度: 0.9
2025-08-06 14:32:21,113 - INFO - 投票结果: 选择路径 0, 答案: 159, 置信度: 1.0
2025-08-06 14:32:21,114 - INFO - 投票结果: 选择路径 0, 答案: 25, 置信度: 0.9
2025-08-06 14:32:21,115 - INFO - 投票结果: 选择路径 0, 答案: 720, 置信度: 1.0
2025-08-06 14:32:21,117 - INFO - 投票结果: 选择路径 2, 答案: 549, 置信度: 0.6
2025-08-06 14:32:21,118 - INFO - 投票结果: 选择路径 0, 答案: 7, 置信度: 0.9
2025-08-06 14:32:21,120 - INFO - 投票结果: 选择路径 0, 答案: 25, 置信度: 0.8
2025-08-06 14:32:21,121 - INFO - 投票结果: 选择路径 1, 答案: 90, 置信度: 0.4
2025-08-06 14:32:21,123 - INFO - 投票结果: 选择路径 0, 答案: 2, 置信度: 0.7
2025-08-06 14:32:21,124 - INFO - 投票结果: 选择路径 2, 答案: 22, 置信度: 0.7
2025-08-06 14:32:21,125 - INFO - 投票结果: 选择路径 0, 答案: 40, 置信度: 0.9
2025-08-06 14:32:21,127 - INFO - 投票结果: 选择路径 0, 答案: 1950, 置信度: 0.4
2025-08-06 14:32:21,128 - INFO - 投票结果: 选择路径 3, 答案: 150, 置信度: 0.3
2025-08-06 14:32:21,130 - INFO - 投票结果: 选择路径 1, 答案: 10, 置信度: 0.9
2025-08-06 14:32:21,131 - INFO - 投票结果: 选择路径 4, 答案: 36, 置信度: 0.4
2025-08-06 14:32:21,132 - INFO - 投票结果: 选择路径 0, 答案: 17, 置信度: 1.0
2025-08-06 14:32:21,134 - INFO - 投票结果: 选择路径 1, 答案: 50, 置信度: 0.7
2025-08-06 14:32:21,135 - INFO - 投票结果: 选择路径 0, 答案: 96, 置信度: 0.7
2025-08-06 14:32:21,137 - INFO - 投票结果: 选择路径 0, 答案: 280, 置信度: 0.7
2025-08-06 14:32:21,138 - INFO - 投票结果: 选择路径 2, 答案: 60, 置信度: 0.5
2025-08-06 14:32:21,139 - INFO - 投票结果: 选择路径 0, 答案: 142, 置信度: 1.0
2025-08-06 14:32:21,141 - INFO - 投票结果: 选择路径 0, 答案: 5, 置信度: 0.5
2025-08-06 14:32:21,142 - INFO - 投票结果: 选择路径 0, 答案: 95, 置信度: 1.0
2025-08-06 14:32:21,143 - INFO - 投票结果: 选择路径 0, 答案: 175, 置信度: 1.0
2025-08-06 14:32:21,145 - INFO - 投票结果: 选择路径 0, 答案: 10, 置信度: 0.7
2025-08-06 14:32:21,146 - INFO - 投票结果: 选择路径 0, 答案: 15, 置信度: 1.0
2025-08-06 14:32:21,148 - INFO - 投票结果: 选择路径 0, 答案: 370, 置信度: 0.5
2025-08-06 14:32:21,149 - INFO - 投票结果: 选择路径 2, 答案: 2, 置信度: 0.3
2025-08-06 14:32:21,150 - INFO - 投票结果: 选择路径 0, 答案: 2, 置信度: 1.0
2025-08-06 14:32:21,152 - INFO - 投票结果: 选择路径 0, 答案: 120, 置信度: 0.6
2025-08-06 14:32:21,153 - INFO - 投票结果: 选择路径 0, 答案: 70, 置信度: 1.0
2025-08-06 14:32:21,154 - INFO - 投票结果: 选择路径 0, 答案: 17000, 置信度: 1.0
2025-08-06 14:32:21,156 - INFO - 投票结果: 选择路径 0, 答案: 57, 置信度: 0.9
2025-08-06 14:32:21,157 - INFO - 投票结果: 选择路径 0, 答案: 1260, 置信度: 0.9
2025-08-06 14:32:21,159 - INFO - 投票结果: 选择路径 0, 答案: 4500, 置信度: 1.0
2025-08-06 14:32:21,160 - INFO - 投票结果: 选择路径 0, 答案: 5, 置信度: 0.8
2025-08-06 14:32:21,161 - INFO - 投票结果: 选择路径 0, 答案: 360, 置信度: 1.0
2025-08-06 14:32:21,163 - INFO - 投票结果: 选择路径 0, 答案: 50, 置信度: 0.6
2025-08-06 14:32:21,164 - INFO - 投票结果: 选择路径 0, 答案: 95, 置信度: 0.7
2025-08-06 14:32:21,165 - INFO - 投票结果: 选择路径 0, 答案: 2, 置信度: 0.8
2025-08-06 14:32:21,167 - INFO - 投票结果: 选择路径 3, 答案: 7.17, 置信度: 0.5
2025-08-06 14:32:21,168 - INFO - 投票结果: 选择路径 0, 答案: 5760, 置信度: 0.9
2025-08-06 14:32:21,170 - INFO - 投票结果: 选择路径 0, 答案: 35, 置信度: 0.9
2025-08-06 14:32:21,171 - INFO - 投票结果: 选择路径 0, 答案: 27, 置信度: 0.4
2025-08-06 14:32:21,172 - INFO - 投票结果: 选择路径 3, 答案: 7, 置信度: 0.5
2025-08-06 14:32:21,174 - INFO - 投票结果: 选择路径 0, 答案: 3, 置信度: 1.0
2025-08-06 14:32:21,175 - INFO - 投票结果: 选择路径 0, 答案: 147, 置信度: 0.5
2025-08-06 14:32:21,177 - INFO - 投票结果: 选择路径 0, 答案: 280, 置信度: 0.8
2025-08-06 14:32:21,178 - INFO - 投票结果: 选择路径 0, 答案: 16, 置信度: 0.8
2025-08-06 14:32:21,180 - INFO - 投票结果: 选择路径 0, 答案: 10, 置信度: 1.0
2025-08-06 14:32:21,181 - INFO - 投票结果: 选择路径 0, 答案: 101, 置信度: 1.0
2025-08-06 14:32:21,182 - INFO - 投票结果: 选择路径 0, 答案: 12, 置信度: 0.7
2025-08-06 14:32:21,184 - INFO - 投票结果: 选择路径 0, 答案: 78, 置信度: 1.0
2025-08-06 14:32:21,185 - INFO - 投票结果: 选择路径 1, 答案: 16, 置信度: 0.9
2025-08-06 14:32:21,187 - INFO - 投票结果: 选择路径 1, 答案: 8, 置信度: 0.9
2025-08-06 14:32:21,188 - INFO - 投票结果: 选择路径 0, 答案: 20, 置信度: 0.8
2025-08-06 14:32:21,189 - INFO - 投票结果: 选择路径 0, 答案: 280, 置信度: 0.6
2025-08-06 14:32:21,191 - INFO - 投票结果: 选择路径 2, 答案: 1.96875, 置信度: 0.4
2025-08-06 14:32:21,192 - INFO - 投票结果: 选择路径 0, 答案: 105, 置信度: 1.0
2025-08-06 14:32:21,194 - INFO - 投票结果: 选择路径 0, 答案: 58, 置信度: 0.7
2025-08-06 14:32:21,195 - INFO - 投票结果: 选择路径 0, 答案: 6, 置信度: 1.0
2025-08-06 14:32:21,196 - INFO - 投票结果: 选择路径 0, 答案: 220, 置信度: 0.5
2025-08-06 14:32:21,198 - INFO - 投票结果: 选择路径 0, 答案: 770, 置信度: 1.0
2025-08-06 14:32:21,199 - INFO - 投票结果: 选择路径 0, 答案: 28, 置信度: 1.0
2025-08-06 14:32:21,200 - INFO - 投票结果: 选择路径 0, 答案: 25, 置信度: 0.6
2025-08-06 14:32:21,202 - INFO - 投票结果: 选择路径 0, 答案: 1630, 置信度: 1.0
2025-08-06 14:32:21,203 - INFO - 投票结果: 选择路径 1, 答案: 55, 置信度: 0.7
2025-08-06 14:32:21,205 - INFO - 投票结果: 选择路径 0, 答案: 40, 置信度: 0.8
2025-08-06 14:32:21,206 - INFO - 投票结果: 选择路径 0, 答案: 11, 置信度: 1.0
2025-08-06 14:32:21,207 - INFO - 投票结果: 选择路径 0, 答案: 3, 置信度: 1.0
2025-08-06 14:32:21,209 - INFO - 投票结果: 选择路径 2, 答案: 20, 置信度: 0.5
2025-08-06 14:32:21,210 - INFO - 投票结果: 选择路径 2, 答案: 15, 置信度: 0.8
2025-08-06 14:32:21,212 - INFO - 投票结果: 选择路径 1, 答案: 3, 置信度: 0.3
2025-08-06 14:32:21,213 - INFO - 投票结果: 选择路径 0, 答案: 70, 置信度: 1.0
2025-08-06 14:32:21,214 - INFO - 投票结果: 选择路径 1, 答案: 63, 置信度: 0.7
2025-08-06 14:32:21,216 - INFO - 投票结果: 选择路径 0, 答案: 14, 置信度: 0.9
2025-08-06 14:32:21,217 - INFO - 投票结果: 选择路径 0, 答案: 11, 置信度: 1.0
2025-08-06 14:32:21,219 - INFO - 投票结果: 选择路径 0, 答案: 153, 置信度: 0.7
2025-08-06 14:32:21,220 - INFO - 投票结果: 选择路径 0, 答案: 15, 置信度: 1.0
2025-08-06 14:32:21,222 - INFO - 投票结果: 选择路径 2, 答案: 115, 置信度: 0.3
2025-08-06 14:32:21,223 - INFO - 投票结果: 选择路径 2, 答案: 175, 置信度: 0.5
2025-08-06 14:32:21,224 - INFO - 投票结果: 选择路径 1, 答案: 600, 置信度: 0.8
2025-08-06 14:32:21,226 - INFO - 投票结果: 选择路径 0, 答案: 20, 置信度: 0.9
2025-08-06 14:32:21,227 - INFO - 投票结果: 选择路径 0, 答案: 12, 置信度: 1.0
2025-08-06 14:32:21,229 - INFO - 投票结果: 选择路径 0, 答案: 87, 置信度: 0.9
2025-08-06 14:32:21,230 - INFO - 投票结果: 选择路径 0, 答案: 54, 置信度: 0.5
2025-08-06 14:32:21,232 - INFO - 投票结果: 选择路径 0, 答案: 10, 置信度: 0.9
2025-08-06 14:32:21,233 - INFO - 投票结果: 选择路径 0, 答案: 18, 置信度: 1.0
2025-08-06 14:32:21,235 - INFO - 投票结果: 选择路径 0, 答案: 230, 置信度: 1.0
2025-08-06 14:32:21,236 - INFO - 投票结果: 选择路径 2, 答案: 5, 置信度: 0.4
2025-08-06 14:32:21,237 - INFO - 投票结果: 选择路径 0, 答案: 1198, 置信度: 0.7
2025-08-06 14:32:21,239 - INFO - 投票结果: 选择路径 0, 答案: 2325, 置信度: 0.9
2025-08-06 14:32:21,240 - INFO - 投票结果: 选择路径 0, 答案: 80, 置信度: 1.0
2025-08-06 14:32:21,242 - INFO - 投票结果: 选择路径 0, 答案: 880, 置信度: 1.0
2025-08-06 14:32:21,243 - INFO - 投票结果: 选择路径 0, 答案: 5, 置信度: 0.9
2025-08-06 14:32:21,244 - INFO - 投票结果: 选择路径 0, 答案: 45, 置信度: 0.9
2025-08-06 14:32:21,246 - INFO - 投票结果: 选择路径 0, 答案: 75, 置信度: 1.0
2025-08-06 14:32:21,247 - INFO - 投票结果: 选择路径 0, 答案: 4, 置信度: 0.7
2025-08-06 14:32:21,249 - INFO - 投票结果: 选择路径 0, 答案: 350, 置信度: 1.0
2025-08-06 14:32:21,250 - INFO - 投票结果: 选择路径 0, 答案: 200, 置信度: 1.0
2025-08-06 14:32:21,251 - INFO - 投票结果: 选择路径 0, 答案: 1000, 置信度: 0.8
2025-08-06 14:32:21,253 - INFO - 投票结果: 选择路径 0, 答案: 21, 置信度: 1.0
2025-08-06 14:32:21,254 - INFO - 投票结果: 选择路径 0, 答案: 19, 置信度: 1.0
2025-08-06 14:32:21,256 - INFO - 投票结果: 选择路径 0, 答案: 13, 置信度: 1.0
2025-08-06 14:32:21,257 - INFO - 投票结果: 选择路径 0, 答案: 10, 置信度: 0.5
2025-08-06 14:32:21,258 - INFO - 投票结果: 选择路径 0, 答案: 440, 置信度: 1.0
2025-08-06 14:32:21,260 - INFO - 投票结果: 选择路径 0, 答案: 48, 置信度: 1.0
2025-08-06 14:32:21,261 - INFO - 投票结果: 选择路径 1, 答案: 33, 置信度: 0.4
2025-08-06 14:32:21,263 - INFO - 投票结果: 选择路径 0, 答案: 64, 置信度: 0.5
2025-08-06 14:32:21,264 - INFO - 投票结果: 选择路径 0, 答案: 22, 置信度: 1.0
2025-08-06 14:32:21,265 - INFO - 投票结果: 选择路径 0, 答案: 57500, 置信度: 1.0
2025-08-06 14:32:21,267 - INFO - 投票结果: 选择路径 0, 答案: 35, 置信度: 1.0
2025-08-06 14:32:21,268 - INFO - 投票结果: 选择路径 0, 答案: 26, 置信度: 1.0
2025-08-06 14:32:21,270 - INFO - 投票结果: 选择路径 0, 答案: 18, 置信度: 0.5
2025-08-06 14:32:21,271 - INFO - 投票结果: 选择路径 0, 答案: 27000, 置信度: 1.0
2025-08-06 14:32:21,272 - INFO - 投票结果: 选择路径 0, 答案: 157, 置信度: 0.9
2025-08-06 14:32:21,274 - INFO - 投票结果: 选择路径 0, 答案: 14, 置信度: 1.0
2025-08-06 14:32:21,275 - INFO - 投票结果: 选择路径 0, 答案: 26, 置信度: 1.0
2025-08-06 14:32:21,276 - INFO - 投票结果: 选择路径 0, 答案: 966.30, 置信度: 0.2
2025-08-06 14:32:21,278 - INFO - 投票结果: 选择路径 0, 答案: 12, 置信度: 1.0
2025-08-06 14:32:21,279 - INFO - 投票结果: 选择路径 1, 答案: 11, 置信度: 0.3
2025-08-06 14:32:21,281 - INFO - 投票结果: 选择路径 0, 答案: 366, 置信度: 1.0
2025-08-06 14:32:21,282 - INFO - 投票结果: 选择路径 0, 答案: 195, 置信度: 1.0
2025-08-06 14:32:21,283 - INFO - 投票结果: 选择路径 0, 答案: 90, 置信度: 1.0
2025-08-06 14:32:21,285 - INFO - 投票结果: 选择路径 0, 答案: 10, 置信度: 0.9
2025-08-06 14:32:21,286 - INFO - 投票结果: 选择路径 0, 答案: 400, 置信度: 0.9
2025-08-06 14:32:21,287 - INFO - 投票结果: 选择路径 0, 答案: 6, 置信度: 0.8
2025-08-06 14:32:21,289 - INFO - 投票结果: 选择路径 0, 答案: 17, 置信度: 1.0
2025-08-06 14:32:21,290 - INFO - 投票结果: 选择路径 0, 答案: 80, 置信度: 0.7
2025-08-06 14:32:21,292 - INFO - 投票结果: 选择路径 1, 答案: 11, 置信度: 0.3
2025-08-06 14:32:21,293 - INFO - 投票结果: 选择路径 0, 答案: 44, 置信度: 1.0
2025-08-06 14:32:21,294 - INFO - 投票结果: 选择路径 0, 答案: 48, 置信度: 0.7
2025-08-06 14:32:21,296 - INFO - 投票结果: 选择路径 0, 答案: 27, 置信度: 1.0
2025-08-06 14:32:21,297 - INFO - 投票结果: 选择路径 0, 答案: 120, 置信度: 1.0
2025-08-06 14:32:21,298 - INFO - 投票结果: 选择路径 0, 答案: 12, 置信度: 1.0
2025-08-06 14:32:21,300 - INFO - 投票结果: 选择路径 0, 答案: 5, 置信度: 1.0
2025-08-06 14:32:21,301 - INFO - 投票结果: 选择路径 0, 答案: 36, 置信度: 1.0
2025-08-06 14:32:21,303 - INFO - 投票结果: 选择路径 0, 答案: 9, 置信度: 1.0
2025-08-06 14:32:21,304 - INFO - 投票结果: 选择路径 0, 答案: 2, 置信度: 0.9
2025-08-06 14:32:21,305 - INFO - 投票结果: 选择路径 0, 答案: 26, 置信度: 0.3
2025-08-06 14:32:21,307 - INFO - 投票结果: 选择路径 0, 答案: 70, 置信度: 1.0
2025-08-06 14:32:21,308 - INFO - 投票结果: 选择路径 0, 答案: 3160, 置信度: 0.3
2025-08-06 14:32:21,310 - INFO - 投票结果: 选择路径 0, 答案: 3200, 置信度: 1.0
2025-08-06 14:32:21,311 - INFO - 投票结果: 选择路径 0, 答案: 180, 置信度: 0.4
2025-08-06 14:32:21,312 - INFO - 投票结果: 选择路径 0, 答案: 90, 置信度: 1.0
2025-08-06 14:32:21,314 - INFO - 投票结果: 选择路径 0, 答案: 200, 置信度: 0.9
2025-08-06 14:32:21,315 - INFO - 投票结果: 选择路径 0, 答案: 180000, 置信度: 0.4
2025-08-06 14:32:21,317 - INFO - 投票结果: 选择路径 0, 答案: 9, 置信度: 1.0
2025-08-06 14:32:21,318 - INFO - 投票结果: 选择路径 0, 答案: 10, 置信度: 1.0
2025-08-06 14:32:21,319 - INFO - 投票结果: 选择路径 0, 答案: 48, 置信度: 0.2
2025-08-06 14:32:21,321 - INFO - 投票结果: 选择路径 0, 答案: 700, 置信度: 0.8
2025-08-06 14:32:21,322 - INFO - 投票结果: 选择路径 0, 答案: 12, 置信度: 1.0
2025-08-06 14:32:21,324 - INFO - 投票结果: 选择路径 0, 答案: 3, 置信度: 1.0
2025-08-06 14:32:21,325 - INFO - 投票结果: 选择路径 0, 答案: 320, 置信度: 0.9
2025-08-06 14:32:21,326 - INFO - 投票结果: 选择路径 1, 答案: 59, 置信度: 0.4
2025-08-06 14:32:21,328 - INFO - 投票结果: 选择路径 0, 答案: 50, 置信度: 0.9
2025-08-06 14:32:21,329 - INFO - 投票结果: 选择路径 0, 答案: 50, 置信度: 1.0
2025-08-06 14:32:21,331 - INFO - 投票结果: 选择路径 0, 答案: 1850, 置信度: 0.3
2025-08-06 14:32:21,332 - INFO - 投票结果: 选择路径 2, 答案: 12, 置信度: 0.5
2025-08-06 14:32:21,333 - INFO - 投票结果: 选择路径 0, 答案: 2640, 置信度: 1.0
2025-08-06 14:32:21,335 - INFO - 投票结果: 选择路径 0, 答案: 98, 置信度: 1.0
2025-08-06 14:32:21,336 - INFO - 投票结果: 选择路径 0, 答案: 19, 置信度: 1.0
2025-08-06 14:32:21,338 - INFO - 投票结果: 选择路径 0, 答案: 21, 置信度: 1.0
2025-08-06 14:32:21,339 - INFO - 投票结果: 选择路径 0, 答案: 5, 置信度: 0.9
2025-08-06 14:32:21,340 - INFO - 投票结果: 选择路径 0, 答案: 30, 置信度: 1.0
2025-08-06 14:32:21,342 - INFO - 投票结果: 选择路径 0, 答案: 34, 置信度: 0.9
2025-08-06 14:32:21,343 - INFO - 投票结果: 选择路径 1, 答案: 48, 置信度: 0.5
2025-08-06 14:32:21,345 - INFO - 投票结果: 选择路径 0, 答案: 7, 置信度: 1.0
2025-08-06 14:32:21,346 - INFO - 投票结果: 选择路径 0, 答案: 50, 置信度: 1.0
2025-08-06 14:32:21,347 - INFO - 投票结果: 选择路径 0, 答案: 25, 置信度: 1.0
2025-08-06 14:32:21,349 - INFO - 投票结果: 选择路径 0, 答案: 500, 置信度: 1.0
2025-08-06 14:32:21,350 - INFO - 投票结果: 选择路径 0, 答案: 300, 置信度: 1.0
2025-08-06 14:32:21,352 - INFO - 投票结果: 选择路径 0, 答案: 842, 置信度: 1.0
2025-08-06 14:32:21,353 - INFO - 投票结果: 选择路径 0, 答案: 600, 置信度: 0.9
2025-08-06 14:32:21,355 - INFO - 投票结果: 选择路径 2, 答案: 160, 置信度: 0.3
2025-08-06 14:32:21,356 - INFO - 投票结果: 选择路径 0, 答案: 32, 置信度: 0.9
2025-08-06 14:32:21,357 - INFO - 投票结果: 选择路径 1, 答案: 15, 置信度: 0.9
2025-08-06 14:32:21,359 - INFO - 投票结果: 选择路径 0, 答案: 243, 置信度: 1.0
2025-08-06 14:32:21,360 - INFO - 投票结果: 选择路径 0, 答案: 60, 置信度: 0.8
2025-08-06 14:32:21,361 - INFO - 投票结果: 选择路径 0, 答案: 1218, 置信度: 1.0
2025-08-06 14:32:21,363 - INFO - 投票结果: 选择路径 1, 答案: 16, 置信度: 0.5
2025-08-06 14:32:21,364 - INFO - 投票结果: 选择路径 0, 答案: 40, 置信度: 1.0
2025-08-06 14:32:21,366 - INFO - 投票结果: 选择路径 0, 答案: 1210, 置信度: 1.0
2025-08-06 14:32:21,367 - INFO - 投票结果: 选择路径 0, 答案: 50, 置信度: 0.8
2025-08-06 14:32:21,368 - INFO - 投票结果: 选择路径 0, 答案: 12, 置信度: 1.0
2025-08-06 14:32:21,370 - INFO - 投票结果: 选择路径 0, 答案: 3528, 置信度: 1.0
2025-08-06 14:32:21,371 - INFO - 投票结果: 选择路径 2, 答案: 150, 置信度: 0.4
2025-08-06 14:32:21,372 - INFO - 投票结果: 选择路径 0, 答案: 1050, 置信度: 1.0
2025-08-06 14:32:21,374 - INFO - 投票结果: 选择路径 0, 答案: 2304, 置信度: 1.0
2025-08-06 14:32:21,375 - INFO - 投票结果: 选择路径 2, 答案: 110, 置信度: 0.4
2025-08-06 14:32:21,377 - INFO - 投票结果: 选择路径 2, 答案: 10000, 置信度: 0.4
2025-08-06 14:32:21,378 - INFO - 投票结果: 选择路径 0, 答案: 410, 置信度: 0.8
2025-08-06 14:32:21,379 - INFO - 投票结果: 选择路径 0, 答案: 32, 置信度: 1.0
2025-08-06 14:32:21,381 - INFO - 投票结果: 选择路径 0, 答案: 120, 置信度: 0.7
2025-08-06 14:32:21,382 - INFO - 投票结果: 选择路径 0, 答案: 29, 置信度: 1.0
2025-08-06 14:32:21,384 - INFO - 投票结果: 选择路径 1, 答案: 200, 置信度: 0.6
2025-08-06 14:32:21,385 - INFO - 投票结果: 选择路径 1, 答案: 80, 置信度: 0.6
2025-08-06 14:32:21,386 - INFO - 投票结果: 选择路径 1, 答案: 200, 置信度: 0.4
2025-08-06 14:32:21,388 - INFO - 投票结果: 选择路径 0, 答案: 2, 置信度: 0.9
2025-08-06 14:32:21,389 - INFO - 投票结果: 选择路径 0, 答案: 9, 置信度: 1.0
2025-08-06 14:32:21,390 - INFO - 投票结果: 选择路径 0, 答案: 100, 置信度: 1.0
2025-08-06 14:32:21,392 - INFO - 投票结果: 选择路径 0, 答案: 40, 置信度: 1.0
2025-08-06 14:32:21,393 - INFO - 投票结果: 选择路径 1, 答案: 250, 置信度: 0.5
2025-08-06 14:32:21,395 - INFO - 投票结果: 选择路径 0, 答案: 5600, 置信度: 0.8
2025-08-06 14:32:21,396 - INFO - 投票结果: 选择路径 1, 答案: 5, 置信度: 0.9
2025-08-06 14:32:21,397 - INFO - 投票结果: 选择路径 0, 答案: 600, 置信度: 1.0
2025-08-06 14:32:21,399 - INFO - 投票结果: 选择路径 0, 答案: 6, 置信度: 1.0
2025-08-06 14:32:21,400 - INFO - 投票结果: 选择路径 0, 答案: 1, 置信度: 1.0
2025-08-06 14:32:21,401 - INFO - 投票结果: 选择路径 0, 答案: 360, 置信度: 0.6
2025-08-06 14:32:21,403 - INFO - 投票结果: 选择路径 0, 答案: 45, 置信度: 1.0
2025-08-06 14:32:21,404 - INFO - 投票结果: 选择路径 0, 答案: 310, 置信度: 1.0
2025-08-06 14:32:21,406 - INFO - 投票结果: 选择路径 1, 答案: 6, 置信度: 0.5
2025-08-06 14:32:21,407 - INFO - 投票结果: 选择路径 0, 答案: 30, 置信度: 1.0
2025-08-06 14:32:21,408 - INFO - 投票结果: 选择路径 0, 答案: 220, 置信度: 1.0
2025-08-06 14:32:21,410 - INFO - 投票结果: 选择路径 0, 答案: 310, 置信度: 1.0
2025-08-06 14:32:21,411 - INFO - 投票结果: 选择路径 1, 答案: 250, 置信度: 0.7
2025-08-06 14:32:21,412 - INFO - 投票结果: 选择路径 0, 答案: 118000, 置信度: 0.8
2025-08-06 14:32:21,414 - INFO - 投票结果: 选择路径 0, 答案: 160, 置信度: 1.0
2025-08-06 14:32:21,415 - INFO - 投票结果: 选择路径 0, 答案: 4, 置信度: 1.0
2025-08-06 14:32:21,416 - INFO - 投票结果: 选择路径 0, 答案: 6, 置信度: 1.0
2025-08-06 14:32:21,418 - INFO - 投票结果: 选择路径 1, 答案: 64, 置信度: 0.5
2025-08-06 14:32:21,419 - INFO - 投票结果: 选择路径 0, 答案: 335, 置信度: 1.0
2025-08-06 14:32:21,421 - INFO - 投票结果: 选择路径 0, 答案: 44, 置信度: 1.0
2025-08-06 14:32:21,422 - INFO - 投票结果: 选择路径 0, 答案: 216, 置信度: 1.0
2025-08-06 14:32:21,424 - INFO - 投票结果: 选择路径 0, 答案: 40, 置信度: 1.0
2025-08-06 14:32:21,425 - INFO - 投票结果: 选择路径 0, 答案: 6, 置信度: 0.6
2025-08-06 14:32:21,426 - INFO - 投票结果: 选择路径 1, 答案: 135, 置信度: 0.6
2025-08-06 14:32:21,428 - INFO - 投票结果: 选择路径 1, 答案: 16, 置信度: 0.8
2025-08-06 14:32:21,429 - INFO - 投票结果: 选择路径 0, 答案: 6, 置信度: 1.0
2025-08-06 14:32:21,430 - INFO - 投票结果: 选择路径 0, 答案: 17, 置信度: 1.0
2025-08-06 14:32:21,432 - INFO - 投票结果: 选择路径 0, 答案: 540, 置信度: 0.9
2025-08-06 14:32:21,433 - INFO - 投票结果: 选择路径 0, 答案: 621, 置信度: 0.9
2025-08-06 14:32:21,435 - INFO - 投票结果: 选择路径 0, 答案: 120, 置信度: 1.0
2025-08-06 14:32:21,436 - INFO - 投票结果: 选择路径 0, 答案: 56, 置信度: 0.7
2025-08-06 14:32:21,437 - INFO - 投票结果: 选择路径 0, 答案: 2, 置信度: 1.0
2025-08-06 14:32:21,439 - INFO - 投票结果: 选择路径 0, 答案: 3, 置信度: 1.0
2025-08-06 14:32:21,440 - INFO - 投票结果: 选择路径 0, 答案: 104, 置信度: 0.8
2025-08-06 14:32:21,442 - INFO - 投票结果: 选择路径 0, 答案: 5, 置信度: 1.0
2025-08-06 14:32:21,443 - INFO - 投票结果: 选择路径 1, 答案: 11, 置信度: 0.6
2025-08-06 14:32:21,444 - INFO - 投票结果: 选择路径 0, 答案: 6, 置信度: 1.0
2025-08-06 14:32:21,446 - INFO - 投票结果: 选择路径 1, 答案: 40, 置信度: 0.7
2025-08-06 14:32:21,447 - INFO - 投票结果: 选择路径 0, 答案: 10, 置信度: 1.0
2025-08-06 14:32:21,449 - INFO - 投票结果: 选择路径 0, 答案: 9, 置信度: 0.9
2025-08-06 14:32:21,450 - INFO - 投票结果: 选择路径 0, 答案: 5, 置信度: 1.0
2025-08-06 14:32:21,452 - INFO - 投票结果: 选择路径 0, 答案: 16, 置信度: 0.9
2025-08-06 14:32:21,453 - INFO - 投票结果: 选择路径 0, 答案: 296, 置信度: 0.9
2025-08-06 14:32:21,454 - INFO - 投票结果: 选择路径 1, 答案: 750, 置信度: 0.6
2025-08-06 14:32:21,456 - INFO - 投票结果: 选择路径 1, 答案: 2, 置信度: 0.6
2025-08-06 14:32:21,457 - INFO - 投票结果: 选择路径 0, 答案: 4, 置信度: 1.0
2025-08-06 14:32:21,458 - INFO - 投票结果: 选择路径 0, 答案: 25, 置信度: 0.9
2025-08-06 14:32:21,460 - INFO - 投票结果: 选择路径 0, 答案: 210, 置信度: 0.6
2025-08-06 14:32:21,461 - INFO - 投票结果: 选择路径 0, 答案: 2, 置信度: 0.6
2025-08-06 14:32:21,463 - INFO - 投票结果: 选择路径 0, 答案: 35, 置信度: 0.8
2025-08-06 14:32:21,464 - INFO - 投票结果: 选择路径 0, 答案: 24, 置信度: 1.0
2025-08-06 14:32:21,465 - INFO - 投票结果: 选择路径 2, 答案: \frac{44}{3}, 置信度: 0.4
2025-08-06 14:32:21,467 - INFO - 投票结果: 选择路径 0, 答案: 69, 置信度: 0.9
2025-08-06 14:32:21,468 - INFO - 投票结果: 选择路径 0, 答案: 168, 置信度: 1.0
2025-08-06 14:32:21,470 - INFO - 投票结果: 选择路径 0, 答案: 20, 置信度: 1.0
2025-08-06 14:32:21,471 - INFO - 投票结果: 选择路径 0, 答案: 4, 置信度: 1.0
2025-08-06 14:32:21,472 - INFO - 投票结果: 选择路径 0, 答案: 1596, 置信度: 0.9
2025-08-06 14:32:21,474 - INFO - 投票结果: 选择路径 0, 答案: 150, 置信度: 0.6
2025-08-06 14:32:21,475 - INFO - 投票结果: 选择路径 0, 答案: 20, 置信度: 1.0
2025-08-06 14:32:21,477 - INFO - 投票结果: 选择路径 0, 答案: 2, 置信度: 1.0
2025-08-06 14:32:21,478 - INFO - 投票结果: 选择路径 0, 答案: 32, 置信度: 0.3
2025-08-06 14:32:21,479 - INFO - 投票结果: 选择路径 2, 答案: 3140, 置信度: 0.7
2025-08-06 14:32:21,481 - INFO - 投票结果: 选择路径 0, 答案: 4, 置信度: 1.0
2025-08-06 14:32:21,482 - INFO - 投票结果: 选择路径 0, 答案: 81, 置信度: 1.0
2025-08-06 14:32:21,484 - INFO - 投票结果: 选择路径 0, 答案: 52, 置信度: 0.4
2025-08-06 14:32:21,485 - INFO - 投票结果: 选择路径 0, 答案: 1400, 置信度: 0.7
2025-08-06 14:32:21,486 - INFO - 投票结果: 选择路径 1, 答案: 66.67, 置信度: 0.3
2025-08-06 14:32:21,488 - INFO - 投票结果: 选择路径 1, 答案: 30, 置信度: 0.5
2025-08-06 14:32:21,489 - INFO - 投票结果: 选择路径 0, 答案: 26, 置信度: 0.9
2025-08-06 14:32:21,491 - INFO - 投票结果: 选择路径 0, 答案: 13, 置信度: 1.0
2025-08-06 14:32:21,492 - INFO - 投票结果: 选择路径 1, 答案: 623, 置信度: 0.8
2025-08-06 14:32:21,493 - INFO - 投票结果: 选择路径 0, 答案: 92, 置信度: 1.0
2025-08-06 14:32:21,495 - INFO - 投票结果: 选择路径 4, 答案: 42, 置信度: 0.4
2025-08-06 14:32:21,496 - INFO - 投票结果: 选择路径 0, 答案: 55, 置信度: 1.0
2025-08-06 14:32:21,497 - INFO - 投票结果: 选择路径 0, 答案: 90, 置信度: 1.0
2025-08-06 14:32:21,499 - INFO - 投票结果: 选择路径 1, 答案: 75, 置信度: 0.4
2025-08-06 14:32:21,500 - INFO - 投票结果: 选择路径 0, 答案: 10, 置信度: 1.0
2025-08-06 14:32:21,502 - INFO - 投票结果: 选择路径 0, 答案: 70, 置信度: 1.0
2025-08-06 14:32:21,503 - INFO - 投票结果: 选择路径 2, 答案: 4, 置信度: 0.4
2025-08-06 14:32:21,504 - INFO - 投票结果: 选择路径 0, 答案: 2450, 置信度: 0.9
2025-08-06 14:32:21,506 - INFO - 投票结果: 选择路径 2, 答案: 20, 置信度: 0.5
2025-08-06 14:32:21,507 - INFO - 投票结果: 选择路径 2, 答案: 372000, 置信度: 0.5
2025-08-06 14:32:21,509 - INFO - 投票结果: 选择路径 0, 答案: 38, 置信度: 0.9
2025-08-06 14:32:21,510 - INFO - 投票结果: 选择路径 0, 答案: 300, 置信度: 1.0
2025-08-06 14:32:21,512 - INFO - 投票结果: 选择路径 0, 答案: 75, 置信度: 1.0
2025-08-06 14:32:21,513 - INFO - 投票结果: 选择路径 1, 答案: 360, 置信度: 0.4
2025-08-06 14:32:21,514 - INFO - 投票结果: 选择路径 0, 答案: 18, 置信度: 0.8
2025-08-06 14:32:21,516 - INFO - 投票结果: 选择路径 0, 答案: 9500, 置信度: 1.0
2025-08-06 14:32:21,517 - INFO - 投票结果: 选择路径 0, 答案: 7, 置信度: 1.0
2025-08-06 14:32:21,518 - INFO - 投票结果: 选择路径 0, 答案: 336, 置信度: 1.0
2025-08-06 14:32:21,522 - INFO - 投票结果: 选择路径 2, 答案: 49, 置信度: 0.2
2025-08-06 14:32:21,523 - INFO - 投票结果: 选择路径 0, 答案: 78, 置信度: 1.0
2025-08-06 14:32:21,524 - INFO - 投票结果: 选择路径 0, 答案: 155, 置信度: 0.7
2025-08-06 14:32:21,526 - INFO - 投票结果: 选择路径 1, 答案: 15, 置信度: 0.7
2025-08-06 14:32:21,527 - INFO - 投票结果: 选择路径 1, 答案: 375, 置信度: 0.6
2025-08-06 14:32:21,529 - INFO - 投票结果: 选择路径 1, 答案: 54, 置信度: 0.6
2025-08-06 14:32:21,530 - INFO - 投票结果: 选择路径 4, 答案: 6400, 置信度: 0.4
2025-08-06 14:32:21,531 - INFO - 投票结果: 选择路径 0, 答案: 14, 置信度: 0.6
2025-08-06 14:32:21,533 - INFO - 投票结果: 选择路径 0, 答案: 84, 置信度: 0.5
2025-08-06 14:32:21,534 - INFO - 投票结果: 选择路径 0, 答案: 100, 置信度: 0.7
2025-08-06 14:32:21,535 - INFO - 投票结果: 选择路径 0, 答案: 450, 置信度: 0.8
2025-08-06 14:32:21,537 - INFO - 投票结果: 选择路径 0, 答案: 6000, 置信度: 0.5
2025-08-06 14:32:21,538 - INFO - 投票结果: 选择路径 2, 答案: 18, 置信度: 0.3
2025-08-06 14:32:21,540 - INFO - 投票结果: 选择路径 0, 答案: 6, 置信度: 1.0
2025-08-06 14:32:21,541 - INFO - 投票结果: 选择路径 0, 答案: 1200, 置信度: 1.0
2025-08-06 14:32:21,542 - INFO - 投票结果: 选择路径 0, 答案: 24, 置信度: 0.5
2025-08-06 14:32:21,544 - INFO - 投票结果: 选择路径 0, 答案: 14, 置信度: 0.5
2025-08-06 14:32:21,545 - INFO - 投票结果: 选择路径 0, 答案: 28.33, 置信度: 0.7
2025-08-06 14:32:21,547 - INFO - 投票结果: 选择路径 2, 答案: 230, 置信度: 0.6
2025-08-06 14:32:21,548 - INFO - 投票结果: 选择路径 0, 答案: 11.43, 置信度: 0.4
2025-08-06 14:32:21,549 - INFO - 投票结果: 选择路径 3, 答案: 40, 置信度: 0.6
2025-08-06 14:32:21,551 - INFO - 投票结果: 选择路径 0, 答案: 14, 置信度: 0.9
2025-08-06 14:32:21,552 - INFO - 投票结果: 选择路径 0, 答案: 20, 置信度: 1.0
2025-08-06 14:32:21,553 - INFO - 投票结果: 选择路径 0, 答案: 60, 置信度: 0.3
2025-08-06 14:32:21,555 - INFO - 投票结果: 选择路径 0, 答案: 3, 置信度: 1.0
2025-08-06 14:32:21,556 - INFO - 投票结果: 选择路径 0, 答案: 168, 置信度: 0.1
2025-08-06 14:32:21,557 - INFO - 投票结果: 选择路径 0, 答案: 64, 置信度: 0.7
2025-08-06 14:32:21,559 - INFO - 投票结果: 选择路径 0, 答案: 48, 置信度: 1.0
2025-08-06 14:32:21,560 - INFO - 投票结果: 选择路径 0, 答案: 4, 置信度: 1.0
2025-08-06 14:32:21,562 - INFO - 投票结果: 选择路径 0, 答案: 14, 置信度: 1.0
2025-08-06 14:32:21,563 - INFO - 投票结果: 选择路径 0, 答案: 28, 置信度: 0.4
2025-08-06 14:32:21,565 - INFO - 投票结果: 选择路径 1, 答案: 15, 置信度: 0.4
2025-08-06 14:32:21,566 - INFO - 投票结果: 选择路径 0, 答案: 144, 置信度: 1.0
2025-08-06 14:32:21,567 - INFO - 投票结果: 选择路径 0, 答案: 560, 置信度: 0.5
2025-08-06 14:32:21,569 - INFO - 投票结果: 选择路径 0, 答案: 428, 置信度: 0.9
2025-08-06 14:32:21,570 - INFO - 投票结果: 选择路径 0, 答案: 665, 置信度: 1.0
2025-08-06 14:32:21,571 - INFO - 投票结果: 选择路径 2, 答案: 5000, 置信度: 0.4
2025-08-06 14:32:21,573 - INFO - 投票结果: 选择路径 1, 答案: 2.5, 置信度: 0.7
2025-08-06 14:32:21,574 - INFO - 投票结果: 选择路径 0, 答案: 90, 置信度: 0.8
2025-08-06 14:32:21,576 - INFO - 投票结果: 选择路径 0, 答案: 570, 置信度: 1.0
2025-08-06 14:32:21,577 - INFO - 投票结果: 选择路径 0, 答案: 5, 置信度: 1.0
2025-08-06 14:32:21,579 - INFO - 投票结果: 选择路径 0, 答案: 86, 置信度: 0.4
2025-08-06 14:32:21,580 - INFO - 投票结果: 选择路径 0, 答案: 160, 置信度: 1.0
2025-08-06 14:32:21,582 - INFO - 投票结果: 选择路径 0, 答案: 6, 置信度: 0.9
2025-08-06 14:32:21,583 - INFO - 投票结果: 选择路径 0, 答案: 6000, 置信度: 1.0
2025-08-06 14:32:21,584 - INFO - 投票结果: 选择路径 0, 答案: 800, 置信度: 0.8
2025-08-06 14:32:21,586 - INFO - 投票结果: 选择路径 0, 答案: 1, 置信度: 1.0
2025-08-06 14:32:21,587 - INFO - 投票结果: 选择路径 0, 答案: 4, 置信度: 0.6
2025-08-06 14:32:21,588 - INFO - 投票结果: 选择路径 0, 答案: 31, 置信度: 1.0
2025-08-06 14:32:21,590 - INFO - 投票结果: 选择路径 0, 答案: 276000, 置信度: 1.0
2025-08-06 14:32:21,591 - INFO - 投票结果: 选择路径 0, 答案: 482, 置信度: 1.0
2025-08-06 14:32:21,593 - INFO - 投票结果: 选择路径 0, 答案: 100, 置信度: 1.0
2025-08-06 14:32:21,594 - INFO - 投票结果: 选择路径 0, 答案: 21, 置信度: 0.9
2025-08-06 14:32:21,595 - INFO - 投票结果: 选择路径 0, 答案: 40, 置信度: 1.0
2025-08-06 14:32:21,597 - INFO - 投票结果: 选择路径 0, 答案: 180000, 置信度: 1.0
2025-08-06 14:32:21,598 - INFO - 投票结果: 选择路径 0, 答案: 14, 置信度: 0.9
2025-08-06 14:32:21,599 - INFO - 投票结果: 选择路径 0, 答案: 54, 置信度: 0.9
2025-08-06 14:32:21,601 - INFO - 投票结果: 选择路径 0, 答案: 5, 置信度: 0.9
2025-08-06 14:32:21,602 - INFO - 投票结果: 选择路径 0, 答案: 48, 置信度: 1.0
2025-08-06 14:32:21,604 - INFO - 投票结果: 选择路径 1, 答案: 390, 置信度: 0.9
2025-08-06 14:32:21,605 - INFO - 投票结果: 选择路径 0, 答案: 22, 置信度: 1.0
2025-08-06 14:32:21,606 - INFO - 投票结果: 选择路径 1, 答案: 12, 置信度: 0.7
2025-08-06 14:32:21,608 - INFO - 投票结果: 选择路径 0, 答案: 18000, 置信度: 0.9
2025-08-06 14:32:21,609 - INFO - 投票结果: 选择路径 0, 答案: 8642, 置信度: 1.0
2025-08-06 14:32:21,610 - INFO - 投票结果: 选择路径 0, 答案: 10, 置信度: 1.0
2025-08-06 14:32:21,612 - INFO - 投票结果: 选择路径 1, 答案: 27, 置信度: 0.4
2025-08-06 14:32:21,613 - INFO - 投票结果: 选择路径 0, 答案: 22, 置信度: 1.0
2025-08-06 14:32:21,615 - INFO - 投票结果: 选择路径 1, 答案: 61, 置信度: 0.2
2025-08-06 14:32:21,616 - INFO - 投票结果: 选择路径 0, 答案: 10, 置信度: 0.8
2025-08-06 14:32:21,617 - INFO - 投票结果: 选择路径 0, 答案: 15, 置信度: 0.9
2025-08-06 14:32:21,619 - INFO - 投票结果: 选择路径 0, 答案: 14, 置信度: 1.0
2025-08-06 14:32:21,620 - INFO - 投票结果: 选择路径 0, 答案: 14, 置信度: 1.0
2025-08-06 14:32:21,622 - INFO - 投票结果: 选择路径 0, 答案: 4, 置信度: 1.0
2025-08-06 14:32:21,623 - INFO - 投票结果: 选择路径 0, 答案: 3000, 置信度: 0.8
2025-08-06 14:32:21,624 - INFO - 投票结果: 选择路径 3, 答案: 3, 置信度: 0.5
2025-08-06 14:32:21,626 - INFO - 投票结果: 选择路径 3, 答案: 374, 置信度: 0.5
2025-08-06 14:32:21,627 - INFO - 投票结果: 选择路径 0, 答案: 1080, 置信度: 0.8
2025-08-06 14:32:21,628 - INFO - 投票结果: 选择路径 0, 答案: 84, 置信度: 0.7
2025-08-06 14:32:21,630 - INFO - 投票结果: 选择路径 0, 答案: 91, 置信度: 1.0
2025-08-06 14:32:21,631 - INFO - 投票结果: 选择路径 0, 答案: 18, 置信度: 0.8
2025-08-06 14:32:21,633 - INFO - 投票结果: 选择路径 0, 答案: 180, 置信度: 1.0
2025-08-06 14:32:21,634 - INFO - 投票结果: 选择路径 1, 答案: 350, 置信度: 0.6
2025-08-06 14:32:21,635 - INFO - 投票结果: 选择路径 0, 答案: 6, 置信度: 0.6
2025-08-06 14:32:21,637 - INFO - 投票结果: 选择路径 0, 答案: 129200, 置信度: 1.0
2025-08-06 14:32:21,638 - INFO - 投票结果: 选择路径 0, 答案: 10, 置信度: 1.0
2025-08-06 14:32:21,640 - INFO - 投票结果: 选择路径 0, 答案: 14, 置信度: 1.0
2025-08-06 14:32:21,641 - INFO - 投票结果: 选择路径 0, 答案: 12, 置信度: 1.0
2025-08-06 14:32:21,642 - INFO - 投票结果: 选择路径 1, 答案: 68, 置信度: 0.4
2025-08-06 14:32:21,644 - INFO - 投票结果: 选择路径 0, 答案: 58, 置信度: 1.0
2025-08-06 14:32:21,645 - INFO - 投票结果: 选择路径 0, 答案: 40, 置信度: 0.8
2025-08-06 14:32:21,647 - INFO - 投票结果: 选择路径 0, 答案: 132, 置信度: 1.0
2025-08-06 14:32:21,648 - INFO - 投票结果: 选择路径 0, 答案: 120, 置信度: 1.0
2025-08-06 14:32:21,649 - INFO - 投票结果: 选择路径 0, 答案: 120, 置信度: 1.0
2025-08-06 14:32:21,651 - INFO - 投票结果: 选择路径 0, 答案: 120, 置信度: 0.6
2025-08-06 14:32:21,652 - INFO - 投票结果: 选择路径 0, 答案: 15, 置信度: 1.0
2025-08-06 14:32:21,654 - INFO - 投票结果: 选择路径 0, 答案: 576, 置信度: 1.0
2025-08-06 14:32:21,655 - INFO - 投票结果: 选择路径 0, 答案: 5, 置信度: 1.0
2025-08-06 14:32:21,656 - INFO - 投票结果: 选择路径 0, 答案: 20, 置信度: 1.0
2025-08-06 14:32:21,658 - INFO - 投票结果: 选择路径 0, 答案: 40, 置信度: 0.7
2025-08-06 14:32:21,659 - INFO - 投票结果: 选择路径 0, 答案: 23, 置信度: 0.9
2025-08-06 14:32:21,661 - INFO - 投票结果: 选择路径 0, 答案: 156, 置信度: 0.9
2025-08-06 14:32:21,662 - INFO - 投票结果: 选择路径 0, 答案: 280, 置信度: 0.8
2025-08-06 14:32:21,663 - INFO - 投票结果: 选择路径 2, 答案: 4, 置信度: 0.6
2025-08-06 14:32:21,665 - INFO - 投票结果: 选择路径 0, 答案: 2, 置信度: 1.0
2025-08-06 14:32:21,666 - INFO - 投票结果: 选择路径 0, 答案: 120, 置信度: 1.0
2025-08-06 14:32:21,667 - INFO - 投票结果: 选择路径 1, 答案: 52, 置信度: 0.7
2025-08-06 14:32:21,669 - INFO - 投票结果: 选择路径 0, 答案: 15, 置信度: 1.0
2025-08-06 14:32:21,670 - INFO - 投票结果: 选择路径 0, 答案: 9, 置信度: 1.0
2025-08-06 14:32:21,672 - INFO - 投票结果: 选择路径 0, 答案: 120, 置信度: 0.2
2025-08-06 14:32:21,673 - INFO - 投票结果: 选择路径 0, 答案: 20, 置信度: 1.0
2025-08-06 14:32:21,674 - INFO - 投票结果: 选择路径 0, 答案: 30, 置信度: 1.0
2025-08-06 14:32:21,676 - INFO - 投票结果: 选择路径 1, 答案: 80, 置信度: 0.6
2025-08-06 14:32:21,677 - INFO - 投票结果: 选择路径 0, 答案: 5, 置信度: 1.0
2025-08-06 14:32:21,678 - INFO - 投票结果: 选择路径 0, 答案: 5, 置信度: 0.7
2025-08-06 14:32:21,680 - INFO - 投票结果: 选择路径 0, 答案: 80, 置信度: 1.0
2025-08-06 14:32:21,681 - INFO - 投票结果: 选择路径 0, 答案: 38, 置信度: 0.7
2025-08-06 14:32:21,683 - INFO - 投票结果: 选择路径 0, 答案: 42, 置信度: 0.9
2025-08-06 14:32:21,684 - INFO - 投票结果: 选择路径 0, 答案: 3, 置信度: 1.0
2025-08-06 14:32:21,685 - INFO - 投票结果: 选择路径 0, 答案: 50, 置信度: 1.0
2025-08-06 14:32:21,687 - INFO - 投票结果: 选择路径 0, 答案: 17, 置信度: 1.0
2025-08-06 14:32:21,688 - INFO - 投票结果: 选择路径 6, 答案: 19, 置信度: 0.2
2025-08-06 14:32:21,690 - INFO - 投票结果: 选择路径 0, 答案: 20, 置信度: 0.9
2025-08-06 14:32:21,691 - INFO - 投票结果: 选择路径 1, 答案: 120, 置信度: 0.4
2025-08-06 14:32:21,692 - INFO - 投票结果: 选择路径 0, 答案: 20, 置信度: 0.5
2025-08-06 14:32:21,694 - INFO - 投票结果: 选择路径 0, 答案: 45, 置信度: 1.0
2025-08-06 14:32:21,695 - INFO - 投票结果: 选择路径 1, 答案: 11, 置信度: 0.5
2025-08-06 14:32:21,697 - INFO - 投票结果: 选择路径 0, 答案: 10, 置信度: 1.0
2025-08-06 14:32:21,698 - INFO - 投票结果: 选择路径 2, 答案: 318, 置信度: 0.5
2025-08-06 14:32:21,699 - INFO - 投票结果: 选择路径 0, 答案: 92, 置信度: 1.0
2025-08-06 14:32:21,701 - INFO - 投票结果: 选择路径 0, 答案: 70, 置信度: 1.0
2025-08-06 14:32:21,702 - INFO - 投票结果: 选择路径 0, 答案: 62, 置信度: 0.8
2025-08-06 14:32:21,704 - INFO - 投票结果: 选择路径 0, 答案: 1509, 置信度: 1.0
2025-08-06 14:32:21,705 - INFO - 投票结果: 选择路径 0, 答案: 2, 置信度: 0.9
2025-08-06 14:32:21,706 - INFO - 投票结果: 选择路径 0, 答案: 1, 置信度: 1.0
2025-08-06 14:32:21,708 - INFO - 投票结果: 选择路径 0, 答案: 1170, 置信度: 1.0
2025-08-06 14:32:21,709 - INFO - 投票结果: 选择路径 1, 答案: 28, 置信度: 0.8
2025-08-06 14:32:21,710 - INFO - 投票结果: 选择路径 0, 答案: 20, 置信度: 0.9
2025-08-06 14:32:21,712 - INFO - 投票结果: 选择路径 0, 答案: 20, 置信度: 1.0
2025-08-06 14:32:21,713 - INFO - 投票结果: 选择路径 0, 答案: 65960, 置信度: 0.5
2025-08-06 14:32:21,714 - INFO - 投票结果: 选择路径 0, 答案: 16, 置信度: 0.9
2025-08-06 14:32:21,716 - INFO - 投票结果: 选择路径 0, 答案: 575, 置信度: 1.0
2025-08-06 14:32:21,717 - INFO - 投票结果: 选择路径 0, 答案: 60, 置信度: 1.0
2025-08-06 14:32:21,719 - INFO - 投票结果: 选择路径 0, 答案: 4200, 置信度: 0.7
2025-08-06 14:32:21,720 - INFO - 投票结果: 选择路径 0, 答案: 17, 置信度: 0.2
2025-08-06 14:32:21,721 - INFO - 投票结果: 选择路径 1, 答案: 71, 置信度: 0.6
2025-08-06 14:32:21,723 - INFO - 投票结果: 选择路径 0, 答案: 70, 置信度: 1.0
2025-08-06 14:32:21,724 - INFO - 投票结果: 选择路径 1, 答案: 25, 置信度: 0.6
2025-08-06 14:32:21,725 - INFO - 投票结果: 选择路径 0, 答案: 160, 置信度: 0.9
2025-08-06 14:32:21,727 - INFO - 投票结果: 选择路径 0, 答案: 398, 置信度: 0.8
2025-08-06 14:32:21,728 - INFO - 投票结果: 选择路径 0, 答案: 5, 置信度: 1.0
2025-08-06 14:32:21,730 - INFO - 投票结果: 选择路径 0, 答案: 42000, 置信度: 0.8
2025-08-06 14:32:21,731 - INFO - 投票结果: 选择路径 0, 答案: 39, 置信度: 0.8
2025-08-06 14:32:21,732 - INFO - 投票结果: 选择路径 0, 答案: 20, 置信度: 0.6
2025-08-06 14:32:21,734 - INFO - 投票结果: 选择路径 0, 答案: 4, 置信度: 0.6
2025-08-06 14:32:21,735 - INFO - 投票结果: 选择路径 0, 答案: 40, 置信度: 0.8
2025-08-06 14:32:21,736 - INFO - 投票结果: 选择路径 0, 答案: 100, 置信度: 1.0
2025-08-06 14:32:21,738 - INFO - 投票结果: 选择路径 0, 答案: 60, 置信度: 1.0
2025-08-06 14:32:21,739 - INFO - 投票结果: 选择路径 0, 答案: 100, 置信度: 1.0
2025-08-06 14:32:21,741 - INFO - 投票结果: 选择路径 0, 答案: 72, 置信度: 1.0
2025-08-06 14:32:21,742 - INFO - 投票结果: 选择路径 0, 答案: 20, 置信度: 0.6
2025-08-06 14:32:21,743 - INFO - 投票结果: 选择路径 0, 答案: 6277, 置信度: 1.0
2025-08-06 14:32:21,745 - INFO - 投票结果: 选择路径 2, 答案: 21, 置信度: 0.3
2025-08-06 14:32:21,746 - INFO - 投票结果: 选择路径 0, 答案: 26, 置信度: 1.0
2025-08-06 14:32:21,747 - INFO - 投票结果: 选择路径 2, 答案: 45, 置信度: 0.2
2025-08-06 14:32:21,749 - INFO - 投票结果: 选择路径 0, 答案: 12, 置信度: 0.9
2025-08-06 14:32:21,750 - INFO - 投票结果: 选择路径 7, 答案: 3, 置信度: 0.2
2025-08-06 14:32:21,752 - INFO - 投票结果: 选择路径 3, 答案: 16, 置信度: 0.6
2025-08-06 14:32:21,753 - INFO - 投票结果: 选择路径 0, 答案: 32, 置信度: 1.0
2025-08-06 14:32:21,754 - INFO - 投票结果: 选择路径 0, 答案: 20, 置信度: 1.0
2025-08-06 14:32:21,756 - INFO - 投票结果: 选择路径 0, 答案: 20, 置信度: 0.9
2025-08-06 14:32:21,757 - INFO - 投票结果: 选择路径 0, 答案: 320, 置信度: 1.0
2025-08-06 14:32:21,758 - INFO - 投票结果: 选择路径 0, 答案: 77, 置信度: 0.9
2025-08-06 14:32:21,760 - INFO - 投票结果: 选择路径 0, 答案: 9, 置信度: 1.0
2025-08-06 14:32:21,761 - INFO - 投票结果: 选择路径 0, 答案: 1, 置信度: 0.7
2025-08-06 14:32:21,763 - INFO - 投票结果: 选择路径 1, 答案: 1248, 置信度: 0.8
2025-08-06 14:32:21,764 - INFO - 投票结果: 选择路径 0, 答案: 15, 置信度: 1.0
2025-08-06 14:32:21,765 - INFO - 投票结果: 选择路径 0, 答案: 16, 置信度: 1.0
2025-08-06 14:32:21,767 - INFO - 投票结果: 选择路径 0, 答案: 2, 置信度: 1.0
2025-08-06 14:32:21,768 - INFO - 投票结果: 选择路径 0, 答案: 46, 置信度: 0.3
2025-08-06 14:32:21,769 - INFO - 投票结果: 选择路径 0, 答案: 60, 置信度: 0.9
2025-08-06 14:32:21,771 - INFO - 投票结果: 选择路径 0, 答案: 315, 置信度: 0.5
2025-08-06 14:32:21,772 - INFO - 投票结果: 选择路径 2, 答案: 84, 置信度: 0.6
2025-08-06 14:32:21,774 - INFO - 投票结果: 选择路径 0, 答案: 1.8, 置信度: 0.1
2025-08-06 14:32:21,775 - INFO - 投票结果: 选择路径 0, 答案: 300, 置信度: 0.9
2025-08-06 14:32:21,776 - INFO - 投票结果: 选择路径 0, 答案: 50, 置信度: 1.0
2025-08-06 14:32:21,778 - INFO - 投票结果: 选择路径 0, 答案: 14, 置信度: 0.8
2025-08-06 14:32:21,779 - INFO - 投票结果: 选择路径 0, 答案: 291, 置信度: 0.7
2025-08-06 14:32:21,781 - INFO - 投票结果: 选择路径 0, 答案: 12, 置信度: 1.0
2025-08-06 14:32:21,782 - INFO - 投票结果: 选择路径 0, 答案: 1240, 置信度: 1.0
2025-08-06 14:32:21,783 - INFO - 投票结果: 选择路径 0, 答案: 8, 置信度: 1.0
2025-08-06 14:32:21,785 - INFO - 投票结果: 选择路径 0, 答案: 107, 置信度: 0.2
2025-08-06 14:32:21,786 - INFO - 投票结果: 选择路径 0, 答案: 2, 置信度: 0.7
2025-08-06 14:32:21,787 - INFO - 投票结果: 选择路径 0, 答案: 2, 置信度: 1.0
2025-08-06 14:32:21,789 - INFO - 投票结果: 选择路径 0, 答案: 268, 置信度: 0.5
2025-08-06 14:32:21,790 - INFO - 投票结果: 选择路径 0, 答案: 160, 置信度: 1.0
2025-08-06 14:32:21,791 - INFO - 投票结果: 选择路径 0, 答案: 1128, 置信度: 0.7
2025-08-06 14:32:21,793 - INFO - 投票结果: 选择路径 0, 答案: 6250, 置信度: 1.0
2025-08-06 14:32:21,794 - INFO - 投票结果: 选择路径 0, 答案: 5, 置信度: 1.0
2025-08-06 14:32:21,796 - INFO - 投票结果: 选择路径 0, 答案: 500, 置信度: 1.0
2025-08-06 14:32:21,797 - INFO - 投票结果: 选择路径 1, 答案: 2, 置信度: 0.5
2025-08-06 14:32:21,799 - INFO - 投票结果: 选择路径 0, 答案: 34, 置信度: 1.0
2025-08-06 14:32:21,800 - INFO - 投票结果: 选择路径 0, 答案: 60, 置信度: 1.0
2025-08-06 14:32:21,802 - INFO - 投票结果: 选择路径 3, 答案: 0, 置信度: 0.4
2025-08-06 14:32:21,803 - INFO - 投票结果: 选择路径 1, 答案: 56, 置信度: 0.6
2025-08-06 14:32:21,804 - INFO - 投票结果: 选择路径 0, 答案: 74, 置信度: 1.0
2025-08-06 14:32:21,806 - INFO - 投票结果: 选择路径 0, 答案: 5, 置信度: 1.0
2025-08-06 14:32:21,807 - INFO - 投票结果: 选择路径 0, 答案: 600, 置信度: 1.0
2025-08-06 14:32:21,808 - INFO - 投票结果: 选择路径 0, 答案: 20, 置信度: 0.9
2025-08-06 14:32:21,810 - INFO - 投票结果: 选择路径 0, 答案: 23, 置信度: 1.0
2025-08-06 14:32:21,811 - INFO - 投票结果: 选择路径 0, 答案: 20, 置信度: 1.0
2025-08-06 14:32:21,813 - INFO - 投票结果: 选择路径 0, 答案: 80, 置信度: 0.5
2025-08-06 14:32:21,814 - INFO - 投票结果: 选择路径 0, 答案: 43, 置信度: 0.9
2025-08-06 14:32:21,815 - INFO - 投票结果: 选择路径 0, 答案: 720, 置信度: 1.0
2025-08-06 14:32:21,817 - INFO - 投票结果: 选择路径 0, 答案: 4, 置信度: 0.7
2025-08-06 14:32:21,818 - INFO - 投票结果: 选择路径 0, 答案: 9, 置信度: 1.0
2025-08-06 14:32:21,819 - INFO - 投票结果: 选择路径 3, 答案: 11, 置信度: 0.3
2025-08-06 14:32:21,821 - INFO - 投票结果: 选择路径 0, 答案: 8, 置信度: 1.0
2025-08-06 14:32:21,822 - INFO - 投票结果: 选择路径 0, 答案: 16, 置信度: 0.6
2025-08-06 14:32:21,824 - INFO - 投票结果: 选择路径 0, 答案: 4, 置信度: 0.5
2025-08-06 14:32:21,825 - INFO - 投票结果: 选择路径 0, 答案: 47, 置信度: 1.0
2025-08-06 14:32:21,826 - INFO - 投票结果: 选择路径 0, 答案: 240000, 置信度: 0.9
2025-08-06 14:32:21,828 - INFO - 投票结果: 选择路径 0, 答案: 14, 置信度: 1.0
2025-08-06 14:32:21,829 - INFO - 投票结果: 选择路径 0, 答案: 26, 置信度: 1.0
2025-08-06 14:32:21,830 - INFO - 投票结果: 选择路径 0, 答案: 2.67, 置信度: 0.5
2025-08-06 14:32:21,832 - INFO - 投票结果: 选择路径 1, 答案: 25, 置信度: 0.6
2025-08-06 14:32:21,833 - INFO - 投票结果: 选择路径 0, 答案: 5, 置信度: 0.9
2025-08-06 14:32:21,835 - INFO - 投票结果: 选择路径 0, 答案: 5, 置信度: 1.0
2025-08-06 14:32:21,836 - INFO - 投票结果: 选择路径 2, 答案: 260, 置信度: 0.6
2025-08-06 14:32:21,837 - INFO - 投票结果: 选择路径 1, 答案: 67, 置信度: 0.7
2025-08-06 14:32:21,839 - INFO - 投票结果: 选择路径 0, 答案: 144, 置信度: 0.9
2025-08-06 14:32:21,840 - INFO - 投票结果: 选择路径 0, 答案: 75, 置信度: 1.0
2025-08-06 14:32:21,841 - INFO - 投票结果: 选择路径 0, 答案: 3, 置信度: 1.0
2025-08-06 14:32:21,843 - INFO - 投票结果: 选择路径 0, 答案: 4, 置信度: 1.0
2025-08-06 14:32:21,844 - INFO - 投票结果: 选择路径 0, 答案: 2000, 置信度: 1.0
2025-08-06 14:32:21,846 - INFO - 投票结果: 选择路径 0, 答案: 8, 置信度: 0.4
2025-08-06 14:32:21,847 - INFO - 投票结果: 选择路径 0, 答案: 8, 置信度: 0.9
2025-08-06 14:32:21,848 - INFO - 投票结果: 选择路径 0, 答案: 100, 置信度: 1.0
2025-08-06 14:32:21,850 - INFO - 投票结果: 选择路径 3, 答案: 60, 置信度: 0.6
2025-08-06 14:32:21,851 - INFO - 投票结果: 选择路径 0, 答案: 460, 置信度: 1.0
2025-08-06 14:32:21,852 - INFO - 投票结果: 选择路径 0, 答案: 10, 置信度: 0.8
2025-08-06 14:32:21,854 - INFO - 投票结果: 选择路径 0, 答案: 750, 置信度: 0.9
2025-08-06 14:32:21,855 - INFO - 投票结果: 选择路径 0, 答案: 255, 置信度: 0.6
2025-08-06 14:32:21,857 - INFO - 投票结果: 选择路径 1, 答案: 240, 置信度: 0.7
2025-08-06 14:32:21,858 - INFO - 投票结果: 选择路径 0, 答案: 50, 置信度: 1.0
2025-08-06 14:32:21,859 - INFO - 投票结果: 选择路径 0, 答案: 60000, 置信度: 0.9
2025-08-06 14:32:21,861 - INFO - 投票结果: 选择路径 1, 答案: 77, 置信度: 0.6
2025-08-06 14:32:21,862 - INFO - 投票结果: 选择路径 2, 答案: 10, 置信度: 0.3
2025-08-06 14:32:21,863 - INFO - 投票结果: 选择路径 0, 答案: 225, 置信度: 0.6
2025-08-06 14:32:21,865 - INFO - 投票结果: 选择路径 0, 答案: 13, 置信度: 0.9
2025-08-06 14:32:21,866 - INFO - 投票结果: 选择路径 0, 答案: 4, 置信度: 0.7
2025-08-06 14:32:21,868 - INFO - 投票结果: 选择路径 0, 答案: 260, 置信度: 0.7
2025-08-06 14:32:21,869 - INFO - 投票结果: 选择路径 0, 答案: 540, 置信度: 1.0
2025-08-06 14:32:21,870 - INFO - 投票结果: 选择路径 0, 答案: 104, 置信度: 0.9
2025-08-06 14:32:21,872 - INFO - 投票结果: 选择路径 0, 答案: 27, 置信度: 0.7
2025-08-06 14:32:21,873 - INFO - 投票结果: 选择路径 0, 答案: 75, 置信度: 1.0
2025-08-06 14:32:21,875 - INFO - 投票结果: 选择路径 0, 答案: 168, 置信度: 0.1
2025-08-06 14:32:21,876 - INFO - 投票结果: 选择路径 1, 答案: 120, 置信度: 0.6
2025-08-06 14:32:21,877 - INFO - 投票结果: 选择路径 0, 答案: 348, 置信度: 0.6
2025-08-06 14:32:21,879 - INFO - 投票结果: 选择路径 0, 答案: 15, 置信度: 1.0
2025-08-06 14:32:21,880 - INFO - 投票结果: 选择路径 0, 答案: 247, 置信度: 0.7
2025-08-06 14:32:21,881 - INFO - 投票结果: 选择路径 0, 答案: 8, 置信度: 0.2
2025-08-06 14:32:21,883 - INFO - 投票结果: 选择路径 0, 答案: 85000, 置信度: 1.0
2025-08-06 14:32:21,884 - INFO - 投票结果: 选择路径 0, 答案: 20, 置信度: 0.5
2025-08-06 14:32:21,886 - INFO - 投票结果: 选择路径 1, 答案: 19, 置信度: 0.5
2025-08-06 14:32:21,887 - INFO - 投票结果: 选择路径 0, 答案: 18, 置信度: 1.0
2025-08-06 14:32:21,888 - INFO - 投票结果: 选择路径 0, 答案: 3, 置信度: 1.0
2025-08-06 14:32:21,890 - INFO - 投票结果: 选择路径 0, 答案: 12, 置信度: 1.0
2025-08-06 14:32:21,891 - INFO - 投票结果: 选择路径 0, 答案: 160000, 置信度: 0.6
2025-08-06 14:32:21,893 - INFO - 投票结果: 选择路径 0, 答案: 50, 置信度: 0.8
2025-08-06 14:32:21,894 - INFO - 投票结果: 选择路径 0, 答案: 76, 置信度: 1.0
2025-08-06 14:32:21,896 - INFO - 投票结果: 选择路径 0, 答案: 10, 置信度: 1.0
2025-08-06 14:32:21,897 - INFO - 投票结果: 选择路径 0, 答案: 17, 置信度: 1.0
2025-08-06 14:32:21,898 - INFO - 投票结果: 选择路径 0, 答案: 44, 置信度: 0.9
2025-08-06 14:32:21,900 - INFO - 投票结果: 选择路径 0, 答案: 76, 置信度: 0.7
2025-08-06 14:32:21,901 - INFO - 投票结果: 选择路径 0, 答案: 3, 置信度: 1.0
2025-08-06 14:32:21,903 - INFO - 投票结果: 选择路径 0, 答案: 40, 置信度: 0.9
2025-08-06 14:32:21,904 - INFO - 投票结果: 选择路径 0, 答案: 15, 置信度: 0.8
2025-08-06 14:32:21,905 - INFO - 投票结果: 选择路径 0, 答案: 10, 置信度: 0.9
2025-08-06 14:32:21,907 - INFO - 投票结果: 选择路径 0, 答案: 16, 置信度: 1.0
2025-08-06 14:32:21,908 - INFO - 投票结果: 选择路径 0, 答案: 28, 置信度: 1.0
2025-08-06 14:32:21,909 - INFO - 投票结果: 选择路径 0, 答案: 64, 置信度: 1.0
2025-08-06 14:32:21,911 - INFO - 投票结果: 选择路径 0, 答案: 1125, 置信度: 0.9
2025-08-06 14:32:21,912 - INFO - 投票结果: 选择路径 0, 答案: 8, 置信度: 1.0
2025-08-06 14:32:21,914 - INFO - 投票结果: 选择路径 0, 答案: 29, 置信度: 1.0
2025-08-06 14:32:21,915 - INFO - 投票结果: 选择路径 0, 答案: 16, 置信度: 1.0
2025-08-06 14:32:21,917 - INFO - 投票结果: 选择路径 1, 答案: 140, 置信度: 0.2
2025-08-06 14:32:21,918 - INFO - 投票结果: 选择路径 0, 答案: 72, 置信度: 0.4
2025-08-06 14:32:21,919 - INFO - 投票结果: 选择路径 1, 答案: 576, 置信度: 0.8
2025-08-06 14:32:21,921 - INFO - 投票结果: 选择路径 0, 答案: 34, 置信度: 1.0
2025-08-06 14:32:21,922 - INFO - 投票结果: 选择路径 0, 答案: 10, 置信度: 0.9
2025-08-06 14:32:21,924 - INFO - 投票结果: 选择路径 0, 答案: 9, 置信度: 0.8
2025-08-06 14:32:21,925 - INFO - 投票结果: 选择路径 0, 答案: 140, 置信度: 1.0
2025-08-06 14:32:21,926 - INFO - 投票结果: 选择路径 0, 答案: 50, 置信度: 0.6
2025-08-06 14:32:21,928 - INFO - 投票结果: 选择路径 0, 答案: 315, 置信度: 0.4
2025-08-06 14:32:21,929 - INFO - 投票结果: 选择路径 0, 答案: 16, 置信度: 0.8
2025-08-06 14:32:21,930 - INFO - 投票结果: 选择路径 0, 答案: 132, 置信度: 1.0
2025-08-06 14:32:21,932 - INFO - 投票结果: 选择路径 0, 答案: 64, 置信度: 1.0
2025-08-06 14:32:21,933 - INFO - 投票结果: 选择路径 0, 答案: 72, 置信度: 0.9
2025-08-06 14:32:21,935 - INFO - 投票结果: 选择路径 0, 答案: 8, 置信度: 1.0
2025-08-06 14:32:21,936 - INFO - 投票结果: 选择路径 0, 答案: 4, 置信度: 1.0
2025-08-06 14:32:21,937 - INFO - 投票结果: 选择路径 0, 答案: 120, 置信度: 1.0
2025-08-06 14:32:21,939 - INFO - 投票结果: 选择路径 0, 答案: 15, 置信度: 1.0
2025-08-06 14:32:21,940 - INFO - 投票结果: 选择路径 1, 答案: 539, 置信度: 0.6
2025-08-06 14:32:21,942 - INFO - 投票结果: 选择路径 1, 答案: 7300, 置信度: 0.2
2025-08-06 14:32:21,943 - INFO - 投票结果: 选择路径 0, 答案: 2, 置信度: 1.0
2025-08-06 14:32:21,944 - INFO - 投票结果: 选择路径 0, 答案: 15, 置信度: 1.0
2025-08-06 14:32:21,946 - INFO - 投票结果: 选择路径 0, 答案: 17, 置信度: 0.5
2025-08-06 14:32:21,947 - INFO - 投票结果: 选择路径 1, 答案: 5, 置信度: 0.5
2025-08-06 14:32:21,948 - INFO - 投票结果: 选择路径 0, 答案: 7425, 置信度: 0.6
2025-08-06 14:32:21,950 - INFO - 投票结果: 选择路径 0, 答案: 8, 置信度: 1.0
2025-08-06 14:32:21,951 - INFO - 投票结果: 选择路径 0, 答案: 6, 置信度: 0.6
2025-08-06 14:32:21,953 - INFO - 投票结果: 选择路径 0, 答案: 100, 置信度: 0.9
2025-08-06 14:32:21,954 - INFO - 投票结果: 选择路径 0, 答案: 36, 置信度: 1.0
2025-08-06 14:32:21,955 - INFO - 投票结果: 选择路径 1, 答案: 20, 置信度: 0.6
2025-08-06 14:32:21,957 - INFO - 投票结果: 选择路径 0, 答案: 32, 置信度: 1.0
2025-08-06 14:32:21,958 - INFO - 投票结果: 选择路径 0, 答案: 45, 置信度: 0.9
2025-08-06 14:32:21,959 - INFO - 投票结果: 选择路径 0, 答案: 27, 置信度: 1.0
2025-08-06 14:32:21,961 - INFO - 投票结果: 选择路径 0, 答案: 7.5, 置信度: 0.9
2025-08-06 14:32:21,962 - INFO - 投票结果: 选择路径 0, 答案: 98, 置信度: 1.0
2025-08-06 14:32:21,964 - INFO - 投票结果: 选择路径 0, 答案: 4, 置信度: 0.8
2025-08-06 14:32:21,965 - INFO - 投票结果: 选择路径 0, 答案: 6, 置信度: 0.8
2025-08-06 14:32:21,966 - INFO - 投票结果: 选择路径 0, 答案: 30, 置信度: 0.7
2025-08-06 14:32:21,968 - INFO - 投票结果: 选择路径 0, 答案: 10, 置信度: 1.0
2025-08-06 14:32:21,969 - INFO - 投票结果: 选择路径 1, 答案: 250, 置信度: 0.5
2025-08-06 14:32:21,970 - INFO - 投票结果: 选择路径 0, 答案: 312, 置信度: 0.8
2025-08-06 14:32:21,972 - INFO - 投票结果: 选择路径 0, 答案: 1375, 置信度: 1.0
2025-08-06 14:32:21,973 - INFO - 投票结果: 选择路径 0, 答案: 8, 置信度: 1.0
2025-08-06 14:32:21,975 - INFO - 投票结果: 选择路径 0, 答案: 25000, 置信度: 0.3
2025-08-06 14:32:21,976 - INFO - 投票结果: 选择路径 0, 答案: 6, 置信度: 1.0
2025-08-06 14:32:21,977 - INFO - 投票结果: 选择路径 0, 答案: 840, 置信度: 1.0
2025-08-06 14:32:21,979 - INFO - 投票结果: 选择路径 0, 答案: 40, 置信度: 1.0
2025-08-06 14:32:21,980 - INFO - 投票结果: 选择路径 0, 答案: 300, 置信度: 0.3
2025-08-06 14:32:21,981 - INFO - 投票结果: 选择路径 0, 答案: 10, 置信度: 0.9
2025-08-06 14:32:21,983 - INFO - 投票结果: 选择路径 2, 答案: 490, 置信度: 0.4
2025-08-06 14:32:21,984 - INFO - 投票结果: 选择路径 0, 答案: 16, 置信度: 1.0
2025-08-06 14:32:21,985 - INFO - 投票结果: 选择路径 0, 答案: 17, 置信度: 1.0
2025-08-06 14:32:21,987 - INFO - 投票结果: 选择路径 0, 答案: 2, 置信度: 0.9
2025-08-06 14:32:21,988 - INFO - 投票结果: 选择路径 0, 答案: 14, 置信度: 1.0
2025-08-06 14:32:21,990 - INFO - 投票结果: 选择路径 0, 答案: 27, 置信度: 0.9
2025-08-06 14:32:21,991 - INFO - 投票结果: 选择路径 0, 答案: 84, 置信度: 1.0
2025-08-06 14:32:21,992 - INFO - 投票结果: 选择路径 0, 答案: 70, 置信度: 0.7
2025-08-06 14:32:21,994 - INFO - 投票结果: 选择路径 0, 答案: 20, 置信度: 1.0
2025-08-06 14:32:21,995 - INFO - 投票结果: 选择路径 4, 答案: 730, 置信度: 0.3
2025-08-06 14:32:21,996 - INFO - 投票结果: 选择路径 3, 答案: 195, 置信度: 0.2
2025-08-06 14:32:21,998 - INFO - 投票结果: 选择路径 0, 答案: 736, 置信度: 0.9
2025-08-06 14:32:21,999 - INFO - 投票结果: 选择路径 0, 答案: 42, 置信度: 1.0
2025-08-06 14:32:22,001 - INFO - 投票结果: 选择路径 0, 答案: 5, 置信度: 0.3
2025-08-06 14:32:22,002 - INFO - 投票结果: 选择路径 0, 答案: 27, 置信度: 0.7
2025-08-06 14:32:22,004 - INFO - 投票结果: 选择路径 0, 答案: 435, 置信度: 0.2
2025-08-06 14:32:22,005 - INFO - 投票结果: 选择路径 0, 答案: 17, 置信度: 0.5
2025-08-06 14:32:22,006 - INFO - 投票结果: 选择路径 0, 答案: 360, 置信度: 1.0
2025-08-06 14:32:22,008 - INFO - 投票结果: 选择路径 0, 答案: 10800, 置信度: 0.7
2025-08-06 14:32:22,009 - INFO - 投票结果: 选择路径 1, 答案: 26, 置信度: 0.3
2025-08-06 14:32:22,010 - INFO - 投票结果: 选择路径 1, 答案: 112000, 置信度: 0.2
2025-08-06 14:32:22,012 - INFO - 投票结果: 选择路径 0, 答案: 6, 置信度: 0.8
2025-08-06 14:32:22,013 - INFO - 投票结果: 选择路径 0, 答案: 20, 置信度: 0.5
2025-08-06 14:32:22,014 - INFO - 投票结果: 选择路径 0, 答案: 88, 置信度: 1.0
2025-08-06 14:32:22,016 - INFO - 投票结果: 选择路径 0, 答案: 12, 置信度: 1.0
2025-08-06 14:32:22,017 - INFO - 投票结果: 选择路径 7, 答案: 7, 置信度: 0.2
2025-08-06 14:32:22,019 - INFO - 投票结果: 选择路径 0, 答案: 16, 置信度: 0.7
2025-08-06 14:32:22,020 - INFO - 投票结果: 选择路径 0, 答案: 2, 置信度: 0.3
2025-08-06 14:32:22,022 - INFO - 投票结果: 选择路径 2, 答案: 33.33, 置信度: 0.2
2025-08-06 14:32:22,023 - INFO - 投票结果: 选择路径 0, 答案: 6, 置信度: 1.0
2025-08-06 14:32:22,025 - INFO - 投票结果: 选择路径 0, 答案: 4, 置信度: 1.0
2025-08-06 14:32:22,026 - INFO - 投票结果: 选择路径 1, 答案: 20, 置信度: 0.9
2025-08-06 14:32:22,028 - INFO - 投票结果: 选择路径 0, 答案: 800, 置信度: 1.0
2025-08-06 14:32:22,029 - INFO - 投票结果: 选择路径 0, 答案: 1, 置信度: 1.0
2025-08-06 14:32:22,030 - INFO - 投票结果: 选择路径 0, 答案: 50, 置信度: 1.0
2025-08-06 14:32:22,032 - INFO - 投票结果: 选择路径 0, 答案: 66, 置信度: 0.5
2025-08-06 14:32:22,033 - INFO - 投票结果: 选择路径 0, 答案: 7, 置信度: 0.7
2025-08-06 14:32:22,035 - INFO - 投票结果: 选择路径 0, 答案: 63, 置信度: 1.0
2025-08-06 14:32:22,036 - INFO - 投票结果: 选择路径 0, 答案: 9, 置信度: 0.9
2025-08-06 14:32:22,037 - INFO - 投票结果: 选择路径 0, 答案: 42, 置信度: 1.0
2025-08-06 14:32:22,039 - INFO - 投票结果: 选择路径 1, 答案: 5, 置信度: 0.8
2025-08-06 14:32:22,040 - INFO - 投票结果: 选择路径 0, 答案: 240, 置信度: 1.0
2025-08-06 14:32:22,042 - INFO - 投票结果: 选择路径 0, 答案: 1000, 置信度: 1.0
2025-08-06 14:32:22,043 - INFO - 投票结果: 选择路径 0, 答案: 109, 置信度: 1.0
2025-08-06 14:32:22,044 - INFO - 投票结果: 选择路径 0, 答案: 140, 置信度: 1.0
2025-08-06 14:32:22,046 - INFO - 投票结果: 选择路径 0, 答案: 55, 置信度: 1.0
2025-08-06 14:32:22,047 - INFO - 投票结果: 选择路径 0, 答案: 16, 置信度: 1.0
2025-08-06 14:32:22,048 - INFO - 投票结果: 选择路径 2, 答案: 112, 置信度: 0.5
2025-08-06 14:32:22,050 - INFO - 投票结果: 选择路径 0, 答案: 110, 置信度: 1.0
2025-08-06 14:32:22,051 - INFO - 投票结果: 选择路径 0, 答案: 13, 置信度: 1.0
2025-08-06 14:32:22,052 - INFO - 投票结果: 选择路径 1, 答案: 5, 置信度: 0.5
2025-08-06 14:32:22,054 - INFO - 投票结果: 选择路径 0, 答案: 48, 置信度: 1.0
2025-08-06 14:32:22,055 - INFO - 投票结果: 选择路径 0, 答案: 8, 置信度: 1.0
2025-08-06 14:32:22,057 - INFO - 投票结果: 选择路径 0, 答案: 8, 置信度: 0.9
2025-08-06 14:32:22,058 - INFO - 投票结果: 选择路径 0, 答案: 56, 置信度: 1.0
2025-08-06 14:32:22,059 - INFO - 投票结果: 选择路径 0, 答案: 3, 置信度: 1.0
2025-08-06 14:32:22,061 - INFO - 投票结果: 选择路径 1, 答案: 42, 置信度: 0.5
2025-08-06 14:32:22,062 - INFO - 投票结果: 选择路径 0, 答案: 4, 置信度: 0.4
2025-08-06 14:32:22,063 - INFO - 投票结果: 选择路径 0, 答案: 20000, 置信度: 1.0
2025-08-06 14:32:22,065 - INFO - 投票结果: 选择路径 0, 答案: 9, 置信度: 0.5
2025-08-06 14:32:22,066 - INFO - 投票结果: 选择路径 0, 答案: 52, 置信度: 1.0
2025-08-06 14:32:22,068 - INFO - 投票结果: 选择路径 1, 答案: 30, 置信度: 0.4
2025-08-06 14:32:22,069 - INFO - 投票结果: 选择路径 2, 答案: 110000, 置信度: 0.3
2025-08-06 14:32:22,070 - INFO - 投票结果: 选择路径 0, 答案: 45, 置信度: 1.0
2025-08-06 14:32:22,072 - INFO - 投票结果: 选择路径 1, 答案: 1, 置信度: 0.5
2025-08-06 14:32:22,073 - INFO - 投票结果: 选择路径 0, 答案: 5600, 置信度: 0.8
2025-08-06 14:32:22,074 - INFO - 投票结果: 选择路径 0, 答案: 7, 置信度: 1.0
2025-08-06 14:32:22,076 - INFO - 投票结果: 选择路径 0, 答案: 25, 置信度: 1.0
2025-08-06 14:32:22,077 - INFO - 投票结果: 选择路径 0, 答案: -91, 置信度: 0.6
2025-08-06 14:32:22,079 - INFO - 投票结果: 选择路径 0, 答案: 180, 置信度: 0.7
2025-08-06 14:32:22,080 - INFO - 投票结果: 选择路径 2, 答案: 24, 置信度: 0.7
2025-08-06 14:32:22,081 - INFO - 投票结果: 选择路径 0, 答案: 6, 置信度: 0.6
2025-08-06 14:32:22,083 - INFO - 投票结果: 选择路径 0, 答案: 40, 置信度: 0.9
2025-08-06 14:32:22,084 - INFO - 投票结果: 选择路径 0, 答案: -3, 置信度: 0.9
2025-08-06 14:32:22,085 - INFO - 投票结果: 选择路径 0, 答案: 224, 置信度: 0.6
2025-08-06 14:32:22,087 - INFO - 投票结果: 选择路径 0, 答案: 227, 置信度: 1.0
2025-08-06 14:32:22,088 - INFO - 投票结果: 选择路径 0, 答案: 762, 置信度: 1.0
2025-08-06 14:32:22,090 - INFO - 投票结果: 选择路径 0, 答案: 34, 置信度: 0.9
2025-08-06 14:32:22,091 - INFO - 投票结果: 选择路径 0, 答案: 2, 置信度: 0.9
2025-08-06 14:32:22,092 - INFO - 投票结果: 选择路径 0, 答案: 2, 置信度: 1.0
2025-08-06 14:32:22,094 - INFO - 投票结果: 选择路径 1, 答案: 23, 置信度: 0.3
2025-08-06 14:32:22,095 - INFO - 投票结果: 选择路径 0, 答案: 4, 置信度: 1.0
2025-08-06 14:32:22,096 - INFO - 投票结果: 选择路径 0, 答案: 110, 置信度: 0.7
2025-08-06 14:32:22,098 - INFO - 投票结果: 选择路径 0, 答案: 750, 置信度: 1.0
2025-08-06 14:32:22,099 - INFO - 投票结果: 选择路径 0, 答案: 240, 置信度: 0.9
2025-08-06 14:32:22,101 - INFO - 投票结果: 选择路径 0, 答案: 300, 置信度: 0.3
2025-08-06 14:32:22,102 - INFO - 投票结果: 选择路径 1, 答案: 105, 置信度: 0.8
2025-08-06 14:32:22,103 - INFO - 投票结果: 选择路径 0, 答案: 120, 置信度: 1.0
2025-08-06 14:32:22,105 - INFO - 投票结果: 选择路径 0, 答案: 240, 置信度: 1.0
2025-08-06 14:32:22,106 - INFO - 投票结果: 选择路径 1, 答案: 4000, 置信度: 0.6
2025-08-06 14:32:22,107 - INFO - 投票结果: 选择路径 0, 答案: 60, 置信度: 0.9
2025-08-06 14:32:22,109 - INFO - 投票结果: 选择路径 0, 答案: 36, 置信度: 0.9
2025-08-06 14:32:22,110 - INFO - 投票结果: 选择路径 0, 答案: 80, 置信度: 0.8
2025-08-06 14:32:22,111 - INFO - 投票结果: 选择路径 0, 答案: 4, 置信度: 0.3
2025-08-06 14:32:22,113 - INFO - 投票结果: 选择路径 0, 答案: 32, 置信度: 1.0
2025-08-06 14:32:22,114 - INFO - 投票结果: 选择路径 0, 答案: 940, 置信度: 1.0
2025-08-06 14:32:22,115 - INFO - 投票结果: 选择路径 0, 答案: 84, 置信度: 1.0
2025-08-06 14:32:22,117 - INFO - 投票结果: 选择路径 0, 答案: 2, 置信度: 1.0
2025-08-06 14:32:22,118 - INFO - 投票结果: 选择路径 0, 答案: 32, 置信度: 1.0
2025-08-06 14:32:22,120 - INFO - 投票结果: 选择路径 0, 答案: 12, 置信度: 0.9
2025-08-06 14:32:22,121 - INFO - 投票结果: 选择路径 0, 答案: 6, 置信度: 0.7
2025-08-06 14:32:22,122 - INFO - 投票结果: 选择路径 1, 答案: 14, 置信度: 0.5
2025-08-06 14:32:22,124 - INFO - 投票结果: 选择路径 0, 答案: 14, 置信度: 1.0
2025-08-06 14:32:22,125 - INFO - 投票结果: 选择路径 0, 答案: 448, 置信度: 1.0
2025-08-06 14:32:22,126 - INFO - 投票结果: 选择路径 0, 答案: 12, 置信度: 1.0
2025-08-06 14:32:22,128 - INFO - 投票结果: 选择路径 0, 答案: 1110, 置信度: 1.0
2025-08-06 14:32:22,129 - INFO - 投票结果: 选择路径 0, 答案: 2, 置信度: 1.0
2025-08-06 14:32:22,131 - INFO - 投票结果: 选择路径 0, 答案: 6, 置信度: 0.9
2025-08-06 14:32:22,132 - INFO - 投票结果: 选择路径 0, 答案: 28, 置信度: 0.8
2025-08-06 14:32:22,134 - INFO - 投票结果: 选择路径 1, 答案: 1200, 置信度: 0.6
2025-08-06 14:32:22,135 - INFO - 投票结果: 选择路径 0, 答案: 32, 置信度: 1.0
2025-08-06 14:32:22,137 - INFO - 投票结果: 选择路径 0, 答案: 60, 置信度: 0.8
2025-08-06 14:32:22,138 - INFO - 投票结果: 选择路径 0, 答案: 90, 置信度: 1.0
2025-08-06 14:32:22,140 - INFO - 投票结果: 选择路径 2, 答案: 54, 置信度: 0.2
2025-08-06 14:32:22,141 - INFO - 投票结果: 选择路径 0, 答案: 270, 置信度: 1.0
2025-08-06 14:32:22,142 - INFO - 投票结果: 选择路径 0, 答案: 5600, 置信度: 0.4
2025-08-06 14:32:22,144 - INFO - 投票结果: 选择路径 0, 答案: 72, 置信度: 1.0
2025-08-06 14:32:22,145 - INFO - 投票结果: 选择路径 0, 答案: 400, 置信度: 0.9
2025-08-06 14:32:22,147 - INFO - 投票结果: 选择路径 0, 答案: 12, 置信度: 0.9
2025-08-06 14:32:22,148 - INFO - 投票结果: 选择路径 1, 答案: 15, 置信度: 0.5
2025-08-06 14:32:22,149 - INFO - 投票结果: 选择路径 1, 答案: 117, 置信度: 0.3
2025-08-06 14:32:22,151 - INFO - 投票结果: 选择路径 0, 答案: 50, 置信度: 0.5
2025-08-06 14:32:22,152 - INFO - 投票结果: 选择路径 0, 答案: 4, 置信度: 1.0
2025-08-06 14:32:22,153 - INFO - 投票结果: 选择路径 0, 答案: 4, 置信度: 1.0
2025-08-06 14:32:22,155 - INFO - 投票结果: 选择路径 3, 答案: 17500, 置信度: 0.7
2025-08-06 14:32:22,156 - INFO - 投票结果: 选择路径 0, 答案: 8, 置信度: 1.0
2025-08-06 14:32:22,157 - INFO - 投票结果: 选择路径 1, 答案: 21, 置信度: 0.9
2025-08-06 14:32:22,159 - INFO - 投票结果: 选择路径 1, 答案: 18, 置信度: 0.4
2025-08-06 14:32:22,160 - INFO - 投票结果: 选择路径 0, 答案: 1, 置信度: 1.0
2025-08-06 14:32:22,161 - INFO - 投票结果: 选择路径 0, 答案: 193, 置信度: 1.0
2025-08-06 14:32:22,163 - INFO - 投票结果: 选择路径 0, 答案: 3, 置信度: 1.0
2025-08-06 14:32:22,164 - INFO - 投票结果: 选择路径 0, 答案: 63750, 置信度: 0.2
2025-08-06 14:32:22,166 - INFO - 投票结果: 选择路径 0, 答案: 24, 置信度: 1.0
2025-08-06 14:32:22,167 - INFO - 投票结果: 选择路径 1, 答案: 31, 置信度: 0.3
2025-08-06 14:32:22,168 - INFO - 投票结果: 选择路径 0, 答案: 490, 置信度: 1.0
2025-08-06 14:32:22,170 - INFO - 投票结果: 选择路径 4, 答案: 19, 置信度: 0.4
2025-08-06 14:32:22,171 - INFO - 投票结果: 选择路径 1, 答案: 60, 置信度: 0.8
2025-08-06 14:32:22,172 - INFO - 投票结果: 选择路径 1, 答案: 17, 置信度: 0.9
2025-08-06 14:32:22,174 - INFO - 投票结果: 选择路径 0, 答案: 6850000, 置信度: 0.4
2025-08-06 14:32:22,175 - INFO - 投票结果: 选择路径 0, 答案: 15, 置信度: 0.9
2025-08-06 14:32:22,177 - INFO - 投票结果: 选择路径 0, 答案: 120, 置信度: 0.6
2025-08-06 14:32:22,178 - INFO - 投票结果: 选择路径 0, 答案: 18, 置信度: 0.6
2025-08-06 14:32:22,179 - INFO - 投票结果: 选择路径 0, 答案: 30, 置信度: 1.0
2025-08-06 14:32:22,181 - INFO - 投票结果: 选择路径 0, 答案: 60, 置信度: 1.0
2025-08-06 14:32:22,182 - INFO - 投票结果: 选择路径 0, 答案: 260, 置信度: 1.0
2025-08-06 14:32:22,183 - INFO - 投票结果: 选择路径 0, 答案: 60, 置信度: 1.0
2025-08-06 14:32:22,185 - INFO - 投票结果: 选择路径 0, 答案: 75, 置信度: 0.5
2025-08-06 14:32:22,186 - INFO - 投票结果: 选择路径 0, 答案: 25, 置信度: 1.0
2025-08-06 14:32:22,187 - INFO - 投票结果: 选择路径 0, 答案: 99, 置信度: 0.4
2025-08-06 14:32:22,189 - INFO - 投票结果: 选择路径 0, 答案: 5, 置信度: 1.0
2025-08-06 14:32:22,190 - INFO - 投票结果: 选择路径 0, 答案: 84, 置信度: 0.7
2025-08-06 14:32:22,191 - INFO - 投票结果: 选择路径 0, 答案: 7, 置信度: 0.7
2025-08-06 14:32:22,193 - INFO - 投票结果: 选择路径 0, 答案: 2, 置信度: 1.0
2025-08-06 14:32:22,194 - INFO - 投票结果: 选择路径 0, 答案: 21, 置信度: 0.9
2025-08-06 14:32:22,195 - INFO - 投票结果: 选择路径 0, 答案: 8, 置信度: 1.0
2025-08-06 14:32:22,197 - INFO - 投票结果: 选择路径 7, 答案: 80, 置信度: 0.2
2025-08-06 14:32:22,198 - INFO - 投票结果: 选择路径 0, 答案: 90000, 置信度: 1.0
2025-08-06 14:32:22,200 - INFO - 投票结果: 选择路径 0, 答案: 2, 置信度: 1.0
2025-08-06 14:32:22,201 - INFO - 投票结果: 选择路径 4, 答案: 40, 置信度: 0.4
2025-08-06 14:32:22,202 - INFO - 投票结果: 选择路径 0, 答案: 17, 置信度: 0.6
2025-08-06 14:32:22,204 - INFO - 投票结果: 选择路径 0, 答案: 100, 置信度: 0.9
2025-08-06 14:32:22,205 - INFO - 投票结果: 选择路径 0, 答案: 30, 置信度: 1.0
2025-08-06 14:32:22,206 - INFO - 投票结果: 选择路径 0, 答案: 8, 置信度: 1.0
2025-08-06 14:32:22,208 - INFO - 投票结果: 选择路径 0, 答案: 31, 置信度: 0.8
2025-08-06 14:32:22,209 - INFO - 投票结果: 选择路径 1, 答案: 120000, 置信度: 0.6
2025-08-06 14:32:22,210 - INFO - 投票结果: 选择路径 0, 答案: 180, 置信度: 1.0
2025-08-06 14:32:22,212 - INFO - 投票结果: 选择路径 0, 答案: 3, 置信度: 1.0
2025-08-06 14:32:22,213 - INFO - 投票结果: 选择路径 1, 答案: 5, 置信度: 0.7
2025-08-06 14:32:22,214 - INFO - 投票结果: 选择路径 0, 答案: 5, 置信度: 0.9
2025-08-06 14:32:22,216 - INFO - 投票结果: 选择路径 0, 答案: 130000, 置信度: 1.0
2025-08-06 14:32:22,217 - INFO - 投票结果: 选择路径 1, 答案: 68, 置信度: 0.5
2025-08-06 14:32:22,219 - INFO - 投票结果: 选择路径 0, 答案: 78, 置信度: 0.9
2025-08-06 14:32:22,220 - INFO - 投票结果: 选择路径 0, 答案: 28, 置信度: 1.0
2025-08-06 14:32:22,221 - INFO - 投票结果: 选择路径 0, 答案: 15, 置信度: 1.0
2025-08-06 14:32:22,223 - INFO - 投票结果: 选择路径 0, 答案: 290, 置信度: 0.6
2025-08-06 14:32:22,224 - INFO - 投票结果: 选择路径 2, 答案: 38.89, 置信度: 0.4
2025-08-06 14:32:22,225 - INFO - 投票结果: 选择路径 4, 答案: 600, 置信度: 0.3
2025-08-06 14:32:22,227 - INFO - 投票结果: 选择路径 0, 答案: 18, 置信度: 1.0
2025-08-06 14:32:22,228 - INFO - 投票结果: 选择路径 0, 答案: 90, 置信度: 0.8
2025-08-06 14:32:22,229 - INFO - 投票结果: 选择路径 0, 答案: 31, 置信度: 0.9
2025-08-06 14:32:22,231 - INFO - 投票结果: 选择路径 1, 答案: 1600, 置信度: 0.3
2025-08-06 14:32:22,232 - INFO - 投票结果: 选择路径 0, 答案: 180, 置信度: 0.5
2025-08-06 14:32:22,234 - INFO - 投票结果: 选择路径 0, 答案: 7, 置信度: 1.0
2025-08-06 14:32:22,235 - INFO - 投票结果: 选择路径 0, 答案: 75, 置信度: 0.7
2025-08-06 14:32:22,236 - INFO - 投票结果: 选择路径 1, 答案: 650, 置信度: 0.9
2025-08-06 14:32:22,238 - INFO - 投票结果: 选择路径 0, 答案: 310, 置信度: 0.6
2025-08-06 14:32:22,239 - INFO - 投票结果: 选择路径 0, 答案: 12, 置信度: 0.7
2025-08-06 14:32:22,240 - INFO - 投票结果: 选择路径 0, 答案: 5, 置信度: 1.0
2025-08-06 14:32:22,242 - INFO - 投票结果: 选择路径 0, 答案: 29, 置信度: 0.9
2025-08-06 14:32:22,243 - INFO - 投票结果: 选择路径 0, 答案: 140, 置信度: 1.0
2025-08-06 14:32:22,245 - INFO - 投票结果: 选择路径 0, 答案: 30, 置信度: 1.0
2025-08-06 14:32:22,246 - INFO - 投票结果: 选择路径 0, 答案: 25, 置信度: 0.3
2025-08-06 14:32:22,247 - INFO - 投票结果: 选择路径 0, 答案: 100, 置信度: 1.0
2025-08-06 14:32:22,249 - INFO - 投票结果: 选择路径 0, 答案: 35, 置信度: 1.0
2025-08-06 14:32:22,250 - INFO - 投票结果: 选择路径 0, 答案: 79, 置信度: 1.0
2025-08-06 14:32:22,251 - INFO - 投票结果: 选择路径 1, 答案: 2, 置信度: 0.4
2025-08-06 14:32:22,253 - INFO - 投票结果: 选择路径 0, 答案: 4, 置信度: 1.0
2025-08-06 14:32:22,254 - INFO - 投票结果: 选择路径 0, 答案: 6, 置信度: 0.9
2025-08-06 14:32:22,255 - INFO - 投票结果: 选择路径 0, 答案: 32, 置信度: 1.0
2025-08-06 14:32:22,257 - INFO - 投票结果: 选择路径 0, 答案: 112, 置信度: 1.0
2025-08-06 14:32:22,258 - INFO - 投票结果: 选择路径 0, 答案: 54, 置信度: 0.4
2025-08-06 14:32:22,260 - INFO - 投票结果: 选择路径 0, 答案: 450, 置信度: 0.9
2025-08-06 14:32:22,261 - INFO - 投票结果: 选择路径 1, 答案: 6000, 置信度: 0.8
2025-08-06 14:32:22,262 - INFO - 投票结果: 选择路径 1, 答案: 450, 置信度: 0.9
2025-08-06 14:32:22,264 - INFO - 投票结果: 选择路径 0, 答案: 6, 置信度: 1.0
2025-08-06 14:32:22,265 - INFO - 投票结果: 选择路径 0, 答案: 14, 置信度: 0.4
2025-08-06 14:32:22,266 - INFO - 投票结果: 选择路径 0, 答案: 144, 置信度: 1.0
2025-08-06 14:32:22,268 - INFO - 投票结果: 选择路径 0, 答案: 8, 置信度: 1.0
2025-08-06 14:32:22,269 - INFO - 投票结果: 选择路径 0, 答案: 2125, 置信度: 1.0
2025-08-06 14:32:22,270 - INFO - 投票结果: 选择路径 0, 答案: 65, 置信度: 0.6
2025-08-06 14:32:22,272 - INFO - 投票结果: 选择路径 0, 答案: 13, 置信度: 1.0
2025-08-06 14:32:22,273 - INFO - 投票结果: 选择路径 0, 答案: 40, 置信度: 0.5
2025-08-06 14:32:22,275 - INFO - 投票结果: 选择路径 0, 答案: 133, 置信度: 1.0
2025-08-06 14:32:22,276 - INFO - 投票结果: 选择路径 0, 答案: 100, 置信度: 1.0
2025-08-06 14:32:22,277 - INFO - 投票结果: 选择路径 0, 答案: 350, 置信度: 1.0
2025-08-06 14:32:22,279 - INFO - 投票结果: 选择路径 0, 答案: 44.4, 置信度: 1.0
2025-08-06 14:32:22,280 - INFO - 投票结果: 选择路径 0, 答案: 105, 置信度: 1.0
2025-08-06 14:32:22,281 - INFO - 投票结果: 选择路径 0, 答案: 7, 置信度: 0.6
2025-08-06 14:32:22,283 - INFO - 投票结果: 选择路径 0, 答案: 860, 置信度: 1.0
2025-08-06 14:32:22,284 - INFO - 投票结果: 选择路径 0, 答案: 72, 置信度: 1.0
2025-08-06 14:32:22,286 - INFO - 投票结果: 选择路径 6, 答案: 47, 置信度: 0.2
2025-08-06 14:32:22,287 - INFO - 投票结果: 选择路径 0, 答案: 1, 置信度: 1.0
2025-08-06 14:32:22,288 - INFO - 投票结果: 选择路径 1, 答案: 1, 置信度: 0.3
2025-08-06 14:32:22,290 - INFO - 投票结果: 选择路径 2, 答案: 36, 置信度: 0.6
2025-08-06 14:32:22,291 - INFO - 投票结果: 选择路径 0, 答案: 140, 置信度: 0.9
2025-08-06 14:32:22,292 - INFO - 投票结果: 选择路径 1, 答案: 20, 置信度: 0.7
2025-08-06 14:32:22,294 - INFO - 投票结果: 选择路径 2, 答案: 1800, 置信度: 0.5
2025-08-06 14:32:22,295 - INFO - 投票结果: 选择路径 0, 答案: 25, 置信度: 1.0
2025-08-06 14:32:22,297 - INFO - 投票结果: 选择路径 0, 答案: 147, 置信度: 1.0
2025-08-06 14:32:22,298 - INFO - 投票结果: 选择路径 0, 答案: 10, 置信度: 1.0
2025-08-06 14:32:22,299 - INFO - 投票结果: 选择路径 0, 答案: 25, 置信度: 0.9
2025-08-06 14:32:22,301 - INFO - 投票结果: 选择路径 0, 答案: 32, 置信度: 0.9
2025-08-06 14:32:22,302 - INFO - 投票结果: 选择路径 0, 答案: 276, 置信度: 1.0
2025-08-06 14:32:22,303 - INFO - 投票结果: 选择路径 0, 答案: 16, 置信度: 0.2
2025-08-06 14:32:22,305 - INFO - 投票结果: 选择路径 0, 答案: 30, 置信度: 1.0
2025-08-06 14:32:22,306 - INFO - 投票结果: 选择路径 0, 答案: 56, 置信度: 0.6
2025-08-06 14:32:22,308 - INFO - 投票结果: 选择路径 0, 答案: 8000, 置信度: 1.0
2025-08-06 14:32:22,309 - INFO - 投票结果: 选择路径 0, 答案: 375, 置信度: 0.3
2025-08-06 14:32:22,310 - INFO - 投票结果: 选择路径 0, 答案: 84, 置信度: 0.6
2025-08-06 14:32:22,312 - INFO - 投票结果: 选择路径 0, 答案: 50, 置信度: 1.0
2025-08-06 14:32:22,313 - INFO - 投票结果: 选择路径 0, 答案: 50, 置信度: 1.0
2025-08-06 14:32:22,315 - INFO - 投票结果: 选择路径 0, 答案: 320, 置信度: 1.0
2025-08-06 14:32:22,316 - INFO - 投票结果: 选择路径 0, 答案: 38, 置信度: 1.0
2025-08-06 14:32:22,318 - INFO - 投票结果: 选择路径 2, 答案: 34, 置信度: 0.6
2025-08-06 14:32:22,319 - INFO - 投票结果: 选择路径 0, 答案: 594, 置信度: 1.0
2025-08-06 14:32:22,320 - INFO - 投票结果: 选择路径 0, 答案: 7, 置信度: 0.5
2025-08-06 14:32:22,322 - INFO - 投票结果: 选择路径 0, 答案: 98, 置信度: 0.8
2025-08-06 14:32:22,323 - INFO - 投票结果: 选择路径 0, 答案: 123, 置信度: 1.0
2025-08-06 14:32:22,324 - INFO - 投票结果: 选择路径 0, 答案: 27, 置信度: 1.0
2025-08-06 14:32:22,326 - INFO - 投票结果: 选择路径 0, 答案: 145, 置信度: 1.0
2025-08-06 14:32:22,327 - INFO - 投票结果: 选择路径 0, 答案: 23, 置信度: 1.0
2025-08-06 14:32:22,329 - INFO - 投票结果: 选择路径 1, 答案: 14, 置信度: 0.6
2025-08-06 14:32:22,330 - INFO - 投票结果: 选择路径 1, 答案: 18, 置信度: 0.4
2025-08-06 14:32:22,331 - INFO - 投票结果: 选择路径 0, 答案: 21, 置信度: 1.0
2025-08-06 14:32:22,333 - INFO - 投票结果: 选择路径 0, 答案: 40000, 置信度: 1.0
2025-08-06 14:32:22,334 - INFO - 投票结果: 选择路径 0, 答案: 90, 置信度: 0.7
2025-08-06 14:32:22,335 - INFO - 投票结果: 选择路径 0, 答案: 11050, 置信度: 0.7
2025-08-06 14:32:22,337 - INFO - 投票结果: 选择路径 0, 答案: 1520, 置信度: 1.0
2025-08-06 14:32:22,338 - INFO - 投票结果: 选择路径 0, 答案: 32, 置信度: 0.4
2025-08-06 14:32:22,340 - INFO - 投票结果: 选择路径 0, 答案: 4000, 置信度: 0.4
2025-08-06 14:32:22,341 - INFO - 投票结果: 选择路径 0, 答案: 93, 置信度: 1.0
2025-08-06 14:32:22,342 - INFO - 投票结果: 选择路径 0, 答案: 40, 置信度: 0.8
2025-08-06 14:32:22,344 - INFO - 投票结果: 选择路径 0, 答案: 15, 置信度: 1.0
2025-08-06 14:32:22,345 - INFO - 投票结果: 选择路径 0, 答案: 66, 置信度: 1.0
2025-08-06 14:32:22,347 - INFO - 投票结果: 选择路径 0, 答案: 5, 置信度: 1.0
2025-08-06 14:32:22,348 - INFO - 投票结果: 选择路径 0, 答案: 5, 置信度: 1.0
2025-08-06 14:32:22,350 - INFO - 投票结果: 选择路径 0, 答案: 0.5, 置信度: 0.7
2025-08-06 14:32:22,351 - INFO - 投票结果: 选择路径 0, 答案: 1430, 置信度: 1.0
2025-08-06 14:32:22,353 - INFO - 投票结果: 选择路径 0, 答案: 36, 置信度: 0.9
2025-08-06 14:32:22,354 - INFO - 投票结果: 选择路径 0, 答案: 80, 置信度: 1.0
2025-08-06 14:32:22,355 - INFO - 投票结果: 选择路径 0, 答案: 29, 置信度: 1.0
2025-08-06 14:32:22,357 - INFO - 投票结果: 选择路径 0, 答案: 122, 置信度: 1.0
2025-08-06 14:32:22,358 - INFO - 投票结果: 选择路径 0, 答案: 60, 置信度: 1.0
2025-08-06 14:32:22,359 - INFO - 投票结果: 选择路径 5, 答案: 145, 置信度: 0.4
2025-08-06 14:32:22,361 - INFO - 投票结果: 选择路径 0, 答案: 21, 置信度: 1.0
2025-08-06 14:32:22,362 - INFO - 投票结果: 选择路径 0, 答案: 45, 置信度: 1.0
2025-08-06 14:32:22,364 - INFO - 投票结果: 选择路径 0, 答案: 273, 置信度: 1.0
2025-08-06 14:32:22,365 - INFO - 投票结果: 选择路径 1, 答案: 12, 置信度: 0.5
2025-08-06 14:32:22,366 - INFO - 投票结果: 选择路径 0, 答案: 5, 置信度: 0.8
2025-08-06 14:32:22,368 - INFO - 投票结果: 选择路径 0, 答案: 1, 置信度: 1.0
2025-08-06 14:32:22,369 - INFO - 投票结果: 选择路径 1, 答案: 1880, 置信度: 0.3
2025-08-06 14:32:22,370 - INFO - 
==================================================
2025-08-06 14:32:22,372 - INFO - 样本 9: Joe has $50 to buy an outfit for his new field trip. There is a 30% off sale at the clothing store. ...
2025-08-06 14:32:22,373 - INFO - 参考答案: The price of the two clothing items totals 35 + 25 = <<35+25=60>>60 dollars before discount.
The total sale discount comes to 60 * 0.3 = <<60*0.3=18>>18 dollars.
The final sale price comes to 60 - 18 = <<60-18=42>>42 dollars.
Joe ends up with 50 - 42 = <<50-42=8>>8 dollars change.
#### 8
2025-08-06 14:32:22,374 - INFO - 提取参考答案: 8
2025-08-06 14:32:22,376 - INFO - 生成答案: 

Step 1:First, read the problem and identify what we need to find. We need to find the amount of money Joe will have left after the purchase.

Step 2:Next, set up equations and perform the calculatio...
2025-08-06 14:32:22,377 - INFO - 提取答案: 4.64
2025-08-06 14:32:22,378 - INFO - 投票统计: {'voting_method': 'majority', 'best_answer': '4.64', 'vote_count': 8, 'total_paths': 10, 'valid_paths': 10, 'confidence': 0.8, 'answer_distribution': {'4.64': 8, '4.80': 1, '-6.70': 1}, 'selected_path_idx': 0}
2025-08-06 14:32:22,380 - INFO - ==================================================
2025-08-06 14:32:22,381 - INFO - 
==================================================
2025-08-06 14:32:22,382 - INFO - 样本 13: Christina records her mood every day on a calendar. Over the past thirty days of moods, she had twel...
2025-08-06 14:32:22,383 - INFO - 参考答案: Christina had 30 - 12 - 8 = <<30-12-8=10>>10 neutral days in the month.
After the first three 8-day periods, she had 30 - 8 * 3 = 30 - 24 = <<30-8*3=6>>6 days of moods left.
Of those days, 12 - 8 = <<12-8=4>>4 days were good.
After the next 3 days with 2 good days, Christina had 4 - 2 = <<4-2=2>>2 good days left.
#### 2
2025-08-06 14:32:22,385 - INFO - 提取参考答案: 2
2025-08-06 14:32:22,386 - INFO - 生成答案: 

Step 1:First, read the problem and identify what we need to find. We need to find the number of good days left in the month.

Step 2:Next, set up equations and perform the calculations. Christina ha...
2025-08-06 14:32:22,387 - INFO - 提取答案: 1
2025-08-06 14:32:22,389 - INFO - 投票统计: {'voting_method': 'majority', 'best_answer': '1', 'vote_count': 2, 'total_paths': 10, 'valid_paths': 10, 'confidence': 0.2, 'answer_distribution': {'1': 2, '7': 2, '3': 1, '14': 1, '2': 1, '0': 2, '6': 1}, 'selected_path_idx': 0}
2025-08-06 14:32:22,390 - INFO - ==================================================
2025-08-06 14:32:22,391 - INFO - 
==================================================
2025-08-06 14:32:22,393 - INFO - 样本 14: Valerie earns $5000 per month, 1/2 of what her brother earns. If their mother earns twice their comb...
2025-08-06 14:32:22,394 - INFO - 参考答案: Valerie's brother earns 2 * $5000 = $<<2*5000=10000>>10000
Their combined salary is $5000+$10000 = $<<5000+10000=15000>>15000
Their mother earn twice their combined earnings, which is 2*$15000 = $<<2*15000=30000>>30000
The total amount of money they all have is $15000+$30000 = $<<15000+30000=45000>>45000
#### 45000
2025-08-06 14:32:22,395 - INFO - 提取参考答案: 45000
2025-08-06 14:32:22,397 - INFO - 生成答案: 

Step 1:First, read the problem and identify what we need to find. We need to find the total amount of money Valerie, her brother, and their mother have together.

Step 2:Next, set up equations and p...
2025-08-06 14:32:22,398 - INFO - 提取答案: 42000
2025-08-06 14:32:22,399 - INFO - 投票统计: {'voting_method': 'majority', 'best_answer': '42000', 'vote_count': 5, 'total_paths': 10, 'valid_paths': 10, 'confidence': 0.5, 'answer_distribution': {'45000': 1, '42000': 5, '38000': 3, '40000': 1}, 'selected_path_idx': 1}
2025-08-06 14:32:22,401 - INFO - ==================================================
2025-08-06 14:32:22,402 - INFO - 
==================================================
2025-08-06 14:32:22,403 - INFO - 样本 21: Tatiana is deciding how much of her weekend she wants to spend playing soccer. She has 7 hours on Sa...
2025-08-06 14:32:22,404 - INFO - 参考答案: She has 12 hours for her activities because 7 + 5 = <<7+5=12>>12
After reading, she has 9 hours left because 12 - 3 = <<12-3=9>>9
She spends 3 hours playing video games because 9 x (1/3) = <<9*(1/3)=3>>3
After video games she has 6 hours left for soccer because 9 - 3 = <<6=6>>6
The proportion of time spend on soccer is .5 because 6 / 12 = <<6/12=.5>>.5
The percentage of time spent on soccer is 50 because .5 x 100 = <<50=50>>50
#### 50
2025-08-06 14:32:22,406 - INFO - 提取参考答案: 50
2025-08-06 14:32:22,407 - INFO - 生成答案: 

Step 1:First, read the problem and identify what we need to find. We need to find the percentage of her weekend that Tatiana spends playing soccer.

Step 2:Next, set up equations and perform the cal...
2025-08-06 14:32:22,408 - INFO - 提取答案: 33.33
2025-08-06 14:32:22,410 - INFO - 投票统计: {'voting_method': 'majority', 'best_answer': '33.33', 'vote_count': 5, 'total_paths': 10, 'valid_paths': 10, 'confidence': 0.5, 'answer_distribution': {'33.33': 5, '50': 4, '75': 1}, 'selected_path_idx': 0}
2025-08-06 14:32:22,411 - INFO - ==================================================
2025-08-06 14:32:22,412 - INFO - 
==================================================
2025-08-06 14:32:22,414 - INFO - 样本 23: A merchant wants to make a choice of purchase between 2 purchase plans: jewelry worth $5,000 or elec...
2025-08-06 14:32:22,415 - INFO - 参考答案: If he purchases jewelry, he will make a profit of 2.5% which is $5000*(2.5/100) = $<<5000*(2.5/100)=125>>125
If he purchases electronic gadgets, he will make a profit of 1.2% which is $8000*(1.2/100) = $<<8000*(1.2/100)=96>>96
If he wants to maximize profit, since $125 > $96, he will choose to purchase jewelry, thereby making a profit of $<<125=125>>125
#### 125
2025-08-06 14:32:22,416 - INFO - 提取参考答案: 125
2025-08-06 14:32:22,417 - INFO - 生成答案: 

Step 1:First, read the problem and identify what we need to find. We need to find the maximum profit the merchant can make by choosing between the 2 purchase plans.

Step 2:Next, set up equations an...
2025-08-06 14:32:22,419 - INFO - 提取答案: 250
2025-08-06 14:32:22,420 - INFO - 投票统计: {'voting_method': 'majority', 'best_answer': '250', 'vote_count': 3, 'total_paths': 10, 'valid_paths': 10, 'confidence': 0.3, 'answer_distribution': {'250': 3, '125': 1, '2910': 1, '96': 1, '160': 1, '8064': 2, '29': 1}, 'selected_path_idx': 0}
2025-08-06 14:32:22,421 - INFO - ==================================================
2025-08-06 14:32:22,423 - INFO - 
==================================================
2025-08-06 14:32:22,424 - INFO - 样本 25: Tom decides to give his wife an anniversary getaway.  The plane tickets cost $5000 each.  The hotel ...
2025-08-06 14:32:22,425 - INFO - 参考答案: The hotel room is 1500*.2=$<<1500*.2=300>>300 more expensive per night than normal
So they paid 1500+300=$<<1500+300=1800>>1800 per night
That means she paid 1800*3=$<<1800*3=5400>>5400
The plane tickets cost 5000*2=$<<5000*2=10000>>10,000
So the total cost is 10,000+5400=$<<10000+5400=15400>>15,400
#### 15400
2025-08-06 14:32:22,427 - INFO - 提取参考答案: 15400
2025-08-06 14:32:22,428 - INFO - 生成答案: 

Step 1:First, read the problem and identify what we need to find. We need to find the total cost of the trip.

Step 2:Next, set up equations and perform the calculations. The normal price of the hot...
2025-08-06 14:32:22,429 - INFO - 提取答案: 16400
2025-08-06 14:32:22,431 - INFO - 投票统计: {'voting_method': 'majority', 'best_answer': '16400', 'vote_count': 9, 'total_paths': 10, 'valid_paths': 10, 'confidence': 0.9, 'answer_distribution': {'16400': 9, '19000': 1}, 'selected_path_idx': 0}
2025-08-06 14:32:22,432 - INFO - ==================================================
2025-08-06 14:32:22,433 - INFO - 
==================================================
2025-08-06 14:32:22,434 - INFO - 样本 27: A toy manufacturer receives an order for 400 toys. 5 workers are available to work on the order. 2 o...
2025-08-06 14:32:22,436 - INFO - 参考答案: In the first group of workers, each produces 6 toys * 10 hours = <<6*10=60>>60 toys over their shift.
This is a total of 60 toys * 2 workers = <<60*2=120>>120 toys.
In the second group of workers, each produces 4 toys * 10 hours = <<4*10=40>>40 toys over their shift.
This is a total of 40 toys * 2 workers = <<40*2=80>>80 toys.
Together, these two groups produce 120 + 80 = <<120+80=200>>200 toys.
If the order is still short, then all the workers combined have produced 400 ordered toys – 20 remaining toys = <<400-20=380>>380 toys.
This means the fifth worker produced 380 – 200 = <<380-200=180>>180 toys in total.
The fifth worker therefore produced 180 toys / 10 hours = <<180/10=18>>18 toys per hour.
#### 18
2025-08-06 14:32:22,437 - INFO - 提取参考答案: 18
2025-08-06 14:32:22,438 - INFO - 生成答案: 

Step 1:First, read the problem and identify what we need to find. We need to find the number of toys per hour produced by the fifth worker.

Step 2:Next, set up equations and perform the calculation...
2025-08-06 14:32:22,440 - INFO - 提取答案: 38
2025-08-06 14:32:22,441 - INFO - 投票统计: {'voting_method': 'majority', 'best_answer': '38', 'vote_count': 2, 'total_paths': 10, 'valid_paths': 10, 'confidence': 0.2, 'answer_distribution': {'36': 1, '38': 2, '72': 1, '2': 2, '18': 1, '1.6': 1, '6': 2}, 'selected_path_idx': 1}
2025-08-06 14:32:22,442 - INFO - ==================================================
2025-08-06 14:32:22,444 - INFO - 
==================================================
2025-08-06 14:32:22,445 - INFO - 样本 36: There are four birds at the Caboose. Sally Two is three years older than Granny Red. Granny Red is t...
2025-08-06 14:32:22,446 - INFO - 参考答案: If Sally Thirtytwo is 8 years old, same as Sally four, their total age 8+8 = <<8+8=16>>16 years.
Granny red is two times as old as Sally four, meaning Granny red is 2*8 = <<2*8=16>>16 years old.
Sally Thirtytwo, Sally four, and Sally red are 16+16 = <<32=32>>32 years old.
Sally two is three years older than Granny red, meaning Sally two is 16+3= <<16+3=19>>19 years old.
The four birds have a total age of 32+19 = <<32+19=51>>51 years old.
#### 51
2025-08-06 14:32:22,448 - INFO - 提取参考答案: 51
2025-08-06 14:32:22,449 - INFO - 生成答案: 

Step 1:First, read the problem and identify what we need to find. We need to find the total age of the four birds.

Step 2:Next, set up equations and perform the calculations. Sally Four is 8 years ...
2025-08-06 14:32:22,450 - INFO - 提取答案: 43
2025-08-06 14:32:22,452 - INFO - 投票统计: {'voting_method': 'majority', 'best_answer': '43', 'vote_count': 4, 'total_paths': 10, 'valid_paths': 10, 'confidence': 0.4, 'answer_distribution': {'59': 1, '43': 4, '62': 2, '35': 1, '54': 1, '51': 1}, 'selected_path_idx': 1}
2025-08-06 14:32:22,453 - INFO - ==================================================
2025-08-06 14:32:22,454 - INFO - 
==================================================
2025-08-06 14:32:22,456 - INFO - 样本 39: Marcy makes homemade candles that she markets as 99% guaranteed not to explode. 5% of the more dange...
2025-08-06 14:32:22,457 - INFO - 参考答案: First find what percentage of the candles explode: 100% - 99% = 1%
Then multiply the odds of the candles exploding by the odds of them smelling like wet dog to find the probability of both events happening: 1% * 5% = 0.05%
Then multiply that percentage by the number of candles to find the number of them that have both defects: 0.05% * 50000 candles = <<0.05*.01*50000=25>>25 candles
#### 25
2025-08-06 14:32:22,458 - INFO - 提取参考答案: 25
2025-08-06 14:32:22,460 - INFO - 生成答案: 

Step 1:First, read the problem and identify what we need to find. We need to find the number of candles that both smell like wet dog and explode.

Step 2:Next, set up equations and perform the calcu...
2025-08-06 14:32:22,461 - INFO - 提取答案: 500
2025-08-06 14:32:22,462 - INFO - 投票统计: {'voting_method': 'majority', 'best_answer': '500', 'vote_count': 3, 'total_paths': 10, 'valid_paths': 10, 'confidence': 0.3, 'answer_distribution': {'2500': 2, '125': 2, '500': 3, '0': 1, '25': 2}, 'selected_path_idx': 3}
2025-08-06 14:32:22,464 - INFO - ==================================================
2025-08-06 14:32:22,465 - INFO - 
==================================================
2025-08-06 14:32:22,466 - INFO - 样本 43: Marin and his neighbor Nancy each eat 4 apples a day. How many apples do they eat in 30 days?...
2025-08-06 14:32:22,467 - INFO - 参考答案: In one day, Marin and Nancy eat 4 + 1 = <<4+1=5>>5 apples.
In 30 days, they eat 30 * 5 = <<30*5=150>>150 apples.
#### 150
2025-08-06 14:32:22,469 - INFO - 提取参考答案: 150
2025-08-06 14:32:22,470 - INFO - 生成答案: 

Step 1:First, read the problem and identify what we need to find. We need to find the total number of apples Marin and Nancy eat in 30 days.

Step 2:Next, set up equations and perform the calculatio...
2025-08-06 14:32:22,471 - INFO - 提取答案: 240
2025-08-06 14:32:22,473 - INFO - 投票统计: {'voting_method': 'majority', 'best_answer': '240', 'vote_count': 10, 'total_paths': 10, 'valid_paths': 10, 'confidence': 1.0, 'answer_distribution': {'240': 10}, 'selected_path_idx': 0}
2025-08-06 14:32:22,474 - INFO - ==================================================
2025-08-06 14:32:22,475 - INFO - 
==================================================
2025-08-06 14:32:22,476 - INFO - 样本 46: Lana is brewing cups of tea for her friends. She has 27 cups, and she divides these into 3 rows. In ...
2025-08-06 14:32:22,478 - INFO - 参考答案: If there are 15 cups of cinnamon tea, then there are a total of 27 – 15 = <<27-15=12>>12 cups of chamomile or mint tea.
As there are equal amounts of chamomile tea and mint tea, there is a total of 12 cups / 2 = <<12/2=6>>6 cups of mint tea.
Dividing these into rows shows that each row holds 6 / 3 = <<6/3=2>>2 cups of mint tea.
#### 2
2025-08-06 14:32:22,480 - INFO - 提取参考答案: 2
2025-08-06 14:32:22,481 - INFO - 生成答案: 

Step 1:First, read the problem and identify what we need to find. We need to find the number of cups of mint tea in each row.

Step 2:Next, set up equations and perform the calculations. The total n...
2025-08-06 14:32:22,483 - INFO - 提取答案: 4
2025-08-06 14:32:22,484 - INFO - 投票统计: {'voting_method': 'majority', 'best_answer': '4', 'vote_count': 8, 'total_paths': 10, 'valid_paths': 10, 'confidence': 0.8, 'answer_distribution': {'9': 1, '4': 8, '2': 1}, 'selected_path_idx': 1}
2025-08-06 14:32:22,486 - INFO - ==================================================
2025-08-06 14:32:22,487 - INFO - 
==================================================
2025-08-06 14:32:22,488 - INFO - 样本 49: Raymond and Samantha are cousins. Raymond was born 6 years before Samantha. Raymond had a son at the...
2025-08-06 14:32:22,490 - INFO - 参考答案: When Raymond's son was born Samantha was 23 - 6 = <<23-6=17>>17 years old.
Thus it has been 31 - 17 = <<31-17=14>>14 years since Raymond's son was born.
#### 14
2025-08-06 14:32:22,491 - INFO - 提取参考答案: 14
2025-08-06 14:32:22,492 - INFO - 生成答案: 

Step 1:First, read the problem and identify what we need to find. We need to find the number of years ago Raymond's son was born.

Step 2:Next, set up equations and perform the calculations. Let's a...
2025-08-06 14:32:22,494 - INFO - 提取答案: 2
2025-08-06 14:32:22,495 - INFO - 投票统计: {'voting_method': 'majority', 'best_answer': '2', 'vote_count': 4, 'total_paths': 10, 'valid_paths': 10, 'confidence': 0.4, 'answer_distribution': {'4': 2, '23': 2, '0': 1, '2': 4, '1975': 1}, 'selected_path_idx': 3}
2025-08-06 14:32:22,496 - INFO - ==================================================
2025-08-06 14:32:22,498 - INFO - 
==================================================
2025-08-06 14:32:22,499 - INFO - 样本 52: Jerome had 4 friends who came to visit him on a certain day. The first friend pressed on the doorbel...
2025-08-06 14:32:22,500 - INFO - 参考答案: The second friend pressed on the doorbell 1/4 times more than Jerome's first friend, a total of 1/4*20=<<1/4*20=5>>5 times.
Jerome's second friend pressed on the doorbell 20+5=<<20+5=25>>25
The first two friends pressed on the doorbell 25+20=<<25+20=45>>45 times altogether before Jerome could open the door.
Jerome's third friend pressed on the doorbell 60+10=<<60+10=70>>70 times before Jerome could open the door.
Altogether, Jerome's third and fourth friends pressed on the doorbell 70+60=<<70+60=130>>130 times before Jerome could open.
The number of doorbell rings that Jerome's friend made before Jerome could open the door is 130+45=<<130+45=175>>175 times.
#### 175
2025-08-06 14:32:22,502 - INFO - 提取参考答案: 175
2025-08-06 14:32:22,503 - INFO - 生成答案: 

Step 1:First, read the problem and identify what we need to find. We need to find the total number of doorbell rings.

Step 2:Next, set up equations and perform the calculations. The fourth friend p...
2025-08-06 14:32:22,504 - INFO - 提取答案: 155
2025-08-06 14:32:22,506 - INFO - 投票统计: {'voting_method': 'majority', 'best_answer': '155', 'vote_count': 5, 'total_paths': 10, 'valid_paths': 10, 'confidence': 0.5, 'answer_distribution': {'115': 2, '175': 2, '155': 5, '185': 1}, 'selected_path_idx': 2}
2025-08-06 14:32:22,507 - INFO - ==================================================
2025-08-06 14:32:22,508 - INFO - 
==================================================
2025-08-06 14:32:22,510 - INFO - 样本 55: John decides to buy new phones for him, his 2 kids, and his wife.  Each phone after the first 2 is h...
2025-08-06 14:32:22,511 - INFO - 参考答案: He bought 1+2+1=<<1+2+1=4>>4 phones
2 of the phones cost 600 so their cost is 2*600=$<<2*600=1200>>1200
The other two phones cost 600/2=$<<600/2=300>>300
So they cost 300*2=$<<300*2=600>>600
So the total cost is 1200+600=$<<1200+600=1800>>1800
#### 1800
2025-08-06 14:32:22,512 - INFO - 提取参考答案: 1800
2025-08-06 14:32:22,513 - INFO - 生成答案: 

Step 1:First, read the problem and identify what we need to find. We need to find the total amount John paid for the new phones.

Step 2:Next, set up equations and perform the calculations. The cost...
2025-08-06 14:32:22,515 - INFO - 提取答案: 1125
2025-08-06 14:32:22,516 - INFO - 投票统计: {'voting_method': 'majority', 'best_answer': '1125', 'vote_count': 3, 'total_paths': 10, 'valid_paths': 10, 'confidence': 0.3, 'answer_distribution': {'2100': 1, '1800': 2, '1125': 3, '2700': 1, '1925': 1, '2400': 2}, 'selected_path_idx': 2}
2025-08-06 14:32:22,517 - INFO - ==================================================
2025-08-06 14:32:22,519 - INFO - 
==================================================
2025-08-06 14:32:22,520 - INFO - 样本 61: Andrea has 8 more apples than Jamal and half as many bananas as Jamal. Jamal has 4 more bananas than...
2025-08-06 14:32:22,521 - INFO - 参考答案: Since Andrea has 8 more apples than Jamal, if Andrea has 52 apples, Jamal has 52-8 = <<52-8=44>>44 apples.
The total number of apples is 44+52 = <<44+52=96>>96
Jamal has 4 more bananas than apples, meaning he has 44+4 = 48 bananas.
Andrea has half as many bananas as Jamal, which totals 48/2 = <<48/2=24>>24 bananas.
There are a total of 48+24 = <<48+24=72>>72 bananas.
Altogether, there are 96 apples + 72 bananas = <<96+72=168>>168 fruits
#### 168
2025-08-06 14:32:22,523 - INFO - 提取参考答案: 168
2025-08-06 14:32:22,524 - INFO - 生成答案: 

Step 1:First, read the problem and identify what we need to find. We need to find the total number of fruits that Andrea and Jamal have.

Step 2:Next, set up equations and perform the calculations. ...
2025-08-06 14:32:22,525 - INFO - 提取答案: 76
2025-08-06 14:32:22,527 - INFO - 投票统计: {'voting_method': 'majority', 'best_answer': '76', 'vote_count': 4, 'total_paths': 10, 'valid_paths': 10, 'confidence': 0.4, 'answer_distribution': {'76': 4, '120': 2, '168': 3, '30': 1}, 'selected_path_idx': 0}
2025-08-06 14:32:22,528 - INFO - ==================================================
2025-08-06 14:32:22,529 - INFO - 
==================================================
2025-08-06 14:32:22,530 - INFO - 样本 64: Emily can peel 6 shrimp a minute and saute 30 shrimp in 10 minutes. How long will it take her to pee...
2025-08-06 14:32:22,532 - INFO - 参考答案: First find how long it takes Emily to peel the shrimp: 90 shrimp / 6 shrimp/minute = <<90/6=15>>15 minutes
Then find how many batches of shrimp she needs to cook: 90 shrimp / 30 shrimp/batch = <<90/30=3>>3 batches
Then multiply the number of batches by the time per batch to find the total cook time: 3 batches * 10 minutes/batch = <<3*10=30>>30 minutes
Then add the peeling time to find the total time Emily spends: 30 minutes + 15 minutes = <<30+15=45>>45 minutes
#### 45
2025-08-06 14:32:22,536 - INFO - 提取参考答案: 45
2025-08-06 14:32:22,537 - INFO - 生成答案: 

Step 1:First, read the problem and identify what we need to find. We need to find the time it takes Emily to peel and cook 90 shrimp.

Step 2:Next, set up equations and perform the calculations. Sin...
2025-08-06 14:32:22,539 - INFO - 提取答案: 18
2025-08-06 14:32:22,540 - INFO - 投票统计: {'voting_method': 'majority', 'best_answer': '18', 'vote_count': 4, 'total_paths': 10, 'valid_paths': 10, 'confidence': 0.4, 'answer_distribution': {'18': 4, '45': 2, '30': 2, '10': 2}, 'selected_path_idx': 0}
2025-08-06 14:32:22,541 - INFO - ==================================================
2025-08-06 14:32:22,543 - INFO - 
==================================================
2025-08-06 14:32:22,544 - INFO - 样本 70: Millie decides to open a lemonade stand. She spends $18 to buy enough supplies to make 3 pitchers of...
2025-08-06 14:32:22,545 - INFO - 参考答案: She has enough supplies to make 3 * 12 = <<3*12=36>>36 cups of lemonade.
She sells all of the lemonade for 36 * $1 = $<<36*1=36>>36.
Her total profit for selling the lemonade is $36 - $18 = $<<36-18=18>>18.
It will take Millie 36 / 4 = <<36/4=9>>9 hours of work to sell all of the lemonade.
Her hourly profit is $18 / 9 hours = $<<18/9=2>>2 per hour.
#### 2
2025-08-06 14:32:22,547 - INFO - 提取参考答案: 2
2025-08-06 14:32:22,548 - INFO - 生成答案: 

Step 1:First, read the problem and identify what we need to find. We need to find the profit Millie will make per hour that she spends running the lemonade stand.

Step 2:Next, set up equations and ...
2025-08-06 14:32:22,549 - INFO - 提取答案: 4
2025-08-06 14:32:22,551 - INFO - 投票统计: {'voting_method': 'majority', 'best_answer': '4', 'vote_count': 4, 'total_paths': 10, 'valid_paths': 10, 'confidence': 0.4, 'answer_distribution': {'16': 1, '4.5': 2, '18': 2, '0.5': 1, '4': 4}, 'selected_path_idx': 4}
2025-08-06 14:32:22,552 - INFO - ==================================================
2025-08-06 14:32:22,553 - INFO - 
==================================================
2025-08-06 14:32:22,555 - INFO - 样本 75: Each sleeve of graham crackers makes the base for 8 large smores.  There are 3 sleeves in a box.  If...
2025-08-06 14:32:22,556 - INFO - 参考答案: Each sleeve makes 8 smores and there are 3 sleeves in a box so a box can make 8*3 = <<8*3=24>>24 smores
There are 9 kids who will eat 2 smores a piece so they will eat 9*2 = <<9*2=18>>18 smores
There are 6 adults who will eat 1 smore a piece so they will eat 6*1 = <<6*1=6>>6 smores
Together the kids will eat 18 and the adults will eat 6 so 18+6 = <<18+6=24>>24 smores
Each box makes 24 smores and together the kids and adults will eat 24 s'mores so they will need 24/24 = <<24/24=1>>1 box of graham crackers
#### 1
2025-08-06 14:32:22,557 - INFO - 提取参考答案: 1
2025-08-06 14:32:22,559 - INFO - 生成答案: 

Step 1:First, read the problem and identify what we need to find. We need to find the number of boxes of graham crackers that will be needed.

Step 2:Next, set up equations and perform the calculati...
2025-08-06 14:32:22,560 - INFO - 提取答案: 2
2025-08-06 14:32:22,561 - INFO - 投票统计: {'voting_method': 'majority', 'best_answer': '2', 'vote_count': 4, 'total_paths': 10, 'valid_paths': 10, 'confidence': 0.4, 'answer_distribution': {'2': 4, '3': 2, '1': 4}, 'selected_path_idx': 0}
2025-08-06 14:32:22,563 - INFO - ==================================================
2025-08-06 14:32:22,564 - INFO - 
==================================================
2025-08-06 14:32:22,565 - INFO - 样本 76: Rose bought five dozens of eggs for $2.40 a dozen. She will sell it for $1 for 3 eggs. How much will...
2025-08-06 14:32:22,566 - INFO - 参考答案: Rose bought five dozens of eggs for $2.40 x 5 = $<<2.40*5=12>>12.
Five dozens of eggs is equal to 12 x 5 = <<12*5=60>>60 eggs.
So there are 60/3 = <<60/3=20>>20 sets of 3 eggs that Rose will sell.
Thus, the total earnings of Rose for selling the eggs are $1 x 20 = $<<20=20>>20.
Therefore, her profit will be $20 - $12 = $<<20-12=8>>8.
#### 8
2025-08-06 14:32:22,568 - INFO - 提取参考答案: 8
2025-08-06 14:32:22,569 - INFO - 生成答案: 

Step 1:First, read the problem and identify what we need to find. We need to find Rose's profit.

Step 2:Next, set up equations and perform the calculations. Rose bought five dozens of eggs, which i...
2025-08-06 14:32:22,570 - INFO - 提取答案: 48
2025-08-06 14:32:22,572 - INFO - 投票统计: {'voting_method': 'majority', 'best_answer': '48', 'vote_count': 6, 'total_paths': 10, 'valid_paths': 10, 'confidence': 0.6, 'answer_distribution': {'8': 4, '48': 6}, 'selected_path_idx': 1}
2025-08-06 14:32:22,573 - INFO - ==================================================
2025-08-06 14:32:22,574 - INFO - 
==================================================
2025-08-06 14:32:22,576 - INFO - 样本 86: The vending machines sell chips for 40 cents and candy bars for 75 cents. George spent $5 and got 3 ...
2025-08-06 14:32:22,577 - INFO - 参考答案: George got $.05 in change because 5 x .01 = <<5*.01=.05>>.05
George spent $4.95 because 5 - .05 = <<5-.05=4.95>>4.95
George spent $1.2 on chips because 3 x .4 = <<3*.4=1.2>>1.2
George spent 3.75 on candy bars because 4.95 - 1.2 = <<4.95-1.2=3.75>>3.75
George bought 5 candy bars because 3.75 / .75 = <<5=5>>5
#### 5
2025-08-06 14:32:22,578 - INFO - 提取参考答案: 5
2025-08-06 14:32:22,580 - INFO - 生成答案: 

Step 1:First, read the problem and identify what we need to find. We need to find the number of candy bars George bought.

Step 2:Next, set up equations and perform the calculations. The total amoun...
2025-08-06 14:32:22,581 - INFO - 提取答案: 6
2025-08-06 14:32:22,582 - INFO - 投票统计: {'voting_method': 'majority', 'best_answer': '6', 'vote_count': 5, 'total_paths': 10, 'valid_paths': 10, 'confidence': 0.5, 'answer_distribution': {'6': 5, '1': 1, '5': 3, '0': 1}, 'selected_path_idx': 0}
2025-08-06 14:32:22,584 - INFO - ==================================================
2025-08-06 14:32:22,585 - INFO - 
==================================================
2025-08-06 14:32:22,586 - INFO - 样本 87: The local firefighters are doing a “fill the boot” fundraiser. Their goal is to raise $6300. After t...
2025-08-06 14:32:22,587 - INFO - 参考答案: The fireman raise 2100 / 3 = $<<2100/3=700>>700 per hour.
They have to fundraise for 6300 / 700 = <<6300/700=9>>9 hours.
#### 9
2025-08-06 14:32:22,589 - INFO - 提取参考答案: 9
2025-08-06 14:32:22,590 - INFO - 生成答案: 

Step 1:First, read the problem and identify what we need to find. We need to find the total number of hours the firefighters need to fundraise to reach their goal.

Step 2:Next, set up equations and...
2025-08-06 14:32:22,591 - INFO - 提取答案: 6
2025-08-06 14:32:22,593 - INFO - 投票统计: {'voting_method': 'majority', 'best_answer': '6', 'vote_count': 4, 'total_paths': 10, 'valid_paths': 10, 'confidence': 0.4, 'answer_distribution': {'5': 2, '9': 2, '6': 4, '4.5': 1, '3': 1}, 'selected_path_idx': 2}
2025-08-06 14:32:22,594 - INFO - ==================================================
2025-08-06 14:32:22,595 - INFO - 
==================================================
2025-08-06 14:32:22,597 - INFO - 样本 93: Josh decides to try flipping a house.  He buys a house for $80,000 and then puts in $50,000 in repai...
2025-08-06 14:32:22,598 - INFO - 参考答案: The cost of the house and repairs came out to 80,000+50,000=$<<80000+50000=130000>>130,000
He increased the value of the house by 80,000*1.5=<<80000*1.5=120000>>120,000
So the new value of the house is 120,000+80,000=$<<120000+80000=200000>>200,000
So he made a profit of 200,000-130,000=$<<200000-130000=70000>>70,000
#### 70000
2025-08-06 14:32:22,599 - INFO - 提取参考答案: 70000
2025-08-06 14:32:22,601 - INFO - 生成答案: 

Step 1:First, read the problem and identify what we need to find. We need to find the profit that Josh made.

Step 2:Next, set up equations and perform the calculations. Josh bought the house for $8...
2025-08-06 14:32:22,602 - INFO - 提取答案: 195000
2025-08-06 14:32:22,603 - INFO - 投票统计: {'voting_method': 'majority', 'best_answer': '195000', 'vote_count': 4, 'total_paths': 10, 'valid_paths': 10, 'confidence': 0.4, 'answer_distribution': {'195000': 4, '70000': 2, '-10000': 2, '50000': 2}, 'selected_path_idx': 0}
2025-08-06 14:32:22,605 - INFO - ==================================================
2025-08-06 14:32:22,606 - INFO - 
==================================================
2025-08-06 14:32:22,607 - INFO - 样本 95: There is one set of twins and one set of triplets. One twin is 7 years older than one triplet. If th...
2025-08-06 14:32:22,609 - INFO - 参考答案: Let T = age of triplet
Twin's age = T + <<+7=7>>7
Twin's combined age = 2 * (T + 7)
Triplet's combined age = <<3=3>>3T
2 * (T + 7) + 3T = 44
2T + 14 + 3T = 44
5T + 14 = 44
5T = 30
T = <<6=6>>6
Twin = 6 + 7 = <<6+7=13>>13
The twins are each <<13=13>>13 years old.
#### 13
2025-08-06 14:32:22,610 - INFO - 提取参考答案: 13
2025-08-06 14:32:22,611 - INFO - 生成答案: 

Step 1:First, read the problem and identify what we need to find. We need to find the age of one of the twins.

Step 2:Next, set up equations and perform the calculations. Let x be the age of the yo...
2025-08-06 14:32:22,613 - INFO - 提取答案: 5
2025-08-06 14:32:22,614 - INFO - 投票统计: {'voting_method': 'majority', 'best_answer': '5', 'vote_count': 1, 'total_paths': 10, 'valid_paths': 10, 'confidence': 0.1, 'answer_distribution': {'5': 1, '7.5': 1, '14.5': 1, '12': 1, '13': 1, '13.8': 1, '8.8': 1, '56/3': 1, '12.75': 1, '18': 1}, 'selected_path_idx': 0}
2025-08-06 14:32:22,615 - INFO - ==================================================
2025-08-06 14:32:22,617 - INFO - 
==================================================
2025-08-06 14:32:22,618 - INFO - 样本 98: One meatball sub sandwich contains 4 meatballs.  Sidney ordered 3 less than ten meatball sub sandwic...
2025-08-06 14:32:22,619 - INFO - 参考答案: 3 less than ten meatball sub sandwiches is 10-3=<<10-3=7>>7 sub sandwiches.
After Mark ate 4 of Sidney's meatball sub sandwiches, 7-4=<<7-4=3>>3 remained.
Finally, after Sidney ordered three more sub sandwiches, there were a total of 3+3=<<3+3=6>>6 sub sandwiches.
If each sub sandwich has 4 meatballs, then the remaining sub sandwiches contain a total of 6*4=<<6*4=24>>24 meatballs.
#### 24
2025-08-06 14:32:22,621 - INFO - 提取参考答案: 24
2025-08-06 14:32:22,622 - INFO - 生成答案: 

Step 1:First, read the problem and identify what we need to find. We need to find the number of meatballs in the sub sandwiches that remained.

Step 2:Next, set up equations and perform the calculat...
2025-08-06 14:32:22,623 - INFO - 提取答案: 12
2025-08-06 14:32:22,625 - INFO - 投票统计: {'voting_method': 'majority', 'best_answer': '12', 'vote_count': 10, 'total_paths': 10, 'valid_paths': 10, 'confidence': 1.0, 'answer_distribution': {'12': 10}, 'selected_path_idx': 0}
2025-08-06 14:32:22,626 - INFO - ==================================================
2025-08-06 14:32:22,627 - INFO - 
==================================================
2025-08-06 14:32:22,628 - INFO - 样本 100: Maria invited 4 of her friends over for a water balloon fight in the backyard. At the start of the g...
2025-08-06 14:32:22,630 - INFO - 参考答案: Maria's 4 friends started with 2 balloons * 4 = <<2*4=8>>8 balloons.
Maria started with 1 balloon + 8 balloons = <<1+8=9>>9 balloons to begin with.
Maria's mom came out and gave each girl 3 more balloons, which is 5 girls * 3 balloons = <<5*3=15>>15 balloons.
Total balloons used by the girls is 9 + 15 = <<9+15=24>>24 balloons.
#### 24
2025-08-06 14:32:22,631 - INFO - 提取参考答案: 24
2025-08-06 14:32:22,632 - INFO - 生成答案: 

Step 1:First, read the problem and identify what we need to find. We need to find the total number of balloons the girls have.

Step 2:Next, set up equations and perform the calculations. Maria star...
2025-08-06 14:32:22,634 - INFO - 提取答案: 21
2025-08-06 14:32:22,635 - INFO - 投票统计: {'voting_method': 'majority', 'best_answer': '21', 'vote_count': 3, 'total_paths': 10, 'valid_paths': 10, 'confidence': 0.3, 'answer_distribution': {'24': 2, '22': 2, '17': 1, '25': 1, '60': 1, '21': 3}, 'selected_path_idx': 6}
2025-08-06 14:32:22,636 - INFO - ==================================================
2025-08-06 14:32:22,638 - INFO - 
==================================================
2025-08-06 14:32:22,639 - INFO - 样本 103: Kim sleepwalks, to monitor her sleeping hours, she installs a camera in her room. Kim usually goes t...
2025-08-06 14:32:22,640 - INFO - 参考答案: Out of 24 hours in a day, 10 pm represents 22 hours.
Until 12 p.m. or 24 hours, Kim slept 24 - 22 = <<24-22=2>>2 hours.
In total, Kim usually sleeps 2 + 6 = <<2+6=8>>8 hours a day.
In minutes, Kim usually sleeps 8 * 60 = <<8*60=480>>480 minutes
Kim was sleepwalking for a total of 38 - 15 = <<38-15=23>>23 minutes.
Within her usual sleep routine, Kim was sleepwalking or awake a total of 23 + 5 =<<23+5=28>>28 minutes.
On that day, Kim slept in her bed for 480 - 28 = <<480-28=452>>452 minutes.
#### 452
2025-08-06 14:32:22,642 - INFO - 提取参考答案: 452
2025-08-06 14:32:22,643 - INFO - 生成答案: 

Step 1:First, read the problem and identify what we need to find. We need to find the total number of minutes that Kim slept on her bed that day.

Step 2:Next, set up equations and perform the calcu...
2025-08-06 14:32:22,644 - INFO - 提取答案: 498
2025-08-06 14:32:22,646 - INFO - 投票统计: {'voting_method': 'majority', 'best_answer': '498', 'vote_count': 2, 'total_paths': 10, 'valid_paths': 10, 'confidence': 0.2, 'answer_distribution': {'498': 2, '402': 1, '163': 2, '28': 2, '26': 1, '521': 1, '200': 1}, 'selected_path_idx': 0}
2025-08-06 14:32:22,647 - INFO - ==================================================
2025-08-06 14:32:22,648 - INFO - 
==================================================
2025-08-06 14:32:22,649 - INFO - 样本 106: Sally went to the seashore for vacation.  Her parents gave her $10 to buy whatever she wanted.  At t...
2025-08-06 14:32:22,651 - INFO - 参考答案: Taffy is buying 1 pound for $3 and gets 1 pound half off. So 1/2 off of 1 pound is $3/2 = $1.50+$3.00=$4.50
4 magnets at $0.25 each is 4*.25=$<<4*0.25=1.00>>1.00
When you add all her purchases, $4.50+$1.50+$1.00 = $<<4.5+1.5+1=7.00>>7.00
She had $10 and spent $7 so she had $10-$7 = $<<10-7=3.00>>3.00 left over
#### 3
2025-08-06 14:32:22,652 - INFO - 提取参考答案: 3
2025-08-06 14:32:22,653 - INFO - 生成答案: 

Step 1:First, read the problem and identify what we need to find. We need to find the amount of money Sally has left.

Step 2:Next, set up equations and perform the calculations. Sally started with ...
2025-08-06 14:32:22,655 - INFO - 提取答案: 1.50
2025-08-06 14:32:22,656 - INFO - 投票统计: {'voting_method': 'majority', 'best_answer': '1.50', 'vote_count': 4, 'total_paths': 10, 'valid_paths': 10, 'confidence': 0.4, 'answer_distribution': {'1.50': 4, '-1.50': 2, '0': 2, '1.5': 1, '3': 1}, 'selected_path_idx': 0}
2025-08-06 14:32:22,657 - INFO - ==================================================
2025-08-06 14:32:22,659 - INFO - 
==================================================
2025-08-06 14:32:22,660 - INFO - 样本 108: Ophelia and Jenna are living in the same apartment building. They each have 2 fewer sofas than chair...
2025-08-06 14:32:22,661 - INFO - 参考答案: If Ophelia has 20 sofas and 2 fewer sofas than chairs, she has 20+2 = <<20+2=22>>22 chairs.
Jenna has 3 times as many chairs as Ophelia, a total of 3*22 = <<3*22=66>>66 chairs
The total number of chairs Ophelia and Jenna have is 66+22 = <<66+22=88>>88
Since Jenna also has 2 fewer sofas than chairs, the total number of sofas she has is 66-2 = <<66-2=64>>64 sofas.
The total number of sofas Ophelia and Jenna have is 64+20 = <<64+20=84>>84 sofas
Together, they have 84 sofas+88 chairs = <<84+88=172>>172
#### 172
2025-08-06 14:32:22,663 - INFO - 提取参考答案: 172
2025-08-06 14:32:22,664 - INFO - 生成答案: 

Step 1:First, read the problem and identify what we need to find. We need to find the total number of sofas and chairs that Ophelia and Jenna have.

Step 2:Next, set up equations and perform the cal...
2025-08-06 14:32:22,665 - INFO - 提取答案: 108
2025-08-06 14:32:22,667 - INFO - 投票统计: {'voting_method': 'majority', 'best_answer': '108', 'vote_count': 4, 'total_paths': 10, 'valid_paths': 10, 'confidence': 0.4, 'answer_distribution': {'108': 4, '128': 1, '174': 3, '172': 1, '170': 1}, 'selected_path_idx': 0}
2025-08-06 14:32:22,668 - INFO - ==================================================
2025-08-06 14:32:22,669 - INFO - 
==================================================
2025-08-06 14:32:22,670 - INFO - 样本 112: After scoring 14 points, Erin now has three times more points than Sara, who scored 8. How many poin...
2025-08-06 14:32:22,672 - INFO - 参考答案: Erin now has three times more points than Sara, which is 3*8= <<3*8=24>>24 more points than Sara.
This means Erin has a total of 8+24 = <<8+24=32>>32 points now.
Before, Erin had 32-14= <<32-14=18>>18 points
#### 18
2025-08-06 14:32:22,673 - INFO - 提取参考答案: 18
2025-08-06 14:32:22,674 - INFO - 生成答案: 

Step 1:First, read the problem and identify what we need to find. We need to find the number of points Erin had before scoring 14 points.

Step 2:Next, set up equations and perform the calculations....
2025-08-06 14:32:22,676 - INFO - 提取答案: 10
2025-08-06 14:32:22,677 - INFO - 投票统计: {'voting_method': 'majority', 'best_answer': '10', 'vote_count': 4, 'total_paths': 10, 'valid_paths': 10, 'confidence': 0.4, 'answer_distribution': {'52': 1, '10': 4, '18': 2, '6': 1, '28': 1, '36': 1}, 'selected_path_idx': 1}
2025-08-06 14:32:22,678 - INFO - ==================================================
2025-08-06 14:32:22,680 - INFO - 
==================================================
2025-08-06 14:32:22,681 - INFO - 样本 113: Colby loves going to the movies and every month his parents give him $150 to spend at the movies. Ti...
2025-08-06 14:32:22,682 - INFO - 参考答案: He has spent $50 on Fri/Sat movies because 5 x 10 = <<50=50>>50
He has spent $56 on movies the rest of the day because 8 x 7 = <<8*7=56>>56
He has spent $16 on popcorn because 2 x 8 = <<16=16>>16
He has spent $8 on candy because 4 x 2 = <<4*2=8>>8
He has spent 130 in total because 50 + 56 + 16 + 8 = <<50+56+16+8=130>>130
He plans to spend $10 on popcorn and candy because 8 + 2 = <<8+2=10>>10
He has $10 left to spend because 150 - 130 - 10 = <<150-130-10=10>>10
He can see 1 movie because 10 / 10 = <<10/10=1>>1
#### 1
2025-08-06 14:32:22,684 - INFO - 提取参考答案: 1
2025-08-06 14:32:22,685 - INFO - 生成答案: 

Step 1:First, read the problem and identify what we need to find. We need to find the number of movies Colby can see on Fridays and Saturdays.

Step 2:Next, set up equations and perform the calculat...
2025-08-06 14:32:22,687 - INFO - 提取答案: 2
2025-08-06 14:32:22,688 - INFO - 投票统计: {'voting_method': 'majority', 'best_answer': '2', 'vote_count': 2, 'total_paths': 10, 'valid_paths': 10, 'confidence': 0.2, 'answer_distribution': {'17': 1, '2': 2, '48': 1, '11': 1, '12': 1, '5': 1, '18': 1, '51': 1, '4': 1}, 'selected_path_idx': 1}
2025-08-06 14:32:22,689 - INFO - ==================================================
2025-08-06 14:32:22,690 - INFO - 
==================================================
2025-08-06 14:32:22,692 - INFO - 样本 122: In a school activity, fifty-four students are to be separated into six groups of equal size. If the ...
2025-08-06 14:32:22,693 - INFO - 参考答案: There are 54/6 = <<54/6=9>>9 groups formed from the 54 students.
So, 12 - 9 = <<12-9=3>>3 groups more are needed to form.
#### 3
2025-08-06 14:32:22,694 - INFO - 提取参考答案: 3
2025-08-06 14:32:22,696 - INFO - 生成答案: 

Step 1:First, read the problem and identify what we need to find. We need to find the number of additional groups needed to form the required 12 groups.

Step 2:Next, set up equations and perform th...
2025-08-06 14:32:22,697 - INFO - 提取答案: 6
2025-08-06 14:32:22,698 - INFO - 投票统计: {'voting_method': 'majority', 'best_answer': '6', 'vote_count': 4, 'total_paths': 10, 'valid_paths': 10, 'confidence': 0.4, 'answer_distribution': {'6': 4, '0': 2, '3': 2, '2': 2}, 'selected_path_idx': 0}
2025-08-06 14:32:22,700 - INFO - ==================================================
2025-08-06 14:32:22,701 - INFO - 
==================================================
2025-08-06 14:32:22,702 - INFO - 样本 125: Rose is out picking flowers for a vase she wants to fill.  She starts off by picking 3 flowers with ...
2025-08-06 14:32:22,703 - INFO - 参考答案: Rose picks 3*5=<<3*5=15>>15 petals worth of the 5 petal flowers.
Rose then picks 4*6=<<4*6=24>>24 petals worth of the 6 petal flowers.
Rose then picks 5*4=<<5*4=20>>20 petals worth of the 4 petal flowers.
Finally, Rose picks 6*7=<<6*7=42>>42 petals worth of the 7 petal flowers.
Rose carries 15+24+20+42=<<15+24+20+42=101>>101 petals worth of flowers back to the vase.
But the wind blows 5+6+4+7=<<5+6+4+7=22>>22 petals worth of flowers away.
So Rose has 101-22=<<101-22=79>>79 petals worth remaining
#### 79
2025-08-06 14:32:22,705 - INFO - 提取参考答案: 79
2025-08-06 14:32:22,706 - INFO - 生成答案: 

Step 1:First, read the problem and identify what we need to find. We need to find the total number of petals on the flowers in the vase.

Step 2:Next, set up equations and perform the calculations. ...
2025-08-06 14:32:22,708 - INFO - 提取答案: 83
2025-08-06 14:32:22,709 - INFO - 投票统计: {'voting_method': 'majority', 'best_answer': '83', 'vote_count': 6, 'total_paths': 10, 'valid_paths': 10, 'confidence': 0.6, 'answer_distribution': {'83': 6, '99': 1, '79': 3}, 'selected_path_idx': 0}
2025-08-06 14:32:22,710 - INFO - ==================================================
2025-08-06 14:32:22,711 - INFO - 
==================================================
2025-08-06 14:32:22,713 - INFO - 样本 133: A food caterer was told to prepare gourmet hot dogs for 36 guests. While most people would only eat ...
2025-08-06 14:32:22,714 - INFO - 参考答案: The food caterer prepared an additional 36/2 = <<36/2=18>>18 hot dogs.
Altogether, he prepared 36 + 18 = <<36+18=54>>54 hotdogs.
If 40 people wanted seconds, he would have needed 40 x 2 = <<40*2=80>>80 hot dogs.
80 - 54 = <<80-54=26>>26 people did not get second hotdogs.
#### 26
2025-08-06 14:32:22,715 - INFO - 提取参考答案: 26
2025-08-06 14:32:22,717 - INFO - 生成答案: 

Step 1:First, read the problem and identify what we need to find. We need to find the number of guests who did not get a second hotdog.

Step 2:Next, set up equations and perform the calculations. T...
2025-08-06 14:32:22,718 - INFO - 提取答案: 22
2025-08-06 14:32:22,719 - INFO - 投票统计: {'voting_method': 'majority', 'best_answer': '22', 'vote_count': 3, 'total_paths': 10, 'valid_paths': 10, 'confidence': 0.3, 'answer_distribution': {'44': 1, '14': 1, '32': 1, '22': 3, '16': 1, '9': 1, '18': 2}, 'selected_path_idx': 3}
2025-08-06 14:32:22,721 - INFO - ==================================================
2025-08-06 14:32:22,722 - INFO - 
==================================================
2025-08-06 14:32:22,723 - INFO - 样本 137: Charlie wants to sell beeswax candles.  For every pound of beeswax, he can make 10 tapered candles. ...
2025-08-06 14:32:22,725 - INFO - 参考答案: 1 pound of beeswax and the wick make 10 candles and he wants to make 20 candles so he needs 20/10 = <<20/10=2>>2 pounds of beeswax
1 pound of beeswax costs $10.00 and he needs 2 pounds so his supplies will cost 10*2 = $<<10*2=20.00>>20.00
He wants to sell each candle for $2.00 each and he's selling 20 candles so that's 2*20 = $<<2*20=40.00>>40.00
If he makes $40.00 selling candles and his supplies cost $20.00 then his net profit is 40-20 = $<<40-20=20.00>>20.00
#### 20
2025-08-06 14:32:22,726 - INFO - 提取参考答案: 20
2025-08-06 14:32:22,727 - INFO - 生成答案: 

Step 1:First, read the problem and identify what we need to find. We need to find Charlie's net profit.

Step 2:Next, set up equations and perform the calculations. The cost of making 20 candles is ...
2025-08-06 14:32:22,729 - INFO - 提取答案: -160
2025-08-06 14:32:22,730 - INFO - 投票统计: {'voting_method': 'majority', 'best_answer': '-160', 'vote_count': 4, 'total_paths': 10, 'valid_paths': 10, 'confidence': 0.4, 'answer_distribution': {'30': 2, '-160': 4, '20': 4}, 'selected_path_idx': 2}
2025-08-06 14:32:22,731 - INFO - ==================================================
2025-08-06 14:32:22,733 - INFO - 
==================================================
2025-08-06 14:32:22,734 - INFO - 样本 143: Wayne and Bernadette are movie stars heading to the premiere of their latest film. Bernadette wants ...
2025-08-06 14:32:22,735 - INFO - 参考答案: Bernadette takes 4 * 4 = <<4*4=16>>16 minutes to get to the theater.
Her ride takes 16 - 4 = <<16-4=12>>12 minutes longer than Wayne’s to get to the theater.
Thus, she should leave 12 + 5 = <<12+5=17>>17 minutes before Wayne to get to the theater 5 minutes sooner than he does.
#### 17
2025-08-06 14:32:22,737 - INFO - 提取参考答案: 17
2025-08-06 14:32:22,738 - INFO - 生成答案: 

Step 1:First, read the problem and identify what we need to find. We need to find how much earlier Bernadette should leave than Wayne to get to the theater first.

Step 2:Next, set up equations and ...
2025-08-06 14:32:22,739 - INFO - 提取答案: 1
2025-08-06 14:32:22,740 - INFO - 投票统计: {'voting_method': 'majority', 'best_answer': '1', 'vote_count': 2, 'total_paths': 10, 'valid_paths': 10, 'confidence': 0.2, 'answer_distribution': {'11': 1, '9': 1, '12': 1, '0': 1, '20': 1, '3': 1, '25': 1, '21': 1, '1': 2}, 'selected_path_idx': 8}
2025-08-06 14:32:22,742 - INFO - ==================================================
2025-08-06 14:32:22,743 - INFO - 
==================================================
2025-08-06 14:32:22,744 - INFO - 样本 150: Digimon had its 20th anniversary.  When it came out John was twice as old as Jim.  If John is 28 now...
2025-08-06 14:32:22,746 - INFO - 参考答案: When Digimon came out John would have been 28-20=<<28-20=8>>8
So Jim was 8/2=<<8/2=4>>4 years old
That means John is now 4+20=<<4+20=24>>24
#### 24
2025-08-06 14:32:22,747 - INFO - 提取参考答案: 24
2025-08-06 14:32:22,748 - INFO - 生成答案: 

Step 1:First, read the problem and identify what we need to find. We need to find Jim's current age.

Step 2:Next, set up equations and perform the calculations. Let's use the information that John ...
2025-08-06 14:32:22,750 - INFO - 提取答案: 14
2025-08-06 14:32:22,751 - INFO - 投票统计: {'voting_method': 'majority', 'best_answer': '14', 'vote_count': 4, 'total_paths': 10, 'valid_paths': 10, 'confidence': 0.4, 'answer_distribution': {'14': 4, '23': 1, '21': 1, '24': 3, '34': 1}, 'selected_path_idx': 0}
2025-08-06 14:32:22,752 - INFO - ==================================================
2025-08-06 14:32:22,754 - INFO - 
==================================================
2025-08-06 14:32:22,755 - INFO - 样本 155: Mary is making ice cubes with fruit frozen in them for a cocktail party. She makes some strawberry c...
2025-08-06 14:32:22,756 - INFO - 参考答案: Let s be the number of strawberry cubes and b be the number of blueberry cubes. We know that b = 5s - 4 and s + b = 116.
Substituting the first equation into the second, we get s + 5s - 4 = 116.
Combining like terms, we get 6s - 4 = 116
Adding 4 to both sides, we get 6s = 120
Dividing both sides by 6, we get s = 20
Substituting this value back into the equation b = 5s - 4, we get b = 96
#### 96
2025-08-06 14:32:22,757 - INFO - 提取参考答案: 96
2025-08-06 14:32:22,759 - INFO - 生成答案: 

Step 1:First, read the problem and identify what we need to find. We need to find the number of blueberry cubes Mary makes.

Step 2:Next, set up equations and perform the calculations. Let x be the ...
2025-08-06 14:32:22,760 - INFO - 提取答案: 92
2025-08-06 14:32:22,761 - INFO - 投票统计: {'voting_method': 'majority', 'best_answer': '92', 'vote_count': 7, 'total_paths': 10, 'valid_paths': 10, 'confidence': 0.7, 'answer_distribution': {'92': 7, '96': 3}, 'selected_path_idx': 0}
2025-08-06 14:32:22,763 - INFO - ==================================================
2025-08-06 14:32:22,764 - INFO - 
==================================================
2025-08-06 14:32:22,765 - INFO - 样本 156: A family of 6 (2 adults and 4 kids) are to divide a watermelon such that each adult gets a slice tha...
2025-08-06 14:32:22,766 - INFO - 参考答案: Let x be the percentage of watermelon that each adult gets.
Since each kid gets half of what each adult gets, each kid gets x/2 percent of the watermelon
So the watermelon gets split into 2*x and 4*(x/2) parts by percentage
The percentages have to sum up to 100 so 2x+2x = 100 (after simplification)
x = 100/4 = <<100/4=25>>25, which means each adult gets 25% of the watermelon.
#### 25
2025-08-06 14:32:22,768 - INFO - 提取参考答案: 25
2025-08-06 14:32:22,769 - INFO - 生成答案: 

Step 1:First, read the problem and identify what we need to find. We need to find the percentage of the watermelon that each adult gets.

Step 2:Next, set up equations and perform the calculations. ...
2025-08-06 14:32:22,770 - INFO - 提取答案: 33.33
2025-08-06 14:32:22,772 - INFO - 投票统计: {'voting_method': 'majority', 'best_answer': '33.33', 'vote_count': 5, 'total_paths': 10, 'valid_paths': 10, 'confidence': 0.5, 'answer_distribution': {'22.5': 1, '33.33': 5, '133.33': 1, '50': 1, '66.67': 1, '25': 1}, 'selected_path_idx': 1}
2025-08-06 14:32:22,773 - INFO - ==================================================
2025-08-06 14:32:22,774 - INFO - 
==================================================
2025-08-06 14:32:22,776 - INFO - 样本 173: A company's HR hires 20 new employees every month to add to its total workforce. If the company's in...
2025-08-06 14:32:22,777 - INFO - 参考答案: If each month the company hire 20 new employees, the total number of employees in the company in the first month is 200 employees + 20 employees = <<200+20=220>>220 employees
If each employee is paid $4000 per month, the total amount of money paid by the employee to its workers in the first month is 220 employees * $4000/employee = $<<220*4000=880000>>880000
In the second month, 20 more workers are hired, bringing the total number of employees to 220 employees + 20 employees = 240 employees
The company pays a total of 240 employees * $4000/employee = $<<240*4000=960000>>960000 in wages for its employees in the second month.
When an additional 20 workers are hired in the third month, the total number of workers become 240 employees + 20 employees = <<240+20=260>>260 employees
In total, the company 260 employees * $4000/employee = $<<260*4000=1040000>>1040000 in wages on the third month.
The total amount of money the company pays to all its employees in the three months is $1040000 + $960000 + $880000 = <<1040000+960000+880000=2880000>>2880000
#### 2880000
2025-08-06 14:32:22,779 - INFO - 提取参考答案: 2880000
2025-08-06 14:32:22,780 - INFO - 生成答案: 

Step 1:First, read the problem and identify what we need to find. We need to find the total amount of money the company pays to its employees after three months.

Step 2:Next, set up equations and p...
2025-08-06 14:32:22,781 - INFO - 提取答案: 1040000
2025-08-06 14:32:22,783 - INFO - 投票统计: {'voting_method': 'majority', 'best_answer': '1040000', 'vote_count': 10, 'total_paths': 10, 'valid_paths': 10, 'confidence': 1.0, 'answer_distribution': {'1040000': 10}, 'selected_path_idx': 0}
2025-08-06 14:32:22,784 - INFO - ==================================================
2025-08-06 14:32:22,786 - INFO - 
==================================================
2025-08-06 14:32:22,787 - INFO - 样本 194: James gets 10 new CDs.  Each CD cost $15.  He gets them for 40% off.  He decides he doesn't like 5 o...
2025-08-06 14:32:22,788 - INFO - 参考答案: He got a 15*.4=$<<15*.4=6>>6 discount on each CD
That means each CD cost 15-6=$<<15-6=9>>9
So he paid 10*9=$<<10*9=90>>90
That means he was out 90-40=$<<90-40=50>>50
#### 50
2025-08-06 14:32:22,790 - INFO - 提取参考答案: 50
2025-08-06 14:32:22,791 - INFO - 生成答案: 

Step 1:First, read the problem and identify what we need to find. We need to find out how much money James was out after buying the CDs and selling some of them.

Step 2:Next, set up equations and p...
2025-08-06 14:32:22,792 - INFO - 提取答案: 110
2025-08-06 14:32:22,793 - INFO - 投票统计: {'voting_method': 'majority', 'best_answer': '110', 'vote_count': 8, 'total_paths': 10, 'valid_paths': 10, 'confidence': 0.8, 'answer_distribution': {'110': 8, '100': 1, '140': 1}, 'selected_path_idx': 0}
2025-08-06 14:32:22,795 - INFO - ==================================================
2025-08-06 14:32:22,796 - INFO - 
==================================================
2025-08-06 14:32:22,797 - INFO - 样本 201: For a New Year's resolution, Andy wants to lose 30 lbs. by his birthday, which is July 19th. Today i...
2025-08-06 14:32:22,799 - INFO - 参考答案: January, March, and May have 31 days, February has 28, and April and June have 30, and Andy's birthday is on the 19th day of July. So there are 3 * 31 days + 28 + 2 * 30 days + 19 days = 93 days + 28 + 60 days + 19 days = <<3*31+28+2*30+19=200>>200 days until Andy's birthday.
He wants to lose 30 lbs. At 3500 calories per pound, this is 30 * 3500 = <<30*3500=105000>>105,000 calories total,
To reach his goal, he will have to burn 105,000 calories / 200 days = <<105000/200=525>>525 calories per day more than he consumes.
#### 525
2025-08-06 14:32:22,800 - INFO - 提取参考答案: 525
2025-08-06 14:32:22,801 - INFO - 生成答案: 

Step 1:First, read the problem and identify what we need to find. We need to find the daily calorie deficit that Andy needs to create to lose 30 lbs. in 7 months.

Step 2:Next, set up equations and ...
2025-08-06 14:32:22,803 - INFO - 提取答案: 500
2025-08-06 14:32:22,804 - INFO - 投票统计: {'voting_method': 'majority', 'best_answer': '500', 'vote_count': 3, 'total_paths': 10, 'valid_paths': 10, 'confidence': 0.3, 'answer_distribution': {'575': 2, '500': 3, '437.5': 2, '488': 1, '1140': 1, '3500': 1}, 'selected_path_idx': 1}
2025-08-06 14:32:22,805 - INFO - ==================================================
2025-08-06 14:32:22,807 - INFO - 
==================================================
2025-08-06 14:32:22,808 - INFO - 样本 208: Carmen goes to an auction to win an antique desk. She accepts the opening bid of $200 and continues ...
2025-08-06 14:32:22,809 - INFO - 参考答案: 3 other people are bidding on the desk so there are 3 bids * $50 per bid = $<<3*50=150>>150 added to the cost of the desk by other people.
Carmen also has to bid against each person, so she also adds 3 bids * $50 per bid = $<<3*50=150>>150 to the overall cost.
So in these bids, there has been a total of $150 + $150 = $<<150+150=300>>300 added to the initial cost of the desk.
The desk therefore costs $200 opening bid + $300 added cost = $<<200+300=500>>500.
#### 500
2025-08-06 14:32:22,811 - INFO - 提取参考答案: 500
2025-08-06 14:32:22,812 - INFO - 生成答案: 

Step 1:First, read the problem and identify what we need to find. We need to find the amount of money Carmen paid for the desk.

Step 2:Next, set up equations and perform the calculations. Carmen's ...
2025-08-06 14:32:22,813 - INFO - 提取答案: 350
2025-08-06 14:32:22,815 - INFO - 投票统计: {'voting_method': 'majority', 'best_answer': '350', 'vote_count': 2, 'total_paths': 10, 'valid_paths': 10, 'confidence': 0.2, 'answer_distribution': {'350': 2, '1100': 2, '250': 1, '300': 1, '400': 1, '450': 1, '200': 1, '650': 1}, 'selected_path_idx': 0}
2025-08-06 14:32:22,816 - INFO - ==================================================
2025-08-06 14:32:22,818 - INFO - 
==================================================
2025-08-06 14:32:22,819 - INFO - 样本 214: Bob had 7 fish in his ornamental fish pond. 3 were orange, and 4 were white. He decided he wanted to...
2025-08-06 14:32:22,820 - INFO - 参考答案: Bob started with 7 fish and bought seventeen, so he had 7 + 17 = <<7+17=24>>24 fish.
Let x = the number of white fish.
Bob has twice as many orange fish as white fish, so 2*x + x = 24 fish
3*x = 24
x = 24/3 = <<24/3=8>>8 white fish.
Bob started with 4 white fish, so he bought 8 - 4 = 4 white fish at the store.
#### 4
2025-08-06 14:32:22,821 - INFO - 提取参考答案: 4
2025-08-06 14:32:22,823 - INFO - 生成答案: 

Step 1:First, read the problem and identify what we need to find. We need to find the number of white fish that Bob bought at the store.

Step 2:Next, set up equations and perform the calculations. ...
2025-08-06 14:32:22,824 - INFO - 提取答案: 6
2025-08-06 14:32:22,825 - INFO - 投票统计: {'voting_method': 'majority', 'best_answer': '6', 'vote_count': 4, 'total_paths': 10, 'valid_paths': 10, 'confidence': 0.4, 'answer_distribution': {'7/3': 1, '6': 4, '4': 3, '5': 1, '13': 1}, 'selected_path_idx': 1}
2025-08-06 14:32:22,827 - INFO - ==================================================
2025-08-06 14:32:22,828 - INFO - 
==================================================
2025-08-06 14:32:22,829 - INFO - 样本 218: 48 people are riding a bus. On the first stop, 8 passengers get off, and 5 times as many people as t...
2025-08-06 14:32:22,831 - INFO - 参考答案: At the first stop, 5 * 8 = <<5*8=40>>40 passengers get on the bus.
After the first stop the bus has ( 48 - 8 ) + 40 = <<48-8+40=80>>80 passengers.
At the second stop, 21 / 3 = <<21/3=7>>7 passengers get on the bus.
After the second stop there are ( 80 - 21 ) + 7 = <<80-21+7=66>>66 passengers.
#### 66
2025-08-06 14:32:22,832 - INFO - 提取参考答案: 66
2025-08-06 14:32:22,833 - INFO - 生成答案: 

Step 1:First, read the problem and identify what we need to find. We need to find the number of passengers who are riding the bus after the second stop.

Step 2:Next, set up equations and perform th...
2025-08-06 14:32:22,835 - INFO - 提取答案: 122
2025-08-06 14:32:22,836 - INFO - 投票统计: {'voting_method': 'majority', 'best_answer': '122', 'vote_count': 5, 'total_paths': 10, 'valid_paths': 10, 'confidence': 0.5, 'answer_distribution': {'122': 5, '66': 2, '80': 1, '61': 1, '83': 1}, 'selected_path_idx': 0}
2025-08-06 14:32:22,837 - INFO - ==================================================
2025-08-06 14:32:22,839 - INFO - 
==================================================
2025-08-06 14:32:22,840 - INFO - 样本 222: Maggie's oven is malfunctioning. When she sets it to 450 the actual temperature is 468. If it's off ...
2025-08-06 14:32:22,841 - INFO - 参考答案: The oven off by 18 degrees because 468 - 450 = <<468-450=18>>18
The oven is off by 4% because 18 / 450 x 100 = <<18/450*100=4>>4%
Therefore X + .04X = 520
Therefore 1.04X = 520
The temperature to set it is 500 because 520 / 1.04 = <<520/1.04=500>>500
#### 500
2025-08-06 14:32:22,842 - INFO - 提取参考答案: 500
2025-08-06 14:32:22,844 - INFO - 生成答案: 

Step 1:First, read the problem and identify what we need to find. We need to find the temperature that Maggie should set her oven to if her recipe calls for 520 degrees.

Step 2:Next, set up equatio...
2025-08-06 14:32:22,845 - INFO - 提取答案: 540
2025-08-06 14:32:22,846 - INFO - 投票统计: {'voting_method': 'majority', 'best_answer': '540', 'vote_count': 2, 'total_paths': 10, 'valid_paths': 10, 'confidence': 0.2, 'answer_distribution': {'538': 1, '540': 2, '540.67': 1, '530': 1, '479': 1, '543': 1, '520': 1, '20': 1, '970': 1}, 'selected_path_idx': 1}
2025-08-06 14:32:22,848 - INFO - ==================================================
2025-08-06 14:32:22,849 - INFO - 
==================================================
2025-08-06 14:32:22,850 - INFO - 样本 223: Calvin is making soup for his family for dinner. He has a pot with enough soup to fill four adult's ...
2025-08-06 14:32:22,852 - INFO - 参考答案: Four adult bowls equal eight children’s bowls, so each adult bowl is 8 / 4 = <<8/4=2>>2 children’s bowls.
Calvin and his wife will eat two adult bowls, so they will eat the equivalent of 2 * 2 = <<2*2=4>>4 children’s bowls.
Thus, he, his wife, and their children will eat 4 + 2 = <<4+2=6>>6 children’s bowls at dinner.
After dinner, there will be 8 - 6 = <<8-6=2>>2 children’s bowls left over.
There are 2 children, so each child will be able to eat a bowl of leftover soup for lunch 2 / 2 = <<2/2=1>>1 time.
#### 1
2025-08-06 14:32:22,853 - INFO - 提取参考答案: 1
2025-08-06 14:32:22,855 - INFO - 生成答案: 

Step 1:First, read the problem and identify what we need to find. We need to find out how many times each child can have a bowl of soup for lunch from the leftover soup.

Step 2:Next, set up equatio...
2025-08-06 14:32:22,856 - INFO - 提取答案: 2
2025-08-06 14:32:22,858 - INFO - 投票统计: {'voting_method': 'majority', 'best_answer': '2', 'vote_count': 2, 'total_paths': 10, 'valid_paths': 10, 'confidence': 0.2, 'answer_distribution': {'2': 2, '0': 1, '1': 2, '10': 1, '4': 2, '18': 1, '6': 1}, 'selected_path_idx': 0}
2025-08-06 14:32:22,859 - INFO - ==================================================
2025-08-06 14:32:22,860 - INFO - 
==================================================
2025-08-06 14:32:22,861 - INFO - 样本 224: Patty's Plumbing charges $40 to visit a house to make a repair, plus $35 per hour, or part thereof, ...
2025-08-06 14:32:22,863 - INFO - 参考答案: She charged for 3 hours.
The total cost from the hourly rate was 3*35=$<<3*35=105>>105.
She charged 40+105+60=<<40+105+60=205>>205.
#### 205
2025-08-06 14:32:22,864 - INFO - 提取参考答案: 205
2025-08-06 14:32:22,865 - INFO - 生成答案: 

Step 1:First, read the problem and identify what we need to find. We need to find the total amount that Patty charged for the job.

Step 2:Next, set up equations and perform the calculations. The to...
2025-08-06 14:32:22,867 - INFO - 提取答案: 178.75
2025-08-06 14:32:22,868 - INFO - 投票统计: {'voting_method': 'majority', 'best_answer': '178.75', 'vote_count': 5, 'total_paths': 10, 'valid_paths': 10, 'confidence': 0.5, 'answer_distribution': {'178.75': 5, '178.25': 2, '170': 1, '155': 1, '205': 1}, 'selected_path_idx': 0}
2025-08-06 14:32:22,869 - INFO - ==================================================
2025-08-06 14:32:22,870 - INFO - 
==================================================
2025-08-06 14:32:22,872 - INFO - 样本 225: Katarina has 5 less cookies than Max has. Max has 12 more cookies than the Cookie Monster, and Summe...
2025-08-06 14:32:22,873 - INFO - 参考答案: Max’s has a total of 68+5 = <<68+5=73>>73 cookies.
Cookie Monster’s total amount of cookies is 73-12 = <<73-12=61>>61.
Summer’s total cookie amount is 73+23 = <<73+23=96>>96.
Total amount of cookies 68+73+61+96 = <<68+73+61+96=298>>298.
#### 298
2025-08-06 14:32:22,874 - INFO - 提取参考答案: 298
2025-08-06 14:32:22,876 - INFO - 生成答案: 

Step 1:First, read the problem and identify what we need to find. We need to find the total number of cookies that Katarina, Max, and the Cookie Monster have.

Step 2:Next, set up equations and perf...
2025-08-06 14:32:22,877 - INFO - 提取答案: 202
2025-08-06 14:32:22,878 - INFO - 投票统计: {'voting_method': 'majority', 'best_answer': '202', 'vote_count': 5, 'total_paths': 10, 'valid_paths': 10, 'confidence': 0.5, 'answer_distribution': {'202': 5, '298': 2, '206': 1, '230': 1, '214': 1}, 'selected_path_idx': 0}
2025-08-06 14:32:22,880 - INFO - ==================================================
2025-08-06 14:32:22,881 - INFO - 
==================================================
2025-08-06 14:32:22,882 - INFO - 样本 228: Cole wanted to buy new jeans for a dance contest. At the store, he couldn't decide between tattered ...
2025-08-06 14:32:22,883 - INFO - 参考答案: Cole saved $6 x 1/3 = $<<6*1/3=2>>2 on the jogger jeans.
So, he saved $6 - $2 = $<<6-2=4>>4 on the tattered jeans.
The original price of the jogger jeans is $22 + $2 = $<<22+2=24>>24.
Cole bought the tattered jeans for $<<28=28>>28
Hence, the original price of the tattered jeans is $28 + $4 = $<<28+4=32>>32.
Therefore, jogger jeans originally cost $32 - $24 = $<<32-24=8>>8 more than the tattered jeans.
#### 8
2025-08-06 14:32:22,885 - INFO - 提取参考答案: 8
2025-08-06 14:32:22,886 - INFO - 生成答案: 

Step 1:First, read the problem and identify what we need to find. We need to find the difference in the original cost of the jogger jeans and the tattered jeans.

Step 2:Next, set up equations and p...
2025-08-06 14:32:22,887 - INFO - 提取答案: 6
2025-08-06 14:32:22,889 - INFO - 投票统计: {'voting_method': 'majority', 'best_answer': '6', 'vote_count': 7, 'total_paths': 10, 'valid_paths': 10, 'confidence': 0.7, 'answer_distribution': {'6': 7, '22.80': 1, '8': 1, '2': 1}, 'selected_path_idx': 0}
2025-08-06 14:32:22,890 - INFO - ==================================================
2025-08-06 14:32:22,891 - INFO - 
==================================================
2025-08-06 14:32:22,893 - INFO - 样本 232: Tim enters a competition and has to try and guess the number of red jelly beans in a jar.  The jar h...
2025-08-06 14:32:22,894 - INFO - 参考答案: The volume of the container is 6*6*15=<<6*6*15=540>>540 cubic inches
That means it can fit 540/.15=<<540/.15=3600>>3600 jelly beans
With 80% packing efficiency, you can fit 3600*.8=<<3600*.8=2880>>2880 jelly beans in there
So that means he guesses 2880*.3=<<2880*.3=864>>864 are red
So his guess is off by 900-864=<<900-864=36>>36
#### 36
2025-08-06 14:32:22,895 - INFO - 提取参考答案: 36
2025-08-06 14:32:22,896 - INFO - 生成答案: 

Step 1:First, read the problem and identify what we need to find. We need to find the distance between Tim's guess and the true number of red jelly beans in the jar.

Step 2:Next, set up equations a...
2025-08-06 14:32:22,898 - INFO - 提取答案: 697.5
2025-08-06 14:32:22,899 - INFO - 投票统计: {'voting_method': 'majority', 'best_answer': '697.5', 'vote_count': 4, 'total_paths': 10, 'valid_paths': 10, 'confidence': 0.4, 'answer_distribution': {'180': 2, '297.5': 1, '697.5': 4, '1980': 1, '0': 1, '450': 1}, 'selected_path_idx': 2}
2025-08-06 14:32:22,900 - INFO - ==================================================
2025-08-06 14:32:22,902 - INFO - 
==================================================
2025-08-06 14:32:22,903 - INFO - 样本 235: Dennis uses 1 pound of butter for every dozen croissants that he makes.  He needs to make 6 dozen cr...
2025-08-06 14:32:22,904 - INFO - 参考答案: 1 pound of butter makes 1 dozen croissants and he needs to make 6 dozen so he needs 1*6 = <<1*6=6>>6 pounds of butter
The butter is $4.00 a pound and currently on sale for buy one get one half off so every unit of 2 pounds of butter will cost 4*1.5 = $<<4*1.5=6.00>>6.00
He needs 6 pounds of butter and the current promotion is for a unit of 2 pounds of butter so he needs to buy 6/2 = <<6/2=3>>3 units worth of butter
The sale price is $6.00 per 2 pounds of butter and he needs to buy 3 units of butter so 6*3 = $<<6*3=18.00>>18.00 worth of butter
#### 18
2025-08-06 14:32:22,906 - INFO - 提取参考答案: 18
2025-08-06 14:32:22,907 - INFO - 生成答案: 

Step 1:First, read the problem and identify what we need to find. We need to find the cost of 6 pounds of butter.

Step 2:Next, set up equations and perform the calculations. Dennis needs 6 dozen cr...
2025-08-06 14:32:22,908 - INFO - 提取答案: 12
2025-08-06 14:32:22,910 - INFO - 投票统计: {'voting_method': 'majority', 'best_answer': '12', 'vote_count': 4, 'total_paths': 10, 'valid_paths': 10, 'confidence': 0.4, 'answer_distribution': {'12': 4, '18': 2, '24': 2, '6': 2}, 'selected_path_idx': 0}
2025-08-06 14:32:22,911 - INFO - ==================================================
2025-08-06 14:32:22,912 - INFO - 
==================================================
2025-08-06 14:32:22,913 - INFO - 样本 236: Heather bought a jumbo bag of raisins with 27 cups of raisins in it. She wants to make oatmeal cooki...
2025-08-06 14:32:22,915 - INFO - 参考答案: Heather will have 27 / 3 = <<27/3=9>>9 cups of raisins for oatmeal cookies after dividing the bag.
Thus, she will be able to make (9/3) * 4 = <<9/3*4=12>>12 batches of oatmeal cookies.
#### 12
2025-08-06 14:32:22,916 - INFO - 提取参考答案: 12
2025-08-06 14:32:22,917 - INFO - 生成答案: 

Step 1:First, read the problem and identify what we need to find. We need to find the number of batches of oatmeal cookies Heather can make.

Step 2:Next, set up equations and perform the calculatio...
2025-08-06 14:32:22,919 - INFO - 提取答案: 36
2025-08-06 14:32:22,920 - INFO - 投票统计: {'voting_method': 'majority', 'best_answer': '36', 'vote_count': 7, 'total_paths': 10, 'valid_paths': 10, 'confidence': 0.7, 'answer_distribution': {'36': 7, '12': 3}, 'selected_path_idx': 0}
2025-08-06 14:32:22,921 - INFO - ==================================================
2025-08-06 14:32:22,923 - INFO - 
==================================================
2025-08-06 14:32:22,924 - INFO - 样本 244: Every day Charisma meditates for 15 minutes when she first wakes up and again before she goes to sle...
2025-08-06 14:32:22,925 - INFO - 参考答案: She meditates for 15 minutes in the morning and 15 minutes at night for a total of 15+15 = <<15+15=30>>30 minutes
She meditates 30 minutes daily so in 7 days/1 week she meditates 30*7 = <<30*7=210>>210 minutes
She meditates 210 minutes in 1 week so in 4 weeks she meditates 210*4 = <<210*4=840>>840 minutes
60 minutes are in an hour so she meditates for 840/60 = <<840/60=14>>14 hours
She practices yoga for 1 hour 5 days a week so that's 1*5 = <<1*5=5>>5 hours
Over 4 weeks she practices yoga for 4*5 = <<4*5=20>>20 hours
She spends 14 hours meditating and 20 hours practicing yoga for a total of 14+20 = <<14+20=34>>34 hours
#### 34
2025-08-06 14:32:22,927 - INFO - 提取参考答案: 34
2025-08-06 14:32:22,928 - INFO - 生成答案: 

Step 1:First, read the problem and identify what we need to find. We need to find the total amount of time Charisma has spent on meditation and yoga practice in 4 weeks.

Step 2:Next, set up equatio...
2025-08-06 14:32:22,929 - INFO - 提取答案: 2040
2025-08-06 14:32:22,931 - INFO - 投票统计: {'voting_method': 'majority', 'best_answer': '2040', 'vote_count': 5, 'total_paths': 10, 'valid_paths': 10, 'confidence': 0.5, 'answer_distribution': {'2040': 5, '10080': 1, '840': 1, '1800': 1, '980': 1, '16.33': 1}, 'selected_path_idx': 0}
2025-08-06 14:32:22,932 - INFO - ==================================================
2025-08-06 14:32:22,933 - INFO - 
==================================================
2025-08-06 14:32:22,934 - INFO - 样本 245: Jenny goes to the florist to buy some flowers. Roses cost $2 each and $15 for a dozen. If she bought...
2025-08-06 14:32:22,936 - INFO - 参考答案: Jenny has $25 because 5 x 5 = <<5*5=25>>25
She buys 1 dozen roses and 3 single roses because 15 - 12 - 3 = <<15-12-3=0>>0
She spends $6 on the single roses because 3 x 2 = <<3*2=6>>6
She spends $21 on roses because 15 + 6 = <<15+6=21>>21
She gets $4 in change because 25 - 21 = <<25-21=4>>4
She gets 16 quarters because 4 x 4 = <<4*4=16>>16
#### 16
2025-08-06 14:32:22,937 - INFO - 提取参考答案: 16
2025-08-06 14:32:22,938 - INFO - 生成答案: 

Step 1:First, read the problem and identify what we need to find. We need to find the number of quarters Jenny leaves with.

Step 2:Next, set up equations and perform the calculations. Jenny bought ...
2025-08-06 14:32:22,940 - INFO - 提取答案: 20
2025-08-06 14:32:22,941 - INFO - 投票统计: {'voting_method': 'majority', 'best_answer': '20', 'vote_count': 5, 'total_paths': 10, 'valid_paths': 10, 'confidence': 0.5, 'answer_distribution': {'80': 1, '20': 5, '25': 1, '16': 1, '0': 1, '24': 1}, 'selected_path_idx': 1}
2025-08-06 14:32:22,942 - INFO - ==================================================
2025-08-06 14:32:22,944 - INFO - 
==================================================
2025-08-06 14:32:22,945 - INFO - 样本 247: Last month, Tasha made $80 from selling lemonade and mowing lawns. The first week, she mowed Kamala'...
2025-08-06 14:32:22,946 - INFO - 参考答案: At Kamala's Tasha made three times what she made mowing Joe's lawn, which gives 3 * 6 = <<3*6=18>>18 dollars
Since the lawn mowing sessions at Alba's were 5 times those at Joe's Tasha also made 5 * 6 = <<5*6=30>>30 dollars.
Adding up all the money earned from lawn mowing gives 6 + 18 + 30 = <<6+18+30=54>>54 dollars
Subtracting the lawn mowing money from the total amount gives us 80 - 54 = <<80-54=26>>26 dollars
Tasha therefore made 26 dollars selling lemonade.
#### 26
2025-08-06 14:32:22,948 - INFO - 提取参考答案: 26
2025-08-06 14:32:22,949 - INFO - 生成答案: 

Step 1:First, read the problem and identify what we need to find. We need to find the amount Tasha made from selling lemonade.

Step 2:Next, set up equations and perform the calculations. Let's assu...
2025-08-06 14:32:22,950 - INFO - 提取答案: 80
2025-08-06 14:32:22,951 - INFO - 投票统计: {'voting_method': 'majority', 'best_answer': '80', 'vote_count': 4, 'total_paths': 10, 'valid_paths': 10, 'confidence': 0.4, 'answer_distribution': {'306': 1, '80': 4, '48': 1, '40': 1, '26': 2, '53.33': 1}, 'selected_path_idx': 1}
2025-08-06 14:32:22,953 - INFO - ==================================================
2025-08-06 14:32:22,954 - INFO - 
==================================================
2025-08-06 14:32:22,955 - INFO - 样本 250: Lauren is a cartoonist.  She can draw 5 large-sized picture scenes per day, or she can draw 6 medium...
2025-08-06 14:32:22,957 - INFO - 参考答案: At 5 small-sized picture scenes per day, 45 small-sized scenes will take 45/5 = <<45/5=9>>9 days.
At 6 medium-sized picture scenes per day, 36 medium-sized scenes will take 36/6 = <<36/6=6>>6 days.
At 7 large-sized picture scenes per day, 49 large-sized scenes will take 49/7 = <<49/7=7>>7 days.
Altogether, the entire project will take 9 + 6 +7 = <<9+6+7=22>>22 days to complete.
#### 22
2025-08-06 14:32:22,958 - INFO - 提取参考答案: 22
2025-08-06 14:32:22,960 - INFO - 生成答案: 

Step 1:First, read the problem and identify what we need to find. We need to find the number of days it will take for Lauren to create all of the picture scenes.

Step 2:Next, set up equations and p...
2025-08-06 14:32:22,961 - INFO - 提取答案: 9
2025-08-06 14:32:22,962 - INFO - 投票统计: {'voting_method': 'majority', 'best_answer': '9', 'vote_count': 8, 'total_paths': 10, 'valid_paths': 10, 'confidence': 0.8, 'answer_distribution': {'9': 8, '22': 2}, 'selected_path_idx': 0}
2025-08-06 14:32:22,964 - INFO - ==================================================
2025-08-06 14:32:22,965 - INFO - 
==================================================
2025-08-06 14:32:22,966 - INFO - 样本 267: Kenny is selling his Pokemon cards to buy a ticket to an amusement park, which costs $100. He has a ...
2025-08-06 14:32:22,968 - INFO - 参考答案: He made $150 selling the cards because 100 + 50 = <<100+50=150>>150
He sold 100 cards because 150 / 1.5 = <<150/1.5=100>>100
The cards he sold were 2/3 of his collection because 1 - (1/3) = 2/3
He started with 150 cards because 100 / (2/3) = <<100/(2/3)=150>>150
#### 150
2025-08-06 14:32:22,969 - INFO - 提取参考答案: 150
2025-08-06 14:32:22,970 - INFO - 生成答案: 

Step 1:First, read the problem and identify what we need to find. We need to find the number of cards Kenny started with.

Step 2:Next, set up equations and perform the calculations. Let's say Kenny...
2025-08-06 14:32:22,972 - INFO - 提取答案: 50
2025-08-06 14:32:22,973 - INFO - 投票统计: {'voting_method': 'majority', 'best_answer': '50', 'vote_count': 3, 'total_paths': 10, 'valid_paths': 10, 'confidence': 0.3, 'answer_distribution': {'50': 3, '33': 1, '100': 1, '150': 3, '75': 1, '48': 1}, 'selected_path_idx': 0}
2025-08-06 14:32:22,974 - INFO - ==================================================
2025-08-06 14:32:22,976 - INFO - 
==================================================
2025-08-06 14:32:22,977 - INFO - 样本 269: 3 customers were kicked out of the Walmart for refusing to wear masks. A number equals to four times...
2025-08-06 14:32:22,978 - INFO - 参考答案: First quadruple the number of customers kicked out for not wearing masks: 4 * 3 customers = <<4*3=12>>12 customers
Then subtract 5 from this number: 12 customers - 5 customers = 7 customers
Then triple that number to find the number of people kicked out for violence: 7 customers * 3 = <<7*3=21>>21 customers
Then subtract the number of customers kicked out for each known reason to find the number kicked out for other reasons: 50 customers - 3 customers - 21 customers - 7 customers = <<50-3-21-7=19>>19 customers
#### 19
2025-08-06 14:32:22,980 - INFO - 提取参考答案: 19
2025-08-06 14:32:22,981 - INFO - 生成答案: 

Step 1:First, read the problem and identify what we need to find. We need to find the number of people who were kicked out for other reasons.

Step 2:Next, set up equations and perform the calculati...
2025-08-06 14:32:22,982 - INFO - 提取答案: 2
2025-08-06 14:32:22,984 - INFO - 投票统计: {'voting_method': 'majority', 'best_answer': '2', 'vote_count': 4, 'total_paths': 10, 'valid_paths': 10, 'confidence': 0.4, 'answer_distribution': {'5': 2, '2': 4, '0': 1, '11': 1, '4': 1, '12': 1}, 'selected_path_idx': 1}
2025-08-06 14:32:22,985 - INFO - ==================================================
2025-08-06 14:32:22,986 - INFO - 
==================================================
2025-08-06 14:32:22,988 - INFO - 样本 276: Erica made 20 Valentine's cards to pass out.  Her dad brought her 2 boxes of pre-made Valentine's ca...
2025-08-06 14:32:22,989 - INFO - 参考答案: Her dad gave her 2 boxes of 15 cards so 2*15 = <<2*15=30>>30
She made 20, was given 30 and received 17 so 20+30+17 = <<20+30+17=67>>67 cards
She passed out 24 and gave 5 cards to family and friends so she gave away 24+5 = <<24+5=29>>29 cards
She had 67 cards and gave away 29 cards so 67-29 = <<67-29=38>>38 cards left
#### 38
2025-08-06 14:32:22,990 - INFO - 提取参考答案: 38
2025-08-06 14:32:22,991 - INFO - 生成答案: 

Step 1:First, read the problem and identify what we need to find. We need to find the number of Valentine's Day cards Erica now has.

Step 2:Next, set up equations and perform the calculations. Eric...
2025-08-06 14:32:22,993 - INFO - 提取答案: 43
2025-08-06 14:32:22,994 - INFO - 投票统计: {'voting_method': 'majority', 'best_answer': '43', 'vote_count': 7, 'total_paths': 10, 'valid_paths': 10, 'confidence': 0.7, 'answer_distribution': {'43': 7, '38': 2, '57': 1}, 'selected_path_idx': 0}
2025-08-06 14:32:22,996 - INFO - ==================================================
2025-08-06 14:32:22,997 - INFO - 
==================================================
2025-08-06 14:32:22,998 - INFO - 样本 278: If Marcy works for the same company for 40 years, she gets an annual pension of $50,000/year. Starti...
2025-08-06 14:32:23,000 - INFO - 参考答案: First find how many years Marcy works after 20 years: 30 years - 20 years = <<30-20=10>>10 years
Then multiply that number by the amount of her pension she gets per year: 10 years * 5% = 50%
Then multiply that percentage by the total amount of the full pension to find how much she gets: $50,000 * 50% = $<<50000*50*.01=25000>>25,000
#### 25000
2025-08-06 14:32:23,001 - INFO - 提取参考答案: 25000
2025-08-06 14:32:23,002 - INFO - 生成答案: 

Step 1:First, read the problem and identify what we need to find. We need to find the annual pension Marcy will receive after quitting the company.

Step 2:Next, set up equations and perform the cal...
2025-08-06 14:32:23,003 - INFO - 提取答案: 52500
2025-08-06 14:32:23,005 - INFO - 投票统计: {'voting_method': 'majority', 'best_answer': '52500', 'vote_count': 2, 'total_paths': 10, 'valid_paths': 10, 'confidence': 0.2, 'answer_distribution': {'52625': 1, '50000': 1, '3500000': 1, '1025000': 1, '1002500': 1, '48': 1, '125000': 1, '1': 1, '52500': 2}, 'selected_path_idx': 8}
2025-08-06 14:32:23,006 - INFO - ==================================================
2025-08-06 14:32:23,007 - INFO - 
==================================================
2025-08-06 14:32:23,009 - INFO - 样本 280: Michael is replacing the carpet in his bedroom.  The new carpet he's chosen costs $12 per square foo...
2025-08-06 14:32:23,010 - INFO - 参考答案: The room measures 18 * 12 = <<18*12=216>>216 square feet.
The new carpet costs $12 * 216 = $<<12*216=2592>>2,592.
The new carpet padding costs $2 * 216 = $<<2*216=432>>432.
To remove the old carpet, the contractor will charge $4 * 216 = $<<4*216=864>>864.
To install the new carpet, the contractor will charge $34 * 216 = $<<34*216=7344>>7,344.
The total cost will be $864 + $2,592 + $432 + $7,344 = $11,232.
#### 11232
2025-08-06 14:32:23,011 - INFO - 提取参考答案: 11232
2025-08-06 14:32:23,013 - INFO - 生成答案: 

Step 1:First, read the problem and identify what we need to find. We need to find the total cost of replacing the carpet in Michael's bedroom.

Step 2:Next, set up equations and perform the calculat...
2025-08-06 14:32:23,014 - INFO - 提取答案: 10512
2025-08-06 14:32:23,015 - INFO - 投票统计: {'voting_method': 'majority', 'best_answer': '10512', 'vote_count': 2, 'total_paths': 10, 'valid_paths': 10, 'confidence': 0.2, 'answer_distribution': {'10936': 1, '12012': 1, '10512': 2, '11192': 2, '3888': 1, '10340': 1, '11248': 1, '10012': 1}, 'selected_path_idx': 2}
2025-08-06 14:32:23,017 - INFO - ==================================================
2025-08-06 14:32:23,018 - INFO - 
==================================================
2025-08-06 14:32:23,019 - INFO - 样本 293: Elly is organizing her books on the new bookcases her parents bought her. Each of the middle 2 shelv...
2025-08-06 14:32:23,021 - INFO - 参考答案: The bottom shelf can hold 2 * 10 = <<2*10=20>>20 books.
The 2 middle shelves can hold a total of 2 * 10 = <<2*10=20>>20 books.
The top shelf can hold 20 – 5 = <<20-5=15>>15 books.
Each bookcase can hold a total of 20 books + 20 books + 15 books = <<20+20+15=55>>55 books.
To hold all of her books, she needs 110 / 55 = <<110/55=2>>2 bookcases.
#### 2
2025-08-06 14:32:23,022 - INFO - 提取参考答案: 2
2025-08-06 14:32:23,023 - INFO - 生成答案: 

Step 1:First, read the problem and identify what we need to find. We need to find the number of bookcases Elly needs to hold all of her books.

Step 2:Next, set up equations and perform the calculat...
2025-08-06 14:32:23,025 - INFO - 提取答案: 4
2025-08-06 14:32:23,026 - INFO - 投票统计: {'voting_method': 'majority', 'best_answer': '4', 'vote_count': 5, 'total_paths': 10, 'valid_paths': 10, 'confidence': 0.5, 'answer_distribution': {'4': 5, '3': 4, '11': 1}, 'selected_path_idx': 0}
2025-08-06 14:32:23,027 - INFO - ==================================================
2025-08-06 14:32:23,029 - INFO - 
==================================================
2025-08-06 14:32:23,030 - INFO - 样本 296: Andy's car fuel efficiency is 10 MPG (miles per gallon). If the current price for regular gas is $3/...
2025-08-06 14:32:23,031 - INFO - 参考答案: Between Monday to Friday there are 5 days
If the one-way distance between his home and office is 5 miles the total round trip distance Andy drives daily is 5*2 = <<5*2=10>>10 miles
That means he drives a total of 10 miles * 5 days = <<10*5=50>>50 miles per week
If his car's fuel efficiency is 10 MPG, then his car is consuming a total of 50 miles / 10 MPG = <<50/10=5>>5 gallons of gas each week
Given that each gallon of gas costs $3, then his car is consuming 5 * $3 = $<<5*3=15>>15 worth of gas each week
#### 15
2025-08-06 14:32:23,032 - INFO - 提取参考答案: 15
2025-08-06 14:32:23,034 - INFO - 生成答案: 

Step 1:First, read the problem and identify what we need to find. We need to find the amount of money Andy's car is consuming per week.

Step 2:Next, set up equations and perform the calculations. S...
2025-08-06 14:32:23,035 - INFO - 提取答案: 7.50
2025-08-06 14:32:23,036 - INFO - 投票统计: {'voting_method': 'majority', 'best_answer': '7.50', 'vote_count': 6, 'total_paths': 10, 'valid_paths': 10, 'confidence': 0.6, 'answer_distribution': {'7.5': 3, '7.50': 6, '15': 1}, 'selected_path_idx': 1}
2025-08-06 14:32:23,038 - INFO - ==================================================
2025-08-06 14:32:23,039 - INFO - 
==================================================
2025-08-06 14:32:23,040 - INFO - 样本 302: Rob, Royce, and Pedro are contractors getting ready to put a new roof on three homes. If the three h...
2025-08-06 14:32:23,042 - INFO - 参考答案: Let x be the number of cases of shingles for the second house
The first house needs 1/2 x cases of shingles
The third house needs 2(1/2)x=x cases of shingles
250=x+x+(1/2)x
250=(5/2)x
250(2/5)=100=x
The third house needs 100 cases of shingles
#### 100
2025-08-06 14:32:23,043 - INFO - 提取参考答案: 100
2025-08-06 14:32:23,044 - INFO - 生成答案: 

Step 1:First, read the problem and identify what we need to find. We need to find the number of cases of shingles the third house will need.

Step 2:Next, set up equations and perform the calculatio...
2025-08-06 14:32:23,046 - INFO - 提取答案: 0
2025-08-06 14:32:23,047 - INFO - 投票统计: {'voting_method': 'majority', 'best_answer': '0', 'vote_count': 2, 'total_paths': 10, 'valid_paths': 10, 'confidence': 0.2, 'answer_distribution': {'0': 2, '166': 1, '166.67': 1, '16': 1, '142': 1, '83': 1, '71': 1, '18.18': 1, '200': 1}, 'selected_path_idx': 0}
2025-08-06 14:32:23,048 - INFO - ==================================================
2025-08-06 14:32:23,050 - INFO - 
==================================================
2025-08-06 14:32:23,051 - INFO - 样本 304: Tara bought 8 packs of 5 canvas bags for $4 each. She painted them and sold them at a craft fair for...
2025-08-06 14:32:23,052 - INFO - 参考答案: The total number of bags is 8*5 = <<8*5=40>>40
The cost of the 40 bags is 40*4 = <<40*4=160>>160
Tara sold the 40 bags at 8 each earning her 40*8 = <<40*8=320>>320
Her profit was 320-160 = <<320-160=160>>160
#### 160
2025-08-06 14:32:23,053 - INFO - 提取参考答案: 160
2025-08-06 14:32:23,055 - INFO - 生成答案: 

Step 1:First, read the problem and identify what we need to find. We need to find the profit Tara earned on her bags.

Step 2:Next, set up equations and perform the calculations. The total cost of t...
2025-08-06 14:32:23,056 - INFO - 提取答案: 32
2025-08-06 14:32:23,057 - INFO - 投票统计: {'voting_method': 'majority', 'best_answer': '32', 'vote_count': 4, 'total_paths': 10, 'valid_paths': 10, 'confidence': 0.4, 'answer_distribution': {'32': 4, '160': 3, '40': 1, '0': 1, '288': 1}, 'selected_path_idx': 0}
2025-08-06 14:32:23,059 - INFO - ==================================================
2025-08-06 14:32:23,060 - INFO - 
==================================================
2025-08-06 14:32:23,061 - INFO - 样本 310: Sara wants to buy herself a new jacket and 2 pairs of shoes. The jacket she wants costs $30 and each...
2025-08-06 14:32:23,063 - INFO - 参考答案: Both pairs of shoes will cost a total of 2 * $20 = $<<2*20=40>>40.
Sara will need to save a total of $30 + $40 = $<<30+40=70>>70 to buy everything that she wants.
Sara has earned 4 * $5 = $<<4*5=20>>20 from babysitting.
Between her savings and the babysitting, Sara has already saved $10 + $20 = $<<10+20=30>>30.
Sara needs to earn an additional $70 - $30 = $<<70-30=40>>40 from mowing the lawn to afford her clothes.
Sara must mow the lawn $40 / $4 = <<40/4=10>>10 times to afford to buy the jacket and shoes.
#### 10
2025-08-06 14:32:23,064 - INFO - 提取参考答案: 10
2025-08-06 14:32:23,065 - INFO - 生成答案: 

Step 1:First, read the problem and identify what we need to find. We need to find the number of times Sara must mow the lawn before she can afford the jacket and shoes.

Step 2:Next, set up equation...
2025-08-06 14:32:23,067 - INFO - 提取答案: 15
2025-08-06 14:32:23,068 - INFO - 投票统计: {'voting_method': 'majority', 'best_answer': '15', 'vote_count': 3, 'total_paths': 10, 'valid_paths': 10, 'confidence': 0.3, 'answer_distribution': {'13': 1, '4': 1, '3': 1, '15': 3, '10': 3, '11': 1}, 'selected_path_idx': 3}
2025-08-06 14:32:23,069 - INFO - ==================================================
2025-08-06 14:32:23,071 - INFO - 
==================================================
2025-08-06 14:32:23,072 - INFO - 样本 314: Ben bought a car for $20000 in 2007. The price of the car depreciates at a constant rate of 21% per ...
2025-08-06 14:32:23,073 - INFO - 参考答案: The price of the car depreciates of 20000 * 21% = $<<20000*21*.01=4200>>4200 per year.
Ben had the car for 2010 - 2007 = <<2010-2007=3>>3 years.
The price of the car depreciates 4200 * 3 = $<<4200*3=12600>>12600 from 2007 to 2010.
So the price of the car in the year 2010 is $20000 - $12600 = $<<20000-12600=7400>>7400.
#### 7400
2025-08-06 14:32:23,075 - INFO - 提取参考答案: 7400
2025-08-06 14:32:23,076 - INFO - 生成答案: 

Step 1:First, read the problem and identify what we need to find. We need to find the price of the car in the year 2010.

Step 2:Next, set up equations and perform the calculations. The price of the...
2025-08-06 14:32:23,077 - INFO - 提取答案: 10240
2025-08-06 14:32:23,079 - INFO - 投票统计: {'voting_method': 'majority', 'best_answer': '10240', 'vote_count': 3, 'total_paths': 10, 'valid_paths': 10, 'confidence': 0.3, 'answer_distribution': {'10240': 3, '9796': 1, '9900': 1, '10628.82': 1, '9819.58': 1, '9801.58': 1, '9818.4': 1, '9817.36': 1}, 'selected_path_idx': 0}
2025-08-06 14:32:23,080 - INFO - ==================================================
2025-08-06 14:32:23,081 - INFO - 
==================================================
2025-08-06 14:32:23,082 - INFO - 样本 317: At the trip to the county-level scavenger hunt competition, 90 people were required to split into gr...
2025-08-06 14:32:23,084 - INFO - 参考答案: Since the total number of people at the competition was 90, they formed 90/9=<<90/9=10>>10 groups after splitting into 9-person groups.
If 3/5 of the number of groups each had members bringing back 2 seashells each, then 3/5*10=<<3/5*10=6>>6 groups had members bringing back 2 seashells.
Since each group had 9 people, the number of people in the 6 groups, who found 2 seashells each, was 6*9= <<6*9=54>>54.
The total number of seashells the 54 people brought is 54*2=<<54*2=108>>108 seashells.
#### 108
2025-08-06 14:32:23,085 - INFO - 提取参考答案: 108
2025-08-06 14:32:23,086 - INFO - 生成答案: 

Step 1:First, read the problem and identify what we need to find. We need to find the number of seashells that the groups brought back.

Step 2:Next, set up equations and perform the calculations. T...
2025-08-06 14:32:23,088 - INFO - 提取答案: 12
2025-08-06 14:32:23,089 - INFO - 投票统计: {'voting_method': 'majority', 'best_answer': '12', 'vote_count': 10, 'total_paths': 10, 'valid_paths': 10, 'confidence': 1.0, 'answer_distribution': {'12': 10}, 'selected_path_idx': 0}
2025-08-06 14:32:23,090 - INFO - ==================================================
2025-08-06 14:32:23,092 - INFO - 
==================================================
2025-08-06 14:32:23,093 - INFO - 样本 320: Ava and Emma want to know who is better at the new video game Ava got for her birthday. They are eac...
2025-08-06 14:32:23,094 - INFO - 参考答案: For jumping on enemies, Emma earns 8 * 10 = <<8*10=80>>80 fewer points than Ava.
For collecting berries, Emma earns 3 * 5 = <<3*5=15>>15 fewer points than Ava.
For finishing the level faster, Emma earns 4 * 30 = <<4*30=120>>120 more points than Ava.
Overall, Emma has 120 – 80 - 15 = <<120-80-15=25>>25 more points than Ava.
#### 25
2025-08-06 14:32:23,096 - INFO - 提取参考答案: 25
2025-08-06 14:32:23,097 - INFO - 生成答案: 

Step 1:First, read the problem and identify what we need to find. We need to find the difference between Ava's score and Emma's score.

Step 2:Next, set up equations and perform the calculations. Le...
2025-08-06 14:32:23,098 - INFO - 提取答案: 220
2025-08-06 14:32:23,099 - INFO - 投票统计: {'voting_method': 'majority', 'best_answer': '220', 'vote_count': 1, 'total_paths': 10, 'valid_paths': 10, 'confidence': 0.1, 'answer_distribution': {'220': 1, '25': 1, '-10': 1, '55': 1, '140': 1, '20': 1, '-10-x': 1, '48': 1, '30': 1, '335': 1}, 'selected_path_idx': 0}
2025-08-06 14:32:23,101 - INFO - ==================================================
2025-08-06 14:32:23,102 - INFO - 
==================================================
2025-08-06 14:32:23,103 - INFO - 样本 327: Sasha and Julie are best friends playing on opposing basketball teams. The teams have two practice g...
2025-08-06 14:32:23,105 - INFO - 参考答案: In the first game, Sasha scored 14 points, and Julie scored four fewer points: 14-4 = <<14-4=10>>10 points.
In the second game, Sasha scored 6 points fewer than Julie's score in the first game, meaning she scored 10-6=<<10-6=4>>4 points.
Sasha scored 10+4=<<10+4=14>>14 points in the two games.
#### 14
2025-08-06 14:32:23,106 - INFO - 提取参考答案: 14
2025-08-06 14:32:23,107 - INFO - 生成答案: 

Step 1:First, read the problem and identify what we need to find. We need to find the total number of points Sasha scored during both games.

Step 2:Next, set up equations and perform the calculatio...
2025-08-06 14:32:23,109 - INFO - 提取答案: 18
2025-08-06 14:32:23,110 - INFO - 投票统计: {'voting_method': 'majority', 'best_answer': '18', 'vote_count': 10, 'total_paths': 10, 'valid_paths': 10, 'confidence': 1.0, 'answer_distribution': {'18': 10}, 'selected_path_idx': 0}
2025-08-06 14:32:23,111 - INFO - ==================================================
2025-08-06 14:32:23,113 - INFO - 
==================================================
2025-08-06 14:32:23,114 - INFO - 样本 329: Mrs. Tatiana owns a grocery store that sells different fruits and vegetables, which includes carrots...
2025-08-06 14:32:23,115 - INFO - 参考答案: In the first year, the price of carrots increases by 5/100*120 = $<<5/100*120=6>>6
After 3 years, the price of carrots will increase by $6*3 = $<<6*3=18>>18
The total price of carrots after three years will be 120+18 = $<<120+18=138>>138
#### 138
2025-08-06 14:32:23,116 - INFO - 提取参考答案: 138
2025-08-06 14:32:23,118 - INFO - 生成答案: 

Step 1:First, read the problem and identify what we need to find. We need to find the price of carrots after three years.

Step 2:Next, set up equations and perform the calculations. The price of ca...
2025-08-06 14:32:23,119 - INFO - 提取答案: 139
2025-08-06 14:32:23,120 - INFO - 投票统计: {'voting_method': 'majority', 'best_answer': '139', 'vote_count': 9, 'total_paths': 10, 'valid_paths': 10, 'confidence': 0.9, 'answer_distribution': {'139': 9, '140': 1}, 'selected_path_idx': 0}
2025-08-06 14:32:23,122 - INFO - ==================================================
2025-08-06 14:32:23,123 - INFO - 
==================================================
2025-08-06 14:32:23,124 - INFO - 样本 331: Jessica makes $2,000.00 a month.  She sets 25% of her paycheck aside to put towards fancy shoes.  Ea...
2025-08-06 14:32:23,125 - INFO - 参考答案: She is paid $2,000.00 a month and she saves 25% for shoes so she saves 2000*.25 = $<<2000*.25=500.00>>500.00
She saves $500.00 a month for 12 months so she saves 500*12 = $<<500*12=6000.00>>6,000.00
Each pair of shoes costs $1,000.00 and she has saved $6,000.00 so she can buy 6000/1000 = 6 pair of shoes per year
#### 6
2025-08-06 14:32:23,127 - INFO - 提取参考答案: 6
2025-08-06 14:32:23,128 - INFO - 生成答案: 

Step 1:First, read the problem and identify what we need to find. We need to find the number of shoes Jessica can buy in a year.

Step 2:Next, set up equations and perform the calculations. Jessica ...
2025-08-06 14:32:23,130 - INFO - 提取答案: 18
2025-08-06 14:32:23,131 - INFO - 投票统计: {'voting_method': 'majority', 'best_answer': '18', 'vote_count': 5, 'total_paths': 10, 'valid_paths': 10, 'confidence': 0.5, 'answer_distribution': {'18': 5, '6': 5}, 'selected_path_idx': 0}
2025-08-06 14:32:23,132 - INFO - ==================================================
2025-08-06 14:32:23,133 - INFO - 
==================================================
2025-08-06 14:32:23,135 - INFO - 样本 335: The Llesis family drove and hiked 6 hours to their vacation spot. They drove an average of 50 miles ...
2025-08-06 14:32:23,136 - INFO - 参考答案: Half the average speed of Llesis family driving is 50/2 = <<50/2=25>>25 miles per hour.
Hence, their average speed hiking was 25 - 5 = <<25-5=20>>20 miles per hour.
So, they hiked 20 x 1.5 = <<20*1.5=30>>30 miles.
It took them a total of 6 - 1.5 = <<6-1.5=4.5>>4.5 hours driving.
So, they drove 50 x 4.5 = <<50*4.5=225>>225 miles.
Therefore, their vacation spot was 30 + 225 = <<30+225=255>>255 miles far.
#### 255
2025-08-06 14:32:23,137 - INFO - 提取参考答案: 255
2025-08-06 14:32:23,139 - INFO - 生成答案: 

Step 1:First, read the problem and identify what we need to find. We need to find the distance to the vacation spot.

Step 2:Next, set up equations and perform the calculations. Let's denote the spe...
2025-08-06 14:32:23,140 - INFO - 提取答案: 225
2025-08-06 14:32:23,141 - INFO - 投票统计: {'voting_method': 'majority', 'best_answer': '225', 'vote_count': 3, 'total_paths': 10, 'valid_paths': 10, 'confidence': 0.3, 'answer_distribution': {'67.5': 1, '43': 1, '255': 2, '225': 3, '258.75': 1, '292.5': 1, '37.5': 1}, 'selected_path_idx': 3}
2025-08-06 14:32:23,143 - INFO - ==================================================
2025-08-06 14:32:23,144 - INFO - 
==================================================
2025-08-06 14:32:23,145 - INFO - 样本 338: Cedar Falls Middle School has students in grades 4 – 7 and each year they are challenged to earn as ...
2025-08-06 14:32:23,146 - INFO - 参考答案: There are 4 grades in the middle school x 10 students = <<4*10=40>>40 students who get to try the escape room.
There will be 40 students / 8 students in a group = <<40/8=5>>5 groups who get to try the escape room.
It will take 5 groups x 45 minutes = <<5*45=225>>225 minutes.
#### 225
2025-08-06 14:32:23,148 - INFO - 提取参考答案: 225
2025-08-06 14:32:23,149 - INFO - 生成答案: 

Step 1:First, read the problem and identify what we need to find. We need to find the total time it will take for everyone to try the escape room.

Step 2:Next, set up equations and perform the calc...
2025-08-06 14:32:23,150 - INFO - 提取答案: 180
2025-08-06 14:32:23,152 - INFO - 投票统计: {'voting_method': 'majority', 'best_answer': '180', 'vote_count': 3, 'total_paths': 10, 'valid_paths': 10, 'confidence': 0.3, 'answer_distribution': {'180': 3, '225': 3, '135': 2, '90': 1, '56.25': 1}, 'selected_path_idx': 0}
2025-08-06 14:32:23,153 - INFO - ==================================================
2025-08-06 14:32:23,154 - INFO - 
==================================================
2025-08-06 14:32:23,156 - INFO - 样本 345: 9 out of 10 cheerleaders are 64" tall.  The 10th cheerleader is 60" tall.  If they build a human pyr...
2025-08-06 14:32:23,157 - INFO - 参考答案: All but one cheerleader is 64" tall and these cheerleaders make up the bottom 3 layers of the pyramid. So, when standing on top of each other, they are 64*3 = <<64*3=192>>192" tall
The shortest cheerleader is at the top of the pyramid and is 60" tall so the pyramid is 192+60 = <<252=252>>252" tall
12" are in 1 foot and the pyramid is 252" tall so it's 252/12 = <<252/12=21>>21 feet tall
#### 21
2025-08-06 14:32:23,158 - INFO - 提取参考答案: 21
2025-08-06 14:32:23,160 - INFO - 生成答案: 

Step 1:First, read the problem and identify what we need to find. We need to find the height of the human pyramid.

Step 2:Next, set up equations and perform the calculations. The average height of ...
2025-08-06 14:32:23,161 - INFO - 提取答案: 53
2025-08-06 14:32:23,162 - INFO - 投票统计: {'voting_method': 'majority', 'best_answer': '53', 'vote_count': 2, 'total_paths': 10, 'valid_paths': 10, 'confidence': 0.2, 'answer_distribution': {'48': 1, '56.33': 1, '31.67': 1, '43.6': 1, '54.17': 1, '98': 1, '54': 1, '53': 2, '47.3333': 1}, 'selected_path_idx': 7}
2025-08-06 14:32:23,164 - INFO - ==================================================
2025-08-06 14:32:23,165 - INFO - 
==================================================
2025-08-06 14:32:23,166 - INFO - 样本 346: Last night Rick killed ten wolves and 15 cougars while hunting. Today Rick killed three times as man...
2025-08-06 14:32:23,167 - INFO - 参考答案: The total number of animals that Rick killed while hunting yesterday is 15+10 = <<15+10=25>>25
Today, Rick killed three fewer cougars than the previous night, a total of 15-3 = <<15-3=12>>12 cougars.
He also killed three times as many wolves as cougars today, a total of 3*12 = <<3*12=36>>36 wolves.
Together, his hunt today yielded 36+12 = <<36+12=48>>48 animals.
In total, he has 48+25 = <<48+25=73>>73 animals from the hunt.
#### 73
2025-08-06 14:32:23,169 - INFO - 提取参考答案: 73
2025-08-06 14:32:23,170 - INFO - 生成答案: 

Step 1:First, read the problem and identify what we need to find. We need to find the total number of animals Rick killed.

Step 2:Next, set up equations and perform the calculations. The number of ...
2025-08-06 14:32:23,172 - INFO - 提取答案: 82
2025-08-06 14:32:23,173 - INFO - 投票统计: {'voting_method': 'majority', 'best_answer': '82', 'vote_count': 3, 'total_paths': 10, 'valid_paths': 10, 'confidence': 0.3, 'answer_distribution': {'61': 1, '33': 1, '82': 3, '28': 1, '73': 3, '29.67': 1}, 'selected_path_idx': 2}
2025-08-06 14:32:23,174 - INFO - ==================================================
2025-08-06 14:32:23,176 - INFO - 
==================================================
2025-08-06 14:32:23,177 - INFO - 样本 358: Blake and Kelly are having a contest to see who can run the most in 15 minutes. They decide to do it...
2025-08-06 14:32:23,178 - INFO - 参考答案: Blake runs 200 yards for each back and forth because 100 x 2 = 200
He runs 3000 yards in total because 200 x 15 = <<200*15=3000>>3000
Kelly runs 200 yards at first because 100 x 2 = <<100*2=200>>200
She runs 80 yards each time she does a back and forth to the 40-yard line because 40 x 2 = <<40*2=80>>80
She runs 2720 from these back and forth because 34 x 80 = <<34*80=2720>>2720
She runs 2920 in total because 2720 + 200 = <<2720+200=2920>>2920
Blake won because 3000 > 2920
The winner ran 80 yards more than the loser because 3000 - 2920 = <<3000-2920=80>>80
#### 80
2025-08-06 14:32:23,180 - INFO - 提取参考答案: 80
2025-08-06 14:32:23,181 - INFO - 生成答案: 

Step 1:First, read the problem and identify what we need to find. We need to find the difference in the distance run by the winner and the loser.

Step 2:Next, set up equations and perform the calcu...
2025-08-06 14:32:23,182 - INFO - 提取答案: 1220
2025-08-06 14:32:23,184 - INFO - 投票统计: {'voting_method': 'majority', 'best_answer': '1220', 'vote_count': 3, 'total_paths': 10, 'valid_paths': 10, 'confidence': 0.3, 'answer_distribution': {'120': 1, '90': 1, '1220': 3, '1080': 1, '1320': 1, '280': 2, '80': 1}, 'selected_path_idx': 2}
2025-08-06 14:32:23,185 - INFO - ==================================================
2025-08-06 14:32:23,186 - INFO - 
==================================================
2025-08-06 14:32:23,188 - INFO - 样本 360: Thomas withdraws $1000 in 20 dollar bills from the bank account.  He loses 10 bills while getting ho...
2025-08-06 14:32:23,189 - INFO - 参考答案: He withdrew 1000/20=<<1000/20=50>>50 bills
So he has 50-10=<<50-10=40>>40 bills left over
He uses half the bills to pay for something, so he has 40/2=<<40/2=20>>20 bills
He triples his money which gives him 20*3=<<20*3=60>>60 bills
So he has 60*20=$<<60*20=1200>>1200
Converting to 5s means he has 1200/5=<<1200/5=240>>240 bills
#### 240
2025-08-06 14:32:23,190 - INFO - 提取参考答案: 240
2025-08-06 14:32:23,191 - INFO - 生成答案: 

Step 1:First, read the problem and identify what we need to find. We need to find the number of 5 dollar bills Thomas has.

Step 2:Next, set up equations and perform the calculations. Thomas withdra...
2025-08-06 14:32:23,193 - INFO - 提取答案: 12
2025-08-06 14:32:23,194 - INFO - 投票统计: {'voting_method': 'majority', 'best_answer': '12', 'vote_count': 8, 'total_paths': 10, 'valid_paths': 10, 'confidence': 0.8, 'answer_distribution': {'24': 2, '12': 8}, 'selected_path_idx': 1}
2025-08-06 14:32:23,195 - INFO - ==================================================
2025-08-06 14:32:23,197 - INFO - 
==================================================
2025-08-06 14:32:23,198 - INFO - 样本 371: A store offers sandwiches in 3 different package sizes: the first package with 2 sandwiches for $3, ...
2025-08-06 14:32:23,199 - INFO - 参考答案: So the price for 1 sandwich is $3 / 2 sandwiches = $<<3/2=1.5>>1.5/sandwich
Now the price for the package with 8 sandwiches would be $1.5/sandwich * 8 sandwiches = $<<1.5*8=12>>12
#### 12
2025-08-06 14:32:23,201 - INFO - 提取参考答案: 12
2025-08-06 14:32:23,202 - INFO - 生成答案: 

Step 1:First, read the problem and identify what we need to find. We need to find the price of the package with 8 sandwiches.

Step 2:Next, set up equations and perform the calculations. Let's assum...
2025-08-06 14:32:23,203 - INFO - 提取答案: 4
2025-08-06 14:32:23,205 - INFO - 投票统计: {'voting_method': 'majority', 'best_answer': '4', 'vote_count': 3, 'total_paths': 10, 'valid_paths': 10, 'confidence': 0.3, 'answer_distribution': {'8': 1, '0.75': 1, '4': 3, '6': 2, '12': 3}, 'selected_path_idx': 2}
2025-08-06 14:32:23,206 - INFO - ==================================================
2025-08-06 14:32:23,207 - INFO - 
==================================================
2025-08-06 14:32:23,208 - INFO - 样本 382: Debra is monitoring a beehive to see how many bees come and go in a day. She sees 30 bees leave the ...
2025-08-06 14:32:23,210 - INFO - 参考答案: Debra first sees 30 bees leave the hive, then sees 1/2 that many return, 30 x 1/2 = <<30*1/2=15>>15 bees that return and 15 bees that are still away from the hive.
Debra sees twice as many bees as first left the hive--which was 30--fly from the hive in the next 6 hours, 30 x 2 = <<30*2=60>>60 bees that leave the hive.
In total, 30 + 60 = <<30+60=90>>90 bees left the hive.
There were 90 bees total that left the hive - 15 bees that already returned = <<90-15=75>>75 bees that return to the hive in the last 6 hours of the day.
#### 75
2025-08-06 14:32:23,211 - INFO - 提取参考答案: 75
2025-08-06 14:32:23,212 - INFO - 生成答案: 

Step 1:First, read the problem and identify what we need to find. We need to find the number of bees that Debra saw return to the hive in the last 6 hours of the day.

Step 2:Next, set up equations ...
2025-08-06 14:32:23,214 - INFO - 提取答案: 15
2025-08-06 14:32:23,215 - INFO - 投票统计: {'voting_method': 'majority', 'best_answer': '15', 'vote_count': 5, 'total_paths': 10, 'valid_paths': 10, 'confidence': 0.5, 'answer_distribution': {'15': 5, '90': 1, '45': 4}, 'selected_path_idx': 0}
2025-08-06 14:32:23,216 - INFO - ==================================================
2025-08-06 14:32:23,218 - INFO - 
==================================================
2025-08-06 14:32:23,219 - INFO - 样本 384: Two trains leave San Rafael at the same time. They begin traveling westward, both traveling for 80 m...
2025-08-06 14:32:23,220 - INFO - 参考答案: On the first day, the trains covered 2 trains * 80 miles/train = <<2*80=160>>160 miles together.
They also covered 150 miles/train * 2 trains = <<150*2=300>>300 miles together on the second day.
The combined distance the two trains covered in the two days is 300 miles + 160 miles = <<300+160=460>>460 miles
The average distance for the two days is 460 miles / 2 trains = <<460/2=230>>230 miles/train
#### 230
2025-08-06 14:32:23,222 - INFO - 提取参考答案: 230
2025-08-06 14:32:23,223 - INFO - 生成答案: 

Step 1:First, read the problem and identify what we need to find. We need to find the distance covered by each train in the two days.

Step 2:Next, set up equations and perform the calculations. Sin...
2025-08-06 14:32:23,224 - INFO - 提取答案: 80
2025-08-06 14:32:23,225 - INFO - 投票统计: {'voting_method': 'majority', 'best_answer': '80', 'vote_count': 3, 'total_paths': 10, 'valid_paths': 10, 'confidence': 0.3, 'answer_distribution': {'8075': 1, '150': 1, '230': 2, '87.5': 1, '115': 1, '80': 3, '3200': 1}, 'selected_path_idx': 6}
2025-08-06 14:32:23,227 - INFO - ==================================================
2025-08-06 14:32:23,228 - INFO - 
==================================================
2025-08-06 14:32:23,229 - INFO - 样本 386: The ice cream parlor was offering a deal, buy 2 scoops of ice cream, get 1 scoop free.  Each scoop c...
2025-08-06 14:32:23,231 - INFO - 参考答案: Each scoop cost $1.50. If she buys 2, she gets one free. So it will cost her 2 * 1.50 = $<<2*1.50=3.00>>3.00 for thee scoops total.
If you break it down, 3 scoops of ice cream cost $3.00 so 3/3 = $<<3/3=1.00>>1.00 per scoop
Erin has $6.00 and each scoop ends up costing $1.00 each then 6/1 = <<6/1=6>>6 scoops total
#### 6
2025-08-06 14:32:23,232 - INFO - 提取参考答案: 6
2025-08-06 14:32:23,233 - INFO - 生成答案: 

Step 1:First, read the problem and identify what we need to find. We need to find the number of scoops of ice cream Erin should buy.

Step 2:Next, set up equations and perform the calculations. Sinc...
2025-08-06 14:32:23,235 - INFO - 提取答案: 3
2025-08-06 14:32:23,236 - INFO - 投票统计: {'voting_method': 'majority', 'best_answer': '3', 'vote_count': 4, 'total_paths': 10, 'valid_paths': 10, 'confidence': 0.4, 'answer_distribution': {'4': 3, '2': 1, '3': 4, '6': 2}, 'selected_path_idx': 2}
2025-08-06 14:32:23,237 - INFO - ==================================================
2025-08-06 14:32:23,238 - INFO - 
==================================================
2025-08-06 14:32:23,240 - INFO - 样本 387: Watson works a 10-hour shift each day, five days a week. He earns $10 per hour and gets a $300 bonus...
2025-08-06 14:32:23,241 - INFO - 参考答案: In a day, Watson makes 10 * 10 = $<<10*10=100>>100
If he works five days a week, the total number of days for the whole month is 5 * 4= <<5*4=20>>20 days.
Since he makes $100 per day, the total amount for the whole month is 20 * 100= $<<20*100=2000>>2000.
He also got a 300 * 4 = $<<300*4=1200>>1200 bonus because the company performed well in all the weeks of April.
At the end of April, he earned 2000 +1200 = $<<2000+1200=3200>>3200.
#### 3200
2025-08-06 14:32:23,242 - INFO - 提取参考答案: 3200
2025-08-06 14:32:23,244 - INFO - 生成答案: 

Step 1:First, read the problem and identify what we need to find. We need to find the total amount of money Watson made in April.

Step 2:Next, set up equations and perform the calculations. Since W...
2025-08-06 14:32:23,245 - INFO - 提取答案: 2300
2025-08-06 14:32:23,246 - INFO - 投票统计: {'voting_method': 'majority', 'best_answer': '2300', 'vote_count': 3, 'total_paths': 10, 'valid_paths': 10, 'confidence': 0.3, 'answer_distribution': {'2300': 3, '500': 1, '800': 3, '15300': 1, '3200': 2}, 'selected_path_idx': 0}
2025-08-06 14:32:23,248 - INFO - ==================================================
2025-08-06 14:32:23,249 - INFO - 
==================================================
2025-08-06 14:32:23,250 - INFO - 样本 391: Jordan wanted to surprise her mom with a homemade birthday cake.  From reading the instructions, she...
2025-08-06 14:32:23,251 - INFO - 参考答案: 1 hour is 60 minutes so we know that 2 hours to cool the cake is the same as 2*60 so <<2*60=120>>120 min
It will take Jordan 20 min to make the batter, 30 to bake, 120 to cool and 10 to frost so the cake will take 20 +30 +120 +10 = <<20+30+120+10=180>>180 minutes total
Jordan needs to convert 180 minutes to hours so 180/60 = <<180/60=3>>3 hours
If the cake needs to be finished by 5:00 pm and it will take 3 hours total to make then 5-3 = <<5-3=2>>2:00 pm is the latest she can start making the cake
#### 2
2025-08-06 14:32:23,253 - INFO - 提取参考答案: 2
2025-08-06 14:32:23,254 - INFO - 生成答案: 

Step 1:First, read the problem and identify what we need to find. We need to find the latest time of day that Jordan can start making the cake.

Step 2:Next, set up equations and perform the calcula...
2025-08-06 14:32:23,255 - INFO - 提取答案: 2:00p
2025-08-06 14:32:23,257 - INFO - 投票统计: {'voting_method': 'majority', 'best_answer': '2:00p', 'vote_count': 9, 'total_paths': 10, 'valid_paths': 10, 'confidence': 0.9, 'answer_distribution': {'2:00p': 9, '2:30p': 1}, 'selected_path_idx': 0}
2025-08-06 14:32:23,258 - INFO - ==================================================
2025-08-06 14:32:23,259 - INFO - 
==================================================
2025-08-06 14:32:23,261 - INFO - 样本 396: Sadie slept 8 hours on Monday. For the next two days, she slept 2 hours less, each, because she had ...
2025-08-06 14:32:23,262 - INFO - 参考答案: If on Monday she slept 8 hours, then she slept 8-2 = <<8-2=6>>6 hours on each of the next two days.
The total number of hours slept for the two days will be 6*2 = <<6*2=12>>12 hours.
If she slept 1 hour more for the rest of the week each day, then each day she slept 6+1 = <<6+1=7>>7 hours.
The total for the rest of the week will be 4*7 = <<4*7=28>>28 hours.
The total number of hours slept for the whole week will be 8+12+28 = <<8+12+28=48>>48 hours.
#### 48
2025-08-06 14:32:23,263 - INFO - 提取参考答案: 48
2025-08-06 14:32:23,265 - INFO - 生成答案: 

Step 1:First, read the problem and identify what we need to find. We need to find the total number of hours Sadie slept throughout the week.

Step 2:Next, set up equations and perform the calculatio...
2025-08-06 14:32:23,266 - INFO - 提取答案: 34
2025-08-06 14:32:23,267 - INFO - 投票统计: {'voting_method': 'majority', 'best_answer': '34', 'vote_count': 6, 'total_paths': 10, 'valid_paths': 10, 'confidence': 0.6, 'answer_distribution': {'55': 2, '34': 6, '40': 1, '33': 1}, 'selected_path_idx': 1}
2025-08-06 14:32:23,269 - INFO - ==================================================
2025-08-06 14:32:23,270 - INFO - 
==================================================
2025-08-06 14:32:23,271 - INFO - 样本 399: Ronnie was given $5 while Rissa was given thrice as much. After each of them had given an equal amou...
2025-08-06 14:32:23,272 - INFO - 参考答案: Rissa was given $5 x 3 = $<<5*3=15>>15.
After Rissa had given an amount to her sister, she has $15 x 4/5 = $<<15*4/5=12>>12 left.
This means she has given $15 - $12 = $<<15-12=3>>3.
Since Ronnie had given the same amount as Rissa, then Ronnie is left with $5 - $3 = $<<5-3=2>>2.
#### 2
2025-08-06 14:32:23,274 - INFO - 提取参考答案: 2
2025-08-06 14:32:23,275 - INFO - 生成答案: 

Step 1:First, read the problem and identify what we need to find. We need to find out how much money is left in Ronnie's money.

Step 2:Next, set up equations and perform the calculations. Let's ass...
2025-08-06 14:32:23,276 - INFO - 提取答案: 5
2025-08-06 14:32:23,278 - INFO - 投票统计: {'voting_method': 'majority', 'best_answer': '5', 'vote_count': 2, 'total_paths': 10, 'valid_paths': 10, 'confidence': 0.2, 'answer_distribution': {'5': 2, '0': 1, '\\frac{5y}{3}': 1, '10': 1, '4': 1, '\\frac{2x}{5}': 1, '2': 1, '\\frac{12}{5}': 1, '1': 1}, 'selected_path_idx': 0}
2025-08-06 14:32:23,279 - INFO - ==================================================
2025-08-06 14:32:23,280 - INFO - 
==================================================
2025-08-06 14:32:23,281 - INFO - 样本 400: Olivia uploaded 72 pictures to Facebook.  She put the same number of the pics into 8 albums.  3 of t...
2025-08-06 14:32:23,283 - INFO - 参考答案: Olivia had 72 pictures / 8 albums = <<72/8=9>>9 picture per album.
Olivia had 3 selfie albums * 9 pictures = <<3*9=27>>27 pictures.
Olivia had 2 portrait albums * 9 pictures = <<2*9=18>>18 pictures.
The total of portraits and selfies for Olivia is 27 + 18 = <<27+18=45>>45 pictures.
#### 45
2025-08-06 14:32:23,284 - INFO - 提取参考答案: 45
2025-08-06 14:32:23,286 - INFO - 生成答案: 

Step 1:First, read the problem and identify what we need to find. We need to find the number of portraits and selfies that Olivia uploaded.

Step 2:Next, set up equations and perform the calculation...
2025-08-06 14:32:23,287 - INFO - 提取答案: 27
2025-08-06 14:32:23,288 - INFO - 投票统计: {'voting_method': 'majority', 'best_answer': '27', 'vote_count': 4, 'total_paths': 10, 'valid_paths': 10, 'confidence': 0.4, 'answer_distribution': {'27': 4, '45': 2, '36': 1, '6': 1, '18': 2}, 'selected_path_idx': 0}
2025-08-06 14:32:23,290 - INFO - ==================================================
2025-08-06 14:32:23,291 - INFO - 
==================================================
2025-08-06 14:32:23,292 - INFO - 样本 401: John drinks a bottle of water every half hour.  A normal sudoku puzzle takes him 45 minutes.  An ext...
2025-08-06 14:32:23,293 - INFO - 参考答案: He drinks a bottle of water every 60/2=<<60/2=30>>30 minutes
It takes him 45*4=<<45*4=180>>180 minutes to solve an extreme sudoku
So he drinks 180/30=<<180/30=6>>6 bottles in that time
#### 6
2025-08-06 14:32:23,295 - INFO - 提取参考答案: 6
2025-08-06 14:32:23,296 - INFO - 生成答案: 

Step 1:First, read the problem and identify what we need to find. We need to find the number of bottles of water John drinks in the given time.

Step 2:Next, set up equations and perform the calcula...
2025-08-06 14:32:23,298 - INFO - 提取答案: 360
2025-08-06 14:32:23,299 - INFO - 投票统计: {'voting_method': 'majority', 'best_answer': '360', 'vote_count': 2, 'total_paths': 10, 'valid_paths': 10, 'confidence': 0.2, 'answer_distribution': {'360': 2, '7.5': 2, '7': 2, '6': 1, '12': 1, '90': 1, '182': 1}, 'selected_path_idx': 0}
2025-08-06 14:32:23,300 - INFO - ==================================================
2025-08-06 14:32:23,301 - INFO - 
==================================================
2025-08-06 14:32:23,303 - INFO - 样本 406: Susan orders 3 magazines that send 12 issues a year.  She has 1 magazine that sends 6 issues a year....
2025-08-06 14:32:23,304 - INFO - 参考答案: She has 3 magazines that send 12 issues so that’s 3*12 = <<3*12=36>>36 issues
Her last magazine sends her 4 times the amount of the 6 issue magazine so that’s 4*6 = <<4*6=24>>24 issues
All total she receives 36+24+6 = <<36+24+6=66>>66 magazine issues a year
#### 66
2025-08-06 14:32:23,305 - INFO - 提取参考答案: 66
2025-08-06 14:32:23,307 - INFO - 生成答案: 

Step 1:First, read the problem and identify what we need to find. We need to find the total number of magazines Susan receives every year.

Step 2:Next, set up equations and perform the calculations...
2025-08-06 14:32:23,308 - INFO - 提取答案: 5
2025-08-06 14:32:23,309 - INFO - 投票统计: {'voting_method': 'majority', 'best_answer': '5', 'vote_count': 5, 'total_paths': 10, 'valid_paths': 10, 'confidence': 0.5, 'answer_distribution': {'5': 5, '42': 3, '3': 2}, 'selected_path_idx': 0}
2025-08-06 14:32:23,311 - INFO - ==================================================
2025-08-06 14:32:23,312 - INFO - 
==================================================
2025-08-06 14:32:23,313 - INFO - 样本 417: An interior design firm offers installation for $129.00.  It includes hanging 4 mirrors, 2 shelves, ...
2025-08-06 14:32:23,315 - INFO - 参考答案: The service includes 4 mirrors and she has 6 so that's 6-4 = <<6-4=2>>2 extra mirrors
An additional item is an extra $15.00 so that's 2*15 = $30.00
The service includes 1 chandelier and she has 2 so that's 2-1 = 1 extra chandelier
An additional item is an extra $15.00 so that's 1*15 = $<<1*15=15.00>>15.00
The service includes 10 pictures and she has 20 to that's 20-10 = <<20-10=10>>10 extra pictures
An additional item is an extra $15.00 so that's 10*15 = $<<10*15=150.00>>150.00
The service costs $129.00 and the extra mirrors are $30.00, the chandelier is $15.00 and the pictures are $150.00 for a total of 129+30+15+150 = $<<129+30+15+150=324.00>>324.00
#### 324
2025-08-06 14:32:23,316 - INFO - 提取参考答案: 324
2025-08-06 14:32:23,318 - INFO - 生成答案: 

Step 1:First, read the problem and identify what we need to find. We need to find the total cost of installing Angela's items.

Step 2:Next, set up equations and perform the calculations. The total ...
2025-08-06 14:32:23,319 - INFO - 提取答案: 549
2025-08-06 14:32:23,320 - INFO - 投票统计: {'voting_method': 'majority', 'best_answer': '549', 'vote_count': 6, 'total_paths': 10, 'valid_paths': 10, 'confidence': 0.6, 'answer_distribution': {'717': 1, '219': 1, '549': 6, '309': 1, '324': 1}, 'selected_path_idx': 2}
2025-08-06 14:32:23,322 - INFO - ==================================================
2025-08-06 14:32:23,323 - INFO - 
==================================================
2025-08-06 14:32:23,324 - INFO - 样本 424: Theo has $6000 he wishes to spend on his upcoming business trip to South Africa. He buys 6 business ...
2025-08-06 14:32:23,326 - INFO - 参考答案: Theo buys business suits for 6 suits * $100/suit = $<<6*100=600>>600.
Theo buys suitcases for 3 suitcases * $50/suitcase = $<<3*50=150>>150.
Theo buys a flight ticket that costs $700 + 5 * $100 = $<<700+5*100=1200>>1200.
Theo can spend $6000 - $600 - $150 - $1200 - $2000 = $<<6000-600-150-1200-2000=2050>>2050 on gifts for his friends.
#### 2050
2025-08-06 14:32:23,327 - INFO - 提取参考答案: 2050
2025-08-06 14:32:23,328 - INFO - 生成答案: 

Step 1:First, read the problem and identify what we need to find. We need to find the amount of money that Theo has to spend on buying gifts for his business partners in South Africa.

Step 2:Next, ...
2025-08-06 14:32:23,330 - INFO - 提取答案: 1950
2025-08-06 14:32:23,331 - INFO - 投票统计: {'voting_method': 'majority', 'best_answer': '1950', 'vote_count': 4, 'total_paths': 10, 'valid_paths': 10, 'confidence': 0.4, 'answer_distribution': {'1950': 4, '1750': 1, '2050': 3, '4550': 1, '2350': 1}, 'selected_path_idx': 0}
2025-08-06 14:32:23,332 - INFO - ==================================================
2025-08-06 14:32:23,334 - INFO - 
==================================================
2025-08-06 14:32:23,335 - INFO - 样本 425: While at the dollar store, Sloane counts 100 customers entering the store. The next day, she counts ...
2025-08-06 14:32:23,336 - INFO - 参考答案: On the second day, she counted 100+50 = <<100+50=150>>150 customers.
The total for the first two days is 150+100 = <<150+100=250>>250 customers.
If the total count for three days was 500, she counted 500-250 = <<500-250=250>>250 customers on the third day.
#### 250
2025-08-06 14:32:23,337 - INFO - 提取参考答案: 250
2025-08-06 14:32:23,339 - INFO - 生成答案: 

Step 1:First, read the problem and identify what we need to find. We need to find the number of customers Sloane counted on the third day.

Step 2:Next, set up equations and perform the calculations...
2025-08-06 14:32:23,340 - INFO - 提取答案: 150
2025-08-06 14:32:23,341 - INFO - 投票统计: {'voting_method': 'majority', 'best_answer': '150', 'vote_count': 3, 'total_paths': 10, 'valid_paths': 10, 'confidence': 0.3, 'answer_distribution': {'250': 1, '48': 1, '275': 1, '150': 3, '500': 2, '316': 2}, 'selected_path_idx': 3}
2025-08-06 14:32:23,343 - INFO - ==================================================
2025-08-06 14:32:23,344 - INFO - 
==================================================
2025-08-06 14:32:23,345 - INFO - 样本 432: Emil is 19 years old now. When he turns 24, he will be half the age of his dad but twice as old as h...
2025-08-06 14:32:23,347 - INFO - 参考答案: His dad will be 24 x 2 = <<24*2=48>>48 years old when Emil is 24.
His brother will be 24 / 2 = <<24/2=12>>12 years old then.
Emil will turn 24 in 24 - 19 = <<24-19=5>>5 years.
The age of his father now is 48 - 5= <<48-5=43>>43.
His brother is 12 - 5 = <<12-5=7>>7 years old right now.
The sum of his dad's and his brother's ages now is 43 + 7 = <<43+7=50>>50.
#### 50
2025-08-06 14:32:23,348 - INFO - 提取参考答案: 50
2025-08-06 14:32:23,349 - INFO - 生成答案: 

Step 1:First, read the problem and identify what we need to find. We need to find the sum of the ages of Emil's dad and his brother now.

Step 2:Next, set up equations and perform the calculations. ...
2025-08-06 14:32:23,351 - INFO - 提取答案: 60
2025-08-06 14:32:23,352 - INFO - 投票统计: {'voting_method': 'majority', 'best_answer': '60', 'vote_count': 5, 'total_paths': 10, 'valid_paths': 10, 'confidence': 0.5, 'answer_distribution': {'22': 1, '47.5': 1, '60': 5, '36': 1, '12.5': 1, '41': 1}, 'selected_path_idx': 2}
2025-08-06 14:32:23,353 - INFO - ==================================================
2025-08-06 14:32:23,355 - INFO - 
==================================================
2025-08-06 14:32:23,356 - INFO - 样本 437: Richard, Jerry, and Robert are going to share 60 cherries. If Robert has 30 cherries, and has 10 mor...
2025-08-06 14:32:23,357 - INFO - 参考答案: Since Robert has 30, then 60 - 30 = <<30=30>>30 cherries are left to be shared by Richard and Jerry.
Richard has 30 - 10 = <<30-10=20>>20 cherries since Robert has 10 more cherries than him.
Jerry has 30 - 20 = <<30-20=10>>10 cherries.
So Robert has 30 - 10 = <<30-10=20>>20 more cherries than Jerry.
#### 20
2025-08-06 14:32:23,359 - INFO - 提取参考答案: 20
2025-08-06 14:32:23,360 - INFO - 生成答案: 

Step 1:First, read the problem and identify what we need to find. We need to find the difference between the number of cherries Robert has and the number of cherries Jerry has.

Step 2:Next, set up ...
2025-08-06 14:32:23,361 - INFO - 提取答案: 10
2025-08-06 14:32:23,362 - INFO - 投票统计: {'voting_method': 'majority', 'best_answer': '10', 'vote_count': 7, 'total_paths': 10, 'valid_paths': 10, 'confidence': 0.7, 'answer_distribution': {'10': 7, '20': 3}, 'selected_path_idx': 0}
2025-08-06 14:32:23,364 - INFO - ==================================================
2025-08-06 14:32:23,365 - INFO - 
==================================================
2025-08-06 14:32:23,366 - INFO - 样本 442: Brinley is in Mr. Bert's math class. Mr. Bert gives six tests each semester. He allows the students ...
2025-08-06 14:32:23,368 - INFO - 参考答案: First, identify the lowest score, which is 71, and remove it.
Since Brinley wants a score of 93, we know her total score needs to be 93 (average) * 5 (tests) = <<93*5=465>>465 points
So far, Brinley has earned 89 + 92 +100 + 86 = <<89+92+100+86=367>>367 points
The final test must be 465 - 367 = <<465-367=98>>98 points.
#### 98
2025-08-06 14:32:23,369 - INFO - 提取参考答案: 98
2025-08-06 14:32:23,370 - INFO - 生成答案: 

Step 1:First, read the problem and identify what we need to find. We need to find the score that Brinley needs on the sixth test to get an average of 93.

Step 2:Next, set up equations and perform t...
2025-08-06 14:32:23,372 - INFO - 提取答案: 120
2025-08-06 14:32:23,373 - INFO - 投票统计: {'voting_method': 'majority', 'best_answer': '120', 'vote_count': 6, 'total_paths': 10, 'valid_paths': 10, 'confidence': 0.6, 'answer_distribution': {'120': 6, '200': 1, '99': 1, '206': 1, '191': 1}, 'selected_path_idx': 0}
2025-08-06 14:32:23,374 - INFO - ==================================================
2025-08-06 14:32:23,376 - INFO - 
==================================================
2025-08-06 14:32:23,377 - INFO - 样本 446: Ruiz can make 120 pounds of chocolates in two hours. Marissa makes 3/4 times as many pounds of choco...
2025-08-06 14:32:23,378 - INFO - 参考答案: Merissa makes 3/4 * 120 pounds = <<3/4*120=90>>90 pounds of chocolate in an hour.
Ruiz makes 120 pounds of chocolate in two hours; this means she makes 120 pounds / 2 hours = <<120/2=60>>60 pounds of chocolate in an hour.
If they worked for 12 hours, Ruiz made 12 hours * 60 pounds/hour = <<12*60=720>>720 pounds of chocolate while
Marissa made 90 pounds/hour * 12 hours = <<90*12=1080>>1080 pounds of chocolate
The combined amount of pounds of chocolate they both ate is 1080 pounds + 720 pounds = <<1080+720=1800>>1800 pounds of chocolate
#### 1800
2025-08-06 14:32:23,380 - INFO - 提取参考答案: 1800
2025-08-06 14:32:23,381 - INFO - 生成答案: 

Step 1:First, read the problem and identify what we need to find. We need to find the total amount of chocolate pounds they made together.

Step 2:Next, set up equations and perform the calculations...
2025-08-06 14:32:23,382 - INFO - 提取答案: 1260
2025-08-06 14:32:23,383 - INFO - 投票统计: {'voting_method': 'majority', 'best_answer': '1260', 'vote_count': 9, 'total_paths': 10, 'valid_paths': 10, 'confidence': 0.9, 'answer_distribution': {'1260': 9, '1800': 1}, 'selected_path_idx': 0}
2025-08-06 14:32:23,385 - INFO - ==================================================
2025-08-06 14:32:23,386 - INFO - 
==================================================
2025-08-06 14:32:23,387 - INFO - 样本 453: Johnny's dad brought him to watch some horse racing and his dad bet money. On the first race, he los...
2025-08-06 14:32:23,389 - INFO - 参考答案: On the second race he won $11 because 1+ 5 x 2 = <<1+5*2=11>>11
On the third race he lost $15 because 10 x 1.5 = <<10*1.5=15>>15
He lost a total of $20 on the first and third races because 15 + 5 = <<15+5=20>>20

He lost $9 that day because 11 - 20 = <<11-20=-9>>-9
He lost an average of $3 per race because 9 / 3 = <<9/3=3>>3
#### 3
2025-08-06 14:32:23,390 - INFO - 提取参考答案: 3
2025-08-06 14:32:23,391 - INFO - 生成答案: 

Step 1:First, read the problem and identify what we need to find. We need to find the average amount of money Johnny's dad lost that day.

Step 2:Next, set up equations and perform the calculations....
2025-08-06 14:32:23,393 - INFO - 提取答案: 7.17
2025-08-06 14:32:23,394 - INFO - 投票统计: {'voting_method': 'majority', 'best_answer': '7.17', 'vote_count': 5, 'total_paths': 10, 'valid_paths': 10, 'confidence': 0.5, 'answer_distribution': {'10.83': 4, '24': 1, '7.17': 5}, 'selected_path_idx': 3}
2025-08-06 14:32:23,395 - INFO - ==================================================
2025-08-06 14:32:23,397 - INFO - 
==================================================
2025-08-06 14:32:23,398 - INFO - 样本 456: Chase and Rider can ride their bikes thrice a day for 5 days; but on two other days, they ride twice...
2025-08-06 14:32:23,399 - INFO - 参考答案: Each person rides his bike 3 x 5 = <<3*5=15>>15 times for 5 days.
Together, they ride 15+15 = <<15+15=30>>30 times for five days.
Each person rides his bike 3 x 2 = <<3*2=6>>6 times for every day of the other two days.
This means each person rides 6*2 = <<6*2=12>>12 times on each day of the other two days.
The total for the other two days is 12+12 = <<12+12=24>>24
For the whole week the together ride 24+30 = <<24+30=54>>54 times
#### 54
2025-08-06 14:32:23,401 - INFO - 提取参考答案: 54
2025-08-06 14:32:23,402 - INFO - 生成答案: 

Step 1:First, read the problem and identify what we need to find. We need to find the total number of times Chase and Rider ride their bikes a week.

Step 2:Next, set up equations and perform the ca...
2025-08-06 14:32:23,403 - INFO - 提取答案: 27
2025-08-06 14:32:23,405 - INFO - 投票统计: {'voting_method': 'majority', 'best_answer': '27', 'vote_count': 4, 'total_paths': 10, 'valid_paths': 10, 'confidence': 0.4, 'answer_distribution': {'27': 4, '38': 1, '35': 1, '30': 1, '15': 1, '57': 1, '19': 1}, 'selected_path_idx': 0}
2025-08-06 14:32:23,406 - INFO - ==================================================
2025-08-06 14:32:23,407 - INFO - 
==================================================
2025-08-06 14:32:23,408 - INFO - 样本 460: John visits his parents twice a month.  It takes him 2 hours to drive there at a speed of 70 mph.  C...
2025-08-06 14:32:23,410 - INFO - 参考答案: His parents live 70*2=<<70*2=140>>140 miles away
So he drives 140*2=<<140*2=280>>280 miles a round trip
280*2 = <<280*2=560>>560 miles a month
#### 560
2025-08-06 14:32:23,411 - INFO - 提取参考答案: 560
2025-08-06 14:32:23,413 - INFO - 生成答案: 

Step 1:First, read the problem and identify what we need to find. We need to find the total distance John drives in a month.

Step 2:Next, set up equations and perform the calculations. Since John v...
2025-08-06 14:32:23,414 - INFO - 提取答案: 280
2025-08-06 14:32:23,415 - INFO - 投票统计: {'voting_method': 'majority', 'best_answer': '280', 'vote_count': 8, 'total_paths': 10, 'valid_paths': 10, 'confidence': 0.8, 'answer_distribution': {'280': 8, '560': 1, '1120': 1}, 'selected_path_idx': 0}
2025-08-06 14:32:23,417 - INFO - ==================================================
2025-08-06 14:32:23,418 - INFO - 
==================================================
2025-08-06 14:32:23,419 - INFO - 样本 470: A team of 4 painters worked on a mansion for 3/8ths of a day every day for 3 weeks. How many hours o...
2025-08-06 14:32:23,420 - INFO - 参考答案: There are 24 hours in a day so 3/8ths of a day is (3/8)*24 = <<3/8*24=9>>9 hours
One week has 7 days so 3 weeks have 7*3 = <<7*3=21>>21 days
Each painter put in 9*21 = <<9*21=189>>189 hours of work
#### 189
2025-08-06 14:32:23,422 - INFO - 提取参考答案: 189
2025-08-06 14:32:23,423 - INFO - 生成答案: 

Step 1:First, read the problem and identify what we need to find. We need to find the number of hours of work each painter put in.

Step 2:Next, set up equations and perform the calculations. Since ...
2025-08-06 14:32:23,424 - INFO - 提取答案: 1.96875
2025-08-06 14:32:23,426 - INFO - 投票统计: {'voting_method': 'majority', 'best_answer': '1.96875', 'vote_count': 4, 'total_paths': 10, 'valid_paths': 10, 'confidence': 0.4, 'answer_distribution': {'47.25': 1, '1.984': 1, '1.96875': 4, '6.75': 1, '15.75': 1, '2.5625': 2}, 'selected_path_idx': 2}
2025-08-06 14:32:23,427 - INFO - ==================================================
2025-08-06 14:32:23,428 - INFO - 
==================================================
2025-08-06 14:32:23,430 - INFO - 样本 472: Jo has been making face masks. She can make 4 small masks with 2 yards of material and 3 large masks...
2025-08-06 14:32:23,431 - INFO - 参考答案: It takes 2 yards of material / 4 small masks = <<2/4=0.5>>0.5 yards of material per mask.
It takes 2.25 yards of material / 3 large masks = <<2.25/3=0.75>>0.75 yards of material per mask.
For the small masks, it will take 20 masks x 0.5 yards = <<20*0.5=10>>10 yards of material.
For the large masks, it will take 8 masks x 0.75 yards = <<8*0.75=6>>6 yards of material.
In all, it will take 10 yards + 6 yards = <<10+6=16>>16 yards of material.
#### 16
2025-08-06 14:32:23,432 - INFO - 提取参考答案: 16
2025-08-06 14:32:23,434 - INFO - 生成答案: 

Step 1:First, read the problem and identify what we need to find. We need to find the total amount of material Jo would need to make 20 small and 8 large masks.

Step 2:Next, set up equations and pe...
2025-08-06 14:32:23,435 - INFO - 提取答案: 58
2025-08-06 14:32:23,436 - INFO - 投票统计: {'voting_method': 'majority', 'best_answer': '58', 'vote_count': 7, 'total_paths': 10, 'valid_paths': 10, 'confidence': 0.7, 'answer_distribution': {'58': 7, '56': 1, '16': 1, '14.5': 1}, 'selected_path_idx': 0}
2025-08-06 14:32:23,438 - INFO - ==================================================
2025-08-06 14:32:23,439 - INFO - 
==================================================
2025-08-06 14:32:23,440 - INFO - 样本 474: Carla is downloading a 200 GB file. Normally she can download 2 GB/minute, but 40% of the way throug...
2025-08-06 14:32:23,441 - INFO - 参考答案: First find how many gigabytes are in 40% of the file: 200 GB * 40% = <<200*40*.01=80>>80 GB
Then divide that number by the download rate to find the time until