2025-08-08 17:32:48,932 - INFO - 配置文件验证通过
2025-08-08 17:32:48,933 - INFO - 随机种子已设置为: 42
2025-08-08 17:32:48,934 - INFO - 使用已提供的模型实例: Llama-3.2-3B-Instruct
2025-08-08 17:32:48,934 - INFO - 加载数据集: GSM8k_test
2025-08-08 17:32:48,935 - INFO - 随机种子已设置为: 42
2025-08-08 17:32:48,942 - INFO - 数据集加载完成，共 1319 条数据，已打乱顺序
2025-08-08 17:32:48,942 - INFO - 使用投票机制，每个问题生成 10 条路径
2025-08-08 17:32:48,943 - INFO - 批量生成模式：为 1319 个问题各生成 10 条路径
2025-08-08 17:32:48,945 - INFO - 开始CoT生成，共4个步骤:
2025-08-08 17:32:48,946 - INFO - 开始CoT步骤 1，min_p=0.35
2025-08-08 17:32:51,370 - INFO - 开始CoT步骤 2，min_p=0.15
2025-08-08 17:33:03,755 - INFO - 开始CoT步骤 3，min_p=0.7
2025-08-08 17:33:14,623 - INFO - 开始CoT步骤 4，min_p=0.85
2025-08-08 17:33:19,927 - INFO - CoT生成完成，共 1319 条CoT
2025-08-08 17:33:19,950 - INFO - 开始CoT生成，共4个步骤:
2025-08-08 17:33:19,951 - INFO - 开始CoT步骤 1，min_p=0.35
2025-08-08 17:33:22,299 - INFO - 开始CoT步骤 2，min_p=0.15
2025-08-08 17:33:34,265 - INFO - 开始CoT步骤 3，min_p=0.7
2025-08-08 17:33:44,795 - INFO - 开始CoT步骤 4，min_p=0.85
2025-08-08 17:33:49,777 - INFO - CoT生成完成，共 1319 条CoT
2025-08-08 17:33:49,798 - INFO - 开始CoT生成，共4个步骤:
2025-08-08 17:33:49,799 - INFO - 开始CoT步骤 1，min_p=0.35
2025-08-08 17:33:52,142 - INFO - 开始CoT步骤 2，min_p=0.15
2025-08-08 17:34:04,473 - INFO - 开始CoT步骤 3，min_p=0.7
2025-08-08 17:34:15,584 - INFO - 开始CoT步骤 4，min_p=0.85
2025-08-08 17:34:19,519 - INFO - CoT生成完成，共 1319 条CoT
2025-08-08 17:34:19,540 - INFO - 开始CoT生成，共4个步骤:
2025-08-08 17:34:19,542 - INFO - 开始CoT步骤 1，min_p=0.35
2025-08-08 17:34:21,826 - INFO - 开始CoT步骤 2，min_p=0.15
2025-08-08 17:34:33,953 - INFO - 开始CoT步骤 3，min_p=0.7
2025-08-08 17:34:44,756 - INFO - 开始CoT步骤 4，min_p=0.85
2025-08-08 17:34:49,596 - INFO - CoT生成完成，共 1319 条CoT
2025-08-08 17:34:49,617 - INFO - 开始CoT生成，共4个步骤:
2025-08-08 17:34:49,619 - INFO - 开始CoT步骤 1，min_p=0.35
2025-08-08 17:34:52,273 - INFO - 开始CoT步骤 2，min_p=0.15
2025-08-08 17:35:04,363 - INFO - 开始CoT步骤 3，min_p=0.7
2025-08-08 17:35:15,394 - INFO - 开始CoT步骤 4，min_p=0.85
2025-08-08 17:35:18,900 - INFO - CoT生成完成，共 1319 条CoT
2025-08-08 17:35:18,924 - INFO - 开始CoT生成，共4个步骤:
2025-08-08 17:35:18,926 - INFO - 开始CoT步骤 1，min_p=0.35
2025-08-08 17:35:21,583 - INFO - 开始CoT步骤 2，min_p=0.15
2025-08-08 17:35:33,947 - INFO - 开始CoT步骤 3，min_p=0.7
2025-08-08 17:35:44,975 - INFO - 开始CoT步骤 4，min_p=0.85
2025-08-08 17:35:49,678 - INFO - CoT生成完成，共 1319 条CoT
2025-08-08 17:35:49,702 - INFO - 开始CoT生成，共4个步骤:
2025-08-08 17:35:49,704 - INFO - 开始CoT步骤 1，min_p=0.35
2025-08-08 17:35:52,362 - INFO - 开始CoT步骤 2，min_p=0.15
2025-08-08 17:36:04,788 - INFO - 开始CoT步骤 3，min_p=0.7
2025-08-08 17:36:15,440 - INFO - 开始CoT步骤 4，min_p=0.85
2025-08-08 17:36:20,395 - INFO - CoT生成完成，共 1319 条CoT
2025-08-08 17:36:20,418 - INFO - 开始CoT生成，共4个步骤:
2025-08-08 17:36:20,419 - INFO - 开始CoT步骤 1，min_p=0.35
2025-08-08 17:36:23,029 - INFO - 开始CoT步骤 2，min_p=0.15
2025-08-08 17:36:35,226 - INFO - 开始CoT步骤 3，min_p=0.7
2025-08-08 17:36:46,012 - INFO - 开始CoT步骤 4，min_p=0.85
2025-08-08 17:36:50,953 - INFO - CoT生成完成，共 1319 条CoT
2025-08-08 17:36:50,976 - INFO - 开始CoT生成，共4个步骤:
2025-08-08 17:36:50,977 - INFO - 开始CoT步骤 1，min_p=0.35
2025-08-08 17:36:53,322 - INFO - 开始CoT步骤 2，min_p=0.15
2025-08-08 17:37:05,247 - INFO - 开始CoT步骤 3，min_p=0.7
2025-08-08 17:37:16,131 - INFO - 开始CoT步骤 4，min_p=0.85
2025-08-08 17:37:20,982 - INFO - CoT生成完成，共 1319 条CoT
2025-08-08 17:37:21,003 - INFO - 开始CoT生成，共4个步骤:
2025-08-08 17:37:21,004 - INFO - 开始CoT步骤 1，min_p=0.35
2025-08-08 17:37:23,280 - INFO - 开始CoT步骤 2，min_p=0.15
2025-08-08 17:37:35,230 - INFO - 开始CoT步骤 3，min_p=0.7
2025-08-08 17:37:45,719 - INFO - 开始CoT步骤 4，min_p=0.85
2025-08-08 17:37:50,787 - INFO - CoT生成完成，共 1319 条CoT
2025-08-08 17:37:50,810 - INFO - 批量生成完成：共生成 1319 组路径，每组 10 条
2025-08-08 17:37:50,811 - INFO - 投票结果: 选择路径 0, 答案: 52, 置信度: 0.8
2025-08-08 17:37:50,812 - INFO - 投票结果: 选择路径 0, 答案: 5, 置信度: 1.0
2025-08-08 17:37:50,812 - INFO - 投票结果: 选择路径 2, 答案: 83, 置信度: 0.8
2025-08-08 17:37:50,813 - INFO - 投票结果: 选择路径 0, 答案: 10, 置信度: 0.8
2025-08-08 17:37:50,814 - INFO - 投票结果: 选择路径 1, 答案: 70, 置信度: 0.4
2025-08-08 17:37:50,814 - INFO - 投票结果: 选择路径 0, 答案: 36, 置信度: 0.9
2025-08-08 17:37:50,815 - INFO - 投票结果: 选择路径 0, 答案: 48, 置信度: 1.0
2025-08-08 17:37:50,815 - INFO - 投票结果: 选择路径 0, 答案: 16, 置信度: 1.0
2025-08-08 17:37:50,816 - INFO - 投票结果: 选择路径 1, 答案: 4.40, 置信度: 0.3
2025-08-08 17:37:50,817 - INFO - 投票结果: 选择路径 0, 答案: 48, 置信度: 1.0
2025-08-08 17:37:50,817 - INFO - 投票结果: 选择路径 1, 答案: 90, 置信度: 0.9
2025-08-08 17:37:50,818 - INFO - 投票结果: 选择路径 0, 答案: 10, 置信度: 0.9
2025-08-08 17:37:50,818 - INFO - 投票结果: 选择路径 0, 答案: 1, 置信度: 0.3
2025-08-08 17:37:50,819 - INFO - 投票结果: 选择路径 0, 答案: 42000, 置信度: 0.5
2025-08-08 17:37:50,820 - INFO - 投票结果: 选择路径 0, 答案: 18, 置信度: 1.0
2025-08-08 17:37:50,820 - INFO - 投票结果: 选择路径 0, 答案: 140, 置信度: 1.0
2025-08-08 17:37:50,821 - INFO - 投票结果: 选择路径 3, 答案: 17, 置信度: 0.7
2025-08-08 17:37:50,821 - INFO - 投票结果: 选择路径 0, 答案: 68, 置信度: 1.0
2025-08-08 17:37:50,822 - INFO - 投票结果: 选择路径 0, 答案: 8, 置信度: 1.0
2025-08-08 17:37:50,822 - INFO - 投票结果: 选择路径 0, 答案: 14, 置信度: 1.0
2025-08-08 17:37:50,823 - INFO - 投票结果: 选择路径 2, 答案: 33.33, 置信度: 0.3
2025-08-08 17:37:50,823 - INFO - 投票结果: 选择路径 0, 答案: 100, 置信度: 1.0
2025-08-08 17:37:50,824 - INFO - 投票结果: 选择路径 3, 答案: 125, 置信度: 0.3
2025-08-08 17:37:50,825 - INFO - 投票结果: 选择路径 0, 答案: 48, 置信度: 0.8
2025-08-08 17:37:50,825 - INFO - 投票结果: 选择路径 0, 答案: 16400, 置信度: 0.8
2025-08-08 17:37:50,826 - INFO - 投票结果: 选择路径 0, 答案: 250, 置信度: 1.0
2025-08-08 17:37:50,826 - INFO - 投票结果: 选择路径 0, 答案: 18, 置信度: 0.3
2025-08-08 17:37:50,827 - INFO - 投票结果: 选择路径 0, 答案: 1490, 置信度: 0.8
2025-08-08 17:37:50,827 - INFO - 投票结果: 选择路径 0, 答案: 11, 置信度: 0.9
2025-08-08 17:37:50,828 - INFO - 投票结果: 选择路径 0, 答案: 106, 置信度: 0.8
2025-08-08 17:37:50,829 - INFO - 投票结果: 选择路径 1, 答案: 138, 置信度: 0.5
2025-08-08 17:37:50,829 - INFO - 投票结果: 选择路径 0, 答案: 15, 置信度: 1.0
2025-08-08 17:37:50,830 - INFO - 投票结果: 选择路径 0, 答案: 4, 置信度: 1.0
2025-08-08 17:37:50,830 - INFO - 投票结果: 选择路径 0, 答案: 82, 置信度: 0.8
2025-08-08 17:37:50,831 - INFO - 投票结果: 选择路径 2, 答案: 2, 置信度: 0.6
2025-08-08 17:37:50,831 - INFO - 投票结果: 选择路径 1, 答案: 51, 置信度: 0.7
2025-08-08 17:37:50,832 - INFO - 投票结果: 选择路径 2, 答案: 4, 置信度: 0.8
2025-08-08 17:37:50,833 - INFO - 投票结果: 选择路径 0, 答案: 100, 置信度: 1.0
2025-08-08 17:37:50,833 - INFO - 投票结果: 选择路径 0, 答案: 25, 置信度: 0.3
2025-08-08 17:37:50,834 - INFO - 投票结果: 选择路径 0, 答案: 188, 置信度: 1.0
2025-08-08 17:37:50,834 - INFO - 投票结果: 选择路径 0, 答案: 30, 置信度: 1.0
2025-08-08 17:37:50,835 - INFO - 投票结果: 选择路径 0, 答案: 30, 置信度: 1.0
2025-08-08 17:37:50,835 - INFO - 投票结果: 选择路径 0, 答案: 240, 置信度: 1.0
2025-08-08 17:37:50,836 - INFO - 投票结果: 选择路径 0, 答案: 7, 置信度: 1.0
2025-08-08 17:37:50,836 - INFO - 投票结果: 选择路径 0, 答案: 350, 置信度: 0.4
2025-08-08 17:37:50,837 - INFO - 投票结果: 选择路径 0, 答案: 4, 置信度: 0.5
2025-08-08 17:37:50,838 - INFO - 投票结果: 选择路径 0, 答案: 36, 置信度: 0.9
2025-08-08 17:37:50,838 - INFO - 投票结果: 选择路径 1, 答案: 1, 置信度: 0.2
2025-08-08 17:37:50,839 - INFO - 投票结果: 选择路径 0, 答案: 2, 置信度: 0.6
2025-08-08 17:37:50,839 - INFO - 投票结果: 选择路径 0, 答案: 33, 置信度: 1.0
2025-08-08 17:37:50,840 - INFO - 投票结果: 选择路径 0, 答案: 21, 置信度: 0.9
2025-08-08 17:37:50,840 - INFO - 投票结果: 选择路径 0, 答案: 175, 置信度: 0.4
2025-08-08 17:37:50,841 - INFO - 投票结果: 选择路径 0, 答案: 60, 置信度: 0.8
2025-08-08 17:37:50,841 - INFO - 投票结果: 选择路径 1, 答案: 49, 置信度: 0.6
2025-08-08 17:37:50,842 - INFO - 投票结果: 选择路径 1, 答案: 1800, 置信度: 0.5
2025-08-08 17:37:50,843 - INFO - 投票结果: 选择路径 3, 答案: 27, 置信度: 0.5
2025-08-08 17:37:50,843 - INFO - 投票结果: 选择路径 0, 答案: 16, 置信度: 0.5
2025-08-08 17:37:50,844 - INFO - 投票结果: 选择路径 0, 答案: 49, 置信度: 0.7
2025-08-08 17:37:50,844 - INFO - 投票结果: 选择路径 0, 答案: 6, 置信度: 0.6
2025-08-08 17:37:50,845 - INFO - 投票结果: 选择路径 0, 答案: 32, 置信度: 0.6
2025-08-08 17:37:50,845 - INFO - 投票结果: 选择路径 0, 答案: 76, 置信度: 0.3
2025-08-08 17:37:50,846 - INFO - 投票结果: 选择路径 0, 答案: 225, 置信度: 1.0
2025-08-08 17:37:50,847 - INFO - 投票结果: 选择路径 0, 答案: 50, 置信度: 1.0
2025-08-08 17:37:50,847 - INFO - 投票结果: 选择路径 2, 答案: 15, 置信度: 0.3
2025-08-08 17:37:50,848 - INFO - 投票结果: 选择路径 0, 答案: 7, 置信度: 1.0
2025-08-08 17:37:50,848 - INFO - 投票结果: 选择路径 1, 答案: 800, 置信度: 0.8
2025-08-08 17:37:50,849 - INFO - 投票结果: 选择路径 0, 答案: 22, 置信度: 1.0
2025-08-08 17:37:50,849 - INFO - 投票结果: 选择路径 0, 答案: 235, 置信度: 0.9
2025-08-08 17:37:50,850 - INFO - 投票结果: 选择路径 2, 答案: 3, 置信度: 0.7
2025-08-08 17:37:50,850 - INFO - 投票结果: 选择路径 0, 答案: 4.5, 置信度: 0.2
2025-08-08 17:37:50,851 - INFO - 投票结果: 选择路径 0, 答案: 3000, 置信度: 0.7
2025-08-08 17:37:50,852 - INFO - 投票结果: 选择路径 0, 答案: 300, 置信度: 0.9
2025-08-08 17:37:50,852 - INFO - 投票结果: 选择路径 0, 答案: 20, 置信度: 0.7
2025-08-08 17:37:50,853 - INFO - 投票结果: 选择路径 0, 答案: 130, 置信度: 1.0
2025-08-08 17:37:50,853 - INFO - 投票结果: 选择路径 0, 答案: 1, 置信度: 0.6
2025-08-08 17:37:50,854 - INFO - 投票结果: 选择路径 0, 答案: 48, 置信度: 0.4
2025-08-08 17:37:50,854 - INFO - 投票结果: 选择路径 1, 答案: 50, 置信度: 0.6
2025-08-08 17:37:50,855 - INFO - 投票结果: 选择路径 4, 答案: 3, 置信度: 0.4
2025-08-08 17:37:50,856 - INFO - 投票结果: 选择路径 0, 答案: 5, 置信度: 0.6
2025-08-08 17:37:50,856 - INFO - 投票结果: 选择路径 0, 答案: 110, 置信度: 1.0
2025-08-08 17:37:50,857 - INFO - 投票结果: 选择路径 5, 答案: 900, 置信度: 0.2
2025-08-08 17:37:50,857 - INFO - 投票结果: 选择路径 0, 答案: 16, 置信度: 0.9
2025-08-08 17:37:50,858 - INFO - 投票结果: 选择路径 0, 答案: 80, 置信度: 1.0
2025-08-08 17:37:50,858 - INFO - 投票结果: 选择路径 0, 答案: 45, 置信度: 0.8
2025-08-08 17:37:50,859 - INFO - 投票结果: 选择路径 0, 答案: 36, 置信度: 1.0
2025-08-08 17:37:50,859 - INFO - 投票结果: 选择路径 2, 答案: 6, 置信度: 0.4
2025-08-08 17:37:50,860 - INFO - 投票结果: 选择路径 0, 答案: 6, 置信度: 0.3
2025-08-08 17:37:50,861 - INFO - 投票结果: 选择路径 0, 答案: 36, 置信度: 1.0
2025-08-08 17:37:50,861 - INFO - 投票结果: 选择路径 0, 答案: 60, 置信度: 0.6
2025-08-08 17:37:50,862 - INFO - 投票结果: 选择路径 0, 答案: 9, 置信度: 1.0
2025-08-08 17:37:50,862 - INFO - 投票结果: 选择路径 0, 答案: 1, 置信度: 0.7
2025-08-08 17:37:50,863 - INFO - 投票结果: 选择路径 0, 答案: 30, 置信度: 0.7
2025-08-08 17:37:50,863 - INFO - 投票结果: 选择路径 0, 答案: 70000, 置信度: 0.7
2025-08-08 17:37:50,864 - INFO - 投票结果: 选择路径 0, 答案: 34, 置信度: 1.0
2025-08-08 17:37:50,865 - INFO - 投票结果: 选择路径 1, 答案: 17, 置信度: 0.3
2025-08-08 17:37:50,865 - INFO - 投票结果: 选择路径 0, 答案: 306, 置信度: 1.0
2025-08-08 17:37:50,866 - INFO - 投票结果: 选择路径 0, 答案: 55, 置信度: 1.0
2025-08-08 17:37:50,866 - INFO - 投票结果: 选择路径 0, 答案: 12, 置信度: 0.9
2025-08-08 17:37:50,867 - INFO - 投票结果: 选择路径 0, 答案: 75, 置信度: 0.9
2025-08-08 17:37:50,867 - INFO - 投票结果: 选择路径 2, 答案: 24, 置信度: 0.4
2025-08-08 17:37:50,868 - INFO - 投票结果: 选择路径 0, 答案: 50, 置信度: 0.8
2025-08-08 17:37:50,868 - INFO - 投票结果: 选择路径 0, 答案: 110, 置信度: 1.0
2025-08-08 17:37:50,869 - INFO - 投票结果: 选择路径 0, 答案: 452, 置信度: 0.1
2025-08-08 17:37:50,870 - INFO - 投票结果: 选择路径 0, 答案: 30, 置信度: 1.0
2025-08-08 17:37:50,870 - INFO - 投票结果: 选择路径 1, 答案: 80, 置信度: 0.9
2025-08-08 17:37:50,871 - INFO - 投票结果: 选择路径 0, 答案: 3, 置信度: 0.2
2025-08-08 17:37:50,871 - INFO - 投票结果: 选择路径 0, 答案: 120, 置信度: 1.0
2025-08-08 17:37:50,872 - INFO - 投票结果: 选择路径 4, 答案: 172, 置信度: 0.3
2025-08-08 17:37:50,872 - INFO - 投票结果: 选择路径 0, 答案: 70, 置信度: 1.0
2025-08-08 17:37:50,873 - INFO - 投票结果: 选择路径 1, 答案: 13, 置信度: 0.5
2025-08-08 17:37:50,874 - INFO - 投票结果: 选择路径 0, 答案: 150, 置信度: 1.0
2025-08-08 17:37:50,874 - INFO - 投票结果: 选择路径 2, 答案: 10, 置信度: 0.3
2025-08-08 17:37:50,875 - INFO - 投票结果: 选择路径 0, 答案: 1, 置信度: 0.2
2025-08-08 17:37:50,875 - INFO - 投票结果: 选择路径 0, 答案: 250, 置信度: 0.9
2025-08-08 17:37:50,876 - INFO - 投票结果: 选择路径 0, 答案: 3, 置信度: 1.0
2025-08-08 17:37:50,876 - INFO - 投票结果: 选择路径 0, 答案: 15, 置信度: 1.0
2025-08-08 17:37:50,877 - INFO - 投票结果: 选择路径 0, 答案: 12, 置信度: 1.0
2025-08-08 17:37:50,878 - INFO - 投票结果: 选择路径 0, 答案: 60, 置信度: 1.0
2025-08-08 17:37:50,878 - INFO - 投票结果: 选择路径 0, 答案: 3, 置信度: 1.0
2025-08-08 17:37:50,879 - INFO - 投票结果: 选择路径 0, 答案: 9, 置信度: 0.5
2025-08-08 17:37:50,879 - INFO - 投票结果: 选择路径 0, 答案: 140000, 置信度: 1.0
2025-08-08 17:37:50,880 - INFO - 投票结果: 选择路径 4, 答案: 6, 置信度: 0.3
2025-08-08 17:37:50,881 - INFO - 投票结果: 选择路径 0, 答案: 2400, 置信度: 1.0
2025-08-08 17:37:50,881 - INFO - 投票结果: 选择路径 0, 答案: 4, 置信度: 1.0
2025-08-08 17:37:50,882 - INFO - 投票结果: 选择路径 0, 答案: 79, 置信度: 0.5
2025-08-08 17:37:50,882 - INFO - 投票结果: 选择路径 0, 答案: 300, 置信度: 1.0
2025-08-08 17:37:50,883 - INFO - 投票结果: 选择路径 0, 答案: 91, 置信度: 0.8
2025-08-08 17:37:50,883 - INFO - 投票结果: 选择路径 1, 答案: 8, 置信度: 0.8
2025-08-08 17:37:50,884 - INFO - 投票结果: 选择路径 0, 答案: 120, 置信度: 1.0
2025-08-08 17:37:50,884 - INFO - 投票结果: 选择路径 0, 答案: 350, 置信度: 1.0
2025-08-08 17:37:50,885 - INFO - 投票结果: 选择路径 0, 答案: 2600, 置信度: 0.9
2025-08-08 17:37:50,886 - INFO - 投票结果: 选择路径 0, 答案: 10, 置信度: 0.9
2025-08-08 17:37:50,886 - INFO - 投票结果: 选择路径 1, 答案: 18, 置信度: 0.3
2025-08-08 17:37:50,887 - INFO - 投票结果: 选择路径 0, 答案: 7, 置信度: 0.7
2025-08-08 17:37:50,887 - INFO - 投票结果: 选择路径 0, 答案: 31, 置信度: 0.9
2025-08-08 17:37:50,888 - INFO - 投票结果: 选择路径 1, 答案: 975, 置信度: 0.6
2025-08-08 17:37:50,888 - INFO - 投票结果: 选择路径 1, 答案: -160, 置信度: 0.3
2025-08-08 17:37:50,889 - INFO - 投票结果: 选择路径 0, 答案: 120, 置信度: 0.7
2025-08-08 17:37:50,890 - INFO - 投票结果: 选择路径 0, 答案: 220, 置信度: 1.0
2025-08-08 17:37:50,890 - INFO - 投票结果: 选择路径 0, 答案: 87, 置信度: 1.0
2025-08-08 17:37:50,891 - INFO - 投票结果: 选择路径 0, 答案: 300, 置信度: 1.0
2025-08-08 17:37:50,891 - INFO - 投票结果: 选择路径 2, 答案: 35, 置信度: 0.3
2025-08-08 17:37:50,892 - INFO - 投票结果: 选择路径 1, 答案: 1, 置信度: 0.2
2025-08-08 17:37:50,892 - INFO - 投票结果: 选择路径 0, 答案: 16, 置信度: 1.0
2025-08-08 17:37:50,893 - INFO - 投票结果: 选择路径 0, 答案: 7, 置信度: 1.0
2025-08-08 17:37:50,893 - INFO - 投票结果: 选择路径 1, 答案: 81, 置信度: 0.6
2025-08-08 17:37:50,894 - INFO - 投票结果: 选择路径 1, 答案: 5, 置信度: 0.5
2025-08-08 17:37:50,895 - INFO - 投票结果: 选择路径 0, 答案: 9, 置信度: 0.9
2025-08-08 17:37:50,895 - INFO - 投票结果: 选择路径 0, 答案: 10, 置信度: 1.0
2025-08-08 17:37:50,896 - INFO - 投票结果: 选择路径 1, 答案: 24, 置信度: 0.4
2025-08-08 17:37:50,896 - INFO - 投票结果: 选择路径 0, 答案: 5, 置信度: 0.9
2025-08-08 17:37:50,897 - INFO - 投票结果: 选择路径 0, 答案: 50, 置信度: 0.8
2025-08-08 17:37:50,897 - INFO - 投票结果: 选择路径 0, 答案: 48, 置信度: 0.7
2025-08-08 17:37:50,898 - INFO - 投票结果: 选择路径 0, 答案: 25, 置信度: 1.0
2025-08-08 17:37:50,899 - INFO - 投票结果: 选择路径 1, 答案: 96, 置信度: 0.6
2025-08-08 17:37:50,899 - INFO - 投票结果: 选择路径 1, 答案: 66.67, 置信度: 0.2
2025-08-08 17:37:50,900 - INFO - 投票结果: 选择路径 1, 答案: 180, 置信度: 0.5
2025-08-08 17:37:50,900 - INFO - 投票结果: 选择路径 0, 答案: 21, 置信度: 1.0
2025-08-08 17:37:50,901 - INFO - 投票结果: 选择路径 0, 答案: 1200, 置信度: 1.0
2025-08-08 17:37:50,901 - INFO - 投票结果: 选择路径 1, 答案: 255, 置信度: 0.3
2025-08-08 17:37:50,902 - INFO - 投票结果: 选择路径 0, 答案: 4, 置信度: 1.0
2025-08-08 17:37:50,902 - INFO - 投票结果: 选择路径 0, 答案: 10, 置信度: 1.0
2025-08-08 17:37:50,903 - INFO - 投票结果: 选择路径 0, 答案: 700, 置信度: 0.8
2025-08-08 17:37:50,904 - INFO - 投票结果: 选择路径 0, 答案: 38, 置信度: 1.0
2025-08-08 17:37:50,904 - INFO - 投票结果: 选择路径 0, 答案: 32, 置信度: 1.0
2025-08-08 17:37:50,905 - INFO - 投票结果: 选择路径 0, 答案: 30, 置信度: 1.0
2025-08-08 17:37:50,905 - INFO - 投票结果: 选择路径 0, 答案: 16, 置信度: 1.0
2025-08-08 17:37:50,906 - INFO - 投票结果: 选择路径 0, 答案: 40, 置信度: 0.9
2025-08-08 17:37:50,906 - INFO - 投票结果: 选择路径 0, 答案: 288, 置信度: 1.0
2025-08-08 17:37:50,907 - INFO - 投票结果: 选择路径 0, 答案: 1100, 置信度: 1.0
2025-08-08 17:37:50,907 - INFO - 投票结果: 选择路径 0, 答案: 20, 置信度: 0.9
2025-08-08 17:37:50,908 - INFO - 投票结果: 选择路径 0, 答案: 2, 置信度: 0.7
2025-08-08 17:37:50,909 - INFO - 投票结果: 选择路径 0, 答案: 1040000, 置信度: 0.8
2025-08-08 17:37:50,909 - INFO - 投票结果: 选择路径 0, 答案: 9, 置信度: 0.9
2025-08-08 17:37:50,910 - INFO - 投票结果: 选择路径 0, 答案: 132, 置信度: 1.0
2025-08-08 17:37:50,910 - INFO - 投票结果: 选择路径 0, 答案: 93, 置信度: 1.0
2025-08-08 17:37:50,911 - INFO - 投票结果: 选择路径 0, 答案: 4, 置信度: 1.0
2025-08-08 17:37:50,911 - INFO - 投票结果: 选择路径 1, 答案: 85, 置信度: 0.4
2025-08-08 17:37:50,912 - INFO - 投票结果: 选择路径 0, 答案: 33, 置信度: 1.0
2025-08-08 17:37:50,913 - INFO - 投票结果: 选择路径 1, 答案: 12, 置信度: 0.7
2025-08-08 17:37:50,913 - INFO - 投票结果: 选择路径 0, 答案: 7200, 置信度: 0.9
2025-08-08 17:37:50,914 - INFO - 投票结果: 选择路径 0, 答案: 60, 置信度: 1.0
2025-08-08 17:37:50,914 - INFO - 投票结果: 选择路径 0, 答案: 44, 置信度: 0.9
2025-08-08 17:37:50,915 - INFO - 投票结果: 选择路径 0, 答案: 113, 置信度: 0.7
2025-08-08 17:37:50,916 - INFO - 投票结果: 选择路径 0, 答案: 43500, 置信度: 0.5
2025-08-08 17:37:50,916 - INFO - 投票结果: 选择路径 0, 答案: 720, 置信度: 1.0
2025-08-08 17:37:50,917 - INFO - 投票结果: 选择路径 0, 答案: 50, 置信度: 1.0
2025-08-08 17:37:50,917 - INFO - 投票结果: 选择路径 0, 答案: 24, 置信度: 0.9
2025-08-08 17:37:50,918 - INFO - 投票结果: 选择路径 0, 答案: 43, 置信度: 0.5
2025-08-08 17:37:50,918 - INFO - 投票结果: 选择路径 0, 答案: 30, 置信度: 1.0
2025-08-08 17:37:50,919 - INFO - 投票结果: 选择路径 0, 答案: 23, 置信度: 0.4
2025-08-08 17:37:50,920 - INFO - 投票结果: 选择路径 1, 答案: 251, 置信度: 0.7
2025-08-08 17:37:50,920 - INFO - 投票结果: 选择路径 0, 答案: 35, 置信度: 1.0
2025-08-08 17:37:50,921 - INFO - 投票结果: 选择路径 1, 答案: 110, 置信度: 0.5
2025-08-08 17:37:50,921 - INFO - 投票结果: 选择路径 0, 答案: 82, 置信度: 1.0
2025-08-08 17:37:50,922 - INFO - 投票结果: 选择路径 2, 答案: 2100, 置信度: 0.6
2025-08-08 17:37:50,922 - INFO - 投票结果: 选择路径 0, 答案: 3, 置信度: 0.7
2025-08-08 17:37:50,923 - INFO - 投票结果: 选择路径 0, 答案: 12, 置信度: 0.9
2025-08-08 17:37:50,923 - INFO - 投票结果: 选择路径 2, 答案: 11, 置信度: 0.4
2025-08-08 17:37:50,924 - INFO - 投票结果: 选择路径 0, 答案: 12, 置信度: 0.5
2025-08-08 17:37:50,925 - INFO - 投票结果: 选择路径 0, 答案: 30, 置信度: 0.1
2025-08-08 17:37:50,925 - INFO - 投票结果: 选择路径 0, 答案: 27, 置信度: 0.9
2025-08-08 17:37:50,926 - INFO - 投票结果: 选择路径 0, 答案: 360, 置信度: 1.0
2025-08-08 17:37:50,926 - INFO - 投票结果: 选择路径 1, 答案: 14, 置信度: 0.3
2025-08-08 17:37:50,927 - INFO - 投票结果: 选择路径 0, 答案: 694, 置信度: 1.0
2025-08-08 17:37:50,927 - INFO - 投票结果: 选择路径 0, 答案: 3, 置信度: 1.0
2025-08-08 17:37:50,928 - INFO - 投票结果: 选择路径 1, 答案: 360, 置信度: 0.8
2025-08-08 17:37:50,929 - INFO - 投票结果: 选择路径 2, 答案: 400, 置信度: 0.2
2025-08-08 17:37:50,929 - INFO - 投票结果: 选择路径 0, 答案: 20, 置信度: 1.0
2025-08-08 17:37:50,930 - INFO - 投票结果: 选择路径 0, 答案: 3360, 置信度: 1.0
2025-08-08 17:37:50,930 - INFO - 投票结果: 选择路径 1, 答案: 39, 置信度: 0.7
2025-08-08 17:37:50,931 - INFO - 投票结果: 选择路径 1, 答案: 12, 置信度: 0.9
2025-08-08 17:37:50,931 - INFO - 投票结果: 选择路径 0, 答案: 215, 置信度: 1.0
2025-08-08 17:37:50,932 - INFO - 投票结果: 选择路径 1, 答案: 4, 置信度: 0.3
2025-08-08 17:37:50,933 - INFO - 投票结果: 选择路径 0, 答案: 9, 置信度: 1.0
2025-08-08 17:37:50,933 - INFO - 投票结果: 选择路径 0, 答案: 520, 置信度: 1.0
2025-08-08 17:37:50,934 - INFO - 投票结果: 选择路径 0, 答案: 62, 置信度: 0.9
2025-08-08 17:37:50,934 - INFO - 投票结果: 选择路径 0, 答案: 66, 置信度: 0.3
2025-08-08 17:37:50,935 - INFO - 投票结果: 选择路径 0, 答案: 120, 置信度: 1.0
2025-08-08 17:37:50,935 - INFO - 投票结果: 选择路径 0, 答案: 15, 置信度: 1.0
2025-08-08 17:37:50,936 - INFO - 投票结果: 选择路径 8, 答案: 185, 置信度: 0.2
2025-08-08 17:37:50,937 - INFO - 投票结果: 选择路径 6, 答案: 538, 置信度: 0.2
2025-08-08 17:37:50,937 - INFO - 投票结果: 选择路径 0, 答案: 2, 置信度: 0.3
2025-08-08 17:37:50,938 - INFO - 投票结果: 选择路径 1, 答案: 170, 置信度: 0.5
2025-08-08 17:37:50,938 - INFO - 投票结果: 选择路径 1, 答案: 298, 置信度: 0.3
2025-08-08 17:37:50,939 - INFO - 投票结果: 选择路径 0, 答案: 14, 置信度: 0.4
2025-08-08 17:37:50,939 - INFO - 投票结果: 选择路径 0, 答案: 10, 置信度: 0.9
2025-08-08 17:37:50,940 - INFO - 投票结果: 选择路径 1, 答案: 6, 置信度: 0.5
2025-08-08 17:37:50,941 - INFO - 投票结果: 选择路径 1, 答案: 43200, 置信度: 0.6
2025-08-08 17:37:50,941 - INFO - 投票结果: 选择路径 0, 答案: 10, 置信度: 1.0
2025-08-08 17:37:50,942 - INFO - 投票结果: 选择路径 0, 答案: 8, 置信度: 0.3
2025-08-08 17:37:50,942 - INFO - 投票结果: 选择路径 0, 答案: 697.5, 置信度: 0.4
2025-08-08 17:37:50,943 - INFO - 投票结果: 选择路径 0, 答案: 160, 置信度: 1.0
2025-08-08 17:37:50,943 - INFO - 投票结果: 选择路径 0, 答案: 40, 置信度: 1.0
2025-08-08 17:37:50,944 - INFO - 投票结果: 选择路径 3, 答案: 20, 置信度: 0.4
2025-08-08 17:37:50,945 - INFO - 投票结果: 选择路径 0, 答案: 36, 置信度: 0.8
2025-08-08 17:37:50,945 - INFO - 投票结果: 选择路径 1, 答案: 36, 置信度: 0.9
2025-08-08 17:37:50,946 - INFO - 投票结果: 选择路径 0, 答案: 9, 置信度: 1.0
2025-08-08 17:37:50,946 - INFO - 投票结果: 选择路径 0, 答案: 16, 置信度: 1.0
2025-08-08 17:37:50,947 - INFO - 投票结果: 选择路径 0, 答案: 60, 置信度: 1.0
2025-08-08 17:37:50,947 - INFO - 投票结果: 选择路径 0, 答案: 4, 置信度: 1.0
2025-08-08 17:37:50,948 - INFO - 投票结果: 选择路径 0, 答案: 3, 置信度: 1.0
2025-08-08 17:37:50,948 - INFO - 投票结果: 选择路径 0, 答案: 100, 置信度: 1.0
2025-08-08 17:37:50,949 - INFO - 投票结果: 选择路径 2, 答案: 1320, 置信度: 0.3
2025-08-08 17:37:50,950 - INFO - 投票结果: 选择路径 3, 答案: 100, 置信度: 0.3
2025-08-08 17:37:50,950 - INFO - 投票结果: 选择路径 0, 答案: 29, 置信度: 1.0
2025-08-08 17:37:50,951 - INFO - 投票结果: 选择路径 0, 答案: 80, 置信度: 0.6
2025-08-08 17:37:50,951 - INFO - 投票结果: 选择路径 0, 答案: 23, 置信度: 1.0
2025-08-08 17:37:50,952 - INFO - 投票结果: 选择路径 1, 答案: 12, 置信度: 0.4
2025-08-08 17:37:50,953 - INFO - 投票结果: 选择路径 0, 答案: 9, 置信度: 0.7
2025-08-08 17:37:50,953 - INFO - 投票结果: 选择路径 0, 答案: 156, 置信度: 0.7
2025-08-08 17:37:50,954 - INFO - 投票结果: 选择路径 0, 答案: 48, 置信度: 0.2
2025-08-08 17:37:50,954 - INFO - 投票结果: 选择路径 0, 答案: 10, 置信度: 1.0
2025-08-08 17:37:50,955 - INFO - 投票结果: 选择路径 1, 答案: 8, 置信度: 0.9
2025-08-08 17:37:50,955 - INFO - 投票结果: 选择路径 0, 答案: 32, 置信度: 1.0
2025-08-08 17:37:50,956 - INFO - 投票结果: 选择路径 0, 答案: 48, 置信度: 0.5
2025-08-08 17:37:50,957 - INFO - 投票结果: 选择路径 0, 答案: 500, 置信度: 1.0
2025-08-08 17:37:50,957 - INFO - 投票结果: 选择路径 0, 答案: 8, 置信度: 1.0
2025-08-08 17:37:50,958 - INFO - 投票结果: 选择路径 4, 答案: 6, 置信度: 0.3
2025-08-08 17:37:50,958 - INFO - 投票结果: 选择路径 0, 答案: -10, 置信度: 1.0
2025-08-08 17:37:50,959 - INFO - 投票结果: 选择路径 0, 答案: 5, 置信度: 0.8
2025-08-08 17:37:50,959 - INFO - 投票结果: 选择路径 0, 答案: 8, 置信度: 1.0
2025-08-08 17:37:50,960 - INFO - 投票结果: 选择路径 0, 答案: 34, 置信度: 1.0
2025-08-08 17:37:50,960 - INFO - 投票结果: 选择路径 1, 答案: 30, 置信度: 0.4
2025-08-08 17:37:50,961 - INFO - 投票结果: 选择路径 0, 答案: 1000, 置信度: 1.0
2025-08-08 17:37:50,962 - INFO - 投票结果: 选择路径 0, 答案: 6, 置信度: 0.6
2025-08-08 17:37:50,962 - INFO - 投票结果: 选择路径 0, 答案: 34, 置信度: 0.2
2025-08-08 17:37:50,963 - INFO - 投票结果: 选择路径 0, 答案: 1920, 置信度: 1.0
2025-08-08 17:37:50,963 - INFO - 投票结果: 选择路径 4, 答案: 4, 置信度: 0.2
2025-08-08 17:37:50,964 - INFO - 投票结果: 选择路径 0, 答案: 50, 置信度: 1.0
2025-08-08 17:37:50,964 - INFO - 投票结果: 选择路径 0, 答案: 4000, 置信度: 0.6
2025-08-08 17:37:50,965 - INFO - 投票结果: 选择路径 0, 答案: 5, 置信度: 1.0
2025-08-08 17:37:50,965 - INFO - 投票结果: 选择路径 0, 答案: 10, 置信度: 0.9
2025-08-08 17:37:50,966 - INFO - 投票结果: 选择路径 0, 答案: 7, 置信度: 1.0
2025-08-08 17:37:50,967 - INFO - 投票结果: 选择路径 0, 答案: 20, 置信度: 1.0
2025-08-08 17:37:50,967 - INFO - 投票结果: 选择路径 2, 答案: 38, 置信度: 0.5
2025-08-08 17:37:50,968 - INFO - 投票结果: 选择路径 4, 答案: 9, 置信度: 0.5
2025-08-08 17:37:50,968 - INFO - 投票结果: 选择路径 2, 答案: 81445, 置信度: 0.2
2025-08-08 17:37:50,969 - INFO - 投票结果: 选择路径 0, 答案: 120, 置信度: 0.6
2025-08-08 17:37:50,969 - INFO - 投票结果: 选择路径 0, 答案: 10032, 置信度: 0.1
2025-08-08 17:37:50,970 - INFO - 投票结果: 选择路径 0, 答案: 4, 置信度: 0.4
2025-08-08 17:37:50,971 - INFO - 投票结果: 选择路径 0, 答案: 595, 置信度: 1.0
2025-08-08 17:37:50,971 - INFO - 投票结果: 选择路径 0, 答案: 110, 置信度: 1.0
2025-08-08 17:37:50,972 - INFO - 投票结果: 选择路径 0, 答案: 4800, 置信度: 1.0
2025-08-08 17:37:50,972 - INFO - 投票结果: 选择路径 2, 答案: 140, 置信度: 0.6
2025-08-08 17:37:50,973 - INFO - 投票结果: 选择路径 1, 答案: 34, 置信度: 0.9
2025-08-08 17:37:50,973 - INFO - 投票结果: 选择路径 0, 答案: 10, 置信度: 0.9
2025-08-08 17:37:50,974 - INFO - 投票结果: 选择路径 0, 答案: 2450, 置信度: 0.6
2025-08-08 17:37:50,975 - INFO - 投票结果: 选择路径 0, 答案: 30, 置信度: 1.0
2025-08-08 17:37:50,975 - INFO - 投票结果: 选择路径 1, 答案: 224000, 置信度: 0.6
2025-08-08 17:37:50,976 - INFO - 投票结果: 选择路径 0, 答案: 168, 置信度: 1.0
2025-08-08 17:37:50,976 - INFO - 投票结果: 选择路径 0, 答案: 120, 置信度: 0.9
2025-08-08 17:37:50,977 - INFO - 投票结果: 选择路径 1, 答案: 3, 置信度: 0.5
2025-08-08 17:37:50,977 - INFO - 投票结果: 选择路径 0, 答案: 20, 置信度: 0.8
2025-08-08 17:37:50,978 - INFO - 投票结果: 选择路径 0, 答案: 4, 置信度: 1.0
2025-08-08 17:37:50,978 - INFO - 投票结果: 选择路径 0, 答案: 7.50, 置信度: 0.6
2025-08-08 17:37:50,979 - INFO - 投票结果: 选择路径 0, 答案: 8, 置信度: 1.0
2025-08-08 17:37:50,980 - INFO - 投票结果: 选择路径 0, 答案: 308, 置信度: 0.9
2025-08-08 17:37:50,980 - INFO - 投票结果: 选择路径 0, 答案: 187, 置信度: 1.0
2025-08-08 17:37:50,981 - INFO - 投票结果: 选择路径 1, 答案: 123, 置信度: 0.7
2025-08-08 17:37:50,981 - INFO - 投票结果: 选择路径 0, 答案: 4, 置信度: 0.3
2025-08-08 17:37:50,982 - INFO - 投票结果: 选择路径 0, 答案: 250, 置信度: 0.3
2025-08-08 17:37:50,982 - INFO - 投票结果: 选择路径 0, 答案: 14000, 置信度: 0.9
2025-08-08 17:37:50,983 - INFO - 投票结果: 选择路径 1, 答案: 32, 置信度: 0.5
2025-08-08 17:37:50,984 - INFO - 投票结果: 选择路径 0, 答案: 7, 置信度: 1.0
2025-08-08 17:37:50,984 - INFO - 投票结果: 选择路径 0, 答案: 480, 置信度: 0.6
2025-08-08 17:37:50,985 - INFO - 投票结果: 选择路径 0, 答案: 2, 置信度: 0.7
2025-08-08 17:37:50,985 - INFO - 投票结果: 选择路径 2, 答案: 45, 置信度: 0.7
2025-08-08 17:37:50,986 - INFO - 投票结果: 选择路径 0, 答案: 31, 置信度: 1.0
2025-08-08 17:37:50,986 - INFO - 投票结果: 选择路径 0, 答案: 10, 置信度: 0.4
2025-08-08 17:37:50,987 - INFO - 投票结果: 选择路径 0, 答案: 18, 置信度: 1.0
2025-08-08 17:37:50,987 - INFO - 投票结果: 选择路径 2, 答案: 6, 置信度: 0.3
2025-08-08 17:37:50,988 - INFO - 投票结果: 选择路径 0, 答案: 93000, 置信度: 1.0
2025-08-08 17:37:50,989 - INFO - 投票结果: 选择路径 0, 答案: 10000, 置信度: 0.1
2025-08-08 17:37:50,989 - INFO - 投票结果: 选择路径 0, 答案: 150, 置信度: 0.9
2025-08-08 17:37:50,990 - INFO - 投票结果: 选择路径 1, 答案: 220, 置信度: 0.7
2025-08-08 17:37:50,990 - INFO - 投票结果: 选择路径 0, 答案: 12, 置信度: 0.9
2025-08-08 17:37:50,991 - INFO - 投票结果: 选择路径 0, 答案: 71, 置信度: 1.0
2025-08-08 17:37:50,991 - INFO - 投票结果: 选择路径 0, 答案: 8, 置信度: 1.0
2025-08-08 17:37:50,992 - INFO - 投票结果: 选择路径 6, 答案: 0, 置信度: 0.3
2025-08-08 17:37:50,992 - INFO - 投票结果: 选择路径 0, 答案: 53, 置信度: 0.7
2025-08-08 17:37:50,993 - INFO - 投票结果: 选择路径 1, 答案: 31800, 置信度: 0.8
2025-08-08 17:37:50,994 - INFO - 投票结果: 选择路径 0, 答案: 4, 置信度: 0.5
2025-08-08 17:37:50,994 - INFO - 投票结果: 选择路径 0, 答案: 12, 置信度: 0.9
2025-08-08 17:37:50,995 - INFO - 投票结果: 选择路径 0, 答案: 10, 置信度: 1.0
2025-08-08 17:37:50,995 - INFO - 投票结果: 选择路径 0, 答案: 1800, 置信度: 0.3
2025-08-08 17:37:50,996 - INFO - 投票结果: 选择路径 0, 答案: 18, 置信度: 1.0
2025-08-08 17:37:50,996 - INFO - 投票结果: 选择路径 0, 答案: 18, 置信度: 0.6
2025-08-08 17:37:50,997 - INFO - 投票结果: 选择路径 0, 答案: 139, 置信度: 1.0
2025-08-08 17:37:50,998 - INFO - 投票结果: 选择路径 0, 答案: 36, 置信度: 0.9
2025-08-08 17:37:50,998 - INFO - 投票结果: 选择路径 2, 答案: 6, 置信度: 0.6
2025-08-08 17:37:50,999 - INFO - 投票结果: 选择路径 0, 答案: 12, 置信度: 1.0
2025-08-08 17:37:50,999 - INFO - 投票结果: 选择路径 0, 答案: 78, 置信度: 0.9
2025-08-08 17:37:51,000 - INFO - 投票结果: 选择路径 0, 答案: 3, 置信度: 0.9
2025-08-08 17:37:51,000 - INFO - 投票结果: 选择路径 0, 答案: 30, 置信度: 0.2
2025-08-08 17:37:51,001 - INFO - 投票结果: 选择路径 3, 答案: 163, 置信度: 0.5
2025-08-08 17:37:51,002 - INFO - 投票结果: 选择路径 0, 答案: 90, 置信度: 1.0
2025-08-08 17:37:51,002 - INFO - 投票结果: 选择路径 0, 答案: 225, 置信度: 0.3
2025-08-08 17:37:51,003 - INFO - 投票结果: 选择路径 6, 答案: 480, 置信度: 0.2
2025-08-08 17:37:51,003 - INFO - 投票结果: 选择路径 1, 答案: 5, 置信度: 0.3
2025-08-08 17:37:51,004 - INFO - 投票结果: 选择路径 0, 答案: 90, 置信度: 1.0
2025-08-08 17:37:51,004 - INFO - 投票结果: 选择路径 0, 答案: 42, 置信度: 0.9
2025-08-08 17:37:51,005 - INFO - 投票结果: 选择路径 0, 答案: 162, 置信度: 1.0
2025-08-08 17:37:51,005 - INFO - 投票结果: 选择路径 0, 答案: 9, 置信度: 0.7
2025-08-08 17:37:51,006 - INFO - 投票结果: 选择路径 4, 答案: 48, 置信度: 0.2
2025-08-08 17:37:51,007 - INFO - 投票结果: 选择路径 0, 答案: 82, 置信度: 0.5
2025-08-08 17:37:51,007 - INFO - 投票结果: 选择路径 0, 答案: 14000, 置信度: 0.8
2025-08-08 17:37:51,008 - INFO - 投票结果: 选择路径 0, 答案: 45, 置信度: 0.9
2025-08-08 17:37:51,008 - INFO - 投票结果: 选择路径 1, 答案: 420, 置信度: 0.9
2025-08-08 17:37:51,009 - INFO - 投票结果: 选择路径 0, 答案: 15, 置信度: 1.0
2025-08-08 17:37:51,009 - INFO - 投票结果: 选择路径 0, 答案: 30, 置信度: 0.9
2025-08-08 17:37:51,010 - INFO - 投票结果: 选择路径 0, 答案: 280, 置信度: 1.0
2025-08-08 17:37:51,011 - INFO - 投票结果: 选择路径 1, 答案: 5, 置信度: 0.5
2025-08-08 17:37:51,011 - INFO - 投票结果: 选择路径 0, 答案: 135, 置信度: 0.8
2025-08-08 17:37:51,012 - INFO - 投票结果: 选择路径 0, 答案: 67, 置信度: 1.0
2025-08-08 17:37:51,012 - INFO - 投票结果: 选择路径 0, 答案: 1260, 置信度: 1.0
2025-08-08 17:37:51,013 - INFO - 投票结果: 选择路径 0, 答案: 80, 置信度: 1.0
2025-08-08 17:37:51,013 - INFO - 投票结果: 选择路径 1, 答案: 1080, 置信度: 0.2
2025-08-08 17:37:51,014 - INFO - 投票结果: 选择路径 0, 答案: 15, 置信度: 1.0
2025-08-08 17:37:51,015 - INFO - 投票结果: 选择路径 0, 答案: 12, 置信度: 0.9
2025-08-08 17:37:51,015 - INFO - 投票结果: 选择路径 0, 答案: 15, 置信度: 1.0
2025-08-08 17:37:51,016 - INFO - 投票结果: 选择路径 0, 答案: 221, 置信度: 1.0
2025-08-08 17:37:51,016 - INFO - 投票结果: 选择路径 0, 答案: 5, 置信度: 1.0
2025-08-08 17:37:51,017 - INFO - 投票结果: 选择路径 1, 答案: 11, 置信度: 0.6
2025-08-08 17:37:51,017 - INFO - 投票结果: 选择路径 0, 答案: 8400, 置信度: 0.8
2025-08-08 17:37:51,018 - INFO - 投票结果: 选择路径 1, 答案: 3000, 置信度: 0.7
2025-08-08 17:37:51,018 - INFO - 投票结果: 选择路径 0, 答案: 60, 置信度: 1.0
2025-08-08 17:37:51,019 - INFO - 投票结果: 选择路径 0, 答案: 822, 置信度: 0.3
2025-08-08 17:37:51,020 - INFO - 投票结果: 选择路径 3, 答案: 20, 置信度: 0.4
2025-08-08 17:37:51,020 - INFO - 投票结果: 选择路径 0, 答案: 6, 置信度: 0.8
2025-08-08 17:37:51,021 - INFO - 投票结果: 选择路径 0, 答案: 12, 置信度: 0.7
2025-08-08 17:37:51,021 - INFO - 投票结果: 选择路径 0, 答案: 480, 置信度: 1.0
2025-08-08 17:37:51,022 - INFO - 投票结果: 选择路径 0, 答案: 14400, 置信度: 0.9
2025-08-08 17:37:51,023 - INFO - 投票结果: 选择路径 0, 答案: 3, 置信度: 0.9
2025-08-08 17:37:51,023 - INFO - 投票结果: 选择路径 0, 答案: 250, 置信度: 1.0
2025-08-08 17:37:51,024 - INFO - 投票结果: 选择路径 0, 答案: 168, 置信度: 1.0
2025-08-08 17:37:51,024 - INFO - 投票结果: 选择路径 2, 答案: 16200, 置信度: 0.3
2025-08-08 17:37:51,025 - INFO - 投票结果: 选择路径 0, 答案: 120, 置信度: 0.5
2025-08-08 17:37:51,026 - INFO - 投票结果: 选择路径 0, 答案: 270, 置信度: 1.0
2025-08-08 17:37:51,026 - INFO - 投票结果: 选择路径 0, 答案: 26, 置信度: 1.0
2025-08-08 17:37:51,027 - INFO - 投票结果: 选择路径 0, 答案: 27, 置信度: 0.4
2025-08-08 17:37:51,027 - INFO - 投票结果: 选择路径 1, 答案: 30, 置信度: 0.5
2025-08-08 17:37:51,028 - INFO - 投票结果: 选择路径 0, 答案: 101, 置信度: 1.0
2025-08-08 17:37:51,029 - INFO - 投票结果: 选择路径 0, 答案: 230, 置信度: 0.1
2025-08-08 17:37:51,029 - INFO - 投票结果: 选择路径 0, 答案: 85, 置信度: 1.0
2025-08-08 17:37:51,030 - INFO - 投票结果: 选择路径 2, 答案: 3, 置信度: 0.5
2025-08-08 17:37:51,030 - INFO - 投票结果: 选择路径 8, 答案: 3300, 置信度: 0.2
2025-08-08 17:37:51,031 - INFO - 投票结果: 选择路径 0, 答案: 300, 置信度: 1.0
2025-08-08 17:37:51,032 - INFO - 投票结果: 选择路径 0, 答案: 31, 置信度: 0.9
2025-08-08 17:37:51,032 - INFO - 投票结果: 选择路径 0, 答案: 12, 置信度: 0.5
2025-08-08 17:37:51,033 - INFO - 投票结果: 选择路径 0, 答案: 2:00p, 置信度: 0.8
2025-08-08 17:37:51,033 - INFO - 投票结果: 选择路径 0, 答案: 3, 置信度: 0.9
2025-08-08 17:37:51,034 - INFO - 投票结果: 选择路径 0, 答案: 10, 置信度: 0.5
2025-08-08 17:37:51,034 - INFO - 投票结果: 选择路径 0, 答案: 45, 置信度: 1.0
2025-08-08 17:37:51,035 - INFO - 投票结果: 选择路径 0, 答案: 200, 置信度: 1.0
2025-08-08 17:37:51,036 - INFO - 投票结果: 选择路径 0, 答案: 34, 置信度: 0.5
2025-08-08 17:37:51,036 - INFO - 投票结果: 选择路径 0, 答案: 10, 置信度: 0.8
2025-08-08 17:37:51,037 - INFO - 投票结果: 选择路径 0, 答案: 98, 置信度: 0.9
2025-08-08 17:37:51,038 - INFO - 投票结果: 选择路径 2, 答案: 2, 置信度: 0.5
2025-08-08 17:37:51,038 - INFO - 投票结果: 选择路径 3, 答案: 45, 置信度: 0.4
2025-08-08 17:37:51,039 - INFO - 投票结果: 选择路径 1, 答案: 6, 置信度: 0.4
2025-08-08 17:37:51,039 - INFO - 投票结果: 选择路径 1, 答案: 8, 置信度: 0.8
2025-08-08 17:37:51,040 - INFO - 投票结果: 选择路径 0, 答案: 30, 置信度: 0.4
2025-08-08 17:37:51,041 - INFO - 投票结果: 选择路径 0, 答案: 70, 置信度: 1.0
2025-08-08 17:37:51,041 - INFO - 投票结果: 选择路径 2, 答案: 294, 置信度: 0.6
2025-08-08 17:37:51,042 - INFO - 投票结果: 选择路径 0, 答案: 5, 置信度: 0.3
2025-08-08 17:37:51,042 - INFO - 投票结果: 选择路径 0, 答案: 13, 置信度: 1.0
2025-08-08 17:37:51,043 - INFO - 投票结果: 选择路径 0, 答案: 195, 置信度: 0.9
2025-08-08 17:37:51,044 - INFO - 投票结果: 选择路径 0, 答案: 7, 置信度: 1.0
2025-08-08 17:37:51,044 - INFO - 投票结果: 选择路径 0, 答案: 1875, 置信度: 0.9
2025-08-08 17:37:51,045 - INFO - 投票结果: 选择路径 0, 答案: 385000, 置信度: 1.0
2025-08-08 17:37:51,046 - INFO - 投票结果: 选择路径 0, 答案: 85, 置信度: 1.0
2025-08-08 17:37:51,047 - INFO - 投票结果: 选择路径 2, 答案: 27, 置信度: 0.8
2025-08-08 17:37:51,047 - INFO - 投票结果: 选择路径 0, 答案: 159, 置信度: 1.0
2025-08-08 17:37:51,048 - INFO - 投票结果: 选择路径 0, 答案: 25, 置信度: 0.9
2025-08-08 17:37:51,048 - INFO - 投票结果: 选择路径 0, 答案: 720, 置信度: 1.0
2025-08-08 17:37:51,049 - INFO - 投票结果: 选择路径 0, 答案: 549, 置信度: 0.5
2025-08-08 17:37:51,050 - INFO - 投票结果: 选择路径 0, 答案: 7, 置信度: 1.0
2025-08-08 17:37:51,050 - INFO - 投票结果: 选择路径 1, 答案: 30, 置信度: 0.5
2025-08-08 17:37:51,051 - INFO - 投票结果: 选择路径 0, 答案: 0, 置信度: 0.3
2025-08-08 17:37:51,051 - INFO - 投票结果: 选择路径 0, 答案: 2, 置信度: 0.9
2025-08-08 17:37:51,052 - INFO - 投票结果: 选择路径 1, 答案: 22, 置信度: 0.7
2025-08-08 17:37:51,053 - INFO - 投票结果: 选择路径 0, 答案: 40, 置信度: 0.8
2025-08-08 17:37:51,053 - INFO - 投票结果: 选择路径 2, 答案: 2050, 置信度: 0.4
2025-08-08 17:37:51,054 - INFO - 投票结果: 选择路径 1, 答案: 500, 置信度: 0.2
2025-08-08 17:37:51,054 - INFO - 投票结果: 选择路径 0, 答案: 10, 置信度: 0.9
2025-08-08 17:37:51,055 - INFO - 投票结果: 选择路径 3, 答案: 27, 置信度: 0.3
2025-08-08 17:37:51,056 - INFO - 投票结果: 选择路径 0, 答案: 17, 置信度: 0.6
2025-08-08 17:37:51,056 - INFO - 投票结果: 选择路径 0, 答案: 50, 置信度: 0.8
2025-08-08 17:37:51,057 - INFO - 投票结果: 选择路径 0, 答案: 96, 置信度: 0.8
2025-08-08 17:37:51,057 - INFO - 投票结果: 选择路径 0, 答案: 280, 置信度: 0.4
2025-08-08 17:37:51,058 - INFO - 投票结果: 选择路径 1, 答案: 60, 置信度: 0.2
2025-08-08 17:37:51,059 - INFO - 投票结果: 选择路径 0, 答案: 142, 置信度: 1.0
2025-08-08 17:37:51,059 - INFO - 投票结果: 选择路径 0, 答案: 5, 置信度: 0.7
2025-08-08 17:37:51,060 - INFO - 投票结果: 选择路径 0, 答案: 95, 置信度: 1.0
2025-08-08 17:37:51,060 - INFO - 投票结果: 选择路径 0, 答案: 175, 置信度: 1.0
2025-08-08 17:37:51,061 - INFO - 投票结果: 选择路径 1, 答案: 20, 置信度: 0.7
2025-08-08 17:37:51,062 - INFO - 投票结果: 选择路径 0, 答案: 15, 置信度: 1.0
2025-08-08 17:37:51,062 - INFO - 投票结果: 选择路径 2, 答案: 370, 置信度: 0.5
2025-08-08 17:37:51,063 - INFO - 投票结果: 选择路径 0, 答案: 0, 置信度: 0.3
2025-08-08 17:37:51,063 - INFO - 投票结果: 选择路径 0, 答案: 2, 置信度: 0.9
2025-08-08 17:37:51,064 - INFO - 投票结果: 选择路径 1, 答案: 120, 置信度: 0.4
2025-08-08 17:37:51,065 - INFO - 投票结果: 选择路径 0, 答案: 70, 置信度: 1.0
2025-08-08 17:37:51,065 - INFO - 投票结果: 选择路径 0, 答案: 17000, 置信度: 1.0
2025-08-08 17:37:51,066 - INFO - 投票结果: 选择路径 0, 答案: 57, 置信度: 1.0
2025-08-08 17:37:51,066 - INFO - 投票结果: 选择路径 0, 答案: 1260, 置信度: 0.7
2025-08-08 17:37:51,067 - INFO - 投票结果: 选择路径 0, 答案: 4500, 置信度: 1.0
2025-08-08 17:37:51,068 - INFO - 投票结果: 选择路径 0, 答案: 5, 置信度: 0.9
2025-08-08 17:37:51,068 - INFO - 投票结果: 选择路径 0, 答案: 360, 置信度: 1.0
2025-08-08 17:37:51,069 - INFO - 投票结果: 选择路径 0, 答案: 50, 置信度: 0.4
2025-08-08 17:37:51,069 - INFO - 投票结果: 选择路径 0, 答案: 95, 置信度: 0.3
2025-08-08 17:37:51,070 - INFO - 投票结果: 选择路径 1, 答案: 2, 置信度: 0.5
2025-08-08 17:37:51,071 - INFO - 投票结果: 选择路径 1, 答案: 7.17, 置信度: 0.5
2025-08-08 17:37:51,071 - INFO - 投票结果: 选择路径 0, 答案: 5760, 置信度: 0.8
2025-08-08 17:37:51,072 - INFO - 投票结果: 选择路径 0, 答案: 35, 置信度: 0.9
2025-08-08 17:37:51,072 - INFO - 投票结果: 选择路径 0, 答案: 19, 置信度: 0.2
2025-08-08 17:37:51,073 - INFO - 投票结果: 选择路径 0, 答案: 7, 置信度: 0.9
2025-08-08 17:37:51,074 - INFO - 投票结果: 选择路径 0, 答案: 3, 置信度: 1.0
2025-08-08 17:37:51,075 - INFO - 投票结果: 选择路径 3, 答案: 147, 置信度: 0.5
2025-08-08 17:37:51,075 - INFO - 投票结果: 选择路径 0, 答案: 280, 置信度: 0.4
2025-08-08 17:37:51,076 - INFO - 投票结果: 选择路径 0, 答案: 16, 置信度: 0.5
2025-08-08 17:37:51,076 - INFO - 投票结果: 选择路径 0, 答案: 10, 置信度: 1.0
2025-08-08 17:37:51,077 - INFO - 投票结果: 选择路径 0, 答案: 101, 置信度: 1.0
2025-08-08 17:37:51,078 - INFO - 投票结果: 选择路径 0, 答案: 12, 置信度: 0.9
2025-08-08 17:37:51,078 - INFO - 投票结果: 选择路径 0, 答案: 78, 置信度: 1.0
2025-08-08 17:37:51,079 - INFO - 投票结果: 选择路径 0, 答案: 16, 置信度: 1.0
2025-08-08 17:37:51,079 - INFO - 投票结果: 选择路径 0, 答案: 8, 置信度: 0.9
2025-08-08 17:37:51,080 - INFO - 投票结果: 选择路径 2, 答案: 20, 置信度: 0.6
2025-08-08 17:37:51,081 - INFO - 投票结果: 选择路径 2, 答案: 280, 置信度: 0.5
2025-08-08 17:37:51,081 - INFO - 投票结果: 选择路径 1, 答案: 47.25, 置信度: 0.4
2025-08-08 17:37:51,082 - INFO - 投票结果: 选择路径 0, 答案: 105, 置信度: 0.9
2025-08-08 17:37:51,082 - INFO - 投票结果: 选择路径 0, 答案: 16, 置信度: 0.4
2025-08-08 17:37:51,083 - INFO - 投票结果: 选择路径 0, 答案: 6, 置信度: 0.9
2025-08-08 17:37:51,084 - INFO - 投票结果: 选择路径 0, 答案: 80, 置信度: 0.4
2025-08-08 17:37:51,084 - INFO - 投票结果: 选择路径 0, 答案: 770, 置信度: 1.0
2025-08-08 17:37:51,085 - INFO - 投票结果: 选择路径 0, 答案: 28, 置信度: 1.0
2025-08-08 17:37:51,085 - INFO - 投票结果: 选择路径 0, 答案: 25, 置信度: 0.3
2025-08-08 17:37:51,086 - INFO - 投票结果: 选择路径 0, 答案: 1630, 置信度: 0.8
2025-08-08 17:37:51,087 - INFO - 投票结果: 选择路径 1, 答案: 55, 置信度: 0.8
2025-08-08 17:37:51,087 - INFO - 投票结果: 选择路径 0, 答案: 40, 置信度: 0.5
2025-08-08 17:37:51,088 - INFO - 投票结果: 选择路径 0, 答案: 11, 置信度: 0.9
2025-08-08 17:37:51,088 - INFO - 投票结果: 选择路径 0, 答案: 3, 置信度: 1.0
2025-08-08 17:37:51,089 - INFO - 投票结果: 选择路径 0, 答案: 20, 置信度: 0.3
2025-08-08 17:37:51,090 - INFO - 投票结果: 选择路径 0, 答案: 15, 置信度: 0.9
2025-08-08 17:37:51,090 - INFO - 投票结果: 选择路径 5, 答案: 3, 置信度: 0.4
2025-08-08 17:37:51,091 - INFO - 投票结果: 选择路径 0, 答案: 70, 置信度: 0.8
2025-08-08 17:37:51,091 - INFO - 投票结果: 选择路径 0, 答案: 63, 置信度: 0.8
2025-08-08 17:37:51,092 - INFO - 投票结果: 选择路径 0, 答案: 14, 置信度: 0.9
2025-08-08 17:37:51,093 - INFO - 投票结果: 选择路径 0, 答案: 11, 置信度: 1.0
2025-08-08 17:37:51,093 - INFO - 投票结果: 选择路径 0, 答案: 153, 置信度: 0.7
2025-08-08 17:37:51,094 - INFO - 投票结果: 选择路径 0, 答案: 15, 置信度: 1.0
2025-08-08 17:37:51,095 - INFO - 投票结果: 选择路径 2, 答案: 80, 置信度: 0.2
2025-08-08 17:37:51,095 - INFO - 投票结果: 选择路径 1, 答案: 175, 置信度: 0.5
2025-08-08 17:37:51,096 - INFO - 投票结果: 选择路径 1, 答案: 600, 置信度: 0.9
2025-08-08 17:37:51,096 - INFO - 投票结果: 选择路径 1, 答案: 20, 置信度: 0.6
2025-08-08 17:37:51,097 - INFO - 投票结果: 选择路径 0, 答案: 12, 置信度: 0.9
2025-08-08 17:37:51,098 - INFO - 投票结果: 选择路径 0, 答案: 87, 置信度: 0.9
2025-08-08 17:37:51,098 - INFO - 投票结果: 选择路径 0, 答案: 54, 置信度: 0.5
2025-08-08 17:37:51,099 - INFO - 投票结果: 选择路径 0, 答案: 10, 置信度: 1.0
2025-08-08 17:37:51,099 - INFO - 投票结果: 选择路径 0, 答案: 18, 置信度: 1.0
2025-08-08 17:37:51,100 - INFO - 投票结果: 选择路径 0, 答案: 230, 置信度: 1.0
2025-08-08 17:37:51,101 - INFO - 投票结果: 选择路径 0, 答案: 5, 置信度: 0.4
2025-08-08 17:37:51,101 - INFO - 投票结果: 选择路径 0, 答案: 1198, 置信度: 0.7
2025-08-08 17:37:51,102 - INFO - 投票结果: 选择路径 0, 答案: 2325, 置信度: 0.9
2025-08-08 17:37:51,102 - INFO - 投票结果: 选择路径 0, 答案: 80, 置信度: 1.0
2025-08-08 17:37:51,103 - INFO - 投票结果: 选择路径 0, 答案: 880, 置信度: 0.9
2025-08-08 17:37:51,104 - INFO - 投票结果: 选择路径 0, 答案: 5, 置信度: 1.0
2025-08-08 17:37:51,104 - INFO - 投票结果: 选择路径 0, 答案: 45, 置信度: 1.0
2025-08-08 17:37:51,105 - INFO - 投票结果: 选择路径 0, 答案: 75, 置信度: 1.0
2025-08-08 17:37:51,105 - INFO - 投票结果: 选择路径 2, 答案: 4, 置信度: 0.3
2025-08-08 17:37:51,106 - INFO - 投票结果: 选择路径 0, 答案: 350, 置信度: 1.0
2025-08-08 17:37:51,107 - INFO - 投票结果: 选择路径 0, 答案: 200, 置信度: 0.9
2025-08-08 17:37:51,107 - INFO - 投票结果: 选择路径 0, 答案: 1000, 置信度: 0.9
2025-08-08 17:37:51,108 - INFO - 投票结果: 选择路径 0, 答案: 21, 置信度: 0.8
2025-08-08 17:37:51,108 - INFO - 投票结果: 选择路径 0, 答案: 19, 置信度: 1.0
2025-08-08 17:37:51,109 - INFO - 投票结果: 选择路径 0, 答案: 13, 置信度: 1.0
2025-08-08 17:37:51,110 - INFO - 投票结果: 选择路径 0, 答案: 10, 置信度: 0.5
2025-08-08 17:37:51,110 - INFO - 投票结果: 选择路径 0, 答案: 440, 置信度: 0.9
2025-08-08 17:37:51,111 - INFO - 投票结果: 选择路径 0, 答案: 48, 置信度: 1.0
2025-08-08 17:37:51,111 - INFO - 投票结果: 选择路径 0, 答案: 33, 置信度: 0.4
2025-08-08 17:37:51,112 - INFO - 投票结果: 选择路径 2, 答案: 16, 置信度: 0.3
2025-08-08 17:37:51,113 - INFO - 投票结果: 选择路径 0, 答案: 22, 置信度: 1.0
2025-08-08 17:37:51,113 - INFO - 投票结果: 选择路径 0, 答案: 57500, 置信度: 0.9
2025-08-08 17:37:51,114 - INFO - 投票结果: 选择路径 0, 答案: 35, 置信度: 1.0
2025-08-08 17:37:51,114 - INFO - 投票结果: 选择路径 0, 答案: 26, 置信度: 0.9
2025-08-08 17:37:51,115 - INFO - 投票结果: 选择路径 0, 答案: 20, 置信度: 0.3
2025-08-08 17:37:51,116 - INFO - 投票结果: 选择路径 0, 答案: 27000, 置信度: 0.7
2025-08-08 17:37:51,116 - INFO - 投票结果: 选择路径 0, 答案: 157, 置信度: 1.0
2025-08-08 17:37:51,117 - INFO - 投票结果: 选择路径 1, 答案: 14, 置信度: 0.9
2025-08-08 17:37:51,118 - INFO - 投票结果: 选择路径 1, 答案: 26, 置信度: 0.5
2025-08-08 17:37:51,118 - INFO - 投票结果: 选择路径 1, 答案: 1062.9366, 置信度: 0.2
2025-08-08 17:37:51,119 - INFO - 投票结果: 选择路径 0, 答案: 12, 置信度: 1.0
2025-08-08 17:37:51,119 - INFO - 投票结果: 选择路径 1, 答案: 12, 置信度: 0.4
2025-08-08 17:37:51,120 - INFO - 投票结果: 选择路径 0, 答案: 366, 置信度: 1.0
2025-08-08 17:37:51,121 - INFO - 投票结果: 选择路径 0, 答案: 195, 置信度: 0.8
2025-08-08 17:37:51,121 - INFO - 投票结果: 选择路径 0, 答案: 90, 置信度: 1.0
2025-08-08 17:37:51,122 - INFO - 投票结果: 选择路径 0, 答案: 10, 置信度: 0.7
2025-08-08 17:37:51,122 - INFO - 投票结果: 选择路径 1, 答案: 400, 置信度: 0.8
2025-08-08 17:37:51,123 - INFO - 投票结果: 选择路径 0, 答案: 6, 置信度: 0.5
2025-08-08 17:37:51,124 - INFO - 投票结果: 选择路径 0, 答案: 17, 置信度: 1.0
2025-08-08 17:37:51,124 - INFO - 投票结果: 选择路径 0, 答案: 80, 置信度: 0.4
2025-08-08 17:37:51,125 - INFO - 投票结果: 选择路径 0, 答案: 22, 置信度: 0.3
2025-08-08 17:37:51,125 - INFO - 投票结果: 选择路径 0, 答案: 44, 置信度: 1.0
2025-08-08 17:37:51,126 - INFO - 投票结果: 选择路径 1, 答案: 48, 置信度: 0.5
2025-08-08 17:37:51,127 - INFO - 投票结果: 选择路径 0, 答案: 27, 置信度: 1.0
2025-08-08 17:37:51,127 - INFO - 投票结果: 选择路径 0, 答案: 120, 置信度: 0.9
2025-08-08 17:37:51,128 - INFO - 投票结果: 选择路径 0, 答案: 12, 置信度: 0.9
2025-08-08 17:37:51,128 - INFO - 投票结果: 选择路径 0, 答案: 5, 置信度: 1.0
2025-08-08 17:37:51,129 - INFO - 投票结果: 选择路径 0, 答案: 36, 置信度: 0.8
2025-08-08 17:37:51,130 - INFO - 投票结果: 选择路径 0, 答案: 9, 置信度: 1.0
2025-08-08 17:37:51,130 - INFO - 投票结果: 选择路径 0, 答案: 2, 置信度: 0.9
2025-08-08 17:37:51,131 - INFO - 投票结果: 选择路径 2, 答案: 38, 置信度: 0.4
2025-08-08 17:37:51,132 - INFO - 投票结果: 选择路径 0, 答案: 70, 置信度: 1.0
2025-08-08 17:37:51,132 - INFO - 投票结果: 选择路径 1, 答案: 2440, 置信度: 0.4
2025-08-08 17:37:51,133 - INFO - 投票结果: 选择路径 0, 答案: 3200, 置信度: 1.0
2025-08-08 17:37:51,133 - INFO - 投票结果: 选择路径 2, 答案: 142, 置信度: 0.4
2025-08-08 17:37:51,134 - INFO - 投票结果: 选择路径 0, 答案: 90, 置信度: 1.0
2025-08-08 17:37:51,135 - INFO - 投票结果: 选择路径 0, 答案: 200, 置信度: 1.0
2025-08-08 17:37:51,135 - INFO - 投票结果: 选择路径 0, 答案: 330000, 置信度: 0.8
2025-08-08 17:37:51,136 - INFO - 投票结果: 选择路径 1, 答案: 9, 置信度: 0.8
2025-08-08 17:37:51,136 - INFO - 投票结果: 选择路径 0, 答案: 10, 置信度: 1.0
2025-08-08 17:37:51,137 - INFO - 投票结果: 选择路径 1, 答案: 40, 置信度: 0.3
2025-08-08 17:37:51,138 - INFO - 投票结果: 选择路径 0, 答案: 700, 置信度: 1.0
2025-08-08 17:37:51,138 - INFO - 投票结果: 选择路径 0, 答案: 12, 置信度: 0.9
2025-08-08 17:37:51,139 - INFO - 投票结果: 选择路径 0, 答案: 3, 置信度: 1.0
2025-08-08 17:37:51,139 - INFO - 投票结果: 选择路径 0, 答案: 320, 置信度: 0.8
2025-08-08 17:37:51,140 - INFO - 投票结果: 选择路径 2, 答案: 40, 置信度: 0.2
2025-08-08 17:37:51,141 - INFO - 投票结果: 选择路径 1, 答案: 50, 置信度: 0.7
2025-08-08 17:37:51,142 - INFO - 投票结果: 选择路径 0, 答案: 50, 置信度: 0.9
2025-08-08 17:37:51,142 - INFO - 投票结果: 选择路径 0, 答案: 1850, 置信度: 0.2
2025-08-08 17:37:51,143 - INFO - 投票结果: 选择路径 0, 答案: 12, 置信度: 0.5
2025-08-08 17:37:51,143 - INFO - 投票结果: 选择路径 0, 答案: 2640, 置信度: 0.9
2025-08-08 17:37:51,144 - INFO - 投票结果: 选择路径 0, 答案: 98, 置信度: 1.0
2025-08-08 17:37:51,145 - INFO - 投票结果: 选择路径 0, 答案: 19, 置信度: 1.0
2025-08-08 17:37:51,145 - INFO - 投票结果: 选择路径 0, 答案: 21, 置信度: 1.0
2025-08-08 17:37:51,146 - INFO - 投票结果: 选择路径 0, 答案: 5, 置信度: 0.8
2025-08-08 17:37:51,146 - INFO - 投票结果: 选择路径 0, 答案: 30, 置信度: 1.0
2025-08-08 17:37:51,147 - INFO - 投票结果: 选择路径 0, 答案: 34, 置信度: 0.8
2025-08-08 17:37:51,148 - INFO - 投票结果: 选择路径 0, 答案: 48, 置信度: 0.7
2025-08-08 17:37:51,148 - INFO - 投票结果: 选择路径 0, 答案: 7, 置信度: 1.0
2025-08-08 17:37:51,149 - INFO - 投票结果: 选择路径 0, 答案: 50, 置信度: 1.0
2025-08-08 17:37:51,149 - INFO - 投票结果: 选择路径 0, 答案: 25, 置信度: 0.9
2025-08-08 17:37:51,150 - INFO - 投票结果: 选择路径 0, 答案: 500, 置信度: 1.0
2025-08-08 17:37:51,151 - INFO - 投票结果: 选择路径 0, 答案: 300, 置信度: 1.0
2025-08-08 17:37:51,151 - INFO - 投票结果: 选择路径 0, 答案: 842, 置信度: 1.0
2025-08-08 17:37:51,152 - INFO - 投票结果: 选择路径 0, 答案: 600, 置信度: 0.6
2025-08-08 17:37:51,152 - INFO - 投票结果: 选择路径 0, 答案: 160, 置信度: 0.4
2025-08-08 17:37:51,153 - INFO - 投票结果: 选择路径 0, 答案: 32, 置信度: 1.0
2025-08-08 17:37:51,154 - INFO - 投票结果: 选择路径 0, 答案: 15, 置信度: 0.8
2025-08-08 17:37:51,154 - INFO - 投票结果: 选择路径 0, 答案: 243, 置信度: 0.9
2025-08-08 17:37:51,155 - INFO - 投票结果: 选择路径 2, 答案: 60, 置信度: 0.3
2025-08-08 17:37:51,155 - INFO - 投票结果: 选择路径 0, 答案: 1218, 置信度: 1.0
2025-08-08 17:37:51,156 - INFO - 投票结果: 选择路径 1, 答案: 16, 置信度: 0.5
2025-08-08 17:37:51,157 - INFO - 投票结果: 选择路径 1, 答案: 40, 置信度: 0.6
2025-08-08 17:37:51,157 - INFO - 投票结果: 选择路径 0, 答案: 1210, 置信度: 1.0
2025-08-08 17:37:51,158 - INFO - 投票结果: 选择路径 0, 答案: 50, 置信度: 0.8
2025-08-08 17:37:51,158 - INFO - 投票结果: 选择路径 0, 答案: 12, 置信度: 1.0
2025-08-08 17:37:51,159 - INFO - 投票结果: 选择路径 0, 答案: 3528, 置信度: 0.9
2025-08-08 17:37:51,160 - INFO - 投票结果: 选择路径 0, 答案: 144, 置信度: 0.3
2025-08-08 17:37:51,160 - INFO - 投票结果: 选择路径 0, 答案: 1050, 置信度: 1.0
2025-08-08 17:37:51,161 - INFO - 投票结果: 选择路径 0, 答案: 2304, 置信度: 1.0
2025-08-08 17:37:51,161 - INFO - 投票结果: 选择路径 0, 答案: 110, 置信度: 0.5
2025-08-08 17:37:51,162 - INFO - 投票结果: 选择路径 0, 答案: 10000, 置信度: 0.4
2025-08-08 17:37:51,163 - INFO - 投票结果: 选择路径 0, 答案: 410, 置信度: 1.0
2025-08-08 17:37:51,163 - INFO - 投票结果: 选择路径 0, 答案: 32, 置信度: 1.0
2025-08-08 17:37:51,164 - INFO - 投票结果: 选择路径 0, 答案: 120, 置信度: 0.5
2025-08-08 17:37:51,164 - INFO - 投票结果: 选择路径 1, 答案: 29, 置信度: 0.6
2025-08-08 17:37:51,165 - INFO - 投票结果: 选择路径 0, 答案: 200, 置信度: 0.7
2025-08-08 17:37:51,166 - INFO - 投票结果: 选择路径 0, 答案: 80, 置信度: 0.7
2025-08-08 17:37:51,166 - INFO - 投票结果: 选择路径 0, 答案: 800, 置信度: 0.3
2025-08-08 17:37:51,167 - INFO - 投票结果: 选择路径 0, 答案: 2, 置信度: 0.8
2025-08-08 17:37:51,168 - INFO - 投票结果: 选择路径 0, 答案: 9, 置信度: 1.0
2025-08-08 17:37:51,168 - INFO - 投票结果: 选择路径 0, 答案: 100, 置信度: 1.0
2025-08-08 17:37:51,169 - INFO - 投票结果: 选择路径 0, 答案: 40, 置信度: 1.0
2025-08-08 17:37:51,169 - INFO - 投票结果: 选择路径 0, 答案: 250, 置信度: 0.4
2025-08-08 17:37:51,170 - INFO - 投票结果: 选择路径 0, 答案: 5600, 置信度: 0.8
2025-08-08 17:37:51,171 - INFO - 投票结果: 选择路径 1, 答案: 5, 置信度: 0.8
2025-08-08 17:37:51,171 - INFO - 投票结果: 选择路径 0, 答案: 600, 置信度: 1.0
2025-08-08 17:37:51,172 - INFO - 投票结果: 选择路径 0, 答案: 6, 置信度: 1.0
2025-08-08 17:37:51,172 - INFO - 投票结果: 选择路径 0, 答案: 1, 置信度: 1.0
2025-08-08 17:37:51,173 - INFO - 投票结果: 选择路径 0, 答案: 360, 置信度: 0.7
2025-08-08 17:37:51,173 - INFO - 投票结果: 选择路径 0, 答案: 45, 置信度: 1.0
2025-08-08 17:37:51,174 - INFO - 投票结果: 选择路径 0, 答案: 310, 置信度: 1.0
2025-08-08 17:37:51,175 - INFO - 投票结果: 选择路径 0, 答案: 5, 置信度: 0.4
2025-08-08 17:37:51,175 - INFO - 投票结果: 选择路径 0, 答案: 30, 置信度: 1.0
2025-08-08 17:37:51,176 - INFO - 投票结果: 选择路径 0, 答案: 220, 置信度: 1.0
2025-08-08 17:37:51,177 - INFO - 投票结果: 选择路径 0, 答案: 310, 置信度: 1.0
2025-08-08 17:37:51,177 - INFO - 投票结果: 选择路径 1, 答案: 250, 置信度: 0.5
2025-08-08 17:37:51,178 - INFO - 投票结果: 选择路径 0, 答案: 118000, 置信度: 0.8
2025-08-08 17:37:51,178 - INFO - 投票结果: 选择路径 0, 答案: 160, 置信度: 1.0
2025-08-08 17:37:51,179 - INFO - 投票结果: 选择路径 1, 答案: 4, 置信度: 0.8
2025-08-08 17:37:51,180 - INFO - 投票结果: 选择路径 0, 答案: 6, 置信度: 1.0
2025-08-08 17:37:51,180 - INFO - 投票结果: 选择路径 1, 答案: 64, 置信度: 0.6
2025-08-08 17:37:51,181 - INFO - 投票结果: 选择路径 0, 答案: 335, 置信度: 0.9
2025-08-08 17:37:51,181 - INFO - 投票结果: 选择路径 0, 答案: 44, 置信度: 0.9
2025-08-08 17:37:51,182 - INFO - 投票结果: 选择路径 0, 答案: 216, 置信度: 1.0
2025-08-08 17:37:51,183 - INFO - 投票结果: 选择路径 0, 答案: 40, 置信度: 0.9
2025-08-08 17:37:51,183 - INFO - 投票结果: 选择路径 2, 答案: 6, 置信度: 0.3
2025-08-08 17:37:51,184 - INFO - 投票结果: 选择路径 3, 答案: 135, 置信度: 0.4
2025-08-08 17:37:51,184 - INFO - 投票结果: 选择路径 0, 答案: 16, 置信度: 0.8
2025-08-08 17:37:51,185 - INFO - 投票结果: 选择路径 0, 答案: 6, 置信度: 1.0
2025-08-08 17:37:51,186 - INFO - 投票结果: 选择路径 0, 答案: 17, 置信度: 1.0
2025-08-08 17:37:51,186 - INFO - 投票结果: 选择路径 0, 答案: 540, 置信度: 1.0
2025-08-08 17:37:51,187 - INFO - 投票结果: 选择路径 0, 答案: 621, 置信度: 0.7
2025-08-08 17:37:51,187 - INFO - 投票结果: 选择路径 0, 答案: 120, 置信度: 1.0
2025-08-08 17:37:51,188 - INFO - 投票结果: 选择路径 0, 答案: 56, 置信度: 0.8
2025-08-08 17:37:51,189 - INFO - 投票结果: 选择路径 0, 答案: 2, 置信度: 1.0
2025-08-08 17:37:51,189 - INFO - 投票结果: 选择路径 0, 答案: 3, 置信度: 1.0
2025-08-08 17:37:51,190 - INFO - 投票结果: 选择路径 0, 答案: 104, 置信度: 0.6
2025-08-08 17:37:51,191 - INFO - 投票结果: 选择路径 0, 答案: 5, 置信度: 1.0
2025-08-08 17:37:51,191 - INFO - 投票结果: 选择路径 2, 答案: 5, 置信度: 0.4
2025-08-08 17:37:51,192 - INFO - 投票结果: 选择路径 0, 答案: 6, 置信度: 1.0
2025-08-08 17:37:51,192 - INFO - 投票结果: 选择路径 1, 答案: 40, 置信度: 0.7
2025-08-08 17:37:51,193 - INFO - 投票结果: 选择路径 0, 答案: 10, 置信度: 0.8
2025-08-08 17:37:51,194 - INFO - 投票结果: 选择路径 0, 答案: 9, 置信度: 0.9
2025-08-08 17:37:51,194 - INFO - 投票结果: 选择路径 0, 答案: 5, 置信度: 1.0
2025-08-08 17:37:51,195 - INFO - 投票结果: 选择路径 0, 答案: 16, 置信度: 0.6
2025-08-08 17:37:51,195 - INFO - 投票结果: 选择路径 0, 答案: 296, 置信度: 0.7
2025-08-08 17:37:51,196 - INFO - 投票结果: 选择路径 0, 答案: 750, 置信度: 0.5
2025-08-08 17:37:51,197 - INFO - 投票结果: 选择路径 0, 答案: 12, 置信度: 0.4
2025-08-08 17:37:51,197 - INFO - 投票结果: 选择路径 0, 答案: 4, 置信度: 1.0
2025-08-08 17:37:51,198 - INFO - 投票结果: 选择路径 0, 答案: 25, 置信度: 1.0
2025-08-08 17:37:51,198 - INFO - 投票结果: 选择路径 5, 答案: 230, 置信度: 0.2
2025-08-08 17:37:51,199 - INFO - 投票结果: 选择路径 0, 答案: 2, 置信度: 0.7
2025-08-08 17:37:51,200 - INFO - 投票结果: 选择路径 0, 答案: 35, 置信度: 0.9
2025-08-08 17:37:51,200 - INFO - 投票结果: 选择路径 0, 答案: 24, 置信度: 0.8
2025-08-08 17:37:51,201 - INFO - 投票结果: 选择路径 8, 答案: 44/3, 置信度: 0.2
2025-08-08 17:37:51,201 - INFO - 投票结果: 选择路径 0, 答案: 69, 置信度: 1.0
2025-08-08 17:37:51,202 - INFO - 投票结果: 选择路径 0, 答案: 168, 置信度: 1.0
2025-08-08 17:37:51,203 - INFO - 投票结果: 选择路径 0, 答案: 20, 置信度: 1.0
2025-08-08 17:37:51,203 - INFO - 投票结果: 选择路径 0, 答案: 4, 置信度: 0.8
2025-08-08 17:37:51,204 - INFO - 投票结果: 选择路径 1, 答案: 1596, 置信度: 0.8
2025-08-08 17:37:51,205 - INFO - 投票结果: 选择路径 2, 答案: 150, 置信度: 0.5
2025-08-08 17:37:51,205 - INFO - 投票结果: 选择路径 0, 答案: 20, 置信度: 1.0
2025-08-08 17:37:51,206 - INFO - 投票结果: 选择路径 0, 答案: 2, 置信度: 1.0
2025-08-08 17:37:51,206 - INFO - 投票结果: 选择路径 0, 答案: 14, 置信度: 0.5
2025-08-08 17:37:51,207 - INFO - 投票结果: 选择路径 0, 答案: 3140, 置信度: 0.7
2025-08-08 17:37:51,207 - INFO - 投票结果: 选择路径 0, 答案: 4, 置信度: 1.0
2025-08-08 17:37:51,208 - INFO - 投票结果: 选择路径 0, 答案: 81, 置信度: 1.0
2025-08-08 17:37:51,209 - INFO - 投票结果: 选择路径 0, 答案: 52, 置信度: 0.3
2025-08-08 17:37:51,209 - INFO - 投票结果: 选择路径 1, 答案: 1400, 置信度: 0.7
2025-08-08 17:37:51,210 - INFO - 投票结果: 选择路径 0, 答案: 20, 置信度: 0.2
2025-08-08 17:37:51,210 - INFO - 投票结果: 选择路径 2, 答案: 30, 置信度: 0.6
2025-08-08 17:37:51,211 - INFO - 投票结果: 选择路径 0, 答案: 26, 置信度: 1.0
2025-08-08 17:37:51,212 - INFO - 投票结果: 选择路径 0, 答案: 13, 置信度: 1.0
2025-08-08 17:37:51,212 - INFO - 投票结果: 选择路径 4, 答案: 623, 置信度: 0.5
2025-08-08 17:37:51,213 - INFO - 投票结果: 选择路径 0, 答案: 92, 置信度: 1.0
2025-08-08 17:37:51,213 - INFO - 投票结果: 选择路径 0, 答案: 42, 置信度: 0.6
2025-08-08 17:37:51,214 - INFO - 投票结果: 选择路径 0, 答案: 55, 置信度: 0.9
2025-08-08 17:37:51,215 - INFO - 投票结果: 选择路径 0, 答案: 90, 置信度: 1.0
2025-08-08 17:37:51,215 - INFO - 投票结果: 选择路径 0, 答案: 75, 置信度: 0.8
2025-08-08 17:37:51,216 - INFO - 投票结果: 选择路径 0, 答案: 10, 置信度: 1.0
2025-08-08 17:37:51,217 - INFO - 投票结果: 选择路径 0, 答案: 70, 置信度: 1.0
2025-08-08 17:37:51,217 - INFO - 投票结果: 选择路径 3, 答案: 6, 置信度: 0.2
2025-08-08 17:37:51,218 - INFO - 投票结果: 选择路径 2, 答案: 2450, 置信度: 0.6
2025-08-08 17:37:51,218 - INFO - 投票结果: 选择路径 1, 答案: 20, 置信度: 0.4
2025-08-08 17:37:51,219 - INFO - 投票结果: 选择路径 1, 答案: 378000, 置信度: 0.6
2025-08-08 17:37:51,220 - INFO - 投票结果: 选择路径 0, 答案: 38, 置信度: 0.9
2025-08-08 17:37:51,220 - INFO - 投票结果: 选择路径 0, 答案: 300, 置信度: 0.8
2025-08-08 17:37:51,221 - INFO - 投票结果: 选择路径 0, 答案: 75, 置信度: 1.0
2025-08-08 17:37:51,221 - INFO - 投票结果: 选择路径 0, 答案: 1800, 置信度: 0.5
2025-08-08 17:37:51,222 - INFO - 投票结果: 选择路径 0, 答案: 18, 置信度: 0.9
2025-08-08 17:37:51,223 - INFO - 投票结果: 选择路径 1, 答案: 9500, 置信度: 0.8
2025-08-08 17:37:51,223 - INFO - 投票结果: 选择路径 0, 答案: 7, 置信度: 1.0
2025-08-08 17:37:51,224 - INFO - 投票结果: 选择路径 0, 答案: 336, 置信度: 1.0
2025-08-08 17:37:51,227 - INFO - 投票结果: 选择路径 0, 答案: 103.18, 置信度: 0.1
2025-08-08 17:37:51,228 - INFO - 投票结果: 选择路径 0, 答案: 78, 置信度: 1.0
2025-08-08 17:37:51,229 - INFO - 投票结果: 选择路径 0, 答案: 155, 置信度: 0.4
2025-08-08 17:37:51,229 - INFO - 投票结果: 选择路径 0, 答案: 15, 置信度: 0.3
2025-08-08 17:37:51,230 - INFO - 投票结果: 选择路径 0, 答案: 375, 置信度: 0.9
2025-08-08 17:37:51,230 - INFO - 投票结果: 选择路径 0, 答案: 54, 置信度: 0.8
2025-08-08 17:37:51,231 - INFO - 投票结果: 选择路径 0, 答案: 6400, 置信度: 0.6
2025-08-08 17:37:51,232 - INFO - 投票结果: 选择路径 0, 答案: 14, 置信度: 0.4
2025-08-08 17:37:51,232 - INFO - 投票结果: 选择路径 2, 答案: 7, 置信度: 0.5
2025-08-08 17:37:51,233 - INFO - 投票结果: 选择路径 0, 答案: 100, 置信度: 0.7
2025-08-08 17:37:51,234 - INFO - 投票结果: 选择路径 0, 答案: 450, 置信度: 0.8
2025-08-08 17:37:51,234 - INFO - 投票结果: 选择路径 0, 答案: 6000, 置信度: 0.7
2025-08-08 17:37:51,235 - INFO - 投票结果: 选择路径 0, 答案: 7, 置信度: 0.1
2025-08-08 17:37:51,235 - INFO - 投票结果: 选择路径 0, 答案: 6, 置信度: 1.0
2025-08-08 17:37:51,236 - INFO - 投票结果: 选择路径 0, 答案: 1200, 置信度: 1.0
2025-08-08 17:37:51,237 - INFO - 投票结果: 选择路径 0, 答案: 24, 置信度: 0.8
2025-08-08 17:37:51,237 - INFO - 投票结果: 选择路径 3, 答案: 14, 置信度: 0.4
2025-08-08 17:37:51,238 - INFO - 投票结果: 选择路径 2, 答案: 28.33, 置信度: 0.4
2025-08-08 17:37:51,238 - INFO - 投票结果: 选择路径 2, 答案: 230, 置信度: 0.6
2025-08-08 17:37:51,239 - INFO - 投票结果: 选择路径 3, 答案: 60, 置信度: 0.2
2025-08-08 17:37:51,240 - INFO - 投票结果: 选择路径 1, 答案: 40, 置信度: 0.4
2025-08-08 17:37:51,240 - INFO - 投票结果: 选择路径 0, 答案: 14, 置信度: 0.9
2025-08-08 17:37:51,241 - INFO - 投票结果: 选择路径 0, 答案: 20, 置信度: 1.0
2025-08-08 17:37:51,241 - INFO - 投票结果: 选择路径 0, 答案: 180, 置信度: 0.7
2025-08-08 17:37:51,242 - INFO - 投票结果: 选择路径 1, 答案: 3, 置信度: 0.9
2025-08-08 17:37:51,243 - INFO - 投票结果: 选择路径 0, 答案: 342, 置信度: 0.2
2025-08-08 17:37:51,243 - INFO - 投票结果: 选择路径 1, 答案: 64, 置信度: 0.5
2025-08-08 17:37:51,244 - INFO - 投票结果: 选择路径 0, 答案: 48, 置信度: 1.0
2025-08-08 17:37:51,244 - INFO - 投票结果: 选择路径 0, 答案: 4, 置信度: 1.0
2025-08-08 17:37:51,245 - INFO - 投票结果: 选择路径 0, 答案: 14, 置信度: 1.0
2025-08-08 17:37:51,246 - INFO - 投票结果: 选择路径 2, 答案: 5600, 置信度: 0.5
2025-08-08 17:37:51,246 - INFO - 投票结果: 选择路径 1, 答案: 13, 置信度: 0.3
2025-08-08 17:37:51,247 - INFO - 投票结果: 选择路径 0, 答案: 144, 置信度: 0.9
2025-08-08 17:37:51,248 - INFO - 投票结果: 选择路径 0, 答案: 560, 置信度: 0.6
2025-08-08 17:37:51,248 - INFO - 投票结果: 选择路径 0, 答案: 428, 置信度: 0.9
2025-08-08 17:37:51,249 - INFO - 投票结果: 选择路径 0, 答案: 665, 置信度: 1.0
2025-08-08 17:37:51,249 - INFO - 投票结果: 选择路径 1, 答案: 7500, 置信度: 0.6
2025-08-08 17:37:51,250 - INFO - 投票结果: 选择路径 0, 答案: 2.5, 置信度: 0.5
2025-08-08 17:37:51,251 - INFO - 投票结果: 选择路径 0, 答案: 90, 置信度: 0.6
2025-08-08 17:37:51,251 - INFO - 投票结果: 选择路径 0, 答案: 570, 置信度: 1.0
2025-08-08 17:37:51,252 - INFO - 投票结果: 选择路径 0, 答案: 5, 置信度: 1.0
2025-08-08 17:37:51,252 - INFO - 投票结果: 选择路径 2, 答案: 86, 置信度: 0.4
2025-08-08 17:37:51,253 - INFO - 投票结果: 选择路径 0, 答案: 160, 置信度: 1.0
2025-08-08 17:37:51,254 - INFO - 投票结果: 选择路径 0, 答案: 6, 置信度: 1.0
2025-08-08 17:37:51,254 - INFO - 投票结果: 选择路径 0, 答案: 6000, 置信度: 0.7
2025-08-08 17:37:51,255 - INFO - 投票结果: 选择路径 0, 答案: 800, 置信度: 0.4
2025-08-08 17:37:51,255 - INFO - 投票结果: 选择路径 0, 答案: 1, 置信度: 0.9
2025-08-08 17:37:51,256 - INFO - 投票结果: 选择路径 0, 答案: 4, 置信度: 0.7
2025-08-08 17:37:51,257 - INFO - 投票结果: 选择路径 0, 答案: 31, 置信度: 0.8
2025-08-08 17:37:51,257 - INFO - 投票结果: 选择路径 0, 答案: 276000, 置信度: 1.0
2025-08-08 17:37:51,258 - INFO - 投票结果: 选择路径 0, 答案: 482, 置信度: 1.0
2025-08-08 17:37:51,258 - INFO - 投票结果: 选择路径 0, 答案: 100, 置信度: 1.0
2025-08-08 17:37:51,259 - INFO - 投票结果: 选择路径 1, 答案: 21, 置信度: 0.9
2025-08-08 17:37:51,260 - INFO - 投票结果: 选择路径 0, 答案: 40, 置信度: 0.9
2025-08-08 17:37:51,260 - INFO - 投票结果: 选择路径 0, 答案: 180000, 置信度: 1.0
2025-08-08 17:37:51,261 - INFO - 投票结果: 选择路径 0, 答案: 14, 置信度: 1.0
2025-08-08 17:37:51,261 - INFO - 投票结果: 选择路径 1, 答案: 54, 置信度: 0.7
2025-08-08 17:37:51,262 - INFO - 投票结果: 选择路径 0, 答案: 5, 置信度: 0.9
2025-08-08 17:37:51,263 - INFO - 投票结果: 选择路径 0, 答案: 48, 置信度: 1.0
2025-08-08 17:37:51,263 - INFO - 投票结果: 选择路径 0, 答案: 390, 置信度: 0.6
2025-08-08 17:37:51,264 - INFO - 投票结果: 选择路径 0, 答案: 22, 置信度: 1.0
2025-08-08 17:37:51,264 - INFO - 投票结果: 选择路径 0, 答案: 12, 置信度: 0.9
2025-08-08 17:37:51,265 - INFO - 投票结果: 选择路径 0, 答案: 18000, 置信度: 0.8
2025-08-08 17:37:51,266 - INFO - 投票结果: 选择路径 0, 答案: 8642, 置信度: 0.8
2025-08-08 17:37:51,266 - INFO - 投票结果: 选择路径 0, 答案: 10, 置信度: 1.0
2025-08-08 17:37:51,267 - INFO - 投票结果: 选择路径 0, 答案: 27, 置信度: 0.4
2025-08-08 17:37:51,267 - INFO - 投票结果: 选择路径 0, 答案: 22, 置信度: 1.0
2025-08-08 17:37:51,268 - INFO - 投票结果: 选择路径 0, 答案: 61, 置信度: 0.4
2025-08-08 17:37:51,269 - INFO - 投票结果: 选择路径 0, 答案: 10, 置信度: 0.9
2025-08-08 17:37:51,269 - INFO - 投票结果: 选择路径 1, 答案: 15, 置信度: 0.7
2025-08-08 17:37:51,270 - INFO - 投票结果: 选择路径 0, 答案: 14, 置信度: 1.0
2025-08-08 17:37:51,270 - INFO - 投票结果: 选择路径 0, 答案: 14, 置信度: 1.0
2025-08-08 17:37:51,271 - INFO - 投票结果: 选择路径 0, 答案: 4, 置信度: 1.0
2025-08-08 17:37:51,272 - INFO - 投票结果: 选择路径 0, 答案: 3000, 置信度: 0.8
2025-08-08 17:37:51,272 - INFO - 投票结果: 选择路径 0, 答案: 3, 置信度: 0.7
2025-08-08 17:37:51,273 - INFO - 投票结果: 选择路径 0, 答案: 374, 置信度: 0.5
2025-08-08 17:37:51,273 - INFO - 投票结果: 选择路径 0, 答案: 1080, 置信度: 0.5
2025-08-08 17:37:51,274 - INFO - 投票结果: 选择路径 1, 答案: 84, 置信度: 0.6
2025-08-08 17:37:51,275 - INFO - 投票结果: 选择路径 0, 答案: 91, 置信度: 1.0
2025-08-08 17:37:51,275 - INFO - 投票结果: 选择路径 0, 答案: 18, 置信度: 1.0
2025-08-08 17:37:51,276 - INFO - 投票结果: 选择路径 0, 答案: 180, 置信度: 0.9
2025-08-08 17:37:51,277 - INFO - 投票结果: 选择路径 1, 答案: 350, 置信度: 0.5
2025-08-08 17:37:51,277 - INFO - 投票结果: 选择路径 1, 答案: 4, 置信度: 0.5
2025-08-08 17:37:51,278 - INFO - 投票结果: 选择路径 1, 答案: 129200, 置信度: 0.9
2025-08-08 17:37:51,278 - INFO - 投票结果: 选择路径 1, 答案: 10, 置信度: 0.8
2025-08-08 17:37:51,279 - INFO - 投票结果: 选择路径 1, 答案: 14, 置信度: 0.7
2025-08-08 17:37:51,280 - INFO - 投票结果: 选择路径 0, 答案: 12, 置信度: 1.0
2025-08-08 17:37:51,281 - INFO - 投票结果: 选择路径 1, 答案: 68, 置信度: 0.5
2025-08-08 17:37:51,281 - INFO - 投票结果: 选择路径 0, 答案: 58, 置信度: 1.0
2025-08-08 17:37:51,282 - INFO - 投票结果: 选择路径 0, 答案: 40, 置信度: 0.9
2025-08-08 17:37:51,282 - INFO - 投票结果: 选择路径 0, 答案: 132, 置信度: 1.0
2025-08-08 17:37:51,283 - INFO - 投票结果: 选择路径 0, 答案: 120, 置信度: 1.0
2025-08-08 17:37:51,284 - INFO - 投票结果: 选择路径 0, 答案: 120, 置信度: 1.0
2025-08-08 17:37:51,284 - INFO - 投票结果: 选择路径 0, 答案: 120, 置信度: 0.8
2025-08-08 17:37:51,285 - INFO - 投票结果: 选择路径 0, 答案: 15, 置信度: 1.0
2025-08-08 17:37:51,285 - INFO - 投票结果: 选择路径 0, 答案: 576, 置信度: 1.0
2025-08-08 17:37:51,286 - INFO - 投票结果: 选择路径 0, 答案: 5, 置信度: 1.0
2025-08-08 17:37:51,287 - INFO - 投票结果: 选择路径 0, 答案: 20, 置信度: 1.0
2025-08-08 17:37:51,288 - INFO - 投票结果: 选择路径 0, 答案: 40, 置信度: 0.6
2025-08-08 17:37:51,288 - INFO - 投票结果: 选择路径 0, 答案: 23, 置信度: 1.0
2025-08-08 17:37:51,289 - INFO - 投票结果: 选择路径 0, 答案: 156, 置信度: 0.8
2025-08-08 17:37:51,289 - INFO - 投票结果: 选择路径 1, 答案: 280, 置信度: 0.7
2025-08-08 17:37:51,290 - INFO - 投票结果: 选择路径 1, 答案: 4, 置信度: 0.6
2025-08-08 17:37:51,291 - INFO - 投票结果: 选择路径 0, 答案: 2, 置信度: 1.0
2025-08-08 17:37:51,291 - INFO - 投票结果: 选择路径 0, 答案: 120, 置信度: 1.0
2025-08-08 17:37:51,292 - INFO - 投票结果: 选择路径 1, 答案: 52, 置信度: 0.6
2025-08-08 17:37:51,292 - INFO - 投票结果: 选择路径 0, 答案: 15, 置信度: 1.0
2025-08-08 17:37:51,293 - INFO - 投票结果: 选择路径 0, 答案: 9, 置信度: 1.0
2025-08-08 17:37:51,294 - INFO - 投票结果: 选择路径 0, 答案: 21, 置信度: 0.2
2025-08-08 17:37:51,294 - INFO - 投票结果: 选择路径 1, 答案: 20, 置信度: 0.8
2025-08-08 17:37:51,295 - INFO - 投票结果: 选择路径 0, 答案: 30, 置信度: 0.7
2025-08-08 17:37:51,295 - INFO - 投票结果: 选择路径 0, 答案: 80, 置信度: 0.7
2025-08-08 17:37:51,296 - INFO - 投票结果: 选择路径 0, 答案: 5, 置信度: 0.9
2025-08-08 17:37:51,297 - INFO - 投票结果: 选择路径 0, 答案: 5, 置信度: 0.8
2025-08-08 17:37:51,297 - INFO - 投票结果: 选择路径 0, 答案: 80, 置信度: 1.0
2025-08-08 17:37:51,298 - INFO - 投票结果: 选择路径 0, 答案: 38, 置信度: 0.4
2025-08-08 17:37:51,298 - INFO - 投票结果: 选择路径 0, 答案: 42, 置信度: 1.0
2025-08-08 17:37:51,299 - INFO - 投票结果: 选择路径 0, 答案: 3, 置信度: 1.0
2025-08-08 17:37:51,300 - INFO - 投票结果: 选择路径 0, 答案: 50, 置信度: 1.0
2025-08-08 17:37:51,300 - INFO - 投票结果: 选择路径 0, 答案: 17, 置信度: 1.0
2025-08-08 17:37:51,301 - INFO - 投票结果: 选择路径 3, 答案: 25, 置信度: 0.3
2025-08-08 17:37:51,302 - INFO - 投票结果: 选择路径 0, 答案: 20, 置信度: 0.5
2025-08-08 17:37:51,302 - INFO - 投票结果: 选择路径 2, 答案: 120, 置信度: 0.6
2025-08-08 17:37:51,303 - INFO - 投票结果: 选择路径 2, 答案: 20, 置信度: 0.5
2025-08-08 17:37:51,303 - INFO - 投票结果: 选择路径 0, 答案: 45, 置信度: 1.0
2025-08-08 17:37:51,304 - INFO - 投票结果: 选择路径 0, 答案: 11, 置信度: 0.5
2025-08-08 17:37:51,305 - INFO - 投票结果: 选择路径 0, 答案: 10, 置信度: 1.0
2025-08-08 17:37:51,305 - INFO - 投票结果: 选择路径 0, 答案: 318, 置信度: 0.4
2025-08-08 17:37:51,306 - INFO - 投票结果: 选择路径 0, 答案: 92, 置信度: 0.6
2025-08-08 17:37:51,307 - INFO - 投票结果: 选择路径 0, 答案: 70, 置信度: 1.0
2025-08-08 17:37:51,307 - INFO - 投票结果: 选择路径 0, 答案: 74, 置信度: 0.5
2025-08-08 17:37:51,308 - INFO - 投票结果: 选择路径 0, 答案: 1509, 置信度: 0.9
2025-08-08 17:37:51,308 - INFO - 投票结果: 选择路径 1, 答案: 2, 置信度: 0.8
2025-08-08 17:37:51,309 - INFO - 投票结果: 选择路径 0, 答案: 1, 置信度: 1.0
2025-08-08 17:37:51,310 - INFO - 投票结果: 选择路径 0, 答案: 1170, 置信度: 1.0
2025-08-08 17:37:51,310 - INFO - 投票结果: 选择路径 0, 答案: 28, 置信度: 0.9
2025-08-08 17:37:51,311 - INFO - 投票结果: 选择路径 0, 答案: 20, 置信度: 0.7
2025-08-08 17:37:51,311 - INFO - 投票结果: 选择路径 0, 答案: 20, 置信度: 1.0
2025-08-08 17:37:51,312 - INFO - 投票结果: 选择路径 0, 答案: 65960, 置信度: 0.4
2025-08-08 17:37:51,313 - INFO - 投票结果: 选择路径 2, 答案: 16, 置信度: 0.4
2025-08-08 17:37:51,313 - INFO - 投票结果: 选择路径 0, 答案: 575, 置信度: 1.0
2025-08-08 17:37:51,314 - INFO - 投票结果: 选择路径 0, 答案: 60, 置信度: 0.9
2025-08-08 17:37:51,314 - INFO - 投票结果: 选择路径 0, 答案: 42, 置信度: 0.8
2025-08-08 17:37:51,315 - INFO - 投票结果: 选择路径 0, 答案: 17, 置信度: 0.2
2025-08-08 17:37:51,316 - INFO - 投票结果: 选择路径 0, 答案: 71, 置信度: 0.6
2025-08-08 17:37:51,316 - INFO - 投票结果: 选择路径 0, 答案: 70, 置信度: 1.0
2025-08-08 17:37:51,317 - INFO - 投票结果: 选择路径 0, 答案: 25, 置信度: 0.7
2025-08-08 17:37:51,317 - INFO - 投票结果: 选择路径 0, 答案: 160, 置信度: 0.9
2025-08-08 17:37:51,318 - INFO - 投票结果: 选择路径 0, 答案: 398, 置信度: 0.5
2025-08-08 17:37:51,319 - INFO - 投票结果: 选择路径 0, 答案: 5, 置信度: 1.0
2025-08-08 17:37:51,319 - INFO - 投票结果: 选择路径 0, 答案: 42000, 置信度: 0.8
2025-08-08 17:37:51,320 - INFO - 投票结果: 选择路径 0, 答案: 39, 置信度: 0.8
2025-08-08 17:37:51,321 - INFO - 投票结果: 选择路径 0, 答案: 10, 置信度: 0.7
2025-08-08 17:37:51,321 - INFO - 投票结果: 选择路径 1, 答案: 4, 置信度: 0.4
2025-08-08 17:37:51,322 - INFO - 投票结果: 选择路径 0, 答案: 48, 置信度: 0.5
2025-08-08 17:37:51,322 - INFO - 投票结果: 选择路径 0, 答案: 100, 置信度: 1.0
2025-08-08 17:37:51,323 - INFO - 投票结果: 选择路径 0, 答案: 60, 置信度: 1.0
2025-08-08 17:37:51,324 - INFO - 投票结果: 选择路径 0, 答案: 100, 置信度: 1.0
2025-08-08 17:37:51,324 - INFO - 投票结果: 选择路径 0, 答案: 72, 置信度: 1.0
2025-08-08 17:37:51,325 - INFO - 投票结果: 选择路径 0, 答案: 20, 置信度: 0.8
2025-08-08 17:37:51,326 - INFO - 投票结果: 选择路径 0, 答案: 6277, 置信度: 0.8
2025-08-08 17:37:51,326 - INFO - 投票结果: 选择路径 0, 答案: 21, 置信度: 0.2
2025-08-08 17:37:51,327 - INFO - 投票结果: 选择路径 0, 答案: 26, 置信度: 1.0
2025-08-08 17:37:51,327 - INFO - 投票结果: 选择路径 2, 答案: 5, 置信度: 0.3
2025-08-08 17:37:51,328 - INFO - 投票结果: 选择路径 0, 答案: 12, 置信度: 0.9
2025-08-08 17:37:51,329 - INFO - 投票结果: 选择路径 0, 答案: 148.50, 置信度: 0.1
2025-08-08 17:37:51,329 - INFO - 投票结果: 选择路径 1, 答案: 16, 置信度: 0.8
2025-08-08 17:37:51,330 - INFO - 投票结果: 选择路径 0, 答案: 32, 置信度: 1.0
2025-08-08 17:37:51,331 - INFO - 投票结果: 选择路径 0, 答案: 20, 置信度: 0.9
2025-08-08 17:37:51,331 - INFO - 投票结果: 选择路径 0, 答案: 20, 置信度: 1.0
2025-08-08 17:37:51,332 - INFO - 投票结果: 选择路径 0, 答案: 320, 置信度: 0.9
2025-08-08 17:37:51,332 - INFO - 投票结果: 选择路径 0, 答案: 77, 置信度: 1.0
2025-08-08 17:37:51,333 - INFO - 投票结果: 选择路径 0, 答案: 9, 置信度: 1.0
2025-08-08 17:37:51,334 - INFO - 投票结果: 选择路径 1, 答案: 1, 置信度: 0.6
2025-08-08 17:37:51,334 - INFO - 投票结果: 选择路径 0, 答案: 1248, 置信度: 0.6
2025-08-08 17:37:51,335 - INFO - 投票结果: 选择路径 0, 答案: 15, 置信度: 0.8
2025-08-08 17:37:51,336 - INFO - 投票结果: 选择路径 1, 答案: 16, 置信度: 0.9
2025-08-08 17:37:51,336 - INFO - 投票结果: 选择路径 0, 答案: 2, 置信度: 0.9
2025-08-08 17:37:51,337 - INFO - 投票结果: 选择路径 0, 答案: 46, 置信度: 0.7
2025-08-08 17:37:51,337 - INFO - 投票结果: 选择路径 0, 答案: 60, 置信度: 1.0
2025-08-08 17:37:51,338 - INFO - 投票结果: 选择路径 0, 答案: 315, 置信度: 0.6
2025-08-08 17:37:51,339 - INFO - 投票结果: 选择路径 0, 答案: 84, 置信度: 0.9
2025-08-08 17:37:51,339 - INFO - 投票结果: 选择路径 8, 答案: 100, 置信度: 0.2
2025-08-08 17:37:51,340 - INFO - 投票结果: 选择路径 0, 答案: 300, 置信度: 0.7
2025-08-08 17:37:51,341 - INFO - 投票结果: 选择路径 0, 答案: 50, 置信度: 1.0
2025-08-08 17:37:51,341 - INFO - 投票结果: 选择路径 0, 答案: 14, 置信度: 1.0
2025-08-08 17:37:51,342 - INFO - 投票结果: 选择路径 1, 答案: 291, 置信度: 0.2
2025-08-08 17:37:51,342 - INFO - 投票结果: 选择路径 0, 答案: 12, 置信度: 1.0
2025-08-08 17:37:51,343 - INFO - 投票结果: 选择路径 0, 答案: 1240, 置信度: 1.0
2025-08-08 17:37:51,344 - INFO - 投票结果: 选择路径 0, 答案: 8, 置信度: 1.0
2025-08-08 17:37:51,344 - INFO - 投票结果: 选择路径 8, 答案: 83, 置信度: 0.2
2025-08-08 17:37:51,345 - INFO - 投票结果: 选择路径 1, 答案: 2, 置信度: 0.6
2025-08-08 17:37:51,345 - INFO - 投票结果: 选择路径 0, 答案: 2, 置信度: 1.0
2025-08-08 17:37:51,346 - INFO - 投票结果: 选择路径 8, 答案: 268, 置信度: 0.2
2025-08-08 17:37:51,347 - INFO - 投票结果: 选择路径 0, 答案: 160, 置信度: 1.0
2025-08-08 17:37:51,347 - INFO - 投票结果: 选择路径 3, 答案: 302, 置信度: 0.2
2025-08-08 17:37:51,348 - INFO - 投票结果: 选择路径 0, 答案: 6250, 置信度: 1.0
2025-08-08 17:37:51,349 - INFO - 投票结果: 选择路径 0, 答案: 5, 置信度: 0.9
2025-08-08 17:37:51,349 - INFO - 投票结果: 选择路径 0, 答案: 500, 置信度: 1.0
2025-08-08 17:37:51,350 - INFO - 投票结果: 选择路径 2, 答案: 6, 置信度: 0.3
2025-08-08 17:37:51,350 - INFO - 投票结果: 选择路径 0, 答案: 34, 置信度: 1.0
2025-08-08 17:37:51,351 - INFO - 投票结果: 选择路径 0, 答案: 60, 置信度: 1.0
2025-08-08 17:37:51,352 - INFO - 投票结果: 选择路径 0, 答案: 4, 置信度: 0.3
2025-08-08 17:37:51,352 - INFO - 投票结果: 选择路径 0, 答案: 56, 置信度: 0.7
2025-08-08 17:37:51,353 - INFO - 投票结果: 选择路径 3, 答案: 74, 置信度: 0.7
2025-08-08 17:37:51,353 - INFO - 投票结果: 选择路径 0, 答案: 5, 置信度: 0.8
2025-08-08 17:37:51,354 - INFO - 投票结果: 选择路径 0, 答案: 600, 置信度: 1.0
2025-08-08 17:37:51,355 - INFO - 投票结果: 选择路径 2, 答案: 20, 置信度: 0.5
2025-08-08 17:37:51,355 - INFO - 投票结果: 选择路径 0, 答案: 23, 置信度: 1.0
2025-08-08 17:37:51,356 - INFO - 投票结果: 选择路径 0, 答案: 20, 置信度: 1.0
2025-08-08 17:37:51,356 - INFO - 投票结果: 选择路径 0, 答案: 80, 置信度: 0.8
2025-08-08 17:37:51,357 - INFO - 投票结果: 选择路径 1, 答案: 43, 置信度: 0.8
2025-08-08 17:37:51,358 - INFO - 投票结果: 选择路径 0, 答案: 720, 置信度: 1.0
2025-08-08 17:37:51,358 - INFO - 投票结果: 选择路径 0, 答案: 4, 置信度: 0.9
2025-08-08 17:37:51,359 - INFO - 投票结果: 选择路径 0, 答案: 9, 置信度: 1.0
2025-08-08 17:37:51,359 - INFO - 投票结果: 选择路径 0, 答案: 40, 置信度: 0.6
2025-08-08 17:37:51,360 - INFO - 投票结果: 选择路径 0, 答案: 8, 置信度: 1.0
2025-08-08 17:37:51,361 - INFO - 投票结果: 选择路径 0, 答案: 16, 置信度: 0.8
2025-08-08 17:37:51,361 - INFO - 投票结果: 选择路径 0, 答案: 2.5, 置信度: 0.2
2025-08-08 17:37:51,362 - INFO - 投票结果: 选择路径 1, 答案: 47, 置信度: 0.9
2025-08-08 17:37:51,362 - INFO - 投票结果: 选择路径 0, 答案: 240000, 置信度: 0.9
2025-08-08 17:37:51,363 - INFO - 投票结果: 选择路径 0, 答案: 14, 置信度: 0.8
2025-08-08 17:37:51,364 - INFO - 投票结果: 选择路径 0, 答案: 26, 置信度: 1.0
2025-08-08 17:37:51,364 - INFO - 投票结果: 选择路径 1, 答案: 2.67, 置信度: 0.7
2025-08-08 17:37:51,365 - INFO - 投票结果: 选择路径 1, 答案: 25, 置信度: 0.6
2025-08-08 17:37:51,365 - INFO - 投票结果: 选择路径 0, 答案: 5, 置信度: 0.8
2025-08-08 17:37:51,366 - INFO - 投票结果: 选择路径 0, 答案: 5, 置信度: 1.0
2025-08-08 17:37:51,367 - INFO - 投票结果: 选择路径 1, 答案: 260, 置信度: 0.3
2025-08-08 17:37:51,367 - INFO - 投票结果: 选择路径 0, 答案: 67, 置信度: 0.9
2025-08-08 17:37:51,368 - INFO - 投票结果: 选择路径 0, 答案: 144, 置信度: 0.8
2025-08-08 17:37:51,368 - INFO - 投票结果: 选择路径 0, 答案: 75, 置信度: 1.0
2025-08-08 17:37:51,369 - INFO - 投票结果: 选择路径 0, 答案: 3, 置信度: 1.0
2025-08-08 17:37:51,370 - INFO - 投票结果: 选择路径 0, 答案: 4, 置信度: 1.0
2025-08-08 17:37:51,370 - INFO - 投票结果: 选择路径 0, 答案: 2000, 置信度: 1.0
2025-08-08 17:37:51,371 - INFO - 投票结果: 选择路径 0, 答案: 20, 置信度: 0.4
2025-08-08 17:37:51,371 - INFO - 投票结果: 选择路径 0, 答案: 8, 置信度: 1.0
2025-08-08 17:37:51,372 - INFO - 投票结果: 选择路径 0, 答案: 100, 置信度: 1.0
2025-08-08 17:37:51,373 - INFO - 投票结果: 选择路径 1, 答案: 60, 置信度: 0.5
2025-08-08 17:37:51,373 - INFO - 投票结果: 选择路径 0, 答案: 460, 置信度: 1.0
2025-08-08 17:37:51,374 - INFO - 投票结果: 选择路径 0, 答案: 10, 置信度: 0.5
2025-08-08 17:37:51,374 - INFO - 投票结果: 选择路径 0, 答案: 750, 置信度: 0.8
2025-08-08 17:37:51,375 - INFO - 投票结果: 选择路径 0, 答案: 255, 置信度: 1.0
2025-08-08 17:37:51,376 - INFO - 投票结果: 选择路径 0, 答案: 240, 置信度: 0.7
2025-08-08 17:37:51,376 - INFO - 投票结果: 选择路径 0, 答案: 50, 置信度: 1.0
2025-08-08 17:37:51,377 - INFO - 投票结果: 选择路径 1, 答案: 60000, 置信度: 0.9
2025-08-08 17:37:51,377 - INFO - 投票结果: 选择路径 0, 答案: 97, 置信度: 0.5
2025-08-08 17:37:51,378 - INFO - 投票结果: 选择路径 0, 答案: 80, 置信度: 0.2
2025-08-08 17:37:51,379 - INFO - 投票结果: 选择路径 2, 答案: 195, 置信度: 0.3
2025-08-08 17:37:51,379 - INFO - 投票结果: 选择路径 0, 答案: 13, 置信度: 0.9
2025-08-08 17:37:51,380 - INFO - 投票结果: 选择路径 0, 答案: 4, 置信度: 0.6
2025-08-08 17:37:51,381 - INFO - 投票结果: 选择路径 1, 答案: 210, 置信度: 0.7
2025-08-08 17:37:51,381 - INFO - 投票结果: 选择路径 0, 答案: 540, 置信度: 0.9
2025-08-08 17:37:51,382 - INFO - 投票结果: 选择路径 0, 答案: 104, 置信度: 0.8
2025-08-08 17:37:51,382 - INFO - 投票结果: 选择路径 0, 答案: 27, 置信度: 0.9
2025-08-08 17:37:51,383 - INFO - 投票结果: 选择路径 0, 答案: 75, 置信度: 1.0
2025-08-08 17:37:51,384 - INFO - 投票结果: 选择路径 2, 答案: 39, 置信度: 0.2
2025-08-08 17:37:51,384 - INFO - 投票结果: 选择路径 0, 答案: 120, 置信度: 0.6
2025-08-08 17:37:51,385 - INFO - 投票结果: 选择路径 0, 答案: 348, 置信度: 0.5
2025-08-08 17:37:51,386 - INFO - 投票结果: 选择路径 0, 答案: 15, 置信度: 0.9
2025-08-08 17:37:51,387 - INFO - 投票结果: 选择路径 0, 答案: 247, 置信度: 0.9
2025-08-08 17:37:51,387 - INFO - 投票结果: 选择路径 1, 答案: 12, 置信度: 0.3
2025-08-08 17:37:51,388 - INFO - 投票结果: 选择路径 0, 答案: 85000, 置信度: 0.8
2025-08-08 17:37:51,389 - INFO - 投票结果: 选择路径 2, 答案: 20, 置信度: 0.2
2025-08-08 17:37:51,389 - INFO - 投票结果: 选择路径 3, 答案: 19, 置信度: 0.3
2025-08-08 17:37:51,390 - INFO - 投票结果: 选择路径 0, 答案: 18, 置信度: 1.0
2025-08-08 17:37:51,390 - INFO - 投票结果: 选择路径 0, 答案: 3, 置信度: 1.0
2025-08-08 17:37:51,391 - INFO - 投票结果: 选择路径 0, 答案: 12, 置信度: 1.0
2025-08-08 17:37:51,392 - INFO - 投票结果: 选择路径 1, 答案: 160000, 置信度: 0.8
2025-08-08 17:37:51,392 - INFO - 投票结果: 选择路径 0, 答案: 50, 置信度: 0.7
2025-08-08 17:37:51,393 - INFO - 投票结果: 选择路径 0, 答案: 76, 置信度: 1.0
2025-08-08 17:37:51,393 - INFO - 投票结果: 选择路径 0, 答案: 10, 置信度: 1.0
2025-08-08 17:37:51,394 - INFO - 投票结果: 选择路径 0, 答案: 17, 置信度: 0.7
2025-08-08 17:37:51,395 - INFO - 投票结果: 选择路径 0, 答案: 44, 置信度: 1.0
2025-08-08 17:37:51,395 - INFO - 投票结果: 选择路径 0, 答案: 76, 置信度: 0.4
2025-08-08 17:37:51,396 - INFO - 投票结果: 选择路径 0, 答案: 3, 置信度: 1.0
2025-08-08 17:37:51,396 - INFO - 投票结果: 选择路径 1, 答案: 40, 置信度: 0.9
2025-08-08 17:37:51,397 - INFO - 投票结果: 选择路径 0, 答案: 15, 置信度: 0.6
2025-08-08 17:37:51,398 - INFO - 投票结果: 选择路径 0, 答案: 10, 置信度: 0.8
2025-08-08 17:37:51,398 - INFO - 投票结果: 选择路径 0, 答案: 16, 置信度: 0.7
2025-08-08 17:37:51,399 - INFO - 投票结果: 选择路径 0, 答案: 28, 置信度: 1.0
2025-08-08 17:37:51,399 - INFO - 投票结果: 选择路径 0, 答案: 64, 置信度: 1.0
2025-08-08 17:37:51,400 - INFO - 投票结果: 选择路径 0, 答案: 1125, 置信度: 0.7
2025-08-08 17:37:51,401 - INFO - 投票结果: 选择路径 0, 答案: 8, 置信度: 1.0
2025-08-08 17:37:51,401 - INFO - 投票结果: 选择路径 0, 答案: 29, 置信度: 1.0
2025-08-08 17:37:51,402 - INFO - 投票结果: 选择路径 0, 答案: 16, 置信度: 1.0
2025-08-08 17:37:51,402 - INFO - 投票结果: 选择路径 4, 答案: 225, 置信度: 0.3
2025-08-08 17:37:51,403 - INFO - 投票结果: 选择路径 3, 答案: 72, 置信度: 0.4
2025-08-08 17:37:51,404 - INFO - 投票结果: 选择路径 0, 答案: 576, 置信度: 1.0
2025-08-08 17:37:51,404 - INFO - 投票结果: 选择路径 0, 答案: 34, 置信度: 1.0
2025-08-08 17:37:51,405 - INFO - 投票结果: 选择路径 1, 答案: 10, 置信度: 0.8
2025-08-08 17:37:51,405 - INFO - 投票结果: 选择路径 1, 答案: 9, 置信度: 0.8
2025-08-08 17:37:51,406 - INFO - 投票结果: 选择路径 0, 答案: 140, 置信度: 0.9
2025-08-08 17:37:51,407 - INFO - 投票结果: 选择路径 0, 答案: 60, 置信度: 0.2
2025-08-08 17:37:51,407 - INFO - 投票结果: 选择路径 0, 答案: 315, 置信度: 0.4
2025-08-08 17:37:51,408 - INFO - 投票结果: 选择路径 1, 答案: 16, 置信度: 0.7
2025-08-08 17:37:51,408 - INFO - 投票结果: 选择路径 1, 答案: 132, 置信度: 0.9
2025-08-08 17:37:51,409 - INFO - 投票结果: 选择路径 0, 答案: 64, 置信度: 1.0
2025-08-08 17:37:51,410 - INFO - 投票结果: 选择路径 1, 答案: 72, 置信度: 0.8
2025-08-08 17:37:51,410 - INFO - 投票结果: 选择路径 0, 答案: 8, 置信度: 0.6
2025-08-08 17:37:51,411 - INFO - 投票结果: 选择路径 0, 答案: 4, 置信度: 1.0
2025-08-08 17:37:51,411 - INFO - 投票结果: 选择路径 0, 答案: 120, 置信度: 0.6
2025-08-08 17:37:51,412 - INFO - 投票结果: 选择路径 0, 答案: 15, 置信度: 0.7
2025-08-08 17:37:51,413 - INFO - 投票结果: 选择路径 0, 答案: 539, 置信度: 0.9
2025-08-08 17:37:51,413 - INFO - 投票结果: 选择路径 0, 答案: 7400, 置信度: 0.1
2025-08-08 17:37:51,414 - INFO - 投票结果: 选择路径 0, 答案: 2, 置信度: 0.9
2025-08-08 17:37:51,414 - INFO - 投票结果: 选择路径 0, 答案: 15, 置信度: 1.0
2025-08-08 17:37:51,415 - INFO - 投票结果: 选择路径 0, 答案: 27, 置信度: 0.2
2025-08-08 17:37:51,416 - INFO - 投票结果: 选择路径 1, 答案: 2, 置信度: 0.4
2025-08-08 17:37:51,416 - INFO - 投票结果: 选择路径 0, 答案: 7425, 置信度: 0.6
2025-08-08 17:37:51,417 - INFO - 投票结果: 选择路径 0, 答案: 8, 置信度: 1.0
2025-08-08 17:37:51,417 - INFO - 投票结果: 选择路径 0, 答案: 6, 置信度: 0.3
2025-08-08 17:37:51,418 - INFO - 投票结果: 选择路径 0, 答案: 100, 置信度: 0.8
2025-08-08 17:37:51,419 - INFO - 投票结果: 选择路径 0, 答案: 36, 置信度: 1.0
2025-08-08 17:37:51,419 - INFO - 投票结果: 选择路径 1, 答案: 20, 置信度: 0.4
2025-08-08 17:37:51,420 - INFO - 投票结果: 选择路径 0, 答案: 32, 置信度: 0.8
2025-08-08 17:37:51,420 - INFO - 投票结果: 选择路径 0, 答案: 45, 置信度: 0.6
2025-08-08 17:37:51,421 - INFO - 投票结果: 选择路径 0, 答案: 27, 置信度: 0.9
2025-08-08 17:37:51,422 - INFO - 投票结果: 选择路径 0, 答案: 7.5, 置信度: 0.8
2025-08-08 17:37:51,422 - INFO - 投票结果: 选择路径 1, 答案: 98, 置信度: 0.9
2025-08-08 17:37:51,423 - INFO - 投票结果: 选择路径 0, 答案: 4, 置信度: 0.9
2025-08-08 17:37:51,423 - INFO - 投票结果: 选择路径 2, 答案: 4, 置信度: 0.3
2025-08-08 17:37:51,424 - INFO - 投票结果: 选择路径 0, 答案: 30, 置信度: 0.5
2025-08-08 17:37:51,425 - INFO - 投票结果: 选择路径 0, 答案: 10, 置信度: 1.0
2025-08-08 17:37:51,425 - INFO - 投票结果: 选择路径 4, 答案: 180, 置信度: 0.2
2025-08-08 17:37:51,426 - INFO - 投票结果: 选择路径 0, 答案: 312, 置信度: 0.9
2025-08-08 17:37:51,426 - INFO - 投票结果: 选择路径 0, 答案: 1375, 置信度: 1.0
2025-08-08 17:37:51,427 - INFO - 投票结果: 选择路径 0, 答案: 8, 置信度: 1.0
2025-08-08 17:37:51,428 - INFO - 投票结果: 选择路径 2, 答案: 245, 置信度: 0.4
2025-08-08 17:37:51,428 - INFO - 投票结果: 选择路径 0, 答案: 6, 置信度: 1.0
2025-08-08 17:37:51,429 - INFO - 投票结果: 选择路径 0, 答案: 840, 置信度: 1.0
2025-08-08 17:37:51,430 - INFO - 投票结果: 选择路径 0, 答案: 40, 置信度: 1.0
2025-08-08 17:37:51,430 - INFO - 投票结果: 选择路径 1, 答案: 72, 置信度: 0.2
2025-08-08 17:37:51,431 - INFO - 投票结果: 选择路径 0, 答案: 10, 置信度: 0.8
2025-08-08 17:37:51,432 - INFO - 投票结果: 选择路径 0, 答案: 3430, 置信度: 0.5
2025-08-08 17:37:51,432 - INFO - 投票结果: 选择路径 0, 答案: 16, 置信度: 0.9
2025-08-08 17:37:51,433 - INFO - 投票结果: 选择路径 0, 答案: 17, 置信度: 1.0
2025-08-08 17:37:51,434 - INFO - 投票结果: 选择路径 1, 答案: 2, 置信度: 0.8
2025-08-08 17:37:51,434 - INFO - 投票结果: 选择路径 1, 答案: 14, 置信度: 0.7
2025-08-08 17:37:51,435 - INFO - 投票结果: 选择路径 0, 答案: 27, 置信度: 1.0
2025-08-08 17:37:51,435 - INFO - 投票结果: 选择路径 0, 答案: 84, 置信度: 1.0
2025-08-08 17:37:51,436 - INFO - 投票结果: 选择路径 0, 答案: 70, 置信度: 1.0
2025-08-08 17:37:51,437 - INFO - 投票结果: 选择路径 0, 答案: 20, 置信度: 1.0
2025-08-08 17:37:51,437 - INFO - 投票结果: 选择路径 1, 答案: 1095, 置信度: 0.4
2025-08-08 17:37:51,438 - INFO - 投票结果: 选择路径 1, 答案: 15, 置信度: 0.4
2025-08-08 17:37:51,438 - INFO - 投票结果: 选择路径 0, 答案: 736, 置信度: 0.7
2025-08-08 17:37:51,439 - INFO - 投票结果: 选择路径 1, 答案: 42, 置信度: 0.8
2025-08-08 17:37:51,440 - INFO - 投票结果: 选择路径 1, 答案: 8, 置信度: 0.3
2025-08-08 17:37:51,440 - INFO - 投票结果: 选择路径 2, 答案: 27, 置信度: 0.4
2025-08-08 17:37:51,441 - INFO - 投票结果: 选择路径 3, 答案: 465, 置信度: 0.3
2025-08-08 17:37:51,442 - INFO - 投票结果: 选择路径 1, 答案: 17, 置信度: 0.5
2025-08-08 17:37:51,442 - INFO - 投票结果: 选择路径 0, 答案: 360, 置信度: 1.0
2025-08-08 17:37:51,443 - INFO - 投票结果: 选择路径 0, 答案: 10800, 置信度: 0.7
2025-08-08 17:37:51,444 - INFO - 投票结果: 选择路径 1, 答案: 78, 置信度: 0.3
2025-08-08 17:37:51,444 - INFO - 投票结果: 选择路径 0, 答案: 99157.49, 置信度: 0.1
2025-08-08 17:37:51,445 - INFO - 投票结果: 选择路径 0, 答案: 6, 置信度: 0.8
2025-08-08 17:37:51,445 - INFO - 投票结果: 选择路径 0, 答案: 40, 置信度: 0.5
2025-08-08 17:37:51,446 - INFO - 投票结果: 选择路径 0, 答案: 88, 置信度: 1.0
2025-08-08 17:37:51,447 - INFO - 投票结果: 选择路径 0, 答案: 12, 置信度: 1.0
2025-08-08 17:37:51,447 - INFO - 投票结果: 选择路径 0, 答案: 5, 置信度: 0.2
2025-08-08 17:37:51,448 - INFO - 投票结果: 选择路径 2, 答案: 16, 置信度: 0.3
2025-08-08 17:37:51,449 - INFO - 投票结果: 选择路径 1, 答案: 2, 置信度: 0.4
2025-08-08 17:37:51,449 - INFO - 投票结果: 选择路径 6, 答案: 50, 置信度: 0.2
2025-08-08 17:37:51,450 - INFO - 投票结果: 选择路径 0, 答案: 6, 置信度: 1.0
2025-08-08 17:37:51,450 - INFO - 投票结果: 选择路径 0, 答案: 4, 置信度: 1.0
2025-08-08 17:37:51,451 - INFO - 投票结果: 选择路径 0, 答案: 20, 置信度: 0.9
2025-08-08 17:37:51,452 - INFO - 投票结果: 选择路径 0, 答案: 800, 置信度: 1.0
2025-08-08 17:37:51,452 - INFO - 投票结果: 选择路径 0, 答案: 1, 置信度: 0.9
2025-08-08 17:37:51,453 - INFO - 投票结果: 选择路径 0, 答案: 50, 置信度: 1.0
2025-08-08 17:37:51,453 - INFO - 投票结果: 选择路径 1, 答案: 72.22, 置信度: 0.4
2025-08-08 17:37:51,454 - INFO - 投票结果: 选择路径 0, 答案: 7, 置信度: 0.6
2025-08-08 17:37:51,455 - INFO - 投票结果: 选择路径 0, 答案: 63, 置信度: 1.0
2025-08-08 17:37:51,455 - INFO - 投票结果: 选择路径 0, 答案: 9, 置信度: 1.0
2025-08-08 17:37:51,456 - INFO - 投票结果: 选择路径 0, 答案: 42, 置信度: 0.9
2025-08-08 17:37:51,456 - INFO - 投票结果: 选择路径 0, 答案: 5, 置信度: 0.5
2025-08-08 17:37:51,457 - INFO - 投票结果: 选择路径 0, 答案: 240, 置信度: 0.9
2025-08-08 17:37:51,458 - INFO - 投票结果: 选择路径 0, 答案: 1000, 置信度: 1.0
2025-08-08 17:37:51,458 - INFO - 投票结果: 选择路径 0, 答案: 109, 置信度: 1.0
2025-08-08 17:37:51,459 - INFO - 投票结果: 选择路径 0, 答案: 140, 置信度: 0.9
2025-08-08 17:37:51,459 - INFO - 投票结果: 选择路径 0, 答案: 55, 置信度: 1.0
2025-08-08 17:37:51,460 - INFO - 投票结果: 选择路径 0, 答案: 16, 置信度: 1.0
2025-08-08 17:37:51,461 - INFO - 投票结果: 选择路径 0, 答案: 272, 置信度: 0.4
2025-08-08 17:37:51,461 - INFO - 投票结果: 选择路径 0, 答案: 110, 置信度: 1.0
2025-08-08 17:37:51,462 - INFO - 投票结果: 选择路径 0, 答案: 13, 置信度: 1.0
2025-08-08 17:37:51,462 - INFO - 投票结果: 选择路径 0, 答案: 5, 置信度: 0.5
2025-08-08 17:37:51,463 - INFO - 投票结果: 选择路径 0, 答案: 48, 置信度: 1.0
2025-08-08 17:37:51,464 - INFO - 投票结果: 选择路径 0, 答案: 8, 置信度: 1.0
2025-08-08 17:37:51,464 - INFO - 投票结果: 选择路径 0, 答案: 8, 置信度: 1.0
2025-08-08 17:37:51,465 - INFO - 投票结果: 选择路径 0, 答案: 56, 置信度: 0.9
2025-08-08 17:37:51,465 - INFO - 投票结果: 选择路径 0, 答案: 3, 置信度: 0.9
2025-08-08 17:37:51,466 - INFO - 投票结果: 选择路径 0, 答案: 34, 置信度: 0.5
2025-08-08 17:37:51,467 - INFO - 投票结果: 选择路径 1, 答案: 4, 置信度: 0.6
2025-08-08 17:37:51,467 - INFO - 投票结果: 选择路径 0, 答案: 20000, 置信度: 1.0
2025-08-08 17:37:51,468 - INFO - 投票结果: 选择路径 1, 答案: 9, 置信度: 0.8
2025-08-08 17:37:51,468 - INFO - 投票结果: 选择路径 0, 答案: 52, 置信度: 1.0
2025-08-08 17:37:51,469 - INFO - 投票结果: 选择路径 0, 答案: 30, 置信度: 0.3
2025-08-08 17:37:51,470 - INFO - 投票结果: 选择路径 2, 答案: 110000, 置信度: 0.3
2025-08-08 17:37:51,470 - INFO - 投票结果: 选择路径 0, 答案: 45, 置信度: 1.0
2025-08-08 17:37:51,471 - INFO - 投票结果: 选择路径 0, 答案: 1, 置信度: 0.8
2025-08-08 17:37:51,471 - INFO - 投票结果: 选择路径 0, 答案: 5600, 置信度: 0.5
2025-08-08 17:37:51,472 - INFO - 投票结果: 选择路径 0, 答案: 7, 置信度: 1.0
2025-08-08 17:37:51,473 - INFO - 投票结果: 选择路径 0, 答案: 25, 置信度: 0.9
2025-08-08 17:37:51,473 - INFO - 投票结果: 选择路径 0, 答案: -91, 置信度: 0.6
2025-08-08 17:37:51,474 - INFO - 投票结果: 选择路径 2, 答案: 180, 置信度: 0.5
2025-08-08 17:37:51,474 - INFO - 投票结果: 选择路径 2, 答案: 24, 置信度: 0.6
2025-08-08 17:37:51,475 - INFO - 投票结果: 选择路径 0, 答案: 6, 置信度: 0.7
2025-08-08 17:37:51,476 - INFO - 投票结果: 选择路径 0, 答案: 40, 置信度: 0.9
2025-08-08 17:37:51,476 - INFO - 投票结果: 选择路径 0, 答案: -3, 置信度: 0.9
2025-08-08 17:37:51,477 - INFO - 投票结果: 选择路径 2, 答案: 224, 置信度: 0.6
2025-08-08 17:37:51,477 - INFO - 投票结果: 选择路径 0, 答案: 227, 置信度: 0.9
2025-08-08 17:37:51,478 - INFO - 投票结果: 选择路径 0, 答案: 762, 置信度: 1.0
2025-08-08 17:37:51,479 - INFO - 投票结果: 选择路径 0, 答案: 34, 置信度: 0.8
2025-08-08 17:37:51,479 - INFO - 投票结果: 选择路径 0, 答案: 2, 置信度: 0.9
2025-08-08 17:37:51,480 - INFO - 投票结果: 选择路径 0, 答案: 2, 置信度: 0.8
2025-08-08 17:37:51,480 - INFO - 投票结果: 选择路径 0, 答案: 29, 置信度: 0.3
2025-08-08 17:37:51,481 - INFO - 投票结果: 选择路径 0, 答案: 4, 置信度: 0.9
2025-08-08 17:37:51,482 - INFO - 投票结果: 选择路径 0, 答案: 110, 置信度: 0.8
2025-08-08 17:37:51,482 - INFO - 投票结果: 选择路径 0, 答案: 750, 置信度: 1.0
2025-08-08 17:37:51,483 - INFO - 投票结果: 选择路径 0, 答案: 240, 置信度: 0.9
2025-08-08 17:37:51,483 - INFO - 投票结果: 选择路径 3, 答案: 300, 置信度: 0.2
2025-08-08 17:37:51,484 - INFO - 投票结果: 选择路径 0, 答案: 105, 置信度: 0.8
2025-08-08 17:37:51,485 - INFO - 投票结果: 选择路径 0, 答案: 120, 置信度: 0.7
2025-08-08 17:37:51,485 - INFO - 投票结果: 选择路径 0, 答案: 240, 置信度: 0.9
2025-08-08 17:37:51,486 - INFO - 投票结果: 选择路径 0, 答案: 4000, 置信度: 0.7
2025-08-08 17:37:51,486 - INFO - 投票结果: 选择路径 0, 答案: 60, 置信度: 1.0
2025-08-08 17:37:51,487 - INFO - 投票结果: 选择路径 0, 答案: 36, 置信度: 0.7
2025-08-08 17:37:51,488 - INFO - 投票结果: 选择路径 0, 答案: 80, 置信度: 0.8
2025-08-08 17:37:51,488 - INFO - 投票结果: 选择路径 1, 答案: 240, 置信度: 0.5
2025-08-08 17:37:51,489 - INFO - 投票结果: 选择路径 3, 答案: 32, 置信度: 0.6
2025-08-08 17:37:51,489 - INFO - 投票结果: 选择路径 0, 答案: 940, 置信度: 0.9
2025-08-08 17:37:51,490 - INFO - 投票结果: 选择路径 0, 答案: 84, 置信度: 1.0
2025-08-08 17:37:51,491 - INFO - 投票结果: 选择路径 0, 答案: 2, 置信度: 1.0
2025-08-08 17:37:51,491 - INFO - 投票结果: 选择路径 0, 答案: 32, 置信度: 1.0
2025-08-08 17:37:51,492 - INFO - 投票结果: 选择路径 0, 答案: 12, 置信度: 0.5
2025-08-08 17:37:51,492 - INFO - 投票结果: 选择路径 0, 答案: 6, 置信度: 0.7
2025-08-08 17:37:51,493 - INFO - 投票结果: 选择路径 2, 答案: 1, 置信度: 0.5
2025-08-08 17:37:51,494 - INFO - 投票结果: 选择路径 0, 答案: 14, 置信度: 1.0
2025-08-08 17:37:51,494 - INFO - 投票结果: 选择路径 0, 答案: 448, 置信度: 1.0
2025-08-08 17:37:51,495 - INFO - 投票结果: 选择路径 0, 答案: 12, 置信度: 0.9
2025-08-08 17:37:51,496 - INFO - 投票结果: 选择路径 0, 答案: 1110, 置信度: 0.7
2025-08-08 17:37:51,496 - INFO - 投票结果: 选择路径 0, 答案: 2, 置信度: 0.4
2025-08-08 17:37:51,497 - INFO - 投票结果: 选择路径 0, 答案: 6, 置信度: 1.0
2025-08-08 17:37:51,497 - INFO - 投票结果: 选择路径 0, 答案: 28, 置信度: 0.7
2025-08-08 17:37:51,498 - INFO - 投票结果: 选择路径 0, 答案: 1200, 置信度: 0.3
2025-08-08 17:37:51,499 - INFO - 投票结果: 选择路径 0, 答案: 32, 置信度: 1.0
2025-08-08 17:37:51,499 - INFO - 投票结果: 选择路径 0, 答案: 60, 置信度: 1.0
2025-08-08 17:37:51,500 - INFO - 投票结果: 选择路径 0, 答案: 90, 置信度: 1.0
2025-08-08 17:37:51,500 - INFO - 投票结果: 选择路径 2, 答案: 79, 置信度: 0.2
2025-08-08 17:37:51,501 - INFO - 投票结果: 选择路径 0, 答案: 270, 置信度: 1.0
2025-08-08 17:37:51,502 - INFO - 投票结果: 选择路径 0, 答案: 56000, 置信度: 0.4
2025-08-08 17:37:51,502 - INFO - 投票结果: 选择路径 0, 答案: 72, 置信度: 0.8
2025-08-08 17:37:51,503 - INFO - 投票结果: 选择路径 0, 答案: 400, 置信度: 0.8
2025-08-08 17:37:51,503 - INFO - 投票结果: 选择路径 0, 答案: 12, 置信度: 0.8
2025-08-08 17:37:51,504 - INFO - 投票结果: 选择路径 0, 答案: 15, 置信度: 0.8
2025-08-08 17:37:51,505 - INFO - 投票结果: 选择路径 1, 答案: 234, 置信度: 0.2
2025-08-08 17:37:51,505 - INFO - 投票结果: 选择路径 0, 答案: 25, 置信度: 0.2
2025-08-08 17:37:51,506 - INFO - 投票结果: 选择路径 0, 答案: 4, 置信度: 1.0
2025-08-08 17:37:51,506 - INFO - 投票结果: 选择路径 0, 答案: 4, 置信度: 1.0
2025-08-08 17:37:51,507 - INFO - 投票结果: 选择路径 0, 答案: 17500, 置信度: 0.6
2025-08-08 17:37:51,508 - INFO - 投票结果: 选择路径 0, 答案: 8, 置信度: 1.0
2025-08-08 17:37:51,508 - INFO - 投票结果: 选择路径 0, 答案: 21, 置信度: 0.8
2025-08-08 17:37:51,509 - INFO - 投票结果: 选择路径 0, 答案: 18, 置信度: 0.5
2025-08-08 17:37:51,509 - INFO - 投票结果: 选择路径 0, 答案: 1, 置信度: 0.9
2025-08-08 17:37:51,510 - INFO - 投票结果: 选择路径 0, 答案: 193, 置信度: 1.0
2025-08-08 17:37:51,511 - INFO - 投票结果: 选择路径 0, 答案: 3, 置信度: 0.9
2025-08-08 17:37:51,511 - INFO - 投票结果: 选择路径 2, 答案: 131250, 置信度: 0.4
2025-08-08 17:37:51,512 - INFO - 投票结果: 选择路径 0, 答案: 24, 置信度: 0.9
2025-08-08 17:37:51,513 - INFO - 投票结果: 选择路径 0, 答案: 68, 置信度: 0.2
2025-08-08 17:37:51,513 - INFO - 投票结果: 选择路径 0, 答案: 490, 置信度: 1.0
2025-08-08 17:37:51,514 - INFO - 投票结果: 选择路径 0, 答案: 19, 置信度: 0.5
2025-08-08 17:37:51,514 - INFO - 投票结果: 选择路径 0, 答案: 60, 置信度: 1.0
2025-08-08 17:37:51,515 - INFO - 投票结果: 选择路径 0, 答案: 17, 置信度: 0.9
2025-08-08 17:37:51,516 - INFO - 投票结果: 选择路径 2, 答案: 6850000, 置信度: 0.5
2025-08-08 17:37:51,516 - INFO - 投票结果: 选择路径 0, 答案: 15, 置信度: 1.0
2025-08-08 17:37:51,517 - INFO - 投票结果: 选择路径 0, 答案: 80, 置信度: 0.5
2025-08-08 17:37:51,517 - INFO - 投票结果: 选择路径 0, 答案: 18, 置信度: 0.9
2025-08-08 17:37:51,518 - INFO - 投票结果: 选择路径 0, 答案: 30, 置信度: 1.0
2025-08-08 17:37:51,519 - INFO - 投票结果: 选择路径 0, 答案: 60, 置信度: 1.0
2025-08-08 17:37:51,519 - INFO - 投票结果: 选择路径 0, 答案: 260, 置信度: 1.0
2025-08-08 17:37:51,520 - INFO - 投票结果: 选择路径 0, 答案: 60, 置信度: 1.0
2025-08-08 17:37:51,520 - INFO - 投票结果: 选择路径 0, 答案: 75, 置信度: 0.7
2025-08-08 17:37:51,521 - INFO - 投票结果: 选择路径 0, 答案: 25, 置信度: 0.9
2025-08-08 17:37:51,521 - INFO - 投票结果: 选择路径 0, 答案: 75, 置信度: 0.1
2025-08-08 17:37:51,522 - INFO - 投票结果: 选择路径 0, 答案: 5, 置信度: 1.0
2025-08-08 17:37:51,523 - INFO - 投票结果: 选择路径 0, 答案: 84, 置信度: 0.6
2025-08-08 17:37:51,523 - INFO - 投票结果: 选择路径 0, 答案: 7, 置信度: 0.7
2025-08-08 17:37:51,524 - INFO - 投票结果: 选择路径 0, 答案: 2, 置信度: 1.0
2025-08-08 17:37:51,524 - INFO - 投票结果: 选择路径 0, 答案: 21, 置信度: 0.8
2025-08-08 17:37:51,525 - INFO - 投票结果: 选择路径 0, 答案: 8, 置信度: 1.0
2025-08-08 17:37:51,526 - INFO - 投票结果: 选择路径 2, 答案: 50, 置信度: 0.2
2025-08-08 17:37:51,526 - INFO - 投票结果: 选择路径 0, 答案: 90000, 置信度: 0.9
2025-08-08 17:37:51,527 - INFO - 投票结果: 选择路径 0, 答案: 2, 置信度: 1.0
2025-08-08 17:37:51,527 - INFO - 投票结果: 选择路径 0, 答案: 40, 置信度: 0.4
2025-08-08 17:37:51,528 - INFO - 投票结果: 选择路径 1, 答案: 2, 置信度: 0.5
2025-08-08 17:37:51,529 - INFO - 投票结果: 选择路径 0, 答案: 100, 置信度: 1.0
2025-08-08 17:37:51,529 - INFO - 投票结果: 选择路径 0, 答案: 30, 置信度: 1.0
2025-08-08 17:37:51,530 - INFO - 投票结果: 选择路径 0, 答案: 8, 置信度: 1.0
2025-08-08 17:37:51,530 - INFO - 投票结果: 选择路径 0, 答案: 31, 置信度: 0.7
2025-08-08 17:37:51,531 - INFO - 投票结果: 选择路径 2, 答案: 120000, 置信度: 0.6
2025-08-08 17:37:51,532 - INFO - 投票结果: 选择路径 0, 答案: 180, 置信度: 1.0
2025-08-08 17:37:51,532 - INFO - 投票结果: 选择路径 0, 答案: 3, 置信度: 1.0
2025-08-08 17:37:51,533 - INFO - 投票结果: 选择路径 0, 答案: 5, 置信度: 0.8
2025-08-08 17:37:51,533 - INFO - 投票结果: 选择路径 0, 答案: 5, 置信度: 1.0
2025-08-08 17:37:51,534 - INFO - 投票结果: 选择路径 0, 答案: 130000, 置信度: 1.0
2025-08-08 17:37:51,535 - INFO - 投票结果: 选择路径 2, 答案: 68, 置信度: 0.6
2025-08-08 17:37:51,535 - INFO - 投票结果: 选择路径 0, 答案: 78, 置信度: 0.9
2025-08-08 17:37:51,536 - INFO - 投票结果: 选择路径 0, 答案: 28, 置信度: 1.0
2025-08-08 17:37:51,536 - INFO - 投票结果: 选择路径 0, 答案: 15, 置信度: 1.0
2025-08-08 17:37:51,537 - INFO - 投票结果: 选择路径 1, 答案: 320, 置信度: 0.5
2025-08-08 17:37:51,538 - INFO - 投票结果: 选择路径 3, 答案: 38.89, 置信度: 0.4
2025-08-08 17:37:51,538 - INFO - 投票结果: 选择路径 0, 答案: 2400, 置信度: 0.5
2025-08-08 17:37:51,539 - INFO - 投票结果: 选择路径 0, 答案: 18, 置信度: 0.9
2025-08-08 17:37:51,540 - INFO - 投票结果: 选择路径 0, 答案: 90, 置信度: 0.7
2025-08-08 17:37:51,540 - INFO - 投票结果: 选择路径 1, 答案: 31, 置信度: 0.5
2025-08-08 17:37:51,541 - INFO - 投票结果: 选择路径 0, 答案: 800, 置信度: 0.2
2025-08-08 17:37:51,542 - INFO - 投票结果: 选择路径 0, 答案: 130, 置信度: 0.3
2025-08-08 17:37:51,542 - INFO - 投票结果: 选择路径 0, 答案: 7, 置信度: 1.0
2025-08-08 17:37:51,543 - INFO - 投票结果: 选择路径 1, 答案: 75, 置信度: 0.7
2025-08-08 17:37:51,544 - INFO - 投票结果: 选择路径 1, 答案: 650, 置信度: 0.9
2025-08-08 17:37:51,544 - INFO - 投票结果: 选择路径 1, 答案: 310, 置信度: 0.9
2025-08-08 17:37:51,545 - INFO - 投票结果: 选择路径 0, 答案: 12, 置信度: 0.5
2025-08-08 17:37:51,545 - INFO - 投票结果: 选择路径 0, 答案: 5, 置信度: 1.0
2025-08-08 17:37:51,546 - INFO - 投票结果: 选择路径 0, 答案: 29, 置信度: 0.9
2025-08-08 17:37:51,547 - INFO - 投票结果: 选择路径 0, 答案: 140, 置信度: 0.8
2025-08-08 17:37:51,547 - INFO - 投票结果: 选择路径 0, 答案: 30, 置信度: 1.0
2025-08-08 17:37:51,548 - INFO - 投票结果: 选择路径 0, 答案: 40, 置信度: 0.5
2025-08-08 17:37:51,549 - INFO - 投票结果: 选择路径 0, 答案: 100, 置信度: 1.0
2025-08-08 17:37:51,549 - INFO - 投票结果: 选择路径 0, 答案: 35, 置信度: 1.0
2025-08-08 17:37:51,550 - INFO - 投票结果: 选择路径 0, 答案: 79, 置信度: 1.0
2025-08-08 17:37:51,551 - INFO - 投票结果: 选择路径 1, 答案: 2, 置信度: 0.5
2025-08-08 17:37:51,551 - INFO - 投票结果: 选择路径 0, 答案: 4, 置信度: 1.0
2025-08-08 17:37:51,552 - INFO - 投票结果: 选择路径 0, 答案: 6, 置信度: 0.8
2025-08-08 17:37:51,552 - INFO - 投票结果: 选择路径 0, 答案: 32, 置信度: 1.0
2025-08-08 17:37:51,553 - INFO - 投票结果: 选择路径 0, 答案: 112, 置信度: 1.0
2025-08-08 17:37:51,554 - INFO - 投票结果: 选择路径 0, 答案: 54, 置信度: 0.4
2025-08-08 17:37:51,554 - INFO - 投票结果: 选择路径 1, 答案: 450, 置信度: 0.9
2025-08-08 17:37:51,555 - INFO - 投票结果: 选择路径 0, 答案: 4400, 置信度: 0.3
2025-08-08 17:37:51,555 - INFO - 投票结果: 选择路径 1, 答案: 450, 置信度: 0.8
2025-08-08 17:37:51,556 - INFO - 投票结果: 选择路径 0, 答案: 6, 置信度: 1.0
2025-08-08 17:37:51,557 - INFO - 投票结果: 选择路径 0, 答案: 14, 置信度: 0.3
2025-08-08 17:37:51,557 - INFO - 投票结果: 选择路径 0, 答案: 144, 置信度: 1.0
2025-08-08 17:37:51,558 - INFO - 投票结果: 选择路径 0, 答案: 8, 置信度: 0.9
2025-08-08 17:37:51,559 - INFO - 投票结果: 选择路径 0, 答案: 2125, 置信度: 0.8
2025-08-08 17:37:51,559 - INFO - 投票结果: 选择路径 0, 答案: 130, 置信度: 0.4
2025-08-08 17:37:51,560 - INFO - 投票结果: 选择路径 0, 答案: 13, 置信度: 1.0
2025-08-08 17:37:51,560 - INFO - 投票结果: 选择路径 1, 答案: 112, 置信度: 0.7
2025-08-08 17:37:51,561 - INFO - 投票结果: 选择路径 0, 答案: 133, 置信度: 1.0
2025-08-08 17:37:51,562 - INFO - 投票结果: 选择路径 0, 答案: 100, 置信度: 1.0
2025-08-08 17:37:51,562 - INFO - 投票结果: 选择路径 0, 答案: 350, 置信度: 1.0
2025-08-08 17:37:51,563 - INFO - 投票结果: 选择路径 2, 答案: 44.4, 置信度: 0.5
2025-08-08 17:37:51,564 - INFO - 投票结果: 选择路径 0, 答案: 105, 置信度: 1.0
2025-08-08 17:37:51,564 - INFO - 投票结果: 选择路径 2, 答案: 7, 置信度: 0.6
2025-08-08 17:37:51,565 - INFO - 投票结果: 选择路径 0, 答案: 860, 置信度: 0.9
2025-08-08 17:37:51,565 - INFO - 投票结果: 选择路径 0, 答案: 72, 置信度: 0.9
2025-08-08 17:37:51,566 - INFO - 投票结果: 选择路径 0, 答案: 50, 置信度: 0.2
2025-08-08 17:37:51,567 - INFO - 投票结果: 选择路径 0, 答案: 1, 置信度: 1.0
2025-08-08 17:37:51,567 - INFO - 投票结果: 选择路径 1, 答案: 1, 置信度: 0.3
2025-08-08 17:37:51,568 - INFO - 投票结果: 选择路径 4, 答案: 36, 置信度: 0.4
2025-08-08 17:37:51,568 - INFO - 投票结果: 选择路径 0, 答案: 140, 置信度: 0.9
2025-08-08 17:37:51,569 - INFO - 投票结果: 选择路径 0, 答案: 20, 置信度: 1.0
2025-08-08 17:37:51,570 - INFO - 投票结果: 选择路径 0, 答案: 1800, 置信度: 0.6
2025-08-08 17:37:51,570 - INFO - 投票结果: 选择路径 1, 答案: 25, 置信度: 0.8
2025-08-08 17:37:51,571 - INFO - 投票结果: 选择路径 0, 答案: 147, 置信度: 1.0
2025-08-08 17:37:51,571 - INFO - 投票结果: 选择路径 0, 答案: 10, 置信度: 1.0
2025-08-08 17:37:51,572 - INFO - 投票结果: 选择路径 1, 答案: 25, 置信度: 0.8
2025-08-08 17:37:51,573 - INFO - 投票结果: 选择路径 0, 答案: 32, 置信度: 0.8
2025-08-08 17:37:51,573 - INFO - 投票结果: 选择路径 0, 答案: 276, 置信度: 1.0
2025-08-08 17:37:51,574 - INFO - 投票结果: 选择路径 1, 答案: 176, 置信度: 0.4
2025-08-08 17:37:51,574 - INFO - 投票结果: 选择路径 0, 答案: 30, 置信度: 1.0
2025-08-08 17:37:51,575 - INFO - 投票结果: 选择路径 2, 答案: 280, 置信度: 0.7
2025-08-08 17:37:51,575 - INFO - 投票结果: 选择路径 0, 答案: 8000, 置信度: 1.0
2025-08-08 17:37:51,576 - INFO - 投票结果: 选择路径 0, 答案: 50, 置信度: 0.3
2025-08-08 17:37:51,577 - INFO - 投票结果: 选择路径 1, 答案: 84, 置信度: 0.3
2025-08-08 17:37:51,577 - INFO - 投票结果: 选择路径 0, 答案: 50, 置信度: 0.9
2025-08-08 17:37:51,578 - INFO - 投票结果: 选择路径 0, 答案: 50, 置信度: 0.9
2025-08-08 17:37:51,579 - INFO - 投票结果: 选择路径 0, 答案: 320, 置信度: 0.4
2025-08-08 17:37:51,579 - INFO - 投票结果: 选择路径 0, 答案: 38, 置信度: 1.0
2025-08-08 17:37:51,580 - INFO - 投票结果: 选择路径 1, 答案: 34, 置信度: 0.6
2025-08-08 17:37:51,580 - INFO - 投票结果: 选择路径 0, 答案: 594, 置信度: 1.0
2025-08-08 17:37:51,581 - INFO - 投票结果: 选择路径 0, 答案: 36, 置信度: 0.4
2025-08-08 17:37:51,581 - INFO - 投票结果: 选择路径 0, 答案: 98, 置信度: 0.8
2025-08-08 17:37:51,582 - INFO - 投票结果: 选择路径 0, 答案: 123, 置信度: 1.0
2025-08-08 17:37:51,583 - INFO - 投票结果: 选择路径 0, 答案: 27, 置信度: 1.0
2025-08-08 17:37:51,583 - INFO - 投票结果: 选择路径 1, 答案: 145, 置信度: 0.7
2025-08-08 17:37:51,584 - INFO - 投票结果: 选择路径 0, 答案: 23, 置信度: 0.9
2025-08-08 17:37:51,585 - INFO - 投票结果: 选择路径 0, 答案: 14, 置信度: 0.8
2025-08-08 17:37:51,585 - INFO - 投票结果: 选择路径 3, 答案: 18, 置信度: 0.4
2025-08-08 17:37:51,586 - INFO - 投票结果: 选择路径 0, 答案: 21, 置信度: 0.8
2025-08-08 17:37:51,586 - INFO - 投票结果: 选择路径 0, 答案: 40000, 置信度: 0.9
2025-08-08 17:37:51,587 - INFO - 投票结果: 选择路径 0, 答案: 90, 置信度: 0.7
2025-08-08 17:37:51,588 - INFO - 投票结果: 选择路径 0, 答案: 11150, 置信度: 0.4
2025-08-08 17:37:51,588 - INFO - 投票结果: 选择路径 0, 答案: 1520, 置信度: 1.0
2025-08-08 17:37:51,589 - INFO - 投票结果: 选择路径 0, 答案: 32, 置信度: 0.4
2025-08-08 17:37:51,589 - INFO - 投票结果: 选择路径 1, 答案: 2000, 置信度: 0.5
2025-08-08 17:37:51,590 - INFO - 投票结果: 选择路径 0, 答案: 93, 置信度: 0.9
2025-08-08 17:37:51,591 - INFO - 投票结果: 选择路径 0, 答案: 40, 置信度: 0.8
2025-08-08 17:37:51,591 - INFO - 投票结果: 选择路径 0, 答案: 15, 置信度: 1.0
2025-08-08 17:37:51,592 - INFO - 投票结果: 选择路径 0, 答案: 66, 置信度: 1.0
2025-08-08 17:37:51,592 - INFO - 投票结果: 选择路径 1, 答案: 5, 置信度: 0.9
2025-08-08 17:37:51,593 - INFO - 投票结果: 选择路径 0, 答案: 5, 置信度: 1.0
2025-08-08 17:37:51,594 - INFO - 投票结果: 选择路径 0, 答案: 0.5, 置信度: 0.8
2025-08-08 17:37:51,594 - INFO - 投票结果: 选择路径 0, 答案: 1430, 置信度: 0.9
2025-08-08 17:37:51,595 - INFO - 投票结果: 选择路径 0, 答案: 36, 置信度: 0.9
2025-08-08 17:37:51,595 - INFO - 投票结果: 选择路径 0, 答案: 80, 置信度: 0.9
2025-08-08 17:37:51,596 - INFO - 投票结果: 选择路径 0, 答案: 29, 置信度: 0.9
2025-08-08 17:37:51,597 - INFO - 投票结果: 选择路径 0, 答案: 122, 置信度: 0.9
2025-08-08 17:37:51,597 - INFO - 投票结果: 选择路径 0, 答案: 60, 置信度: 1.0
2025-08-08 17:37:51,598 - INFO - 投票结果: 选择路径 0, 答案: 145, 置信度: 0.4
2025-08-08 17:37:51,598 - INFO - 投票结果: 选择路径 0, 答案: 21, 置信度: 1.0
2025-08-08 17:37:51,599 - INFO - 投票结果: 选择路径 0, 答案: 45, 置信度: 0.9
2025-08-08 17:37:51,600 - INFO - 投票结果: 选择路径 0, 答案: 273, 置信度: 1.0
2025-08-08 17:37:51,600 - INFO - 投票结果: 选择路径 1, 答案: 12, 置信度: 0.4
2025-08-08 17:37:51,601 - INFO - 投票结果: 选择路径 0, 答案: 5, 置信度: 0.8
2025-08-08 17:37:51,601 - INFO - 投票结果: 选择路径 0, 答案: 1, 置信度: 1.0
2025-08-08 17:37:51,602 - INFO - 投票结果: 选择路径 2, 答案: 2280, 置信度: 0.2
2025-08-08 17:37:51,621 - INFO - 正确率: 83.40%
2025-08-08 17:37:52,666 - INFO - 结果已保存到: /cephfs/shared/sunyifan/Min-p-CoT/grid_search_results/Llama-3.2-3B-Instruct_GSM8k_test_0.05_interval/minp_0.35_0.15_0.7_0.85_temp_1.0/min_p_cot_results_4-step-CoT_Llama-3.2-3B-Instruct_GSM8k_test_0.35_0.15_0.7_0.85_vote10_majority_run2.json
2025-08-08 17:37:52,667 - INFO - 实验完成!
2025-08-08 17:37:52,837 - INFO - 实验 22 (第 2/3 次) 完成，准确率: 83.40%
2025-08-08 17:37:52,839 - INFO - 开始实验 22 (第 3/3 次): min-p值 = [0.35, 0.15, 0.7, 0.85], 温度 = 1.0
2025-08-08 17:37:52,840 - INFO - 创建配置文件: /cephfs/shared/sunyifan/Min-p-CoT/grid_search_results/Llama-3.2-3B-Instruct_GSM8k_test_0.05_interval/minp_0.35_0.15_0.7_0.85_temp_1.0/config_experiment_0.35_0.15_0.7_0.85_temp_1.0_run3.json
2025-08-08 17:37:52,844 - INFO - 配置文件验证通过
2025-08-08 17:37:52,846 - INFO - 随机种子已设置为: 42
2025-08-08 17:37:52,847 - INFO - 使用已提供的模型实例: Llama-3.2-3B-Instruct
2025-08-08 17:37:52,848 - INFO - 加载数据集: GSM8k_test
2025-08-08 17:37:52,848 - INFO - 随机种子已设置为: 42
2025-08-08 17:37:52,854 - INFO - 数据集加载完成，共 1319 条数据，已打乱顺序
2025-08-08 17:37:52,854 - INFO - 使用投票机制，每个问题生成 10 条路径
2025-08-08 17:37:52,855 - INFO - 批量生成模式：为 1319 个问题各生成 10 条路径
2025-08-08 17:37:52,856 - INFO - 开始CoT生成，共4个步骤:
2025-08-08 17:37:52,857 - INFO - 开始CoT步骤 1，min_p=0.35
2025-08-08 17:37:55,166 - INFO - 开始CoT步骤 2，min_p=0.15
2025-08-08 17:38:07,371 - INFO - 开始CoT步骤 3，min_p=0.7
2025-08-08 17:38:18,224 - INFO - 开始CoT步骤 4，min_p=0.85
2025-08-08 17:38:23,366 - INFO - CoT生成完成，共 1319 条CoT
2025-08-08 17:38:23,388 - INFO - 开始CoT生成，共4个步骤:
2025-08-08 17:38:23,390 - INFO - 开始CoT步骤 1，min_p=0.35
2025-08-08 17:38:25,708 - INFO - 开始CoT步骤 2，min_p=0.15
2025-08-08 17:38:38,023 - INFO - 开始CoT步骤 3，min_p=0.7
2025-08-08 17:38:48,841 - INFO - 开始CoT步骤 4，min_p=0.85
2025-08-08 17:38:53,931 - INFO - CoT生成完成，共 1319 条CoT
2025-08-08 17:38:53,952 - INFO - 开始CoT生成，共4个步骤:
2025-08-08 17:38:53,953 - INFO - 开始CoT步骤 1，min_p=0.35
2025-08-08 17:38:56,331 - INFO - 开始CoT步骤 2，min_p=0.15
2025-08-08 17:39:08,436 - INFO - 开始CoT步骤 3，min_p=0.7
2025-08-08 17:39:19,458 - INFO - 开始CoT步骤 4，min_p=0.85
2025-08-08 17:39:24,379 - INFO - CoT生成完成，共 1319 条CoT
2025-08-08 17:39:24,401 - INFO - 开始CoT生成，共4个步骤:
2025-08-08 17:39:24,403 - INFO - 开始CoT步骤 1，min_p=0.35
2025-08-08 17:39:27,032 - INFO - 开始CoT步骤 2，min_p=0.15
2025-08-08 17:39:39,321 - INFO - 开始CoT步骤 3，min_p=0.7
2025-08-08 17:39:49,982 - INFO - 开始CoT步骤 4，min_p=0.85
2025-08-08 17:39:54,710 - INFO - CoT生成完成，共 1319 条CoT
2025-08-08 17:39:54,733 - INFO - 开始CoT生成，共4个步骤:
2025-08-08 17:39:54,735 - INFO - 开始CoT步骤 1，min_p=0.35
2025-08-08 17:39:57,452 - INFO - 开始CoT步骤 2，min_p=0.15
2025-08-08 17:40:10,001 - INFO - 开始CoT步骤 3，min_p=0.7
2025-08-08 17:40:21,229 - INFO - 开始CoT步骤 4，min_p=0.85
2025-08-08 17:40:26,009 - INFO - CoT生成完成，共 1319 条CoT
2025-08-08 17:40:26,030 - INFO - 开始CoT生成，共4个步骤:
2025-08-08 17:40:26,032 - INFO - 开始CoT步骤 1，min_p=0.35
2025-08-08 17:40:28,701 - INFO - 开始CoT步骤 2，min_p=0.15
2025-08-08 17:40:41,240 - INFO - 开始CoT步骤 3，min_p=0.7
2025-08-08 17:40:51,689 - INFO - 开始CoT步骤 4，min_p=0.85
2025-08-08 17:40:56,604 - INFO - CoT生成完成，共 1319 条CoT
2025-08-08 17:40:56,626 - INFO - 开始CoT生成，共4个步骤:
2025-08-08 17:40:56,627 - INFO - 开始CoT步骤 1，min_p=0.35
2025-08-08 17:40:58,957 - INFO - 开始CoT步骤 2，min_p=0.15
2025-08-08 17:41:10,896 - INFO - 开始CoT步骤 3，min_p=0.7
2025-08-08 17:41:21,672 - INFO - 开始CoT步骤 4，min_p=0.85
2025-08-08 17:41:26,823 - INFO - CoT生成完成，共 1319 条CoT
2025-08-08 17:41:26,845 - INFO - 开始CoT生成，共4个步骤:
2025-08-08 17:41:26,846 - INFO - 开始CoT步骤 1，min_p=0.35
2025-08-08 17:41:29,153 - INFO - 开始CoT步骤 2，min_p=0.15
2025-08-08 17:41:41,291 - INFO - 开始CoT步骤 3，min_p=0.7
2025-08-08 17:41:52,240 - INFO - 开始CoT步骤 4，min_p=0.85
2025-08-08 17:41:57,457 - INFO - CoT生成完成，共 1319 条CoT
2025-08-08 17:41:57,479 - INFO - 开始CoT生成，共4个步骤:
2025-08-08 17:41:57,481 - INFO - 开始CoT步骤 1，min_p=0.35
2025-08-08 17:41:59,763 - INFO - 开始CoT步骤 2，min_p=0.15
2025-08-08 17:42:11,957 - INFO - 开始CoT步骤 3，min_p=0.7
2025-08-08 17:42:22,751 - INFO - 开始CoT步骤 4，min_p=0.85
2025-08-08 17:42:27,660 - INFO - CoT生成完成，共 1319 条CoT
2025-08-08 17:42:27,680 - INFO - 开始CoT生成，共4个步骤:
2025-08-08 17:42:27,682 - INFO - 开始CoT步骤 1，min_p=0.35
2025-08-08 17:42:29,907 - INFO - 开始CoT步骤 2，min_p=0.15
2025-08-08 17:42:41,811 - INFO - 开始CoT步骤 3，min_p=0.7
2025-08-08 17:42:52,912 - INFO - 开始CoT步骤 4，min_p=0.85
2025-08-08 17:42:57,535 - INFO - CoT生成完成，共 1319 条CoT
2025-08-08 17:42:57,558 - INFO - 批量生成完成：共生成 1319 组路径，每组 10 条
2025-08-08 17:42:57,559 - INFO - 投票结果: 选择路径 0, 答案: 52, 置信度: 0.8
2025-08-08 17:42:57,560 - INFO - 投票结果: 选择路径 0, 答案: 5, 置信度: 0.9
2025-08-08 17:42:57,561 - INFO - 投票结果: 选择路径 0, 答案: 83, 置信度: 0.9
2025-08-08 17:42:57,562 - INFO - 投票结果: 选择路径 0, 答案: 10, 置信度: 0.9
2025-08-08 17:42:57,562 - INFO - 投票结果: 选择路径 0, 答案: 70, 置信度: 0.4
2025-08-08 17:42:57,563 - INFO - 投票结果: 选择路径 0, 答案: 36, 置信度: 1.0
2025-08-08 17:42:57,564 - INFO - 投票结果: 选择路径 0, 答案: 48, 置信度: 1.0
2025-08-08 17:42:57,564 - INFO - 投票结果: 选择路径 0, 答案: 16, 置信度: 0.9
2025-08-08 17:42:57,565 - INFO - 投票结果: 选择路径 2, 答案: 4.64, 置信度: 0.3
2025-08-08 17:42:57,565 - INFO - 投票结果: 选择路径 0, 答案: 48, 置信度: 1.0
2025-08-08 17:42:57,566 - INFO - 投票结果: 选择路径 0, 答案: 90, 置信度: 0.9
2025-08-08 17:42:57,567 - INFO - 投票结果: 选择路径 1, 答案: 10, 置信度: 0.9
2025-08-08 17:42:57,567 - INFO - 投票结果: 选择路径 0, 答案: 11, 置信度: 0.2
2025-08-08 17:42:57,568 - INFO - 投票结果: 选择路径 0, 答案: 42000, 置信度: 0.3
2025-08-08 17:42:57,568 - INFO - 投票结果: 选择路径 1, 答案: 18, 置信度: 0.8
2025-08-08 17:42:57,569 - INFO - 投票结果: 选择路径 0, 答案: 140, 置信度: 1.0
2025-08-08 17:42:57,570 - INFO - 投票结果: 选择路径 0, 答案: 17, 置信度: 0.9
2025-08-08 17:42:57,570 - INFO - 投票结果: 选择路径 0, 答案: 68, 置信度: 0.8
2025-08-08 17:42:57,571 - INFO - 投票结果: 选择路径 0, 答案: 8, 置信度: 1.0
2025-08-08 17:42:57,571 - INFO - 投票结果: 选择路径 0, 答案: 14, 置信度: 1.0
2025-08-08 17:42:57,572 - INFO - 投票结果: 选择路径 1, 答案: 50, 置信度: 0.5
2025-08-08 17:42:57,573 - INFO - 投票结果: 选择路径 0, 答案: 100, 置信度: 1.0
2025-08-08 17:42:57,573 - INFO - 投票结果: 选择路径 3, 答案: 125, 置信度: 0.2
2025-08-08 17:42:57,574 - INFO - 投票结果: 选择路径 0, 答案: 48, 置信度: 0.6
2025-08-08 17:42:57,574 - INFO - 投票结果: 选择路径 3, 答案: 16400, 置信度: 0.6
2025-08-08 17:42:57,575 - INFO - 投票结果: 选择路径 0, 答案: 250, 置信度: 1.0
2025-08-08 17:42:57,576 - INFO - 投票结果: 选择路径 0, 答案: 18, 置信度: 0.4
2025-08-08 17:42:57,576 - INFO - 投票结果: 选择路径 0, 答案: 1490, 置信度: 0.9
2025-08-08 17:42:57,577 - INFO - 投票结果: 选择路径 1, 答案: 11, 置信度: 0.9
2025-08-08 17:42:57,577 - INFO - 投票结果: 选择路径 0, 答案: 106, 置信度: 1.0
2025-08-08 17:42:57,578 - INFO - 投票结果: 选择路径 0, 答案: 84, 置信度: 0.6
2025-08-08 17:42:57,579 - INFO - 投票结果: 选择路径 0, 答案: 15, 置信度: 0.9
2025-08-08 17:42:57,579 - INFO - 投票结果: 选择路径 0, 答案: 4, 置信度: 1.0
2025-08-08 17:42:57,580 - INFO - 投票结果: 选择路径 0, 答案: 82, 置信度: 0.8
2025-08-08 17:42:57,581 - INFO - 投票结果: 选择路径 1, 答案: 2, 置信度: 0.6
2025-08-08 17:42:57,581 - INFO - 投票结果: 选择路径 1, 答案: 43, 置信度: 0.4
2025-08-08 17:42:57,582 - INFO - 投票结果: 选择路径 0, 答案: 4, 置信度: 1.0
2025-08-08 17:42:57,582 - INFO - 投票结果: 选择路径 0, 答案: 100, 置信度: 1.0
2025-08-08 17:42:57,583 - INFO - 投票结果: 选择路径 0, 答案: 25, 置信度: 0.4
2025-08-08 17:42:57,584 - INFO - 投票结果: 选择路径 0, 答案: 188, 置信度: 1.0
2025-08-08 17:42:57,584 - INFO - 投票结果: 选择路径 0, 答案: 30, 置信度: 1.0
2025-08-08 17:42:57,585 - INFO - 投票结果: 选择路径 0, 答案: 30, 置信度: 1.0
2025-08-08 17:42:57,585 - INFO - 投票结果: 选择路径 0, 答案: 240, 置信度: 1.0
2025-08-08 17:42:57,586 - INFO - 投票结果: 选择路径 0, 答案: 7, 置信度: 1.0
2025-08-08 17:42:57,587 - INFO - 投票结果: 选择路径 3, 答案: 350, 置信度: 0.4
2025-08-08 17:42:57,587 - INFO - 投票结果: 选择路径 4, 答案: 4, 置信度: 0.3
2025-08-08 17:42:57,588 - INFO - 投票结果: 选择路径 0, 答案: 36, 置信度: 0.8
2025-08-08 17:42:57,588 - INFO - 投票结果: 选择路径 0, 答案: 11, 置信度: 0.2
2025-08-08 17:42:57,589 - INFO - 投票结果: 选择路径 0, 答案: 2, 置信度: 0.7
2025-08-08 17:42:57,590 - INFO - 投票结果: 选择路径 0, 答案: 33, 置信度: 0.9
2025-08-08 17:42:57,590 - INFO - 投票结果: 选择路径 0, 答案: 21, 置信度: 1.0
2025-08-08 17:42:57,591 - INFO - 投票结果: 选择路径 0, 答案: 155, 置信度: 0.4
2025-08-08 17:42:57,592 - INFO - 投票结果: 选择路径 0, 答案: 60, 置信度: 0.9
2025-08-08 17:42:57,592 - INFO - 投票结果: 选择路径 0, 答案: 49, 置信度: 0.9
2025-08-08 17:42:57,593 - INFO - 投票结果: 选择路径 3, 答案: 1800, 置信度: 0.3
2025-08-08 17:42:57,593 - INFO - 投票结果: 选择路径 2, 答案: 27, 置信度: 0.6
2025-08-08 17:42:57,594 - INFO - 投票结果: 选择路径 1, 答案: 16, 置信度: 0.7
2025-08-08 17:42:57,595 - INFO - 投票结果: 选择路径 0, 答案: 49, 置信度: 1.0
2025-08-08 17:42:57,595 - INFO - 投票结果: 选择路径 2, 答案: 6, 置信度: 0.3
2025-08-08 17:42:57,596 - INFO - 投票结果: 选择路径 0, 答案: 32, 置信度: 0.7
2025-08-08 17:42:57,596 - INFO - 投票结果: 选择路径 0, 答案: 166, 置信度: 0.1
2025-08-08 17:42:57,597 - INFO - 投票结果: 选择路径 0, 答案: 225, 置信度: 0.9
2025-08-08 17:42:57,598 - INFO - 投票结果: 选择路径 0, 答案: 50, 置信度: 1.0
2025-08-08 17:42:57,598 - INFO - 投票结果: 选择路径 0, 答案: 18, 置信度: 0.3
2025-08-08 17:42:57,599 - INFO - 投票结果: 选择路径 0, 答案: 7, 置信度: 1.0
2025-08-08 17:42:57,599 - INFO - 投票结果: 选择路径 0, 答案: 800, 置信度: 0.8
2025-08-08 17:42:57,600 - INFO - 投票结果: 选择路径 0, 答案: 22, 置信度: 1.0
2025-08-08 17:42:57,601 - INFO - 投票结果: 选择路径 0, 答案: 235, 置信度: 0.8
2025-08-08 17:42:57,601 - INFO - 投票结果: 选择路径 0, 答案: 3, 置信度: 0.9
2025-08-08 17:42:57,602 - INFO - 投票结果: 选择路径 2, 答案: 18, 置信度: 0.4
2025-08-08 17:42:57,602 - INFO - 投票结果: 选择路径 0, 答案: 3000, 置信度: 0.9
2025-08-08 17:42:57,603 - INFO - 投票结果: 选择路径 0, 答案: 300, 置信度: 0.8
2025-08-08 17:42:57,604 - INFO - 投票结果: 选择路径 0, 答案: 20, 置信度: 1.0
2025-08-08 17:42:57,604 - INFO - 投票结果: 选择路径 0, 答案: 130, 置信度: 1.0
2025-08-08 17:42:57,605 - INFO - 投票结果: 选择路径 0, 答案: 4, 置信度: 0.3
2025-08-08 17:42:57,605 - INFO - 投票结果: 选择路径 2, 答案: 48, 置信度: 0.5
2025-08-08 17:42:57,606 - INFO - 投票结果: 选择路径 1, 答案: 50, 置信度: 0.7
2025-08-08 17:42:57,607 - INFO - 投票结果: 选择路径 0, 答案: 2, 置信度: 0.4
2025-08-08 17:42:57,607 - INFO - 投票结果: 选择路径 2, 答案: 5, 置信度: 0.8
2025-08-08 17:42:57,608 - INFO - 投票结果: 选择路径 1, 答案: 110, 置信度: 0.9
2025-08-08 17:42:57,608 - INFO - 投票结果: 选择路径 0, 答案: 900, 置信度: 0.4
2025-08-08 17:42:57,609 - INFO - 投票结果: 选择路径 0, 答案: 16, 置信度: 1.0
2025-08-08 17:42:57,610 - INFO - 投票结果: 选择路径 0, 答案: 80, 置信度: 1.0
2025-08-08 17:42:57,610 - INFO - 投票结果: 选择路径 1, 答案: 45, 置信度: 0.7
2025-08-08 17:42:57,611 - INFO - 投票结果: 选择路径 0, 答案: 36, 置信度: 1.0
2025-08-08 17:42:57,612 - INFO - 投票结果: 选择路径 0, 答案: 5, 置信度: 0.7
2025-08-08 17:42:57,612 - INFO - 投票结果: 选择路径 0, 答案: 2, 置信度: 0.3
2025-08-08 17:42:57,613 - INFO - 投票结果: 选择路径 0, 答案: 36, 置信度: 0.9
2025-08-08 17:42:57,613 - INFO - 投票结果: 选择路径 1, 答案: 60, 置信度: 0.8
2025-08-08 17:42:57,614 - INFO - 投票结果: 选择路径 0, 答案: 9, 置信度: 1.0
2025-08-08 17:42:57,615 - INFO - 投票结果: 选择路径 0, 答案: 1, 置信度: 0.8
2025-08-08 17:42:57,615 - INFO - 投票结果: 选择路径 0, 答案: 30, 置信度: 0.8
2025-08-08 17:42:57,616 - INFO - 投票结果: 选择路径 3, 答案: 70000, 置信度: 0.5
2025-08-08 17:42:57,616 - INFO - 投票结果: 选择路径 0, 答案: 34, 置信度: 1.0
2025-08-08 17:42:57,617 - INFO - 投票结果: 选择路径 1, 答案: 13, 置信度: 0.3
2025-08-08 17:42:57,618 - INFO - 投票结果: 选择路径 0, 答案: 306, 置信度: 1.0
2025-08-08 17:42:57,618 - INFO - 投票结果: 选择路径 0, 答案: 55, 置信度: 1.0
2025-08-08 17:42:57,619 - INFO - 投票结果: 选择路径 0, 答案: 12, 置信度: 1.0
2025-08-08 17:42:57,619 - INFO - 投票结果: 选择路径 0, 答案: 75, 置信度: 1.0
2025-08-08 17:42:57,620 - INFO - 投票结果: 选择路径 2, 答案: 24, 置信度: 0.5
2025-08-08 17:42:57,621 - INFO - 投票结果: 选择路径 1, 答案: 50, 置信度: 0.5
2025-08-08 17:42:57,621 - INFO - 投票结果: 选择路径 0, 答案: 110, 置信度: 1.0
2025-08-08 17:42:57,622 - INFO - 投票结果: 选择路径 0, 答案: 230, 置信度: 0.1
2025-08-08 17:42:57,623 - INFO - 投票结果: 选择路径 2, 答案: 30, 置信度: 0.8
2025-08-08 17:42:57,623 - INFO - 投票结果: 选择路径 0, 答案: 80, 置信度: 0.9
2025-08-08 17:42:57,624 - INFO - 投票结果: 选择路径 0, 答案: 3, 置信度: 0.3
2025-08-08 17:42:57,624 - INFO - 投票结果: 选择路径 0, 答案: 120, 置信度: 1.0
2025-08-08 17:42:57,625 - INFO - 投票结果: 选择路径 0, 答案: 108, 置信度: 0.5
2025-08-08 17:42:57,626 - INFO - 投票结果: 选择路径 0, 答案: 70, 置信度: 1.0
2025-08-08 17:42:57,626 - INFO - 投票结果: 选择路径 3, 答案: 13, 置信度: 0.4
2025-08-08 17:42:57,627 - INFO - 投票结果: 选择路径 0, 答案: 150, 置信度: 1.0
2025-08-08 17:42:57,628 - INFO - 投票结果: 选择路径 0, 答案: 10, 置信度: 0.7
2025-08-08 17:42:57,628 - INFO - 投票结果: 选择路径 4, 答案: 2, 置信度: 0.3
2025-08-08 17:42:57,629 - INFO - 投票结果: 选择路径 0, 答案: 250, 置信度: 1.0
2025-08-08 17:42:57,630 - INFO - 投票结果: 选择路径 0, 答案: 3, 置信度: 1.0
2025-08-08 17:42:57,630 - INFO - 投票结果: 选择路径 0, 答案: 15, 置信度: 1.0
2025-08-08 17:42:57,631 - INFO - 投票结果: 选择路径 0, 答案: 12, 置信度: 1.0
2025-08-08 17:42:57,631 - INFO - 投票结果: 选择路径 0, 答案: 60, 置信度: 1.0
2025-08-08 17:42:57,632 - INFO - 投票结果: 选择路径 0, 答案: 3, 置信度: 1.0
2025-08-08 17:42:57,633 - INFO - 投票结果: 选择路径 0, 答案: 9, 置信度: 0.5
2025-08-08 17:42:57,633 - INFO - 投票结果: 选择路径 0, 答案: 140000, 置信度: 1.0
2025-08-08 17:42:57,634 - INFO - 投票结果: 选择路径 1, 答案: 2, 置信度: 0.3
2025-08-08 17:42:57,634 - INFO - 投票结果: 选择路径 0, 答案: 2400, 置信度: 0.9
2025-08-08 17:42:57,635 - INFO - 投票结果: 选择路径 0, 答案: 4, 置信度: 1.0
2025-08-08 17:42:57,636 - INFO - 投票结果: 选择路径 0, 答案: 83, 置信度: 0.5
2025-08-08 17:42:57,636 - INFO - 投票结果: 选择路径 0, 答案: 300, 置信度: 1.0
2025-08-08 17:42:57,637 - INFO - 投票结果: 选择路径 0, 答案: 91, 置信度: 0.9
2025-08-08 17:42:57,637 - INFO - 投票结果: 选择路径 0, 答案: 8, 置信度: 0.8
2025-08-08 17:42:57,638 - INFO - 投票结果: 选择路径 0, 答案: 120, 置信度: 1.0
2025-08-08 17:42:57,639 - INFO - 投票结果: 选择路径 0, 答案: 350, 置信度: 1.0
2025-08-08 17:42:57,639 - INFO - 投票结果: 选择路径 0, 答案: 2600, 置信度: 1.0
2025-08-08 17:42:57,640 - INFO - 投票结果: 选择路径 0, 答案: 10, 置信度: 1.0
2025-08-08 17:42:57,641 - INFO - 投票结果: 选择路径 0, 答案: 18, 置信度: 0.3
2025-08-08 17:42:57,641 - INFO - 投票结果: 选择路径 2, 答案: 7, 置信度: 0.6
2025-08-08 17:42:57,642 - INFO - 投票结果: 选择路径 1, 答案: 31, 置信度: 0.6
2025-08-08 17:42:57,642 - INFO - 投票结果: 选择路径 0, 答案: 975, 置信度: 0.5
2025-08-08 17:42:57,643 - INFO - 投票结果: 选择路径 1, 答案: 20, 置信度: 0.6
2025-08-08 17:42:57,644 - INFO - 投票结果: 选择路径 0, 答案: 120, 置信度: 0.7
2025-08-08 17:42:57,644 - INFO - 投票结果: 选择路径 0, 答案: 220, 置信度: 1.0
2025-08-08 17:42:57,645 - INFO - 投票结果: 选择路径 0, 答案: 87, 置信度: 1.0
2025-08-08 17:42:57,645 - INFO - 投票结果: 选择路径 0, 答案: 300, 置信度: 1.0
2025-08-08 17:42:57,646 - INFO - 投票结果: 选择路径 0, 答案: 30, 置信度: 0.5
2025-08-08 17:42:57,647 - INFO - 投票结果: 选择路径 1, 答案: 21, 置信度: 0.3
2025-08-08 17:42:57,647 - INFO - 投票结果: 选择路径 0, 答案: 16, 置信度: 1.0
2025-08-08 17:42:57,648 - INFO - 投票结果: 选择路径 0, 答案: 7, 置信度: 1.0
2025-08-08 17:42:57,649 - INFO - 投票结果: 选择路径 3, 答案: 81, 置信度: 0.5
2025-08-08 17:42:57,649 - INFO - 投票结果: 选择路径 1, 答案: 5, 置信度: 0.7
2025-08-08 17:42:57,650 - INFO - 投票结果: 选择路径 0, 答案: 9, 置信度: 0.9
2025-08-08 17:42:57,650 - INFO - 投票结果: 选择路径 0, 答案: 10, 置信度: 1.0
2025-08-08 17:42:57,651 - INFO - 投票结果: 选择路径 0, 答案: 24, 置信度: 0.6
2025-08-08 17:42:57,652 - INFO - 投票结果: 选择路径 0, 答案: 5, 置信度: 0.8
2025-08-08 17:42:57,652 - INFO - 投票结果: 选择路径 0, 答案: 50, 置信度: 1.0
2025-08-08 17:42:57,653 - INFO - 投票结果: 选择路径 0, 答案: 48, 置信度: 0.7
2025-08-08 17:42:57,653 - INFO - 投票结果: 选择路径 0, 答案: 25, 置信度: 1.0
2025-08-08 17:42:57,654 - INFO - 投票结果: 选择路径 1, 答案: 96, 置信度: 0.7
2025-08-08 17:42:57,655 - INFO - 投票结果: 选择路径 0, 答案: 33.33, 置信度: 0.3
2025-08-08 17:42:57,655 - INFO - 投票结果: 选择路径 1, 答案: 180, 置信度: 0.5
2025-08-08 17:42:57,656 - INFO - 投票结果: 选择路径 0, 答案: 21, 置信度: 1.0
2025-08-08 17:42:57,656 - INFO - 投票结果: 选择路径 0, 答案: 1200, 置信度: 1.0
2025-08-08 17:42:57,657 - INFO - 投票结果: 选择路径 1, 答案: 255, 置信度: 0.5
2025-08-08 17:42:57,658 - INFO - 投票结果: 选择路径 0, 答案: 4, 置信度: 0.9
2025-08-08 17:42:57,658 - INFO - 投票结果: 选择路径 0, 答案: 10, 置信度: 1.0
2025-08-08 17:42:57,659 - INFO - 投票结果: 选择路径 1, 答案: 700, 置信度: 0.8
2025-08-08 17:42:57,660 - INFO - 投票结果: 选择路径 0, 答案: 38, 置信度: 1.0
2025-08-08 17:42:57,660 - INFO - 投票结果: 选择路径 0, 答案: 32, 置信度: 0.9
2025-08-08 17:42:57,661 - INFO - 投票结果: 选择路径 0, 答案: 30, 置信度: 0.9
2025-08-08 17:42:57,661 - INFO - 投票结果: 选择路径 0, 答案: 16, 置信度: 1.0
2025-08-08 17:42:57,662 - INFO - 投票结果: 选择路径 0, 答案: 40, 置信度: 1.0
2025-08-08 17:42:57,663 - INFO - 投票结果: 选择路径 0, 答案: 288, 置信度: 1.0
2025-08-08 17:42:57,663 - INFO - 投票结果: 选择路径 0, 答案: 1100, 置信度: 0.8
2025-08-08 17:42:57,664 - INFO - 投票结果: 选择路径 0, 答案: 20, 置信度: 1.0
2025-08-08 17:42:57,664 - INFO - 投票结果: 选择路径 0, 答案: 2, 置信度: 0.7
2025-08-08 17:42:57,665 - INFO - 投票结果: 选择路径 0, 答案: 1040000, 置信度: 0.9
2025-08-08 17:42:57,666 - INFO - 投票结果: 选择路径 0, 答案: 9, 置信度: 0.8
2025-08-08 17:42:57,666 - INFO - 投票结果: 选择路径 0, 答案: 132, 置信度: 1.0
2025-08-08 17:42:57,667 - INFO - 投票结果: 选择路径 0, 答案: 93, 置信度: 1.0
2025-08-08 17:42:57,667 - INFO - 投票结果: 选择路径 0, 答案: 4, 置信度: 1.0
2025-08-08 17:42:57,668 - INFO - 投票结果: 选择路径 0, 答案: 85, 置信度: 0.5
2025-08-08 17:42:57,669 - INFO - 投票结果: 选择路径 0, 答案: 33, 置信度: 0.8
2025-08-08 17:42:57,669 - INFO - 投票结果: 选择路径 0, 答案: 12, 置信度: 1.0
2025-08-08 17:42:57,670 - INFO - 投票结果: 选择路径 0, 答案: 7200, 置信度: 1.0
2025-08-08 17:42:57,671 - INFO - 投票结果: 选择路径 0, 答案: 60, 置信度: 1.0
2025-08-08 17:42:57,671 - INFO - 投票结果: 选择路径 0, 答案: 44, 置信度: 1.0
2025-08-08 17:42:57,672 - INFO - 投票结果: 选择路径 0, 答案: 113, 置信度: 0.9
2025-08-08 17:42:57,672 - INFO - 投票结果: 选择路径 0, 答案: 42000, 置信度: 0.3
2025-08-08 17:42:57,673 - INFO - 投票结果: 选择路径 0, 答案: 720, 置信度: 1.0
2025-08-08 17:42:57,674 - INFO - 投票结果: 选择路径 0, 答案: 50, 置信度: 0.9
2025-08-08 17:42:57,674 - INFO - 投票结果: 选择路径 0, 答案: 24, 置信度: 1.0
2025-08-08 17:42:57,675 - INFO - 投票结果: 选择路径 0, 答案: 43, 置信度: 0.7
2025-08-08 17:42:57,675 - INFO - 投票结果: 选择路径 0, 答案: 30, 置信度: 1.0
2025-08-08 17:42:57,676 - INFO - 投票结果: 选择路径 0, 答案: 23, 置信度: 0.6
2025-08-08 17:42:57,677 - INFO - 投票结果: 选择路径 0, 答案: 251, 置信度: 0.7
2025-08-08 17:42:57,677 - INFO - 投票结果: 选择路径 0, 答案: 35, 置信度: 0.8
2025-08-08 17:42:57,678 - INFO - 投票结果: 选择路径 1, 答案: 110, 置信度: 0.6
2025-08-08 17:42:57,678 - INFO - 投票结果: 选择路径 0, 答案: 82, 置信度: 1.0
2025-08-08 17:42:57,679 - INFO - 投票结果: 选择路径 0, 答案: 2100, 置信度: 0.9
2025-08-08 17:42:57,680 - INFO - 投票结果: 选择路径 0, 答案: 3, 置信度: 0.5
2025-08-08 17:42:57,680 - INFO - 投票结果: 选择路径 0, 答案: 12, 置信度: 1.0
2025-08-08 17:42:57,681 - INFO - 投票结果: 选择路径 1, 答案: 6, 置信度: 0.5
2025-08-08 17:42:57,682 - INFO - 投票结果: 选择路径 1, 答案: 12, 置信度: 0.4
2025-08-08 17:42:57,682 - INFO - 投票结果: 选择路径 0, 答案: 500, 置信度: 0.2
2025-08-08 17:42:57,683 - INFO - 投票结果: 选择路径 0, 答案: 27, 置信度: 1.0
2025-08-08 17:42:57,683 - INFO - 投票结果: 选择路径 1, 答案: 360, 置信度: 0.9
2025-08-08 17:42:57,684 - INFO - 投票结果: 选择路径 0, 答案: 14, 置信度: 0.3
2025-08-08 17:42:57,685 - INFO - 投票结果: 选择路径 0, 答案: 694, 置信度: 1.0
2025-08-08 17:42:57,685 - INFO - 投票结果: 选择路径 0, 答案: 3, 置信度: 1.0
2025-08-08 17:42:57,686 - INFO - 投票结果: 选择路径 0, 答案: 360, 置信度: 0.8
2025-08-08 17:42:57,686 - INFO - 投票结果: 选择路径 1, 答案: 400, 置信度: 0.3
2025-08-08 17:42:57,687 - INFO - 投票结果: 选择路径 0, 答案: 20, 置信度: 1.0
2025-08-08 17:42:57,688 - INFO - 投票结果: 选择路径 0, 答案: 3360, 置信度: 1.0
2025-08-08 17:42:57,688 - INFO - 投票结果: 选择路径 1, 答案: 39, 置信度: 0.6
2025-08-08 17:42:57,689 - INFO - 投票结果: 选择路径 0, 答案: 12, 置信度: 0.9
2025-08-08 17:42:57,689 - INFO - 投票结果: 选择路径 0, 答案: 215, 置信度: 1.0
2025-08-08 17:42:57,690 - INFO - 投票结果: 选择路径 3, 答案: 4, 置信度: 0.3
2025-08-08 17:42:57,691 - INFO - 投票结果: 选择路径 0, 答案: 9, 置信度: 1.0
2025-08-08 17:42:57,691 - INFO - 投票结果: 选择路径 0, 答案: 520, 置信度: 0.8
2025-08-08 17:42:57,692 - INFO - 投票结果: 选择路径 0, 答案: 62, 置信度: 0.7
2025-08-08 17:42:57,693 - INFO - 投票结果: 选择路径 0, 答案: 122, 置信度: 0.3
2025-08-08 17:42:57,693 - INFO - 投票结果: 选择路径 0, 答案: 120, 置信度: 1.0
2025-08-08 17:42:57,694 - INFO - 投票结果: 选择路径 0, 答案: 15, 置信度: 1.0
2025-08-08 17:42:57,694 - INFO - 投票结果: 选择路径 1, 答案: 185, 置信度: 0.4
2025-08-08 17:42:57,695 - INFO - 投票结果: 选择路径 1, 答案: 500, 置信度: 0.3
2025-08-08 17:42:57,696 - INFO - 投票结果: 选择路径 1, 答案: 2, 置信度: 0.5
2025-08-08 17:42:57,696 - INFO - 投票结果: 选择路径 2, 答案: 178.75, 置信度: 0.4
2025-08-08 17:42:57,697 - INFO - 投票结果: 选择路径 1, 答案: 202, 置信度: 0.4
2025-08-08 17:42:57,697 - INFO - 投票结果: 选择路径 0, 答案: 21, 置信度: 0.6
2025-08-08 17:42:57,698 - INFO - 投票结果: 选择路径 0, 答案: 10, 置信度: 0.6
2025-08-08 17:42:57,699 - INFO - 投票结果: 选择路径 2, 答案: 6, 置信度: 0.3
2025-08-08 17:42:57,700 - INFO - 投票结果: 选择路径 0, 答案: 43200, 置信度: 0.7
2025-08-08 17:42:57,700 - INFO - 投票结果: 选择路径 0, 答案: 10, 置信度: 1.0
2025-08-08 17:42:57,701 - INFO - 投票结果: 选择路径 2, 答案: 8, 置信度: 0.4
2025-08-08 17:42:57,701 - INFO - 投票结果: 选择路径 0, 答案: 697.5, 置信度: 0.5
2025-08-08 17:42:57,702 - INFO - 投票结果: 选择路径 0, 答案: 160, 置信度: 0.8
2025-08-08 17:42:57,703 - INFO - 投票结果: 选择路径 0, 答案: 40, 置信度: 1.0
2025-08-08 17:42:57,703 - INFO - 投票结果: 选择路径 0, 答案: 12, 置信度: 0.6
2025-08-08 17:42:57,704 - INFO - 投票结果: 选择路径 0, 答案: 36, 置信度: 0.6
2025-08-08 17:42:57,704 - INFO - 投票结果: 选择路径 0, 答案: 36, 置信度: 1.0
2025-08-08 17:42:57,705 - INFO - 投票结果: 选择路径 0, 答案: 9, 置信度: 1.0
2025-08-08 17:42:57,706 - INFO - 投票结果: 选择路径 0, 答案: 16, 置信度: 0.9
2025-08-08 17:42:57,706 - INFO - 投票结果: 选择路径 0, 答案: 60, 置信度: 1.0
2025-08-08 17:42:57,707 - INFO - 投票结果: 选择路径 0, 答案: 4, 置信度: 1.0
2025-08-08 17:42:57,707 - INFO - 投票结果: 选择路径 0, 答案: 3, 置信度: 1.0
2025-08-08 17:42:57,708 - INFO - 投票结果: 选择路径 0, 答案: 100, 置信度: 1.0
2025-08-08 17:42:57,709 - INFO - 投票结果: 选择路径 3, 答案: 2040, 置信度: 0.3
2025-08-08 17:42:57,709 - INFO - 投票结果: 选择路径 0, 答案: 20, 置信度: 0.3
2025-08-08 17:42:57,710 - INFO - 投票结果: 选择路径 0, 答案: 29, 置信度: 1.0
2025-08-08 17:42:57,711 - INFO - 投票结果: 选择路径 3, 答案: 80, 置信度: 0.2
2025-08-08 17:42:57,711 - INFO - 投票结果: 选择路径 0, 答案: 23, 置信度: 0.9
2025-08-08 17:42:57,712 - INFO - 投票结果: 选择路径 2, 答案: 12, 置信度: 0.4
2025-08-08 17:42:57,712 - INFO - 投票结果: 选择路径 0, 答案: 9, 置信度: 0.6
2025-08-08 17:42:57,713 - INFO - 投票结果: 选择路径 1, 答案: 156, 置信度: 0.6
2025-08-08 17:42:57,714 - INFO - 投票结果: 选择路径 0, 答案: 45, 置信度: 0.4
2025-08-08 17:42:57,714 - INFO - 投票结果: 选择路径 0, 答案: 10, 置信度: 1.0
2025-08-08 17:42:57,715 - INFO - 投票结果: 选择路径 0, 答案: 8, 置信度: 1.0
2025-08-08 17:42:57,715 - INFO - 投票结果: 选择路径 0, 答案: 32, 置信度: 0.9
2025-08-08 17:42:57,716 - INFO - 投票结果: 选择路径 0, 答案: 48, 置信度: 0.7
2025-08-08 17:42:57,717 - INFO - 投票结果: 选择路径 0, 答案: 500, 置信度: 1.0
2025-08-08 17:42:57,717 - INFO - 投票结果: 选择路径 0, 答案: 8, 置信度: 0.9
2025-08-08 17:42:57,718 - INFO - 投票结果: 选择路径 0, 答案: 6, 置信度: 0.7
2025-08-08 17:42:57,719 - INFO - 投票结果: 选择路径 0, 答案: -10, 置信度: 1.0
2025-08-08 17:42:57,719 - INFO - 投票结果: 选择路径 1, 答案: 5, 置信度: 0.7
2025-08-08 17:42:57,720 - INFO - 投票结果: 选择路径 0, 答案: 8, 置信度: 0.9
2025-08-08 17:42:57,720 - INFO - 投票结果: 选择路径 0, 答案: 34, 置信度: 1.0
2025-08-08 17:42:57,721 - INFO - 投票结果: 选择路径 2, 答案: 30, 置信度: 0.3
2025-08-08 17:42:57,722 - INFO - 投票结果: 选择路径 0, 答案: 1000, 置信度: 1.0
2025-08-08 17:42:57,722 - INFO - 投票结果: 选择路径 0, 答案: 6, 置信度: 0.8
2025-08-08 17:42:57,723 - INFO - 投票结果: 选择路径 0, 答案: 100, 置信度: 0.3
2025-08-08 17:42:57,723 - INFO - 投票结果: 选择路径 0, 答案: 1920, 置信度: 1.0
2025-08-08 17:42:57,724 - INFO - 投票结果: 选择路径 1, 答案: 19, 置信度: 0.2
2025-08-08 17:42:57,725 - INFO - 投票结果: 选择路径 0, 答案: 50, 置信度: 1.0
2025-08-08 17:42:57,725 - INFO - 投票结果: 选择路径 0, 答案: 4000, 置信度: 0.6
2025-08-08 17:42:57,726 - INFO - 投票结果: 选择路径 0, 答案: 5, 置信度: 1.0
2025-08-08 17:42:57,727 - INFO - 投票结果: 选择路径 0, 答案: 10, 置信度: 1.0
2025-08-08 17:42:57,727 - INFO - 投票结果: 选择路径 0, 答案: 7, 置信度: 1.0
2025-08-08 17:42:57,728 - INFO - 投票结果: 选择路径 0, 答案: 20, 置信度: 1.0
2025-08-08 17:42:57,728 - INFO - 投票结果: 选择路径 1, 答案: 38, 置信度: 0.6
2025-08-08 17:42:57,729 - INFO - 投票结果: 选择路径 0, 答案: 9, 置信度: 0.6
2025-08-08 17:42:57,730 - INFO - 投票结果: 选择路径 0, 答案: 112500, 置信度: 0.1
2025-08-08 17:42:57,730 - INFO - 投票结果: 选择路径 0, 答案: 120, 置信度: 0.6
2025-08-08 17:42:57,731 - INFO - 投票结果: 选择路径 0, 答案: 10368, 置信度: 0.1
2025-08-08 17:42:57,731 - INFO - 投票结果: 选择路径 0, 答案: 36, 置信度: 0.4
2025-08-08 17:42:57,732 - INFO - 投票结果: 选择路径 1, 答案: 595, 置信度: 0.8
2025-08-08 17:42:57,733 - INFO - 投票结果: 选择路径 0, 答案: 110, 置信度: 1.0
2025-08-08 17:42:57,733 - INFO - 投票结果: 选择路径 0, 答案: 4800, 置信度: 1.0
2025-08-08 17:42:57,734 - INFO - 投票结果: 选择路径 1, 答案: 140, 置信度: 0.7
2025-08-08 17:42:57,734 - INFO - 投票结果: 选择路径 0, 答案: 34, 置信度: 1.0
2025-08-08 17:42:57,735 - INFO - 投票结果: 选择路径 0, 答案: 10, 置信度: 1.0
2025-08-08 17:42:57,736 - INFO - 投票结果: 选择路径 2, 答案: 2450, 置信度: 0.4
2025-08-08 17:42:57,736 - INFO - 投票结果: 选择路径 0, 答案: 30, 置信度: 1.0
2025-08-08 17:42:57,737 - INFO - 投票结果: 选择路径 3, 答案: 224000, 置信度: 0.5
2025-08-08 17:42:57,737 - INFO - 投票结果: 选择路径 0, 答案: 168, 置信度: 0.9
2025-08-08 17:42:57,738 - INFO - 投票结果: 选择路径 0, 答案: 120, 置信度: 0.8
2025-08-08 17:42:57,739 - INFO - 投票结果: 选择路径 0, 答案: 3, 置信度: 0.8
2025-08-08 17:42:57,739 - INFO - 投票结果: 选择路径 0, 答案: 20, 置信度: 0.8
2025-08-08 17:42:57,740 - INFO - 投票结果: 选择路径 0, 答案: 4, 置信度: 0.7
2025-08-08 17:42:57,740 - INFO - 投票结果: 选择路径 0, 答案: 7.50, 置信度: 0.5
2025-08-08 17:42:57,741 - INFO - 投票结果: 选择路径 0, 答案: 8, 置信度: 1.0
2025-08-08 17:42:57,742 - INFO - 投票结果: 选择路径 0, 答案: 308, 置信度: 1.0
2025-08-08 17:42:57,742 - INFO - 投票结果: 选择路径 0, 答案: 187, 置信度: 0.9
2025-08-08 17:42:57,743 - INFO - 投票结果: 选择路径 0, 答案: 123, 置信度: 0.8
2025-08-08 17:42:57,744 - INFO - 投票结果: 选择路径 0, 答案: 4, 置信度: 0.3
2025-08-08 17:42:57,744 - INFO - 投票结果: 选择路径 0, 答案: 72, 置信度: 0.2
2025-08-08 17:42:57,745 - INFO - 投票结果: 选择路径 0, 答案: 14000, 置信度: 1.0
2025-08-08 17:42:57,745 - INFO - 投票结果: 选择路径 1, 答案: 32, 置信度: 0.5
2025-08-08 17:42:57,746 - INFO - 投票结果: 选择路径 0, 答案: 7, 置信度: 1.0
2025-08-08 17:42:57,747 - INFO - 投票结果: 选择路径 1, 答案: 480, 置信度: 0.7
2025-08-08 17:42:57,747 - INFO - 投票结果: 选择路径 0, 答案: 2, 置信度: 0.9
2025-08-08 17:42:57,748 - INFO - 投票结果: 选择路径 0, 答案: 45, 置信度: 0.6
2025-08-08 17:42:57,749 - INFO - 投票结果: 选择路径 0, 答案: 31, 置信度: 0.8
2025-08-08 17:42:57,749 - INFO - 投票结果: 选择路径 1, 答案: 10, 置信度: 0.5
2025-08-08 17:42:57,750 - INFO - 投票结果: 选择路径 0, 答案: 18, 置信度: 1.0
2025-08-08 17:42:57,750 - INFO - 投票结果: 选择路径 0, 答案: 3, 置信度: 0.3
2025-08-08 17:42:57,751 - INFO - 投票结果: 选择路径 0, 答案: 93000, 置信度: 1.0
2025-08-08 17:42:57,752 - INFO - 投票结果: 选择路径 0, 答案: 10240, 置信度: 0.2
2025-08-08 17:42:57,752 - INFO - 投票结果: 选择路径 0, 答案: 150, 置信度: 0.9
2025-08-08 17:42:57,753 - INFO - 投票结果: 选择路径 0, 答案: 220, 置信度: 1.0
2025-08-08 17:42:57,753 - INFO - 投票结果: 选择路径 0, 答案: 12, 置信度: 0.9
2025-08-08 17:42:57,754 - INFO - 投票结果: 选择路径 0, 答案: 71, 置信度: 1.0
2025-08-08 17:42:57,755 - INFO - 投票结果: 选择路径 0, 答案: 8, 置信度: 1.0
2025-08-08 17:42:57,755 - INFO - 投票结果: 选择路径 0, 答案: 121-x, 置信度: 0.1
2025-08-08 17:42:57,756 - INFO - 投票结果: 选择路径 0, 答案: 53, 置信度: 1.0
2025-08-08 17:42:57,757 - INFO - 投票结果: 选择路径 0, 答案: 31800, 置信度: 0.7
2025-08-08 17:42:57,757 - INFO - 投票结果: 选择路径 0, 答案: 4, 置信度: 0.5
2025-08-08 17:42:57,758 - INFO - 投票结果: 选择路径 0, 答案: 12, 置信度: 0.8
2025-08-08 17:42:57,759 - INFO - 投票结果: 选择路径 0, 答案: 10, 置信度: 1.0
2025-08-08 17:42:57,759 - INFO - 投票结果: 选择路径 5, 答案: 2800, 置信度: 0.3
2025-08-08 17:42:57,760 - INFO - 投票结果: 选择路径 0, 答案: 18, 置信度: 0.9
2025-08-08 17:42:57,761 - INFO - 投票结果: 选择路径 0, 答案: 18, 置信度: 0.5
2025-08-08 17:42:57,761 - INFO - 投票结果: 选择路径 0, 答案: 139, 置信度: 0.9
2025-08-08 17:42:57,762 - INFO - 投票结果: 选择路径 1, 答案: 36, 置信度: 0.8
2025-08-08 17:42:57,763 - INFO - 投票结果: 选择路径 0, 答案: 18, 置信度: 0.5
2025-08-08 17:42:57,763 - INFO - 投票结果: 选择路径 0, 答案: 12, 置信度: 1.0
2025-08-08 17:42:57,764 - INFO - 投票结果: 选择路径 0, 答案: 78, 置信度: 1.0
2025-08-08 17:42:57,764 - INFO - 投票结果: 选择路径 0, 答案: 3, 置信度: 1.0
2025-08-08 17:42:57,765 - INFO - 投票结果: 选择路径 0, 答案: 300, 置信度: 0.3
2025-08-08 17:42:57,766 - INFO - 投票结果: 选择路径 1, 答案: 163, 置信度: 0.5
2025-08-08 17:42:57,766 - INFO - 投票结果: 选择路径 0, 答案: 90, 置信度: 1.0
2025-08-08 17:42:57,767 - INFO - 投票结果: 选择路径 0, 答案: 225, 置信度: 0.5
2025-08-08 17:42:57,767 - INFO - 投票结果: 选择路径 0, 答案: 480, 置信度: 0.3
2025-08-08 17:42:57,768 - INFO - 投票结果: 选择路径 0, 答案: 5, 置信度: 0.5
2025-08-08 17:42:57,769 - INFO - 投票结果: 选择路径 0, 答案: 90, 置信度: 1.0
2025-08-08 17:42:57,769 - INFO - 投票结果: 选择路径 0, 答案: 42, 置信度: 1.0
2025-08-08 17:42:57,770 - INFO - 投票结果: 选择路径 0, 答案: 162, 置信度: 0.9
2025-08-08 17:42:57,771 - INFO - 投票结果: 选择路径 0, 答案: 9, 置信度: 0.5
2025-08-08 17:42:57,771 - INFO - 投票结果: 选择路径 0, 答案: 5.4, 置信度: 0.1
2025-08-08 17:42:57,772 - INFO - 投票结果: 选择路径 1, 答案: 82, 置信度: 0.2
2025-08-08 17:42:57,773 - INFO - 投票结果: 选择路径 1, 答案: 14000, 置信度: 0.7
2025-08-08 17:42:57,773 - INFO - 投票结果: 选择路径 0, 答案: 45, 置信度: 1.0
2025-08-08 17:42:57,774 - INFO - 投票结果: 选择路径 0, 答案: 420, 置信度: 0.8
2025-08-08 17:42:57,774 - INFO - 投票结果: 选择路径 0, 答案: 15, 置信度: 1.0
2025-08-08 17:42:57,775 - INFO - 投票结果: 选择路径 0, 答案: 30, 置信度: 1.0
2025-08-08 17:42:57,776 - INFO - 投票结果: 选择路径 0, 答案: 280, 置信度: 1.0
2025-08-08 17:42:57,776 - INFO - 投票结果: 选择路径 1, 答案: 5, 置信度: 0.6
2025-08-08 17:42:57,777 - INFO - 投票结果: 选择路径 0, 答案: 135, 置信度: 0.8
2025-08-08 17:42:57,777 - INFO - 投票结果: 选择路径 0, 答案: 67, 置信度: 1.0
2025-08-08 17:42:57,778 - INFO - 投票结果: 选择路径 0, 答案: 1260, 置信度: 1.0
2025-08-08 17:42:57,779 - INFO - 投票结果: 选择路径 0, 答案: 80, 置信度: 1.0
2025-08-08 17:42:57,779 - INFO - 投票结果: 选择路径 0, 答案: 1220, 置信度: 0.3
2025-08-08 17:42:57,780 - INFO - 投票结果: 选择路径 0, 答案: 15, 置信度: 1.0
2025-08-08 17:42:57,780 - INFO - 投票结果: 选择路径 0, 答案: 12, 置信度: 0.7
2025-08-08 17:42:57,781 - INFO - 投票结果: 选择路径 0, 答案: 15, 置信度: 0.8
2025-08-08 17:42:57,782 - INFO - 投票结果: 选择路径 0, 答案: 221, 置信度: 1.0
2025-08-08 17:42:57,782 - INFO - 投票结果: 选择路径 0, 答案: 5, 置信度: 1.0
2025-08-08 17:42:57,783 - INFO - 投票结果: 选择路径 0, 答案: 11, 置信度: 0.6
2025-08-08 17:42:57,784 - INFO - 投票结果: 选择路径 0, 答案: 8400, 置信度: 0.7
2025-08-08 17:42:57,784 - INFO - 投票结果: 选择路径 0, 答案: 11000, 置信度: 0.6
2025-08-08 17:42:57,785 - INFO - 投票结果: 选择路径 0, 答案: 60, 置信度: 1.0
2025-08-08 17:42:57,785 - INFO - 投票结果: 选择路径 1, 答案: 823, 置信度: 0.2
2025-08-08 17:42:57,786 - INFO - 投票结果: 选择路径 1, 答案: 20, 置信度: 0.5
2025-08-08 17:42:57,787 - INFO - 投票结果: 选择路径 0, 答案: 6, 置信度: 0.9
2025-08-08 17:42:57,787 - INFO - 投票结果: 选择路径 3, 答案: 12, 置信度: 0.5
2025-08-08 17:42:57,788 - INFO - 投票结果: 选择路径 0, 答案: 480, 置信度: 1.0
2025-08-08 17:42:57,789 - INFO - 投票结果: 选择路径 0, 答案: 14400, 置信度: 0.5
2025-08-08 17:42:57,789 - INFO - 投票结果: 选择路径 0, 答案: 3, 置信度: 0.9
2025-08-08 17:42:57,790 - INFO - 投票结果: 选择路径 0, 答案: 250, 置信度: 0.9
2025-08-08 17:42:57,790 - INFO - 投票结果: 选择路径 0, 答案: 168, 置信度: 1.0
2025-08-08 17:42:57,791 - INFO - 投票结果: 选择路径 0, 答案: 16200, 置信度: 0.3
2025-08-08 17:42:57,792 - INFO - 投票结果: 选择路径 1, 答案: 120, 置信度: 0.7
2025-08-08 17:42:57,792 - INFO - 投票结果: 选择路径 0, 答案: 270, 置信度: 1.0
2025-08-08 17:42:57,793 - INFO - 投票结果: 选择路径 0, 答案: 26, 置信度: 1.0
2025-08-08 17:42:57,793 - INFO - 投票结果: 选择路径 1, 答案: 20, 置信度: 0.5
2025-08-08 17:42:57,794 - INFO - 投票结果: 选择路径 6, 答案: 45, 置信度: 0.3
2025-08-08 17:42:57,795 - INFO - 投票结果: 选择路径 0, 答案: 101, 置信度: 1.0
2025-08-08 17:42:57,795 - INFO - 投票结果: 选择路径 2, 答案: 80, 置信度: 0.2
2025-08-08 17:42:57,796 - INFO - 投票结果: 选择路径 0, 答案: 85, 置信度: 1.0
2025-08-08 17:42:57,797 - INFO - 投票结果: 选择路径 0, 答案: 3, 置信度: 0.6
2025-08-08 17:42:57,797 - INFO - 投票结果: 选择路径 4, 答案: 800, 置信度: 0.3
2025-08-08 17:42:57,798 - INFO - 投票结果: 选择路径 0, 答案: 300, 置信度: 1.0
2025-08-08 17:42:57,798 - INFO - 投票结果: 选择路径 0, 答案: 31, 置信度: 1.0
2025-08-08 17:42:57,799 - INFO - 投票结果: 选择路径 0, 答案: 12, 置信度: 0.8
2025-08-08 17:42:57,800 - INFO - 投票结果: 选择路径 0, 答案: 2:00p, 置信度: 0.7
2025-08-08 17:42:57,800 - INFO - 投票结果: 选择路径 0, 答案: 3, 置信度: 0.9
2025-08-08 17:42:57,801 - INFO - 投票结果: 选择路径 0, 答案: 10, 置信度: 0.5
2025-08-08 17:42:57,801 - INFO - 投票结果: 选择路径 0, 答案: 45, 置信度: 1.0
2025-08-08 17:42:57,802 - INFO - 投票结果: 选择路径 0, 答案: 200, 置信度: 0.7
2025-08-08 17:42:57,803 - INFO - 投票结果: 选择路径 1, 答案: 34, 置信度: 0.3
2025-08-08 17:42:57,803 - INFO - 投票结果: 选择路径 0, 答案: 10, 置信度: 0.8
2025-08-08 17:42:57,804 - INFO - 投票结果: 选择路径 0, 答案: 98, 置信度: 1.0
2025-08-08 17:42:57,804 - INFO - 投票结果: 选择路径 3, 答案: 2, 置信度: 0.5
2025-08-08 17:42:57,805 - INFO - 投票结果: 选择路径 1, 答案: 45, 置信度: 0.5
2025-08-08 17:42:57,806 - INFO - 投票结果: 选择路径 0, 答案: 6, 置信度: 0.4
2025-08-08 17:42:57,806 - INFO - 投票结果: 选择路径 0, 答案: 8, 置信度: 0.8
2025-08-08 17:42:57,807 - INFO - 投票结果: 选择路径 0, 答案: 30-7.5, 置信度: 0.1
2025-08-08 17:42:57,808 - INFO - 投票结果: 选择路径 0, 答案: 70, 置信度: 1.0
2025-08-08 17:42:57,808 - INFO - 投票结果: 选择路径 0, 答案: 294, 置信度: 0.9
2025-08-08 17:42:57,809 - INFO - 投票结果: 选择路径 0, 答案: 5, 置信度: 0.2
2025-08-08 17:42:57,809 - INFO - 投票结果: 选择路径 0, 答案: 13, 置信度: 1.0
2025-08-08 17:42:57,810 - INFO - 投票结果: 选择路径 0, 答案: 195, 置信度: 0.8
2025-08-08 17:42:57,811 - INFO - 投票结果: 选择路径 0, 答案: 7, 置信度: 1.0
2025-08-08 17:42:57,811 - INFO - 投票结果: 选择路径 0, 答案: 1875, 置信度: 0.9
2025-08-08 17:42:57,812 - INFO - 投票结果: 选择路径 0, 答案: 385000, 置信度: 1.0
2025-08-08 17:42:57,812 - INFO - 投票结果: 选择路径 0, 答案: 85, 置信度: 1.0
2025-08-08 17:42:57,813 - INFO - 投票结果: 选择路径 0, 答案: 27, 置信度: 0.9
2025-08-08 17:42:57,814 - INFO - 投票结果: 选择路径 0, 答案: 159, 置信度: 1.0
2025-08-08 17:42:57,814 - INFO - 投票结果: 选择路径 0, 答案: 25, 置信度: 0.9
2025-08-08 17:42:57,815 - INFO - 投票结果: 选择路径 0, 答案: 720, 置信度: 1.0
2025-08-08 17:42:57,815 - INFO - 投票结果: 选择路径 2, 答案: 549, 置信度: 0.4
2025-08-08 17:42:57,816 - INFO - 投票结果: 选择路径 0, 答案: 7, 置信度: 1.0
2025-08-08 17:42:57,817 - INFO - 投票结果: 选择路径 0, 答案: 25, 置信度: 0.7
2025-08-08 17:42:57,817 - INFO - 投票结果: 选择路径 3, 答案: 90, 置信度: 0.4
2025-08-08 17:42:57,818 - INFO - 投票结果: 选择路径 0, 答案: 2, 置信度: 0.9
2025-08-08 17:42:57,818 - INFO - 投票结果: 选择路径 0, 答案: 22, 置信度: 0.6
2025-08-08 17:42:57,819 - INFO - 投票结果: 选择路径 1, 答案: 40, 置信度: 0.8
2025-08-08 17:42:57,820 - INFO - 投票结果: 选择路径 3, 答案: 2050, 置信度: 0.3
2025-08-08 17:42:57,820 - INFO - 投票结果: 选择路径 1, 答案: 500, 置信度: 0.3
2025-08-08 17:42:57,821 - INFO - 投票结果: 选择路径 0, 答案: 10, 置信度: 0.7
2025-08-08 17:42:57,821 - INFO - 投票结果: 选择路径 2, 答案: 36, 置信度: 0.4
2025-08-08 17:42:57,822 - INFO - 投票结果: 选择路径 0, 答案: 17, 置信度: 0.7
2025-08-08 17:42:57,823 - INFO - 投票结果: 选择路径 0, 答案: 50, 置信度: 0.4
2025-08-08 17:42:57,823 - INFO - 投票结果: 选择路径 0, 答案: 96, 置信度: 0.9
2025-08-08 17:42:57,824 - INFO - 投票结果: 选择路径 1, 答案: 280, 置信度: 0.5
2025-08-08 17:42:57,825 - INFO - 投票结果: 选择路径 0, 答案: 60, 置信度: 0.4
2025-08-08 17:42:57,825 - INFO - 投票结果: 选择路径 0, 答案: 142, 置信度: 1.0
2025-08-08 17:42:57,826 - INFO - 投票结果: 选择路径 1, 答案: 5, 置信度: 0.8
2025-08-08 17:42:57,826 - INFO - 投票结果: 选择路径 0, 答案: 95, 置信度: 1.0
2025-08-08 17:42:57,827 - INFO - 投票结果: 选择路径 0, 答案: 175, 置信度: 1.0
2025-08-08 17:42:57,828 - INFO - 投票结果: 选择路径 2, 答案: 10, 置信度: 0.6
2025-08-08 17:42:57,828 - INFO - 投票结果: 选择路径 0, 答案: 15, 置信度: 1.0
2025-08-08 17:42:57,829 - INFO - 投票结果: 选择路径 0, 答案: 370, 置信度: 0.8
2025-08-08 17:42:57,829 - INFO - 投票结果: 选择路径 0, 答案: 13, 置信度: 0.3
2025-08-08 17:42:57,830 - INFO - 投票结果: 选择路径 1, 答案: 2, 置信度: 0.8
2025-08-08 17:42:57,831 - INFO - 投票结果: 选择路径 0, 答案: 120, 置信度: 0.4
2025-08-08 17:42:57,831 - INFO - 投票结果: 选择路径 0, 答案: 70, 置信度: 1.0
2025-08-08 17:42:57,832 - INFO - 投票结果: 选择路径 0, 答案: 17000, 置信度: 0.8
2025-08-08 17:42:57,832 - INFO - 投票结果: 选择路径 1, 答案: 57, 置信度: 0.8
2025-08-08 17:42:57,833 - INFO - 投票结果: 选择路径 0, 答案: 1260, 置信度: 0.7
2025-08-08 17:42:57,834 - INFO - 投票结果: 选择路径 0, 答案: 4500, 置信度: 1.0
2025-08-08 17:42:57,834 - INFO - 投票结果: 选择路径 1, 答案: 5, 置信度: 0.7
2025-08-08 17:42:57,835 - INFO - 投票结果: 选择路径 0, 答案: 360, 置信度: 1.0
2025-08-08 17:42:57,835 - INFO - 投票结果: 选择路径 0, 答案: 50, 置信度: 0.9
2025-08-08 17:42:57,836 - INFO - 投票结果: 选择路径 0, 答案: 95, 置信度: 0.3
2025-08-08 17:42:57,837 - INFO - 投票结果: 选择路径 0, 答案: 2, 置信度: 0.7
2025-08-08 17:42:57,837 - INFO - 投票结果: 选择路径 2, 答案: 7.17, 置信度: 0.8
2025-08-08 17:42:57,838 - INFO - 投票结果: 选择路径 0, 答案: 5760, 置信度: 0.8
2025-08-08 17:42:57,838 - INFO - 投票结果: 选择路径 0, 答案: 35, 置信度: 1.0
2025-08-08 17:42:57,839 - INFO - 投票结果: 选择路径 6, 答案: 23, 置信度: 0.3
2025-08-08 17:42:57,840 - INFO - 投票结果: 选择路径 0, 答案: 7, 置信度: 0.9
2025-08-08 17:42:57,840 - INFO - 投票结果: 选择路径 0, 答案: 3, 置信度: 1.0
2025-08-08 17:42:57,841 - INFO - 投票结果: 选择路径 1, 答案: 147, 置信度: 0.2
2025-08-08 17:42:57,842 - INFO - 投票结果: 选择路径 2, 答案: 280, 置信度: 0.5
2025-08-08 17:42:57,842 - INFO - 投票结果: 选择路径 0, 答案: 16, 置信度: 0.8
2025-08-08 17:42:57,843 - INFO - 投票结果: 选择路径 0, 答案: 10, 置信度: 1.0
2025-08-08 17:42:57,843 - INFO - 投票结果: 选择路径 0, 答案: 101, 置信度: 1.0
2025-08-08 17:42:57,844 - INFO - 投票结果: 选择路径 1, 答案: 12, 置信度: 0.8
2025-08-08 17:42:57,845 - INFO - 投票结果: 选择路径 0, 答案: 78, 置信度: 1.0
2025-08-08 17:42:57,845 - INFO - 投票结果: 选择路径 0, 答案: 16, 置信度: 1.0
2025-08-08 17:42:57,846 - INFO - 投票结果: 选择路径 0, 答案: 8, 置信度: 1.0
2025-08-08 17:42:57,846 - INFO - 投票结果: 选择路径 0, 答案: 20, 置信度: 0.7
2025-08-08 17:42:57,847 - INFO - 投票结果: 选择路径 0, 答案: 280, 置信度: 0.5
2025-08-08 17:42:57,848 - INFO - 投票结果: 选择路径 2, 答案: 6.75, 置信度: 0.3
2025-08-08 17:42:57,848 - INFO - 投票结果: 选择路径 0, 答案: 105, 置信度: 0.8
2025-08-08 17:42:57,849 - INFO - 投票结果: 选择路径 1, 答案: 16, 置信度: 0.7
2025-08-08 17:42:57,849 - INFO - 投票结果: 选择路径 0, 答案: 6, 置信度: 1.0
2025-08-08 17:42:57,850 - INFO - 投票结果: 选择路径 1, 答案: 120, 置信度: 0.4
2025-08-08 17:42:57,851 - INFO - 投票结果: 选择路径 0, 答案: 770, 置信度: 1.0
2025-08-08 17:42:57,851 - INFO - 投票结果: 选择路径 0, 答案: 28, 置信度: 0.9
2025-08-08 17:42:57,852 - INFO - 投票结果: 选择路径 1, 答案: 25, 置信度: 0.6
2025-08-08 17:42:57,852 - INFO - 投票结果: 选择路径 0, 答案: 1630, 置信度: 0.5
2025-08-08 17:42:57,853 - INFO - 投票结果: 选择路径 0, 答案: 55, 置信度: 0.6
2025-08-08 17:42:57,854 - INFO - 投票结果: 选择路径 0, 答案: 40, 置信度: 0.8
2025-08-08 17:42:57,854 - INFO - 投票结果: 选择路径 0, 答案: 11, 置信度: 0.9
2025-08-08 17:42:57,855 - INFO - 投票结果: 选择路径 0, 答案: 3, 置信度: 0.9
2025-08-08 17:42:57,855 - INFO - 投票结果: 选择路径 1, 答案: 20, 置信度: 0.7
2025-08-08 17:42:57,856 - INFO - 投票结果: 选择路径 0, 答案: 15, 置信度: 0.8
2025-08-08 17:42:57,857 - INFO - 投票结果: 选择路径 2, 答案: 75, 置信度: 0.3
2025-08-08 17:42:57,857 - INFO - 投票结果: 选择路径 0, 答案: 70, 置信度: 1.0
2025-08-08 17:42:57,858 - INFO - 投票结果: 选择路径 0, 答案: 63, 置信度: 0.8
2025-08-08 17:42:57,859 - INFO - 投票结果: 选择路径 1, 答案: 14, 置信度: 0.5
2025-08-08 17:42:57,859 - INFO - 投票结果: 选择路径 0, 答案: 11, 置信度: 1.0
2025-08-08 17:42:57,860 - INFO - 投票结果: 选择路径 0, 答案: 153, 置信度: 0.7
2025-08-08 17:42:57,861 - INFO - 投票结果: 选择路径 0, 答案: 15, 置信度: 1.0
2025-08-08 17:42:57,861 - INFO - 投票结果: 选择路径 1, 答案: 145, 置信度: 0.3
2025-08-08 17:42:57,862 - INFO - 投票结果: 选择路径 1, 答案: 175, 置信度: 0.3
2025-08-08 17:42:57,862 - INFO - 投票结果: 选择路径 0, 答案: 600, 置信度: 0.9
2025-08-08 17:42:57,863 - INFO - 投票结果: 选择路径 0, 答案: 20, 置信度: 0.8
2025-08-08 17:42:57,864 - INFO - 投票结果: 选择路径 0, 答案: 12, 置信度: 1.0
2025-08-08 17:42:57,864 - INFO - 投票结果: 选择路径 0, 答案: 87, 置信度: 1.0
2025-08-08 17:42:57,865 - INFO - 投票结果: 选择路径 1, 答案: 54, 置信度: 0.5
2025-08-08 17:42:57,865 - INFO - 投票结果: 选择路径 0, 答案: 10, 置信度: 1.0
2025-08-08 17:42:57,866 - INFO - 投票结果: 选择路径 0, 答案: 18, 置信度: 1.0
2025-08-08 17:42:57,867 - INFO - 投票结果: 选择路径 0, 答案: 230, 置信度: 1.0
2025-08-08 17:42:57,867 - INFO - 投票结果: 选择路径 0, 答案: 5, 置信度: 0.6
2025-08-08 17:42:57,868 - INFO - 投票结果: 选择路径 0, 答案: 1198, 置信度: 0.7
2025-08-08 17:42:57,868 - INFO - 投票结果: 选择路径 0, 答案: 2325, 置信度: 0.8
2025-08-08 17:42:57,869 - INFO - 投票结果: 选择路径 0, 答案: 80, 置信度: 1.0
2025-08-08 17:42:57,870 - INFO - 投票结果: 选择路径 0, 答案: 880, 置信度: 1.0
2025-08-08 17:42:57,870 - INFO - 投票结果: 选择路径 2, 答案: 5, 置信度: 0.7
2025-08-08 17:42:57,871 - INFO - 投票结果: 选择路径 0, 答案: 45, 置信度: 1.0
2025-08-08 17:42:57,872 - INFO - 投票结果: 选择路径 0, 答案: 75, 置信度: 1.0
2025-08-08 17:42:57,872 - INFO - 投票结果: 选择路径 1, 答案: 4, 置信度: 0.3
2025-08-08 17:42:57,873 - INFO - 投票结果: 选择路径 0, 答案: 350, 置信度: 1.0
2025-08-08 17:42:57,873 - INFO - 投票结果: 选择路径 0, 答案: 200, 置信度: 0.8
2025-08-08 17:42:57,874 - INFO - 投票结果: 选择路径 0, 答案: 1000, 置信度: 0.8
2025-08-08 17:42:57,875 - INFO - 投票结果: 选择路径 1, 答案: 21, 置信度: 0.6
2025-08-08 17:42:57,875 - INFO - 投票结果: 选择路径 0, 答案: 19, 置信度: 1.0
2025-08-08 17:42:57,876 - INFO - 投票结果: 选择路径 0, 答案: 13, 置信度: 1.0
2025-08-08 17:42:57,876 - INFO - 投票结果: 选择路径 0, 答案: 10, 置信度: 0.6
2025-08-08 17:42:57,877 - INFO - 投票结果: 选择路径 0, 答案: 440, 置信度: 1.0
2025-08-08 17:42:57,878 - INFO - 投票结果: 选择路径 0, 答案: 48, 置信度: 1.0
2025-08-08 17:42:57,878 - INFO - 投票结果: 选择路径 0, 答案: 39, 置信度: 0.5
2025-08-08 17:42:57,879 - INFO - 投票结果: 选择路径 2, 答案: 64, 置信度: 0.4
2025-08-08 17:42:57,879 - INFO - 投票结果: 选择路径 0, 答案: 22, 置信度: 1.0
2025-08-08 17:42:57,880 - INFO - 投票结果: 选择路径 0, 答案: 57500, 置信度: 0.9
2025-08-08 17:42:57,881 - INFO - 投票结果: 选择路径 0, 答案: 35, 置信度: 1.0
2025-08-08 17:42:57,881 - INFO - 投票结果: 选择路径 0, 答案: 26, 置信度: 0.9
2025-08-08 17:42:57,882 - INFO - 投票结果: 选择路径 0, 答案: 19, 置信度: 0.3
2025-08-08 17:42:57,882 - INFO - 投票结果: 选择路径 1, 答案: 27000, 置信度: 0.8
2025-08-08 17:42:57,883 - INFO - 投票结果: 选择路径 0, 答案: 157, 置信度: 0.9
2025-08-08 17:42:57,884 - INFO - 投票结果: 选择路径 0, 答案: 14, 置信度: 1.0
2025-08-08 17:42:57,884 - INFO - 投票结果: 选择路径 0, 答案: 26, 置信度: 0.8
2025-08-08 17:42:57,885 - INFO - 投票结果: 选择路径 0, 答案: 1280.49, 置信度: 0.1
2025-08-08 17:42:57,886 - INFO - 投票结果: 选择路径 0, 答案: 12, 置信度: 1.0
2025-08-08 17:42:57,886 - INFO - 投票结果: 选择路径 3, 答案: 10, 置信度: 0.4
2025-08-08 17:42:57,887 - INFO - 投票结果: 选择路径 0, 答案: 366, 置信度: 1.0
2025-08-08 17:42:57,888 - INFO - 投票结果: 选择路径 0, 答案: 195, 置信度: 0.8
2025-08-08 17:42:57,888 - INFO - 投票结果: 选择路径 0, 答案: 90, 置信度: 1.0
2025-08-08 17:42:57,889 - INFO - 投票结果: 选择路径 0, 答案: 10, 置信度: 0.6
2025-08-08 17:42:57,889 - INFO - 投票结果: 选择路径 0, 答案: 400, 置信度: 1.0
2025-08-08 17:42:57,890 - INFO - 投票结果: 选择路径 2, 答案: 6, 置信度: 0.5
2025-08-08 17:42:57,891 - INFO - 投票结果: 选择路径 0, 答案: 17, 置信度: 1.0
2025-08-08 17:42:57,891 - INFO - 投票结果: 选择路径 3, 答案: 220, 置信度: 0.6
2025-08-08 17:42:57,892 - INFO - 投票结果: 选择路径 0, 答案: 11, 置信度: 0.5
2025-08-08 17:42:57,892 - INFO - 投票结果: 选择路径 0, 答案: 44, 置信度: 1.0
2025-08-08 17:42:57,893 - INFO - 投票结果: 选择路径 1, 答案: 12, 置信度: 0.5
2025-08-08 17:42:57,894 - INFO - 投票结果: 选择路径 0, 答案: 27, 置信度: 0.9
2025-08-08 17:42:57,894 - INFO - 投票结果: 选择路径 0, 答案: 120, 置信度: 0.9
2025-08-08 17:42:57,895 - INFO - 投票结果: 选择路径 0, 答案: 12, 置信度: 1.0
2025-08-08 17:42:57,895 - INFO - 投票结果: 选择路径 0, 答案: 5, 置信度: 1.0
2025-08-08 17:42:57,896 - INFO - 投票结果: 选择路径 1, 答案: 36, 置信度: 0.5
2025-08-08 17:42:57,897 - INFO - 投票结果: 选择路径 0, 答案: 9, 置信度: 1.0
2025-08-08 17:42:57,897 - INFO - 投票结果: 选择路径 0, 答案: 2, 置信度: 0.8
2025-08-08 17:42:57,898 - INFO - 投票结果: 选择路径 0, 答案: 38, 置信度: 0.3
2025-08-08 17:42:57,898 - INFO - 投票结果: 选择路径 0, 答案: 70, 置信度: 1.0
2025-08-08 17:42:57,899 - INFO - 投票结果: 选择路径 0, 答案: 2440, 置信度: 0.3
2025-08-08 17:42:57,900 - INFO - 投票结果: 选择路径 0, 答案: 3200, 置信度: 1.0
2025-08-08 17:42:57,900 - INFO - 投票结果: 选择路径 2, 答案: 142, 置信度: 0.4
2025-08-08 17:42:57,901 - INFO - 投票结果: 选择路径 0, 答案: 90, 置信度: 1.0
2025-08-08 17:42:57,901 - INFO - 投票结果: 选择路径 0, 答案: 200, 置信度: 0.9
2025-08-08 17:42:57,902 - INFO - 投票结果: 选择路径 1, 答案: 330000, 置信度: 0.7
2025-08-08 17:42:57,903 - INFO - 投票结果: 选择路径 0, 答案: 9, 置信度: 0.9
2025-08-08 17:42:57,903 - INFO - 投票结果: 选择路径 0, 答案: 10, 置信度: 1.0
2025-08-08 17:42:57,904 - INFO - 投票结果: 选择路径 0, 答案: 56, 置信度: 0.2
2025-08-08 17:42:57,904 - INFO - 投票结果: 选择路径 0, 答案: 700, 置信度: 0.9
2025-08-08 17:42:57,905 - INFO - 投票结果: 选择路径 0, 答案: 12, 置信度: 1.0
2025-08-08 17:42:57,906 - INFO - 投票结果: 选择路径 0, 答案: 3, 置信度: 0.7
2025-08-08 17:42:57,906 - INFO - 投票结果: 选择路径 0, 答案: 320, 置信度: 0.8
2025-08-08 17:42:57,907 - INFO - 投票结果: 选择路径 1, 答案: 50, 置信度: 0.3
2025-08-08 17:42:57,907 - INFO - 投票结果: 选择路径 0, 答案: 50, 置信度: 0.7
2025-08-08 17:42:57,908 - INFO - 投票结果: 选择路径 0, 答案: 50, 置信度: 1.0
2025-08-08 17:42:57,909 - INFO - 投票结果: 选择路径 0, 答案: 1850, 置信度: 0.3
2025-08-08 17:42:57,909 - INFO - 投票结果: 选择路径 0, 答案: 12, 置信度: 0.6
2025-08-08 17:42:57,910 - INFO - 投票结果: 选择路径 0, 答案: 2640, 置信度: 0.8
2025-08-08 17:42:57,910 - INFO - 投票结果: 选择路径 0, 答案: 98, 置信度: 1.0
2025-08-08 17:42:57,911 - INFO - 投票结果: 选择路径 0, 答案: 19, 置信度: 1.0
2025-08-08 17:42:57,912 - INFO - 投票结果: 选择路径 0, 答案: 21, 置信度: 1.0
2025-08-08 17:42:57,912 - INFO - 投票结果: 选择路径 2, 答案: 5, 置信度: 0.7
2025-08-08 17:42:57,913 - INFO - 投票结果: 选择路径 0, 答案: 30, 置信度: 1.0
2025-08-08 17:42:57,913 - INFO - 投票结果: 选择路径 1, 答案: 34, 置信度: 0.5
2025-08-08 17:42:57,914 - INFO - 投票结果: 选择路径 0, 答案: 48, 置信度: 0.8
2025-08-08 17:42:57,915 - INFO - 投票结果: 选择路径 0, 答案: 7, 置信度: 1.0
2025-08-08 17:42:57,915 - INFO - 投票结果: 选择路径 0, 答案: 50, 置信度: 1.0
2025-08-08 17:42:57,916 - INFO - 投票结果: 选择路径 0, 答案: 25, 置信度: 1.0
2025-08-08 17:42:57,916 - INFO - 投票结果: 选择路径 0, 答案: 500, 置信度: 1.0
2025-08-08 17:42:57,917 - INFO - 投票结果: 选择路径 0, 答案: 300, 置信度: 1.0
2025-08-08 17:42:57,918 - INFO - 投票结果: 选择路径 0, 答案: 842, 置信度: 1.0
2025-08-08 17:42:57,918 - INFO - 投票结果: 选择路径 0, 答案: 600, 置信度: 0.7
2025-08-08 17:42:57,919 - INFO - 投票结果: 选择路径 1, 答案: 240, 置信度: 0.2
2025-08-08 17:42:57,920 - INFO - 投票结果: 选择路径 0, 答案: 32, 置信度: 0.9
2025-08-08 17:42:57,920 - INFO - 投票结果: 选择路径 1, 答案: 15, 置信度: 0.8
2025-08-08 17:42:57,921 - INFO - 投票结果: 选择路径 0, 答案: 243, 置信度: 0.9
2025-08-08 17:42:57,921 - INFO - 投票结果: 选择路径 0, 答案: 60, 置信度: 0.4
2025-08-08 17:42:57,922 - INFO - 投票结果: 选择路径 0, 答案: 1218, 置信度: 0.9
2025-08-08 17:42:57,922 - INFO - 投票结果: 选择路径 1, 答案: 16, 置信度: 0.6
2025-08-08 17:42:57,923 - INFO - 投票结果: 选择路径 0, 答案: 40, 置信度: 0.9
2025-08-08 17:42:57,924 - INFO - 投票结果: 选择路径 0, 答案: 1210, 置信度: 1.0
2025-08-08 17:42:57,924 - INFO - 投票结果: 选择路径 0, 答案: 50, 置信度: 0.7
2025-08-08 17:42:57,925 - INFO - 投票结果: 选择路径 0, 答案: 12, 置信度: 1.0
2025-08-08 17:42:57,925 - INFO - 投票结果: 选择路径 0, 答案: 3528, 置信度: 0.9
2025-08-08 17:42:57,926 - INFO - 投票结果: 选择路径 1, 答案: 150, 置信度: 0.3
2025-08-08 17:42:57,927 - INFO - 投票结果: 选择路径 0, 答案: 1050, 置信度: 1.0
2025-08-08 17:42:57,927 - INFO - 投票结果: 选择路径 0, 答案: 2304, 置信度: 1.0
2025-08-08 17:42:57,928 - INFO - 投票结果: 选择路径 0, 答案: 115, 置信度: 0.2
2025-08-08 17:42:57,928 - INFO - 投票结果: 选择路径 1, 答案: 70000, 置信度: 0.2
2025-08-08 17:42:57,929 - INFO - 投票结果: 选择路径 0, 答案: 410, 置信度: 1.0
2025-08-08 17:42:57,930 - INFO - 投票结果: 选择路径 0, 答案: 32, 置信度: 1.0
2025-08-08 17:42:57,930 - INFO - 投票结果: 选择路径 1, 答案: 120, 置信度: 0.8
2025-08-08 17:42:57,931 - INFO - 投票结果: 选择路径 0, 答案: 29, 置信度: 0.5
2025-08-08 17:42:57,931 - INFO - 投票结果: 选择路径 0, 答案: 200, 置信度: 0.6
2025-08-08 17:42:57,932 - INFO - 投票结果: 选择路径 4, 答案: 80, 置信度: 0.4
2025-08-08 17:42:57,933 - INFO - 投票结果: 选择路径 0, 答案: 200, 置信度: 0.8
2025-08-08 17:42:57,933 - INFO - 投票结果: 选择路径 0, 答案: 2, 置信度: 0.6
2025-08-08 17:42:57,934 - INFO - 投票结果: 选择路径 1, 答案: 9, 置信度: 0.9
2025-08-08 17:42:57,934 - INFO - 投票结果: 选择路径 0, 答案: 100, 置信度: 0.9
2025-08-08 17:42:57,935 - INFO - 投票结果: 选择路径 0, 答案: 40, 置信度: 0.9
2025-08-08 17:42:57,936 - INFO - 投票结果: 选择路径 0, 答案: 250, 置信度: 0.4
2025-08-08 17:42:57,936 - INFO - 投票结果: 选择路径 0, 答案: 5600, 置信度: 0.6
2025-08-08 17:42:57,937 - INFO - 投票结果: 选择路径 0, 答案: 5, 置信度: 0.9
2025-08-08 17:42:57,937 - INFO - 投票结果: 选择路径 0, 答案: 600, 置信度: 1.0
2025-08-08 17:42:57,938 - INFO - 投票结果: 选择路径 1, 答案: 6, 置信度: 0.9
2025-08-08 17:42:57,939 - INFO - 投票结果: 选择路径 0, 答案: 1, 置信度: 1.0
2025-08-08 17:42:57,939 - INFO - 投票结果: 选择路径 0, 答案: 360, 置信度: 0.7
2025-08-08 17:42:57,940 - INFO - 投票结果: 选择路径 0, 答案: 45, 置信度: 0.9
2025-08-08 17:42:57,940 - INFO - 投票结果: 选择路径 0, 答案: 310, 置信度: 1.0
2025-08-08 17:42:57,941 - INFO - 投票结果: 选择路径 0, 答案: 5, 置信度: 0.8
2025-08-08 17:42:57,942 - INFO - 投票结果: 选择路径 0, 答案: 30, 置信度: 1.0
2025-08-08 17:42:57,942 - INFO - 投票结果: 选择路径 0, 答案: 220, 置信度: 0.7
2025-08-08 17:42:57,943 - INFO - 投票结果: 选择路径 0, 答案: 310, 置信度: 1.0
2025-08-08 17:42:57,943 - INFO - 投票结果: 选择路径 0, 答案: 250, 置信度: 0.7
2025-08-08 17:42:57,944 - INFO - 投票结果: 选择路径 2, 答案: 118000, 置信度: 0.8
2025-08-08 17:42:57,945 - INFO - 投票结果: 选择路径 0, 答案: 160, 置信度: 1.0
2025-08-08 17:42:57,945 - INFO - 投票结果: 选择路径 0, 答案: 4, 置信度: 0.7
2025-08-08 17:42:57,946 - INFO - 投票结果: 选择路径 0, 答案: 6, 置信度: 0.9
2025-08-08 17:42:57,946 - INFO - 投票结果: 选择路径 0, 答案: 64, 置信度: 0.8
2025-08-08 17:42:57,947 - INFO - 投票结果: 选择路径 0, 答案: 335, 置信度: 1.0
2025-08-08 17:42:57,948 - INFO - 投票结果: 选择路径 1, 答案: 44, 置信度: 0.8
2025-08-08 17:42:57,948 - INFO - 投票结果: 选择路径 0, 答案: 216, 置信度: 1.0
2025-08-08 17:42:57,949 - INFO - 投票结果: 选择路径 0, 答案: 40, 置信度: 0.7
2025-08-08 17:42:57,949 - INFO - 投票结果: 选择路径 1, 答案: 3, 置信度: 0.3
2025-08-08 17:42:57,950 - INFO - 投票结果: 选择路径 0, 答案: 135, 置信度: 0.8
2025-08-08 17:42:57,951 - INFO - 投票结果: 选择路径 0, 答案: 16, 置信度: 0.6
2025-08-08 17:42:57,951 - INFO - 投票结果: 选择路径 0, 答案: 6, 置信度: 1.0
2025-08-08 17:42:57,952 - INFO - 投票结果: 选择路径 0, 答案: 17, 置信度: 1.0
2025-08-08 17:42:57,952 - INFO - 投票结果: 选择路径 0, 答案: 540, 置信度: 1.0
2025-08-08 17:42:57,953 - INFO - 投票结果: 选择路径 0, 答案: 621, 置信度: 0.6
2025-08-08 17:42:57,954 - INFO - 投票结果: 选择路径 1, 答案: 120, 置信度: 0.8
2025-08-08 17:42:57,954 - INFO - 投票结果: 选择路径 0, 答案: 56, 置信度: 1.0
2025-08-08 17:42:57,955 - INFO - 投票结果: 选择路径 0, 答案: 2, 置信度: 1.0
2025-08-08 17:42:57,955 - INFO - 投票结果: 选择路径 0, 答案: 3, 置信度: 1.0
2025-08-08 17:42:57,956 - INFO - 投票结果: 选择路径 0, 答案: 104, 置信度: 0.8
2025-08-08 17:42:57,957 - INFO - 投票结果: 选择路径 0, 答案: 5, 置信度: 0.9
2025-08-08 17:42:57,957 - INFO - 投票结果: 选择路径 1, 答案: 21, 置信度: 0.5
2025-08-08 17:42:57,958 - INFO - 投票结果: 选择路径 0, 答案: 6, 置信度: 1.0
2025-08-08 17:42:57,958 - INFO - 投票结果: 选择路径 0, 答案: 63.33, 置信度: 0.5
2025-08-08 17:42:57,959 - INFO - 投票结果: 选择路径 0, 答案: 10, 置信度: 0.8
2025-08-08 17:42:57,960 - INFO - 投票结果: 选择路径 0, 答案: 9, 置信度: 0.9
2025-08-08 17:42:57,960 - INFO - 投票结果: 选择路径 0, 答案: 5, 置信度: 1.0
2025-08-08 17:42:57,961 - INFO - 投票结果: 选择路径 1, 答案: 16, 置信度: 0.7
2025-08-08 17:42:57,961 - INFO - 投票结果: 选择路径 0, 答案: 296, 置信度: 1.0
2025-08-08 17:42:57,962 - INFO - 投票结果: 选择路径 2, 答案: 375, 置信度: 0.3
2025-08-08 17:42:57,963 - INFO - 投票结果: 选择路径 0, 答案: 12, 置信度: 0.6
2025-08-08 17:42:57,963 - INFO - 投票结果: 选择路径 0, 答案: 4, 置信度: 1.0
2025-08-08 17:42:57,964 - INFO - 投票结果: 选择路径 0, 答案: 25, 置信度: 1.0
2025-08-08 17:42:57,964 - INFO - 投票结果: 选择路径 1, 答案: 210, 置信度: 0.4
2025-08-08 17:42:57,965 - INFO - 投票结果: 选择路径 1, 答案: 2, 置信度: 0.6
2025-08-08 17:42:57,966 - INFO - 投票结果: 选择路径 0, 答案: 35, 置信度: 0.8
2025-08-08 17:42:57,966 - INFO - 投票结果: 选择路径 0, 答案: 24, 置信度: 1.0
2025-08-08 17:42:57,967 - INFO - 投票结果: 选择路径 0, 答案: \frac{40}{3}, 置信度: 0.2
2025-08-08 17:42:57,967 - INFO - 投票结果: 选择路径 0, 答案: 69, 置信度: 0.9
2025-08-08 17:42:57,968 - INFO - 投票结果: 选择路径 0, 答案: 168, 置信度: 1.0
2025-08-08 17:42:57,969 - INFO - 投票结果: 选择路径 0, 答案: 20, 置信度: 1.0
2025-08-08 17:42:57,970 - INFO - 投票结果: 选择路径 0, 答案: 4, 置信度: 0.8
2025-08-08 17:42:57,971 - INFO - 投票结果: 选择路径 0, 答案: 1596, 置信度: 0.5
2025-08-08 17:42:57,971 - INFO - 投票结果: 选择路径 0, 答案: 150, 置信度: 0.7
2025-08-08 17:42:57,972 - INFO - 投票结果: 选择路径 0, 答案: 20, 置信度: 0.9
2025-08-08 17:42:57,973 - INFO - 投票结果: 选择路径 0, 答案: 2, 置信度: 1.0
2025-08-08 17:42:57,974 - INFO - 投票结果: 选择路径 2, 答案: 14, 置信度: 0.4
2025-08-08 17:42:57,975 - INFO - 投票结果: 选择路径 0, 答案: 3140, 置信度: 0.7
2025-08-08 17:42:57,975 - INFO - 投票结果: 选择路径 0, 答案: 4, 置信度: 1.0
2025-08-08 17:42:57,976 - INFO - 投票结果: 选择路径 0, 答案: 81, 置信度: 0.9
2025-08-08 17:42:57,977 - INFO - 投票结果: 选择路径 1, 答案: 50, 置信度: 0.4
2025-08-08 17:42:57,978 - INFO - 投票结果: 选择路径 0, 答案: 1400, 置信度: 0.7
2025-08-08 17:42:57,978 - INFO - 投票结果: 选择路径 1, 答案: 22.22, 置信度: 0.4
2025-08-08 17:42:57,979 - INFO - 投票结果: 选择路径 0, 答案: 30, 置信度: 0.5
2025-08-08 17:42:57,980 - INFO - 投票结果: 选择路径 0, 答案: 26, 置信度: 0.9
2025-08-08 17:42:57,980 - INFO - 投票结果: 选择路径 0, 答案: 13, 置信度: 1.0
2025-08-08 17:42:57,981 - INFO - 投票结果: 选择路径 1, 答案: 623, 置信度: 0.6
2025-08-08 17:42:57,981 - INFO - 投票结果: 选择路径 0, 答案: 92, 置信度: 1.0
2025-08-08 17:42:57,982 - INFO - 投票结果: 选择路径 1, 答案: 42, 置信度: 0.7
2025-08-08 17:42:57,983 - INFO - 投票结果: 选择路径 0, 答案: 55, 置信度: 0.9
2025-08-08 17:42:57,983 - INFO - 投票结果: 选择路径 0, 答案: 90, 置信度: 1.0
2025-08-08 17:42:57,984 - INFO - 投票结果: 选择路径 1, 答案: 75, 置信度: 0.8
2025-08-08 17:42:57,985 - INFO - 投票结果: 选择路径 0, 答案: 10, 置信度: 1.0
2025-08-08 17:42:57,985 - INFO - 投票结果: 选择路径 0, 答案: 70, 置信度: 1.0
2025-08-08 17:42:57,986 - INFO - 投票结果: 选择路径 0, 答案: 5, 置信度: 0.3
2025-08-08 17:42:57,986 - INFO - 投票结果: 选择路径 0, 答案: 2450, 置信度: 1.0
2025-08-08 17:42:57,987 - INFO - 投票结果: 选择路径 1, 答案: 20, 置信度: 0.5
2025-08-08 17:42:57,988 - INFO - 投票结果: 选择路径 1, 答案: 372000, 置信度: 0.6
2025-08-08 17:42:57,989 - INFO - 投票结果: 选择路径 0, 答案: 38, 置信度: 0.6
2025-08-08 17:42:57,989 - INFO - 投票结果: 选择路径 0, 答案: 300, 置信度: 0.8
2025-08-08 17:42:57,990 - INFO - 投票结果: 选择路径 0, 答案: 75, 置信度: 0.8
2025-08-08 17:42:57,990 - INFO - 投票结果: 选择路径 0, 答案: 1800, 置信度: 0.6
2025-08-08 17:42:57,991 - INFO - 投票结果: 选择路径 2, 答案: 18, 置信度: 0.8
2025-08-08 17:42:57,991 - INFO - 投票结果: 选择路径 0, 答案: 9500, 置信度: 0.8
2025-08-08 17:42:57,992 - INFO - 投票结果: 选择路径 0, 答案: 7, 置信度: 1.0
2025-08-08 17:42:57,993 - INFO - 投票结果: 选择路径 0, 答案: 336, 置信度: 1.0
2025-08-08 17:42:57,993 - INFO - 投票结果: 选择路径 0, 答案: 49.77, 置信度: 0.1
2025-08-08 17:42:57,994 - INFO - 投票结果: 选择路径 0, 答案: 78, 置信度: 1.0
2025-08-08 17:42:57,995 - INFO - 投票结果: 选择路径 0, 答案: 155, 置信度: 0.3
2025-08-08 17:42:57,995 - INFO - 投票结果: 选择路径 0, 答案: 15, 置信度: 0.6
2025-08-08 17:42:57,996 - INFO - 投票结果: 选择路径 0, 答案: 375, 置信度: 1.0
2025-08-08 17:42:57,996 - INFO - 投票结果: 选择路径 0, 答案: 54, 置信度: 0.8
2025-08-08 17:42:57,997 - INFO - 投票结果: 选择路径 0, 答案: 6400, 置信度: 0.8
2025-08-08 17:42:57,997 - INFO - 投票结果: 选择路径 1, 答案: 14, 置信度: 0.3
2025-08-08 17:42:57,998 - INFO - 投票结果: 选择路径 0, 答案: 7, 置信度: 0.7
2025-08-08 17:42:57,999 - INFO - 投票结果: 选择路径 0, 答案: 100, 置信度: 0.6
2025-08-08 17:42:57,999 - INFO - 投票结果: 选择路径 0, 答案: 450, 置信度: 0.8
2025-08-08 17:42:58,000 - INFO - 投票结果: 选择路径 5, 答案: 6000, 置信度: 0.4
2025-08-08 17:42:58,000 - INFO - 投票结果: 选择路径 2, 答案: 18, 置信度: 0.2
2025-08-08 17:42:58,001 - INFO - 投票结果: 选择路径 0, 答案: 6, 置信度: 1.0
2025-08-08 17:42:58,002 - INFO - 投票结果: 选择路径 0, 答案: 1200, 置信度: 0.7
2025-08-08 17:42:58,002 - INFO - 投票结果: 选择路径 0, 答案: 24, 置信度: 0.8
2025-08-08 17:42:58,003 - INFO - 投票结果: 选择路径 1, 答案: 14, 置信度: 0.3
2025-08-08 17:42:58,003 - INFO - 投票结果: 选择路径 2, 答案: 28.33, 置信度: 0.3
2025-08-08 17:42:58,004 - INFO - 投票结果: 选择路径 0, 答案: 230, 置信度: 0.7
2025-08-08 17:42:58,005 - INFO - 投票结果: 选择路径 3, 答案: 11.43, 置信度: 0.3
2025-08-08 17:42:58,005 - INFO - 投票结果: 选择路径 2, 答案: 40, 置信度: 0.6
2025-08-08 17:42:58,006 - INFO - 投票结果: 选择路径 0, 答案: 14, 置信度: 0.8
2025-08-08 17:42:58,006 - INFO - 投票结果: 选择路径 0, 答案: 20, 置信度: 1.0
2025-08-08 17:42:58,007 - INFO - 投票结果: 选择路径 0, 答案: 180, 置信度: 0.4
2025-08-08 17:42:58,008 - INFO - 投票结果: 选择路径 0, 答案: 3, 置信度: 0.8
2025-08-08 17:42:58,008 - INFO - 投票结果: 选择路径 0, 答案: 264, 置信度: 0.1
2025-08-08 17:42:58,009 - INFO - 投票结果: 选择路径 0, 答案: 64, 置信度: 0.6
2025-08-08 17:42:58,010 - INFO - 投票结果: 选择路径 0, 答案: 48, 置信度: 1.0
2025-08-08 17:42:58,010 - INFO - 投票结果: 选择路径 0, 答案: 4, 置信度: 1.0
2025-08-08 17:42:58,011 - INFO - 投票结果: 选择路径 0, 答案: 14, 置信度: 1.0
2025-08-08 17:42:58,011 - INFO - 投票结果: 选择路径 1, 答案: 5600, 置信度: 0.5
2025-08-08 17:42:58,012 - INFO - 投票结果: 选择路径 3, 答案: 15, 置信度: 0.4
2025-08-08 17:42:58,013 - INFO - 投票结果: 选择路径 1, 答案: 144, 置信度: 0.5
2025-08-08 17:42:58,013 - INFO - 投票结果: 选择路径 0, 答案: 560, 置信度: 0.4
2025-08-08 17:42:58,014 - INFO - 投票结果: 选择路径 0, 答案: 428, 置信度: 0.8
2025-08-08 17:42:58,014 - INFO - 投票结果: 选择路径 1, 答案: 665, 置信度: 0.9
2025-08-08 17:42:58,015 - INFO - 投票结果: 选择路径 0, 答案: 7500, 置信度: 0.5
2025-08-08 17:42:58,016 - INFO - 投票结果: 选择路径 0, 答案: 2.5, 置信度: 0.7
2025-08-08 17:42:58,016 - INFO - 投票结果: 选择路径 1, 答案: 90, 置信度: 0.6
2025-08-08 17:42:58,017 - INFO - 投票结果: 选择路径 0, 答案: 570, 置信度: 0.9
2025-08-08 17:42:58,017 - INFO - 投票结果: 选择路径 1, 答案: 5, 置信度: 0.9
2025-08-08 17:42:58,018 - INFO - 投票结果: 选择路径 2, 答案: 88, 置信度: 0.5
2025-08-08 17:42:58,019 - INFO - 投票结果: 选择路径 0, 答案: 160, 置信度: 1.0
2025-08-08 17:42:58,019 - INFO - 投票结果: 选择路径 0, 答案: 6, 置信度: 1.0
2025-08-08 17:42:58,020 - INFO - 投票结果: 选择路径 0, 答案: 6000, 置信度: 0.7
2025-08-08 17:42:58,020 - INFO - 投票结果: 选择路径 1, 答案: 800, 置信度: 0.7
2025-08-08 17:42:58,021 - INFO - 投票结果: 选择路径 1, 答案: 1, 置信度: 0.8
2025-08-08 17:42:58,022 - INFO - 投票结果: 选择路径 0, 答案: 4, 置信度: 0.5
2025-08-08 17:42:58,022 - INFO - 投票结果: 选择路径 1, 答案: 31, 置信度: 0.7
2025-08-08 17:42:58,023 - INFO - 投票结果: 选择路径 0, 答案: 276000, 置信度: 1.0
2025-08-08 17:42:58,023 - INFO - 投票结果: 选择路径 0, 答案: 482, 置信度: 0.7
2025-08-08 17:42:58,024 - INFO - 投票结果: 选择路径 0, 答案: 100, 置信度: 1.0
2025-08-08 17:42:58,025 - INFO - 投票结果: 选择路径 1, 答案: 21, 置信度: 0.9
2025-08-08 17:42:58,025 - INFO - 投票结果: 选择路径 0, 答案: 40, 置信度: 1.0
2025-08-08 17:42:58,026 - INFO - 投票结果: 选择路径 0, 答案: 180000, 置信度: 0.7
2025-08-08 17:42:58,026 - INFO - 投票结果: 选择路径 0, 答案: 14, 置信度: 0.9
2025-08-08 17:42:58,027 - INFO - 投票结果: 选择路径 0, 答案: 54, 置信度: 0.7
2025-08-08 17:42:58,028 - INFO - 投票结果: 选择路径 0, 答案: 5, 置信度: 0.7
2025-08-08 17:42:58,028 - INFO - 投票结果: 选择路径 0, 答案: 48, 置信度: 0.9
2025-08-08 17:42:58,029 - INFO - 投票结果: 选择路径 0, 答案: 390, 置信度: 0.7
2025-08-08 17:42:58,029 - INFO - 投票结果: 选择路径 0, 答案: 22, 置信度: 1.0
2025-08-08 17:42:58,030 - INFO - 投票结果: 选择路径 1, 答案: 20, 置信度: 0.7
2025-08-08 17:42:58,030 - INFO - 投票结果: 选择路径 1, 答案: 18000, 置信度: 0.6
2025-08-08 17:42:58,031 - INFO - 投票结果: 选择路径 0, 答案: 8642, 置信度: 0.8
2025-08-08 17:42:58,032 - INFO - 投票结果: 选择路径 0, 答案: 10, 置信度: 0.9
2025-08-08 17:42:58,032 - INFO - 投票结果: 选择路径 0, 答案: 27, 置信度: 0.4
2025-08-08 17:42:58,033 - INFO - 投票结果: 选择路径 0, 答案: 22, 置信度: 1.0
2025-08-08 17:42:58,033 - INFO - 投票结果: 选择路径 1, 答案: 61, 置信度: 0.6
2025-08-08 17:42:58,034 - INFO - 投票结果: 选择路径 0, 答案: 10, 置信度: 0.7
2025-08-08 17:42:58,035 - INFO - 投票结果: 选择路径 0, 答案: 15, 置信度: 0.9
2025-08-08 17:42:58,035 - INFO - 投票结果: 选择路径 1, 答案: 14, 置信度: 0.9
2025-08-08 17:42:58,036 - INFO - 投票结果: 选择路径 0, 答案: 14, 置信度: 1.0
2025-08-08 17:42:58,036 - INFO - 投票结果: 选择路径 0, 答案: 4, 置信度: 1.0
2025-08-08 17:42:58,037 - INFO - 投票结果: 选择路径 2, 答案: 3000, 置信度: 0.7
2025-08-08 17:42:58,038 - INFO - 投票结果: 选择路径 2, 答案: 4, 置信度: 0.3
2025-08-08 17:42:58,038 - INFO - 投票结果: 选择路径 0, 答案: 374, 置信度: 0.3
2025-08-08 17:42:58,039 - INFO - 投票结果: 选择路径 0, 答案: 1080, 置信度: 0.8
2025-08-08 17:42:58,039 - INFO - 投票结果: 选择路径 0, 答案: 84, 置信度: 0.5
2025-08-08 17:42:58,040 - INFO - 投票结果: 选择路径 0, 答案: 91, 置信度: 0.9
2025-08-08 17:42:58,041 - INFO - 投票结果: 选择路径 0, 答案: 18, 置信度: 1.0
2025-08-08 17:42:58,041 - INFO - 投票结果: 选择路径 0, 答案: 180, 置信度: 1.0
2025-08-08 17:42:58,042 - INFO - 投票结果: 选择路径 1, 答案: 350, 置信度: 0.4
2025-08-08 17:42:58,043 - INFO - 投票结果: 选择路径 0, 答案: 6, 置信度: 0.6
2025-08-08 17:42:58,043 - INFO - 投票结果: 选择路径 0, 答案: 129200, 置信度: 1.0
2025-08-08 17:42:58,044 - INFO - 投票结果: 选择路径 0, 答案: 10, 置信度: 1.0
2025-08-08 17:42:58,044 - INFO - 投票结果: 选择路径 0, 答案: 14, 置信度: 1.0
2025-08-08 17:42:58,045 - INFO - 投票结果: 选择路径 0, 答案: 12, 置信度: 1.0
2025-08-08 17:42:58,046 - INFO - 投票结果: 选择路径 0, 答案: 68, 置信度: 0.7
2025-08-08 17:42:58,046 - INFO - 投票结果: 选择路径 0, 答案: 58, 置信度: 0.9
2025-08-08 17:42:58,047 - INFO - 投票结果: 选择路径 0, 答案: 40, 置信度: 0.7
2025-08-08 17:42:58,047 - INFO - 投票结果: 选择路径 0, 答案: 132, 置信度: 1.0
2025-08-08 17:42:58,048 - INFO - 投票结果: 选择路径 0, 答案: 120, 置信度: 1.0
2025-08-08 17:42:58,049 - INFO - 投票结果: 选择路径 0, 答案: 120, 置信度: 0.9
2025-08-08 17:42:58,049 - INFO - 投票结果: 选择路径 0, 答案: 120, 置信度: 0.7
2025-08-08 17:42:58,050 - INFO - 投票结果: 选择路径 0, 答案: 15, 置信度: 1.0
2025-08-08 17:42:58,050 - INFO - 投票结果: 选择路径 0, 答案: 576, 置信度: 1.0
2025-08-08 17:42:58,051 - INFO - 投票结果: 选择路径 0, 答案: 5, 置信度: 1.0
2025-08-08 17:42:58,051 - INFO - 投票结果: 选择路径 0, 答案: 20, 置信度: 1.0
2025-08-08 17:42:58,052 - INFO - 投票结果: 选择路径 0, 答案: 40, 置信度: 0.8
2025-08-08 17:42:58,053 - INFO - 投票结果: 选择路径 0, 答案: 23, 置信度: 0.9
2025-08-08 17:42:58,053 - INFO - 投票结果: 选择路径 0, 答案: 156, 置信度: 1.0
2025-08-08 17:42:58,054 - INFO - 投票结果: 选择路径 1, 答案: 280, 置信度: 0.6
2025-08-08 17:42:58,054 - INFO - 投票结果: 选择路径 0, 答案: 4, 置信度: 0.7
2025-08-08 17:42:58,055 - INFO - 投票结果: 选择路径 0, 答案: 2, 置信度: 1.0
2025-08-08 17:42:58,056 - INFO - 投票结果: 选择路径 0, 答案: 120, 置信度: 1.0
2025-08-08 17:42:58,056 - INFO - 投票结果: 选择路径 0, 答案: 52, 置信度: 0.4
2025-08-08 17:42:58,057 - INFO - 投票结果: 选择路径 0, 答案: 15, 置信度: 0.8
2025-08-08 17:42:58,057 - INFO - 投票结果: 选择路径 0, 答案: 9, 置信度: 0.9
2025-08-08 17:42:58,058 - INFO - 投票结果: 选择路径 0, 答案: 75, 置信度: 0.4
2025-08-08 17:42:58,059 - INFO - 投票结果: 选择路径 0, 答案: 20, 置信度: 0.7
2025-08-08 17:42:58,059 - INFO - 投票结果: 选择路径 0, 答案: 30, 置信度: 0.8
2025-08-08 17:42:58,060 - INFO - 投票结果: 选择路径 2, 答案: 80, 置信度: 0.6
2025-08-08 17:42:58,060 - INFO - 投票结果: 选择路径 0, 答案: 5, 置信度: 0.9
2025-08-08 17:42:58,061 - INFO - 投票结果: 选择路径 0, 答案: 5, 置信度: 0.8
2025-08-08 17:42:58,061 - INFO - 投票结果: 选择路径 0, 答案: 80, 置信度: 1.0
2025-08-08 17:42:58,062 - INFO - 投票结果: 选择路径 1, 答案: 38, 置信度: 0.8
2025-08-08 17:42:58,063 - INFO - 投票结果: 选择路径 0, 答案: 42, 置信度: 1.0
2025-08-08 17:42:58,063 - INFO - 投票结果: 选择路径 0, 答案: 3, 置信度: 0.9
2025-08-08 17:42:58,064 - INFO - 投票结果: 选择路径 0, 答案: 50, 置信度: 0.9
2025-08-08 17:42:58,064 - INFO - 投票结果: 选择路径 0, 答案: 17, 置信度: 1.0
2025-08-08 17:42:58,065 - INFO - 投票结果: 选择路径 3, 答案: 19, 置信度: 0.2
2025-08-08 17:42:58,066 - INFO - 投票结果: 选择路径 0, 答案: 20, 置信度: 0.7
2025-08-08 17:42:58,066 - INFO - 投票结果: 选择路径 2, 答案: 120, 置信度: 0.3
2025-08-08 17:42:58,067 - INFO - 投票结果: 选择路径 1, 答案: 2, 置信度: 0.2
2025-08-08 17:42:58,068 - INFO - 投票结果: 选择路径 0, 答案: 45, 置信度: 1.0
2025-08-08 17:42:58,068 - INFO - 投票结果: 选择路径 0, 答案: 11, 置信度: 0.6
2025-08-08 17:42:58,069 - INFO - 投票结果: 选择路径 0, 答案: 10, 置信度: 1.0
2025-08-08 17:42:58,069 - INFO - 投票结果: 选择路径 4, 答案: 318, 置信度: 0.4
2025-08-08 17:42:58,070 - INFO - 投票结果: 选择路径 2, 答案: 92, 置信度: 0.5
2025-08-08 17:42:58,071 - INFO - 投票结果: 选择路径 0, 答案: 70, 置信度: 1.0
2025-08-08 17:42:58,071 - INFO - 投票结果: 选择路径 1, 答案: 62, 置信度: 0.5
2025-08-08 17:42:58,072 - INFO - 投票结果: 选择路径 0, 答案: 1509, 置信度: 0.9
2025-08-08 17:42:58,072 - INFO - 投票结果: 选择路径 1, 答案: 2, 置信度: 0.9
2025-08-08 17:42:58,073 - INFO - 投票结果: 选择路径 0, 答案: 1, 置信度: 0.9
2025-08-08 17:42:58,074 - INFO - 投票结果: 选择路径 0, 答案: 1170, 置信度: 1.0
2025-08-08 17:42:58,074 - INFO - 投票结果: 选择路径 0, 答案: 28, 置信度: 0.7
2025-08-08 17:42:58,075 - INFO - 投票结果: 选择路径 1, 答案: 20, 置信度: 0.4
2025-08-08 17:42:58,075 - INFO - 投票结果: 选择路径 0, 答案: 20, 置信度: 1.0
2025-08-08 17:42:58,076 - INFO - 投票结果: 选择路径 0, 答案: 65960, 置信度: 0.6
2025-08-08 17:42:58,077 - INFO - 投票结果: 选择路径 2, 答案: 16, 置信度: 0.5
2025-08-08 17:42:58,077 - INFO - 投票结果: 选择路径 0, 答案: 575, 置信度: 0.9
2025-08-08 17:42:58,078 - INFO - 投票结果: 选择路径 0, 答案: 60, 置信度: 0.8
2025-08-08 17:42:58,078 - INFO - 投票结果: 选择路径 0, 答案: 42, 置信度: 0.5
2025-08-08 17:42:58,079 - INFO - 投票结果: 选择路径 1, 答案: 23, 置信度: 0.3
2025-08-08 17:42:58,080 - INFO - 投票结果: 选择路径 4, 答案: 71, 置信度: 0.3
2025-08-08 17:42:58,080 - INFO - 投票结果: 选择路径 0, 答案: 70, 置信度: 0.9
2025-08-08 17:42:58,081 - INFO - 投票结果: 选择路径 0, 答案: 25, 置信度: 0.5
2025-08-08 17:42:58,081 - INFO - 投票结果: 选择路径 0, 答案: 160, 置信度: 0.7
2025-08-08 17:42:58,082 - INFO - 投票结果: 选择路径 0, 答案: 398, 置信度: 0.6
2025-08-08 17:42:58,082 - INFO - 投票结果: 选择路径 0, 答案: 5, 置信度: 1.0
2025-08-08 17:42:58,083 - INFO - 投票结果: 选择路径 0, 答案: 42000, 置信度: 0.7
2025-08-08 17:42:58,084 - INFO - 投票结果: 选择路径 2, 答案: 39, 置信度: 0.6
2025-08-08 17:42:58,084 - INFO - 投票结果: 选择路径 0, 答案: 10, 置信度: 0.8
2025-08-08 17:42:58,085 - INFO - 投票结果: 选择路径 1, 答案: 4, 置信度: 0.5
2025-08-08 17:42:58,085 - INFO - 投票结果: 选择路径 0, 答案: 40, 置信度: 1.0
2025-08-08 17:42:58,086 - INFO - 投票结果: 选择路径 0, 答案: 100, 置信度: 1.0
2025-08-08 17:42:58,087 - INFO - 投票结果: 选择路径 0, 答案: 60, 置信度: 0.9
2025-08-08 17:42:58,087 - INFO - 投票结果: 选择路径 0, 答案: 100, 置信度: 1.0
2025-08-08 17:42:58,088 - INFO - 投票结果: 选择路径 0, 答案: 72, 置信度: 1.0
2025-08-08 17:42:58,088 - INFO - 投票结果: 选择路径 0, 答案: 20, 置信度: 0.9
2025-08-08 17:42:58,089 - INFO - 投票结果: 选择路径 0, 答案: 6277, 置信度: 1.0
2025-08-08 17:42:58,090 - INFO - 投票结果: 选择路径 5, 答案: 25, 置信度: 0.2
2025-08-08 17:42:58,090 - INFO - 投票结果: 选择路径 0, 答案: 26, 置信度: 1.0
2025-08-08 17:42:58,091 - INFO - 投票结果: 选择路径 3, 答案: 3, 置信度: 0.3
2025-08-08 17:42:58,091 - INFO - 投票结果: 选择路径 0, 答案: 12, 置信度: 0.7
2025-08-08 17:42:58,092 - INFO - 投票结果: 选择路径 3, 答案: 15.50, 置信度: 0.2
2025-08-08 17:42:58,093 - INFO - 投票结果: 选择路径 0, 答案: 16, 置信度: 0.7
2025-08-08 17:42:58,093 - INFO - 投票结果: 选择路径 0, 答案: 32, 置信度: 1.0
2025-08-08 17:42:58,094 - INFO - 投票结果: 选择路径 0, 答案: 20, 置信度: 0.9
2025-08-08 17:42:58,094 - INFO - 投票结果: 选择路径 0, 答案: 20, 置信度: 1.0
2025-08-08 17:42:58,095 - INFO - 投票结果: 选择路径 0, 答案: 320, 置信度: 0.8
2025-08-08 17:42:58,096 - INFO - 投票结果: 选择路径 0, 答案: 77, 置信度: 1.0
2025-08-08 17:42:58,096 - INFO - 投票结果: 选择路径 0, 答案: 9, 置信度: 0.6
2025-08-08 17:42:58,097 - INFO - 投票结果: 选择路径 0, 答案: 1, 置信度: 0.6
2025-08-08 17:42:58,098 - INFO - 投票结果: 选择路径 1, 答案: 1248, 置信度: 0.5
2025-08-08 17:42:58,098 - INFO - 投票结果: 选择路径 0, 答案: 15, 置信度: 1.0
2025-08-08 17:42:58,099 - INFO - 投票结果: 选择路径 0, 答案: 16, 置信度: 1.0
2025-08-08 17:42:58,099 - INFO - 投票结果: 选择路径 0, 答案: 2, 置信度: 1.0
2025-08-08 17:42:58,100 - INFO - 投票结果: 选择路径 2, 答案: 70, 置信度: 0.2
2025-08-08 17:42:58,101 - INFO - 投票结果: 选择路径 0, 答案: 60, 置信度: 0.8
2025-08-08 17:42:58,101 - INFO - 投票结果: 选择路径 1, 答案: 315, 置信度: 0.3
2025-08-08 17:42:58,102 - INFO - 投票结果: 选择路径 0, 答案: 84, 置信度: 0.8
2025-08-08 17:42:58,102 - INFO - 投票结果: 选择路径 0, 答案: 100, 置信度: 0.2
2025-08-08 17:42:58,103 - INFO - 投票结果: 选择路径 2, 答案: 300, 置信度: 0.8
2025-08-08 17:42:58,104 - INFO - 投票结果: 选择路径 0, 答案: 50, 置信度: 1.0
2025-08-08 17:42:58,104 - INFO - 投票结果: 选择路径 0, 答案: 14, 置信度: 0.9
2025-08-08 17:42:58,105 - INFO - 投票结果: 选择路径 1, 答案: 291, 置信度: 0.5
2025-08-08 17:42:58,105 - INFO - 投票结果: 选择路径 0, 答案: 12, 置信度: 0.9
2025-08-08 17:42:58,106 - INFO - 投票结果: 选择路径 0, 答案: 1240, 置信度: 0.9
2025-08-08 17:42:58,107 - INFO - 投票结果: 选择路径 0, 答案: 8, 置信度: 1.0
2025-08-08 17:42:58,107 - INFO - 投票结果: 选择路径 2, 答案: 63, 置信度: 0.2
2025-08-08 17:42:58,108 - INFO - 投票结果: 选择路径 0, 答案: 2, 置信度: 0.6
2025-08-08 17:42:58,108 - INFO - 投票结果: 选择路径 0, 答案: 2, 置信度: 1.0
2025-08-08 17:42:58,109 - INFO - 投票结果: 选择路径 4, 答案: 268, 置信度: 0.4
2025-08-08 17:42:58,110 - INFO - 投票结果: 选择路径 0, 答案: 160, 置信度: 0.9
2025-08-08 17:42:58,110 - INFO - 投票结果: 选择路径 2, 答案: 1128, 置信度: 0.5
2025-08-08 17:42:58,111 - INFO - 投票结果: 选择路径 0, 答案: 6250, 置信度: 1.0
2025-08-08 17:42:58,111 - INFO - 投票结果: 选择路径 0, 答案: 5, 置信度: 1.0
2025-08-08 17:42:58,112 - INFO - 投票结果: 选择路径 0, 答案: 500, 置信度: 1.0
2025-08-08 17:42:58,113 - INFO - 投票结果: 选择路径 2, 答案: 6, 置信度: 0.3
2025-08-08 17:42:58,113 - INFO - 投票结果: 选择路径 0, 答案: 34, 置信度: 1.0
2025-08-08 17:42:58,114 - INFO - 投票结果: 选择路径 0, 答案: 60, 置信度: 0.9
2025-08-08 17:42:58,114 - INFO - 投票结果: 选择路径 1, 答案: 4, 置信度: 0.2
2025-08-08 17:42:58,115 - INFO - 投票结果: 选择路径 1, 答案: 56, 置信度: 0.6
2025-08-08 17:42:58,116 - INFO - 投票结果: 选择路径 0, 答案: 74, 置信度: 0.7
2025-08-08 17:42:58,116 - INFO - 投票结果: 选择路径 0, 答案: 5, 置信度: 0.9
2025-08-08 17:42:58,117 - INFO - 投票结果: 选择路径 0, 答案: 600, 置信度: 1.0
2025-08-08 17:42:58,117 - INFO - 投票结果: 选择路径 4, 答案: 10, 置信度: 0.5
2025-08-08 17:42:58,118 - INFO - 投票结果: 选择路径 0, 答案: 23, 置信度: 1.0
2025-08-08 17:42:58,119 - INFO - 投票结果: 选择路径 0, 答案: 20, 置信度: 1.0
2025-08-08 17:42:58,119 - INFO - 投票结果: 选择路径 1, 答案: 80, 置信度: 0.7
2025-08-08 17:42:58,120 - INFO - 投票结果: 选择路径 0, 答案: 43, 置信度: 0.9
2025-08-08 17:42:58,121 - INFO - 投票结果: 选择路径 0, 答案: 720, 置信度: 1.0
2025-08-08 17:42:58,121 - INFO - 投票结果: 选择路径 1, 答案: 4, 置信度: 0.6
2025-08-08 17:42:58,122 - INFO - 投票结果: 选择路径 0, 答案: 9, 置信度: 1.0
2025-08-08 17:42:58,122 - INFO - 投票结果: 选择路径 4, 答案: 40, 置信度: 0.3
2025-08-08 17:42:58,123 - INFO - 投票结果: 选择路径 0, 答案: 8, 置信度: 1.0
2025-08-08 17:42:58,124 - INFO - 投票结果: 选择路径 1, 答案: 16, 置信度: 0.8
2025-08-08 17:42:58,124 - INFO - 投票结果: 选择路径 5, 答案: \frac{10}{3}, 置信度: 0.2
2025-08-08 17:42:58,125 - INFO - 投票结果: 选择路径 0, 答案: 47, 置信度: 1.0
2025-08-08 17:42:58,125 - INFO - 投票结果: 选择路径 0, 答案: 240000, 置信度: 0.7
2025-08-08 17:42:58,126 - INFO - 投票结果: 选择路径 1, 答案: 14, 置信度: 0.7
2025-08-08 17:42:58,126 - INFO - 投票结果: 选择路径 0, 答案: 26, 置信度: 1.0
2025-08-08 17:42:58,127 - INFO - 投票结果: 选择路径 0, 答案: 2.67, 置信度: 0.4
2025-08-08 17:42:58,128 - INFO - 投票结果: 选择路径 0, 答案: 25, 置信度: 0.5
2025-08-08 17:42:58,128 - INFO - 投票结果: 选择路径 0, 答案: 5, 置信度: 0.7
2025-08-08 17:42:58,129 - INFO - 投票结果: 选择路径 0, 答案: 5, 置信度: 1.0
2025-08-08 17:42:58,129 - INFO - 投票结果: 选择路径 3, 答案: 127, 置信度: 0.3
2025-08-08 17:42:58,130 - INFO - 投票结果: 选择路径 0, 答案: 67, 置信度: 1.0
2025-08-08 17:42:58,131 - INFO - 投票结果: 选择路径 0, 答案: 144, 置信度: 0.6
2025-08-08 17:42:58,131 - INFO - 投票结果: 选择路径 0, 答案: 75, 置信度: 1.0
2025-08-08 17:42:58,132 - INFO - 投票结果: 选择路径 0, 答案: 3, 置信度: 1.0
2025-08-08 17:42:58,132 - INFO - 投票结果: 选择路径 0, 答案: 4, 置信度: 1.0
2025-08-08 17:42:58,133 - INFO - 投票结果: 选择路径 0, 答案: 2000, 置信度: 1.0
2025-08-08 17:42:58,134 - INFO - 投票结果: 选择路径 0, 答案: 68, 置信度: 0.4
2025-08-08 17:42:58,134 - INFO - 投票结果: 选择路径 0, 答案: 8, 置信度: 1.0
2025-08-08 17:42:58,135 - INFO - 投票结果: 选择路径 0, 答案: 100, 置信度: 1.0
2025-08-08 17:42:58,135 - INFO - 投票结果: 选择路径 1, 答案: 60, 置信度: 0.9
2025-08-08 17:42:58,136 - INFO - 投票结果: 选择路径 0, 答案: 460, 置信度: 1.0
2025-08-08 17:42:58,137 - INFO - 投票结果: 选择路径 1, 答案: 10, 置信度: 0.6
2025-08-08 17:42:58,137 - INFO - 投票结果: 选择路径 1, 答案: 750, 置信度: 0.9
2025-08-08 17:42:58,138 - INFO - 投票结果: 选择路径 0, 答案: 255, 置信度: 0.8
2025-08-08 17:42:58,138 - INFO - 投票结果: 选择路径 1, 答案: 240, 置信度: 0.5
2025-08-08 17:42:58,139 - INFO - 投票结果: 选择路径 0, 答案: 50, 置信度: 1.0
2025-08-08 17:42:58,139 - INFO - 投票结果: 选择路径 0, 答案: 60000, 置信度: 1.0
2025-08-08 17:42:58,140 - INFO - 投票结果: 选择路径 0, 答案: 97, 置信度: 0.7
2025-08-08 17:42:58,141 - INFO - 投票结果: 选择路径 5, 答案: 30, 置信度: 0.3
2025-08-08 17:42:58,141 - INFO - 投票结果: 选择路径 0, 答案: 45, 置信度: 0.3
2025-08-08 17:42:58,142 - INFO - 投票结果: 选择路径 0, 答案: 13, 置信度: 1.0
2025-08-08 17:42:58,142 - INFO - 投票结果: 选择路径 0, 答案: 3, 置信度: 0.5
2025-08-08 17:42:58,143 - INFO - 投票结果: 选择路径 2, 答案: 210, 置信度: 0.5
2025-08-08 17:42:58,144 - INFO - 投票结果: 选择路径 0, 答案: 540, 置信度: 0.9
2025-08-08 17:42:58,144 - INFO - 投票结果: 选择路径 0, 答案: 104, 置信度: 0.9
2025-08-08 17:42:58,145 - INFO - 投票结果: 选择路径 0, 答案: 27, 置信度: 0.7
2025-08-08 17:42:58,145 - INFO - 投票结果: 选择路径 0, 答案: 75, 置信度: 1.0
2025-08-08 17:42:58,146 - INFO - 投票结果: 选择路径 0, 答案: 97, 置信度: 0.2
2025-08-08 17:42:58,146 - INFO - 投票结果: 选择路径 0, 答案: 100, 置信度: 0.5
2025-08-08 17:42:58,147 - INFO - 投票结果: 选择路径 1, 答案: 348, 置信度: 0.5
2025-08-08 17:42:58,148 - INFO - 投票结果: 选择路径 0, 答案: 15, 置信度: 1.0
2025-08-08 17:42:58,148 - INFO - 投票结果: 选择路径 0, 答案: 247, 置信度: 0.5
2025-08-08 17:42:58,149 - INFO - 投票结果: 选择路径 0, 答案: 12, 置信度: 0.2
2025-08-08 17:42:58,150 - INFO - 投票结果: 选择路径 0, 答案: 85000, 置信度: 0.8
2025-08-08 17:42:58,150 - INFO - 投票结果: 选择路径 3, 答案: 20, 置信度: 0.3
2025-08-08 17:42:58,151 - INFO - 投票结果: 选择路径 0, 答案: 16, 置信度: 0.3
2025-08-08 17:42:58,151 - INFO - 投票结果: 选择路径 0, 答案: 18, 置信度: 1.0
2025-08-08 17:42:58,152 - INFO - 投票结果: 选择路径 0, 答案: 3, 置信度: 1.0
2025-08-08 17:42:58,153 - INFO - 投票结果: 选择路径 0, 答案: 12, 置信度: 1.0
2025-08-08 17:42:58,153 - INFO - 投票结果: 选择路径 0, 答案: 160000, 置信度: 0.7
2025-08-08 17:42:58,154 - INFO - 投票结果: 选择路径 0, 答案: 50, 置信度: 0.9
2025-08-08 17:42:58,154 - INFO - 投票结果: 选择路径 0, 答案: 76, 置信度: 1.0
2025-08-08 17:42:58,155 - INFO - 投票结果: 选择路径 0, 答案: 10, 置信度: 1.0
2025-08-08 17:42:58,156 - INFO - 投票结果: 选择路径 0, 答案: 17, 置信度: 1.0
2025-08-08 17:42:58,156 - INFO - 投票结果: 选择路径 0, 答案: 44, 置信度: 1.0
2025-08-08 17:42:58,157 - INFO - 投票结果: 选择路径 1, 答案: 4, 置信度: 0.6
2025-08-08 17:42:58,157 - INFO - 投票结果: 选择路径 0, 答案: 3, 置信度: 0.8
2025-08-08 17:42:58,158 - INFO - 投票结果: 选择路径 0, 答案: 40, 置信度: 0.8
2025-08-08 17:42:58,159 - INFO - 投票结果: 选择路径 0, 答案: 15, 置信度: 0.7
2025-08-08 17:42:58,159 - INFO - 投票结果: 选择路径 0, 答案: 10, 置信度: 0.6
2025-08-08 17:42:58,160 - INFO - 投票结果: 选择路径 0, 答案: 16, 置信度: 1.0
2025-08-08 17:42:58,160 - INFO - 投票结果: 选择路径 0, 答案: 28, 置信度: 0.9
2025-08-08 17:42:58,161 - INFO - 投票结果: 选择路径 0, 答案: 64, 置信度: 0.9
2025-08-08 17:42:58,161 - INFO - 投票结果: 选择路径 0, 答案: 1125, 置信度: 0.9
2025-08-08 17:42:58,162 - INFO - 投票结果: 选择路径 0, 答案: 8, 置信度: 1.0
2025-08-08 17:42:58,163 - INFO - 投票结果: 选择路径 0, 答案: 29, 置信度: 1.0
2025-08-08 17:42:58,163 - INFO - 投票结果: 选择路径 0, 答案: 16, 置信度: 0.9
2025-08-08 17:42:58,164 - INFO - 投票结果: 选择路径 2, 答案: 225, 置信度: 0.5
2025-08-08 17:42:58,164 - INFO - 投票结果: 选择路径 0, 答案: 72, 置信度: 0.8
2025-08-08 17:42:58,165 - INFO - 投票结果: 选择路径 0, 答案: 576, 置信度: 0.9
2025-08-08 17:42:58,166 - INFO - 投票结果: 选择路径 0, 答案: 34, 置信度: 0.8
2025-08-08 17:42:58,166 - INFO - 投票结果: 选择路径 0, 答案: 10, 置信度: 1.0
2025-08-08 17:42:58,167 - INFO - 投票结果: 选择路径 0, 答案: 9, 置信度: 0.9
2025-08-08 17:42:58,167 - INFO - 投票结果: 选择路径 0, 答案: 140, 置信度: 1.0
2025-08-08 17:42:58,168 - INFO - 投票结果: 选择路径 0, 答案: 120, 置信度: 0.2
2025-08-08 17:42:58,169 - INFO - 投票结果: 选择路径 6, 答案: 315, 置信度: 0.3
2025-08-08 17:42:58,169 - INFO - 投票结果: 选择路径 0, 答案: 16, 置信度: 0.9
2025-08-08 17:42:58,170 - INFO - 投票结果: 选择路径 0, 答案: 132, 置信度: 1.0
2025-08-08 17:42:58,170 - INFO - 投票结果: 选择路径 0, 答案: 64, 置信度: 1.0
2025-08-08 17:42:58,171 - INFO - 投票结果: 选择路径 6, 答案: 72, 置信度: 0.4
2025-08-08 17:42:58,171 - INFO - 投票结果: 选择路径 0, 答案: 8, 置信度: 0.7
2025-08-08 17:42:58,172 - INFO - 投票结果: 选择路径 0, 答案: 4, 置信度: 1.0
2025-08-08 17:42:58,173 - INFO - 投票结果: 选择路径 1, 答案: 160, 置信度: 0.5
2025-08-08 17:42:58,173 - INFO - 投票结果: 选择路径 0, 答案: 15, 置信度: 0.8
2025-08-08 17:42:58,174 - INFO - 投票结果: 选择路径 1, 答案: 539, 置信度: 0.7
2025-08-08 17:42:58,174 - INFO - 投票结果: 选择路径 0, 答案: 7300, 置信度: 0.5
2025-08-08 17:42:58,175 - INFO - 投票结果: 选择路径 0, 答案: 2, 置信度: 1.0
2025-08-08 17:42:58,176 - INFO - 投票结果: 选择路径 0, 答案: 15, 置信度: 0.9
2025-08-08 17:42:58,176 - INFO - 投票结果: 选择路径 0, 答案: 17, 置信度: 0.7
2025-08-08 17:42:58,177 - INFO - 投票结果: 选择路径 1, 答案: 5, 置信度: 0.4
2025-08-08 17:42:58,177 - INFO - 投票结果: 选择路径 0, 答案: 7425, 置信度: 0.6
2025-08-08 17:42:58,178 - INFO - 投票结果: 选择路径 0, 答案: 8, 置信度: 1.0
2025-08-08 17:42:58,179 - INFO - 投票结果: 选择路径 0, 答案: 13, 置信度: 0.2
2025-08-08 17:42:58,179 - INFO - 投票结果: 选择路径 0, 答案: 100, 置信度: 0.9
2025-08-08 17:42:58,180 - INFO - 投票结果: 选择路径 0, 答案: 36, 置信度: 1.0
2025-08-08 17:42:58,180 - INFO - 投票结果: 选择路径 1, 答案: 20, 置信度: 0.7
2025-08-08 17:42:58,181 - INFO - 投票结果: 选择路径 0, 答案: 32, 置信度: 1.0
2025-08-08 17:42:58,182 - INFO - 投票结果: 选择路径 0, 答案: 45, 置信度: 0.7
2025-08-08 17:42:58,182 - INFO - 投票结果: 选择路径 0, 答案: 27, 置信度: 0.9
2025-08-08 17:42:58,183 - INFO - 投票结果: 选择路径 0, 答案: 7.5, 置信度: 0.7
2025-08-08 17:42:58,183 - INFO - 投票结果: 选择路径 0, 答案: 98, 置信度: 0.9
2025-08-08 17:42:58,184 - INFO - 投票结果: 选择路径 0, 答案: 4, 置信度: 0.7
2025-08-08 17:42:58,185 - INFO - 投票结果: 选择路径 2, 答案: 6, 置信度: 0.5
2025-08-08 17:42:58,185 - INFO - 投票结果: 选择路径 0, 答案: 30, 置信度: 0.6
2025-08-08 17:42:58,186 - INFO - 投票结果: 选择路径 0, 答案: 10, 置信度: 1.0
2025-08-08 17:42:58,186 - INFO - 投票结果: 选择路径 0, 答案: 250, 置信度: 0.3
2025-08-08 17:42:58,187 - INFO - 投票结果: 选择路径 0, 答案: 312, 置信度: 0.8
2025-08-08 17:42:58,188 - INFO - 投票结果: 选择路径 0, 答案: 1375, 置信度: 1.0
2025-08-08 17:42:58,188 - INFO - 投票结果: 选择路径 0, 答案: 8, 置信度: 1.0
2025-08-08 17:42:58,189 - INFO - 投票结果: 选择路径 0, 答案: 245, 置信度: 0.2
2025-08-08 17:42:58,189 - INFO - 投票结果: 选择路径 0, 答案: 6, 置信度: 1.0
2025-08-08 17:42:58,190 - INFO - 投票结果: 选择路径 0, 答案: 840, 置信度: 1.0
2025-08-08 17:42:58,190 - INFO - 投票结果: 选择路径 0, 答案: 40, 置信度: 0.9
2025-08-08 17:42:58,191 - INFO - 投票结果: 选择路径 0, 答案: 300, 置信度: 0.2
2025-08-08 17:42:58,192 - INFO - 投票结果: 选择路径 1, 答案: 10, 置信度: 0.8
2025-08-08 17:42:58,192 - INFO - 投票结果: 选择路径 1, 答案: 490, 置信度: 0.5
2025-08-08 17:42:58,193 - INFO - 投票结果: 选择路径 1, 答案: 16, 置信度: 0.9
2025-08-08 17:42:58,193 - INFO - 投票结果: 选择路径 0, 答案: 17, 置信度: 0.9
2025-08-08 17:42:58,194 - INFO - 投票结果: 选择路径 2, 答案: 2, 置信度: 0.4
2025-08-08 17:42:58,195 - INFO - 投票结果: 选择路径 0, 答案: 14, 置信度: 0.8
2025-08-08 17:42:58,195 - INFO - 投票结果: 选择路径 0, 答案: 27, 置信度: 1.0
2025-08-08 17:42:58,196 - INFO - 投票结果: 选择路径 0, 答案: 84, 置信度: 1.0
2025-08-08 17:42:58,196 - INFO - 投票结果: 选择路径 0, 答案: 70, 置信度: 0.9
2025-08-08 17:42:58,197 - INFO - 投票结果: 选择路径 0, 答案: 20, 置信度: 1.0
2025-08-08 17:42:58,197 - INFO - 投票结果: 选择路径 1, 答案: 1095, 置信度: 0.2
2025-08-08 17:42:58,198 - INFO - 投票结果: 选择路径 0, 答案: 15, 置信度: 0.3
2025-08-08 17:42:58,199 - INFO - 投票结果: 选择路径 0, 答案: 736, 置信度: 0.5
2025-08-08 17:42:58,199 - INFO - 投票结果: 选择路径 0, 答案: 42, 置信度: 0.9
2025-08-08 17:42:58,200 - INFO - 投票结果: 选择路径 1, 答案: 9, 置信度: 0.5
2025-08-08 17:42:58,201 - INFO - 投票结果: 选择路径 0, 答案: 42, 置信度: 0.2
2025-08-08 17:42:58,201 - INFO - 投票结果: 选择路径 0, 答案: 300, 置信度: 0.2
2025-08-08 17:42:58,202 - INFO - 投票结果: 选择路径 0, 答案: 17, 置信度: 0.5
2025-08-08 17:42:58,203 - INFO - 投票结果: 选择路径 0, 答案: 360, 置信度: 1.0
2025-08-08 17:42:58,203 - INFO - 投票结果: 选择路径 0, 答案: 10800, 置信度: 0.7
2025-08-08 17:42:58,204 - INFO - 投票结果: 选择路径 3, 答案: 46, 置信度: 0.2
2025-08-08 17:42:58,204 - INFO - 投票结果: 选择路径 1, 答案: 56000, 置信度: 0.2
2025-08-08 17:42:58,205 - INFO - 投票结果: 选择路径 0, 答案: 6, 置信度: 1.0
2025-08-08 17:42:58,206 - INFO - 投票结果: 选择路径 0, 答案: 40, 置信度: 0.5
2025-08-08 17:42:58,206 - INFO - 投票结果: 选择路径 0, 答案: 88, 置信度: 1.0
2025-08-08 17:42:58,207 - INFO - 投票结果: 选择路径 0, 答案: 12, 置信度: 1.0
2025-08-08 17:42:58,207 - INFO - 投票结果: 选择路径 1, 答案: 13, 置信度: 0.3
2025-08-08 17:42:58,208 - INFO - 投票结果: 选择路径 0, 答案: 16, 置信度: 0.5
2025-08-08 17:42:58,209 - INFO - 投票结果: 选择路径 1, 答案: 2, 置信度: 0.4
2025-08-08 17:42:58,209 - INFO - 投票结果: 选择路径 0, 答案: 50, 置信度: 0.6
2025-08-08 17:42:58,210 - INFO - 投票结果: 选择路径 0, 答案: 6, 置信度: 1.0
2025-08-08 17:42:58,210 - INFO - 投票结果: 选择路径 0, 答案: 4, 置信度: 1.0
2025-08-08 17:42:58,211 - INFO - 投票结果: 选择路径 0, 答案: 20, 置信度: 1.0
2025-08-08 17:42:58,211 - INFO - 投票结果: 选择路径 0, 答案: 800, 置信度: 1.0
2025-08-08 17:42:58,212 - INFO - 投票结果: 选择路径 0, 答案: 1, 置信度: 1.0
2025-08-08 17:42:58,213 - INFO - 投票结果: 选择路径 0, 答案: 50, 置信度: 1.0
2025-08-08 17:42:58,213 - INFO - 投票结果: 选择路径 0, 答案: 72.2, 置信度: 0.2
2025-08-08 17:42:58,214 - INFO - 投票结果: 选择路径 0, 答案: 7, 置信度: 0.8
2025-08-08 17:42:58,214 - INFO - 投票结果: 选择路径 0, 答案: 63, 置信度: 1.0
2025-08-08 17:42:58,215 - INFO - 投票结果: 选择路径 0, 答案: 9, 置信度: 0.9
2025-08-08 17:42:58,216 - INFO - 投票结果: 选择路径 0, 答案: 42, 置信度: 0.9
2025-08-08 17:42:58,216 - INFO - 投票结果: 选择路径 0, 答案: 5, 置信度: 0.5
2025-08-08 17:42:58,217 - INFO - 投票结果: 选择路径 0, 答案: 240, 置信度: 0.9
2025-08-08 17:42:58,217 - INFO - 投票结果: 选择路径 0, 答案: 1000, 置信度: 0.9
2025-08-08 17:42:58,218 - INFO - 投票结果: 选择路径 0, 答案: 109, 置信度: 0.9
2025-08-08 17:42:58,218 - INFO - 投票结果: 选择路径 0, 答案: 140, 置信度: 0.9
2025-08-08 17:42:58,219 - INFO - 投票结果: 选择路径 0, 答案: 55, 置信度: 1.0
2025-08-08 17:42:58,220 - INFO - 投票结果: 选择路径 0, 答案: 16, 置信度: 1.0
2025-08-08 17:42:58,220 - INFO - 投票结果: 选择路径 0, 答案: 272, 置信度: 0.6
2025-08-08 17:42:58,221 - INFO - 投票结果: 选择路径 0, 答案: 110, 置信度: 0.9
2025-08-08 17:42:58,222 - INFO - 投票结果: 选择路径 0, 答案: 13, 置信度: 1.0
2025-08-08 17:42:58,222 - INFO - 投票结果: 选择路径 0, 答案: 5, 置信度: 0.7
2025-08-08 17:42:58,223 - INFO - 投票结果: 选择路径 0, 答案: 48, 置信度: 0.9
2025-08-08 17:42:58,223 - INFO - 投票结果: 选择路径 0, 答案: 8, 置信度: 1.0
2025-08-08 17:42:58,224 - INFO - 投票结果: 选择路径 0, 答案: 8, 置信度: 0.9
2025-08-08 17:42:58,225 - INFO - 投票结果: 选择路径 0, 答案: 56, 置信度: 0.8
2025-08-08 17:42:58,225 - INFO - 投票结果: 选择路径 0, 答案: 3, 置信度: 1.0
2025-08-08 17:42:58,226 - INFO - 投票结果: 选择路径 1, 答案: 34, 置信度: 0.6
2025-08-08 17:42:58,226 - INFO - 投票结果: 选择路径 0, 答案: 4, 置信度: 0.7
2025-08-08 17:42:58,227 - INFO - 投票结果: 选择路径 0, 答案: 20000, 置信度: 1.0
2025-08-08 17:42:58,228 - INFO - 投票结果: 选择路径 0, 答案: 9, 置信度: 0.7
2025-08-08 17:42:58,228 - INFO - 投票结果: 选择路径 0, 答案: 52, 置信度: 1.0
2025-08-08 17:42:58,229 - INFO - 投票结果: 选择路径 2, 答案: 10, 置信度: 0.5
2025-08-08 17:42:58,229 - INFO - 投票结果: 选择路径 4, 答案: 110000, 置信度: 0.3
2025-08-08 17:42:58,230 - INFO - 投票结果: 选择路径 0, 答案: 45, 置信度: 1.0
2025-08-08 17:42:58,231 - INFO - 投票结果: 选择路径 0, 答案: 3, 置信度: 0.6
2025-08-08 17:42:58,231 - INFO - 投票结果: 选择路径 0, 答案: 5600, 置信度: 0.5
2025-08-08 17:42:58,232 - INFO - 投票结果: 选择路径 0, 答案: 7, 置信度: 1.0
2025-08-08 17:42:58,232 - INFO - 投票结果: 选择路径 0, 答案: 25, 置信度: 0.9
2025-08-08 17:42:58,233 - INFO - 投票结果: 选择路径 2, 答案: -91, 置信度: 0.4
2025-08-08 17:42:58,233 - INFO - 投票结果: 选择路径 1, 答案: 180, 置信度: 0.6
2025-08-08 17:42:58,234 - INFO - 投票结果: 选择路径 0, 答案: 24, 置信度: 1.0
2025-08-08 17:42:58,235 - INFO - 投票结果: 选择路径 0, 答案: 6, 置信度: 0.5
2025-08-08 17:42:58,235 - INFO - 投票结果: 选择路径 0, 答案: 40, 置信度: 0.9
2025-08-08 17:42:58,236 - INFO - 投票结果: 选择路径 0, 答案: -3, 置信度: 0.9
2025-08-08 17:42:58,236 - INFO - 投票结果: 选择路径 0, 答案: 112, 置信度: 0.6
2025-08-08 17:42:58,237 - INFO - 投票结果: 选择路径 0, 答案: 227, 置信度: 1.0
2025-08-08 17:42:58,238 - INFO - 投票结果: 选择路径 0, 答案: 762, 置信度: 1.0
2025-08-08 17:42:58,238 - INFO - 投票结果: 选择路径 0, 答案: 34, 置信度: 1.0
2025-08-08 17:42:58,239 - INFO - 投票结果: 选择路径 1, 答案: 2, 置信度: 0.5
2025-08-08 17:42:58,239 - INFO - 投票结果: 选择路径 0, 答案: 2, 置信度: 0.8
2025-08-08 17:42:58,240 - INFO - 投票结果: 选择路径 1, 答案: 23, 置信度: 0.2
2025-08-08 17:42:58,241 - INFO - 投票结果: 选择路径 0, 答案: 4, 置信度: 1.0
2025-08-08 17:42:58,241 - INFO - 投票结果: 选择路径 0, 答案: 110, 置信度: 0.9
2025-08-08 17:42:58,242 - INFO - 投票结果: 选择路径 0, 答案: 750, 置信度: 1.0
2025-08-08 17:42:58,242 - INFO - 投票结果: 选择路径 0, 答案: 240, 置信度: 0.7
2025-08-08 17:42:58,243 - INFO - 投票结果: 选择路径 2, 答案: 300, 置信度: 0.4
2025-08-08 17:42:58,243 - INFO - 投票结果: 选择路径 0, 答案: 105, 置信度: 0.6
2025-08-08 17:42:58,244 - INFO - 投票结果: 选择路径 0, 答案: 120, 置信度: 0.8
2025-08-08 17:42:58,245 - INFO - 投票结果: 选择路径 0, 答案: 240, 置信度: 1.0
2025-08-08 17:42:58,245 - INFO - 投票结果: 选择路径 2, 答案: 4000, 置信度: 0.8
2025-08-08 17:42:58,246 - INFO - 投票结果: 选择路径 0, 答案: 60, 置信度: 0.9
2025-08-08 17:42:58,246 - INFO - 投票结果: 选择路径 1, 答案: 36, 置信度: 0.6
2025-08-08 17:42:58,247 - INFO - 投票结果: 选择路径 2, 答案: 80, 置信度: 0.7
2025-08-08 17:42:58,248 - INFO - 投票结果: 选择路径 0, 答案: 48, 置信度: 0.3
2025-08-08 17:42:58,248 - INFO - 投票结果: 选择路径 0, 答案: 32, 置信度: 0.7
2025-08-08 17:42:58,249 - INFO - 投票结果: 选择路径 0, 答案: 940, 置信度: 1.0
2025-08-08 17:42:58,249 - INFO - 投票结果: 选择路径 0, 答案: 84, 置信度: 1.0
2025-08-08 17:42:58,250 - INFO - 投票结果: 选择路径 0, 答案: 2, 置信度: 0.9
2025-08-08 17:42:58,250 - INFO - 投票结果: 选择路径 0, 答案: 32, 置信度: 1.0
2025-08-08 17:42:58,251 - INFO - 投票结果: 选择路径 0, 答案: 12, 置信度: 0.9
2025-08-08 17:42:58,252 - INFO - 投票结果: 选择路径 0, 答案: 2, 置信度: 0.5
2025-08-08 17:42:58,252 - INFO - 投票结果: 选择路径 0, 答案: 1, 置信度: 0.2
2025-08-08 17:42:58,253 - INFO - 投票结果: 选择路径 0, 答案: 14, 置信度: 1.0
2025-08-08 17:42:58,253 - INFO - 投票结果: 选择路径 1, 答案: 448, 置信度: 0.9
2025-08-08 17:42:58,254 - INFO - 投票结果: 选择路径 0, 答案: 12, 置信度: 1.0
2025-08-08 17:42:58,255 - INFO - 投票结果: 选择路径 0, 答案: 1110, 置信度: 0.8
2025-08-08 17:42:58,255 - INFO - 投票结果: 选择路径 0, 答案: 2, 置信度: 0.7
2025-08-08 17:42:58,256 - INFO - 投票结果: 选择路径 0, 答案: 6, 置信度: 0.8
2025-08-08 17:42:58,256 - INFO - 投票结果: 选择路径 0, 答案: 28, 置信度: 1.0
2025-08-08 17:42:58,257 - INFO - 投票结果: 选择路径 1, 答案: 72000, 置信度: 0.4
2025-08-08 17:42:58,258 - INFO - 投票结果: 选择路径 0, 答案: 32, 置信度: 1.0
2025-08-08 17:42:58,258 - INFO - 投票结果: 选择路径 0, 答案: 60, 置信度: 0.7
2025-08-08 17:42:58,259 - INFO - 投票结果: 选择路径 0, 答案: 90, 置信度: 1.0
2025-08-08 17:42:58,259 - INFO - 投票结果: 选择路径 0, 答案: 104, 置信度: 0.5
2025-08-08 17:42:58,260 - INFO - 投票结果: 选择路径 0, 答案: 270, 置信度: 1.0
2025-08-08 17:42:58,261 - INFO - 投票结果: 选择路径 1, 答案: 56000, 置信度: 0.6
2025-08-08 17:42:58,261 - INFO - 投票结果: 选择路径 0, 答案: 72, 置信度: 1.0
2025-08-08 17:42:58,262 - INFO - 投票结果: 选择路径 0, 答案: 400, 置信度: 1.0
2025-08-08 17:42:58,262 - INFO - 投票结果: 选择路径 1, 答案: 12, 置信度: 0.8
2025-08-08 17:42:58,263 - INFO - 投票结果: 选择路径 0, 答案: 15, 置信度: 0.6
2025-08-08 17:42:58,264 - INFO - 投票结果: 选择路径 0, 答案: 54, 置信度: 0.3
2025-08-08 17:42:58,264 - INFO - 投票结果: 选择路径 0, 答案: 50, 置信度: 0.3
2025-08-08 17:42:58,265 - INFO - 投票结果: 选择路径 0, 答案: 4, 置信度: 1.0
2025-08-08 17:42:58,265 - INFO - 投票结果: 选择路径 0, 答案: 4, 置信度: 1.0
2025-08-08 17:42:58,266 - INFO - 投票结果: 选择路径 0, 答案: 17500, 置信度: 0.7
2025-08-08 17:42:58,266 - INFO - 投票结果: 选择路径 0, 答案: 8, 置信度: 1.0
2025-08-08 17:42:58,267 - INFO - 投票结果: 选择路径 2, 答案: 21, 置信度: 0.8
2025-08-08 17:42:58,268 - INFO - 投票结果: 选择路径 2, 答案: 36, 置信度: 0.3
2025-08-08 17:42:58,268 - INFO - 投票结果: 选择路径 0, 答案: 1, 置信度: 0.8
2025-08-08 17:42:58,269 - INFO - 投票结果: 选择路径 0, 答案: 193, 置信度: 1.0
2025-08-08 17:42:58,269 - INFO - 投票结果: 选择路径 1, 答案: 3, 置信度: 0.7
2025-08-08 17:42:58,270 - INFO - 投票结果: 选择路径 0, 答案: 131250, 置信度: 0.4
2025-08-08 17:42:58,271 - INFO - 投票结果: 选择路径 0, 答案: 24, 置信度: 1.0
2025-08-08 17:42:58,271 - INFO - 投票结果: 选择路径 0, 答案: 37, 置信度: 0.3
2025-08-08 17:42:58,272 - INFO - 投票结果: 选择路径 0, 答案: 490, 置信度: 1.0
2025-08-08 17:42:58,272 - INFO - 投票结果: 选择路径 0, 答案: 13, 置信度: 0.3
2025-08-08 17:42:58,273 - INFO - 投票结果: 选择路径 0, 答案: 60, 置信度: 0.8
2025-08-08 17:42:58,274 - INFO - 投票结果: 选择路径 0, 答案: 17, 置信度: 1.0
2025-08-08 17:42:58,274 - INFO - 投票结果: 选择路径 0, 答案: 6850000, 置信度: 0.2
2025-08-08 17:42:58,275 - INFO - 投票结果: 选择路径 0, 答案: 15, 置信度: 1.0
2025-08-08 17:42:58,275 - INFO - 投票结果: 选择路径 1, 答案: 120, 置信度: 0.5
2025-08-08 17:42:58,276 - INFO - 投票结果: 选择路径 0, 答案: 18, 置信度: 1.0
2025-08-08 17:42:58,276 - INFO - 投票结果: 选择路径 1, 答案: 30, 置信度: 0.9
2025-08-08 17:42:58,277 - INFO - 投票结果: 选择路径 0, 答案: 60, 置信度: 0.9
2025-08-08 17:42:58,278 - INFO - 投票结果: 选择路径 0, 答案: 260, 置信度: 1.0
2025-08-08 17:42:58,278 - INFO - 投票结果: 选择路径 0, 答案: 60, 置信度: 1.0
2025-08-08 17:42:58,279 - INFO - 投票结果: 选择路径 1, 答案: 75, 置信度: 0.4
2025-08-08 17:42:58,279 - INFO - 投票结果: 选择路径 0, 答案: 25, 置信度: 1.0
2025-08-08 17:42:58,280 - INFO - 投票结果: 选择路径 0, 答案: 99, 置信度: 0.2
2025-08-08 17:42:58,281 - INFO - 投票结果: 选择路径 0, 答案: 5, 置信度: 1.0
2025-08-08 17:42:58,281 - INFO - 投票结果: 选择路径 0, 答案: 84, 置信度: 0.9
2025-08-08 17:42:58,282 - INFO - 投票结果: 选择路径 0, 答案: 7, 置信度: 0.8
2025-08-08 17:42:58,282 - INFO - 投票结果: 选择路径 0, 答案: 2, 置信度: 1.0
2025-08-08 17:42:58,283 - INFO - 投票结果: 选择路径 0, 答案: 21, 置信度: 1.0
2025-08-08 17:42:58,284 - INFO - 投票结果: 选择路径 0, 答案: 8, 置信度: 1.0
2025-08-08 17:42:58,284 - INFO - 投票结果: 选择路径 0, 答案: 80, 置信度: 0.2
2025-08-08 17:42:58,285 - INFO - 投票结果: 选择路径 0, 答案: 90000, 置信度: 0.9
2025-08-08 17:42:58,285 - INFO - 投票结果: 选择路径 0, 答案: 2, 置信度: 1.0
2025-08-08 17:42:58,286 - INFO - 投票结果: 选择路径 1, 答案: 40, 置信度: 0.9
2025-08-08 17:42:58,287 - INFO - 投票结果: 选择路径 0, 答案: 2, 置信度: 0.5
2025-08-08 17:42:58,298 - INFO - 投票结果: 选择路径 0, 答案: 100, 置信度: 0.9
2025-08-08 17:42:58,299 - INFO - 投票结果: 选择路径 0, 答案: 30, 置信度: 1.0
2025-08-08 17:42:58,300 - INFO - 投票结果: 选择路径 0, 答案: 8, 置信度: 1.0
2025-08-08 17:42:58,301 - INFO - 投票结果: 选择路径 0, 答案: 31, 置信度: 0.9
2025-08-08 17:42:58,302 - INFO - 投票结果: 选择路径 0, 答案: 120000, 置信度: 0.5
2025-08-08 17:42:58,303 - INFO - 投票结果: 选择路径 0, 答案: 180, 置信度: 1.0
2025-08-08 17:42:58,304 - INFO - 投票结果: 选择路径 0, 答案: 3, 置信度: 1.0
2025-08-08 17:42:58,305 - INFO - 投票结果: 选择路径 0, 答案: 5, 置信度: 0.4
2025-08-08 17:42:58,306 - INFO - 投票结果: 选择路径 0, 答案: 5, 置信度: 1.0
2025-08-08 17:42:58,307 - INFO - 投票结果: 选择路径 0, 答案: 130000, 置信度: 1.0
2025-08-08 17:42:58,308 - INFO - 投票结果: 选择路径 1, 答案: 68, 置信度: 0.5
2025-08-08 17:42:58,309 - INFO - 投票结果: 选择路径 1, 答案: 78, 置信度: 0.8
2025-08-08 17:42:58,309 - INFO - 投票结果: 选择路径 0, 答案: 28, 置信度: 1.0
2025-08-08 17:42:58,310 - INFO - 投票结果: 选择路径 0, 答案: 15, 置信度: 1.0
2025-08-08 17:42:58,310 - INFO - 投票结果: 选择路径 4, 答案: 290, 置信度: 0.3
2025-08-08 17:42:58,311 - INFO - 投票结果: 选择路径 3, 答案: 7000, 置信度: 0.4
2025-08-08 17:42:58,312 - INFO - 投票结果: 选择路径 3, 答案: 2400, 置信度: 0.4
2025-08-08 17:42:58,312 - INFO - 投票结果: 选择路径 0, 答案: 18, 置信度: 0.9
2025-08-08 17:42:58,313 - INFO - 投票结果: 选择路径 0, 答案: 90, 置信度: 0.8
2025-08-08 17:42:58,314 - INFO - 投票结果: 选择路径 2, 答案: 31, 置信度: 0.6
2025-08-08 17:42:58,314 - INFO - 投票结果: 选择路径 0, 答案: 200, 置信度: 0.2
2025-08-08 17:42:58,315 - INFO - 投票结果: 选择路径 1, 答案: 180, 置信度: 0.4
2025-08-08 17:42:58,316 - INFO - 投票结果: 选择路径 0, 答案: 7, 置信度: 1.0
2025-08-08 17:42:58,316 - INFO - 投票结果: 选择路径 0, 答案: 75, 置信度: 0.8
2025-08-08 17:42:58,317 - INFO - 投票结果: 选择路径 0, 答案: 650, 置信度: 1.0
2025-08-08 17:42:58,317 - INFO - 投票结果: 选择路径 0, 答案: 310, 置信度: 0.4
2025-08-08 17:42:58,318 - INFO - 投票结果: 选择路径 0, 答案: 12, 置信度: 0.8
2025-08-08 17:42:58,318 - INFO - 投票结果: 选择路径 0, 答案: 5, 置信度: 1.0
2025-08-08 17:42:58,319 - INFO - 投票结果: 选择路径 0, 答案: 29, 置信度: 1.0
2025-08-08 17:42:58,320 - INFO - 投票结果: 选择路径 1, 答案: 140, 置信度: 0.7
2025-08-08 17:42:58,320 - INFO - 投票结果: 选择路径 0, 答案: 30, 置信度: 0.8
2025-08-08 17:42:58,321 - INFO - 投票结果: 选择路径 0, 答案: 40, 置信度: 0.8
2025-08-08 17:42:58,321 - INFO - 投票结果: 选择路径 0, 答案: 100, 置信度: 1.0
2025-08-08 17:42:58,322 - INFO - 投票结果: 选择路径 0, 答案: 35, 置信度: 1.0
2025-08-08 17:42:58,323 - INFO - 投票结果: 选择路径 0, 答案: 79, 置信度: 1.0
2025-08-08 17:42:58,323 - INFO - 投票结果: 选择路径 1, 答案: 5, 置信度: 0.3
2025-08-08 17:42:58,324 - INFO - 投票结果: 选择路径 0, 答案: 4, 置信度: 1.0
2025-08-08 17:42:58,324 - INFO - 投票结果: 选择路径 0, 答案: 6, 置信度: 0.9
2025-08-08 17:42:58,325 - INFO - 投票结果: 选择路径 0, 答案: 32, 置信度: 1.0
2025-08-08 17:42:58,326 - INFO - 投票结果: 选择路径 0, 答案: 112, 置信度: 1.0
2025-08-08 17:42:58,326 - INFO - 投票结果: 选择路径 1, 答案: 54, 置信度: 0.4
2025-08-08 17:42:58,327 - INFO - 投票结果: 选择路径 0, 答案: 450, 置信度: 0.7
2025-08-08 17:42:58,327 - INFO - 投票结果: 选择路径 2, 答案: 2000, 置信度: 0.3
2025-08-08 17:42:58,328 - INFO - 投票结果: 选择路径 0, 答案: 450, 置信度: 0.9
2025-08-08 17:42:58,328 - INFO - 投票结果: 选择路径 0, 答案: 6, 置信度: 1.0
2025-08-08 17:42:58,329 - INFO - 投票结果: 选择路径 1, 答案: 3, 置信度: 0.3
2025-08-08 17:42:58,330 - INFO - 投票结果: 选择路径 0, 答案: 144, 置信度: 1.0
2025-08-08 17:42:58,330 - INFO - 投票结果: 选择路径 0, 答案: 8, 置信度: 0.9
2025-08-08 17:42:58,331 - INFO - 投票结果: 选择路径 0, 答案: 2125, 置信度: 0.9
2025-08-08 17:42:58,331 - INFO - 投票结果: 选择路径 0, 答案: 65, 置信度: 0.5
2025-08-08 17:42:58,332 - INFO - 投票结果: 选择路径 0, 答案: 13, 置信度: 1.0
2025-08-08 17:42:58,332 - INFO - 投票结果: 选择路径 0, 答案: 40, 置信度: 0.6
2025-08-08 17:42:58,333 - INFO - 投票结果: 选择路径 0, 答案: 133, 置信度: 1.0
2025-08-08 17:42:58,334 - INFO - 投票结果: 选择路径 0, 答案: 100, 置信度: 0.6
2025-08-08 17:42:58,334 - INFO - 投票结果: 选择路径 0, 答案: 350, 置信度: 1.0
2025-08-08 17:42:58,335 - INFO - 投票结果: 选择路径 0, 答案: 44.4, 置信度: 0.6
2025-08-08 17:42:58,335 - INFO - 投票结果: 选择路径 0, 答案: 105, 置信度: 1.0
2025-08-08 17:42:58,336 - INFO - 投票结果: 选择路径 0, 答案: 7, 置信度: 0.9
2025-08-08 17:42:58,337 - INFO - 投票结果: 选择路径 0, 答案: 860, 置信度: 0.9
2025-08-08 17:42:58,337 - INFO - 投票结果: 选择路径 0, 答案: 72, 置信度: 1.0
2025-08-08 17:42:58,338 - INFO - 投票结果: 选择路径 0, 答案: 29, 置信度: 0.1
2025-08-08 17:42:58,338 - INFO - 投票结果: 选择路径 0, 答案: 1, 置信度: 1.0
2025-08-08 17:42:58,339 - INFO - 投票结果: 选择路径 2, 答案: 2, 置信度: 0.2
2025-08-08 17:42:58,339 - INFO - 投票结果: 选择路径 0, 答案: 36, 置信度: 0.4
2025-08-08 17:42:58,340 - INFO - 投票结果: 选择路径 0, 答案: 140, 置信度: 0.9
2025-08-08 17:42:58,341 - INFO - 投票结果: 选择路径 0, 答案: 20, 置信度: 0.6
2025-08-08 17:42:58,341 - INFO - 投票结果: 选择路径 0, 答案: 1800, 置信度: 0.7
2025-08-08 17:42:58,342 - INFO - 投票结果: 选择路径 0, 答案: 25, 置信度: 0.4
2025-08-08 17:42:58,342 - INFO - 投票结果: 选择路径 0, 答案: 147, 置信度: 1.0
2025-08-08 17:42:58,343 - INFO - 投票结果: 选择路径 0, 答案: 10, 置信度: 1.0
2025-08-08 17:42:58,344 - INFO - 投票结果: 选择路径 0, 答案: 25, 置信度: 1.0
2025-08-08 17:42:58,344 - INFO - 投票结果: 选择路径 0, 答案: 32, 置信度: 0.9
2025-08-08 17:42:58,345 - INFO - 投票结果: 选择路径 0, 答案: 276, 置信度: 1.0
2025-08-08 17:42:58,345 - INFO - 投票结果: 选择路径 4, 答案: 16, 置信度: 0.3
2025-08-08 17:42:58,346 - INFO - 投票结果: 选择路径 0, 答案: 30, 置信度: 1.0
2025-08-08 17:42:58,346 - INFO - 投票结果: 选择路径 1, 答案: 280, 置信度: 0.7
2025-08-08 17:42:58,347 - INFO - 投票结果: 选择路径 0, 答案: 8000, 置信度: 1.0
2025-08-08 17:42:58,348 - INFO - 投票结果: 选择路径 3, 答案: 375, 置信度: 0.3
2025-08-08 17:42:58,348 - INFO - 投票结果: 选择路径 1, 答案: 84, 置信度: 0.8
2025-08-08 17:42:58,349 - INFO - 投票结果: 选择路径 0, 答案: 50, 置信度: 0.9
2025-08-08 17:42:58,349 - INFO - 投票结果: 选择路径 0, 答案: 50, 置信度: 0.8
2025-08-08 17:42:58,350 - INFO - 投票结果: 选择路径 0, 答案: 320, 置信度: 0.7
2025-08-08 17:42:58,351 - INFO - 投票结果: 选择路径 0, 答案: 38, 置信度: 1.0
2025-08-08 17:42:58,351 - INFO - 投票结果: 选择路径 0, 答案: 34, 置信度: 0.7
2025-08-08 17:42:58,352 - INFO - 投票结果: 选择路径 0, 答案: 594, 置信度: 0.9
2025-08-08 17:42:58,352 - INFO - 投票结果: 选择路径 1, 答案: 36, 置信度: 0.2
2025-08-08 17:42:58,353 - INFO - 投票结果: 选择路径 1, 答案: 98, 置信度: 0.9
2025-08-08 17:42:58,353 - INFO - 投票结果: 选择路径 0, 答案: 123, 置信度: 1.0
2025-08-08 17:42:58,354 - INFO - 投票结果: 选择路径 0, 答案: 27, 置信度: 1.0
2025-08-08 17:42:58,355 - INFO - 投票结果: 选择路径 0, 答案: 145, 置信度: 0.9
2025-08-08 17:42:58,355 - INFO - 投票结果: 选择路径 0, 答案: 23, 置信度: 1.0
2025-08-08 17:42:58,356 - INFO - 投票结果: 选择路径 0, 答案: 14, 置信度: 0.9
2025-08-08 17:42:58,356 - INFO - 投票结果: 选择路径 1, 答案: 18, 置信度: 0.6
2025-08-08 17:42:58,357 - INFO - 投票结果: 选择路径 0, 答案: 21, 置信度: 1.0
2025-08-08 17:42:58,358 - INFO - 投票结果: 选择路径 0, 答案: 40000, 置信度: 1.0
2025-08-08 17:42:58,358 - INFO - 投票结果: 选择路径 0, 答案: 90, 置信度: 0.8
2025-08-08 17:42:58,359 - INFO - 投票结果: 选择路径 0, 答案: 11050, 置信度: 0.4
2025-08-08 17:42:58,359 - INFO - 投票结果: 选择路径 0, 答案: 1520, 置信度: 1.0
2025-08-08 17:42:58,360 - INFO - 投票结果: 选择路径 0, 答案: 32, 置信度: 0.5
2025-08-08 17:42:58,360 - INFO - 投票结果: 选择路径 0, 答案: 2000, 置信度: 0.7
2025-08-08 17:42:58,361 - INFO - 投票结果: 选择路径 1, 答案: 93, 置信度: 0.8
2025-08-08 17:42:58,362 - INFO - 投票结果: 选择路径 0, 答案: 40, 置信度: 0.6
2025-08-08 17:42:58,362 - INFO - 投票结果: 选择路径 1, 答案: 15, 置信度: 0.9
2025-08-08 17:42:58,363 - INFO - 投票结果: 选择路径 0, 答案: 66, 置信度: 1.0
2025-08-08 17:42:58,363 - INFO - 投票结果: 选择路径 0, 答案: 5, 置信度: 1.0
2025-08-08 17:42:58,364 - INFO - 投票结果: 选择路径 0, 答案: 5, 置信度: 1.0
2025-08-08 17:42:58,365 - INFO - 投票结果: 选择路径 0, 答案: 5, 置信度: 0.6
2025-08-08 17:42:58,365 - INFO - 投票结果: 选择路径 0, 答案: 1430, 置信度: 1.0
2025-08-08 17:42:58,366 - INFO - 投票结果: 选择路径 0, 答案: 36, 置信度: 0.9
2025-08-08 17:42:58,366 - INFO - 投票结果: 选择路径 0, 答案: 80, 置信度: 1.0
2025-08-08 17:42:58,367 - INFO - 投票结果: 选择路径 0, 答案: 29, 置信度: 0.6
2025-08-08 17:42:58,367 - INFO - 投票结果: 选择路径 0, 答案: 122, 置信度: 1.0
2025-08-08 17:42:58,368 - INFO - 投票结果: 选择路径 0, 答案: 60, 置信度: 1.0
2025-08-08 17:42:58,369 - INFO - 投票结果: 选择路径 4, 答案: 145, 置信度: 0.3
2025-08-08 17:42:58,369 - INFO - 投票结果: 选择路径 0, 答案: 21, 置信度: 1.0
2025-08-08 17:42:58,370 - INFO - 投票结果: 选择路径 0, 答案: 45, 置信度: 0.8
2025-08-08 17:42:58,370 - INFO - 投票结果: 选择路径 0, 答案: 273, 置信度: 1.0
2025-08-08 17:42:58,371 - INFO - 投票结果: 选择路径 1, 答案: 12, 置信度: 0.5
2025-08-08 17:42:58,372 - INFO - 投票结果: 选择路径 0, 答案: 5, 置信度: 0.7
2025-08-08 17:42:58,372 - INFO - 投票结果: 选择路径 0, 答案: 1, 置信度: 0.9
2025-08-08 17:42:58,373 - INFO - 投票结果: 选择路径 0, 答案: 1880, 置信度: 0.5
2025-08-08 17:42:58,388 - INFO - 正确率: 82.71%
2025-08-08 17:42:58,736 - INFO - 结果已保存到: /cephfs/shared/sunyifan/Min-p-CoT/grid_search_results/Llama-3.2-3B-Instruct_GSM8k_test_0.05_interval/minp_0.35_0.15_0.7_0.85_temp_1.0/min_p_cot_results_4-step-CoT_Llama-3.2-3B-Instruct_GSM8k_test_0.35_0.15_0.7_0.85_vote10_majority_run3.json
2025-08-08 17:42:58,737 - INFO - 实验完成!
2025-08-08 17:42:58,827 - INFO - 实验 22 (第 3/3 次) 完成，准确率: 82.71%
2025-08-08 17:42:58,830 - INFO - 实验 22 完成: 平均准确率 82.97% ± 0.31% (范围: 82.71%-83.40%), 成功运行 3/3 次
2025-08-08 17:42:58,831 - INFO - 开始运行实验 23，min-p值 = [0.35, 0.15, 0.7, 0.9], 温度 = 1.0，共 3 次
2025-08-08 17:42:58,832 - INFO - 开始实验 23 (第 1/3 次): min-p值 = [0.35, 0.15, 0.7, 0.9], 温度 = 1.0
2025-08-08 17:42:58,852 - INFO - 创建配置文件: /cephfs/shared/sunyifan/Min-p-CoT/grid_search_results/Llama-3.2-3B-Instruct_GSM8k_test_0.05_interval/minp_0.35_0.15_0.7_0.9_temp_1.0/config_experiment_0.35_0.15_0.7_0.9_temp_1.0.json
2025-08-08 17:42:58,868 - INFO - 配置文件验证通过
2025-08-08 17:42:58,870 - INFO - 随机种子已设置为: 42
2025-08-08 17:42:58,871 - INFO - 使用已提供的模型实例: Llama-3.2-3B-Instruct
2025-08-08 17:42:58,872 - INFO - 加载数据集: GSM8k_test
2025-08-08 17:42:58,873 - INFO - 随机种子已设置为: 42
2025-08-08 17:42:58,881 - INFO - 数据集加载完成，共 1319 条数据，已打乱顺序
2025-08-08 17:42:58,882 - INFO - 使用投票机制，每个问题生成 10 条路径
2025-08-08 17:42:58,883 - INFO - 批量生成模式：为 1319 个问题各生成 10 条路径
2025-08-08 17:42:58,885 - INFO - 开始CoT生成，共4个步骤:
2025-08-08 17:42:58,886 - INFO - 开始CoT步骤 1，min_p=0.35
2025-08-08 17:43:01,430 - INFO - 开始CoT步骤 2，min_p=0.15
2025-08-08 17:43:13,444 - INFO - 开始CoT步骤 3，min_p=0.7
2025-08-08 17:43:24,090 - INFO - 开始CoT步骤 4，min_p=0.9
2025-08-08 17:43:28,793 - INFO - CoT生成完成，共 1319 条CoT
2025-08-08 17:43:28,814 - INFO - 开始CoT生成，共4个步骤:
2025-08-08 17:43:28,815 - INFO - 开始CoT步骤 1，min_p=0.35
2025-08-08 17:43:31,385 - INFO - 开始CoT步骤 2，min_p=0.15
2025-08-08 17:43:43,228 - INFO - 开始CoT步骤 3，min_p=0.7
2025-08-08 17:43:54,184 - INFO - 开始CoT步骤 4，min_p=0.9
2025-08-08 17:43:57,510 - INFO - CoT生成完成，共 1319 条CoT
2025-08-08 17:43:57,530 - INFO - 开始CoT生成，共4个步骤:
2025-08-08 17:43:57,531 - INFO - 开始CoT步骤 1，min_p=0.35
2025-08-08 17:44:00,123 - INFO - 开始CoT步骤 2，min_p=0.15
2025-08-08 17:44:12,023 - INFO - 开始CoT步骤 3，min_p=0.7
2025-08-08 17:44:22,665 - INFO - 开始CoT步骤 4，min_p=0.9
2025-08-08 17:44:27,564 - INFO - CoT生成完成，共 1319 条CoT
2025-08-08 17:44:27,585 - INFO - 开始CoT生成，共4个步骤:
2025-08-08 17:44:27,587 - INFO - 开始CoT步骤 1，min_p=0.35
2025-08-08 17:44:30,166 - INFO - 开始CoT步骤 2，min_p=0.15
2025-08-08 17:44:42,252 - INFO - 开始CoT步骤 3，min_p=0.7
2025-08-08 17:44:52,623 - INFO - 开始CoT步骤 4，min_p=0.9
2025-08-08 17:44:57,583 - INFO - CoT生成完成，共 1319 条CoT
2025-08-08 17:44:57,606 - INFO - 开始CoT生成，共4个步骤:
2025-08-08 17:44:57,607 - INFO - 开始CoT步骤 1，min_p=0.35
2025-08-08 17:44:59,874 - INFO - 开始CoT步骤 2，min_p=0.15
2025-08-08 17:45:11,977 - INFO - 开始CoT步骤 3，min_p=0.7
2025-08-08 17:45:22,833 - INFO - 开始CoT步骤 4，min_p=0.9
2025-08-08 17:45:27,871 - INFO - CoT生成完成，共 1319 条CoT
2025-08-08 17:45:27,892 - INFO - 开始CoT生成，共4个步骤:
2025-08-08 17:45:27,894 - INFO - 开始CoT步骤 1，min_p=0.35
2025-08-08 17:45:30,188 - INFO - 开始CoT步骤 2，min_p=0.15
2025-08-08 17:45:42,223 - INFO - 开始CoT步骤 3，min_p=0.7
2025-08-08 17:45:53,008 - INFO - 开始CoT步骤 4，min_p=0.9
2025-08-08 17:45:57,721 - INFO - CoT生成完成，共 1319 条CoT
2025-08-08 17:45:57,746 - INFO - 开始CoT生成，共4个步骤:
2025-08-08 17:45:57,748 - INFO - 开始CoT步骤 1，min_p=0.35
2025-08-08 17:46:00,052 - INFO - 开始CoT步骤 2，min_p=0.15
2025-08-08 17:46:11,990 - INFO - 开始CoT步骤 3，min_p=0.7
2025-08-08 17:46:22,670 - INFO - 开始CoT步骤 4，min_p=0.9
2025-08-08 17:46:27,355 - INFO - CoT生成完成，共 1319 条CoT
2025-08-08 17:46:27,376 - INFO - 开始CoT生成，共4个步骤:
2025-08-08 17:46:27,378 - INFO - 开始CoT步骤 1，min_p=0.35
2025-08-08 17:46:29,650 - INFO - 开始CoT步骤 2，min_p=0.15
2025-08-08 17:46:41,709 - INFO - 开始CoT步骤 3，min_p=0.7
2025-08-08 17:46:52,714 - INFO - 开始CoT步骤 4，min_p=0.9
2025-08-08 17:46:57,442 - INFO - CoT生成完成，共 1319 条CoT
2025-08-08 17:46:57,464 - INFO - 开始CoT生成，共4个步骤:
2025-08-08 17:46:57,465 - INFO - 开始CoT步骤 1，min_p=0.35
2025-08-08 17:46:59,958 - INFO - 开始CoT步骤 2，min_p=0.15
2025-08-08 17:47:12,142 - INFO - 开始CoT步骤 3，min_p=0.7
2025-08-08 17:47:22,816 - INFO - 开始CoT步骤 4，min_p=0.9
2025-08-08 17:47:27,671 - INFO - CoT生成完成，共 1319 条CoT
2025-08-08 17:47:27,694 - INFO - 开始CoT生成，共4个步骤:
2025-08-08 17:47:27,696 - INFO - 开始CoT步骤 1，min_p=0.35
2025-08-08 17:47:30,295 - INFO - 开始CoT步骤 2，min_p=0.15
2025-08-08 17:47:42,433 - INFO - 开始CoT步骤 3，min_p=0.7
2025-08-08 17:47:53,106 - INFO - 开始CoT步骤 4，min_p=0.9
2025-08-08 17:47:57,982 - INFO - CoT生成完成，共 1319 条CoT
2025-08-08 17:47:58,005 - INFO - 批量生成完成：共生成 1319 组路径，每组 10 条
2025-08-08 17:47:58,008 - INFO - 投票结果: 选择路径 0, 答案: 52, 置信度: 1.0
2025-08-08 17:47:58,009 - INFO - 投票结果: 选择路径 0, 答案: 5, 置信度: 1.0
2025-08-08 17:47:58,010 - INFO - 投票结果: 选择路径 0, 答案: 83, 置信度: 0.7
2025-08-08 17:47:58,012 - INFO - 投票结果: 选择路径 0, 答案: 10, 置信度: 0.9
2025-08-08 17:47:58,013 - INFO - 投票结果: 选择路径 0, 答案: 70, 置信度: 0.7
2025-08-08 17:47:58,014 - INFO - 投票结果: 选择路径 0, 答案: 36, 置信度: 0.8
2025-08-08 17:47:58,015 - INFO - 投票结果: 选择路径 0, 答案: 48, 置信度: 1.0
2025-08-08 17:47:58,016 - INFO - 投票结果: 选择路径 0, 答案: 16, 置信度: 0.9
2025-08-08 17:47:58,016 - INFO - 投票结果: 选择路径 3, 答案: 4.64, 置信度: 0.3
2025-08-08 17:47:58,017 - INFO - 投票结果: 选择路径 0, 答案: 48, 置信度: 1.0
2025-08-08 17:47:58,018 - INFO - 投票结果: 选择路径 0, 答案: 90, 置信度: 0.9
2025-08-08 17:47:58,018 - INFO - 投票结果: 选择路径 0, 答案: 10, 置信度: 1.0
2025-08-08 17:47:58,019 - INFO - 投票结果: 选择路径 4, 答案: 7, 置信度: 0.3
2025-08-08 17:47:58,019 - INFO - 投票结果: 选择路径 0, 答案: 45000, 置信度: 0.5
2025-08-08 17:47:58,020 - INFO - 投票结果: 选择路径 0, 答案: 18, 置信度: 0.8
2025-08-08 17:47:58,021 - INFO - 投票结果: 选择路径 0, 答案: 140, 置信度: 1.0
2025-08-08 17:47:58,021 - INFO - 投票结果: 选择路径 0, 答案: 17, 置信度: 0.6
2025-08-08 17:47:58,022 - INFO - 投票结果: 选择路径 0, 答案: 68, 置信度: 0.9
2025-08-08 17:47:58,022 - INFO - 投票结果: 选择路径 0, 答案: 8, 置信度: 1.0
2025-08-08 17:47:58,023 - INFO - 投票结果: 选择路径 0, 答案: 14, 置信度: 1.0
2025-08-08 17:47:58,024 - INFO - 投票结果: 选择路径 0, 答案: 50, 置信度: 0.6
2025-08-08 17:47:58,024 - INFO - 投票结果: 选择路径 0, 答案: 100, 置信度: 0.9
2025-08-08 17:47:58,025 - INFO - 投票结果: 选择路径 1, 答案: 96, 置信度: 0.3
2025-08-08 17:47:58,026 - INFO - 投票结果: 选择路径 0, 答案: 48, 置信度: 0.4
2025-08-08 17:47:58,026 - INFO - 投票结果: 选择路径 2, 答案: 16400, 置信度: 0.5
2025-08-08 17:47:58,027 - INFO - 投票结果: 选择路径 0, 答案: 250, 置信度: 0.9
2025-08-08 17:47:58,027 - INFO - 投票结果: 选择路径 0, 答案: 18, 置信度: 0.7
2025-08-08 17:47:58,028 - INFO - 投票结果: 选择路径 1, 答案: 1490, 置信度: 0.6
2025-08-08 17:47:58,029 - INFO - 投票结果: 选择路径 0, 答案: 11, 置信度: 0.8
2025-08-08 17:47:58,029 - INFO - 投票结果: 选择路径 0, 答案: 106, 置信度: 0.9
2025-08-08 17:47:58,030 - INFO - 投票结果: 选择路径 0, 答案: 138, 置信度: 0.5
2025-08-08 17:47:58,030 - INFO - 投票结果: 选择路径 1, 答案: 15, 置信度: 0.9
2025-08-08 17:47:58,031 - INFO - 投票结果: 选择路径 0, 答案: 4, 置信度: 1.0
2025-08-08 17:47:58,032 - INFO - 投票结果: 选择路径 0, 答案: 82, 置信度: 0.7
2025-08-08 17:47:58,032 - INFO - 投票结果: 选择路径 0, 答案: 2, 置信度: 0.7
2025-08-08 17:47:58,033 - INFO - 投票结果: 选择路径 0, 答案: 51, 置信度: 0.6
2025-08-08 17:47:58,034 - INFO - 投票结果: 选择路径 2, 答案: 4, 置信度: 0.8
2025-08-08 17:47:58,034 - INFO - 投票结果: 选择路径 0, 答案: 100, 置信度: 0.8
2025-08-08 17:47:58,035 - INFO - 投票结果: 选择路径 2, 答案: 2475, 置信度: 0.3
2025-08-08 17:47:58,035 - INFO - 投票结果: 选择路径 0, 答案: 188, 置信度: 1.0
2025-08-08 17:47:58,036 - INFO - 投票结果: 选择路径 0, 答案: 30, 置信度: 0.9
2025-08-08 17:47:58,037 - INFO - 投票结果: 选择路径 0, 答案: 30, 置信度: 1.0
2025-08-08 17:47:58,037 - INFO - 投票结果: 选择路径 0, 答案: 240, 置信度: 1.0
2025-08-08 17:47:58,038 - INFO - 投票结果: 选择路径 0, 答案: 7, 置信度: 1.0
2025-08-08 17:47:58,039 - INFO - 投票结果: 选择路径 0, 答案: 350, 置信度: 0.6
2025-08-08 17:47:58,039 - INFO - 投票结果: 选择路径 0, 答案: 4, 置信度: 0.6
2025-08-08 17:47:58,040 - INFO - 投票结果: 选择路径 0, 答案: 36, 置信度: 1.0
2025-08-08 17:47:58,041 - INFO - 投票结果: 选择路径 0, 答案: 3, 置信度: 0.4
2025-08-08 17:47:58,041 - INFO - 投票结果: 选择路径 2, 答案: 2, 置信度: 0.6
2025-08-08 17:47:58,042 - INFO - 投票结果: 选择路径 0, 答案: 33, 置信度: 1.0
2025-08-08 17:47:58,043 - INFO - 投票结果: 选择路径 0, 答案: 21, 置信度: 0.7
2025-08-08 17:47:58,043 - INFO - 投票结果: 选择路径 2, 答案: 175, 置信度: 0.3
2025-08-08 17:47:58,044 - INFO - 投票结果: 选择路径 0, 答案: 60, 置信度: 0.8
2025-08-08 17:47:58,045 - INFO - 投票结果: 选择路径 0, 答案: 49, 置信度: 0.8
2025-08-08 17:47:58,045 - INFO - 投票结果: 选择路径 0, 答案: 2100, 置信度: 0.5
2025-08-08 17:47:58,046 - INFO - 投票结果: 选择路径 0, 答案: 27, 置信度: 0.8
2025-08-08 17:47:58,046 - INFO - 投票结果: 选择路径 2, 答案: 16, 置信度: 0.6
2025-08-08 17:47:58,047 - INFO - 投票结果: 选择路径 0, 答案: 49, 置信度: 0.5
2025-08-08 17:47:58,048 - INFO - 投票结果: 选择路径 0, 答案: 6, 置信度: 0.3
2025-08-08 17:47:58,048 - INFO - 投票结果: 选择路径 0, 答案: 32, 置信度: 0.6
2025-08-08 17:47:58,049 - INFO - 投票结果: 选择路径 0, 答案: 168, 置信度: 0.4
2025-08-08 17:47:58,049 - INFO - 投票结果: 选择路径 0, 答案: 225, 置信度: 0.9
2025-08-08 17:47:58,050 - INFO - 投票结果: 选择路径 0, 答案: 50, 置信度: 0.9
2025-08-08 17:47:58,051 - INFO - 投票结果: 选择路径 1, 答案: 45, 置信度: 0.4
2025-08-08 17:47:58,051 - INFO - 投票结果: 选择路径 0, 答案: 7, 置信度: 1.0
2025-08-08 17:47:58,052 - INFO - 投票结果: 选择路径 1, 答案: 800, 置信度: 0.5
2025-08-08 17:47:58,053 - INFO - 投票结果: 选择路径 0, 答案: 22, 置信度: 0.9
2025-08-08 17:47:58,053 - INFO - 投票结果: 选择路径 0, 答案: 235, 置信度: 0.9
2025-08-08 17:47:58,054 - INFO - 投票结果: 选择路径 0, 答案: 3, 置信度: 0.8
2025-08-08 17:47:58,054 - INFO - 投票结果: 选择路径 2, 答案: 4, 置信度: 0.3
2025-08-08 17:47:58,055 - INFO - 投票结果: 选择路径 0, 答案: 3000, 置信度: 0.8
2025-08-08 17:47:58,056 - INFO - 投票结果: 选择路径 0, 答案: 300, 置信度: 0.9
2025-08-08 17:47:58,056 - INFO - 投票结果: 选择路径 0, 答案: 20, 置信度: 0.7
2025-08-08 17:47:58,057 - INFO - 投票结果: 选择路径 0, 答案: 130, 置信度: 1.0
2025-08-08 17:47:58,057 - INFO - 投票结果: 选择路径 0, 答案: 1, 置信度: 0.7
2025-08-08 17:47:58,058 - INFO - 投票结果: 选择路径 0, 答案: 48, 置信度: 0.7
2025-08-08 17:47:58,059 - INFO - 投票结果: 选择路径 0, 答案: 50, 置信度: 0.8
2025-08-08 17:47:58,059 - INFO - 投票结果: 选择路径 4, 答案: 3, 置信度: 0.6
2025-08-08 17:47:58,060 - INFO - 投票结果: 选择路径 2, 答案: 5, 置信度: 0.7
2025-08-08 17:47:58,060 - INFO - 投票结果: 选择路径 0, 答案: 110, 置信度: 1.0
2025-08-08 17:47:58,061 - INFO - 投票结果: 选择路径 0, 答案: 900, 置信度: 0.2
2025-08-08 17:47:58,062 - INFO - 投票结果: 选择路径 0, 答案: 16, 置信度: 1.0
2025-08-08 17:47:58,062 - INFO - 投票结果: 选择路径 0, 答案: 80, 置信度: 1.0
2025-08-08 17:47:58,063 - INFO - 投票结果: 选择路径 0, 答案: 45, 置信度: 0.6
2025-08-08 17:47:58,064 - INFO - 投票结果: 选择路径 0, 答案: 36, 置信度: 1.0
2025-08-08 17:47:58,064 - INFO - 投票结果: 选择路径 0, 答案: 5, 置信度: 0.6
2025-08-08 17:47:58,065 - INFO - 投票结果: 选择路径 2, 答案: 9, 置信度: 0.2
2025-08-08 17:47:58,065 - INFO - 投票结果: 选择路径 0, 答案: 36, 置信度: 1.0
2025-08-08 17:47:58,066 - INFO - 投票结果: 选择路径 0, 答案: 60, 置信度: 0.5
2025-08-08 17:47:58,067 - INFO - 投票结果: 选择路径 0, 答案: 9, 置信度: 0.9
2025-08-08 17:47:58,067 - INFO - 投票结果: 选择路径 0, 答案: 1