2025-08-04 14:42:39,131 - INFO - 配置文件验证通过
2025-08-04 14:42:39,133 - INFO - 随机种子已设置为: 42
2025-08-04 14:42:39,134 - INFO - 使用已提供的模型实例: Llama-3.2-3B-Instruct
2025-08-04 14:42:39,134 - INFO - 加载数据集: GSM8k_test
2025-08-04 14:42:39,135 - INFO - 随机种子已设置为: 42
2025-08-04 14:42:39,144 - INFO - 数据集加载完成，共 1319 条数据，已打乱顺序
2025-08-04 14:42:39,144 - INFO - 使用投票机制，每个问题生成 10 条路径
2025-08-04 14:42:39,144 - INFO - 批量生成模式：为 1319 个问题各生成 10 条路径
2025-08-04 14:42:39,146 - INFO - 开始CoT生成，共4个步骤:
2025-08-04 14:42:39,147 - INFO - 开始CoT步骤 1，min_p=0.2
2025-08-04 14:42:41,439 - INFO - 开始CoT步骤 2，min_p=0.2
2025-08-04 14:42:53,420 - INFO - 开始CoT步骤 3，min_p=0.2
2025-08-04 14:43:03,972 - INFO - 开始CoT步骤 4，min_p=0.8
2025-08-04 14:43:09,089 - INFO - CoT生成完成，共 1319 条CoT
2025-08-04 14:43:09,101 - INFO - 开始CoT生成，共4个步骤:
2025-08-04 14:43:09,102 - INFO - 开始CoT步骤 1，min_p=0.2
2025-08-04 14:43:11,369 - INFO - 开始CoT步骤 2，min_p=0.2
2025-08-04 14:43:23,822 - INFO - 开始CoT步骤 3，min_p=0.2
2025-08-04 14:43:34,925 - INFO - 开始CoT步骤 4，min_p=0.8
2025-08-04 14:43:39,940 - INFO - CoT生成完成，共 1319 条CoT
2025-08-04 14:43:39,955 - INFO - 开始CoT生成，共4个步骤:
2025-08-04 14:43:39,956 - INFO - 开始CoT步骤 1，min_p=0.2
2025-08-04 14:43:42,247 - INFO - 开始CoT步骤 2，min_p=0.2
2025-08-04 14:43:54,276 - INFO - 开始CoT步骤 3，min_p=0.2
2025-08-04 14:44:04,820 - INFO - 开始CoT步骤 4，min_p=0.8
2025-08-04 14:44:09,764 - INFO - CoT生成完成，共 1319 条CoT
2025-08-04 14:44:09,777 - INFO - 开始CoT生成，共4个步骤:
2025-08-04 14:44:09,777 - INFO - 开始CoT步骤 1，min_p=0.2
2025-08-04 14:44:12,036 - INFO - 开始CoT步骤 2，min_p=0.2
2025-08-04 14:44:23,820 - INFO - 开始CoT步骤 3，min_p=0.2
2025-08-04 14:44:34,775 - INFO - 开始CoT步骤 4，min_p=0.8
2025-08-04 14:44:39,835 - INFO - CoT生成完成，共 1319 条CoT
2025-08-04 14:44:39,847 - INFO - 开始CoT生成，共4个步骤:
2025-08-04 14:44:39,848 - INFO - 开始CoT步骤 1，min_p=0.2
2025-08-04 14:44:42,138 - INFO - 开始CoT步骤 2，min_p=0.2
2025-08-04 14:44:53,680 - INFO - 开始CoT步骤 3，min_p=0.2
2025-08-04 14:45:04,139 - INFO - 开始CoT步骤 4，min_p=0.8
2025-08-04 14:45:08,780 - INFO - CoT生成完成，共 1319 条CoT
2025-08-04 14:45:08,796 - INFO - 开始CoT生成，共4个步骤:
2025-08-04 14:45:08,797 - INFO - 开始CoT步骤 1，min_p=0.2
2025-08-04 14:45:11,411 - INFO - 开始CoT步骤 2，min_p=0.2
2025-08-04 14:45:23,598 - INFO - 开始CoT步骤 3，min_p=0.2
2025-08-04 14:45:34,194 - INFO - 开始CoT步骤 4，min_p=0.8
2025-08-04 14:45:38,873 - INFO - CoT生成完成，共 1319 条CoT
2025-08-04 14:45:38,887 - INFO - 开始CoT生成，共4个步骤:
2025-08-04 14:45:38,887 - INFO - 开始CoT步骤 1，min_p=0.2
2025-08-04 14:45:41,506 - INFO - 开始CoT步骤 2，min_p=0.2
2025-08-04 14:45:53,653 - INFO - 开始CoT步骤 3，min_p=0.2
2025-08-04 14:46:04,559 - INFO - 开始CoT步骤 4，min_p=0.8
2025-08-04 14:46:09,236 - INFO - CoT生成完成，共 1319 条CoT
2025-08-04 14:46:09,254 - INFO - 开始CoT生成，共4个步骤:
2025-08-04 14:46:09,254 - INFO - 开始CoT步骤 1，min_p=0.2
2025-08-04 14:46:11,839 - INFO - 开始CoT步骤 2，min_p=0.2
2025-08-04 14:46:23,881 - INFO - 开始CoT步骤 3，min_p=0.2
2025-08-04 14:46:34,262 - INFO - 开始CoT步骤 4，min_p=0.8
2025-08-04 14:46:39,216 - INFO - CoT生成完成，共 1319 条CoT
2025-08-04 14:46:39,229 - INFO - 开始CoT生成，共4个步骤:
2025-08-04 14:46:39,230 - INFO - 开始CoT步骤 1，min_p=0.2
2025-08-04 14:46:41,860 - INFO - 开始CoT步骤 2，min_p=0.2
2025-08-04 14:46:54,129 - INFO - 开始CoT步骤 3，min_p=0.2
2025-08-04 14:47:04,467 - INFO - 开始CoT步骤 4，min_p=0.8
2025-08-04 14:47:09,361 - INFO - CoT生成完成，共 1319 条CoT
2025-08-04 14:47:09,379 - INFO - 开始CoT生成，共4个步骤:
2025-08-04 14:47:09,380 - INFO - 开始CoT步骤 1，min_p=0.2
2025-08-04 14:47:11,709 - INFO - 开始CoT步骤 2，min_p=0.2
2025-08-04 14:47:23,738 - INFO - 开始CoT步骤 3，min_p=0.2
2025-08-04 14:47:34,683 - INFO - 开始CoT步骤 4，min_p=0.8
2025-08-04 14:47:39,646 - INFO - CoT生成完成，共 1319 条CoT
2025-08-04 14:47:39,661 - INFO - 批量生成完成：共生成 1319 组路径，每组 10 条
2025-08-04 14:47:39,662 - INFO - 投票结果: 选择路径 0, 答案: 52, 置信度: 0.9
2025-08-04 14:47:39,662 - INFO - 投票结果: 选择路径 0, 答案: 5, 置信度: 1.0
2025-08-04 14:47:39,662 - INFO - 投票结果: 选择路径 2, 答案: 83, 置信度: 0.6
2025-08-04 14:47:39,662 - INFO - 投票结果: 选择路径 0, 答案: 10, 置信度: 0.7
2025-08-04 14:47:39,662 - INFO - 投票结果: 选择路径 1, 答案: 70, 置信度: 0.6
2025-08-04 14:47:39,662 - INFO - 投票结果: 选择路径 0, 答案: 36, 置信度: 0.8
2025-08-04 14:47:39,663 - INFO - 投票结果: 选择路径 0, 答案: 48, 置信度: 1.0
2025-08-04 14:47:39,663 - INFO - 投票结果: 选择路径 0, 答案: 16, 置信度: 1.0
2025-08-04 14:47:39,663 - INFO - 投票结果: 选择路径 1, 答案: 4.64, 置信度: 0.6
2025-08-04 14:47:39,663 - INFO - 投票结果: 选择路径 0, 答案: 48, 置信度: 1.0
2025-08-04 14:47:39,663 - INFO - 投票结果: 选择路径 0, 答案: 90, 置信度: 1.0
2025-08-04 14:47:39,663 - INFO - 投票结果: 选择路径 0, 答案: 10, 置信度: 1.0
2025-08-04 14:47:39,663 - INFO - 投票结果: 选择路径 8, 答案: 0, 置信度: 0.2
2025-08-04 14:47:39,664 - INFO - 投票结果: 选择路径 1, 答案: 42000, 置信度: 0.5
2025-08-04 14:47:39,664 - INFO - 投票结果: 选择路径 0, 答案: 18, 置信度: 0.8
2025-08-04 14:47:39,664 - INFO - 投票结果: 选择路径 0, 答案: 140, 置信度: 1.0
2025-08-04 14:47:39,664 - INFO - 投票结果: 选择路径 0, 答案: 17, 置信度: 0.9
2025-08-04 14:47:39,664 - INFO - 投票结果: 选择路径 0, 答案: 68, 置信度: 1.0
2025-08-04 14:47:39,664 - INFO - 投票结果: 选择路径 0, 答案: 8, 置信度: 1.0
2025-08-04 14:47:39,664 - INFO - 投票结果: 选择路径 0, 答案: 14, 置信度: 1.0
2025-08-04 14:47:39,665 - INFO - 投票结果: 选择路径 0, 答案: 33.33, 置信度: 0.7
2025-08-04 14:47:39,665 - INFO - 投票结果: 选择路径 0, 答案: 100, 置信度: 1.0
2025-08-04 14:47:39,665 - INFO - 投票结果: 选择路径 1, 答案: 250, 置信度: 0.2
2025-08-04 14:47:39,665 - INFO - 投票结果: 选择路径 0, 答案: 44, 置信度: 0.7
2025-08-04 14:47:39,665 - INFO - 投票结果: 选择路径 0, 答案: 16400, 置信度: 0.6
2025-08-04 14:47:39,665 - INFO - 投票结果: 选择路径 0, 答案: 250, 置信度: 1.0
2025-08-04 14:47:39,665 - INFO - 投票结果: 选择路径 0, 答案: 18, 置信度: 0.7
2025-08-04 14:47:39,665 - INFO - 投票结果: 选择路径 0, 答案: 1490, 置信度: 0.8
2025-08-04 14:47:39,666 - INFO - 投票结果: 选择路径 0, 答案: 11, 置信度: 1.0
2025-08-04 14:47:39,666 - INFO - 投票结果: 选择路径 1, 答案: 106, 置信度: 0.7
2025-08-04 14:47:39,666 - INFO - 投票结果: 选择路径 1, 答案: 138, 置信度: 0.5
2025-08-04 14:47:39,666 - INFO - 投票结果: 选择路径 0, 答案: 15, 置信度: 0.9
2025-08-04 14:47:39,666 - INFO - 投票结果: 选择路径 0, 答案: 4, 置信度: 1.0
2025-08-04 14:47:39,666 - INFO - 投票结果: 选择路径 0, 答案: 82, 置信度: 1.0
2025-08-04 14:47:39,666 - INFO - 投票结果: 选择路径 0, 答案: 2, 置信度: 0.5
2025-08-04 14:47:39,667 - INFO - 投票结果: 选择路径 2, 答案: 51, 置信度: 0.7
2025-08-04 14:47:39,667 - INFO - 投票结果: 选择路径 0, 答案: 4, 置信度: 0.9
2025-08-04 14:47:39,667 - INFO - 投票结果: 选择路径 0, 答案: 100, 置信度: 0.8
2025-08-04 14:47:39,667 - INFO - 投票结果: 选择路径 3, 答案: 125, 置信度: 0.2
2025-08-04 14:47:39,667 - INFO - 投票结果: 选择路径 0, 答案: 188, 置信度: 1.0
2025-08-04 14:47:39,667 - INFO - 投票结果: 选择路径 0, 答案: 30, 置信度: 0.9
2025-08-04 14:47:39,667 - INFO - 投票结果: 选择路径 0, 答案: 30, 置信度: 1.0
2025-08-04 14:47:39,668 - INFO - 投票结果: 选择路径 0, 答案: 240, 置信度: 1.0
2025-08-04 14:47:39,668 - INFO - 投票结果: 选择路径 0, 答案: 7, 置信度: 1.0
2025-08-04 14:47:39,668 - INFO - 投票结果: 选择路径 4, 答案: 350, 置信度: 0.5
2025-08-04 14:47:39,668 - INFO - 投票结果: 选择路径 0, 答案: 4, 置信度: 0.7
2025-08-04 14:47:39,668 - INFO - 投票结果: 选择路径 0, 答案: 36, 置信度: 0.9
2025-08-04 14:47:39,668 - INFO - 投票结果: 选择路径 0, 答案: 2, 置信度: 0.4
2025-08-04 14:47:39,668 - INFO - 投票结果: 选择路径 0, 答案: 2, 置信度: 0.6
2025-08-04 14:47:39,669 - INFO - 投票结果: 选择路径 0, 答案: 33, 置信度: 1.0
2025-08-04 14:47:39,669 - INFO - 投票结果: 选择路径 0, 答案: 21, 置信度: 1.0
2025-08-04 14:47:39,669 - INFO - 投票结果: 选择路径 0, 答案: 155, 置信度: 0.4
2025-08-04 14:47:39,669 - INFO - 投票结果: 选择路径 0, 答案: 60, 置信度: 0.9
2025-08-04 14:47:39,669 - INFO - 投票结果: 选择路径 0, 答案: 49, 置信度: 0.8
2025-08-04 14:47:39,669 - INFO - 投票结果: 选择路径 0, 答案: 1800, 置信度: 0.5
2025-08-04 14:47:39,669 - INFO - 投票结果: 选择路径 1, 答案: 27, 置信度: 0.8
2025-08-04 14:47:39,669 - INFO - 投票结果: 选择路径 0, 答案: 16, 置信度: 0.6
2025-08-04 14:47:39,670 - INFO - 投票结果: 选择路径 1, 答案: 49, 置信度: 0.8
2025-08-04 14:47:39,670 - INFO - 投票结果: 选择路径 2, 答案: 8, 置信度: 0.4
2025-08-04 14:47:39,670 - INFO - 投票结果: 选择路径 1, 答案: 32, 置信度: 0.4
2025-08-04 14:47:39,670 - INFO - 投票结果: 选择路径 2, 答案: 168, 置信度: 0.3
2025-08-04 14:47:39,670 - INFO - 投票结果: 选择路径 0, 答案: 225, 置信度: 1.0
2025-08-04 14:47:39,670 - INFO - 投票结果: 选择路径 0, 答案: 50, 置信度: 1.0
2025-08-04 14:47:39,670 - INFO - 投票结果: 选择路径 0, 答案: 45, 置信度: 0.5
2025-08-04 14:47:39,671 - INFO - 投票结果: 选择路径 0, 答案: 7, 置信度: 0.9
2025-08-04 14:47:39,671 - INFO - 投票结果: 选择路径 0, 答案: 800, 置信度: 0.8
2025-08-04 14:47:39,671 - INFO - 投票结果: 选择路径 0, 答案: 22, 置信度: 1.0
2025-08-04 14:47:39,671 - INFO - 投票结果: 选择路径 0, 答案: 235, 置信度: 1.0
2025-08-04 14:47:39,671 - INFO - 投票结果: 选择路径 0, 答案: 3, 置信度: 1.0
2025-08-04 14:47:39,671 - INFO - 投票结果: 选择路径 2, 答案: 4.5, 置信度: 0.3
2025-08-04 14:47:39,671 - INFO - 投票结果: 选择路径 0, 答案: 3000, 置信度: 0.9
2025-08-04 14:47:39,672 - INFO - 投票结果: 选择路径 0, 答案: 300, 置信度: 0.9
2025-08-04 14:47:39,672 - INFO - 投票结果: 选择路径 0, 答案: 20, 置信度: 0.6
2025-08-04 14:47:39,672 - INFO - 投票结果: 选择路径 0, 答案: 130, 置信度: 1.0
2025-08-04 14:47:39,672 - INFO - 投票结果: 选择路径 0, 答案: 1, 置信度: 0.6
2025-08-04 14:47:39,672 - INFO - 投票结果: 选择路径 0, 答案: 48, 置信度: 0.5
2025-08-04 14:47:39,672 - INFO - 投票结果: 选择路径 3, 答案: 50, 置信度: 0.7
2025-08-04 14:47:39,672 - INFO - 投票结果: 选择路径 4, 答案: 3, 置信度: 0.6
2025-08-04 14:47:39,672 - INFO - 投票结果: 选择路径 0, 答案: 5, 置信度: 0.6
2025-08-04 14:47:39,673 - INFO - 投票结果: 选择路径 0, 答案: 110, 置信度: 1.0
2025-08-04 14:47:39,673 - INFO - 投票结果: 选择路径 3, 答案: 900, 置信度: 0.3
2025-08-04 14:47:39,673 - INFO - 投票结果: 选择路径 0, 答案: 16, 置信度: 1.0
2025-08-04 14:47:39,673 - INFO - 投票结果: 选择路径 0, 答案: 80, 置信度: 1.0
2025-08-04 14:47:39,673 - INFO - 投票结果: 选择路径 0, 答案: 45, 置信度: 0.6
2025-08-04 14:47:39,673 - INFO - 投票结果: 选择路径 0, 答案: 36, 置信度: 1.0
2025-08-04 14:47:39,673 - INFO - 投票结果: 选择路径 0, 答案: 5, 置信度: 0.5
2025-08-04 14:47:39,674 - INFO - 投票结果: 选择路径 4, 答案: 5, 置信度: 0.3
2025-08-04 14:47:39,674 - INFO - 投票结果: 选择路径 0, 答案: 36, 置信度: 1.0
2025-08-04 14:47:39,674 - INFO - 投票结果: 选择路径 1, 答案: 60, 置信度: 0.6
2025-08-04 14:47:39,674 - INFO - 投票结果: 选择路径 0, 答案: 9, 置信度: 0.9
2025-08-04 14:47:39,674 - INFO - 投票结果: 选择路径 0, 答案: 1, 置信度: 0.7
2025-08-04 14:47:39,674 - INFO - 投票结果: 选择路径 1, 答案: 30, 置信度: 0.9
2025-08-04 14:47:39,674 - INFO - 投票结果: 选择路径 5, 答案: 43333, 置信度: 0.3
2025-08-04 14:47:39,674 - INFO - 投票结果: 选择路径 0, 答案: 34, 置信度: 1.0
2025-08-04 14:47:39,675 - INFO - 投票结果: 选择路径 3, 答案: 13, 置信度: 0.3
2025-08-04 14:47:39,675 - INFO - 投票结果: 选择路径 0, 答案: 306, 置信度: 1.0
2025-08-04 14:47:39,675 - INFO - 投票结果: 选择路径 0, 答案: 55, 置信度: 0.8
2025-08-04 14:47:39,675 - INFO - 投票结果: 选择路径 0, 答案: 12, 置信度: 0.8
2025-08-04 14:47:39,675 - INFO - 投票结果: 选择路径 0, 答案: 75, 置信度: 1.0
2025-08-04 14:47:39,675 - INFO - 投票结果: 选择路径 0, 答案: 25, 置信度: 0.3
2025-08-04 14:47:39,676 - INFO - 投票结果: 选择路径 0, 答案: 50, 置信度: 0.8
2025-08-04 14:47:39,676 - INFO - 投票结果: 选择路径 0, 答案: 110, 置信度: 1.0
2025-08-04 14:47:39,676 - INFO - 投票结果: 选择路径 0, 答案: 227, 置信度: 0.1
2025-08-04 14:47:39,676 - INFO - 投票结果: 选择路径 0, 答案: 30, 置信度: 1.0
2025-08-04 14:47:39,676 - INFO - 投票结果: 选择路径 0, 答案: 80, 置信度: 1.0
2025-08-04 14:47:39,676 - INFO - 投票结果: 选择路径 2, 答案: 3, 置信度: 0.4
2025-08-04 14:47:39,676 - INFO - 投票结果: 选择路径 0, 答案: 120, 置信度: 1.0
2025-08-04 14:47:39,676 - INFO - 投票结果: 选择路径 1, 答案: 108, 置信度: 0.7
2025-08-04 14:47:39,677 - INFO - 投票结果: 选择路径 0, 答案: 70, 置信度: 1.0
2025-08-04 14:47:39,677 - INFO - 投票结果: 选择路径 0, 答案: 13.50, 置信度: 0.5
2025-08-04 14:47:39,677 - INFO - 投票结果: 选择路径 0, 答案: 150, 置信度: 1.0
2025-08-04 14:47:39,677 - INFO - 投票结果: 选择路径 1, 答案: 10, 置信度: 0.3
2025-08-04 14:47:39,677 - INFO - 投票结果: 选择路径 1, 答案: 2, 置信度: 0.5
2025-08-04 14:47:39,677 - INFO - 投票结果: 选择路径 0, 答案: 250, 置信度: 1.0
2025-08-04 14:47:39,677 - INFO - 投票结果: 选择路径 0, 答案: 3, 置信度: 1.0
2025-08-04 14:47:39,678 - INFO - 投票结果: 选择路径 0, 答案: 15, 置信度: 1.0
2025-08-04 14:47:39,678 - INFO - 投票结果: 选择路径 0, 答案: 12, 置信度: 1.0
2025-08-04 14:47:39,678 - INFO - 投票结果: 选择路径 0, 答案: 60, 置信度: 1.0
2025-08-04 14:47:39,678 - INFO - 投票结果: 选择路径 0, 答案: 3, 置信度: 0.9
2025-08-04 14:47:39,678 - INFO - 投票结果: 选择路径 1, 答案: 9, 置信度: 0.5
2025-08-04 14:47:39,678 - INFO - 投票结果: 选择路径 0, 答案: 140000, 置信度: 1.0
2025-08-04 14:47:39,678 - INFO - 投票结果: 选择路径 0, 答案: 0, 置信度: 0.3
2025-08-04 14:47:39,679 - INFO - 投票结果: 选择路径 0, 答案: 2400, 置信度: 1.0
2025-08-04 14:47:39,679 - INFO - 投票结果: 选择路径 0, 答案: 4, 置信度: 1.0
2025-08-04 14:47:39,679 - INFO - 投票结果: 选择路径 0, 答案: 83, 置信度: 0.5
2025-08-04 14:47:39,679 - INFO - 投票结果: 选择路径 0, 答案: 300, 置信度: 1.0
2025-08-04 14:47:39,679 - INFO - 投票结果: 选择路径 0, 答案: 91, 置信度: 0.9
2025-08-04 14:47:39,679 - INFO - 投票结果: 选择路径 0, 答案: 8, 置信度: 0.8
2025-08-04 14:47:39,679 - INFO - 投票结果: 选择路径 0, 答案: 120, 置信度: 1.0
2025-08-04 14:47:39,679 - INFO - 投票结果: 选择路径 0, 答案: 350, 置信度: 1.0
2025-08-04 14:47:39,680 - INFO - 投票结果: 选择路径 0, 答案: 2600, 置信度: 0.9
2025-08-04 14:47:39,680 - INFO - 投票结果: 选择路径 0, 答案: 10, 置信度: 1.0
2025-08-04 14:47:39,680 - INFO - 投票结果: 选择路径 0, 答案: 22, 置信度: 0.4
2025-08-04 14:47:39,680 - INFO - 投票结果: 选择路径 0, 答案: 7, 置信度: 1.0
2025-08-04 14:47:39,680 - INFO - 投票结果: 选择路径 0, 答案: 31, 置信度: 0.8
2025-08-04 14:47:39,680 - INFO - 投票结果: 选择路径 0, 答案: 975, 置信度: 0.9
2025-08-04 14:47:39,680 - INFO - 投票结果: 选择路径 0, 答案: -160, 置信度: 0.5
2025-08-04 14:47:39,680 - INFO - 投票结果: 选择路径 1, 答案: 120, 置信度: 0.7
2025-08-04 14:47:39,681 - INFO - 投票结果: 选择路径 0, 答案: 220, 置信度: 1.0
2025-08-04 14:47:39,681 - INFO - 投票结果: 选择路径 0, 答案: 87, 置信度: 1.0
2025-08-04 14:47:39,681 - INFO - 投票结果: 选择路径 0, 答案: 300, 置信度: 1.0
2025-08-04 14:47:39,681 - INFO - 投票结果: 选择路径 0, 答案: 30, 置信度: 0.9
2025-08-04 14:47:39,681 - INFO - 投票结果: 选择路径 0, 答案: 16, 置信度: 0.2
2025-08-04 14:47:39,681 - INFO - 投票结果: 选择路径 0, 答案: 16, 置信度: 1.0
2025-08-04 14:47:39,681 - INFO - 投票结果: 选择路径 0, 答案: 7, 置信度: 1.0
2025-08-04 14:47:39,682 - INFO - 投票结果: 选择路径 1, 答案: 144, 置信度: 0.2
2025-08-04 14:47:39,682 - INFO - 投票结果: 选择路径 0, 答案: 5, 置信度: 0.9
2025-08-04 14:47:39,682 - INFO - 投票结果: 选择路径 0, 答案: 9, 置信度: 1.0
2025-08-04 14:47:39,682 - INFO - 投票结果: 选择路径 0, 答案: 10, 置信度: 1.0
2025-08-04 14:47:39,682 - INFO - 投票结果: 选择路径 1, 答案: 14, 置信度: 0.3
2025-08-04 14:47:39,682 - INFO - 投票结果: 选择路径 1, 答案: 5, 置信度: 0.9
2025-08-04 14:47:39,682 - INFO - 投票结果: 选择路径 0, 答案: 50, 置信度: 1.0
2025-08-04 14:47:39,682 - INFO - 投票结果: 选择路径 0, 答案: 48, 置信度: 0.7
2025-08-04 14:47:39,683 - INFO - 投票结果: 选择路径 0, 答案: 25, 置信度: 1.0
2025-08-04 14:47:39,683 - INFO - 投票结果: 选择路径 0, 答案: 96, 置信度: 0.6
2025-08-04 14:47:39,683 - INFO - 投票结果: 选择路径 1, 答案: 33.33, 置信度: 0.5
2025-08-04 14:47:39,683 - INFO - 投票结果: 选择路径 0, 答案: 180, 置信度: 0.4
2025-08-04 14:47:39,683 - INFO - 投票结果: 选择路径 0, 答案: 21, 置信度: 1.0
2025-08-04 14:47:39,683 - INFO - 投票结果: 选择路径 0, 答案: 1200, 置信度: 1.0
2025-08-04 14:47:39,683 - INFO - 投票结果: 选择路径 0, 答案: 255, 置信度: 0.7
2025-08-04 14:47:39,684 - INFO - 投票结果: 选择路径 0, 答案: 4, 置信度: 0.9
2025-08-04 14:47:39,684 - INFO - 投票结果: 选择路径 0, 答案: 10, 置信度: 1.0
2025-08-04 14:47:39,684 - INFO - 投票结果: 选择路径 0, 答案: 700, 置信度: 0.6
2025-08-04 14:47:39,684 - INFO - 投票结果: 选择路径 0, 答案: 38, 置信度: 1.0
2025-08-04 14:47:39,684 - INFO - 投票结果: 选择路径 0, 答案: 32, 置信度: 1.0
2025-08-04 14:47:39,684 - INFO - 投票结果: 选择路径 0, 答案: 30, 置信度: 1.0
2025-08-04 14:47:39,684 - INFO - 投票结果: 选择路径 0, 答案: 16, 置信度: 1.0
2025-08-04 14:47:39,684 - INFO - 投票结果: 选择路径 0, 答案: 40, 置信度: 1.0
2025-08-04 14:47:39,685 - INFO - 投票结果: 选择路径 0, 答案: 288, 置信度: 1.0
2025-08-04 14:47:39,685 - INFO - 投票结果: 选择路径 0, 答案: 1100, 置信度: 0.9
2025-08-04 14:47:39,685 - INFO - 投票结果: 选择路径 1, 答案: 20, 置信度: 0.9
2025-08-04 14:47:39,685 - INFO - 投票结果: 选择路径 0, 答案: 2, 置信度: 0.9
2025-08-04 14:47:39,685 - INFO - 投票结果: 选择路径 0, 答案: 1040000, 置信度: 1.0
2025-08-04 14:47:39,685 - INFO - 投票结果: 选择路径 0, 答案: 9, 置信度: 1.0
2025-08-04 14:47:39,685 - INFO - 投票结果: 选择路径 0, 答案: 132, 置信度: 1.0
2025-08-04 14:47:39,686 - INFO - 投票结果: 选择路径 0, 答案: 93, 置信度: 1.0
2025-08-04 14:47:39,686 - INFO - 投票结果: 选择路径 0, 答案: 4, 置信度: 0.9
2025-08-04 14:47:39,686 - INFO - 投票结果: 选择路径 1, 答案: 85, 置信度: 0.5
2025-08-04 14:47:39,686 - INFO - 投票结果: 选择路径 0, 答案: 33, 置信度: 1.0
2025-08-04 14:47:39,686 - INFO - 投票结果: 选择路径 0, 答案: 12, 置信度: 0.6
2025-08-04 14:47:39,686 - INFO - 投票结果: 选择路径 0, 答案: 7200, 置信度: 1.0
2025-08-04 14:47:39,686 - INFO - 投票结果: 选择路径 0, 答案: 60, 置信度: 1.0
2025-08-04 14:47:39,686 - INFO - 投票结果: 选择路径 0, 答案: 44, 置信度: 1.0
2025-08-04 14:47:39,687 - INFO - 投票结果: 选择路径 0, 答案: 113, 置信度: 1.0
2025-08-04 14:47:39,687 - INFO - 投票结果: 选择路径 2, 答案: 43500, 置信度: 0.4
2025-08-04 14:47:39,687 - INFO - 投票结果: 选择路径 0, 答案: 720, 置信度: 1.0
2025-08-04 14:47:39,687 - INFO - 投票结果: 选择路径 0, 答案: 50, 置信度: 1.0
2025-08-04 14:47:39,687 - INFO - 投票结果: 选择路径 1, 答案: 24, 置信度: 0.8
2025-08-04 14:47:39,687 - INFO - 投票结果: 选择路径 2, 答案: 43, 置信度: 0.7
2025-08-04 14:47:39,687 - INFO - 投票结果: 选择路径 0, 答案: 30, 置信度: 1.0
2025-08-04 14:47:39,687 - INFO - 投票结果: 选择路径 0, 答案: 23, 置信度: 0.6
2025-08-04 14:47:39,688 - INFO - 投票结果: 选择路径 0, 答案: 251, 置信度: 1.0
2025-08-04 14:47:39,688 - INFO - 投票结果: 选择路径 0, 答案: 35, 置信度: 1.0
2025-08-04 14:47:39,688 - INFO - 投票结果: 选择路径 0, 答案: 110, 置信度: 0.8
2025-08-04 14:47:39,688 - INFO - 投票结果: 选择路径 0, 答案: 82, 置信度: 1.0
2025-08-04 14:47:39,688 - INFO - 投票结果: 选择路径 0, 答案: 2100, 置信度: 0.5
2025-08-04 14:47:39,688 - INFO - 投票结果: 选择路径 0, 答案: 3, 置信度: 0.9
2025-08-04 14:47:39,688 - INFO - 投票结果: 选择路径 0, 答案: 12, 置信度: 0.9
2025-08-04 14:47:39,689 - INFO - 投票结果: 选择路径 2, 答案: 11, 置信度: 0.5
2025-08-04 14:47:39,689 - INFO - 投票结果: 选择路径 2, 答案: 12, 置信度: 0.6
2025-08-04 14:47:39,689 - INFO - 投票结果: 选择路径 0, 答案: 500, 置信度: 0.2
2025-08-04 14:47:39,689 - INFO - 投票结果: 选择路径 0, 答案: 27, 置信度: 1.0
2025-08-04 14:47:39,689 - INFO - 投票结果: 选择路径 0, 答案: 360, 置信度: 0.9
2025-08-04 14:47:39,689 - INFO - 投票结果: 选择路径 4, 答案: 14, 置信度: 0.4
2025-08-04 14:47:39,689 - INFO - 投票结果: 选择路径 0, 答案: 694, 置信度: 0.9
2025-08-04 14:47:39,689 - INFO - 投票结果: 选择路径 0, 答案: 3, 置信度: 1.0
2025-08-04 14:47:39,690 - INFO - 投票结果: 选择路径 0, 答案: 360, 置信度: 1.0
2025-08-04 14:47:39,690 - INFO - 投票结果: 选择路径 1, 答案: 1100, 置信度: 0.4
2025-08-04 14:47:39,690 - INFO - 投票结果: 选择路径 0, 答案: 20, 置信度: 1.0
2025-08-04 14:47:39,690 - INFO - 投票结果: 选择路径 0, 答案: 3360, 置信度: 1.0
2025-08-04 14:47:39,690 - INFO - 投票结果: 选择路径 0, 答案: 39, 置信度: 0.8
2025-08-04 14:47:39,690 - INFO - 投票结果: 选择路径 0, 答案: 12, 置信度: 0.9
2025-08-04 14:47:39,690 - INFO - 投票结果: 选择路径 0, 答案: 215, 置信度: 1.0
2025-08-04 14:47:39,690 - INFO - 投票结果: 选择路径 1, 答案: 6, 置信度: 0.5
2025-08-04 14:47:39,691 - INFO - 投票结果: 选择路径 0, 答案: 9, 置信度: 1.0
2025-08-04 14:47:39,691 - INFO - 投票结果: 选择路径 0, 答案: 520, 置信度: 0.6
2025-08-04 14:47:39,691 - INFO - 投票结果: 选择路径 0, 答案: 62, 置信度: 0.7
2025-08-04 14:47:39,691 - INFO - 投票结果: 选择路径 0, 答案: 122, 置信度: 0.4
2025-08-04 14:47:39,691 - INFO - 投票结果: 选择路径 0, 答案: 120, 置信度: 1.0
2025-08-04 14:47:39,691 - INFO - 投票结果: 选择路径 0, 答案: 15, 置信度: 0.9
2025-08-04 14:47:39,691 - INFO - 投票结果: 选择路径 0, 答案: 185, 置信度: 0.5
2025-08-04 14:47:39,692 - INFO - 投票结果: 选择路径 3, 答案: 540.8, 置信度: 0.3
2025-08-04 14:47:39,692 - INFO - 投票结果: 选择路径 1, 答案: 2, 置信度: 0.4
2025-08-04 14:47:39,692 - INFO - 投票结果: 选择路径 0, 答案: 170, 置信度: 0.3
2025-08-04 14:47:39,692 - INFO - 投票结果: 选择路径 5, 答案: 298, 置信度: 0.3
2025-08-04 14:47:39,692 - INFO - 投票结果: 选择路径 3, 答案: 21, 置信度: 0.4
2025-08-04 14:47:39,692 - INFO - 投票结果: 选择路径 0, 答案: 10, 置信度: 0.9
2025-08-04 14:47:39,692 - INFO - 投票结果: 选择路径 0, 答案: 6, 置信度: 0.7
2025-08-04 14:47:39,692 - INFO - 投票结果: 选择路径 3, 答案: 43200, 置信度: 0.6
2025-08-04 14:47:39,693 - INFO - 投票结果: 选择路径 0, 答案: 10, 置信度: 1.0
2025-08-04 14:47:39,693 - INFO - 投票结果: 选择路径 0, 答案: 8, 置信度: 0.7
2025-08-04 14:47:39,693 - INFO - 投票结果: 选择路径 1, 答案: 450, 置信度: 0.2
2025-08-04 14:47:39,693 - INFO - 投票结果: 选择路径 2, 答案: 160, 置信度: 0.8
2025-08-04 14:47:39,693 - INFO - 投票结果: 选择路径 0, 答案: 40, 置信度: 1.0
2025-08-04 14:47:39,693 - INFO - 投票结果: 选择路径 0, 答案: 12, 置信度: 0.3
2025-08-04 14:47:39,693 - INFO - 投票结果: 选择路径 0, 答案: 12, 置信度: 0.6
2025-08-04 14:47:39,694 - INFO - 投票结果: 选择路径 0, 答案: 36, 置信度: 1.0
2025-08-04 14:47:39,694 - INFO - 投票结果: 选择路径 0, 答案: 9, 置信度: 1.0
2025-08-04 14:47:39,694 - INFO - 投票结果: 选择路径 0, 答案: 16, 置信度: 1.0
2025-08-04 14:47:39,694 - INFO - 投票结果: 选择路径 0, 答案: 60, 置信度: 0.9
2025-08-04 14:47:39,694 - INFO - 投票结果: 选择路径 0, 答案: 4, 置信度: 1.0
2025-08-04 14:47:39,694 - INFO - 投票结果: 选择路径 0, 答案: 3, 置信度: 1.0
2025-08-04 14:47:39,694 - INFO - 投票结果: 选择路径 0, 答案: 100, 置信度: 1.0
2025-08-04 14:47:39,694 - INFO - 投票结果: 选择路径 0, 答案: 2040, 置信度: 0.3
2025-08-04 14:47:39,695 - INFO - 投票结果: 选择路径 2, 答案: 20, 置信度: 0.6
2025-08-04 14:47:39,695 - INFO - 投票结果: 选择路径 0, 答案: 29, 置信度: 1.0
2025-08-04 14:47:39,695 - INFO - 投票结果: 选择路径 2, 答案: 40, 置信度: 0.2
2025-08-04 14:47:39,695 - INFO - 投票结果: 选择路径 0, 答案: 23, 置信度: 0.9
2025-08-04 14:47:39,695 - INFO - 投票结果: 选择路径 2, 答案: 12, 置信度: 0.5
2025-08-04 14:47:39,695 - INFO - 投票结果: 选择路径 0, 答案: 9, 置信度: 0.3
2025-08-04 14:47:39,696 - INFO - 投票结果: 选择路径 1, 答案: 156, 置信度: 0.8
2025-08-04 14:47:39,696 - INFO - 投票结果: 选择路径 5, 答案: 48, 置信度: 0.3
2025-08-04 14:47:39,696 - INFO - 投票结果: 选择路径 0, 答案: 10, 置信度: 1.0
2025-08-04 14:47:39,696 - INFO - 投票结果: 选择路径 1, 答案: 8, 置信度: 0.9
2025-08-04 14:47:39,696 - INFO - 投票结果: 选择路径 0, 答案: 32, 置信度: 1.0
2025-08-04 14:47:39,696 - INFO - 投票结果: 选择路径 0, 答案: 48, 置信度: 0.8
2025-08-04 14:47:39,696 - INFO - 投票结果: 选择路径 0, 答案: 500, 置信度: 1.0
2025-08-04 14:47:39,696 - INFO - 投票结果: 选择路径 0, 答案: 8, 置信度: 1.0
2025-08-04 14:47:39,697 - INFO - 投票结果: 选择路径 2, 答案: 6, 置信度: 0.5
2025-08-04 14:47:39,697 - INFO - 投票结果: 选择路径 0, 答案: -10, 置信度: 1.0
2025-08-04 14:47:39,697 - INFO - 投票结果: 选择路径 0, 答案: 5, 置信度: 0.9
2025-08-04 14:47:39,697 - INFO - 投票结果: 选择路径 0, 答案: 8, 置信度: 1.0
2025-08-04 14:47:39,697 - INFO - 投票结果: 选择路径 0, 答案: 34, 置信度: 1.0
2025-08-04 14:47:39,697 - INFO - 投票结果: 选择路径 0, 答案: 30, 置信度: 0.8
2025-08-04 14:47:39,697 - INFO - 投票结果: 选择路径 0, 答案: 1000, 置信度: 1.0
2025-08-04 14:47:39,697 - INFO - 投票结果: 选择路径 0, 答案: 6, 置信度: 0.7
2025-08-04 14:47:39,698 - INFO - 投票结果: 选择路径 2, 答案: 100, 置信度: 0.5
2025-08-04 14:47:39,698 - INFO - 投票结果: 选择路径 0, 答案: 1920, 置信度: 1.0
2025-08-04 14:47:39,698 - INFO - 投票结果: 选择路径 1, 答案: 2, 置信度: 0.3
2025-08-04 14:47:39,699 - INFO - 投票结果: 选择路径 0, 答案: 50, 置信度: 1.0
2025-08-04 14:47:39,699 - INFO - 投票结果: 选择路径 1, 答案: 4000, 置信度: 0.6
2025-08-04 14:47:39,699 - INFO - 投票结果: 选择路径 0, 答案: 5, 置信度: 1.0
2025-08-04 14:47:39,699 - INFO - 投票结果: 选择路径 0, 答案: 10, 置信度: 1.0
2025-08-04 14:47:39,699 - INFO - 投票结果: 选择路径 0, 答案: 7, 置信度: 1.0
2025-08-04 14:47:39,699 - INFO - 投票结果: 选择路径 0, 答案: 20, 置信度: 1.0
2025-08-04 14:47:39,699 - INFO - 投票结果: 选择路径 1, 答案: 43, 置信度: 0.5
2025-08-04 14:47:39,699 - INFO - 投票结果: 选择路径 0, 答案: 9, 置信度: 0.9
2025-08-04 14:47:39,700 - INFO - 投票结果: 选择路径 1, 答案: 100000, 置信度: 0.4
2025-08-04 14:47:39,700 - INFO - 投票结果: 选择路径 0, 答案: 120, 置信度: 0.9
2025-08-04 14:47:39,700 - INFO - 投票结果: 选择路径 3, 答案: 11232, 置信度: 0.3
2025-08-04 14:47:39,700 - INFO - 投票结果: 选择路径 2, 答案: 4, 置信度: 0.6
2025-08-04 14:47:39,700 - INFO - 投票结果: 选择路径 0, 答案: 595, 置信度: 0.9
2025-08-04 14:47:39,700 - INFO - 投票结果: 选择路径 0, 答案: 110, 置信度: 1.0
2025-08-04 14:47:39,700 - INFO - 投票结果: 选择路径 0, 答案: 4800, 置信度: 1.0
2025-08-04 14:47:39,701 - INFO - 投票结果: 选择路径 0, 答案: 140, 置信度: 0.7
2025-08-04 14:47:39,701 - INFO - 投票结果: 选择路径 2, 答案: 34, 置信度: 0.8
2025-08-04 14:47:39,701 - INFO - 投票结果: 选择路径 0, 答案: 10, 置信度: 1.0
2025-08-04 14:47:39,701 - INFO - 投票结果: 选择路径 0, 答案: 2450, 置信度: 0.5
2025-08-04 14:47:39,701 - INFO - 投票结果: 选择路径 0, 答案: 30, 置信度: 0.9
2025-08-04 14:47:39,701 - INFO - 投票结果: 选择路径 0, 答案: 224000, 置信度: 0.5
2025-08-04 14:47:39,701 - INFO - 投票结果: 选择路径 0, 答案: 168, 置信度: 1.0
2025-08-04 14:47:39,701 - INFO - 投票结果: 选择路径 0, 答案: 120, 置信度: 1.0
2025-08-04 14:47:39,702 - INFO - 投票结果: 选择路径 1, 答案: 3, 置信度: 0.6
2025-08-04 14:47:39,702 - INFO - 投票结果: 选择路径 0, 答案: 20, 置信度: 0.9
2025-08-04 14:47:39,702 - INFO - 投票结果: 选择路径 0, 答案: 4, 置信度: 1.0
2025-08-04 14:47:39,702 - INFO - 投票结果: 选择路径 0, 答案: 7.50, 置信度: 0.4
2025-08-04 14:47:39,702 - INFO - 投票结果: 选择路径 0, 答案: 8, 置信度: 1.0
2025-08-04 14:47:39,702 - INFO - 投票结果: 选择路径 0, 答案: 308, 置信度: 1.0
2025-08-04 14:47:39,703 - INFO - 投票结果: 选择路径 0, 答案: 187, 置信度: 1.0
2025-08-04 14:47:39,703 - INFO - 投票结果: 选择路径 0, 答案: 123, 置信度: 0.9
2025-08-04 14:47:39,703 - INFO - 投票结果: 选择路径 4, 答案: 4, 置信度: 0.4
2025-08-04 14:47:39,703 - INFO - 投票结果: 选择路径 1, 答案: 143, 置信度: 0.2
2025-08-04 14:47:39,703 - INFO - 投票结果: 选择路径 0, 答案: 14000, 置信度: 1.0
2025-08-04 14:47:39,704 - INFO - 投票结果: 选择路径 1, 答案: 32, 置信度: 0.7
2025-08-04 14:47:39,704 - INFO - 投票结果: 选择路径 0, 答案: 7, 置信度: 0.9
2025-08-04 14:47:39,704 - INFO - 投票结果: 选择路径 0, 答案: 480, 置信度: 0.7
2025-08-04 14:47:39,704 - INFO - 投票结果: 选择路径 0, 答案: 2, 置信度: 1.0
2025-08-04 14:47:39,704 - INFO - 投票结果: 选择路径 0, 答案: 45, 置信度: 0.7
2025-08-04 14:47:39,704 - INFO - 投票结果: 选择路径 0, 答案: 31, 置信度: 0.9
2025-08-04 14:47:39,704 - INFO - 投票结果: 选择路径 3, 答案: 15, 置信度: 0.3
2025-08-04 14:47:39,705 - INFO - 投票结果: 选择路径 0, 答案: 18, 置信度: 1.0
2025-08-04 14:47:39,705 - INFO - 投票结果: 选择路径 0, 答案: 6, 置信度: 0.7
2025-08-04 14:47:39,705 - INFO - 投票结果: 选择路径 0, 答案: 93000, 置信度: 1.0
2025-08-04 14:47:39,705 - INFO - 投票结果: 选择路径 0, 答案: 10240, 置信度: 0.3
2025-08-04 14:47:39,705 - INFO - 投票结果: 选择路径 0, 答案: 150, 置信度: 1.0
2025-08-04 14:47:39,705 - INFO - 投票结果: 选择路径 1, 答案: 220, 置信度: 0.7
2025-08-04 14:47:39,705 - INFO - 投票结果: 选择路径 0, 答案: 12, 置信度: 1.0
2025-08-04 14:47:39,705 - INFO - 投票结果: 选择路径 0, 答案: 71, 置信度: 1.0
2025-08-04 14:47:39,706 - INFO - 投票结果: 选择路径 0, 答案: 8, 置信度: 1.0
2025-08-04 14:47:39,706 - INFO - 投票结果: 选择路径 4, 答案: 25, 置信度: 0.2
2025-08-04 14:47:39,706 - INFO - 投票结果: 选择路径 0, 答案: 53, 置信度: 1.0
2025-08-04 14:47:39,706 - INFO - 投票结果: 选择路径 0, 答案: 31800, 置信度: 0.9
2025-08-04 14:47:39,706 - INFO - 投票结果: 选择路径 0, 答案: 4, 置信度: 1.0
2025-08-04 14:47:39,707 - INFO - 投票结果: 选择路径 0, 答案: 12, 置信度: 1.0
2025-08-04 14:47:39,707 - INFO - 投票结果: 选择路径 0, 答案: 10, 置信度: 1.0
2025-08-04 14:47:39,707 - INFO - 投票结果: 选择路径 0, 答案: 2800, 置信度: 0.4
2025-08-04 14:47:39,707 - INFO - 投票结果: 选择路径 0, 答案: 18, 置信度: 1.0
2025-08-04 14:47:39,707 - INFO - 投票结果: 选择路径 0, 答案: 24, 置信度: 0.7
2025-08-04 14:47:39,707 - INFO - 投票结果: 选择路径 0, 答案: 139, 置信度: 1.0
2025-08-04 14:47:39,707 - INFO - 投票结果: 选择路径 1, 答案: 36, 置信度: 0.6
2025-08-04 14:47:39,707 - INFO - 投票结果: 选择路径 0, 答案: 6, 置信度: 0.5
2025-08-04 14:47:39,708 - INFO - 投票结果: 选择路径 0, 答案: 12, 置信度: 1.0
2025-08-04 14:47:39,708 - INFO - 投票结果: 选择路径 0, 答案: 78, 置信度: 0.9
2025-08-04 14:47:39,708 - INFO - 投票结果: 选择路径 0, 答案: 3, 置信度: 1.0
2025-08-04 14:47:39,708 - INFO - 投票结果: 选择路径 3, 答案: 225, 置信度: 0.3
2025-08-04 14:47:39,708 - INFO - 投票结果: 选择路径 1, 答案: 163, 置信度: 0.6
2025-08-04 14:47:39,708 - INFO - 投票结果: 选择路径 0, 答案: 90, 置信度: 1.0
2025-08-04 14:47:39,708 - INFO - 投票结果: 选择路径 0, 答案: 56.25, 置信度: 0.3
2025-08-04 14:47:39,709 - INFO - 投票结果: 选择路径 1, 答案: 240, 置信度: 0.2
2025-08-04 14:47:39,709 - INFO - 投票结果: 选择路径 0, 答案: 5, 置信度: 0.4
2025-08-04 14:47:39,709 - INFO - 投票结果: 选择路径 0, 答案: 90, 置信度: 1.0
2025-08-04 14:47:39,709 - INFO - 投票结果: 选择路径 0, 答案: 42, 置信度: 0.8
2025-08-04 14:47:39,709 - INFO - 投票结果: 选择路径 0, 答案: 162, 置信度: 1.0
2025-08-04 14:47:39,709 - INFO - 投票结果: 选择路径 0, 答案: 9, 置信度: 0.9
2025-08-04 14:47:39,709 - INFO - 投票结果: 选择路径 4, 答案: 48, 置信度: 0.3
2025-08-04 14:47:39,709 - INFO - 投票结果: 选择路径 3, 答案: 82, 置信度: 0.6
2025-08-04 14:47:39,710 - INFO - 投票结果: 选择路径 1, 答案: 14000, 置信度: 0.8
2025-08-04 14:47:39,710 - INFO - 投票结果: 选择路径 0, 答案: 45, 置信度: 0.9
2025-08-04 14:47:39,710 - INFO - 投票结果: 选择路径 0, 答案: 420, 置信度: 0.7
2025-08-04 14:47:39,710 - INFO - 投票结果: 选择路径 0, 答案: 15, 置信度: 0.8
2025-08-04 14:47:39,710 - INFO - 投票结果: 选择路径 0, 答案: 30, 置信度: 1.0
2025-08-04 14:47:39,710 - INFO - 投票结果: 选择路径 0, 答案: 280, 置信度: 1.0
2025-08-04 14:47:39,710 - INFO - 投票结果: 选择路径 1, 答案: 5, 置信度: 0.6
2025-08-04 14:47:39,711 - INFO - 投票结果: 选择路径 0, 答案: 135, 置信度: 0.9
2025-08-04 14:47:39,711 - INFO - 投票结果: 选择路径 0, 答案: 67, 置信度: 1.0
2025-08-04 14:47:39,711 - INFO - 投票结果: 选择路径 0, 答案: 1260, 置信度: 1.0
2025-08-04 14:47:39,711 - INFO - 投票结果: 选择路径 0, 答案: 80, 置信度: 1.0
2025-08-04 14:47:39,711 - INFO - 投票结果: 选择路径 1, 答案: 1220, 置信度: 0.3
2025-08-04 14:47:39,711 - INFO - 投票结果: 选择路径 0, 答案: 15, 置信度: 1.0
2025-08-04 14:47:39,711 - INFO - 投票结果: 选择路径 0, 答案: 12, 置信度: 0.7
2025-08-04 14:47:39,711 - INFO - 投票结果: 选择路径 0, 答案: 15, 置信度: 1.0
2025-08-04 14:47:39,712 - INFO - 投票结果: 选择路径 0, 答案: 221, 置信度: 1.0
2025-08-04 14:47:39,712 - INFO - 投票结果: 选择路径 0, 答案: 5, 置信度: 1.0
2025-08-04 14:47:39,712 - INFO - 投票结果: 选择路径 1, 答案: 11, 置信度: 0.7
2025-08-04 14:47:39,712 - INFO - 投票结果: 选择路径 0, 答案: 8400, 置信度: 0.6
2025-08-04 14:47:39,712 - INFO - 投票结果: 选择路径 0, 答案: 3000, 置信度: 0.9
2025-08-04 14:47:39,712 - INFO - 投票结果: 选择路径 0, 答案: 60, 置信度: 0.9
2025-08-04 14:47:39,712 - INFO - 投票结果: 选择路径 1, 答案: 826, 置信度: 0.3
2025-08-04 14:47:39,713 - INFO - 投票结果: 选择路径 2, 答案: 20, 置信度: 0.5
2025-08-04 14:47:39,713 - INFO - 投票结果: 选择路径 0, 答案: 6, 置信度: 0.5
2025-08-04 14:47:39,713 - INFO - 投票结果: 选择路径 0, 答案: 12, 置信度: 0.8
2025-08-04 14:47:39,713 - INFO - 投票结果: 选择路径 0, 答案: 480, 置信度: 1.0
2025-08-04 14:47:39,713 - INFO - 投票结果: 选择路径 0, 答案: 14400, 置信度: 0.6
2025-08-04 14:47:39,713 - INFO - 投票结果: 选择路径 0, 答案: 3, 置信度: 1.0
2025-08-04 14:47:39,713 - INFO - 投票结果: 选择路径 0, 答案: 250, 置信度: 1.0
2025-08-04 14:47:39,714 - INFO - 投票结果: 选择路径 0, 答案: 168, 置信度: 1.0
2025-08-04 14:47:39,714 - INFO - 投票结果: 选择路径 0, 答案: 64800, 置信度: 0.3
2025-08-04 14:47:39,714 - INFO - 投票结果: 选择路径 0, 答案: 120, 置信度: 0.8
2025-08-04 14:47:39,714 - INFO - 投票结果: 选择路径 0, 答案: 270, 置信度: 0.9
2025-08-04 14:47:39,714 - INFO - 投票结果: 选择路径 0, 答案: 26, 置信度: 1.0
2025-08-04 14:47:39,714 - INFO - 投票结果: 选择路径 0, 答案: 20, 置信度: 0.4
2025-08-04 14:47:39,714 - INFO - 投票结果: 选择路径 2, 答案: 45, 置信度: 0.4
2025-08-04 14:47:39,714 - INFO - 投票结果: 选择路径 0, 答案: 101, 置信度: 1.0
2025-08-04 14:47:39,715 - INFO - 投票结果: 选择路径 0, 答案: 230, 置信度: 0.3
2025-08-04 14:47:39,715 - INFO - 投票结果: 选择路径 0, 答案: 85, 置信度: 1.0
2025-08-04 14:47:39,715 - INFO - 投票结果: 选择路径 1, 答案: 4, 置信度: 0.4
2025-08-04 14:47:39,715 - INFO - 投票结果: 选择路径 0, 答案: 24000, 置信度: 0.6
2025-08-04 14:47:39,715 - INFO - 投票结果: 选择路径 0, 答案: 300, 置信度: 1.0
2025-08-04 14:47:39,715 - INFO - 投票结果: 选择路径 0, 答案: 31, 置信度: 1.0
2025-08-04 14:47:39,715 - INFO - 投票结果: 选择路径 0, 答案: 12, 置信度: 1.0
2025-08-04 14:47:39,716 - INFO - 投票结果: 选择路径 0, 答案: 2:00p, 置信度: 0.9
2025-08-04 14:47:39,716 - INFO - 投票结果: 选择路径 0, 答案: 3, 置信度: 0.9
2025-08-04 14:47:39,716 - INFO - 投票结果: 选择路径 1, 答案: 10, 置信度: 0.5
2025-08-04 14:47:39,716 - INFO - 投票结果: 选择路径 0, 答案: 45, 置信度: 1.0
2025-08-04 14:47:39,716 - INFO - 投票结果: 选择路径 0, 答案: 200, 置信度: 0.9
2025-08-04 14:47:39,716 - INFO - 投票结果: 选择路径 0, 答案: 34, 置信度: 0.4
2025-08-04 14:47:39,716 - INFO - 投票结果: 选择路径 0, 答案: 10, 置信度: 0.7
2025-08-04 14:47:39,717 - INFO - 投票结果: 选择路径 0, 答案: 98, 置信度: 0.8
2025-08-04 14:47:39,717 - INFO - 投票结果: 选择路径 0, 答案: 0, 置信度: 0.3
2025-08-04 14:47:39,717 - INFO - 投票结果: 选择路径 0, 答案: 45, 置信度: 0.6
2025-08-04 14:47:39,717 - INFO - 投票结果: 选择路径 0, 答案: 6, 置信度: 0.5
2025-08-04 14:47:39,717 - INFO - 投票结果: 选择路径 2, 答案: 7, 置信度: 0.3
2025-08-04 14:47:39,717 - INFO - 投票结果: 选择路径 0, 答案: 15, 置信度: 0.3
2025-08-04 14:47:39,717 - INFO - 投票结果: 选择路径 0, 答案: 70, 置信度: 1.0
2025-08-04 14:47:39,718 - INFO - 投票结果: 选择路径 0, 答案: 294, 置信度: 0.8
2025-08-04 14:47:39,718 - INFO - 投票结果: 选择路径 0, 答案: 42, 置信度: 0.4
2025-08-04 14:47:39,718 - INFO - 投票结果: 选择路径 0, 答案: 13, 置信度: 1.0
2025-08-04 14:47:39,718 - INFO - 投票结果: 选择路径 0, 答案: 195, 置信度: 1.0
2025-08-04 14:47:39,718 - INFO - 投票结果: 选择路径 0, 答案: 7, 置信度: 1.0
2025-08-04 14:47:39,718 - INFO - 投票结果: 选择路径 0, 答案: 1875, 置信度: 1.0
2025-08-04 14:47:39,718 - INFO - 投票结果: 选择路径 0, 答案: 385000, 置信度: 1.0
2025-08-04 14:47:39,719 - INFO - 投票结果: 选择路径 0, 答案: 85, 置信度: 1.0
2025-08-04 14:47:39,719 - INFO - 投票结果: 选择路径 0, 答案: 27, 置信度: 1.0
2025-08-04 14:47:39,719 - INFO - 投票结果: 选择路径 0, 答案: 159, 置信度: 1.0
2025-08-04 14:47:39,719 - INFO - 投票结果: 选择路径 0, 答案: 25, 置信度: 0.8
2025-08-04 14:47:39,719 - INFO - 投票结果: 选择路径 0, 答案: 720, 置信度: 1.0
2025-08-04 14:47:39,719 - INFO - 投票结果: 选择路径 0, 答案: 549, 置信度: 0.7
2025-08-04 14:47:39,719 - INFO - 投票结果: 选择路径 0, 答案: 7, 置信度: 0.9
2025-08-04 14:47:39,720 - INFO - 投票结果: 选择路径 0, 答案: 25, 置信度: 0.6
2025-08-04 14:47:39,720 - INFO - 投票结果: 选择路径 0, 答案: 90, 置信度: 0.2
2025-08-04 14:47:39,720 - INFO - 投票结果: 选择路径 1, 答案: 2, 置信度: 0.7
2025-08-04 14:47:39,720 - INFO - 投票结果: 选择路径 0, 答案: 22, 置信度: 0.5
2025-08-04 14:47:39,720 - INFO - 投票结果: 选择路径 0, 答案: 40, 置信度: 0.9
2025-08-04 14:47:39,720 - INFO - 投票结果: 选择路径 1, 答案: 1950, 置信度: 0.2
2025-08-04 14:47:39,720 - INFO - 投票结果: 选择路径 2, 答案: 500, 置信度: 0.3
2025-08-04 14:47:39,720 - INFO - 投票结果: 选择路径 0, 答案: 10, 置信度: 0.7
2025-08-04 14:47:39,721 - INFO - 投票结果: 选择路径 0, 答案: 27, 置信度: 0.4
2025-08-04 14:47:39,721 - INFO - 投票结果: 选择路径 0, 答案: 17, 置信度: 1.0
2025-08-04 14:47:39,721 - INFO - 投票结果: 选择路径 0, 答案: 50, 置信度: 0.9
2025-08-04 14:47:39,721 - INFO - 投票结果: 选择路径 1, 答案: 96, 置信度: 0.7
2025-08-04 14:47:39,721 - INFO - 投票结果: 选择路径 1, 答案: 280, 置信度: 0.6
2025-08-04 14:47:39,721 - INFO - 投票结果: 选择路径 3, 答案: 50, 置信度: 0.2
2025-08-04 14:47:39,721 - INFO - 投票结果: 选择路径 0, 答案: 142, 置信度: 0.9
2025-08-04 14:47:39,722 - INFO - 投票结果: 选择路径 2, 答案: 5, 置信度: 0.7
2025-08-04 14:47:39,722 - INFO - 投票结果: 选择路径 0, 答案: 95, 置信度: 1.0
2025-08-04 14:47:39,722 - INFO - 投票结果: 选择路径 0, 答案: 175, 置信度: 0.9
2025-08-04 14:47:39,722 - INFO - 投票结果: 选择路径 0, 答案: 20, 置信度: 0.7
2025-08-04 14:47:39,722 - INFO - 投票结果: 选择路径 0, 答案: 15, 置信度: 1.0
2025-08-04 14:47:39,722 - INFO - 投票结果: 选择路径 1, 答案: 370, 置信度: 0.5
2025-08-04 14:47:39,722 - INFO - 投票结果: 选择路径 0, 答案: 11, 置信度: 0.2
2025-08-04 14:47:39,722 - INFO - 投票结果: 选择路径 0, 答案: 2, 置信度: 1.0
2025-08-04 14:47:39,723 - INFO - 投票结果: 选择路径 0, 答案: 120, 置信度: 0.6
2025-08-04 14:47:39,723 - INFO - 投票结果: 选择路径 0, 答案: 70, 置信度: 1.0
2025-08-04 14:47:39,723 - INFO - 投票结果: 选择路径 0, 答案: 17000, 置信度: 0.9
2025-08-04 14:47:39,723 - INFO - 投票结果: 选择路径 1, 答案: 57, 置信度: 0.9
2025-08-04 14:47:39,723 - INFO - 投票结果: 选择路径 0, 答案: 1260, 置信度: 1.0
2025-08-04 14:47:39,723 - INFO - 投票结果: 选择路径 0, 答案: 4500, 置信度: 1.0
2025-08-04 14:47:39,723 - INFO - 投票结果: 选择路径 0, 答案: 5, 置信度: 0.8
2025-08-04 14:47:39,724 - INFO - 投票结果: 选择路径 0, 答案: 360, 置信度: 1.0
2025-08-04 14:47:39,724 - INFO - 投票结果: 选择路径 0, 答案: 50, 置信度: 0.7
2025-08-04 14:47:39,724 - INFO - 投票结果: 选择路径 1, 答案: 95, 置信度: 0.2
2025-08-04 14:47:39,724 - INFO - 投票结果: 选择路径 0, 答案: 2, 置信度: 0.8
2025-08-04 14:47:39,724 - INFO - 投票结果: 选择路径 0, 答案: 7.17, 置信度: 0.6
2025-08-04 14:47:39,724 - INFO - 投票结果: 选择路径 0, 答案: 5760, 置信度: 0.8
2025-08-04 14:47:39,724 - INFO - 投票结果: 选择路径 0, 答案: 35, 置信度: 1.0
2025-08-04 14:47:39,724 - INFO - 投票结果: 选择路径 0, 答案: 27, 置信度: 0.4
2025-08-04 14:47:39,725 - INFO - 投票结果: 选择路径 0, 答案: 7, 置信度: 0.7
2025-08-04 14:47:39,725 - INFO - 投票结果: 选择路径 0, 答案: 3, 置信度: 1.0
2025-08-04 14:47:39,725 - INFO - 投票结果: 选择路径 0, 答案: 140, 置信度: 0.2
2025-08-04 14:47:39,725 - INFO - 投票结果: 选择路径 0, 答案: 280, 置信度: 0.6
2025-08-04 14:47:39,725 - INFO - 投票结果: 选择路径 1, 答案: 16, 置信度: 0.6
2025-08-04 14:47:39,725 - INFO - 投票结果: 选择路径 0, 答案: 10, 置信度: 1.0
2025-08-04 14:47:39,725 - INFO - 投票结果: 选择路径 0, 答案: 101, 置信度: 1.0
2025-08-04 14:47:39,726 - INFO - 投票结果: 选择路径 0, 答案: 12, 置信度: 0.9
2025-08-04 14:47:39,726 - INFO - 投票结果: 选择路径 0, 答案: 78, 置信度: 1.0
2025-08-04 14:47:39,726 - INFO - 投票结果: 选择路径 0, 答案: 16, 置信度: 1.0
2025-08-04 14:47:39,726 - INFO - 投票结果: 选择路径 0, 答案: 8, 置信度: 1.0
2025-08-04 14:47:39,726 - INFO - 投票结果: 选择路径 0, 答案: 20, 置信度: 0.6
2025-08-04 14:47:39,726 - INFO - 投票结果: 选择路径 0, 答案: 280, 置信度: 0.9
2025-08-04 14:47:39,726 - INFO - 投票结果: 选择路径 0, 答案: 1.96875, 置信度: 0.5
2025-08-04 14:47:39,726 - INFO - 投票结果: 选择路径 0, 答案: 105, 置信度: 1.0
2025-08-04 14:47:39,727 - INFO - 投票结果: 选择路径 0, 答案: 58, 置信度: 0.5
2025-08-04 14:47:39,727 - INFO - 投票结果: 选择路径 0, 答案: 6, 置信度: 0.9
2025-08-04 14:47:39,727 - INFO - 投票结果: 选择路径 0, 答案: 100, 置信度: 0.4
2025-08-04 14:47:39,727 - INFO - 投票结果: 选择路径 0, 答案: 770, 置信度: 1.0
2025-08-04 14:47:39,727 - INFO - 投票结果: 选择路径 0, 答案: 28, 置信度: 1.0
2025-08-04 14:47:39,727 - INFO - 投票结果: 选择路径 0, 答案: 50, 置信度: 0.3
2025-08-04 14:47:39,727 - INFO - 投票结果: 选择路径 0, 答案: 1630, 置信度: 0.8
2025-08-04 14:47:39,728 - INFO - 投票结果: 选择路径 0, 答案: 55, 置信度: 0.8
2025-08-04 14:47:39,728 - INFO - 投票结果: 选择路径 1, 答案: 40, 置信度: 0.6
2025-08-04 14:47:39,728 - INFO - 投票结果: 选择路径 0, 答案: 11, 置信度: 1.0
2025-08-04 14:47:39,728 - INFO - 投票结果: 选择路径 0, 答案: 3, 置信度: 1.0
2025-08-04 14:47:39,728 - INFO - 投票结果: 选择路径 0, 答案: 20, 置信度: 0.9
2025-08-04 14:47:39,728 - INFO - 投票结果: 选择路径 1, 答案: 15, 置信度: 0.6
2025-08-04 14:47:39,728 - INFO - 投票结果: 选择路径 0, 答案: 3, 置信度: 0.4
2025-08-04 14:47:39,728 - INFO - 投票结果: 选择路径 0, 答案: 70, 置信度: 0.9
2025-08-04 14:47:39,729 - INFO - 投票结果: 选择路径 0, 答案: 63, 置信度: 0.9
2025-08-04 14:47:39,729 - INFO - 投票结果: 选择路径 0, 答案: 14, 置信度: 0.7
2025-08-04 14:47:39,729 - INFO - 投票结果: 选择路径 0, 答案: 11, 置信度: 1.0
2025-08-04 14:47:39,729 - INFO - 投票结果: 选择路径 0, 答案: 153, 置信度: 0.9
2025-08-04 14:47:39,729 - INFO - 投票结果: 选择路径 0, 答案: 15, 置信度: 1.0
2025-08-04 14:47:39,729 - INFO - 投票结果: 选择路径 1, 答案: 120, 置信度: 0.2
2025-08-04 14:47:39,729 - INFO - 投票结果: 选择路径 1, 答案: 175, 置信度: 0.5
2025-08-04 14:47:39,730 - INFO - 投票结果: 选择路径 1, 答案: 600, 置信度: 0.8
2025-08-04 14:47:39,730 - INFO - 投票结果: 选择路径 2, 答案: 20, 置信度: 0.7
2025-08-04 14:47:39,730 - INFO - 投票结果: 选择路径 0, 答案: 12, 置信度: 1.0
2025-08-04 14:47:39,730 - INFO - 投票结果: 选择路径 0, 答案: 87, 置信度: 1.0
2025-08-04 14:47:39,730 - INFO - 投票结果: 选择路径 4, 答案: 60, 置信度: 0.4
2025-08-04 14:47:39,730 - INFO - 投票结果: 选择路径 0, 答案: 10, 置信度: 0.9
2025-08-04 14:47:39,731 - INFO - 投票结果: 选择路径 0, 答案: 18, 置信度: 1.0
2025-08-04 14:47:39,731 - INFO - 投票结果: 选择路径 0, 答案: 230, 置信度: 1.0
2025-08-04 14:47:39,731 - INFO - 投票结果: 选择路径 2, 答案: 15, 置信度: 0.4
2025-08-04 14:47:39,731 - INFO - 投票结果: 选择路径 1, 答案: 1198, 置信度: 0.4
2025-08-04 14:47:39,731 - INFO - 投票结果: 选择路径 0, 答案: 2325, 置信度: 0.9
2025-08-04 14:47:39,731 - INFO - 投票结果: 选择路径 0, 答案: 80, 置信度: 1.0
2025-08-04 14:47:39,731 - INFO - 投票结果: 选择路径 0, 答案: 880, 置信度: 1.0
2025-08-04 14:47:39,731 - INFO - 投票结果: 选择路径 0, 答案: 5, 置信度: 0.8
2025-08-04 14:47:39,732 - INFO - 投票结果: 选择路径 1, 答案: 45, 置信度: 0.9
2025-08-04 14:47:39,732 - INFO - 投票结果: 选择路径 0, 答案: 75, 置信度: 1.0
2025-08-04 14:47:39,732 - INFO - 投票结果: 选择路径 2, 答案: 4, 置信度: 0.5
2025-08-04 14:47:39,732 - INFO - 投票结果: 选择路径 0, 答案: 350, 置信度: 1.0
2025-08-04 14:47:39,732 - INFO - 投票结果: 选择路径 0, 答案: 200, 置信度: 1.0
2025-08-04 14:47:39,732 - INFO - 投票结果: 选择路径 0, 答案: 1000, 置信度: 0.6
2025-08-04 14:47:39,732 - INFO - 投票结果: 选择路径 0, 答案: 21, 置信度: 0.9
2025-08-04 14:47:39,732 - INFO - 投票结果: 选择路径 0, 答案: 19, 置信度: 1.0
2025-08-04 14:47:39,733 - INFO - 投票结果: 选择路径 0, 答案: 13, 置信度: 1.0
2025-08-04 14:47:39,733 - INFO - 投票结果: 选择路径 0, 答案: 10, 置信度: 0.6
2025-08-04 14:47:39,733 - INFO - 投票结果: 选择路径 0, 答案: 440, 置信度: 1.0
2025-08-04 14:47:39,733 - INFO - 投票结果: 选择路径 0, 答案: 48, 置信度: 1.0
2025-08-04 14:47:39,733 - INFO - 投票结果: 选择路径 3, 答案: 39, 置信度: 0.4
2025-08-04 14:47:39,733 - INFO - 投票结果: 选择路径 1, 答案: 32, 置信度: 0.5
2025-08-04 14:47:39,733 - INFO - 投票结果: 选择路径 0, 答案: 22, 置信度: 1.0
2025-08-04 14:47:39,733 - INFO - 投票结果: 选择路径 1, 答案: 57500, 置信度: 0.9
2025-08-04 14:47:39,734 - INFO - 投票结果: 选择路径 0, 答案: 35, 置信度: 1.0
2025-08-04 14:47:39,734 - INFO - 投票结果: 选择路径 0, 答案: 26, 置信度: 0.9
2025-08-04 14:47:39,734 - INFO - 投票结果: 选择路径 0, 答案: 18, 置信度: 0.2
2025-08-04 14:47:39,734 - INFO - 投票结果: 选择路径 0, 答案: 27000, 置信度: 0.7
2025-08-04 14:47:39,734 - INFO - 投票结果: 选择路径 0, 答案: 157, 置信度: 1.0
2025-08-04 14:47:39,734 - INFO - 投票结果: 选择路径 0, 答案: 14, 置信度: 1.0
2025-08-04 14:47:39,734 - INFO - 投票结果: 选择路径 0, 答案: 26, 置信度: 0.7
2025-08-04 14:47:39,735 - INFO - 投票结果: 选择路径 5, 答案: 966.306, 置信度: 0.2
2025-08-04 14:47:39,735 - INFO - 投票结果: 选择路径 0, 答案: 12, 置信度: 1.0
2025-08-04 14:47:39,735 - INFO - 投票结果: 选择路径 1, 答案: 11, 置信度: 0.4
2025-08-04 14:47:39,736 - INFO - 投票结果: 选择路径 0, 答案: 366, 置信度: 1.0
2025-08-04 14:47:39,736 - INFO - 投票结果: 选择路径 0, 答案: 195, 置信度: 0.9
2025-08-04 14:47:39,736 - INFO - 投票结果: 选择路径 0, 答案: 90, 置信度: 1.0
2025-08-04 14:47:39,736 - INFO - 投票结果: 选择路径 1, 答案: 10, 置信度: 0.7
2025-08-04 14:47:39,736 - INFO - 投票结果: 选择路径 0, 答案: 400, 置信度: 1.0
2025-08-04 14:47:39,736 - INFO - 投票结果: 选择路径 0, 答案: 6, 置信度: 0.8
2025-08-04 14:47:39,736 - INFO - 投票结果: 选择路径 0, 答案: 17, 置信度: 1.0
2025-08-04 14:47:39,737 - INFO - 投票结果: 选择路径 1, 答案: 80, 置信度: 0.7
2025-08-04 14:47:39,737 - INFO - 投票结果: 选择路径 5, 答案: 22, 置信度: 0.5
2025-08-04 14:47:39,737 - INFO - 投票结果: 选择路径 0, 答案: 44, 置信度: 1.0
2025-08-04 14:47:39,737 - INFO - 投票结果: 选择路径 0, 答案: 12, 置信度: 0.5
2025-08-04 14:47:39,737 - INFO - 投票结果: 选择路径 0, 答案: 27, 置信度: 0.9
2025-08-04 14:47:39,737 - INFO - 投票结果: 选择路径 0, 答案: 120, 置信度: 0.8
2025-08-04 14:47:39,737 - INFO - 投票结果: 选择路径 0, 答案: 12, 置信度: 0.9
2025-08-04 14:47:39,737 - INFO - 投票结果: 选择路径 0, 答案: 5, 置信度: 1.0
2025-08-04 14:47:39,738 - INFO - 投票结果: 选择路径 0, 答案: 36, 置信度: 0.9
2025-08-04 14:47:39,738 - INFO - 投票结果: 选择路径 0, 答案: 9, 置信度: 1.0
2025-08-04 14:47:39,738 - INFO - 投票结果: 选择路径 0, 答案: 2, 置信度: 1.0
2025-08-04 14:47:39,738 - INFO - 投票结果: 选择路径 0, 答案: 54, 置信度: 0.1
2025-08-04 14:47:39,738 - INFO - 投票结果: 选择路径 0, 答案: 70, 置信度: 1.0
2025-08-04 14:47:39,738 - INFO - 投票结果: 选择路径 0, 答案: 3160, 置信度: 0.5
2025-08-04 14:47:39,738 - INFO - 投票结果: 选择路径 0, 答案: 3200, 置信度: 1.0
2025-08-04 14:47:39,739 - INFO - 投票结果: 选择路径 2, 答案: 142, 置信度: 0.4
2025-08-04 14:47:39,739 - INFO - 投票结果: 选择路径 0, 答案: 90, 置信度: 1.0
2025-08-04 14:47:39,739 - INFO - 投票结果: 选择路径 1, 答案: 200, 置信度: 0.8
2025-08-04 14:47:39,739 - INFO - 投票结果: 选择路径 0, 答案: 330000, 置信度: 0.7
2025-08-04 14:47:39,739 - INFO - 投票结果: 选择路径 0, 答案: 9, 置信度: 1.0
2025-08-04 14:47:39,739 - INFO - 投票结果: 选择路径 0, 答案: 10, 置信度: 1.0
2025-08-04 14:47:39,739 - INFO - 投票结果: 选择路径 0, 答案: 40, 置信度: 0.4
2025-08-04 14:47:39,739 - INFO - 投票结果: 选择路径 0, 答案: 700, 置信度: 1.0
2025-08-04 14:47:39,740 - INFO - 投票结果: 选择路径 0, 答案: 12, 置信度: 1.0
2025-08-04 14:47:39,740 - INFO - 投票结果: 选择路径 0, 答案: 3, 置信度: 0.9
2025-08-04 14:47:39,740 - INFO - 投票结果: 选择路径 1, 答案: 320, 置信度: 0.9
2025-08-04 14:47:39,740 - INFO - 投票结果: 选择路径 1, 答案: 59, 置信度: 0.2
2025-08-04 14:47:39,740 - INFO - 投票结果: 选择路径 0, 答案: 50, 置信度: 0.7
2025-08-04 14:47:39,740 - INFO - 投票结果: 选择路径 0, 答案: 50, 置信度: 1.0
2025-08-04 14:47:39,740 - INFO - 投票结果: 选择路径 0, 答案: 1850, 置信度: 0.4
2025-08-04 14:47:39,740 - INFO - 投票结果: 选择路径 0, 答案: 12, 置信度: 0.6
2025-08-04 14:47:39,741 - INFO - 投票结果: 选择路径 0, 答案: 2640, 置信度: 1.0
2025-08-04 14:47:39,741 - INFO - 投票结果: 选择路径 0, 答案: 98, 置信度: 0.9
2025-08-04 14:47:39,741 - INFO - 投票结果: 选择路径 0, 答案: 19, 置信度: 1.0
2025-08-04 14:47:39,741 - INFO - 投票结果: 选择路径 0, 答案: 21, 置信度: 1.0
2025-08-04 14:47:39,741 - INFO - 投票结果: 选择路径 1, 答案: 5, 置信度: 0.9
2025-08-04 14:47:39,741 - INFO - 投票结果: 选择路径 0, 答案: 30, 置信度: 1.0
2025-08-04 14:47:39,741 - INFO - 投票结果: 选择路径 1, 答案: 34, 置信度: 0.8
2025-08-04 14:47:39,742 - INFO - 投票结果: 选择路径 0, 答案: 48, 置信度: 0.7
2025-08-04 14:47:39,742 - INFO - 投票结果: 选择路径 0, 答案: 7, 置信度: 1.0
2025-08-04 14:47:39,742 - INFO - 投票结果: 选择路径 0, 答案: 50, 置信度: 1.0
2025-08-04 14:47:39,742 - INFO - 投票结果: 选择路径 0, 答案: 25, 置信度: 1.0
2025-08-04 14:47:39,742 - INFO - 投票结果: 选择路径 0, 答案: 500, 置信度: 1.0
2025-08-04 14:47:39,742 - INFO - 投票结果: 选择路径 0, 答案: 300, 置信度: 1.0
2025-08-04 14:47:39,742 - INFO - 投票结果: 选择路径 0, 答案: 842, 置信度: 1.0
2025-08-04 14:47:39,742 - INFO - 投票结果: 选择路径 0, 答案: 600, 置信度: 0.8
2025-08-04 14:47:39,743 - INFO - 投票结果: 选择路径 0, 答案: 140, 置信度: 0.6
2025-08-04 14:47:39,743 - INFO - 投票结果: 选择路径 0, 答案: 32, 置信度: 0.8
2025-08-04 14:47:39,743 - INFO - 投票结果: 选择路径 0, 答案: 15, 置信度: 0.7
2025-08-04 14:47:39,743 - INFO - 投票结果: 选择路径 0, 答案: 243, 置信度: 1.0
2025-08-04 14:47:39,743 - INFO - 投票结果: 选择路径 1, 答案: 60, 置信度: 0.7
2025-08-04 14:47:39,743 - INFO - 投票结果: 选择路径 0, 答案: 1218, 置信度: 1.0
2025-08-04 14:47:39,743 - INFO - 投票结果: 选择路径 0, 答案: 16, 置信度: 0.6
2025-08-04 14:47:39,743 - INFO - 投票结果: 选择路径 0, 答案: 40, 置信度: 0.9
2025-08-04 14:47:39,744 - INFO - 投票结果: 选择路径 0, 答案: 1210, 置信度: 1.0
2025-08-04 14:47:39,744 - INFO - 投票结果: 选择路径 1, 答案: 50, 置信度: 0.8
2025-08-04 14:47:39,744 - INFO - 投票结果: 选择路径 0, 答案: 12, 置信度: 1.0
2025-08-04 14:47:39,744 - INFO - 投票结果: 选择路径 0, 答案: 3528, 置信度: 0.9
2025-08-04 14:47:39,744 - INFO - 投票结果: 选择路径 0, 答案: 150, 置信度: 0.6
2025-08-04 14:47:39,744 - INFO - 投票结果: 选择路径 0, 答案: 1050, 置信度: 1.0
2025-08-04 14:47:39,744 - INFO - 投票结果: 选择路径 0, 答案: 2304, 置信度: 1.0
2025-08-04 14:47:39,745 - INFO - 投票结果: 选择路径 0, 答案: 110, 置信度: 0.3
2025-08-04 14:47:39,745 - INFO - 投票结果: 选择路径 0, 答案: 10000, 置信度: 0.4
2025-08-04 14:47:39,745 - INFO - 投票结果: 选择路径 1, 答案: 410, 置信度: 0.8
2025-08-04 14:47:39,745 - INFO - 投票结果: 选择路径 0, 答案: 32, 置信度: 1.0
2025-08-04 14:47:39,745 - INFO - 投票结果: 选择路径 1, 答案: 120, 置信度: 0.9
2025-08-04 14:47:39,745 - INFO - 投票结果: 选择路径 0, 答案: 29, 置信度: 0.7
2025-08-04 14:47:39,745 - INFO - 投票结果: 选择路径 0, 答案: 200, 置信度: 0.6
2025-08-04 14:47:39,745 - INFO - 投票结果: 选择路径 0, 答案: 80, 置信度: 0.6
2025-08-04 14:47:39,746 - INFO - 投票结果: 选择路径 0, 答案: 200, 置信度: 0.7
2025-08-04 14:47:39,746 - INFO - 投票结果: 选择路径 0, 答案: 2, 置信度: 0.9
2025-08-04 14:47:39,746 - INFO - 投票结果: 选择路径 1, 答案: 9, 置信度: 0.9
2025-08-04 14:47:39,746 - INFO - 投票结果: 选择路径 0, 答案: 100, 置信度: 1.0
2025-08-04 14:47:39,746 - INFO - 投票结果: 选择路径 0, 答案: 40, 置信度: 1.0
2025-08-04 14:47:39,746 - INFO - 投票结果: 选择路径 0, 答案: 250, 置信度: 0.5
2025-08-04 14:47:39,746 - INFO - 投票结果: 选择路径 0, 答案: 5600, 置信度: 0.8
2025-08-04 14:47:39,747 - INFO - 投票结果: 选择路径 0, 答案: 5, 置信度: 1.0
2025-08-04 14:47:39,747 - INFO - 投票结果: 选择路径 0, 答案: 600, 置信度: 1.0
2025-08-04 14:47:39,747 - INFO - 投票结果: 选择路径 0, 答案: 6, 置信度: 1.0
2025-08-04 14:47:39,747 - INFO - 投票结果: 选择路径 0, 答案: 1, 置信度: 1.0
2025-08-04 14:47:39,747 - INFO - 投票结果: 选择路径 1, 答案: 360, 置信度: 0.8
2025-08-04 14:47:39,747 - INFO - 投票结果: 选择路径 0, 答案: 45, 置信度: 1.0
2025-08-04 14:47:39,747 - INFO - 投票结果: 选择路径 0, 答案: 310, 置信度: 1.0
2025-08-04 14:47:39,747 - INFO - 投票结果: 选择路径 1, 答案: 6, 置信度: 0.5
2025-08-04 14:47:39,748 - INFO - 投票结果: 选择路径 0, 答案: 30, 置信度: 1.0
2025-08-04 14:47:39,748 - INFO - 投票结果: 选择路径 1, 答案: 220, 置信度: 0.8
2025-08-04 14:47:39,748 - INFO - 投票结果: 选择路径 0, 答案: 310, 置信度: 1.0
2025-08-04 14:47:39,748 - INFO - 投票结果: 选择路径 0, 答案: 250, 置信度: 0.8
2025-08-04 14:47:39,748 - INFO - 投票结果: 选择路径 0, 答案: 118000, 置信度: 0.9
2025-08-04 14:47:39,748 - INFO - 投票结果: 选择路径 0, 答案: 160, 置信度: 0.9
2025-08-04 14:47:39,748 - INFO - 投票结果: 选择路径 2, 答案: 4, 置信度: 0.8
2025-08-04 14:47:39,749 - INFO - 投票结果: 选择路径 0, 答案: 6, 置信度: 1.0
2025-08-04 14:47:39,749 - INFO - 投票结果: 选择路径 0, 答案: 64, 置信度: 0.6
2025-08-04 14:47:39,749 - INFO - 投票结果: 选择路径 0, 答案: 335, 置信度: 1.0
2025-08-04 14:47:39,749 - INFO - 投票结果: 选择路径 0, 答案: 44, 置信度: 1.0
2025-08-04 14:47:39,749 - INFO - 投票结果: 选择路径 0, 答案: 216, 置信度: 1.0
2025-08-04 14:47:39,749 - INFO - 投票结果: 选择路径 0, 答案: 40, 置信度: 1.0
2025-08-04 14:47:39,749 - INFO - 投票结果: 选择路径 0, 答案: 6, 置信度: 0.4
2025-08-04 14:47:39,749 - INFO - 投票结果: 选择路径 0, 答案: 135, 置信度: 0.6
2025-08-04 14:47:39,750 - INFO - 投票结果: 选择路径 0, 答案: 16, 置信度: 0.8
2025-08-04 14:47:39,750 - INFO - 投票结果: 选择路径 0, 答案: 6, 置信度: 1.0
2025-08-04 14:47:39,750 - INFO - 投票结果: 选择路径 0, 答案: 17, 置信度: 1.0
2025-08-04 14:47:39,750 - INFO - 投票结果: 选择路径 1, 答案: 540, 置信度: 0.8
2025-08-04 14:47:39,750 - INFO - 投票结果: 选择路径 0, 答案: 621, 置信度: 0.9
2025-08-04 14:47:39,750 - INFO - 投票结果: 选择路径 0, 答案: 120, 置信度: 1.0
2025-08-04 14:47:39,750 - INFO - 投票结果: 选择路径 0, 答案: 56, 置信度: 0.8
2025-08-04 14:47:39,750 - INFO - 投票结果: 选择路径 0, 答案: 2, 置信度: 1.0
2025-08-04 14:47:39,751 - INFO - 投票结果: 选择路径 0, 答案: 3, 置信度: 1.0
2025-08-04 14:47:39,751 - INFO - 投票结果: 选择路径 0, 答案: 104, 置信度: 0.9
2025-08-04 14:47:39,751 - INFO - 投票结果: 选择路径 0, 答案: 5, 置信度: 1.0
2025-08-04 14:47:39,751 - INFO - 投票结果: 选择路径 2, 答案: 5, 置信度: 0.3
2025-08-04 14:47:39,751 - INFO - 投票结果: 选择路径 0, 答案: 6, 置信度: 1.0
2025-08-04 14:47:39,751 - INFO - 投票结果: 选择路径 1, 答案: 40, 置信度: 0.7
2025-08-04 14:47:39,751 - INFO - 投票结果: 选择路径 0, 答案: 10, 置信度: 0.9
2025-08-04 14:47:39,752 - INFO - 投票结果: 选择路径 0, 答案: 9, 置信度: 1.0
2025-08-04 14:47:39,752 - INFO - 投票结果: 选择路径 0, 答案: 5, 置信度: 1.0
2025-08-04 14:47:39,752 - INFO - 投票结果: 选择路径 0, 答案: 16, 置信度: 0.9
2025-08-04 14:47:39,752 - INFO - 投票结果: 选择路径 0, 答案: 296, 置信度: 0.9
2025-08-04 14:47:39,752 - INFO - 投票结果: 选择路径 0, 答案: 750, 置信度: 0.5
2025-08-04 14:47:39,752 - INFO - 投票结果: 选择路径 0, 答案: 12, 置信度: 0.5
2025-08-04 14:47:39,752 - INFO - 投票结果: 选择路径 0, 答案: 4, 置信度: 1.0
2025-08-04 14:47:39,752 - INFO - 投票结果: 选择路径 0, 答案: 25, 置信度: 0.9
2025-08-04 14:47:39,753 - INFO - 投票结果: 选择路径 1, 答案: 210, 置信度: 0.4
2025-08-04 14:47:39,753 - INFO - 投票结果: 选择路径 0, 答案: 2, 置信度: 0.4
2025-08-04 14:47:39,753 - INFO - 投票结果: 选择路径 0, 答案: 35, 置信度: 0.8
2025-08-04 14:47:39,753 - INFO - 投票结果: 选择路径 0, 答案: 24, 置信度: 0.9
2025-08-04 14:47:39,753 - INFO - 投票结果: 选择路径 0, 答案: \frac{44}{3}, 置信度: 0.6
2025-08-04 14:47:39,753 - INFO - 投票结果: 选择路径 2, 答案: 69, 置信度: 0.8
2025-08-04 14:47:39,753 - INFO - 投票结果: 选择路径 0, 答案: 168, 置信度: 1.0
2025-08-04 14:47:39,754 - INFO - 投票结果: 选择路径 0, 答案: 20, 置信度: 1.0
2025-08-04 14:47:39,754 - INFO - 投票结果: 选择路径 0, 答案: 4, 置信度: 1.0
2025-08-04 14:47:39,754 - INFO - 投票结果: 选择路径 0, 答案: 1596, 置信度: 1.0
2025-08-04 14:47:39,754 - INFO - 投票结果: 选择路径 0, 答案: 120, 置信度: 0.2
2025-08-04 14:47:39,754 - INFO - 投票结果: 选择路径 0, 答案: 20, 置信度: 1.0
2025-08-04 14:47:39,754 - INFO - 投票结果: 选择路径 0, 答案: 2, 置信度: 1.0
2025-08-04 14:47:39,754 - INFO - 投票结果: 选择路径 0, 答案: 7, 置信度: 0.4
2025-08-04 14:47:39,754 - INFO - 投票结果: 选择路径 2, 答案: 3140, 置信度: 0.7
2025-08-04 14:47:39,755 - INFO - 投票结果: 选择路径 0, 答案: 4, 置信度: 1.0
2025-08-04 14:47:39,755 - INFO - 投票结果: 选择路径 0, 答案: 81, 置信度: 1.0
2025-08-04 14:47:39,755 - INFO - 投票结果: 选择路径 3, 答案: 52, 置信度: 0.4
2025-08-04 14:47:39,755 - INFO - 投票结果: 选择路径 0, 答案: 1400, 置信度: 0.9
2025-08-04 14:47:39,755 - INFO - 投票结果: 选择路径 5, 答案: 25, 置信度: 0.3
2025-08-04 14:47:39,755 - INFO - 投票结果: 选择路径 1, 答案: 30, 置信度: 0.8
2025-08-04 14:47:39,755 - INFO - 投票结果: 选择路径 0, 答案: 26, 置信度: 1.0
2025-08-04 14:47:39,756 - INFO - 投票结果: 选择路径 0, 答案: 13, 置信度: 1.0
2025-08-04 14:47:39,756 - INFO - 投票结果: 选择路径 1, 答案: 623, 置信度: 0.6
2025-08-04 14:47:39,756 - INFO - 投票结果: 选择路径 0, 答案: 92, 置信度: 1.0
2025-08-04 14:47:39,756 - INFO - 投票结果: 选择路径 0, 答案: 42, 置信度: 0.6
2025-08-04 14:47:39,756 - INFO - 投票结果: 选择路径 0, 答案: 55, 置信度: 1.0
2025-08-04 14:47:39,756 - INFO - 投票结果: 选择路径 0, 答案: 90, 置信度: 1.0
2025-08-04 14:47:39,756 - INFO - 投票结果: 选择路径 0, 答案: 75, 置信度: 0.5
2025-08-04 14:47:39,756 - INFO - 投票结果: 选择路径 0, 答案: 10, 置信度: 1.0
2025-08-04 14:47:39,757 - INFO - 投票结果: 选择路径 0, 答案: 70, 置信度: 1.0
2025-08-04 14:47:39,757 - INFO - 投票结果: 选择路径 0, 答案: 3, 置信度: 0.3
2025-08-04 14:47:39,757 - INFO - 投票结果: 选择路径 0, 答案: 2450, 置信度: 0.9
2025-08-04 14:47:39,757 - INFO - 投票结果: 选择路径 0, 答案: 20, 置信度: 0.4
2025-08-04 14:47:39,757 - INFO - 投票结果: 选择路径 0, 答案: 378000, 置信度: 0.4
2025-08-04 14:47:39,757 - INFO - 投票结果: 选择路径 0, 答案: 38, 置信度: 0.9
2025-08-04 14:47:39,758 - INFO - 投票结果: 选择路径 0, 答案: 300, 置信度: 1.0
2025-08-04 14:47:39,758 - INFO - 投票结果: 选择路径 0, 答案: 75, 置信度: 0.9
2025-08-04 14:47:39,758 - INFO - 投票结果: 选择路径 5, 答案: 360, 置信度: 0.4
2025-08-04 14:47:39,758 - INFO - 投票结果: 选择路径 0, 答案: 18, 置信度: 0.9
2025-08-04 14:47:39,758 - INFO - 投票结果: 选择路径 0, 答案: 9500, 置信度: 1.0
2025-08-04 14:47:39,758 - INFO - 投票结果: 选择路径 0, 答案: 7, 置信度: 1.0
2025-08-04 14:47:39,758 - INFO - 投票结果: 选择路径 0, 答案: 336, 置信度: 1.0
2025-08-04 14:47:39,759 - INFO - 投票结果: 选择路径 2, 答案: 48, 置信度: 0.3
2025-08-04 14:47:39,759 - INFO - 投票结果: 选择路径 0, 答案: 78, 置信度: 1.0
2025-08-04 14:47:39,759 - INFO - 投票结果: 选择路径 0, 答案: 155, 置信度: 0.5
2025-08-04 14:47:39,759 - INFO - 投票结果: 选择路径 0, 答案: 15, 置信度: 0.6
2025-08-04 14:47:39,759 - INFO - 投票结果: 选择路径 0, 答案: 375, 置信度: 0.9
2025-08-04 14:47:39,759 - INFO - 投票结果: 选择路径 3, 答案: 54, 置信度: 0.5
2025-08-04 14:47:39,759 - INFO - 投票结果: 选择路径 0, 答案: 6400, 置信度: 0.5
2025-08-04 14:47:39,759 - INFO - 投票结果: 选择路径 1, 答案: 14, 置信度: 0.3
2025-08-04 14:47:39,760 - INFO - 投票结果: 选择路径 0, 答案: 84, 置信度: 0.5
2025-08-04 14:47:39,760 - INFO - 投票结果: 选择路径 0, 答案: 100, 置信度: 0.3
2025-08-04 14:47:39,760 - INFO - 投票结果: 选择路径 0, 答案: 450, 置信度: 0.8
2025-08-04 14:47:39,760 - INFO - 投票结果: 选择路径 0, 答案: 5800, 置信度: 0.5
2025-08-04 14:47:39,760 - INFO - 投票结果: 选择路径 2, 答案: 18, 置信度: 0.5
2025-08-04 14:47:39,760 - INFO - 投票结果: 选择路径 0, 答案: 6, 置信度: 1.0
2025-08-04 14:47:39,760 - INFO - 投票结果: 选择路径 0, 答案: 1200, 置信度: 0.8
2025-08-04 14:47:39,761 - INFO - 投票结果: 选择路径 0, 答案: 24, 置信度: 0.6
2025-08-04 14:47:39,761 - INFO - 投票结果: 选择路径 0, 答案: 14, 置信度: 0.4
2025-08-04 14:47:39,761 - INFO - 投票结果: 选择路径 1, 答案: 28.33, 置信度: 0.4
2025-08-04 14:47:39,761 - INFO - 投票结果: 选择路径 0, 答案: 230, 置信度: 0.7
2025-08-04 14:47:39,761 - INFO - 投票结果: 选择路径 1, 答案: 11.43, 置信度: 0.5
2025-08-04 14:47:39,761 - INFO - 投票结果: 选择路径 0, 答案: 32, 置信度: 0.4
2025-08-04 14:47:39,761 - INFO - 投票结果: 选择路径 0, 答案: 14, 置信度: 0.7
2025-08-04 14:47:39,761 - INFO - 投票结果: 选择路径 0, 答案: 20, 置信度: 1.0
2025-08-04 14:47:39,762 - INFO - 投票结果: 选择路径 0, 答案: 60, 置信度: 0.6
2025-08-04 14:47:39,762 - INFO - 投票结果: 选择路径 0, 答案: 3, 置信度: 0.9
2025-08-04 14:47:39,762 - INFO - 投票结果: 选择路径 3, 答案: 162, 置信度: 0.2
2025-08-04 14:47:39,762 - INFO - 投票结果: 选择路径 0, 答案: 64, 置信度: 0.8
2025-08-04 14:47:39,762 - INFO - 投票结果: 选择路径 0, 答案: 48, 置信度: 1.0
2025-08-04 14:47:39,762 - INFO - 投票结果: 选择路径 0, 答案: 4, 置信度: 1.0
2025-08-04 14:47:39,762 - INFO - 投票结果: 选择路径 0, 答案: 23, 置信度: 0.5
2025-08-04 14:47:39,763 - INFO - 投票结果: 选择路径 0, 答案: 28, 置信度: 0.5
2025-08-04 14:47:39,763 - INFO - 投票结果: 选择路径 3, 答案: 15.6, 置信度: 0.2
2025-08-04 14:47:39,763 - INFO - 投票结果: 选择路径 0, 答案: 144, 置信度: 1.0
2025-08-04 14:47:39,763 - INFO - 投票结果: 选择路径 1, 答案: 560, 置信度: 0.4
2025-08-04 14:47:39,763 - INFO - 投票结果: 选择路径 0, 答案: 428, 置信度: 0.9
2025-08-04 14:47:39,763 - INFO - 投票结果: 选择路径 0, 答案: 665, 置信度: 1.0
2025-08-04 14:47:39,765 - INFO - 投票结果: 选择路径 0, 答案: 1000, 置信度: 0.3
2025-08-04 14:47:39,765 - INFO - 投票结果: 选择路径 1, 答案: 2.50, 置信度: 0.3
2025-08-04 14:47:39,765 - INFO - 投票结果: 选择路径 0, 答案: 90, 置信度: 0.8
2025-08-04 14:47:39,765 - INFO - 投票结果: 选择路径 0, 答案: 570, 置信度: 1.0
2025-08-04 14:47:39,765 - INFO - 投票结果: 选择路径 0, 答案: 5, 置信度: 1.0
2025-08-04 14:47:39,765 - INFO - 投票结果: 选择路径 1, 答案: 86, 置信度: 0.5
2025-08-04 14:47:39,765 - INFO - 投票结果: 选择路径 0, 答案: 160, 置信度: 1.0
2025-08-04 14:47:39,766 - INFO - 投票结果: 选择路径 0, 答案: 6, 置信度: 1.0
2025-08-04 14:47:39,766 - INFO - 投票结果: 选择路径 0, 答案: 6000, 置信度: 1.0
2025-08-04 14:47:39,766 - INFO - 投票结果: 选择路径 1, 答案: 800, 置信度: 0.7
2025-08-04 14:47:39,766 - INFO - 投票结果: 选择路径 0, 答案: 1, 置信度: 1.0
2025-08-04 14:47:39,766 - INFO - 投票结果: 选择路径 1, 答案: 4, 置信度: 0.4
2025-08-04 14:47:39,766 - INFO - 投票结果: 选择路径 0, 答案: 31, 置信度: 0.7
2025-08-04 14:47:39,766 - INFO - 投票结果: 选择路径 0, 答案: 276000, 置信度: 1.0
2025-08-04 14:47:39,766 - INFO - 投票结果: 选择路径 0, 答案: 482, 置信度: 0.8
2025-08-04 14:47:39,767 - INFO - 投票结果: 选择路径 0, 答案: 100, 置信度: 1.0
2025-08-04 14:47:39,767 - INFO - 投票结果: 选择路径 0, 答案: 21, 置信度: 1.0
2025-08-04 14:47:39,767 - INFO - 投票结果: 选择路径 0, 答案: 40, 置信度: 1.0
2025-08-04 14:47:39,767 - INFO - 投票结果: 选择路径 0, 答案: 180000, 置信度: 0.9
2025-08-04 14:47:39,767 - INFO - 投票结果: 选择路径 0, 答案: 14, 置信度: 0.9
2025-08-04 14:47:39,767 - INFO - 投票结果: 选择路径 1, 答案: 54, 置信度: 0.8
2025-08-04 14:47:39,767 - INFO - 投票结果: 选择路径 0, 答案: 5, 置信度: 0.9
2025-08-04 14:47:39,768 - INFO - 投票结果: 选择路径 0, 答案: 48, 置信度: 0.9
2025-08-04 14:47:39,768 - INFO - 投票结果: 选择路径 2, 答案: 390, 置信度: 0.7
2025-08-04 14:47:39,768 - INFO - 投票结果: 选择路径 0, 答案: 22, 置信度: 1.0
2025-08-04 14:47:39,768 - INFO - 投票结果: 选择路径 0, 答案: 12, 置信度: 0.6
2025-08-04 14:47:39,768 - INFO - 投票结果: 选择路径 0, 答案: 18000, 置信度: 0.8
2025-08-04 14:47:39,768 - INFO - 投票结果: 选择路径 0, 答案: 8642, 置信度: 1.0
2025-08-04 14:47:39,768 - INFO - 投票结果: 选择路径 0, 答案: 10, 置信度: 0.9
2025-08-04 14:47:39,768 - INFO - 投票结果: 选择路径 4, 答案: 36, 置信度: 0.4
2025-08-04 14:47:39,769 - INFO - 投票结果: 选择路径 0, 答案: 22, 置信度: 1.0
2025-08-04 14:47:39,769 - INFO - 投票结果: 选择路径 0, 答案: 61, 置信度: 0.5
2025-08-04 14:47:39,769 - INFO - 投票结果: 选择路径 0, 答案: 10, 置信度: 1.0
2025-08-04 14:47:39,769 - INFO - 投票结果: 选择路径 0, 答案: 15, 置信度: 0.9
2025-08-04 14:47:39,769 - INFO - 投票结果: 选择路径 0, 答案: 14, 置信度: 1.0
2025-08-04 14:47:39,769 - INFO - 投票结果: 选择路径 0, 答案: 14, 置信度: 1.0
2025-08-04 14:47:39,769 - INFO - 投票结果: 选择路径 0, 答案: 4, 置信度: 1.0
2025-08-04 14:47:39,769 - INFO - 投票结果: 选择路径 0, 答案: 3000, 置信度: 1.0
2025-08-04 14:47:39,770 - INFO - 投票结果: 选择路径 3, 答案: 3, 置信度: 0.4
2025-08-04 14:47:39,770 - INFO - 投票结果: 选择路径 2, 答案: 446, 置信度: 0.3
2025-08-04 14:47:39,770 - INFO - 投票结果: 选择路径 0, 答案: 1080, 置信度: 1.0
2025-08-04 14:47:39,770 - INFO - 投票结果: 选择路径 0, 答案: 84, 置信度: 0.8
2025-08-04 14:47:39,770 - INFO - 投票结果: 选择路径 1, 答案: 91, 置信度: 0.9
2025-08-04 14:47:39,770 - INFO - 投票结果: 选择路径 0, 答案: 18, 置信度: 1.0
2025-08-04 14:47:39,770 - INFO - 投票结果: 选择路径 0, 答案: 180, 置信度: 1.0
2025-08-04 14:47:39,771 - INFO - 投票结果: 选择路径 0, 答案: 350, 置信度: 0.5
2025-08-04 14:47:39,771 - INFO - 投票结果: 选择路径 0, 答案: 6, 置信度: 0.5
2025-08-04 14:47:39,771 - INFO - 投票结果: 选择路径 0, 答案: 129200, 置信度: 1.0
2025-08-04 14:47:39,771 - INFO - 投票结果: 选择路径 0, 答案: 10, 置信度: 1.0
2025-08-04 14:47:39,771 - INFO - 投票结果: 选择路径 0, 答案: 14, 置信度: 1.0
2025-08-04 14:47:39,771 - INFO - 投票结果: 选择路径 0, 答案: 12, 置信度: 1.0
2025-08-04 14:47:39,771 - INFO - 投票结果: 选择路径 1, 答案: 68, 置信度: 0.7
2025-08-04 14:47:39,772 - INFO - 投票结果: 选择路径 0, 答案: 58, 置信度: 0.9
2025-08-04 14:47:39,772 - INFO - 投票结果: 选择路径 0, 答案: 40, 置信度: 0.9
2025-08-04 14:47:39,772 - INFO - 投票结果: 选择路径 0, 答案: 132, 置信度: 1.0
2025-08-04 14:47:39,772 - INFO - 投票结果: 选择路径 0, 答案: 120, 置信度: 1.0
2025-08-04 14:47:39,772 - INFO - 投票结果: 选择路径 0, 答案: 120, 置信度: 1.0
2025-08-04 14:47:39,772 - INFO - 投票结果: 选择路径 1, 答案: 120, 置信度: 0.8
2025-08-04 14:47:39,772 - INFO - 投票结果: 选择路径 0, 答案: 15, 置信度: 1.0
2025-08-04 14:47:39,772 - INFO - 投票结果: 选择路径 0, 答案: 576, 置信度: 0.9
2025-08-04 14:47:39,773 - INFO - 投票结果: 选择路径 0, 答案: 5, 置信度: 0.9
2025-08-04 14:47:39,773 - INFO - 投票结果: 选择路径 0, 答案: 20, 置信度: 1.0
2025-08-04 14:47:39,773 - INFO - 投票结果: 选择路径 0, 答案: 40, 置信度: 0.6
2025-08-04 14:47:39,773 - INFO - 投票结果: 选择路径 0, 答案: 23, 置信度: 0.9
2025-08-04 14:47:39,773 - INFO - 投票结果: 选择路径 0, 答案: 156, 置信度: 0.8
2025-08-04 14:47:39,773 - INFO - 投票结果: 选择路径 0, 答案: 280, 置信度: 0.8
2025-08-04 14:47:39,773 - INFO - 投票结果: 选择路径 0, 答案: 32, 置信度: 0.4
2025-08-04 14:47:39,774 - INFO - 投票结果: 选择路径 0, 答案: 2, 置信度: 1.0
2025-08-04 14:47:39,774 - INFO - 投票结果: 选择路径 0, 答案: 120, 置信度: 1.0
2025-08-04 14:47:39,774 - INFO - 投票结果: 选择路径 0, 答案: 52, 置信度: 0.5
2025-08-04 14:47:39,774 - INFO - 投票结果: 选择路径 0, 答案: 15, 置信度: 1.0
2025-08-04 14:47:39,774 - INFO - 投票结果: 选择路径 0, 答案: 9, 置信度: 1.0
2025-08-04 14:47:39,774 - INFO - 投票结果: 选择路径 1, 答案: 25, 置信度: 0.3
2025-08-04 14:47:39,774 - INFO - 投票结果: 选择路径 0, 答案: 20, 置信度: 0.8
2025-08-04 14:47:39,774 - INFO - 投票结果: 选择路径 0, 答案: 30, 置信度: 0.7
2025-08-04 14:47:39,775 - INFO - 投票结果: 选择路径 0, 答案: 60, 置信度: 0.4
2025-08-04 14:47:39,775 - INFO - 投票结果: 选择路径 0, 答案: 5, 置信度: 1.0
2025-08-04 14:47:39,775 - INFO - 投票结果: 选择路径 0, 答案: 5, 置信度: 0.8
2025-08-04 14:47:39,775 - INFO - 投票结果: 选择路径 0, 答案: 80, 置信度: 1.0
2025-08-04 14:47:39,775 - INFO - 投票结果: 选择路径 0, 答案: 38, 置信度: 0.8
2025-08-04 14:47:39,775 - INFO - 投票结果: 选择路径 0, 答案: 42, 置信度: 0.9
2025-08-04 14:47:39,775 - INFO - 投票结果: 选择路径 0, 答案: 3, 置信度: 1.0
2025-08-04 14:47:39,776 - INFO - 投票结果: 选择路径 0, 答案: 50, 置信度: 1.0
2025-08-04 14:47:39,776 - INFO - 投票结果: 选择路径 0, 答案: 17, 置信度: 1.0
2025-08-04 14:47:39,776 - INFO - 投票结果: 选择路径 0, 答案: 19, 置信度: 0.2
2025-08-04 14:47:39,776 - INFO - 投票结果: 选择路径 0, 答案: 20, 置信度: 0.8
2025-08-04 14:47:39,776 - INFO - 投票结果: 选择路径 0, 答案: 120, 置信度: 0.5
2025-08-04 14:47:39,776 - INFO - 投票结果: 选择路径 2, 答案: 20, 置信度: 0.4
2025-08-04 14:47:39,776 - INFO - 投票结果: 选择路径 0, 答案: 45, 置信度: 1.0
2025-08-04 14:47:39,777 - INFO - 投票结果: 选择路径 0, 答案: 11, 置信度: 0.6
2025-08-04 14:47:39,777 - INFO - 投票结果: 选择路径 0, 答案: 10, 置信度: 1.0
2025-08-04 14:47:39,777 - INFO - 投票结果: 选择路径 4, 答案: 318, 置信度: 0.4
2025-08-04 14:47:39,777 - INFO - 投票结果: 选择路径 0, 答案: 92, 置信度: 1.0
2025-08-04 14:47:39,777 - INFO - 投票结果: 选择路径 0, 答案: 70, 置信度: 1.0
2025-08-04 14:47:39,777 - INFO - 投票结果: 选择路径 1, 答案: 74, 置信度: 0.6
2025-08-04 14:47:39,777 - INFO - 投票结果: 选择路径 0, 答案: 1509, 置信度: 1.0
2025-08-04 14:47:39,777 - INFO - 投票结果: 选择路径 0, 答案: 2, 置信度: 0.9
2025-08-04 14:47:39,778 - INFO - 投票结果: 选择路径 0, 答案: 1, 置信度: 1.0
2025-08-04 14:47:39,778 - INFO - 投票结果: 选择路径 0, 答案: 1170, 置信度: 1.0
2025-08-04 14:47:39,778 - INFO - 投票结果: 选择路径 0, 答案: 28, 置信度: 0.9
2025-08-04 14:47:39,778 - INFO - 投票结果: 选择路径 0, 答案: 20, 置信度: 0.8
2025-08-04 14:47:39,778 - INFO - 投票结果: 选择路径 0, 答案: 20, 置信度: 1.0
2025-08-04 14:47:39,778 - INFO - 投票结果: 选择路径 2, 答案: 65960, 置信度: 0.5
2025-08-04 14:47:39,778 - INFO - 投票结果: 选择路径 1, 答案: 16, 置信度: 0.2
2025-08-04 14:47:39,779 - INFO - 投票结果: 选择路径 0, 答案: 575, 置信度: 1.0
2025-08-04 14:47:39,779 - INFO - 投票结果: 选择路径 0, 答案: 60, 置信度: 1.0
2025-08-04 14:47:39,779 - INFO - 投票结果: 选择路径 1, 答案: 4200, 置信度: 0.7
2025-08-04 14:47:39,779 - INFO - 投票结果: 选择路径 2, 答案: 23, 置信度: 0.4
2025-08-04 14:47:39,779 - INFO - 投票结果: 选择路径 0, 答案: 71, 置信度: 0.7
2025-08-04 14:47:39,779 - INFO - 投票结果: 选择路径 0, 答案: 70, 置信度: 0.9
2025-08-04 14:47:39,779 - INFO - 投票结果: 选择路径 1, 答案: 25, 置信度: 0.7
2025-08-04 14:47:39,779 - INFO - 投票结果: 选择路径 0, 答案: 160, 置信度: 0.8
2025-08-04 14:47:39,780 - INFO - 投票结果: 选择路径 1, 答案: 398, 置信度: 0.7
2025-08-04 14:47:39,780 - INFO - 投票结果: 选择路径 0, 答案: 5, 置信度: 1.0
2025-08-04 14:47:39,780 - INFO - 投票结果: 选择路径 1, 答案: 42000, 置信度: 0.9
2025-08-04 14:47:39,780 - INFO - 投票结果: 选择路径 1, 答案: 39, 置信度: 0.6
2025-08-04 14:47:39,780 - INFO - 投票结果: 选择路径 0, 答案: 20, 置信度: 0.5
2025-08-04 14:47:39,780 - INFO - 投票结果: 选择路径 1, 答案: 2, 置信度: 0.3
2025-08-04 14:47:39,780 - INFO - 投票结果: 选择路径 0, 答案: 40, 置信度: 0.8
2025-08-04 14:47:39,780 - INFO - 投票结果: 选择路径 0, 答案: 100, 置信度: 1.0
2025-08-04 14:47:39,781 - INFO - 投票结果: 选择路径 0, 答案: 60, 置信度: 1.0
2025-08-04 14:47:39,781 - INFO - 投票结果: 选择路径 0, 答案: 100, 置信度: 1.0
2025-08-04 14:47:39,781 - INFO - 投票结果: 选择路径 0, 答案: 72, 置信度: 1.0
2025-08-04 14:47:39,781 - INFO - 投票结果: 选择路径 0, 答案: 20, 置信度: 0.7
2025-08-04 14:47:39,781 - INFO - 投票结果: 选择路径 0, 答案: 6277, 置信度: 0.9
2025-08-04 14:47:39,781 - INFO - 投票结果: 选择路径 0, 答案: 15, 置信度: 0.3
2025-08-04 14:47:39,781 - INFO - 投票结果: 选择路径 0, 答案: 26, 置信度: 0.9
2025-08-04 14:47:39,782 - INFO - 投票结果: 选择路径 1, 答案: 5, 置信度: 0.3
2025-08-04 14:47:39,782 - INFO - 投票结果: 选择路径 0, 答案: 12, 置信度: 0.8
2025-08-04 14:47:39,782 - INFO - 投票结果: 选择路径 0, 答案: 60, 置信度: 0.2
2025-08-04 14:47:39,782 - INFO - 投票结果: 选择路径 1, 答案: 20, 置信度: 0.5
2025-08-04 14:47:39,782 - INFO - 投票结果: 选择路径 0, 答案: 32, 置信度: 1.0
2025-08-04 14:47:39,782 - INFO - 投票结果: 选择路径 0, 答案: 20, 置信度: 1.0
2025-08-04 14:47:39,782 - INFO - 投票结果: 选择路径 0, 答案: 20, 置信度: 1.0
2025-08-04 14:47:39,782 - INFO - 投票结果: 选择路径 0, 答案: 320, 置信度: 1.0
2025-08-04 14:47:39,783 - INFO - 投票结果: 选择路径 0, 答案: 77, 置信度: 1.0
2025-08-04 14:47:39,783 - INFO - 投票结果: 选择路径 0, 答案: 9, 置信度: 0.7
2025-08-04 14:47:39,783 - INFO - 投票结果: 选择路径 1, 答案: 1, 置信度: 0.5
2025-08-04 14:47:39,783 - INFO - 投票结果: 选择路径 0, 答案: 1248, 置信度: 0.7
2025-08-04 14:47:39,783 - INFO - 投票结果: 选择路径 0, 答案: 15, 置信度: 1.0
2025-08-04 14:47:39,783 - INFO - 投票结果: 选择路径 0, 答案: 16, 置信度: 1.0
2025-08-04 14:47:39,783 - INFO - 投票结果: 选择路径 0, 答案: 2, 置信度: 1.0
2025-08-04 14:47:39,784 - INFO - 投票结果: 选择路径 0, 答案: 70, 置信度: 0.3
2025-08-04 14:47:39,784 - INFO - 投票结果: 选择路径 0, 答案: 60, 置信度: 1.0
2025-08-04 14:47:39,784 - INFO - 投票结果: 选择路径 1, 答案: 150, 置信度: 0.3
2025-08-04 14:47:39,784 - INFO - 投票结果: 选择路径 0, 答案: 84, 置信度: 0.9
2025-08-04 14:47:39,785 - INFO - 投票结果: 选择路径 0, 答案: 0.3317, 置信度: 0.1
2025-08-04 14:47:39,785 - INFO - 投票结果: 选择路径 0, 答案: 300, 置信度: 0.8
2025-08-04 14:47:39,785 - INFO - 投票结果: 选择路径 0, 答案: 50, 置信度: 1.0
2025-08-04 14:47:39,785 - INFO - 投票结果: 选择路径 0, 答案: 14, 置信度: 0.9
2025-08-04 14:47:39,785 - INFO - 投票结果: 选择路径 4, 答案: 291, 置信度: 0.4
2025-08-04 14:47:39,785 - INFO - 投票结果: 选择路径 0, 答案: 12, 置信度: 1.0
2025-08-04 14:47:39,785 - INFO - 投票结果: 选择路径 0, 答案: 1240, 置信度: 1.0
2025-08-04 14:47:39,785 - INFO - 投票结果: 选择路径 0, 答案: 8, 置信度: 1.0
2025-08-04 14:47:39,786 - INFO - 投票结果: 选择路径 0, 答案: 107, 置信度: 0.3
2025-08-04 14:47:39,786 - INFO - 投票结果: 选择路径 1, 答案: 2, 置信度: 0.7
2025-08-04 14:47:39,786 - INFO - 投票结果: 选择路径 0, 答案: 2, 置信度: 1.0
2025-08-04 14:47:39,786 - INFO - 投票结果: 选择路径 0, 答案: 268, 置信度: 0.3
2025-08-04 14:47:39,786 - INFO - 投票结果: 选择路径 0, 答案: 160, 置信度: 1.0
2025-08-04 14:47:39,786 - INFO - 投票结果: 选择路径 3, 答案: 1128, 置信度: 0.3
2025-08-04 14:47:39,786 - INFO - 投票结果: 选择路径 0, 答案: 6250, 置信度: 1.0
2025-08-04 14:47:39,787 - INFO - 投票结果: 选择路径 0, 答案: 5, 置信度: 1.0
2025-08-04 14:47:39,787 - INFO - 投票结果: 选择路径 1, 答案: 500, 置信度: 0.8
2025-08-04 14:47:39,787 - INFO - 投票结果: 选择路径 1, 答案: 2, 置信度: 0.4
2025-08-04 14:47:39,787 - INFO - 投票结果: 选择路径 0, 答案: 34, 置信度: 1.0
2025-08-04 14:47:39,787 - INFO - 投票结果: 选择路径 0, 答案: 60, 置信度: 1.0
2025-08-04 14:47:39,787 - INFO - 投票结果: 选择路径 0, 答案: 10, 置信度: 0.2
2025-08-04 14:47:39,787 - INFO - 投票结果: 选择路径 0, 答案: 56, 置信度: 1.0
2025-08-04 14:47:39,787 - INFO - 投票结果: 选择路径 0, 答案: 74, 置信度: 1.0
2025-08-04 14:47:39,788 - INFO - 投票结果: 选择路径 0, 答案: 5, 置信度: 0.9
2025-08-04 14:47:39,788 - INFO - 投票结果: 选择路径 0, 答案: 600, 置信度: 0.8
2025-08-04 14:47:39,788 - INFO - 投票结果: 选择路径 0, 答案: 20, 置信度: 0.7
2025-08-04 14:47:39,788 - INFO - 投票结果: 选择路径 0, 答案: 23, 置信度: 1.0
2025-08-04 14:47:39,788 - INFO - 投票结果: 选择路径 0, 答案: 20, 置信度: 1.0
2025-08-04 14:47:39,788 - INFO - 投票结果: 选择路径 0, 答案: 80, 置信度: 0.8
2025-08-04 14:47:39,788 - INFO - 投票结果: 选择路径 0, 答案: 43, 置信度: 1.0
2025-08-04 14:47:39,788 - INFO - 投票结果: 选择路径 0, 答案: 720, 置信度: 1.0
2025-08-04 14:47:39,789 - INFO - 投票结果: 选择路径 0, 答案: 4, 置信度: 0.9
2025-08-04 14:47:39,789 - INFO - 投票结果: 选择路径 0, 答案: 9, 置信度: 1.0
2025-08-04 14:47:39,789 - INFO - 投票结果: 选择路径 0, 答案: 40, 置信度: 0.3
2025-08-04 14:47:39,789 - INFO - 投票结果: 选择路径 0, 答案: 8, 置信度: 1.0
2025-08-04 14:47:39,789 - INFO - 投票结果: 选择路径 0, 答案: 16, 置信度: 0.8
2025-08-04 14:47:39,789 - INFO - 投票结果: 选择路径 2, 答案: 4, 置信度: 0.3
2025-08-04 14:47:39,789 - INFO - 投票结果: 选择路径 0, 答案: 47, 置信度: 0.8
2025-08-04 14:47:39,790 - INFO - 投票结果: 选择路径 0, 答案: 240000, 置信度: 1.0
2025-08-04 14:47:39,790 - INFO - 投票结果: 选择路径 0, 答案: 14, 置信度: 0.6
2025-08-04 14:47:39,790 - INFO - 投票结果: 选择路径 0, 答案: 26, 置信度: 1.0
2025-08-04 14:47:39,790 - INFO - 投票结果: 选择路径 1, 答案: 2.67, 置信度: 0.5
2025-08-04 14:47:39,790 - INFO - 投票结果: 选择路径 0, 答案: 25, 置信度: 0.4
2025-08-04 14:47:39,790 - INFO - 投票结果: 选择路径 0, 答案: 5, 置信度: 0.9
2025-08-04 14:47:39,790 - INFO - 投票结果: 选择路径 0, 答案: 5, 置信度: 1.0
2025-08-04 14:47:39,790 - INFO - 投票结果: 选择路径 1, 答案: 260, 置信度: 0.6
2025-08-04 14:47:39,791 - INFO - 投票结果: 选择路径 0, 答案: 67, 置信度: 0.9
2025-08-04 14:47:39,791 - INFO - 投票结果: 选择路径 0, 答案: 144, 置信度: 0.9
2025-08-04 14:47:39,791 - INFO - 投票结果: 选择路径 0, 答案: 75, 置信度: 1.0
2025-08-04 14:47:39,791 - INFO - 投票结果: 选择路径 0, 答案: 3, 置信度: 1.0
2025-08-04 14:47:39,791 - INFO - 投票结果: 选择路径 0, 答案: 4, 置信度: 1.0
2025-08-04 14:47:39,791 - INFO - 投票结果: 选择路径 0, 答案: 2000, 置信度: 1.0
2025-08-04 14:47:39,791 - INFO - 投票结果: 选择路径 0, 答案: 8, 置信度: 0.6
2025-08-04 14:47:39,792 - INFO - 投票结果: 选择路径 0, 答案: 8, 置信度: 1.0
2025-08-04 14:47:39,792 - INFO - 投票结果: 选择路径 0, 答案: 100, 置信度: 1.0
2025-08-04 14:47:39,792 - INFO - 投票结果: 选择路径 0, 答案: 60, 置信度: 0.7
2025-08-04 14:47:39,792 - INFO - 投票结果: 选择路径 0, 答案: 460, 置信度: 1.0
2025-08-04 14:47:39,792 - INFO - 投票结果: 选择路径 0, 答案: 10, 置信度: 0.8
2025-08-04 14:47:39,792 - INFO - 投票结果: 选择路径 0, 答案: 750, 置信度: 0.9
2025-08-04 14:47:39,792 - INFO - 投票结果: 选择路径 0, 答案: 255, 置信度: 0.9
2025-08-04 14:47:39,792 - INFO - 投票结果: 选择路径 5, 答案: 240, 置信度: 0.4
2025-08-04 14:47:39,793 - INFO - 投票结果: 选择路径 0, 答案: 50, 置信度: 1.0
2025-08-04 14:47:39,793 - INFO - 投票结果: 选择路径 0, 答案: 60000, 置信度: 0.7
2025-08-04 14:47:39,793 - INFO - 投票结果: 选择路径 1, 答案: 97, 置信度: 0.6
2025-08-04 14:47:39,793 - INFO - 投票结果: 选择路径 1, 答案: 10, 置信度: 0.2
2025-08-04 14:47:39,793 - INFO - 投票结果: 选择路径 0, 答案: 75, 置信度: 0.4
2025-08-04 14:47:39,793 - INFO - 投票结果: 选择路径 0, 答案: 13, 置信度: 1.0
2025-08-04 14:47:39,793 - INFO - 投票结果: 选择路径 1, 答案: 4, 置信度: 0.5
2025-08-04 14:47:39,793 - INFO - 投票结果: 选择路径 2, 答案: 210, 置信度: 0.4
2025-08-04 14:47:39,794 - INFO - 投票结果: 选择路径 0, 答案: 540, 置信度: 1.0
2025-08-04 14:47:39,794 - INFO - 投票结果: 选择路径 0, 答案: 104, 置信度: 1.0
2025-08-04 14:47:39,794 - INFO - 投票结果: 选择路径 0, 答案: 27, 置信度: 1.0
2025-08-04 14:47:39,794 - INFO - 投票结果: 选择路径 0, 答案: 75, 置信度: 1.0
2025-08-04 14:47:39,794 - INFO - 投票结果: 选择路径 1, 答案: 291, 置信度: 0.2
2025-08-04 14:47:39,794 - INFO - 投票结果: 选择路径 2, 答案: 100, 置信度: 0.7
2025-08-04 14:47:39,794 - INFO - 投票结果: 选择路径 2, 答案: 348, 置信度: 0.7
2025-08-04 14:47:39,795 - INFO - 投票结果: 选择路径 0, 答案: 15, 置信度: 0.9
2025-08-04 14:47:39,795 - INFO - 投票结果: 选择路径 0, 答案: 247, 置信度: 0.5
2025-08-04 14:47:39,795 - INFO - 投票结果: 选择路径 0, 答案: 13, 置信度: 0.2
2025-08-04 14:47:39,795 - INFO - 投票结果: 选择路径 0, 答案: 85000, 置信度: 1.0
2025-08-04 14:47:39,795 - INFO - 投票结果: 选择路径 1, 答案: 20, 置信度: 0.3
2025-08-04 14:47:39,796 - INFO - 投票结果: 选择路径 0, 答案: 19, 置信度: 0.4
2025-08-04 14:47:39,796 - INFO - 投票结果: 选择路径 0, 答案: 18, 置信度: 1.0
2025-08-04 14:47:39,796 - INFO - 投票结果: 选择路径 0, 答案: 3, 置信度: 1.0
2025-08-04 14:47:39,796 - INFO - 投票结果: 选择路径 0, 答案: 12, 置信度: 1.0
2025-08-04 14:47:39,796 - INFO - 投票结果: 选择路径 4, 答案: 160000, 置信度: 0.4
2025-08-04 14:47:39,796 - INFO - 投票结果: 选择路径 0, 答案: 50, 置信度: 0.9
2025-08-04 14:47:39,796 - INFO - 投票结果: 选择路径 0, 答案: 76, 置信度: 1.0
2025-08-04 14:47:39,797 - INFO - 投票结果: 选择路径 0, 答案: 10, 置信度: 1.0
2025-08-04 14:47:39,797 - INFO - 投票结果: 选择路径 0, 答案: 17, 置信度: 0.8
2025-08-04 14:47:39,797 - INFO - 投票结果: 选择路径 0, 答案: 44, 置信度: 0.9
2025-08-04 14:47:39,797 - INFO - 投票结果: 选择路径 3, 答案: 76, 置信度: 0.6
2025-08-04 14:47:39,797 - INFO - 投票结果: 选择路径 0, 答案: 3, 置信度: 0.9
2025-08-04 14:47:39,797 - INFO - 投票结果: 选择路径 0, 答案: 40, 置信度: 1.0
2025-08-04 14:47:39,797 - INFO - 投票结果: 选择路径 0, 答案: 15, 置信度: 0.9
2025-08-04 14:47:39,797 - INFO - 投票结果: 选择路径 0, 答案: 10, 置信度: 0.8
2025-08-04 14:47:39,798 - INFO - 投票结果: 选择路径 0, 答案: 16, 置信度: 1.0
2025-08-04 14:47:39,798 - INFO - 投票结果: 选择路径 0, 答案: 28, 置信度: 0.7
2025-08-04 14:47:39,798 - INFO - 投票结果: 选择路径 0, 答案: 64, 置信度: 1.0
2025-08-04 14:47:39,798 - INFO - 投票结果: 选择路径 0, 答案: 1125, 置信度: 0.9
2025-08-04 14:47:39,798 - INFO - 投票结果: 选择路径 0, 答案: 8, 置信度: 1.0
2025-08-04 14:47:39,798 - INFO - 投票结果: 选择路径 0, 答案: 29, 置信度: 1.0
2025-08-04 14:47:39,798 - INFO - 投票结果: 选择路径 0, 答案: 16, 置信度: 1.0
2025-08-04 14:47:39,799 - INFO - 投票结果: 选择路径 1, 答案: 225, 置信度: 0.4
2025-08-04 14:47:39,799 - INFO - 投票结果: 选择路径 1, 答案: 72, 置信度: 0.3
2025-08-04 14:47:39,799 - INFO - 投票结果: 选择路径 0, 答案: 576, 置信度: 1.0
2025-08-04 14:47:39,799 - INFO - 投票结果: 选择路径 0, 答案: 34, 置信度: 1.0
2025-08-04 14:47:39,799 - INFO - 投票结果: 选择路径 0, 答案: 10, 置信度: 0.8
2025-08-04 14:47:39,800 - INFO - 投票结果: 选择路径 0, 答案: 9, 置信度: 1.0
2025-08-04 14:47:39,800 - INFO - 投票结果: 选择路径 0, 答案: 140, 置信度: 1.0
2025-08-04 14:47:39,800 - INFO - 投票结果: 选择路径 0, 答案: 50, 置信度: 0.4
2025-08-04 14:47:39,800 - INFO - 投票结果: 选择路径 1, 答案: 355, 置信度: 0.4
2025-08-04 14:47:39,800 - INFO - 投票结果: 选择路径 0, 答案: 16, 置信度: 1.0
2025-08-04 14:47:39,800 - INFO - 投票结果: 选择路径 0, 答案: 132, 置信度: 1.0
2025-08-04 14:47:39,800 - INFO - 投票结果: 选择路径 0, 答案: 64, 置信度: 1.0
2025-08-04 14:47:39,801 - INFO - 投票结果: 选择路径 0, 答案: 72, 置信度: 0.8
2025-08-04 14:47:39,801 - INFO - 投票结果: 选择路径 0, 答案: 8, 置信度: 0.9
2025-08-04 14:47:39,801 - INFO - 投票结果: 选择路径 0, 答案: 4, 置信度: 1.0
2025-08-04 14:47:39,801 - INFO - 投票结果: 选择路径 0, 答案: 160, 置信度: 0.4
2025-08-04 14:47:39,801 - INFO - 投票结果: 选择路径 2, 答案: 15, 置信度: 0.7
2025-08-04 14:47:39,801 - INFO - 投票结果: 选择路径 0, 答案: 539, 置信度: 0.8
2025-08-04 14:47:39,801 - INFO - 投票结果: 选择路径 0, 答案: 1460, 置信度: 0.2
2025-08-04 14:47:39,802 - INFO - 投票结果: 选择路径 0, 答案: 2, 置信度: 1.0
2025-08-04 14:47:39,802 - INFO - 投票结果: 选择路径 0, 答案: 15, 置信度: 0.8
2025-08-04 14:47:39,802 - INFO - 投票结果: 选择路径 0, 答案: 3, 置信度: 0.3
2025-08-04 14:47:39,802 - INFO - 投票结果: 选择路径 0, 答案: 15, 置信度: 0.6
2025-08-04 14:47:39,802 - INFO - 投票结果: 选择路径 1, 答案: 7425, 置信度: 0.6
2025-08-04 14:47:39,802 - INFO - 投票结果: 选择路径 0, 答案: 8, 置信度: 1.0
2025-08-04 14:47:39,802 - INFO - 投票结果: 选择路径 2, 答案: 6, 置信度: 0.4
2025-08-04 14:47:39,803 - INFO - 投票结果: 选择路径 0, 答案: 100, 置信度: 1.0
2025-08-04 14:47:39,803 - INFO - 投票结果: 选择路径 0, 答案: 36, 置信度: 1.0
2025-08-04 14:47:39,803 - INFO - 投票结果: 选择路径 5, 答案: 20, 置信度: 0.5
2025-08-04 14:47:39,803 - INFO - 投票结果: 选择路径 0, 答案: 32, 置信度: 1.0
2025-08-04 14:47:39,803 - INFO - 投票结果: 选择路径 0, 答案: 45, 置信度: 0.6
2025-08-04 14:47:39,803 - INFO - 投票结果: 选择路径 0, 答案: 27, 置信度: 0.8
2025-08-04 14:47:39,803 - INFO - 投票结果: 选择路径 0, 答案: 7.5, 置信度: 0.9
2025-08-04 14:47:39,803 - INFO - 投票结果: 选择路径 0, 答案: 98, 置信度: 1.0
2025-08-04 14:47:39,804 - INFO - 投票结果: 选择路径 0, 答案: 4, 置信度: 0.9
2025-08-04 14:47:39,804 - INFO - 投票结果: 选择路径 0, 答案: 6, 置信度: 0.6
2025-08-04 14:47:39,804 - INFO - 投票结果: 选择路径 0, 答案: 30, 置信度: 0.6
2025-08-04 14:47:39,804 - INFO - 投票结果: 选择路径 0, 答案: 10, 置信度: 1.0
2025-08-04 14:47:39,804 - INFO - 投票结果: 选择路径 0, 答案: 250, 置信度: 0.6
2025-08-04 14:47:39,804 - INFO - 投票结果: 选择路径 0, 答案: 312, 置信度: 0.7
2025-08-04 14:47:39,804 - INFO - 投票结果: 选择路径 0, 答案: 1375, 置信度: 1.0
2025-08-04 14:47:39,804 - INFO - 投票结果: 选择路径 0, 答案: 8, 置信度: 1.0
2025-08-04 14:47:39,805 - INFO - 投票结果: 选择路径 0, 答案: 262, 置信度: 0.4
2025-08-04 14:47:39,805 - INFO - 投票结果: 选择路径 0, 答案: 6, 置信度: 1.0
2025-08-04 14:47:39,805 - INFO - 投票结果: 选择路径 0, 答案: 840, 置信度: 1.0
2025-08-04 14:47:39,805 - INFO - 投票结果: 选择路径 0, 答案: 40, 置信度: 1.0
2025-08-04 14:47:39,805 - INFO - 投票结果: 选择路径 0, 答案: 84, 置信度: 0.1
2025-08-04 14:47:39,805 - INFO - 投票结果: 选择路径 0, 答案: 10, 置信度: 1.0
2025-08-04 14:47:39,805 - INFO - 投票结果: 选择路径 0, 答案: 490, 置信度: 0.7
2025-08-04 14:47:39,805 - INFO - 投票结果: 选择路径 0, 答案: 16, 置信度: 1.0
2025-08-04 14:47:39,806 - INFO - 投票结果: 选择路径 0, 答案: 17, 置信度: 1.0
2025-08-04 14:47:39,806 - INFO - 投票结果: 选择路径 0, 答案: 2, 置信度: 0.9
2025-08-04 14:47:39,806 - INFO - 投票结果: 选择路径 0, 答案: 14, 置信度: 1.0
2025-08-04 14:47:39,806 - INFO - 投票结果: 选择路径 0, 答案: 27, 置信度: 0.9
2025-08-04 14:47:39,806 - INFO - 投票结果: 选择路径 0, 答案: 84, 置信度: 1.0
2025-08-04 14:47:39,806 - INFO - 投票结果: 选择路径 0, 答案: 70, 置信度: 0.9
2025-08-04 14:47:39,806 - INFO - 投票结果: 选择路径 0, 答案: 20, 置信度: 1.0
2025-08-04 14:47:39,807 - INFO - 投票结果: 选择路径 0, 答案: 1095, 置信度: 0.3
2025-08-04 14:47:39,807 - INFO - 投票结果: 选择路径 0, 答案: 15, 置信度: 0.3
2025-08-04 14:47:39,807 - INFO - 投票结果: 选择路径 0, 答案: 736, 置信度: 0.8
2025-08-04 14:47:39,807 - INFO - 投票结果: 选择路径 0, 答案: 42, 置信度: 0.8
2025-08-04 14:47:39,807 - INFO - 投票结果: 选择路径 1, 答案: 9, 置信度: 0.3
2025-08-04 14:47:39,807 - INFO - 投票结果: 选择路径 1, 答案: 27, 置信度: 0.6
2025-08-04 14:47:39,808 - INFO - 投票结果: 选择路径 2, 答案: 465, 置信度: 0.4
2025-08-04 14:47:39,808 - INFO - 投票结果: 选择路径 0, 答案: 19, 置信度: 0.4
2025-08-04 14:47:39,808 - INFO - 投票结果: 选择路径 0, 答案: 360, 置信度: 1.0
2025-08-04 14:47:39,808 - INFO - 投票结果: 选择路径 0, 答案: 10800, 置信度: 1.0
2025-08-04 14:47:39,808 - INFO - 投票结果: 选择路径 0, 答案: 26, 置信度: 0.3
2025-08-04 14:47:39,809 - INFO - 投票结果: 选择路径 3, 答案: 112000, 置信度: 0.2
2025-08-04 14:47:39,809 - INFO - 投票结果: 选择路径 0, 答案: 6, 置信度: 0.9
2025-08-04 14:47:39,809 - INFO - 投票结果: 选择路径 0, 答案: 1200, 置信度: 0.3
2025-08-04 14:47:39,809 - INFO - 投票结果: 选择路径 0, 答案: 88, 置信度: 1.0
2025-08-04 14:47:39,809 - INFO - 投票结果: 选择路径 0, 答案: 12, 置信度: 1.0
2025-08-04 14:47:39,809 - INFO - 投票结果: 选择路径 0, 答案: 3, 置信度: 0.3
2025-08-04 14:47:39,809 - INFO - 投票结果: 选择路径 1, 答案: 16, 置信度: 0.4
2025-08-04 14:47:39,809 - INFO - 投票结果: 选择路径 0, 答案: 2, 置信度: 0.4
2025-08-04 14:47:39,810 - INFO - 投票结果: 选择路径 3, 答案: 50, 置信度: 0.3
2025-08-04 14:47:39,810 - INFO - 投票结果: 选择路径 0, 答案: 6, 置信度: 1.0
2025-08-04 14:47:39,810 - INFO - 投票结果: 选择路径 0, 答案: 4, 置信度: 1.0
2025-08-04 14:47:39,810 - INFO - 投票结果: 选择路径 0, 答案: 20, 置信度: 1.0
2025-08-04 14:47:39,810 - INFO - 投票结果: 选择路径 0, 答案: 800, 置信度: 1.0
2025-08-04 14:47:39,810 - INFO - 投票结果: 选择路径 0, 答案: 1, 置信度: 1.0
2025-08-04 14:47:39,810 - INFO - 投票结果: 选择路径 0, 答案: 50, 置信度: 1.0
2025-08-04 14:47:39,811 - INFO - 投票结果: 选择路径 1, 答案: 65.56, 置信度: 0.5
2025-08-04 14:47:39,811 - INFO - 投票结果: 选择路径 0, 答案: 7, 置信度: 0.9
2025-08-04 14:47:39,811 - INFO - 投票结果: 选择路径 0, 答案: 63, 置信度: 1.0
2025-08-04 14:47:39,811 - INFO - 投票结果: 选择路径 0, 答案: 9, 置信度: 0.9
2025-08-04 14:47:39,811 - INFO - 投票结果: 选择路径 0, 答案: 42, 置信度: 1.0
2025-08-04 14:47:39,811 - INFO - 投票结果: 选择路径 1, 答案: 5, 置信度: 0.8
2025-08-04 14:47:39,811 - INFO - 投票结果: 选择路径 0, 答案: 240, 置信度: 0.9
2025-08-04 14:47:39,812 - INFO - 投票结果: 选择路径 0, 答案: 1000, 置信度: 1.0
2025-08-04 14:47:39,812 - INFO - 投票结果: 选择路径 0, 答案: 109, 置信度: 1.0
2025-08-04 14:47:39,812 - INFO - 投票结果: 选择路径 0, 答案: 140, 置信度: 1.0
2025-08-04 14:47:39,812 - INFO - 投票结果: 选择路径 0, 答案: 55, 置信度: 1.0
2025-08-04 14:47:39,812 - INFO - 投票结果: 选择路径 0, 答案: 16, 置信度: 1.0
2025-08-04 14:47:39,812 - INFO - 投票结果: 选择路径 3, 答案: 112, 置信度: 0.4
2025-08-04 14:47:39,812 - INFO - 投票结果: 选择路径 0, 答案: 110, 置信度: 1.0
2025-08-04 14:47:39,812 - INFO - 投票结果: 选择路径 0, 答案: 13, 置信度: 1.0
2025-08-04 14:47:39,813 - INFO - 投票结果: 选择路径 1, 答案: 5, 置信度: 0.6
2025-08-04 14:47:39,813 - INFO - 投票结果: 选择路径 0, 答案: 48, 置信度: 1.0
2025-08-04 14:47:39,813 - INFO - 投票结果: 选择路径 0, 答案: 8, 置信度: 1.0
2025-08-04 14:47:39,813 - INFO - 投票结果: 选择路径 0, 答案: 8, 置信度: 0.9
2025-08-04 14:47:39,813 - INFO - 投票结果: 选择路径 0, 答案: 56, 置信度: 1.0
2025-08-04 14:47:39,813 - INFO - 投票结果: 选择路径 0, 答案: 3, 置信度: 1.0
2025-08-04 14:47:39,813 - INFO - 投票结果: 选择路径 0, 答案: 42, 置信度: 0.5
2025-08-04 14:47:39,813 - INFO - 投票结果: 选择路径 1, 答案: 4, 置信度: 0.4
2025-08-04 14:47:39,814 - INFO - 投票结果: 选择路径 0, 答案: 20000, 置信度: 1.0
2025-08-04 14:47:39,814 - INFO - 投票结果: 选择路径 1, 答案: 9, 置信度: 0.6
2025-08-04 14:47:39,814 - INFO - 投票结果: 选择路径 0, 答案: 52, 置信度: 1.0
2025-08-04 14:47:39,814 - INFO - 投票结果: 选择路径 0, 答案: 10, 置信度: 0.5
2025-08-04 14:47:39,814 - INFO - 投票结果: 选择路径 2, 答案: 110000, 置信度: 0.3
2025-08-04 14:47:39,814 - INFO - 投票结果: 选择路径 0, 答案: 45, 置信度: 1.0
2025-08-04 14:47:39,814 - INFO - 投票结果: 选择路径 0, 答案: 3, 置信度: 0.6
2025-08-04 14:47:39,815 - INFO - 投票结果: 选择路径 0, 答案: 5600, 置信度: 0.9
2025-08-04 14:47:39,815 - INFO - 投票结果: 选择路径 0, 答案: 7, 置信度: 1.0
2025-08-04 14:47:39,815 - INFO - 投票结果: 选择路径 0, 答案: 25, 置信度: 1.0
2025-08-04 14:47:39,815 - INFO - 投票结果: 选择路径 1, 答案: -91, 置信度: 0.5
2025-08-04 14:47:39,815 - INFO - 投票结果: 选择路径 0, 答案: 180, 置信度: 0.6
2025-08-04 14:47:39,815 - INFO - 投票结果: 选择路径 0, 答案: 24, 置信度: 0.7
2025-08-04 14:47:39,815 - INFO - 投票结果: 选择路径 1, 答案: 6, 置信度: 0.7
2025-08-04 14:47:39,815 - INFO - 投票结果: 选择路径 0, 答案: 40, 置信度: 0.9
2025-08-04 14:47:39,816 - INFO - 投票结果: 选择路径 0, 答案: -3, 置信度: 1.0
2025-08-04 14:47:39,816 - INFO - 投票结果: 选择路径 0, 答案: 224, 置信度: 1.0
2025-08-04 14:47:39,816 - INFO - 投票结果: 选择路径 0, 答案: 227, 置信度: 1.0
2025-08-04 14:47:39,816 - INFO - 投票结果: 选择路径 0, 答案: 762, 置信度: 1.0
2025-08-04 14:47:39,816 - INFO - 投票结果: 选择路径 3, 答案: 34, 置信度: 0.7
2025-08-04 14:47:39,816 - INFO - 投票结果: 选择路径 0, 答案: 2, 置信度: 1.0
2025-08-04 14:47:39,816 - INFO - 投票结果: 选择路径 0, 答案: 2, 置信度: 0.9
2025-08-04 14:47:39,817 - INFO - 投票结果: 选择路径 0, 答案: 26, 置信度: 0.2
2025-08-04 14:47:39,817 - INFO - 投票结果: 选择路径 0, 答案: 4, 置信度: 0.9
2025-08-04 14:47:39,817 - INFO - 投票结果: 选择路径 1, 答案: 110, 置信度: 0.7
2025-08-04 14:47:39,817 - INFO - 投票结果: 选择路径 0, 答案: 750, 置信度: 1.0
2025-08-04 14:47:39,817 - INFO - 投票结果: 选择路径 0, 答案: 240, 置信度: 0.9
2025-08-04 14:47:39,817 - INFO - 投票结果: 选择路径 2, 答案: 200, 置信度: 0.3
2025-08-04 14:47:39,817 - INFO - 投票结果: 选择路径 0, 答案: 105, 置信度: 0.4
2025-08-04 14:47:39,818 - INFO - 投票结果: 选择路径 0, 答案: 120, 置信度: 0.9
2025-08-04 14:47:39,818 - INFO - 投票结果: 选择路径 0, 答案: 240, 置信度: 0.9
2025-08-04 14:47:39,818 - INFO - 投票结果: 选择路径 0, 答案: 4000, 置信度: 0.8
2025-08-04 14:47:39,818 - INFO - 投票结果: 选择路径 0, 答案: 60, 置信度: 1.0
2025-08-04 14:47:39,818 - INFO - 投票结果: 选择路径 0, 答案: 36, 置信度: 0.5
2025-08-04 14:47:39,818 - INFO - 投票结果: 选择路径 0, 答案: 80, 置信度: 0.8
2025-08-04 14:47:39,818 - INFO - 投票结果: 选择路径 0, 答案: 240, 置信度: 0.4
2025-08-04 14:47:39,818 - INFO - 投票结果: 选择路径 0, 答案: 32, 置信度: 0.9
2025-08-04 14:47:39,819 - INFO - 投票结果: 选择路径 2, 答案: 940, 置信度: 0.6
2025-08-04 14:47:39,819 - INFO - 投票结果: 选择路径 0, 答案: 84, 置信度: 1.0
2025-08-04 14:47:39,819 - INFO - 投票结果: 选择路径 0, 答案: 2, 置信度: 0.9
2025-08-04 14:47:39,819 - INFO - 投票结果: 选择路径 0, 答案: 32, 置信度: 1.0
2025-08-04 14:47:39,819 - INFO - 投票结果: 选择路径 1, 答案: 12, 置信度: 0.6
2025-08-04 14:47:39,819 - INFO - 投票结果: 选择路径 1, 答案: 6, 置信度: 0.7
2025-08-04 14:47:39,820 - INFO - 投票结果: 选择路径 3, 答案: 1, 置信度: 0.4
2025-08-04 14:47:39,820 - INFO - 投票结果: 选择路径 0, 答案: 14, 置信度: 1.0
2025-08-04 14:47:39,820 - INFO - 投票结果: 选择路径 0, 答案: 448, 置信度: 0.7
2025-08-04 14:47:39,820 - INFO - 投票结果: 选择路径 0, 答案: 12, 置信度: 1.0
2025-08-04 14:47:39,820 - INFO - 投票结果: 选择路径 0, 答案: 1110, 置信度: 1.0
2025-08-04 14:47:39,820 - INFO - 投票结果: 选择路径 0, 答案: 2, 置信度: 0.5
2025-08-04 14:47:39,820 - INFO - 投票结果: 选择路径 0, 答案: 6, 置信度: 0.9
2025-08-04 14:47:39,821 - INFO - 投票结果: 选择路径 0, 答案: 28, 置信度: 0.8
2025-08-04 14:47:39,821 - INFO - 投票结果: 选择路径 1, 答案: 1200, 置信度: 0.5
2025-08-04 14:47:39,821 - INFO - 投票结果: 选择路径 0, 答案: 32, 置信度: 1.0
2025-08-04 14:47:39,821 - INFO - 投票结果: 选择路径 3, 答案: 60, 置信度: 0.7
2025-08-04 14:47:39,821 - INFO - 投票结果: 选择路径 0, 答案: 90, 置信度: 1.0
2025-08-04 14:47:39,822 - INFO - 投票结果: 选择路径 2, 答案: 2x+4, 置信度: 0.2
2025-08-04 14:47:39,822 - INFO - 投票结果: 选择路径 0, 答案: 270, 置信度: 1.0
2025-08-04 14:47:39,822 - INFO - 投票结果: 选择路径 0, 答案: 56000, 置信度: 0.5
2025-08-04 14:47:39,822 - INFO - 投票结果: 选择路径 0, 答案: 72, 置信度: 0.9
2025-08-04 14:47:39,822 - INFO - 投票结果: 选择路径 0, 答案: 400, 置信度: 1.0
2025-08-04 14:47:39,822 - INFO - 投票结果: 选择路径 0, 答案: 12, 置信度: 0.8
2025-08-04 14:47:39,822 - INFO - 投票结果: 选择路径 0, 答案: 15, 置信度: 0.6
2025-08-04 14:47:39,822 - INFO - 投票结果: 选择路径 0, 答案: 234, 置信度: 0.5
2025-08-04 14:47:39,823 - INFO - 投票结果: 选择路径 0, 答案: 75, 置信度: 0.3
2025-08-04 14:47:39,823 - INFO - 投票结果: 选择路径 0, 答案: 4, 置信度: 1.0
2025-08-04 14:47:39,823 - INFO - 投票结果: 选择路径 0, 答案: 4, 置信度: 1.0
2025-08-04 14:47:39,823 - INFO - 投票结果: 选择路径 0, 答案: 17500, 置信度: 0.6
2025-08-04 14:47:39,823 - INFO - 投票结果: 选择路径 0, 答案: 8, 置信度: 1.0
2025-08-04 14:47:39,823 - INFO - 投票结果: 选择路径 0, 答案: 21, 置信度: 1.0
2025-08-04 14:47:39,824 - INFO - 投票结果: 选择路径 0, 答案: 36, 置信度: 0.6
2025-08-04 14:47:39,824 - INFO - 投票结果: 选择路径 0, 答案: 1, 置信度: 1.0
2025-08-04 14:47:39,824 - INFO - 投票结果: 选择路径 0, 答案: 193, 置信度: 1.0
2025-08-04 14:47:39,824 - INFO - 投票结果: 选择路径 0, 答案: 3, 置信度: 0.8
2025-08-04 14:47:39,824 - INFO - 投票结果: 选择路径 3, 答案: 131250, 置信度: 0.3
2025-08-04 14:47:39,824 - INFO - 投票结果: 选择路径 0, 答案: 24, 置信度: 1.0
2025-08-04 14:47:39,824 - INFO - 投票结果: 选择路径 1, 答案: 31, 置信度: 0.5
2025-08-04 14:47:39,825 - INFO - 投票结果: 选择路径 0, 答案: 490, 置信度: 0.9
2025-08-04 14:47:39,825 - INFO - 投票结果: 选择路径 0, 答案: 19, 置信度: 0.5
2025-08-04 14:47:39,825 - INFO - 投票结果: 选择路径 0, 答案: 60, 置信度: 0.7
2025-08-04 14:47:39,825 - INFO - 投票结果: 选择路径 0, 答案: 17, 置信度: 1.0
2025-08-04 14:47:39,825 - INFO - 投票结果: 选择路径 5, 答案: 7250000, 置信度: 0.2
2025-08-04 14:47:39,825 - INFO - 投票结果: 选择路径 0, 答案: 15, 置信度: 1.0
2025-08-04 14:47:39,825 - INFO - 投票结果: 选择路径 1, 答案: 80, 置信度: 0.6
2025-08-04 14:47:39,826 - INFO - 投票结果: 选择路径 0, 答案: 18, 置信度: 0.8
2025-08-04 14:47:39,826 - INFO - 投票结果: 选择路径 0, 答案: 30, 置信度: 0.9
2025-08-04 14:47:39,826 - INFO - 投票结果: 选择路径 0, 答案: 60, 置信度: 0.9
2025-08-04 14:47:39,826 - INFO - 投票结果: 选择路径 0, 答案: 260, 置信度: 1.0
2025-08-04 14:47:39,826 - INFO - 投票结果: 选择路径 0, 答案: 60, 置信度: 1.0
2025-08-04 14:47:39,826 - INFO - 投票结果: 选择路径 1, 答案: 75, 置信度: 0.4
2025-08-04 14:47:39,826 - INFO - 投票结果: 选择路径 0, 答案: 25, 置信度: 1.0
2025-08-04 14:47:39,827 - INFO - 投票结果: 选择路径 0, 答案: 99, 置信度: 0.8
2025-08-04 14:47:39,827 - INFO - 投票结果: 选择路径 0, 答案: 5, 置信度: 1.0
2025-08-04 14:47:39,827 - INFO - 投票结果: 选择路径 0, 答案: 84, 置信度: 0.7
2025-08-04 14:47:39,827 - INFO - 投票结果: 选择路径 0, 答案: 7, 置信度: 0.8
2025-08-04 14:47:39,827 - INFO - 投票结果: 选择路径 0, 答案: 2, 置信度: 1.0
2025-08-04 14:47:39,827 - INFO - 投票结果: 选择路径 0, 答案: 21, 置信度: 0.9
2025-08-04 14:47:39,827 - INFO - 投票结果: 选择路径 1, 答案: 8, 置信度: 0.9
2025-08-04 14:47:39,828 - INFO - 投票结果: 选择路径 2, 答案: 80, 置信度: 0.3
2025-08-04 14:47:39,828 - INFO - 投票结果: 选择路径 0, 答案: 90000, 置信度: 0.9
2025-08-04 14:47:39,828 - INFO - 投票结果: 选择路径 0, 答案: 2, 置信度: 1.0
2025-08-04 14:47:39,828 - INFO - 投票结果: 选择路径 1, 答案: 40, 置信度: 0.5
2025-08-04 14:47:39,828 - INFO - 投票结果: 选择路径 0, 答案: 2, 置信度: 0.5
2025-08-04 14:47:39,828 - INFO - 投票结果: 选择路径 0, 答案: 100, 置信度: 1.0
2025-08-04 14:47:39,828 - INFO - 投票结果: 选择路径 0, 答案: 30, 置信度: 1.0
2025-08-04 14:47:39,828 - INFO - 投票结果: 选择路径 0, 答案: 8, 置信度: 1.0
2025-08-04 14:47:39,829 - INFO - 投票结果: 选择路径 0, 答案: 31, 置信度: 0.7
2025-08-04 14:47:39,829 - INFO - 投票结果: 选择路径 0, 答案: 120000, 置信度: 0.5
2025-08-04 14:47:39,829 - INFO - 投票结果: 选择路径 0, 答案: 180, 置信度: 1.0
2025-08-04 14:47:39,829 - INFO - 投票结果: 选择路径 0, 答案: 3, 置信度: 1.0
2025-08-04 14:47:39,829 - INFO - 投票结果: 选择路径 1, 答案: 5, 置信度: 0.8
2025-08-04 14:47:39,829 - INFO - 投票结果: 选择路径 0, 答案: 5, 置信度: 1.0
2025-08-04 14:47:39,829 - INFO - 投票结果: 选择路径 0, 答案: 130000, 置信度: 1.0
2025-08-04 14:47:39,829 - INFO - 投票结果: 选择路径 0, 答案: 68, 置信度: 0.8
2025-08-04 14:47:39,830 - INFO - 投票结果: 选择路径 0, 答案: 78, 置信度: 1.0
2025-08-04 14:47:39,830 - INFO - 投票结果: 选择路径 0, 答案: 28, 置信度: 1.0
2025-08-04 14:47:39,830 - INFO - 投票结果: 选择路径 0, 答案: 15, 置信度: 1.0
2025-08-04 14:47:39,830 - INFO - 投票结果: 选择路径 0, 答案: 320, 置信度: 0.4
2025-08-04 14:47:39,830 - INFO - 投票结果: 选择路径 3, 答案: 7000, 置信度: 0.3
2025-08-04 14:47:39,830 - INFO - 投票结果: 选择路径 0, 答案: 2400, 置信度: 0.6
2025-08-04 14:47:39,831 - INFO - 投票结果: 选择路径 0, 答案: 18, 置信度: 1.0
2025-08-04 14:47:39,831 - INFO - 投票结果: 选择路径 0, 答案: 90, 置信度: 1.0
2025-08-04 14:47:39,831 - INFO - 投票结果: 选择路径 0, 答案: 31, 置信度: 0.9
2025-08-04 14:47:39,831 - INFO - 投票结果: 选择路径 0, 答案: 1600, 置信度: 0.4
2025-08-04 14:47:39,831 - INFO - 投票结果: 选择路径 0, 答案: 180, 置信度: 0.7
2025-08-04 14:47:39,831 - INFO - 投票结果: 选择路径 0, 答案: 7, 置信度: 1.0
2025-08-04 14:47:39,831 - INFO - 投票结果: 选择路径 0, 答案: 75, 置信度: 0.7
2025-08-04 14:47:39,832 - INFO - 投票结果: 选择路径 0, 答案: 650, 置信度: 1.0
2025-08-04 14:47:39,832 - INFO - 投票结果: 选择路径 1, 答案: 310, 置信度: 0.7
2025-08-04 14:47:39,832 - INFO - 投票结果: 选择路径 0, 答案: 12, 置信度: 0.9
2025-08-04 14:47:39,832 - INFO - 投票结果: 选择路径 0, 答案: 5, 置信度: 1.0
2025-08-04 14:47:39,832 - INFO - 投票结果: 选择路径 0, 答案: 29, 置信度: 1.0
2025-08-04 14:47:39,832 - INFO - 投票结果: 选择路径 0, 答案: 140, 置信度: 0.9
2025-08-04 14:47:39,832 - INFO - 投票结果: 选择路径 0, 答案: 30, 置信度: 1.0
2025-08-04 14:47:39,832 - INFO - 投票结果: 选择路径 1, 答案: 40, 置信度: 0.5
2025-08-04 14:47:39,833 - INFO - 投票结果: 选择路径 0, 答案: 100, 置信度: 1.0
2025-08-04 14:47:39,833 - INFO - 投票结果: 选择路径 0, 答案: 35, 置信度: 1.0
2025-08-04 14:47:39,833 - INFO - 投票结果: 选择路径 0, 答案: 79, 置信度: 1.0
2025-08-04 14:47:39,833 - INFO - 投票结果: 选择路径 2, 答案: 3, 置信度: 0.2
2025-08-04 14:47:39,833 - INFO - 投票结果: 选择路径 0, 答案: 4, 置信度: 1.0
2025-08-04 14:47:39,833 - INFO - 投票结果: 选择路径 0, 答案: 6, 置信度: 0.9
2025-08-04 14:47:39,833 - INFO - 投票结果: 选择路径 0, 答案: 32, 置信度: 1.0
2025-08-04 14:47:39,834 - INFO - 投票结果: 选择路径 0, 答案: 112, 置信度: 1.0
2025-08-04 14:47:39,834 - INFO - 投票结果: 选择路径 0, 答案: 54, 置信度: 0.5
2025-08-04 14:47:39,834 - INFO - 投票结果: 选择路径 0, 答案: 450, 置信度: 0.8
2025-08-04 14:47:39,834 - INFO - 投票结果: 选择路径 0, 答案: 6000, 置信度: 0.6
2025-08-04 14:47:39,834 - INFO - 投票结果: 选择路径 0, 答案: 450, 置信度: 0.9
2025-08-04 14:47:39,834 - INFO - 投票结果: 选择路径 0, 答案: 6, 置信度: 1.0
2025-08-04 14:47:39,834 - INFO - 投票结果: 选择路径 2, 答案: 14, 置信度: 0.3
2025-08-04 14:47:39,834 - INFO - 投票结果: 选择路径 0, 答案: 144, 置信度: 1.0
2025-08-04 14:47:39,835 - INFO - 投票结果: 选择路径 0, 答案: 8, 置信度: 1.0
2025-08-04 14:47:39,835 - INFO - 投票结果: 选择路径 0, 答案: 2125, 置信度: 1.0
2025-08-04 14:47:39,835 - INFO - 投票结果: 选择路径 2, 答案: 65, 置信度: 0.4
2025-08-04 14:47:39,835 - INFO - 投票结果: 选择路径 0, 答案: 13, 置信度: 1.0
2025-08-04 14:47:39,835 - INFO - 投票结果: 选择路径 1, 答案: 112, 置信度: 0.6
2025-08-04 14:47:39,835 - INFO - 投票结果: 选择路径 0, 答案: 133, 置信度: 1.0
2025-08-04 14:47:39,835 - INFO - 投票结果: 选择路径 0, 答案: 100, 置信度: 1.0
2025-08-04 14:47:39,835 - INFO - 投票结果: 选择路径 0, 答案: 350, 置信度: 1.0
2025-08-04 14:47:39,836 - INFO - 投票结果: 选择路径 0, 答案: 44.4, 置信度: 0.4
2025-08-04 14:47:39,836 - INFO - 投票结果: 选择路径 0, 答案: 105, 置信度: 1.0
2025-08-04 14:47:39,836 - INFO - 投票结果: 选择路径 2, 答案: 8, 置信度: 0.5
2025-08-04 14:47:39,836 - INFO - 投票结果: 选择路径 0, 答案: 860, 置信度: 0.9
2025-08-04 14:47:39,836 - INFO - 投票结果: 选择路径 0, 答案: 72, 置信度: 1.0
2025-08-04 14:47:39,836 - INFO - 投票结果: 选择路径 0, 答案: 50, 置信度: 0.4
2025-08-04 14:47:39,836 - INFO - 投票结果: 选择路径 0, 答案: 1, 置信度: 1.0
2025-08-04 14:47:39,837 - INFO - 投票结果: 选择路径 1, 答案: 1, 置信度: 0.4
2025-08-04 14:47:39,837 - INFO - 投票结果: 选择路径 1, 答案: 36, 置信度: 0.4
2025-08-04 14:47:39,837 - INFO - 投票结果: 选择路径 0, 答案: 140, 置信度: 1.0
2025-08-04 14:47:39,837 - INFO - 投票结果: 选择路径 0, 答案: 20, 置信度: 0.8
2025-08-04 14:47:39,837 - INFO - 投票结果: 选择路径 1, 答案: 1800, 置信度: 0.8
2025-08-04 14:47:39,837 - INFO - 投票结果: 选择路径 0, 答案: 25, 置信度: 0.9
2025-08-04 14:47:39,837 - INFO - 投票结果: 选择路径 0, 答案: 147, 置信度: 1.0
2025-08-04 14:47:39,837 - INFO - 投票结果: 选择路径 0, 答案: 10, 置信度: 1.0
2025-08-04 14:47:39,838 - INFO - 投票结果: 选择路径 0, 答案: 25, 置信度: 1.0
2025-08-04 14:47:39,838 - INFO - 投票结果: 选择路径 0, 答案: 32, 置信度: 0.9
2025-08-04 14:47:39,838 - INFO - 投票结果: 选择路径 0, 答案: 276, 置信度: 1.0
2025-08-04 14:47:39,838 - INFO - 投票结果: 选择路径 0, 答案: 16, 置信度: 0.6
2025-08-04 14:47:39,838 - INFO - 投票结果: 选择路径 0, 答案: 30, 置信度: 1.0
2025-08-04 14:47:39,838 - INFO - 投票结果: 选择路径 1, 答案: 280, 置信度: 0.6
2025-08-04 14:47:39,838 - INFO - 投票结果: 选择路径 0, 答案: 8000, 置信度: 1.0
2025-08-04 14:47:39,839 - INFO - 投票结果: 选择路径 3, 答案: 25, 置信度: 0.2
2025-08-04 14:47:39,839 - INFO - 投票结果: 选择路径 1, 答案: 84, 置信度: 0.7
2025-08-04 14:47:39,839 - INFO - 投票结果: 选择路径 0, 答案: 50, 置信度: 1.0
2025-08-04 14:47:39,839 - INFO - 投票结果: 选择路径 0, 答案: 50, 置信度: 1.0
2025-08-04 14:47:39,839 - INFO - 投票结果: 选择路径 0, 答案: 320, 置信度: 0.9
2025-08-04 14:47:39,839 - INFO - 投票结果: 选择路径 0, 答案: 38, 置信度: 1.0
2025-08-04 14:47:39,839 - INFO - 投票结果: 选择路径 2, 答案: 34, 置信度: 0.8
2025-08-04 14:47:39,839 - INFO - 投票结果: 选择路径 0, 答案: 594, 置信度: 1.0
2025-08-04 14:47:39,840 - INFO - 投票结果: 选择路径 1, 答案: 7, 置信度: 0.3
2025-08-04 14:47:39,840 - INFO - 投票结果: 选择路径 0, 答案: 98, 置信度: 0.8
2025-08-04 14:47:39,840 - INFO - 投票结果: 选择路径 0, 答案: 123, 置信度: 1.0
2025-08-04 14:47:39,840 - INFO - 投票结果: 选择路径 0, 答案: 27, 置信度: 1.0
2025-08-04 14:47:39,840 - INFO - 投票结果: 选择路径 0, 答案: 145, 置信度: 1.0
2025-08-04 14:47:39,840 - INFO - 投票结果: 选择路径 0, 答案: 23, 置信度: 1.0
2025-08-04 14:47:39,840 - INFO - 投票结果: 选择路径 0, 答案: 14, 置信度: 0.5
2025-08-04 14:47:39,840 - INFO - 投票结果: 选择路径 3, 答案: 18, 置信度: 0.5
2025-08-04 14:47:39,841 - INFO - 投票结果: 选择路径 0, 答案: 21, 置信度: 1.0
2025-08-04 14:47:39,841 - INFO - 投票结果: 选择路径 0, 答案: 40000, 置信度: 1.0
2025-08-04 14:47:39,841 - INFO - 投票结果: 选择路径 0, 答案: 90, 置信度: 0.5
2025-08-04 14:47:39,841 - INFO - 投票结果: 选择路径 0, 答案: 11150, 置信度: 0.5
2025-08-04 14:47:39,841 - INFO - 投票结果: 选择路径 0, 答案: 1520, 置信度: 1.0
2025-08-04 14:47:39,841 - INFO - 投票结果: 选择路径 0, 答案: 32, 置信度: 0.3
2025-08-04 14:47:39,841 - INFO - 投票结果: 选择路径 0, 答案: 2000, 置信度: 0.7
2025-08-04 14:47:39,842 - INFO - 投票结果: 选择路径 0, 答案: 93, 置信度: 0.9
2025-08-04 14:47:39,842 - INFO - 投票结果: 选择路径 0, 答案: 40, 置信度: 0.8
2025-08-04 14:47:39,842 - INFO - 投票结果: 选择路径 0, 答案: 15, 置信度: 1.0
2025-08-04 14:47:39,842 - INFO - 投票结果: 选择路径 0, 答案: 66, 置信度: 0.9
2025-08-04 14:47:39,842 - INFO - 投票结果: 选择路径 0, 答案: 5, 置信度: 1.0
2025-08-04 14:47:39,842 - INFO - 投票结果: 选择路径 0, 答案: 5, 置信度: 1.0
2025-08-04 14:47:39,842 - INFO - 投票结果: 选择路径 0, 答案: 0.5, 置信度: 0.8
2025-08-04 14:47:39,842 - INFO - 投票结果: 选择路径 0, 答案: 1430, 置信度: 0.9
2025-08-04 14:47:39,843 - INFO - 投票结果: 选择路径 0, 答案: 36, 置信度: 0.9
2025-08-04 14:47:39,843 - INFO - 投票结果: 选择路径 0, 答案: 80, 置信度: 0.9
2025-08-04 14:47:39,843 - INFO - 投票结果: 选择路径 0, 答案: 29, 置信度: 1.0
2025-08-04 14:47:39,843 - INFO - 投票结果: 选择路径 0, 答案: 122, 置信度: 1.0
2025-08-04 14:47:39,843 - INFO - 投票结果: 选择路径 0, 答案: 60, 置信度: 1.0
2025-08-04 14:47:39,843 - INFO - 投票结果: 选择路径 0, 答案: 145, 置信度: 0.7
2025-08-04 14:47:39,843 - INFO - 投票结果: 选择路径 0, 答案: 21, 置信度: 1.0
2025-08-04 14:47:39,843 - INFO - 投票结果: 选择路径 0, 答案: 45, 置信度: 0.9
2025-08-04 14:47:39,844 - INFO - 投票结果: 选择路径 0, 答案: 273, 置信度: 1.0
2025-08-04 14:47:39,844 - INFO - 投票结果: 选择路径 3, 答案: 12, 置信度: 0.6
2025-08-04 14:47:39,844 - INFO - 投票结果: 选择路径 0, 答案: 5, 置信度: 0.6
2025-08-04 14:47:39,844 - INFO - 投票结果: 选择路径 0, 答案: 1, 置信度: 0.9
2025-08-04 14:47:39,844 - INFO - 投票结果: 选择路径 1, 答案: 1880, 置信度: 0.5
2025-08-04 14:47:39,844 - INFO - 
==================================================
2025-08-04 14:47:39,844 - INFO - 样本 9: Joe has $50 to buy an outfit for his new field trip. There is a 30% off sale at the clothing store. ...
2025-08-04 14:47:39,844 - INFO - 参考答案: The price of the two clothing items totals 35 + 25 = <<35+25=60>>60 dollars before discount.
The total sale discount comes to 60 * 0.3 = <<60*0.3=18>>18 dollars.
The final sale price comes to 60 - 18 = <<60-18=42>>42 dollars.
Joe ends up with 50 - 42 = <<50-42=8>>8 dollars change.
#### 8
2025-08-04 14:47:39,844 - INFO - 提取参考答案: 8
2025-08-04 14:47:39,844 - INFO - 生成答案: 

Step 1:First, read the problem and identify what we need to find. We need to find the amount of money Joe will have left after the purchase.

Step 2:Next, set up equations and perform the calculatio...
2025-08-04 14:47:39,845 - INFO - 提取答案: 4.64
2025-08-04 14:47:39,845 - INFO - 投票统计: {'voting_method': 'majority', 'best_answer': '4.64', 'vote_count': 6, 'total_paths': 10, 'valid_paths': 10, 'confidence': 0.6, 'answer_distribution': {'4.91': 1, '4.64': 6, '-6.70': 1, '2.75': 1, '4.88': 1}, 'selected_path_idx': 1}
2025-08-04 14:47:39,845 - INFO - ==================================================
2025-08-04 14:47:39,845 - INFO - 
==================================================
2025-08-04 14:47:39,845 - INFO - 样本 13: Christina records her mood every day on a calendar. Over the past thirty days of moods, she had twel...
2025-08-04 14:47:39,845 - INFO - 参考答案: Christina had 30 - 12 - 8 = <<30-12-8=10>>10 neutral days in the month.
After the first three 8-day periods, she had 30 - 8 * 3 = 30 - 24 = <<30-8*3=6>>6 days of moods left.
Of those days, 12 - 8 = <<12-8=4>>4 days were good.
After the next 3 days with 2 good days, Christina had 4 - 2 = <<4-2=2>>2 good days left.
#### 2
2025-08-04 14:47:39,845 - INFO - 提取参考答案: 2
2025-08-04 14:47:39,845 - INFO - 生成答案: 

Step 1:First, read the problem and identify what we need to find. We need to find the number of good days left in the month.

Step 2:Next, set up equations and perform the calculations. Christina ha...
2025-08-04 14:47:39,845 - INFO - 提取答案: 0
2025-08-04 14:47:39,845 - INFO - 投票统计: {'voting_method': 'majority', 'best_answer': '0', 'vote_count': 2, 'total_paths': 10, 'valid_paths': 10, 'confidence': 0.2, 'answer_distribution': {'4': 1, '3': 1, '1': 1, '15': 1, '7': 1, '5': 1, '6': 1, '8': 1, '0': 2}, 'selected_path_idx': 8}
2025-08-04 14:47:39,845 - INFO - ==================================================
2025-08-04 14:47:39,845 - INFO - 
==================================================
2025-08-04 14:47:39,845 - INFO - 样本 14: Valerie earns $5000 per month, 1/2 of what her brother earns. If their mother earns twice their comb...
2025-08-04 14:47:39,845 - INFO - 参考答案: Valerie's brother earns 2 * $5000 = $<<2*5000=10000>>10000
Their combined salary is $5000+$10000 = $<<5000+10000=15000>>15000
Their mother earn twice their combined earnings, which is 2*$15000 = $<<2*15000=30000>>30000
The total amount of money they all have is $15000+$30000 = $<<15000+30000=45000>>45000
#### 45000
2025-08-04 14:47:39,845 - INFO - 提取参考答案: 45000
2025-08-04 14:47:39,845 - INFO - 生成答案: 

Step 1:First, read the problem and identify what we need to find. We need to find the total amount of money that Valerie, her brother, and their mother have together.

Step 2:Next, set up equations ...
2025-08-04 14:47:39,845 - INFO - 提取答案: 42000
2025-08-04 14:47:39,845 - INFO - 投票统计: {'voting_method': 'majority', 'best_answer': '42000', 'vote_count': 5, 'total_paths': 10, 'valid_paths': 10, 'confidence': 0.5, 'answer_distribution': {'38000': 2, '42000': 5, '45000': 1, '50000': 1, '40000': 1}, 'selected_path_idx': 1}
2025-08-04 14:47:39,845 - INFO - ==================================================
2025-08-04 14:47:39,846 - INFO - 
==================================================
2025-08-04 14:47:39,846 - INFO - 样本 21: Tatiana is deciding how much of her weekend she wants to spend playing soccer. She has 7 hours on Sa...
2025-08-04 14:47:39,846 - INFO - 参考答案: She has 12 hours for her activities because 7 + 5 = <<7+5=12>>12
After reading, she has 9 hours left because 12 - 3 = <<12-3=9>>9
She spends 3 hours playing video games because 9 x (1/3) = <<9*(1/3)=3>>3
After video games she has 6 hours left for soccer because 9 - 3 = <<6=6>>6
The proportion of time spend on soccer is .5 because 6 / 12 = <<6/12=.5>>.5
The percentage of time spent on soccer is 50 because .5 x 100 = <<50=50>>50
#### 50
2025-08-04 14:47:39,846 - INFO - 提取参考答案: 50
2025-08-04 14:47:39,846 - INFO - 生成答案: 

Step 1:First, read the problem and identify what we need to find. We need to find the percentage of the weekend that Tatiana spends playing soccer.

Step 2:Next, set up equations and perform the cal...
2025-08-04 14:47:39,846 - INFO - 提取答案: 33.33
2025-08-04 14:47:39,846 - INFO - 投票统计: {'voting_method': 'majority', 'best_answer': '33.33', 'vote_count': 7, 'total_paths': 10, 'valid_paths': 10, 'confidence': 0.7, 'answer_distribution': {'33.33': 7, '50': 1, '58.33': 1, '83.33': 1}, 'selected_path_idx': 0}
2025-08-04 14:47:39,846 - INFO - ==================================================
2025-08-04 14:47:39,846 - INFO - 
==================================================
2025-08-04 14:47:39,846 - INFO - 样本 23: A merchant wants to make a choice of purchase between 2 purchase plans: jewelry worth $5,000 or elec...
2025-08-04 14:47:39,846 - INFO - 参考答案: If he purchases jewelry, he will make a profit of 2.5% which is $5000*(2.5/100) = $<<5000*(2.5/100)=125>>125
If he purchases electronic gadgets, he will make a profit of 1.2% which is $8000*(1.2/100) = $<<8000*(1.2/100)=96>>96
If he wants to maximize profit, since $125 > $96, he will choose to purchase jewelry, thereby making a profit of $<<125=125>>125
#### 125
2025-08-04 14:47:39,846 - INFO - 提取参考答案: 125
2025-08-04 14:47:39,846 - INFO - 生成答案: 

Step 1:First, read the problem and identify what we need to find. We need to find the maximum profit the merchant can make by choosing one of the two purchase plans.

Step 2:Next, set up equations a...
2025-08-04 14:47:39,846 - INFO - 提取答案: 250
2025-08-04 14:47:39,846 - INFO - 投票统计: {'voting_method': 'majority', 'best_answer': '250', 'vote_count': 2, 'total_paths': 10, 'valid_paths': 10, 'confidence': 0.2, 'answer_distribution': {'160': 1, '250': 2, '3080': 1, '3104': 1, '125': 1, '8064': 1, '896': 1, '1971': 1, '8096': 1}, 'selected_path_idx': 1}
2025-08-04 14:47:39,846 - INFO - ==================================================
2025-08-04 14:47:39,846 - INFO - 
==================================================
2025-08-04 14:47:39,846 - INFO - 样本 24: There are four schools competing at a basketball tournament. Each school has sent a girls’ basketbal...
2025-08-04 14:47:39,846 - INFO - 参考答案: Each school has sent 1 girls’ basketball team + 1 boys’ basketball team = <<1+1=2>>2 teams.
So each school has sent 2 teams * 5 players per team = <<2*5=10>>10 players.
They have also each sent 2 teams * 1 coach per team = <<2*1=2>>2 coaches.
In total, each school has sent 10 players + 2 coaches = <<10+2=12>>12 people.
Therefore, the schools have sent a total of 12 people per school * 4 schools = <<12*4=48>>48 people.
#### 48
2025-08-04 14:47:39,847 - INFO - 提取参考答案: 48
2025-08-04 14:47:39,847 - INFO - 生成答案: 

Step 1:First, read the problem and identify what we need to find. We need to find the total number of people that all of the schools have sent.

Step 2:Next, set up equations and perform the calcula...
2025-08-04 14:47:39,847 - INFO - 提取答案: 44
2025-08-04 14:47:39,847 - INFO - 投票统计: {'voting_method': 'majority', 'best_answer': '44', 'vote_count': 7, 'total_paths': 10, 'valid_paths': 10, 'confidence': 0.7, 'answer_distribution': {'44': 7, '48': 3}, 'selected_path_idx': 0}
2025-08-04 14:47:39,847 - INFO - ==================================================
2025-08-04 14:47:39,847 - INFO - 
==================================================
2025-08-04 14:47:39,847 - INFO - 样本 25: Tom decides to give his wife an anniversary getaway.  The plane tickets cost $5000 each.  The hotel ...
2025-08-04 14:47:39,847 - INFO - 参考答案: The hotel room is 1500*.2=$<<1500*.2=300>>300 more expensive per night than normal
So they paid 1500+300=$<<1500+300=1800>>1800 per night
That means she paid 1800*3=$<<1800*3=5400>>5400
The plane tickets cost 5000*2=$<<5000*2=10000>>10,000
So the total cost is 10,000+5400=$<<10000+5400=15400>>15,400
#### 15400
2025-08-04 14:47:39,847 - INFO - 提取参考答案: 15400
2025-08-04 14:47:39,847 - INFO - 生成答案: 

Step 1:First, read the problem and identify what we need to find. We need to find the total cost of the trip.

Step 2:Next, set up equations and perform the calculations. The normal price of the hot...
2025-08-04 14:47:39,847 - INFO - 提取答案: 16400
2025-08-04 14:47:39,847 - INFO - 投票统计: {'voting_method': 'majority', 'best_answer': '16400', 'vote_count': 6, 'total_paths': 10, 'valid_paths': 10, 'confidence': 0.6, 'answer_distribution': {'16400': 6, '15400': 2, '10400': 1, '18400': 1}, 'selected_path_idx': 0}
2025-08-04 14:47:39,847 - INFO - ==================================================
2025-08-04 14:47:39,847 - INFO - 
==================================================
2025-08-04 14:47:39,847 - INFO - 样本 39: Marcy makes homemade candles that she markets as 99% guaranteed not to explode. 5% of the more dange...
2025-08-04 14:47:39,847 - INFO - 参考答案: First find what percentage of the candles explode: 100% - 99% = 1%
Then multiply the odds of the candles exploding by the odds of them smelling like wet dog to find the probability of both events happening: 1% * 5% = 0.05%
Then multiply that percentage by the number of candles to find the number of them that have both defects: 0.05% * 50000 candles = <<0.05*.01*50000=25>>25 candles
#### 25
2025-08-04 14:47:39,847 - INFO - 提取参考答案: 25
2025-08-04 14:47:39,847 - INFO - 生成答案: 

Step 1:First, read the problem and identify what we need to find. We need to find the number of candles that both smell like wet dog and explode.

Step 2:Next, set up equations and perform the calcu...
2025-08-04 14:47:39,848 - INFO - 提取答案: 125
2025-08-04 14:47:39,848 - INFO - 投票统计: {'voting_method': 'majority', 'best_answer': '125', 'vote_count': 2, 'total_paths': 10, 'valid_paths': 10, 'confidence': 0.2, 'answer_distribution': {'250': 1, '2475': 1, '2500': 1, '125': 2, '12437500': 1, '25': 1, '2450': 1, '0': 1, '500': 1}, 'selected_path_idx': 3}
2025-08-04 14:47:39,848 - INFO - ==================================================
2025-08-04 14:47:39,848 - INFO - 
==================================================
2025-08-04 14:47:39,848 - INFO - 样本 43: Marin and his neighbor Nancy each eat 4 apples a day. How many apples do they eat in 30 days?...
2025-08-04 14:47:39,848 - INFO - 参考答案: In one day, Marin and Nancy eat 4 + 1 = <<4+1=5>>5 apples.
In 30 days, they eat 30 * 5 = <<30*5=150>>150 apples.
#### 150
2025-08-04 14:47:39,848 - INFO - 提取参考答案: 150
2025-08-04 14:47:39,848 - INFO - 生成答案: 

Step 1:First, read the problem and identify what we need to find. We need to find the total number of apples Marin and Nancy eat in 30 days.

Step 2:Next, set up equations and perform the calculatio...
2025-08-04 14:47:39,848 - INFO - 提取答案: 240
2025-08-04 14:47:39,848 - INFO - 投票统计: {'voting_method': 'majority', 'best_answer': '240', 'vote_count': 10, 'total_paths': 10, 'valid_paths': 10, 'confidence': 1.0, 'answer_distribution': {'240': 10}, 'selected_path_idx': 0}
2025-08-04 14:47:39,848 - INFO - ==================================================
2025-08-04 14:47:39,848 - INFO - 
==================================================
2025-08-04 14:47:39,848 - INFO - 样本 46: Lana is brewing cups of tea for her friends. She has 27 cups, and she divides these into 3 rows. In ...
2025-08-04 14:47:39,848 - INFO - 参考答案: If there are 15 cups of cinnamon tea, then there are a total of 27 – 15 = <<27-15=12>>12 cups of chamomile or mint tea.
As there are equal amounts of chamomile tea and mint tea, there is a total of 12 cups / 2 = <<12/2=6>>6 cups of mint tea.
Dividing these into rows shows that each row holds 6 / 3 = <<6/3=2>>2 cups of mint tea.
#### 2
2025-08-04 14:47:39,848 - INFO - 提取参考答案: 2
2025-08-04 14:47:39,848 - INFO - 生成答案: 

Step 1:First, read the problem and identify what we need to find. We need to find the number of mint tea cups in each row.

Step 2:Next, set up equations and perform the calculations. Let's assume t...
2025-08-04 14:47:39,848 - INFO - 提取答案: 4
2025-08-04 14:47:39,848 - INFO - 投票统计: {'voting_method': 'majority', 'best_answer': '4', 'vote_count': 7, 'total_paths': 10, 'valid_paths': 10, 'confidence': 0.7, 'answer_distribution': {'4': 7, '2': 2, '6': 1}, 'selected_path_idx': 0}
2025-08-04 14:47:39,848 - INFO - ==================================================
2025-08-04 14:47:39,849 - INFO - 
==================================================
2025-08-04 14:47:39,849 - INFO - 样本 49: Raymond and Samantha are cousins. Raymond was born 6 years before Samantha. Raymond had a son at the...
2025-08-04 14:47:39,849 - INFO - 参考答案: When Raymond's son was born Samantha was 23 - 6 = <<23-6=17>>17 years old.
Thus it has been 31 - 17 = <<31-17=14>>14 years since Raymond's son was born.
#### 14
2025-08-04 14:47:39,849 - INFO - 提取参考答案: 14
2025-08-04 14:47:39,849 - INFO - 生成答案: 

Step 1:First, read the problem and identify what we need to find. We need to find out how many years ago Raymond's son was born.

Step 2:Next, set up equations and perform the calculations. Let's sa...
2025-08-04 14:47:39,849 - INFO - 提取答案: 2
2025-08-04 14:47:39,849 - INFO - 投票统计: {'voting_method': 'majority', 'best_answer': '2', 'vote_count': 6, 'total_paths': 10, 'valid_paths': 10, 'confidence': 0.6, 'answer_distribution': {'2': 6, '8': 2, '1': 1, '3': 1}, 'selected_path_idx': 0}
2025-08-04 14:47:39,849 - INFO - ==================================================
2025-08-04 14:47:39,849 - INFO - 
==================================================
2025-08-04 14:47:39,849 - INFO - 样本 52: Jerome had 4 friends who came to visit him on a certain day. The first friend pressed on the doorbel...
2025-08-04 14:47:39,849 - INFO - 参考答案: The second friend pressed on the doorbell 1/4 times more than Jerome's first friend, a total of 1/4*20=<<1/4*20=5>>5 times.
Jerome's second friend pressed on the doorbell 20+5=<<20+5=25>>25
The first two friends pressed on the doorbell 25+20=<<25+20=45>>45 times altogether before Jerome could open the door.
Jerome's third friend pressed on the doorbell 60+10=<<60+10=70>>70 times before Jerome could open the door.
Altogether, Jerome's third and fourth friends pressed on the doorbell 70+60=<<70+60=130>>130 times before Jerome could open.
The number of doorbell rings that Jerome's friend made before Jerome could open the door is 130+45=<<130+45=175>>175 times.
#### 175
2025-08-04 14:47:39,849 - INFO - 提取参考答案: 175
2025-08-04 14:47:39,849 - INFO - 生成答案: 

Step 1:First, read the problem and identify what we need to find. We need to find the total number of doorbell rings.

Step 2:Next, set up equations and perform the calculations. The fourth friend p...
2025-08-04 14:47:39,849 - INFO - 提取答案: 155
2025-08-04 14:47:39,849 - INFO - 投票统计: {'voting_method': 'majority', 'best_answer': '155', 'vote_count': 4, 'total_paths': 10, 'valid_paths': 10, 'confidence': 0.4, 'answer_distribution': {'155': 4, '175': 3, '185': 2, '645': 1}, 'selected_path_idx': 0}
2025-08-04 14:47:39,849 - INFO - ==================================================
2025-08-04 14:47:39,849 - INFO - 
==================================================
2025-08-04 14:47:39,849 - INFO - 样本 59: Finley took part in a 100-meter race.  She started off in first, but then fell back 5 spots.  She th...
2025-08-04 14:47:39,849 - INFO - 参考答案: Finley started off at 1st place but then lost 5 spots, which translates to 1+5= <<1+5=6>>6th place
She then moved ahead two spots, which is expressed as 6-2=<<6-2=4>>4th place
She then fell behind by 3 spots, which is expressed as 4+3=<<4+3=7>>7th place
She finished the race moving ahead 1 spot, which is expressed as 7-1=<<7-1=6>>6th place
#### 6
2025-08-04 14:47:39,850 - INFO - 提取参考答案: 6
2025-08-04 14:47:39,850 - INFO - 生成答案: 

Step 1:First, read the problem and identify what we need to find. We need to find Finley's final position in the race.

Step 2:Next, set up equations and perform the calculations. Finley started in ...
2025-08-04 14:47:39,850 - INFO - 提取答案: 8
2025-08-04 14:47:39,850 - INFO - 投票统计: {'voting_method': 'majority', 'best_answer': '8', 'vote_count': 4, 'total_paths': 10, 'valid_paths': 10, 'confidence': 0.4, 'answer_distribution': {'12': 2, '5': 1, '8': 4, '6': 2, '7': 1}, 'selected_path_idx': 2}
2025-08-04 14:47:39,850 - INFO - ==================================================
2025-08-04 14:47:39,850 - INFO - 
==================================================
2025-08-04 14:47:39,850 - INFO - 样本 70: Millie decides to open a lemonade stand. She spends $18 to buy enough supplies to make 3 pitchers of...
2025-08-04 14:47:39,850 - INFO - 参考答案: She has enough supplies to make 3 * 12 = <<3*12=36>>36 cups of lemonade.
She sells all of the lemonade for 36 * $1 = $<<36*1=36>>36.
Her total profit for selling the lemonade is $36 - $18 = $<<36-18=18>>18.
It will take Millie 36 / 4 = <<36/4=9>>9 hours of work to sell all of the lemonade.
Her hourly profit is $18 / 9 hours = $<<18/9=2>>2 per hour.
#### 2
2025-08-04 14:47:39,850 - INFO - 提取参考答案: 2
2025-08-04 14:47:39,850 - INFO - 生成答案: 

Step 1:First, read the problem and identify what we need to find. We need to find the profit per hour that Millie will make.

Step 2:Next, set up equations and perform the calculations. The total nu...
2025-08-04 14:47:39,850 - INFO - 提取答案: 4.5
2025-08-04 14:47:39,850 - INFO - 投票统计: {'voting_method': 'majority', 'best_answer': '4.5', 'vote_count': 3, 'total_paths': 10, 'valid_paths': 10, 'confidence': 0.3, 'answer_distribution': {'-2': 1, '14': 2, '4.5': 3, '4': 1, '2': 1, '-14': 1, '4.50': 1}, 'selected_path_idx': 2}
2025-08-04 14:47:39,850 - INFO - ==================================================
2025-08-04 14:47:39,850 - INFO - 
==================================================
2025-08-04 14:47:39,850 - INFO - 样本 76: Rose bought five dozens of eggs for $2.40 a dozen. She will sell it for $1 for 3 eggs. How much will...
2025-08-04 14:47:39,850 - INFO - 参考答案: Rose bought five dozens of eggs for $2.40 x 5 = $<<2.40*5=12>>12.
Five dozens of eggs is equal to 12 x 5 = <<12*5=60>>60 eggs.
So there are 60/3 = <<60/3=20>>20 sets of 3 eggs that Rose will sell.
Thus, the total earnings of Rose for selling the eggs are $1 x 20 = $<<20=20>>20.
Therefore, her profit will be $20 - $12 = $<<20-12=8>>8.
#### 8
2025-08-04 14:47:39,850 - INFO - 提取参考答案: 8
2025-08-04 14:47:39,850 - INFO - 生成答案: 

Step 1:First, read the problem and identify what we need to find. We need to find Rose's profit.

Step 2:Next, set up equations and perform the calculations. Rose bought five dozens of eggs, which i...
2025-08-04 14:47:39,851 - INFO - 提取答案: 48
2025-08-04 14:47:39,851 - INFO - 投票统计: {'voting_method': 'majority', 'best_answer': '48', 'vote_count': 5, 'total_paths': 10, 'valid_paths': 10, 'confidence': 0.5, 'answer_distribution': {'48': 5, '8': 4, '67.80': 1}, 'selected_path_idx': 0}
2025-08-04 14:47:39,851 - INFO - ==================================================
2025-08-04 14:47:39,851 - INFO - 
==================================================
2025-08-04 14:47:39,851 - INFO - 样本 81: Elise has been selling her Dad's collection of 250 books for three years. Each book sells at 20$, an...
2025-08-04 14:47:39,851 - INFO - 参考答案: If her sales in the current year are 45, she sold 45*2 = <<45*2=90>>90 books in the first year.
The total number of books sold in the first and current year is 90+45 = <<90+45=135>>135.
The total number of books sold in the second year is 250 of the original number of books - 135 sold books - 50 unsold books = <<250-135-50=65>>65 books.
If each book sells at 20$, then she earned 20*65 = $<<20*65=1300>>1300 in the second year
#### 1300
2025-08-04 14:47:39,851 - INFO - 提取参考答案: 1300
2025-08-04 14:47:39,851 - INFO - 生成答案: 

Step 1:First, read the problem and identify what we need to find. We need to find the total amount of money Elise earned in the second year.

Step 2:Next, set up equations and perform the calculatio...
2025-08-04 14:47:39,851 - INFO - 提取答案: 900
2025-08-04 14:47:39,851 - INFO - 投票统计: {'voting_method': 'majority', 'best_answer': '900', 'vote_count': 3, 'total_paths': 10, 'valid_paths': 10, 'confidence': 0.3, 'answer_distribution': {'500': 1, '1344': 1, '2350/3': 1, '900': 3, '1000': 1, '1400': 1, '300': 1, '1333.33': 1}, 'selected_path_idx': 3}
2025-08-04 14:47:39,851 - INFO - ==================================================
2025-08-04 14:47:39,851 - INFO - 
==================================================
2025-08-04 14:47:39,851 - INFO - 样本 87: The local firefighters are doing a “fill the boot” fundraiser. Their goal is to raise $6300. After t...
2025-08-04 14:47:39,851 - INFO - 参考答案: The fireman raise 2100 / 3 = $<<2100/3=700>>700 per hour.
They have to fundraise for 6300 / 700 = <<6300/700=9>>9 hours.
#### 9
2025-08-04 14:47:39,851 - INFO - 提取参考答案: 9
2025-08-04 14:47:39,851 - INFO - 生成答案: 

Step 1:First, read the problem and identify what we need to find. We need to find the total number of hours the firefighters need to fundraise to reach their goal.

Step 2:Next, set up equations and...
2025-08-04 14:47:39,851 - INFO - 提取答案: 5
2025-08-04 14:47:39,851 - INFO - 投票统计: {'voting_method': 'majority', 'best_answer': '5', 'vote_count': 3, 'total_paths': 10, 'valid_paths': 10, 'confidence': 0.3, 'answer_distribution': {'2': 1, '9': 2, '4200': 1, '5': 3, '6': 2, '4': 1}, 'selected_path_idx': 4}
2025-08-04 14:47:39,852 - INFO - ==================================================
2025-08-04 14:47:39,852 - INFO - 
==================================================
2025-08-04 14:47:39,852 - INFO - 样本 93: Josh decides to try flipping a house.  He buys a house for $80,000 and then puts in $50,000 in repai...
2025-08-04 14:47:39,852 - INFO - 参考答案: The cost of the house and repairs came out to 80,000+50,000=$<<80000+50000=130000>>130,000
He increased the value of the house by 80,000*1.5=<<80000*1.5=120000>>120,000
So the new value of the house is 120,000+80,000=$<<120000+80000=200000>>200,000
So he made a profit of 200,000-130,000=$<<200000-130000=70000>>70,000
#### 70000
2025-08-04 14:47:39,852 - INFO - 提取参考答案: 70000
2025-08-04 14:47:39,852 - INFO - 生成答案: 

Step 1:First, read the problem and identify what we need to find. We need to find the profit Josh made from flipping the house.

Step 2:Next, set up equations and perform the calculations. The value...
2025-08-04 14:47:39,852 - INFO - 提取答案: 43333
2025-08-04 14:47:39,852 - INFO - 投票统计: {'voting_method': 'majority', 'best_answer': '43333', 'vote_count': 3, 'total_paths': 10, 'valid_paths': 10, 'confidence': 0.3, 'answer_distribution': {'50000': 1, '150000': 1, '70000': 2, '78000': 1, '43333': 3, '120000': 1, '-38000': 1}, 'selected_path_idx': 5}
2025-08-04 14:47:39,852 - INFO - ==================================================
2025-08-04 14:47:39,852 - INFO - 
==================================================
2025-08-04 14:47:39,852 - INFO - 样本 98: One meatball sub sandwich contains 4 meatballs.  Sidney ordered 3 less than ten meatball sub sandwic...
2025-08-04 14:47:39,852 - INFO - 参考答案: 3 less than ten meatball sub sandwiches is 10-3=<<10-3=7>>7 sub sandwiches.
After Mark ate 4 of Sidney's meatball sub sandwiches, 7-4=<<7-4=3>>3 remained.
Finally, after Sidney ordered three more sub sandwiches, there were a total of 3+3=<<3+3=6>>6 sub sandwiches.
If each sub sandwich has 4 meatballs, then the remaining sub sandwiches contain a total of 6*4=<<6*4=24>>24 meatballs.
#### 24
2025-08-04 14:47:39,852 - INFO - 提取参考答案: 24
2025-08-04 14:47:39,852 - INFO - 生成答案: 

Step 1:First, read the problem and identify what we need to find. We need to find the number of meatballs in the sub sandwiches that remained.

Step 2:Next, set up equations and perform the calculat...
2025-08-04 14:47:39,852 - INFO - 提取答案: 12
2025-08-04 14:47:39,852 - INFO - 投票统计: {'voting_method': 'majority', 'best_answer': '12', 'vote_count': 8, 'total_paths': 10, 'valid_paths': 10, 'confidence': 0.8, 'answer_distribution': {'12': 8, '20': 1, '24': 1}, 'selected_path_idx': 0}
2025-08-04 14:47:39,852 - INFO - ==================================================
2025-08-04 14:47:39,852 - INFO - 
==================================================
2025-08-04 14:47:39,852 - INFO - 样本 100: Maria invited 4 of her friends over for a water balloon fight in the backyard. At the start of the g...
2025-08-04 14:47:39,853 - INFO - 参考答案: Maria's 4 friends started with 2 balloons * 4 = <<2*4=8>>8 balloons.
Maria started with 1 balloon + 8 balloons = <<1+8=9>>9 balloons to begin with.
Maria's mom came out and gave each girl 3 more balloons, which is 5 girls * 3 balloons = <<5*3=15>>15 balloons.
Total balloons used by the girls is 9 + 15 = <<9+15=24>>24 balloons.
#### 24
2025-08-04 14:47:39,853 - INFO - 提取参考答案: 24
2025-08-04 14:47:39,853 - INFO - 生成答案: 

Step 1:First, read the problem and identify what we need to find. We need to find the total number of balloons that the girls had.

Step 2:Next, set up equations and perform the calculations. Maria ...
2025-08-04 14:47:39,853 - INFO - 提取答案: 25
2025-08-04 14:47:39,853 - INFO - 投票统计: {'voting_method': 'majority', 'best_answer': '25', 'vote_count': 3, 'total_paths': 10, 'valid_paths': 10, 'confidence': 0.3, 'answer_distribution': {'25': 3, '24': 3, '21': 2, '16': 1, '45': 1}, 'selected_path_idx': 0}
2025-08-04 14:47:39,853 - INFO - ==================================================
2025-08-04 14:47:39,853 - INFO - 
==================================================
2025-08-04 14:47:39,853 - INFO - 样本 103: Kim sleepwalks, to monitor her sleeping hours, she installs a camera in her room. Kim usually goes t...
2025-08-04 14:47:39,853 - INFO - 参考答案: Out of 24 hours in a day, 10 pm represents 22 hours.
Until 12 p.m. or 24 hours, Kim slept 24 - 22 = <<24-22=2>>2 hours.
In total, Kim usually sleeps 2 + 6 = <<2+6=8>>8 hours a day.
In minutes, Kim usually sleeps 8 * 60 = <<8*60=480>>480 minutes
Kim was sleepwalking for a total of 38 - 15 = <<38-15=23>>23 minutes.
Within her usual sleep routine, Kim was sleepwalking or awake a total of 23 + 5 =<<23+5=28>>28 minutes.
On that day, Kim slept in her bed for 480 - 28 = <<480-28=452>>452 minutes.
#### 452
2025-08-04 14:47:39,853 - INFO - 提取参考答案: 452
2025-08-04 14:47:39,853 - INFO - 生成答案: 

Step 1:First, read the problem and identify what we need to find. We need to find the total number of minutes that Kim slept on her bed that day.

Step 2:Next, set up equations and perform the calcu...
2025-08-04 14:47:39,853 - INFO - 提取答案: 227
2025-08-04 14:47:39,853 - INFO - 投票统计: {'voting_method': 'majority', 'best_answer': '227', 'vote_count': 1, 'total_paths': 10, 'valid_paths': 10, 'confidence': 0.1, 'answer_distribution': {'227': 1, '470': 1, '983': 1, '498': 1, '48': 1, '510': 1, '452': 1, '250': 1, '23': 1, '18': 1}, 'selected_path_idx': 0}
2025-08-04 14:47:39,853 - INFO - ==================================================
2025-08-04 14:47:39,853 - INFO - 
==================================================
2025-08-04 14:47:39,853 - INFO - 样本 108: Ophelia and Jenna are living in the same apartment building. They each have 2 fewer sofas than chair...
2025-08-04 14:47:39,853 - INFO - 参考答案: If Ophelia has 20 sofas and 2 fewer sofas than chairs, she has 20+2 = <<20+2=22>>22 chairs.
Jenna has 3 times as many chairs as Ophelia, a total of 3*22 = <<3*22=66>>66 chairs
The total number of chairs Ophelia and Jenna have is 66+22 = <<66+22=88>>88
Since Jenna also has 2 fewer sofas than chairs, the total number of sofas she has is 66-2 = <<66-2=64>>64 sofas.
The total number of sofas Ophelia and Jenna have is 64+20 = <<64+20=84>>84 sofas
Together, they have 84 sofas+88 chairs = <<84+88=172>>172
#### 172
2025-08-04 14:47:39,853 - INFO - 提取参考答案: 172
2025-08-04 14:47:39,853 - INFO - 生成答案: 

Step 1:First, read the problem and identify what we need to find. We need to find the total number of sofas and chairs that Ophelia and Jenna have.

Step 2:Next, set up equations and perform the cal...
2025-08-04 14:47:39,853 - INFO - 提取答案: 108
2025-08-04 14:47:39,854 - INFO - 投票统计: {'voting_method': 'majority', 'best_answer': '108', 'vote_count': 7, 'total_paths': 10, 'valid_paths': 10, 'confidence': 0.7, 'answer_distribution': {'128': 2, '108': 7, '86': 1}, 'selected_path_idx': 1}
2025-08-04 14:47:39,854 - INFO - ==================================================
2025-08-04 14:47:39,854 - INFO - 
==================================================
2025-08-04 14:47:39,854 - INFO - 样本 110: Janet goes to the mall and spends $3.50 on ice cream, $7.50 each for movie tickets for herself and h...
2025-08-04 14:47:39,854 - INFO - 参考答案: First calculate the cost of the movie tickets by multiplying the price per ticket by 2: $7.50 * 2 = $<<7.5*2=15.00>>15.00
Then add up all the money Janet spent: $3.50 + $15.00 + $8.50 = $<<3.5+15+8.5=27.00>>27.00
Now subtract Janet's spending from the initial amount of money she had: $40.00 - $27.00 = $<<40-27=13.00>>13.00
#### 13
2025-08-04 14:47:39,854 - INFO - 提取参考答案: 13
2025-08-04 14:47:39,854 - INFO - 生成答案: 

Step 1:First, read the problem and identify what we need to find. We need to find how many dollars Janet has left.

Step 2:Next, set up equations and perform the calculations. Janet spent $3.50 on i...
2025-08-04 14:47:39,854 - INFO - 提取答案: 13.50
2025-08-04 14:47:39,854 - INFO - 投票统计: {'voting_method': 'majority', 'best_answer': '13.50', 'vote_count': 5, 'total_paths': 10, 'valid_paths': 10, 'confidence': 0.5, 'answer_distribution': {'13.50': 5, '20.50': 3, '13': 1, '12': 1}, 'selected_path_idx': 0}
2025-08-04 14:47:39,854 - INFO - ==================================================
2025-08-04 14:47:39,854 - INFO - 
==================================================
2025-08-04 14:47:39,854 - INFO - 样本 112: After scoring 14 points, Erin now has three times more points than Sara, who scored 8. How many poin...
2025-08-04 14:47:39,854 - INFO - 参考答案: Erin now has three times more points than Sara, which is 3*8= <<3*8=24>>24 more points than Sara.
This means Erin has a total of 8+24 = <<8+24=32>>32 points now.
Before, Erin had 32-14= <<32-14=18>>18 points
#### 18
2025-08-04 14:47:39,854 - INFO - 提取参考答案: 18
2025-08-04 14:47:39,854 - INFO - 生成答案: 

Step 1:First, read the problem and identify what we need to find. We need to find the number of points Erin had before scoring 14 points.

Step 2:Next, set up equations and perform the calculations....
2025-08-04 14:47:39,854 - INFO - 提取答案: 10
2025-08-04 14:47:39,854 - INFO - 投票统计: {'voting_method': 'majority', 'best_answer': '10', 'vote_count': 3, 'total_paths': 10, 'valid_paths': 10, 'confidence': 0.3, 'answer_distribution': {'22': 1, '10': 3, '24': 1, '\\frac{38}{3}': 1, '18': 1, '6': 1, '52': 1, '33': 1}, 'selected_path_idx': 1}
2025-08-04 14:47:39,854 - INFO - ==================================================
2025-08-04 14:47:39,854 - INFO - 
==================================================
2025-08-04 14:47:39,854 - INFO - 样本 113: Colby loves going to the movies and every month his parents give him $150 to spend at the movies. Ti...
2025-08-04 14:47:39,855 - INFO - 参考答案: He has spent $50 on Fri/Sat movies because 5 x 10 = <<50=50>>50
He has spent $56 on movies the rest of the day because 8 x 7 = <<8*7=56>>56
He has spent $16 on popcorn because 2 x 8 = <<16=16>>16
He has spent $8 on candy because 4 x 2 = <<4*2=8>>8
He has spent 130 in total because 50 + 56 + 16 + 8 = <<50+56+16+8=130>>130
He plans to spend $10 on popcorn and candy because 8 + 2 = <<8+2=10>>10
He has $10 left to spend because 150 - 130 - 10 = <<150-130-10=10>>10
He can see 1 movie because 10 / 10 = <<10/10=1>>1
#### 1
2025-08-04 14:47:39,855 - INFO - 提取参考答案: 1
2025-08-04 14:47:39,855 - INFO - 生成答案: 

Step 1:First, read the problem and identify what we need to find. We need to find out how many movies Colby can see on Friday.

Step 2:Next, set up equations and perform the calculations. Colby alre...
2025-08-04 14:47:39,855 - INFO - 提取答案: 2
2025-08-04 14:47:39,855 - INFO - 投票统计: {'voting_method': 'majority', 'best_answer': '2', 'vote_count': 5, 'total_paths': 10, 'valid_paths': 10, 'confidence': 0.5, 'answer_distribution': {'8': 1, '2': 5, '16': 1, '12': 1, '1': 1, '3': 1}, 'selected_path_idx': 1}
2025-08-04 14:47:39,855 - INFO - ==================================================
2025-08-04 14:47:39,855 - INFO - 
==================================================
2025-08-04 14:47:39,855 - INFO - 样本 122: In a school activity, fifty-four students are to be separated into six groups of equal size. If the ...
2025-08-04 14:47:39,855 - INFO - 参考答案: There are 54/6 = <<54/6=9>>9 groups formed from the 54 students.
So, 12 - 9 = <<12-9=3>>3 groups more are needed to form.
#### 3
2025-08-04 14:47:39,855 - INFO - 提取参考答案: 3
2025-08-04 14:47:39,855 - INFO - 生成答案: 

Step 1:First, read the problem and identify what we need to find. We need to find out how many more groups are needed to form.

Step 2:Next, set up equations and perform the calculations. Since 54 s...
2025-08-04 14:47:39,855 - INFO - 提取答案: 0
2025-08-04 14:47:39,855 - INFO - 投票统计: {'voting_method': 'majority', 'best_answer': '0', 'vote_count': 3, 'total_paths': 10, 'valid_paths': 10, 'confidence': 0.3, 'answer_distribution': {'0': 3, '6': 2, '13': 1, '8': 1, '2': 1, '1': 2}, 'selected_path_idx': 0}
2025-08-04 14:47:39,855 - INFO - ==================================================
2025-08-04 14:47:39,855 - INFO - 
==================================================
2025-08-04 14:47:39,855 - INFO - 样本 125: Rose is out picking flowers for a vase she wants to fill.  She starts off by picking 3 flowers with ...
2025-08-04 14:47:39,855 - INFO - 参考答案: Rose picks 3*5=<<3*5=15>>15 petals worth of the 5 petal flowers.
Rose then picks 4*6=<<4*6=24>>24 petals worth of the 6 petal flowers.
Rose then picks 5*4=<<5*4=20>>20 petals worth of the 4 petal flowers.
Finally, Rose picks 6*7=<<6*7=42>>42 petals worth of the 7 petal flowers.
Rose carries 15+24+20+42=<<15+24+20+42=101>>101 petals worth of flowers back to the vase.
But the wind blows 5+6+4+7=<<5+6+4+7=22>>22 petals worth of flowers away.
So Rose has 101-22=<<101-22=79>>79 petals worth remaining
#### 79
2025-08-04 14:47:39,855 - INFO - 提取参考答案: 79
2025-08-04 14:47:39,855 - INFO - 生成答案: 

Step 1:First, read the problem and identify what we need to find. We need to find the total number of petals on the flowers in the vase.

Step 2:Next, set up equations and perform the calculations. ...
2025-08-04 14:47:39,856 - INFO - 提取答案: 83
2025-08-04 14:47:39,856 - INFO - 投票统计: {'voting_method': 'majority', 'best_answer': '83', 'vote_count': 5, 'total_paths': 10, 'valid_paths': 10, 'confidence': 0.5, 'answer_distribution': {'83': 5, '101': 3, '99': 1, '79': 1}, 'selected_path_idx': 0}
2025-08-04 14:47:39,856 - INFO - ==================================================
2025-08-04 14:47:39,856 - INFO - 
==================================================
2025-08-04 14:47:39,856 - INFO - 样本 133: A food caterer was told to prepare gourmet hot dogs for 36 guests. While most people would only eat ...
2025-08-04 14:47:39,856 - INFO - 参考答案: The food caterer prepared an additional 36/2 = <<36/2=18>>18 hot dogs.
Altogether, he prepared 36 + 18 = <<36+18=54>>54 hotdogs.
If 40 people wanted seconds, he would have needed 40 x 2 = <<40*2=80>>80 hot dogs.
80 - 54 = <<80-54=26>>26 people did not get second hotdogs.
#### 26
2025-08-04 14:47:39,856 - INFO - 提取参考答案: 26
2025-08-04 14:47:39,856 - INFO - 生成答案: 

Step 1:First, read the problem and identify what we need to find. We need to find the number of guests who did not get a second hotdog.

Step 2:Next, set up equations and perform the calculations. T...
2025-08-04 14:47:39,856 - INFO - 提取答案: 22
2025-08-04 14:47:39,856 - INFO - 投票统计: {'voting_method': 'majority', 'best_answer': '22', 'vote_count': 4, 'total_paths': 10, 'valid_paths': 10, 'confidence': 0.4, 'answer_distribution': {'22': 4, '4': 2, '18': 3, '62': 1}, 'selected_path_idx': 0}
2025-08-04 14:47:39,856 - INFO - ==================================================
2025-08-04 14:47:39,856 - INFO - 
==================================================
2025-08-04 14:47:39,856 - INFO - 样本 137: Charlie wants to sell beeswax candles.  For every pound of beeswax, he can make 10 tapered candles. ...
2025-08-04 14:47:39,856 - INFO - 参考答案: 1 pound of beeswax and the wick make 10 candles and he wants to make 20 candles so he needs 20/10 = <<20/10=2>>2 pounds of beeswax
1 pound of beeswax costs $10.00 and he needs 2 pounds so his supplies will cost 10*2 = $<<10*2=20.00>>20.00
He wants to sell each candle for $2.00 each and he's selling 20 candles so that's 2*20 = $<<2*20=40.00>>40.00
If he makes $40.00 selling candles and his supplies cost $20.00 then his net profit is 40-20 = $<<40-20=20.00>>20.00
#### 20
2025-08-04 14:47:39,856 - INFO - 提取参考答案: 20
2025-08-04 14:47:39,856 - INFO - 生成答案: 

Step 1:First, read the problem and identify what we need to find. We need to find Charlie's net profit if he makes and sells 20 candles.

Step 2:Next, set up equations and perform the calculations. ...
2025-08-04 14:47:39,856 - INFO - 提取答案: -160
2025-08-04 14:47:39,856 - INFO - 投票统计: {'voting_method': 'majority', 'best_answer': '-160', 'vote_count': 5, 'total_paths': 10, 'valid_paths': 10, 'confidence': 0.5, 'answer_distribution': {'-160': 5, '20': 2, '10': 1, '-200': 1, '30': 1}, 'selected_path_idx': 0}
2025-08-04 14:47:39,857 - INFO - ==================================================
2025-08-04 14:47:39,857 - INFO - 
==================================================
2025-08-04 14:47:39,857 - INFO - 样本 143: Wayne and Bernadette are movie stars heading to the premiere of their latest film. Bernadette wants ...
2025-08-04 14:47:39,857 - INFO - 参考答案: Bernadette takes 4 * 4 = <<4*4=16>>16 minutes to get to the theater.
Her ride takes 16 - 4 = <<16-4=12>>12 minutes longer than Wayne’s to get to the theater.
Thus, she should leave 12 + 5 = <<12+5=17>>17 minutes before Wayne to get to the theater 5 minutes sooner than he does.
#### 17
2025-08-04 14:47:39,857 - INFO - 提取参考答案: 17
2025-08-04 14:47:39,857 - INFO - 生成答案: 

Step 1:First, read the problem and identify what we need to find. We need to find out how much earlier Bernadette should leave than Wayne to get to the theater first.

Step 2:Next, set up equations ...
2025-08-04 14:47:39,857 - INFO - 提取答案: 16
2025-08-04 14:47:39,857 - INFO - 投票统计: {'voting_method': 'majority', 'best_answer': '16', 'vote_count': 2, 'total_paths': 10, 'valid_paths': 10, 'confidence': 0.2, 'answer_distribution': {'16': 2, '9': 1, '21': 2, '2.33': 1, '17': 1, '8': 1, '1.67': 1, '5': 1}, 'selected_path_idx': 0}
2025-08-04 14:47:39,857 - INFO - ==================================================
2025-08-04 14:47:39,857 - INFO - 
==================================================
2025-08-04 14:47:39,857 - INFO - 样本 146: A phone tree is used to contact families and relatives of Ali's deceased coworker. Ali decided to ca...
2025-08-04 14:47:39,857 - INFO - 参考答案: In the first round, there are 3 families called.
In the second round, there are 3 x 3 = <<3*3=9>>9 families called.
In the third round, there are 9 x 3 = <<9*3=27>>27 families called.
In the fourth round, there are 27 x 3 = <<27*3=81>>81 families called.
#### 81
2025-08-04 14:47:39,857 - INFO - 提取参考答案: 81
2025-08-04 14:47:39,857 - INFO - 生成答案: 

Step 1:First, read the problem and identify what we need to find. We need to find the number of families that will be notified during the fourth round of calls.

Step 2:Next, set up equations and pe...
2025-08-04 14:47:39,857 - INFO - 提取答案: 144
2025-08-04 14:47:39,857 - INFO - 投票统计: {'voting_method': 'majority', 'best_answer': '144', 'vote_count': 2, 'total_paths': 10, 'valid_paths': 10, 'confidence': 0.2, 'answer_distribution': {'768': 1, '144': 2, '192': 2, '120': 2, '81': 1, '36': 2}, 'selected_path_idx': 1}
2025-08-04 14:47:39,857 - INFO - ==================================================
2025-08-04 14:47:39,857 - INFO - 
==================================================
2025-08-04 14:47:39,857 - INFO - 样本 150: Digimon had its 20th anniversary.  When it came out John was twice as old as Jim.  If John is 28 now...
2025-08-04 14:47:39,858 - INFO - 参考答案: When Digimon came out John would have been 28-20=<<28-20=8>>8
So Jim was 8/2=<<8/2=4>>4 years old
That means John is now 4+20=<<4+20=24>>24
#### 24
2025-08-04 14:47:39,858 - INFO - 提取参考答案: 24
2025-08-04 14:47:39,858 - INFO - 生成答案: 

Step 1:First, read the problem and identify what we need to find. We need to find Jim's age when Digimon was released.

Step 2:Next, set up equations and perform the calculations. Since John is twic...
2025-08-04 14:47:39,858 - INFO - 提取答案: 14
2025-08-04 14:47:39,858 - INFO - 投票统计: {'voting_method': 'majority', 'best_answer': '14', 'vote_count': 3, 'total_paths': 10, 'valid_paths': 10, 'confidence': 0.3, 'answer_distribution': {'34': 1, '14': 3, '24': 3, '9.33': 1, '12': 1, '8': 1}, 'selected_path_idx': 1}
2025-08-04 14:47:39,858 - INFO - ==================================================
2025-08-04 14:47:39,858 - INFO - 
==================================================
2025-08-04 14:47:39,858 - INFO - 样本 156: A family of 6 (2 adults and 4 kids) are to divide a watermelon such that each adult gets a slice tha...
2025-08-04 14:47:39,858 - INFO - 参考答案: Let x be the percentage of watermelon that each adult gets.
Since each kid gets half of what each adult gets, each kid gets x/2 percent of the watermelon
So the watermelon gets split into 2*x and 4*(x/2) parts by percentage
The percentages have to sum up to 100 so 2x+2x = 100 (after simplification)
x = 100/4 = <<100/4=25>>25, which means each adult gets 25% of the watermelon.
#### 25
2025-08-04 14:47:39,858 - INFO - 提取参考答案: 25
2025-08-04 14:47:39,858 - INFO - 生成答案: 

Step 1:First, read the problem and identify what we need to find. We need to find the percentage of the watermelon that each adult gets.

Step 2:Next, set up equations and perform the calculations. ...
2025-08-04 14:47:39,858 - INFO - 提取答案: 33.33
2025-08-04 14:47:39,858 - INFO - 投票统计: {'voting_method': 'majority', 'best_answer': '33.33', 'vote_count': 5, 'total_paths': 10, 'valid_paths': 10, 'confidence': 0.5, 'answer_distribution': {'25': 2, '33.33': 5, '50': 2, '66.67': 1}, 'selected_path_idx': 1}
2025-08-04 14:47:39,858 - INFO - ==================================================
2025-08-04 14:47:39,858 - INFO - 
==================================================
2025-08-04 14:47:39,859 - INFO - 样本 173: A company's HR hires 20 new employees every month to add to its total workforce. If the company's in...
2025-08-04 14:47:39,859 - INFO - 参考答案: If each month the company hire 20 new employees, the total number of employees in the company in the first month is 200 employees + 20 employees = <<200+20=220>>220 employees
If each employee is paid $4000 per month, the total amount of money paid by the employee to its workers in the first month is 220 employees * $4000/employee = $<<220*4000=880000>>880000
In the second month, 20 more workers are hired, bringing the total number of employees to 220 employees + 20 employees = 240 employees
The company pays a total of 240 employees * $4000/employee = $<<240*4000=960000>>960000 in wages for its employees in the second month.
When an additional 20 workers are hired in the third month, the total number of workers become 240 employees + 20 employees = <<240+20=260>>260 employees
In total, the company 260 employees * $4000/employee = $<<260*4000=1040000>>1040000 in wages on the third month.
The total amount of money the company pays to all its employees in the three months is $1040000 + $960000 + $880000 = <<1040000+960000+880000=2880000>>2880000
#### 2880000
2025-08-04 14:47:39,859 - INFO - 提取参考答案: 2880000
2025-08-04 14:47:39,859 - INFO - 生成答案: 

Step 1:First, read the problem and identify what we need to find. We need to find the total amount of money the company pays to its employees after three months.

Step 2:Next, set up equations and p...
2025-08-04 14:47:39,859 - INFO - 提取答案: 1040000
2025-08-04 14:47:39,859 - INFO - 投票统计: {'voting_method': 'majority', 'best_answer': '1040000', 'vote_count': 10, 'total_paths': 10, 'valid_paths': 10, 'confidence': 1.0, 'answer_distribution': {'1040000': 10}, 'selected_path_idx': 0}
2025-08-04 14:47:39,859 - INFO - ==================================================
2025-08-04 14:47:39,859 - INFO - 
==================================================
2025-08-04 14:47:39,859 - INFO - 样本 194: James gets 10 new CDs.  Each CD cost $15.  He gets them for 40% off.  He decides he doesn't like 5 o...
2025-08-04 14:47:39,859 - INFO - 参考答案: He got a 15*.4=$<<15*.4=6>>6 discount on each CD
That means each CD cost 15-6=$<<15-6=9>>9
So he paid 10*9=$<<10*9=90>>90
That means he was out 90-40=$<<90-40=50>>50
#### 50
2025-08-04 14:47:39,859 - INFO - 提取参考答案: 50
2025-08-04 14:47:39,859 - INFO - 生成答案: 

Step 1:First, read the problem and identify what we need to find. We need to find out how much money James was out.

Step 2:Next, set up equations and perform the calculations. The original price of...
2025-08-04 14:47:39,859 - INFO - 提取答案: 110
2025-08-04 14:47:39,859 - INFO - 投票统计: {'voting_method': 'majority', 'best_answer': '110', 'vote_count': 8, 'total_paths': 10, 'valid_paths': 10, 'confidence': 0.8, 'answer_distribution': {'110': 8, '10': 1, '65': 1}, 'selected_path_idx': 0}
2025-08-04 14:47:39,859 - INFO - ==================================================
2025-08-04 14:47:39,860 - INFO - 
==================================================
2025-08-04 14:47:39,860 - INFO - 样本 201: For a New Year's resolution, Andy wants to lose 30 lbs. by his birthday, which is July 19th. Today i...
2025-08-04 14:47:39,860 - INFO - 参考答案: January, March, and May have 31 days, February has 28, and April and June have 30, and Andy's birthday is on the 19th day of July. So there are 3 * 31 days + 28 + 2 * 30 days + 19 days = 93 days + 28 + 60 days + 19 days = <<3*31+28+2*30+19=200>>200 days until Andy's birthday.
He wants to lose 30 lbs. At 3500 calories per pound, this is 30 * 3500 = <<30*3500=105000>>105,000 calories total,
To reach his goal, he will have to burn 105,000 calories / 200 days = <<105000/200=525>>525 calories per day more than he consumes.
#### 525
2025-08-04 14:47:39,860 - INFO - 提取参考答案: 525
2025-08-04 14:47:39,860 - INFO - 生成答案: 

Step 1:First, read the problem and identify what we need to find. We need to find the number of days Andy needs to create a calorie deficit of 3500 calories to lose 30 lbs.

Step 2:Next, set up equa...
2025-08-04 14:47:39,860 - INFO - 提取答案: 500
2025-08-04 14:47:39,860 - INFO - 投票统计: {'voting_method': 'majority', 'best_answer': '500', 'vote_count': 2, 'total_paths': 10, 'valid_paths': 10, 'confidence': 0.2, 'answer_distribution': {'500': 2, '1166.67': 1, '576': 1, '430': 1, '575': 1, '571': 1, '439': 1, '437.5': 1, '3500': 1}, 'selected_path_idx': 0}
2025-08-04 14:47:39,860 - INFO - ==================================================
2025-08-04 14:47:39,860 - INFO - 
==================================================
2025-08-04 14:47:39,860 - INFO - 样本 208: Carmen goes to an auction to win an antique desk. She accepts the opening bid of $200 and continues ...
2025-08-04 14:47:39,860 - INFO - 参考答案: 3 other people are bidding on the desk so there are 3 bids * $50 per bid = $<<3*50=150>>150 added to the cost of the desk by other people.
Carmen also has to bid against each person, so she also adds 3 bids * $50 per bid = $<<3*50=150>>150 to the overall cost.
So in these bids, there has been a total of $150 + $150 = $<<150+150=300>>300 added to the initial cost of the desk.
The desk therefore costs $200 opening bid + $300 added cost = $<<200+300=500>>500.
#### 500
2025-08-04 14:47:39,860 - INFO - 提取参考答案: 500
2025-08-04 14:47:39,860 - INFO - 生成答案: 

Step 1:First, read the problem and identify what we need to find. We need to find the total amount of money the desk cost Carmen.

Step 2:Next, set up equations and perform the calculations. The fir...
2025-08-04 14:47:39,860 - INFO - 提取答案: 1100
2025-08-04 14:47:39,860 - INFO - 投票统计: {'voting_method': 'majority', 'best_answer': '1100', 'vote_count': 4, 'total_paths': 10, 'valid_paths': 10, 'confidence': 0.4, 'answer_distribution': {'300': 1, '1100': 4, '500': 1, '350': 2, '400': 1, '950': 1}, 'selected_path_idx': 1}
2025-08-04 14:47:39,860 - INFO - ==================================================
2025-08-04 14:47:39,860 - INFO - 
==================================================
2025-08-04 14:47:39,860 - INFO - 样本 214: Bob had 7 fish in his ornamental fish pond. 3 were orange, and 4 were white. He decided he wanted to...
2025-08-04 14:47:39,861 - INFO - 参考答案: Bob started with 7 fish and bought seventeen, so he had 7 + 17 = <<7+17=24>>24 fish.
Let x = the number of white fish.
Bob has twice as many orange fish as white fish, so 2*x + x = 24 fish
3*x = 24
x = 24/3 = <<24/3=8>>8 white fish.
Bob started with 4 white fish, so he bought 8 - 4 = 4 white fish at the store.
#### 4
2025-08-04 14:47:39,861 - INFO - 提取参考答案: 4
2025-08-04 14:47:39,861 - INFO - 生成答案: 

Step 1:First, read the problem and identify what we need to find. We need to find the number of white fish that Bob bought at the store.

Step 2:Next, set up equations and perform the calculations. ...
2025-08-04 14:47:39,861 - INFO - 提取答案: 6
2025-08-04 14:47:39,861 - INFO - 投票统计: {'voting_method': 'majority', 'best_answer': '6', 'vote_count': 5, 'total_paths': 10, 'valid_paths': 10, 'confidence': 0.5, 'answer_distribution': {'11': 1, '6': 5, '4': 3, '1': 1}, 'selected_path_idx': 1}
2025-08-04 14:47:39,861 - INFO - ==================================================
2025-08-04 14:47:39,861 - INFO - 
==================================================
2025-08-04 14:47:39,861 - INFO - 样本 218: 48 people are riding a bus. On the first stop, 8 passengers get off, and 5 times as many people as t...
2025-08-04 14:47:39,861 - INFO - 参考答案: At the first stop, 5 * 8 = <<5*8=40>>40 passengers get on the bus.
After the first stop the bus has ( 48 - 8 ) + 40 = <<48-8+40=80>>80 passengers.
At the second stop, 21 / 3 = <<21/3=7>>7 passengers get on the bus.
After the second stop there are ( 80 - 21 ) + 7 = <<80-21+7=66>>66 passengers.
#### 66
2025-08-04 14:47:39,861 - INFO - 提取参考答案: 66
2025-08-04 14:47:39,861 - INFO - 生成答案: 

Step 1:First, read the problem and identify what we need to find. We need to find the number of passengers riding the bus after the second stop.

Step 2:Next, set up equations and perform the calcul...
2025-08-04 14:47:39,861 - INFO - 提取答案: 122
2025-08-04 14:47:39,861 - INFO - 投票统计: {'voting_method': 'majority', 'best_answer': '122', 'vote_count': 4, 'total_paths': 10, 'valid_paths': 10, 'confidence': 0.4, 'answer_distribution': {'122': 4, '67': 1, '59': 1, '83': 1, '66': 2, '71': 1}, 'selected_path_idx': 0}
2025-08-04 14:47:39,861 - INFO - ==================================================
2025-08-04 14:47:39,861 - INFO - 
==================================================
2025-08-04 14:47:39,861 - INFO - 样本 221: Although Soledad works in a windowless office, she loves the outdoors. She will be on vacation for t...
2025-08-04 14:47:39,861 - INFO - 参考答案: June has 30 days, so Soledad must hike 9,300 miles / 30 days = <<9300/30=310>>310 miles/day
Initially, she wanted to hike 2 times/day * 125 miles/time = <<2*125=250>>250 miles/day
To complete her journey, she must increase her hike by 310 miles/day - 250 miles/day = 60 miles/day
#### 60
2025-08-04 14:47:39,861 - INFO - 提取参考答案: 60
2025-08-04 14:47:39,861 - INFO - 生成答案: 

Step 1:First, read the problem and identify what we need to find. We need to find how many more miles per day Soledad must hike to complete her journey on time.

Step 2:Next, set up equations and pe...
2025-08-04 14:47:39,861 - INFO - 提取答案: 185
2025-08-04 14:47:39,862 - INFO - 投票统计: {'voting_method': 'majority', 'best_answer': '185', 'vote_count': 5, 'total_paths': 10, 'valid_paths': 10, 'confidence': 0.5, 'answer_distribution': {'185': 5, '900': 1, '30': 1, '60': 2, '495': 1}, 'selected_path_idx': 0}
2025-08-04 14:47:39,862 - INFO - ==================================================
2025-08-04 14:47:39,862 - INFO - 
==================================================
2025-08-04 14:47:39,862 - INFO - 样本 222: Maggie's oven is malfunctioning. When she sets it to 450 the actual temperature is 468. If it's off ...
2025-08-04 14:47:39,862 - INFO - 参考答案: The oven off by 18 degrees because 468 - 450 = <<468-450=18>>18
The oven is off by 4% because 18 / 450 x 100 = <<18/450*100=4>>4%
Therefore X + .04X = 520
Therefore 1.04X = 520
The temperature to set it is 500 because 520 / 1.04 = <<520/1.04=500>>500
#### 500
2025-08-04 14:47:39,862 - INFO - 提取参考答案: 500
2025-08-04 14:47:39,862 - INFO - 生成答案: 

Step 1:First, read the problem and identify what we need to find. We need to find the temperature Maggie should set her oven to if it's off by the same percentage for any recipe.

Step 2:Next, set u...
2025-08-04 14:47:39,862 - INFO - 提取答案: 540.8
2025-08-04 14:47:39,862 - INFO - 投票统计: {'voting_method': 'majority', 'best_answer': '540.8', 'vote_count': 3, 'total_paths': 10, 'valid_paths': 10, 'confidence': 0.3, 'answer_distribution': {'520': 2, '481.5': 1, '540.8': 3, '499.2': 3, '529': 1}, 'selected_path_idx': 3}
2025-08-04 14:47:39,862 - INFO - ==================================================
2025-08-04 14:47:39,862 - INFO - 
==================================================
2025-08-04 14:47:39,862 - INFO - 样本 223: Calvin is making soup for his family for dinner. He has a pot with enough soup to fill four adult's ...
2025-08-04 14:47:39,862 - INFO - 参考答案: Four adult bowls equal eight children’s bowls, so each adult bowl is 8 / 4 = <<8/4=2>>2 children’s bowls.
Calvin and his wife will eat two adult bowls, so they will eat the equivalent of 2 * 2 = <<2*2=4>>4 children’s bowls.
Thus, he, his wife, and their children will eat 4 + 2 = <<4+2=6>>6 children’s bowls at dinner.
After dinner, there will be 8 - 6 = <<8-6=2>>2 children’s bowls left over.
There are 2 children, so each child will be able to eat a bowl of leftover soup for lunch 2 / 2 = <<2/2=1>>1 time.
#### 1
2025-08-04 14:47:39,862 - INFO - 提取参考答案: 1
2025-08-04 14:47:39,862 - INFO - 生成答案: 

Step 1:First, read the problem and identify what we need to find. We need to find out how many times each child will be able to have a bowl of soup for lunch from the leftover soup.

Step 2:Next, se...
2025-08-04 14:47:39,862 - INFO - 提取答案: 2
2025-08-04 14:47:39,862 - INFO - 投票统计: {'voting_method': 'majority', 'best_answer': '2', 'vote_count': 4, 'total_paths': 10, 'valid_paths': 10, 'confidence': 0.4, 'answer_distribution': {'6': 3, '2': 4, '0': 1, '18': 1, '3': 1}, 'selected_path_idx': 1}
2025-08-04 14:47:39,862 - INFO - ==================================================
2025-08-04 14:47:39,862 - INFO - 
==================================================
2025-08-04 14:47:39,862 - INFO - 样本 224: Patty's Plumbing charges $40 to visit a house to make a repair, plus $35 per hour, or part thereof, ...
2025-08-04 14:47:39,862 - INFO - 参考答案: She charged for 3 hours.
The total cost from the hourly rate was 3*35=$<<3*35=105>>105.
She charged 40+105+60=<<40+105+60=205>>205.
#### 205
2025-08-04 14:47:39,863 - INFO - 提取参考答案: 205
2025-08-04 14:47:39,863 - INFO - 生成答案: 

Step 1:First, read the problem and identify what we need to find. We need to find the total amount that Patty charged for the job.

Step 2:Next, set up equations and perform the calculations. The la...
2025-08-04 14:47:39,863 - INFO - 提取答案: 170
2025-08-04 14:47:39,863 - INFO - 投票统计: {'voting_method': 'majority', 'best_answer': '170', 'vote_count': 3, 'total_paths': 10, 'valid_paths': 10, 'confidence': 0.3, 'answer_distribution': {'170': 3, '178.25': 2, '178.75': 3, '108': 1, '205': 1}, 'selected_path_idx': 0}
2025-08-04 14:47:39,863 - INFO - ==================================================
2025-08-04 14:47:39,863 - INFO - 
==================================================
2025-08-04 14:47:39,863 - INFO - 样本 228: Cole wanted to buy new jeans for a dance contest. At the store, he couldn't decide between tattered ...
2025-08-04 14:47:39,863 - INFO - 参考答案: Cole saved $6 x 1/3 = $<<6*1/3=2>>2 on the jogger jeans.
So, he saved $6 - $2 = $<<6-2=4>>4 on the tattered jeans.
The original price of the jogger jeans is $22 + $2 = $<<22+2=24>>24.
Cole bought the tattered jeans for $<<28=28>>28
Hence, the original price of the tattered jeans is $28 + $4 = $<<28+4=32>>32.
Therefore, jogger jeans originally cost $32 - $24 = $<<32-24=8>>8 more than the tattered jeans.
#### 8
2025-08-04 14:47:39,863 - INFO - 提取参考答案: 8
2025-08-04 14:47:39,863 - INFO - 生成答案: 

Step 1:First, read the problem and identify what we need to find. We need to find how much more the jogger jeans originally cost than the tattered jeans.

Step 2:Next, set up equations and perform t...
2025-08-04 14:47:39,863 - INFO - 提取答案: 6
2025-08-04 14:47:39,863 - INFO - 投票统计: {'voting_method': 'majority', 'best_answer': '6', 'vote_count': 7, 'total_paths': 10, 'valid_paths': 10, 'confidence': 0.7, 'answer_distribution': {'6': 7, '4': 2, '2': 1}, 'selected_path_idx': 0}
2025-08-04 14:47:39,863 - INFO - ==================================================
2025-08-04 14:47:39,863 - INFO - 
==================================================
2025-08-04 14:47:39,863 - INFO - 样本 232: Tim enters a competition and has to try and guess the number of red jelly beans in a jar.  The jar h...
2025-08-04 14:47:39,863 - INFO - 参考答案: The volume of the container is 6*6*15=<<6*6*15=540>>540 cubic inches
That means it can fit 540/.15=<<540/.15=3600>>3600 jelly beans
With 80% packing efficiency, you can fit 3600*.8=<<3600*.8=2880>>2880 jelly beans in there
So that means he guesses 2880*.3=<<2880*.3=864>>864 are red
So his guess is off by 900-864=<<900-864=36>>36
#### 36
2025-08-04 14:47:39,863 - INFO - 提取参考答案: 36
2025-08-04 14:47:39,863 - INFO - 生成答案: 

Step 1:First, read the problem and identify what we need to find. We need to find the distance between Tim's guess and the true number of red jelly beans in the container.

Step 2:Next, set up equat...
2025-08-04 14:47:39,863 - INFO - 提取答案: 450
2025-08-04 14:47:39,863 - INFO - 投票统计: {'voting_method': 'majority', 'best_answer': '450', 'vote_count': 2, 'total_paths': 10, 'valid_paths': 10, 'confidence': 0.2, 'answer_distribution': {'727.2': 1, '450': 2, '770.4': 2, '900': 1, '697.5': 2, '36': 1, '776': 1}, 'selected_path_idx': 1}
2025-08-04 14:47:39,864 - INFO - ==================================================
2025-08-04 14:47:39,864 - INFO - 
==================================================
2025-08-04 14:47:39,864 - INFO - 样本 235: Dennis uses 1 pound of butter for every dozen croissants that he makes.  He needs to make 6 dozen cr...
2025-08-04 14:47:39,864 - INFO - 参考答案: 1 pound of butter makes 1 dozen croissants and he needs to make 6 dozen so he needs 1*6 = <<1*6=6>>6 pounds of butter
The butter is $4.00 a pound and currently on sale for buy one get one half off so every unit of 2 pounds of butter will cost 4*1.5 = $<<4*1.5=6.00>>6.00
He needs 6 pounds of butter and the current promotion is for a unit of 2 pounds of butter so he needs to buy 6/2 = <<6/2=3>>3 units worth of butter
The sale price is $6.00 per 2 pounds of butter and he needs to buy 3 units of butter so 6*3 = $<<6*3=18.00>>18.00 worth of butter
#### 18
2025-08-04 14:47:39,864 - INFO - 提取参考答案: 18
2025-08-04 14:47:39,864 - INFO - 生成答案: 

Step 1:First, read the problem and identify what we need to find. We need to find the total cost of butter that Dennis needs to purchase.

Step 2:Next, set up equations and perform the calculations....
2025-08-04 14:47:39,864 - INFO - 提取答案: 12
2025-08-04 14:47:39,864 - INFO - 投票统计: {'voting_method': 'majority', 'best_answer': '12', 'vote_count': 3, 'total_paths': 10, 'valid_paths': 10, 'confidence': 0.3, 'answer_distribution': {'12': 3, '24': 1, '18': 2, '20': 2, '36': 1, '6': 1}, 'selected_path_idx': 0}
2025-08-04 14:47:39,864 - INFO - ==================================================
2025-08-04 14:47:39,864 - INFO - 
==================================================
2025-08-04 14:47:39,864 - INFO - 样本 244: Every day Charisma meditates for 15 minutes when she first wakes up and again before she goes to sle...
2025-08-04 14:47:39,864 - INFO - 参考答案: She meditates for 15 minutes in the morning and 15 minutes at night for a total of 15+15 = <<15+15=30>>30 minutes
She meditates 30 minutes daily so in 7 days/1 week she meditates 30*7 = <<30*7=210>>210 minutes
She meditates 210 minutes in 1 week so in 4 weeks she meditates 210*4 = <<210*4=840>>840 minutes
60 minutes are in an hour so she meditates for 840/60 = <<840/60=14>>14 hours
She practices yoga for 1 hour 5 days a week so that's 1*5 = <<1*5=5>>5 hours
Over 4 weeks she practices yoga for 4*5 = <<4*5=20>>20 hours
She spends 14 hours meditating and 20 hours practicing yoga for a total of 14+20 = <<14+20=34>>34 hours
#### 34
2025-08-04 14:47:39,864 - INFO - 提取参考答案: 34
2025-08-04 14:47:39,864 - INFO - 生成答案: 

Step 1:First, read the problem and identify what we need to find. We need to find the total amount of time Charisma spent on meditation and yoga practice in 4 weeks.

Step 2:Next, set up equations a...
2025-08-04 14:47:39,864 - INFO - 提取答案: 2040
2025-08-04 14:47:39,864 - INFO - 投票统计: {'voting_method': 'majority', 'best_answer': '2040', 'vote_count': 3, 'total_paths': 10, 'valid_paths': 10, 'confidence': 0.3, 'answer_distribution': {'2040': 3, '2940': 1, '14280': 1, '1410': 1, '9240': 2, '48': 1, '1620': 1}, 'selected_path_idx': 0}
2025-08-04 14:47:39,864 - INFO - ==================================================
2025-08-04 14:47:39,864 - INFO - 
==================================================
2025-08-04 14:47:39,865 - INFO - 样本 245: Jenny goes to the florist to buy some flowers. Roses cost $2 each and $15 for a dozen. If she bought...
2025-08-04 14:47:39,865 - INFO - 参考答案: Jenny has $25 because 5 x 5 = <<5*5=25>>25
She buys 1 dozen roses and 3 single roses because 15 - 12 - 3 = <<15-12-3=0>>0
She spends $6 on the single roses because 3 x 2 = <<3*2=6>>6
She spends $21 on roses because 15 + 6 = <<15+6=21>>21
She gets $4 in change because 25 - 21 = <<25-21=4>>4
She gets 16 quarters because 4 x 4 = <<4*4=16>>16
#### 16
2025-08-04 14:47:39,865 - INFO - 提取参考答案: 16
2025-08-04 14:47:39,865 - INFO - 生成答案: 

Step 1:First, read the problem and identify what we need to find. We need to find out how many quarters Jenny leaves with.

Step 2:Next, set up equations and perform the calculations. The total cost...
2025-08-04 14:47:39,865 - INFO - 提取答案: 20
2025-08-04 14:47:39,865 - INFO - 投票统计: {'voting_method': 'majority', 'best_answer': '20', 'vote_count': 6, 'total_paths': 10, 'valid_paths': 10, 'confidence': 0.6, 'answer_distribution': {'2': 1, '32': 1, '20': 6, '0': 1, '100': 1}, 'selected_path_idx': 2}
2025-08-04 14:47:39,865 - INFO - ==================================================
2025-08-04 14:47:39,865 - INFO - 
==================================================
2025-08-04 14:47:39,865 - INFO - 样本 247: Last month, Tasha made $80 from selling lemonade and mowing lawns. The first week, she mowed Kamala'...
2025-08-04 14:47:39,865 - INFO - 参考答案: At Kamala's Tasha made three times what she made mowing Joe's lawn, which gives 3 * 6 = <<3*6=18>>18 dollars
Since the lawn mowing sessions at Alba's were 5 times those at Joe's Tasha also made 5 * 6 = <<5*6=30>>30 dollars.
Adding up all the money earned from lawn mowing gives 6 + 18 + 30 = <<6+18+30=54>>54 dollars
Subtracting the lawn mowing money from the total amount gives us 80 - 54 = <<80-54=26>>26 dollars
Tasha therefore made 26 dollars selling lemonade.
#### 26
2025-08-04 14:47:39,865 - INFO - 提取参考答案: 26
2025-08-04 14:47:39,865 - INFO - 生成答案: 

Step 1:First, read the problem and identify what we need to find. We need to find the amount of money Tasha made from lemonade sales.

Step 2:Next, set up equations and perform the calculations. Let...
2025-08-04 14:47:39,865 - INFO - 提取答案: 40
2025-08-04 14:47:39,865 - INFO - 投票统计: {'voting_method': 'majority', 'best_answer': '40', 'vote_count': 2, 'total_paths': 10, 'valid_paths': 10, 'confidence': 0.2, 'answer_distribution': {'80': 1, '26.66': 1, '40': 2, '80-14x': 1, '26': 2, '0': 1, '59': 1, '80-6x': 1}, 'selected_path_idx': 2}
2025-08-04 14:47:39,865 - INFO - ==================================================
2025-08-04 14:47:39,865 - INFO - 
==================================================
2025-08-04 14:47:39,865 - INFO - 样本 249: Arnold, Madeline, Camden, and Sarah painted 56 easter eggs. Arnold and Madeline painted the same num...
2025-08-04 14:47:39,865 - INFO - 参考答案: Arnold and Madeline painted 56 - 30 = <<56-30=26>>26 easter eggs.
Arnold and Madeline each painted 26/2 = <<26/2=13>>13 easter eggs.
Sarah painted (30 - 12)/2 = 18/2 = <<(30-12)/2=9>>9 easter eggs.
Camden painted 9 + 12 = <<9+12=21>>21 easter eggs.
Camden painted 21 - 13 = <<21-13=8>>8 eggs more than Arnold.
#### 8
2025-08-04 14:47:39,865 - INFO - 提取参考答案: 8
2025-08-04 14:47:39,865 - INFO - 生成答案: 

Step 1:First, read the problem and identify what we need to find. We need to find the difference in the number of eggs painted by Camden and Arnold.

Step 2:Next, set up equations and perform the ca...
2025-08-04 14:47:39,865 - INFO - 提取答案: 12
2025-08-04 14:47:39,865 - INFO - 投票统计: {'voting_method': 'majority', 'best_answer': '12', 'vote_count': 5, 'total_paths': 10, 'valid_paths': 10, 'confidence': 0.5, 'answer_distribution': {'0': 1, '17': 1, '12': 5, '22': 1, '6': 1, '7': 1}, 'selected_path_idx': 2}
2025-08-04 14:47:39,866 - INFO - ==================================================
2025-08-04 14:47:39,866 - INFO - 
==================================================
2025-08-04 14:47:39,866 - INFO - 样本 250: Lauren is a cartoonist.  She can draw 5 large-sized picture scenes per day, or she can draw 6 medium...
2025-08-04 14:47:39,866 - INFO - 参考答案: At 5 small-sized picture scenes per day, 45 small-sized scenes will take 45/5 = <<45/5=9>>9 days.
At 6 medium-sized picture scenes per day, 36 medium-sized scenes will take 36/6 = <<36/6=6>>6 days.
At 7 large-sized picture scenes per day, 49 large-sized scenes will take 49/7 = <<49/7=7>>7 days.
Altogether, the entire project will take 9 + 6 +7 = <<9+6+7=22>>22 days to complete.
#### 22
2025-08-04 14:47:39,866 - INFO - 提取参考答案: 22
2025-08-04 14:47:39,866 - INFO - 生成答案: 

Step 1:First, read the problem and identify what we need to find. We need to find the number of days it will take for Lauren to create all of the picture scenes.

Step 2:Next, set up equations and p...
2025-08-04 14:47:39,866 - INFO - 提取答案: 9
2025-08-04 14:47:39,866 - INFO - 投票统计: {'voting_method': 'majority', 'best_answer': '9', 'vote_count': 3, 'total_paths': 10, 'valid_paths': 10, 'confidence': 0.3, 'answer_distribution': {'9': 3, '24': 1, '22': 1, '126': 1, '21': 1, '15': 1, '7': 1, '3': 1}, 'selected_path_idx': 0}
2025-08-04 14:47:39,866 - INFO - ==================================================
2025-08-04 14:47:39,866 - INFO - 
==================================================
2025-08-04 14:47:39,866 - INFO - 样本 267: Kenny is selling his Pokemon cards to buy a ticket to an amusement park, which costs $100. He has a ...
2025-08-04 14:47:39,866 - INFO - 参考答案: He made $150 selling the cards because 100 + 50 = <<100+50=150>>150
He sold 100 cards because 150 / 1.5 = <<150/1.5=100>>100
The cards he sold were 2/3 of his collection because 1 - (1/3) = 2/3
He started with 150 cards because 100 / (2/3) = <<100/(2/3)=150>>150
#### 150
2025-08-04 14:47:39,866 - INFO - 提取参考答案: 150
2025-08-04 14:47:39,866 - INFO - 生成答案: 

Step 1:First, read the problem and identify what we need to find. We need to find the number of cards Kenny started with.

Step 2:Next, set up equations and perform the calculations. Let's say Kenny...
2025-08-04 14:47:39,866 - INFO - 提取答案: 100
2025-08-04 14:47:39,866 - INFO - 投票统计: {'voting_method': 'majority', 'best_answer': '100', 'vote_count': 5, 'total_paths': 10, 'valid_paths': 10, 'confidence': 0.5, 'answer_distribution': {'150': 3, '147': 1, '100': 5, '75': 1}, 'selected_path_idx': 2}
2025-08-04 14:47:39,866 - INFO - ==================================================
2025-08-04 14:47:39,867 - INFO - 
==================================================
2025-08-04 14:47:39,867 - INFO - 样本 269: 3 customers were kicked out of the Walmart for refusing to wear masks. A number equals to four times...
2025-08-04 14:47:39,867 - INFO - 参考答案: First quadruple the number of customers kicked out for not wearing masks: 4 * 3 customers = <<4*3=12>>12 customers
Then subtract 5 from this number: 12 customers - 5 customers = 7 customers
Then triple that number to find the number of people kicked out for violence: 7 customers * 3 = <<7*3=21>>21 customers
Then subtract the number of customers kicked out for each known reason to find the number kicked out for other reasons: 50 customers - 3 customers - 21 customers - 7 customers = <<50-3-21-7=19>>19 customers
#### 19
2025-08-04 14:47:39,867 - INFO - 提取参考答案: 19
2025-08-04 14:47:39,867 - INFO - 生成答案: 

Step 1:First, read the problem and identify what we need to find. We need to find the number of people who were kicked out for other reasons.

Step 2:Next, set up equations and perform the calculati...
2025-08-04 14:47:39,867 - INFO - 提取答案: 2
2025-08-04 14:47:39,867 - INFO - 投票统计: {'voting_method': 'majority', 'best_answer': '2', 'vote_count': 3, 'total_paths': 10, 'valid_paths': 10, 'confidence': 0.3, 'answer_distribution': {'5': 1, '2': 3, '35': 1, '4': 1, '13': 1, '0': 1, '20': 1, '19': 1}, 'selected_path_idx': 1}
2025-08-04 14:47:39,867 - INFO - ==================================================
2025-08-04 14:47:39,867 - INFO - 
==================================================
2025-08-04 14:47:39,867 - INFO - 样本 276: Erica made 20 Valentine's cards to pass out.  Her dad brought her 2 boxes of pre-made Valentine's ca...
2025-08-04 14:47:39,867 - INFO - 参考答案: Her dad gave her 2 boxes of 15 cards so 2*15 = <<2*15=30>>30
She made 20, was given 30 and received 17 so 20+30+17 = <<20+30+17=67>>67 cards
She passed out 24 and gave 5 cards to family and friends so she gave away 24+5 = <<24+5=29>>29 cards
She had 67 cards and gave away 29 cards so 67-29 = <<67-29=38>>38 cards left
#### 38
2025-08-04 14:47:39,867 - INFO - 提取参考答案: 38
2025-08-04 14:47:39,867 - INFO - 生成答案: 

Step 1:First, read the problem and identify what we need to find. We need to find the number of Valentine's Day cards Erica now has.

Step 2:Next, set up equations and perform the calculations. Eric...
2025-08-04 14:47:39,867 - INFO - 提取答案: 43
2025-08-04 14:47:39,867 - INFO - 投票统计: {'voting_method': 'majority', 'best_answer': '43', 'vote_count': 5, 'total_paths': 10, 'valid_paths': 10, 'confidence': 0.5, 'answer_distribution': {'38': 4, '43': 5, '57': 1}, 'selected_path_idx': 1}
2025-08-04 14:47:39,867 - INFO - ==================================================
2025-08-04 14:47:39,867 - INFO - 
==================================================
2025-08-04 14:47:39,868 - INFO - 样本 278: If Marcy works for the same company for 40 years, she gets an annual pension of $50,000/year. Starti...
2025-08-04 14:47:39,868 - INFO - 参考答案: First find how many years Marcy works after 20 years: 30 years - 20 years = <<30-20=10>>10 years
Then multiply that number by the amount of her pension she gets per year: 10 years * 5% = 50%
Then multiply that percentage by the total amount of the full pension to find how much she gets: $50,000 * 50% = $<<50000*50*.01=25000>>25,000
#### 25000
2025-08-04 14:47:39,868 - INFO - 提取参考答案: 25000
2025-08-04 14:47:39,868 - INFO - 生成答案: 

Step 1:First, read the problem and identify what we need to find. We need to find Marcy's annual pension after 30 years of working.

Step 2:Next, set up equations and perform the calculations. For t...
2025-08-04 14:47:39,868 - INFO - 提取答案: 100000
2025-08-04 14:47:39,868 - INFO - 投票统计: {'voting_method': 'majority', 'best_answer': '100000', 'vote_count': 4, 'total_paths': 10, 'valid_paths': 10, 'confidence': 0.4, 'answer_distribution': {'59062.5': 1, '100000': 4, '50619': 1, '132111': 1, '1025000': 1, '36147.5': 1, '51500': 1}, 'selected_path_idx': 1}
2025-08-04 14:47:39,868 - INFO - ==================================================
2025-08-04 14:47:39,868 - INFO - 
==================================================
2025-08-04 14:47:39,868 - INFO - 样本 293: Elly is organizing her books on the new bookcases her parents bought her. Each of the middle 2 shelv...
2025-08-04 14:47:39,868 - INFO - 参考答案: The bottom shelf can hold 2 * 10 = <<2*10=20>>20 books.
The 2 middle shelves can hold a total of 2 * 10 = <<2*10=20>>20 books.
The top shelf can hold 20 – 5 = <<20-5=15>>15 books.
Each bookcase can hold a total of 20 books + 20 books + 15 books = <<20+20+15=55>>55 books.
To hold all of her books, she needs 110 / 55 = <<110/55=2>>2 bookcases.
#### 2
2025-08-04 14:47:39,868 - INFO - 提取参考答案: 2
2025-08-04 14:47:39,868 - INFO - 生成答案: 

Step 1:First, read the problem and identify what we need to find. We need to find the number of bookcases Elly needs to hold all of her books.

Step 2:Next, set up equations and perform the calculat...
2025-08-04 14:47:39,868 - INFO - 提取答案: 3
2025-08-04 14:47:39,868 - INFO - 投票统计: {'voting_method': 'majority', 'best_answer': '3', 'vote_count': 6, 'total_paths': 10, 'valid_paths': 10, 'confidence': 0.6, 'answer_distribution': {'48': 1, '3': 6, '4': 1, '5': 1, '110': 1}, 'selected_path_idx': 1}
2025-08-04 14:47:39,868 - INFO - ==================================================
2025-08-04 14:47:39,868 - INFO - 
==================================================
2025-08-04 14:47:39,868 - INFO - 样本 296: Andy's car fuel efficiency is 10 MPG (miles per gallon). If the current price for regular gas is $3/...
2025-08-04 14:47:39,869 - INFO - 参考答案: Between Monday to Friday there are 5 days
If the one-way distance between his home and office is 5 miles the total round trip distance Andy drives daily is 5*2 = <<5*2=10>>10 miles
That means he drives a total of 10 miles * 5 days = <<10*5=50>>50 miles per week
If his car's fuel efficiency is 10 MPG, then his car is consuming a total of 50 miles / 10 MPG = <<50/10=5>>5 gallons of gas each week
Given that each gallon of gas costs $3, then his car is consuming 5 * $3 = $<<5*3=15>>15 worth of gas each week
#### 15
2025-08-04 14:47:39,869 - INFO - 提取参考答案: 15
2025-08-04 14:47:39,869 - INFO - 生成答案: 

Step 1:First, read the problem and identify what we need to find. We need to find the amount of money that Andy's car is consuming per week.

Step 2:Next, set up equations and perform the calculatio...
2025-08-04 14:47:39,869 - INFO - 提取答案: 7.50
2025-08-04 14:47:39,869 - INFO - 投票统计: {'voting_method': 'majority', 'best_answer': '7.50', 'vote_count': 4, 'total_paths': 10, 'valid_paths': 10, 'confidence': 0.4, 'answer_distribution': {'7.50': 4, '10.5': 1, '75': 1, '7.5': 1, '15': 3}, 'selected_path_idx': 0}
2025-08-04 14:47:39,869 - INFO - ==================================================
2025-08-04 14:47:39,869 - INFO - 
==================================================
2025-08-04 14:47:39,869 - INFO - 样本 302: Rob, Royce, and Pedro are contractors getting ready to put a new roof on three homes. If the three h...
2025-08-04 14:47:39,869 - INFO - 参考答案: Let x be the number of cases of shingles for the second house
The first house needs 1/2 x cases of shingles
The third house needs 2(1/2)x=x cases of shingles
250=x+x+(1/2)x
250=(5/2)x
250(2/5)=100=x
The third house needs 100 cases of shingles
#### 100
2025-08-04 14:47:39,869 - INFO - 提取参考答案: 100
2025-08-04 14:47:39,869 - INFO - 生成答案: 

Step 1:First, read the problem and identify what we need to find. We need to find the number of cases of shingles the third house will need.

Step 2:Next, set up equations and perform the calculatio...
2025-08-04 14:47:39,869 - INFO - 提取答案: 143
2025-08-04 14:47:39,869 - INFO - 投票统计: {'voting_method': 'majority', 'best_answer': '143', 'vote_count': 2, 'total_paths': 10, 'valid_paths': 10, 'confidence': 0.2, 'answer_distribution': {'2': 1, '143': 2, '100': 1, '142.86': 1, '166': 1, '71': 1, '90.91': 1, '83': 1, '142': 1}, 'selected_path_idx': 1}
2025-08-04 14:47:39,869 - INFO - ==================================================
2025-08-04 14:47:39,869 - INFO - 
==================================================
2025-08-04 14:47:39,869 - INFO - 样本 304: Tara bought 8 packs of 5 canvas bags for $4 each. She painted them and sold them at a craft fair for...
2025-08-04 14:47:39,869 - INFO - 参考答案: The total number of bags is 8*5 = <<8*5=40>>40
The cost of the 40 bags is 40*4 = <<40*4=160>>160
Tara sold the 40 bags at 8 each earning her 40*8 = <<40*8=320>>320
Her profit was 320-160 = <<320-160=160>>160
#### 160
2025-08-04 14:47:39,869 - INFO - 提取参考答案: 160
2025-08-04 14:47:39,869 - INFO - 生成答案: 

Step 1:First, read the problem and identify what we need to find. We need to find the profit earned by Tara on her bags.

Step 2:Next, set up equations and perform the calculations. The total cost o...
2025-08-04 14:47:39,869 - INFO - 提取答案: 32
2025-08-04 14:47:39,870 - INFO - 投票统计: {'voting_method': 'majority', 'best_answer': '32', 'vote_count': 7, 'total_paths': 10, 'valid_paths': 10, 'confidence': 0.7, 'answer_distribution': {'8': 2, '32': 7, '160': 1}, 'selected_path_idx': 1}
2025-08-04 14:47:39,870 - INFO - ==================================================
2025-08-04 14:47:39,870 - INFO - 
==================================================
2025-08-04 14:47:39,870 - INFO - 样本 310: Sara wants to buy herself a new jacket and 2 pairs of shoes. The jacket she wants costs $30 and each...
2025-08-04 14:47:39,870 - INFO - 参考答案: Both pairs of shoes will cost a total of 2 * $20 = $<<2*20=40>>40.
Sara will need to save a total of $30 + $40 = $<<30+40=70>>70 to buy everything that she wants.
Sara has earned 4 * $5 = $<<4*5=20>>20 from babysitting.
Between her savings and the babysitting, Sara has already saved $10 + $20 = $<<10+20=30>>30.
Sara needs to earn an additional $70 - $30 = $<<70-30=40>>40 from mowing the lawn to afford her clothes.
Sara must mow the lawn $40 / $4 = <<40/4=10>>10 times to afford to buy the jacket and shoes.
#### 10
2025-08-04 14:47:39,870 - INFO - 提取参考答案: 10
2025-08-04 14:47:39,870 - INFO - 生成答案: 

Step 1:First, read the problem and identify what we need to find. We need to find the number of times Sara must mow the lawn before she can afford the jacket and shoes.

Step 2:Next, set up equation...
2025-08-04 14:47:39,870 - INFO - 提取答案: 15
2025-08-04 14:47:39,870 - INFO - 投票统计: {'voting_method': 'majority', 'best_answer': '15', 'vote_count': 3, 'total_paths': 10, 'valid_paths': 10, 'confidence': 0.3, 'answer_distribution': {'8': 2, '3': 1, '10': 2, '15': 3, '11': 2}, 'selected_path_idx': 3}
2025-08-04 14:47:39,870 - INFO - ==================================================
2025-08-04 14:47:39,870 - INFO - 
==================================================
2025-08-04 14:47:39,870 - INFO - 样本 314: Ben bought a car for $20000 in 2007. The price of the car depreciates at a constant rate of 21% per ...
2025-08-04 14:47:39,870 - INFO - 参考答案: The price of the car depreciates of 20000 * 21% = $<<20000*21*.01=4200>>4200 per year.
Ben had the car for 2010 - 2007 = <<2010-2007=3>>3 years.
The price of the car depreciates 4200 * 3 = $<<4200*3=12600>>12600 from 2007 to 2010.
So the price of the car in the year 2010 is $20000 - $12600 = $<<20000-12600=7400>>7400.
#### 7400
2025-08-04 14:47:39,870 - INFO - 提取参考答案: 7400
2025-08-04 14:47:39,870 - INFO - 生成答案: 

Step 1:First, read the problem and identify what we need to find. We need to find the price of the car in the year 2010.

Step 2:Next, set up equations and perform the calculations. The price of the...
2025-08-04 14:47:39,870 - INFO - 提取答案: 10240
2025-08-04 14:47:39,871 - INFO - 投票统计: {'voting_method': 'majority', 'best_answer': '10240', 'vote_count': 3, 'total_paths': 10, 'valid_paths': 10, 'confidence': 0.3, 'answer_distribution': {'10240': 3, '9811.36': 1, '9854.24': 1, '10020': 1, '9816.80': 1, '9856': 1, '9900': 1, '9816': 1}, 'selected_path_idx': 0}
2025-08-04 14:47:39,871 - INFO - ==================================================
2025-08-04 14:47:39,871 - INFO - 
==================================================
2025-08-04 14:47:39,871 - INFO - 样本 317: At the trip to the county-level scavenger hunt competition, 90 people were required to split into gr...
2025-08-04 14:47:39,871 - INFO - 参考答案: Since the total number of people at the competition was 90, they formed 90/9=<<90/9=10>>10 groups after splitting into 9-person groups.
If 3/5 of the number of groups each had members bringing back 2 seashells each, then 3/5*10=<<3/5*10=6>>6 groups had members bringing back 2 seashells.
Since each group had 9 people, the number of people in the 6 groups, who found 2 seashells each, was 6*9= <<6*9=54>>54.
The total number of seashells the 54 people brought is 54*2=<<54*2=108>>108 seashells.
#### 108
2025-08-04 14:47:39,871 - INFO - 提取参考答案: 108
2025-08-04 14:47:39,871 - INFO - 生成答案: 

Step 1:First, read the problem and identify what we need to find. We need to find the total number of seashells that the groups brought.

Step 2:Next, set up equations and perform the calculations. ...
2025-08-04 14:47:39,871 - INFO - 提取答案: 12
2025-08-04 14:47:39,871 - INFO - 投票统计: {'voting_method': 'majority', 'best_answer': '12', 'vote_count': 10, 'total_paths': 10, 'valid_paths': 10, 'confidence': 1.0, 'answer_distribution': {'12': 10}, 'selected_path_idx': 0}
2025-08-04 14:47:39,871 - INFO - ==================================================
2025-08-04 14:47:39,871 - INFO - 
==================================================
2025-08-04 14:47:39,871 - INFO - 样本 327: Sasha and Julie are best friends playing on opposing basketball teams. The teams have two practice g...
2025-08-04 14:47:39,871 - INFO - 参考答案: In the first game, Sasha scored 14 points, and Julie scored four fewer points: 14-4 = <<14-4=10>>10 points.
In the second game, Sasha scored 6 points fewer than Julie's score in the first game, meaning she scored 10-6=<<10-6=4>>4 points.
Sasha scored 10+4=<<10+4=14>>14 points in the two games.
#### 14
2025-08-04 14:47:39,871 - INFO - 提取参考答案: 14
2025-08-04 14:47:39,871 - INFO - 生成答案: 

Step 1:First, read the problem and identify what we need to find. We need to find the total number of points Sasha scored during both games.

Step 2:Next, set up equations and perform the calculatio...
2025-08-04 14:47:39,871 - INFO - 提取答案: 18
2025-08-04 14:47:39,871 - INFO - 投票统计: {'voting_method': 'majority', 'best_answer': '18', 'vote_count': 10, 'total_paths': 10, 'valid_paths': 10, 'confidence': 1.0, 'answer_distribution': {'18': 10}, 'selected_path_idx': 0}
2025-08-04 14:47:39,871 - INFO - ==================================================
2025-08-04 14:47:39,872 - INFO - 
==================================================
2025-08-04 14:47:39,872 - INFO - 样本 329: Mrs. Tatiana owns a grocery store that sells different fruits and vegetables, which includes carrots...
2025-08-04 14:47:39,872 - INFO - 参考答案: In the first year, the price of carrots increases by 5/100*120 = $<<5/100*120=6>>6
After 3 years, the price of carrots will increase by $6*3 = $<<6*3=18>>18
The total price of carrots after three years will be 120+18 = $<<120+18=138>>138
#### 138
2025-08-04 14:47:39,872 - INFO - 提取参考答案: 138
2025-08-04 14:47:39,872 - INFO - 生成答案: 

Step 1:First, read the problem and identify what we need to find. We need to find the price of carrots after three years.

Step 2:Next, set up equations and perform the calculations. The price of ca...
2025-08-04 14:47:39,872 - INFO - 提取答案: 139
2025-08-04 14:47:39,872 - INFO - 投票统计: {'voting_method': 'majority', 'best_answer': '139', 'vote_count': 10, 'total_paths': 10, 'valid_paths': 10, 'confidence': 1.0, 'answer_distribution': {'139': 10}, 'selected_path_idx': 0}
2025-08-04 14:47:39,872 - INFO - ==================================================
2025-08-04 14:47:39,872 - INFO - 
==================================================
2025-08-04 14:47:39,872 - INFO - 样本 335: The Llesis family drove and hiked 6 hours to their vacation spot. They drove an average of 50 miles ...
2025-08-04 14:47:39,872 - INFO - 参考答案: Half the average speed of Llesis family driving is 50/2 = <<50/2=25>>25 miles per hour.
Hence, their average speed hiking was 25 - 5 = <<25-5=20>>20 miles per hour.
So, they hiked 20 x 1.5 = <<20*1.5=30>>30 miles.
It took them a total of 6 - 1.5 = <<6-1.5=4.5>>4.5 hours driving.
So, they drove 50 x 4.5 = <<50*4.5=225>>225 miles.
Therefore, their vacation spot was 30 + 225 = <<30+225=255>>255 miles far.
#### 255
2025-08-04 14:47:39,872 - INFO - 提取参考答案: 255
2025-08-04 14:47:39,872 - INFO - 生成答案: 

Step 1:First, read the problem and identify what we need to find. We need to find the distance to their vacation spot.

Step 2:Next, set up equations and perform the calculations. Let's denote the s...
2025-08-04 14:47:39,872 - INFO - 提取答案: 225
2025-08-04 14:47:39,872 - INFO - 投票统计: {'voting_method': 'majority', 'best_answer': '225', 'vote_count': 3, 'total_paths': 10, 'valid_paths': 10, 'confidence': 0.3, 'answer_distribution': {'300': 2, '155': 1, '125': 1, '225': 3, '3.75': 1, '230': 1, '207': 1}, 'selected_path_idx': 3}
2025-08-04 14:47:39,872 - INFO - ==================================================
2025-08-04 14:47:39,872 - INFO - 
==================================================
2025-08-04 14:47:39,872 - INFO - 样本 338: Cedar Falls Middle School has students in grades 4 – 7 and each year they are challenged to earn as ...
2025-08-04 14:47:39,872 - INFO - 参考答案: There are 4 grades in the middle school x 10 students = <<4*10=40>>40 students who get to try the escape room.
There will be 40 students / 8 students in a group = <<40/8=5>>5 groups who get to try the escape room.
It will take 5 groups x 45 minutes = <<5*45=225>>225 minutes.
#### 225
2025-08-04 14:47:39,873 - INFO - 提取参考答案: 225
2025-08-04 14:47:39,873 - INFO - 生成答案: 

Step 1:First, read the problem and identify what we need to find. We need to find the total time it will take for everyone to try the escape room.

Step 2:Next, set up equations and perform the calc...
2025-08-04 14:47:39,873 - INFO - 提取答案: 56.25
2025-08-04 14:47:39,873 - INFO - 投票统计: {'voting_method': 'majority', 'best_answer': '56.25', 'vote_count': 3, 'total_paths': 10, 'valid_paths': 10, 'confidence': 0.3, 'answer_distribution': {'56.25': 3, '225': 3, '450': 1, '1350': 1, '180': 2}, 'selected_path_idx': 0}
2025-08-04 14:47:39,873 - INFO - ==================================================
2025-08-04 14:47:39,873 - INFO - 
==================================================
2025-08-04 14:47:39,873 - INFO - 样本 339: A dance studio offers lessons to students. It costs $25 per session to rent the studio plus $1.50 pe...
2025-08-04 14:47:39,873 - INFO - 参考答案: The total earnings from 10 students is $1.50 x 10 = $<<1.50*10=15>>15 per session.
So the total earnings per session is $15 + $25 = $<<15+25=40>>40.
Thus, every week the dance studio earns $40 x 3 = $<<40*3=120>>120.
Therefore, it will earn $120 x 4 = $<<120*4=480>>480 in a month.
#### 480
2025-08-04 14:47:39,873 - INFO - 提取参考答案: 480
2025-08-04 14:47:39,873 - INFO - 生成答案: 

Step 1:First, read the problem and identify what we need to find. We need to find the expected earnings of the dance studio in a month.

Step 2:Next, set up equations and perform the calculations. T...
2025-08-04 14:47:39,873 - INFO - 提取答案: 240
2025-08-04 14:47:39,873 - INFO - 投票统计: {'voting_method': 'majority', 'best_answer': '240', 'vote_count': 2, 'total_paths': 10, 'valid_paths': 10, 'confidence': 0.2, 'answer_distribution': {'525': 1, '240': 2, '420': 1, '1000': 1, '1920': 1, '480': 2, '205': 1, '300': 1}, 'selected_path_idx': 1}
2025-08-04 14:47:39,873 - INFO - ==================================================
2025-08-04 14:47:39,873 - INFO - 
==================================================
2025-08-04 14:47:39,873 - INFO - 样本 345: 9 out of 10 cheerleaders are 64" tall.  The 10th cheerleader is 60" tall.  If they build a human pyr...
2025-08-04 14:47:39,873 - INFO - 参考答案: All but one cheerleader is 64" tall and these cheerleaders make up the bottom 3 layers of the pyramid. So, when standing on top of each other, they are 64*3 = <<64*3=192>>192" tall
The shortest cheerleader is at the top of the pyramid and is 60" tall so the pyramid is 192+60 = <<252=252>>252" tall
12" are in 1 foot and the pyramid is 252" tall so it's 252/12 = <<252/12=21>>21 feet tall
#### 21
2025-08-04 14:47:39,873 - INFO - 提取参考答案: 21
2025-08-04 14:47:39,873 - INFO - 生成答案: 

Step 1:First, read the problem and identify what we need to find. We need to find the height of the human pyramid.

Step 2:Next, set up equations and perform the calculations. The average height of ...
2025-08-04 14:47:39,873 - INFO - 提取答案: 48
2025-08-04 14:47:39,873 - INFO - 投票统计: {'voting_method': 'majority', 'best_answer': '48', 'vote_count': 3, 'total_paths': 10, 'valid_paths': 10, 'confidence': 0.3, 'answer_distribution': {'39.4': 1, '44.67': 1, '52.5': 1, '21.5': 1, '48': 3, '53': 2, '96': 1}, 'selected_path_idx': 4}
2025-08-04 14:47:39,873 - INFO - ==================================================
2025-08-04 14:47:39,874 - INFO - 
==================================================
2025-08-04 14:47:39,874 - INFO - 样本 346: Last night Rick killed ten wolves and 15 cougars while hunting. Today Rick killed three times as man...
2025-08-04 14:47:39,874 - INFO - 参考答案: The total number of animals that Rick killed while hunting yesterday is 15+10 = <<15+10=25>>25
Today, Rick killed three fewer cougars than the previous night, a total of 15-3 = <<15-3=12>>12 cougars.
He also killed three times as many wolves as cougars today, a total of 3*12 = <<3*12=36>>36 wolves.
Together, his hunt today yielded 36+12 = <<36+12=48>>48 animals.
In total, he has 48+25 = <<48+25=73>>73 animals from the hunt.
#### 73
2025-08-04 14:47:39,874 - INFO - 提取参考答案: 73
2025-08-04 14:47:39,874 - INFO - 生成答案: 

Step 1:First, read the problem and identify what we need to find. We need to find the total number of animals Rick killed.

Step 2:Next, set up equations and perform the calculations. Rick killed 10...
2025-08-04 14:47:39,874 - INFO - 提取答案: 82
2025-08-04 14:47:39,874 - INFO - 投票统计: {'voting_method': 'majority', 'best_answer': '82', 'vote_count': 6, 'total_paths': 10, 'valid_paths': 10, 'confidence': 0.6, 'answer_distribution': {'73': 2, '45': 1, '82': 6, '29': 1}, 'selected_path_idx': 3}
2025-08-04 14:47:39,874 - INFO - ==================================================
2025-08-04 14:47:39,874 - INFO - 
==================================================
2025-08-04 14:47:39,874 - INFO - 样本 358: Blake and Kelly are having a contest to see who can run the most in 15 minutes. They decide to do it...
2025-08-04 14:47:39,874 - INFO - 参考答案: Blake runs 200 yards for each back and forth because 100 x 2 = 200
He runs 3000 yards in total because 200 x 15 = <<200*15=3000>>3000
Kelly runs 200 yards at first because 100 x 2 = <<100*2=200>>200
She runs 80 yards each time she does a back and forth to the 40-yard line because 40 x 2 = <<40*2=80>>80
She runs 2720 from these back and forth because 34 x 80 = <<34*80=2720>>2720
She runs 2920 in total because 2720 + 200 = <<2720+200=2920>>2920
Blake won because 3000 > 2920
The winner ran 80 yards more than the loser because 3000 - 2920 = <<3000-2920=80>>80
#### 80
2025-08-04 14:47:39,874 - INFO - 提取参考答案: 80
2025-08-04 14:47:39,874 - INFO - 生成答案: 

Step 1:First, read the problem and identify what we need to find. We need to find the difference between the distance run by the winner and the distance run by the loser.

Step 2:Next, set up equati...
2025-08-04 14:47:39,874 - INFO - 提取答案: 1220
2025-08-04 14:47:39,874 - INFO - 投票统计: {'voting_method': 'majority', 'best_answer': '1220', 'vote_count': 3, 'total_paths': 10, 'valid_paths': 10, 'confidence': 0.3, 'answer_distribution': {'1280': 1, '1220': 3, '2440': 1, '280': 1, '1080': 1, '2690': 1, '1320': 1, '40': 1}, 'selected_path_idx': 1}
2025-08-04 14:47:39,874 - INFO - ==================================================
2025-08-04 14:47:39,875 - INFO - 
==================================================
2025-08-04 14:47:39,875 - INFO - 样本 360: Thomas withdraws $1000 in 20 dollar bills from the bank account.  He loses 10 bills while getting ho...
2025-08-04 14:47:39,875 - INFO - 参考答案: He withdrew 1000/20=<<1000/20=50>>50 bills
So he has 50-10=<<50-10=40>>40 bills left over
He uses half the bills to pay for something, so he has 40/2=<<40/2=20>>20 bills
He triples his money which gives him 20*3=<<20*3=60>>60 bills
So he has 60*20=$<<60*20=1200>>1200
Converting to 5s means he has 1200/5=<<1200/5=240>>240 bills
#### 240
2025-08-04 14:47:39,875 - INFO - 提取参考答案: 240
2025-08-04 14:47:39,875 - INFO - 生成答案: 

Step 1:First, read the problem and identify what we need to find. We need to find the number of 5 dollar bills Thomas has.

Step 2:Next, set up equations and perform the calculations. Thomas withdra...
2025-08-04 14:47:39,875 - INFO - 提取答案: 12
2025-08-04 14:47:39,875 - INFO - 投票统计: {'voting_method': 'majority', 'best_answer': '12', 'vote_count': 7, 'total_paths': 10, 'valid_paths': 10, 'confidence': 0.7, 'answer_distribution': {'12': 7, '24': 2, '750': 1}, 'selected_path_idx': 0}
2025-08-04 14:47:39,875 - INFO - ==================================================
2025-08-04 14:47:39,875 - INFO - 
==================================================
2025-08-04 14:47:39,875 - INFO - 样本 382: Debra is monitoring a beehive to see how many bees come and go in a day. She sees 30 bees leave the ...
2025-08-04 14:47:39,875 - INFO - 参考答案: Debra first sees 30 bees leave the hive, then sees 1/2 that many return, 30 x 1/2 = <<30*1/2=15>>15 bees that return and 15 bees that are still away from the hive.
Debra sees twice as many bees as first left the hive--which was 30--fly from the hive in the next 6 hours, 30 x 2 = <<30*2=60>>60 bees that leave the hive.
In total, 30 + 60 = <<30+60=90>>90 bees left the hive.
There were 90 bees total that left the hive - 15 bees that already returned = <<90-15=75>>75 bees that return to the hive in the last 6 hours of the day.
#### 75
2025-08-04 14:47:39,875 - INFO - 提取参考答案: 75
2025-08-04 14:47:39,875 - INFO - 生成答案: 

Step 1:First, read the problem and identify what we need to find. We need to find the number of bees that Debra saw return to the hive in the last 6 hours of the day.

Step 2:Next, set up equations ...
2025-08-04 14:47:39,875 - INFO - 提取答案: 45
2025-08-04 14:47:39,875 - INFO - 投票统计: {'voting_method': 'majority', 'best_answer': '45', 'vote_count': 4, 'total_paths': 10, 'valid_paths': 10, 'confidence': 0.4, 'answer_distribution': {'90': 2, '75': 2, '45': 4, '15': 1, '30': 1}, 'selected_path_idx': 2}
2025-08-04 14:47:39,875 - INFO - ==================================================
2025-08-04 14:47:39,876 - INFO - 
==================================================
2025-08-04 14:47:39,876 - INFO - 样本 386: The ice cream parlor was offering a deal, buy 2 scoops of ice cream, get 1 scoop free.  Each scoop c...
2025-08-04 14:47:39,876 - INFO - 参考答案: Each scoop cost $1.50. If she buys 2, she gets one free. So it will cost her 2 * 1.50 = $<<2*1.50=3.00>>3.00 for thee scoops total.
If you break it down, 3 scoops of ice cream cost $3.00 so 3/3 = $<<3/3=1.00>>1.00 per scoop
Erin has $6.00 and each scoop ends up costing $1.00 each then 6/1 = <<6/1=6>>6 scoops total
#### 6
2025-08-04 14:47:39,876 - INFO - 提取参考答案: 6
2025-08-04 14:47:39,876 - INFO - 生成答案: 

Step 1:First, read the problem and identify what we need to find. We need to find the number of scoops of ice cream Erin should buy.

Step 2:Next, set up equations and perform the calculations. If E...
2025-08-04 14:47:39,876 - INFO - 提取答案: 4
2025-08-04 14:47:39,876 - INFO - 投票统计: {'voting_method': 'majority', 'best_answer': '4', 'vote_count': 4, 'total_paths': 10, 'valid_paths': 10, 'confidence': 0.4, 'answer_distribution': {'3': 2, '4': 4, '8': 1, '2': 1, '6': 2}, 'selected_path_idx': 1}
2025-08-04 14:47:39,876 - INFO - ==================================================
2025-08-04 14:47:39,876 - INFO - 
==================================================
2025-08-04 14:47:39,876 - INFO - 样本 387: Watson works a 10-hour shift each day, five days a week. He earns $10 per hour and gets a $300 bonus...
2025-08-04 14:47:39,876 - INFO - 参考答案: In a day, Watson makes 10 * 10 = $<<10*10=100>>100
If he works five days a week, the total number of days for the whole month is 5 * 4= <<5*4=20>>20 days.
Since he makes $100 per day, the total amount for the whole month is 20 * 100= $<<20*100=2000>>2000.
He also got a 300 * 4 = $<<300*4=1200>>1200 bonus because the company performed well in all the weeks of April.
At the end of April, he earned 2000 +1200 = $<<2000+1200=3200>>3200.
#### 3200
2025-08-04 14:47:39,876 - INFO - 提取参考答案: 3200
2025-08-04 14:47:39,876 - INFO - 生成答案: 

Step 1:First, read the problem and identify what we need to find. We need to find the total amount of money Watson made in April.

Step 2:Next, set up equations and perform the calculations. Watson ...
2025-08-04 14:47:39,876 - INFO - 提取答案: 24000
2025-08-04 14:47:39,876 - INFO - 投票统计: {'voting_method': 'majority', 'best_answer': '24000', 'vote_count': 6, 'total_paths': 10, 'valid_paths': 10, 'confidence': 0.6, 'answer_distribution': {'24000': 6, '800': 2, '3200': 1, '16200': 1}, 'selected_path_idx': 0}
2025-08-04 14:47:39,876 - INFO - ==================================================
2025-08-04 14:47:39,876 - INFO - 
==================================================
2025-08-04 14:47:39,876 - INFO - 样本 391: Jordan wanted to surprise her mom with a homemade birthday cake.  From reading the instructions, she...
2025-08-04 14:47:39,876 - INFO - 参考答案: 1 hour is 60 minutes so we know that 2 hours to cool the cake is the same as 2*60 so <<2*60=120>>120 min
It will take Jordan 20 min to make the batter, 30 to bake, 120 to cool and 10 to frost so the cake will take 20 +30 +120 +10 = <<20+30+120+10=180>>180 minutes total
Jordan needs to convert 180 minutes to hours so 180/60 = <<180/60=3>>3 hours
If the cake needs to be finished by 5:00 pm and it will take 3 hours total to make then 5-3 = <<5-3=2>>2:00 pm is the latest she can start making the cake
#### 2
2025-08-04 14:47:39,876 - INFO - 提取参考答案: 2
2025-08-04 14:47:39,877 - INFO - 生成答案: 

Step 1:First, read the problem and identify what we need to find. We need to find the latest time of day that Jordan can start making the cake to be ready to serve it at 5:00 pm.

Step 2:Next, set u...
2025-08-04 14:47:39,877 - INFO - 提取答案: 2:00p
2025-08-04 14:47:39,877 - INFO - 投票统计: {'voting_method': 'majority', 'best_answer': '2:00p', 'vote_count': 9, 'total_paths': 10, 'valid_paths': 10, 'confidence': 0.9, 'answer_distribution': {'2:00p': 9, '2:00': 1}, 'selected_path_idx': 0}
2025-08-04 14:47:39,877 - INFO - ==================================================
2025-08-04 14:47:39,877 - INFO - 
==================================================
2025-08-04 14:47:39,877 - INFO - 样本 396: Sadie slept 8 hours on Monday. For the next two days, she slept 2 hours less, each, because she had ...
2025-08-04 14:47:39,877 - INFO - 参考答案: If on Monday she slept 8 hours, then she slept 8-2 = <<8-2=6>>6 hours on each of the next two days.
The total number of hours slept for the two days will be 6*2 = <<6*2=12>>12 hours.
If she slept 1 hour more for the rest of the week each day, then each day she slept 6+1 = <<6+1=7>>7 hours.
The total for the rest of the week will be 4*7 = <<4*7=28>>28 hours.
The total number of hours slept for the whole week will be 8+12+28 = <<8+12+28=48>>48 hours.
#### 48
2025-08-04 14:47:39,877 - INFO - 提取参考答案: 48
2025-08-04 14:47:39,877 - INFO - 生成答案: 

Step 1:First, read the problem and identify what we need to find. We need to find the total number of hours Sadie slept throughout the week.

Step 2:Next, set up equations and perform the calculatio...
2025-08-04 14:47:39,877 - INFO - 提取答案: 34
2025-08-04 14:47:39,877 - INFO - 投票统计: {'voting_method': 'majority', 'best_answer': '34', 'vote_count': 4, 'total_paths': 10, 'valid_paths': 10, 'confidence': 0.4, 'answer_distribution': {'34': 4, '48': 1, '40': 1, '55': 4}, 'selected_path_idx': 0}
2025-08-04 14:47:39,877 - INFO - ==================================================
2025-08-04 14:47:39,877 - INFO - 
==================================================
2025-08-04 14:47:39,877 - INFO - 样本 399: Ronnie was given $5 while Rissa was given thrice as much. After each of them had given an equal amou...
2025-08-04 14:47:39,877 - INFO - 参考答案: Rissa was given $5 x 3 = $<<5*3=15>>15.
After Rissa had given an amount to her sister, she has $15 x 4/5 = $<<15*4/5=12>>12 left.
This means she has given $15 - $12 = $<<15-12=3>>3.
Since Ronnie had given the same amount as Rissa, then Ronnie is left with $5 - $3 = $<<5-3=2>>2.
#### 2
2025-08-04 14:47:39,877 - INFO - 提取参考答案: 2
2025-08-04 14:47:39,877 - INFO - 生成答案: 

Step 1:First, read the problem and identify what we need to find. We need to find how much money is left in Ronnie's money.

Step 2:Next, set up equations and perform the calculations. Let's say Ron...
2025-08-04 14:47:39,877 - INFO - 提取答案: 0
2025-08-04 14:47:39,877 - INFO - 投票统计: {'voting_method': 'majority', 'best_answer': '0', 'vote_count': 3, 'total_paths': 10, 'valid_paths': 10, 'confidence': 0.3, 'answer_distribution': {'0': 3, '5': 2, '4': 3, '12': 1, '\\frac{2}{5}': 1}, 'selected_path_idx': 0}
2025-08-04 14:47:39,877 - INFO - ==================================================
2025-08-04 14:47:39,878 - INFO - 
==================================================
2025-08-04 14:47:39,878 - INFO - 样本 402: At the beginning of the party, there were 25 men and 15 women. After an hour, 1/4 of the total numbe...
2025-08-04 14:47:39,878 - INFO - 参考答案: There were a total of 25 men + 15 women = <<25+15=40>>40 people who attended the party.
After an hour, 40 people / 4 = <<40/4=10>>10 people left the party.
This means 40 people - 10 people = <<40-10=30>>30 people stayed.
Out of the 30 who stayed, 30 people - 22 men = <<30-22=8>>8 were women.
#### 8
2025-08-04 14:47:39,878 - INFO - 提取参考答案: 8
2025-08-04 14:47:39,878 - INFO - 生成答案: 

Step 1:First, read the problem and identify what we need to find. We need to find the number of women who left the party.

Step 2:Next, set up equations and perform the calculations. The total numbe...
2025-08-04 14:47:39,878 - INFO - 提取答案: 7
2025-08-04 14:47:39,878 - INFO - 投票统计: {'voting_method': 'majority', 'best_answer': '7', 'vote_count': 3, 'total_paths': 10, 'valid_paths': 10, 'confidence': 0.3, 'answer_distribution': {'8': 2, '29': 1, '7': 3, '11': 1, '5': 1, '12': 2}, 'selected_path_idx': 2}
2025-08-04 14:47:39,878 - INFO - ==================================================
2025-08-04 14:47:39,878 - INFO - 
==================================================
2025-08-04 14:47:39,878 - INFO - 样本 406: Susan orders 3 magazines that send 12 issues a year.  She has 1 magazine that sends 6 issues a year....
2025-08-04 14:47:39,878 - INFO - 参考答案: She has 3 magazines that send 12 issues so that’s 3*12 = <<3*12=36>>36 issues
Her last magazine sends her 4 times the amount of the 6 issue magazine so that’s 4*6 = <<4*6=24>>24 issues
All total she receives 36+24+6 = <<36+24+6=66>>66 magazine issues a year
#### 66
2025-08-04 14:47:39,878 - INFO - 提取参考答案: 66
2025-08-04 14:47:39,878 - INFO - 生成答案: 

Step 1:First, read the problem and identify what we need to find. We need to find the total number of magazines Susan gets every year.

Step 2:Next, set up equations and perform the calculations. Th...
2025-08-04 14:47:39,878 - INFO - 提取答案: 42
2025-08-04 14:47:39,878 - INFO - 投票统计: {'voting_method': 'majority', 'best_answer': '42', 'vote_count': 4, 'total_paths': 10, 'valid_paths': 10, 'confidence': 0.4, 'answer_distribution': {'42': 4, '5': 2, '66': 2, '7': 1, '3': 1}, 'selected_path_idx': 0}
2025-08-04 14:47:39,878 - INFO - ==================================================
2025-08-04 14:47:39,878 - INFO - 
==================================================
2025-08-04 14:47:39,879 - INFO - 样本 417: An interior design firm offers installation for $129.00.  It includes hanging 4 mirrors, 2 shelves, ...
2025-08-04 14:47:39,879 - INFO - 参考答案: The service includes 4 mirrors and she has 6 so that's 6-4 = <<6-4=2>>2 extra mirrors
An additional item is an extra $15.00 so that's 2*15 = $30.00
The service includes 1 chandelier and she has 2 so that's 2-1 = 1 extra chandelier
An additional item is an extra $15.00 so that's 1*15 = $<<1*15=15.00>>15.00
The service includes 10 pictures and she has 20 to that's 20-10 = <<20-10=10>>10 extra pictures
An additional item is an extra $15.00 so that's 10*15 = $<<10*15=150.00>>150.00
The service costs $129.00 and the extra mirrors are $30.00, the chandelier is $15.00 and the pictures are $150.00 for a total of 129+30+15+150 = $<<129+30+15+150=324.00>>324.00
#### 324
2025-08-04 14:47:39,879 - INFO - 提取参考答案: 324
2025-08-04 14:47:39,879 - INFO - 生成答案: 

Step 1:First, read the problem and identify what we need to find. We need to find the total cost of the installation.

Step 2:Next, set up equations and perform the calculations. The cost of install...
2025-08-04 14:47:39,879 - INFO - 提取答案: 549
2025-08-04 14:47:39,879 - INFO - 投票统计: {'voting_method': 'majority', 'best_answer': '549', 'vote_count': 7, 'total_paths': 10, 'valid_paths': 10, 'confidence': 0.7, 'answer_distribution': {'549': 7, '429': 1, '969': 1, '489': 1}, 'selected_path_idx': 0}
2025-08-04 14:47:39,879 - INFO - ==================================================
2025-08-04 14:47:39,879 - INFO - 
==================================================
2025-08-04 14:47:39,879 - INFO - 样本 424: Theo has $6000 he wishes to spend on his upcoming business trip to South Africa. He buys 6 business ...
2025-08-04 14:47:39,879 - INFO - 参考答案: Theo buys business suits for 6 suits * $100/suit = $<<6*100=600>>600.
Theo buys suitcases for 3 suitcases * $50/suitcase = $<<3*50=150>>150.
Theo buys a flight ticket that costs $700 + 5 * $100 = $<<700+5*100=1200>>1200.
Theo can spend $6000 - $600 - $150 - $1200 - $2000 = $<<6000-600-150-1200-2000=2050>>2050 on gifts for his friends.
#### 2050
2025-08-04 14:47:39,879 - INFO - 提取参考答案: 2050
2025-08-04 14:47:39,879 - INFO - 生成答案: 

Step 1:First, read the problem and identify what we need to find. We need to find out how much Theo has to spend on buying gifts for his business partners in South Africa.

Step 2:Next, set up equat...
2025-08-04 14:47:39,879 - INFO - 提取答案: 1950
2025-08-04 14:47:39,879 - INFO - 投票统计: {'voting_method': 'majority', 'best_answer': '1950', 'vote_count': 2, 'total_paths': 10, 'valid_paths': 10, 'confidence': 0.2, 'answer_distribution': {'1250': 1, '1950': 2, '1650': 1, '1750': 2, '3750': 1, '2550': 2, '3050': 1}, 'selected_path_idx': 1}
2025-08-04 14:47:39,879 - INFO - ==================================================
2025-08-04 14:47:39,879 - INFO - 
==================================================
2025-08-04 14:47:39,879 - INFO - 样本 425: While at the dollar store, Sloane counts 100 customers entering the store. The next day, she counts ...
2025-08-04 14:47:39,879 - INFO - 参考答案: On the second day, she counted 100+50 = <<100+50=150>>150 customers.
The total for the first two days is 150+100 = <<150+100=250>>250 customers.
If the total count for three days was 500, she counted 500-250 = <<500-250=250>>250 customers on the third day.
#### 250
2025-08-04 14:47:39,879 - INFO - 提取参考答案: 250
2025-08-04 14:47:39,880 - INFO - 生成答案: 

Step 1:First, read the problem and identify what we need to find. We need to find the number of customers Sloane counted on the third day.

Step 2:Next, set up equations and perform the calculations...
2025-08-04 14:47:39,880 - INFO - 提取答案: 500
2025-08-04 14:47:39,880 - INFO - 投票统计: {'voting_method': 'majority', 'best_answer': '500', 'vote_count': 3, 'total_paths': 10, 'valid_paths': 10, 'confidence': 0.3, 'answer_distribution': {'150': 2, '48': 2, '500': 3, '282': 1, '566': 1, '300': 1}, 'selected_path_idx': 2}
2025-08-04 14:47:39,880 - INFO - ==================================================
2025-08-04 14:47:39,880 - INFO - 
==================================================
2025-08-04 14:47:39,880 - INFO - 样本 427: In a 60-item quiz, 40% of the questions are easy, and the rest are equally divided as average and di...
2025-08-04 14:47:39,880 - INFO - 参考答案: The average and difficult questions comprises 100% - 40% = 60% of the quiz.
There are 60 questions x 40/100 = <<60*40/100=24>>24 easy questions.
There are a total of 60 questions x 60/100 = <<60*60/100=36>>36 average and difficult questions.
If Aries is sure to get 75% of the easy questions, then this means she is sure of her 24 questions x 75/100 = <<24*75/100=18>>18 points.
From the average and difficult questions, she is sure to get half of it correctly so that is 36 questions / 2 = <<36/2=18>>18 points.
Thus, she is sure of getting 18 points + 18 points = <<18+18=36>>36 points in her quiz.
#### 36
2025-08-04 14:47:39,880 - INFO - 提取参考答案: 36
2025-08-04 14:47:39,880 - INFO - 生成答案: 

Step 1:First, read the problem and identify what we need to find. We need to find the number of points Aries is sure to get.

Step 2:Next, set up equations and perform the calculations. The number o...
2025-08-04 14:47:39,880 - INFO - 提取答案: 27
2025-08-04 14:47:39,880 - INFO - 投票统计: {'voting_method': 'majority', 'best_answer': '27', 'vote_count': 4, 'total_paths': 10, 'valid_paths': 10, 'confidence': 0.4, 'answer_distribution': {'27': 4, '36': 4, '23': 1, '35': 1}, 'selected_path_idx': 0}
2025-08-04 14:47:39,880 - INFO - ==================================================
2025-08-04 14:47:39,880 - INFO - 
==================================================
2025-08-04 14:47:39,880 - INFO - 样本 440: John plans to sell all his toys and use the money to buy video games. He has 13 lego sets and he sel...
2025-08-04 14:47:39,880 - INFO - 参考答案: He spent $160 on video games because 8 x 20 = <<8*20=160>>160
He earned $165 from his sale because 160 + 5 = <<160+5=165>>165
He sold 11 lego sets because 11 x 15 = <<11*15=165>>165
He has 2 sets left because 13 - 11 = <<13-11=2>>2
#### 2
2025-08-04 14:47:39,880 - INFO - 提取参考答案: 2
2025-08-04 14:47:39,880 - INFO - 生成答案: 

Step 1:First, read the problem and identify what we need to find. We need to find the number of lego sets John still has.

Step 2:Next, set up equations and perform the calculations. John sold 13 le...
2025-08-04 14:47:39,880 - INFO - 提取答案: 11
2025-08-04 14:47:39,881 - INFO - 投票统计: {'voting_method': 'majority', 'best_answer': '11', 'vote_count': 2, 'total_paths': 10, 'valid_paths': 10, 'confidence': 0.2, 'answer_distribution': {'11': 2, '48': 1, '0': 1, '13': 2, '30': 1, '2': 2, '3': 1}, 'selected_path_idx': 0}
2025-08-04 14:47:39,881 - INFO - ==================================================
2025-08-04 14:47:39,881 - INFO - 
==================================================
2025-08-04 14:47:39,881 - INFO - 样本 442: Brinley is in Mr. Bert's math class. Mr. Bert gives six tests each semester. He allows the students ...
2025-08-04 14:47:39,881 - INFO - 参考答案: First, identify the lowest score, which is 71, and remove it.
Since Brinley wants a score of 93, we know her total score needs to be 93 (average) * 5 (tests) = <<93*5=465>>465 points
So far, Brinley has earned 89 + 92 +100 + 86 = <<89+92+100+86=367>>367 points
The final test must be 465 - 367 = <<465-367=98>>98 points.
#### 98
2025-08-04 14:47:39,881 - INFO - 提取参考答案: 98
2025-08-04 14:47:39,881 - INFO - 生成答案: 

Step 1:First, read the problem and identify what we need to find. We need to find the score Brinley needs on the sixth test to get an average of 93.

Step 2:Next, set up equations and perform the ca...
2025-08-04 14:47:39,881 - INFO - 提取答案: 120
2025-08-04 14:47:39,881 - INFO - 投票统计: {'voting_method': 'majority', 'best_answer': '120', 'vote_count': 6, 'total_paths': 10, 'valid_paths': 10, 'confidence': 0.6, 'answer_distribution': {'120': 6, '93': 2, '191': 1, '98': 1}, 'selected_path_idx': 0}
2025-08-04 14:47:39,881 - INFO - ==================================================
2025-08-04 14:47:39,881 - INFO - 
==================================================
2025-08-04 14:47:39,881 - INFO - 样本 446: Ruiz can make 120 pounds of chocolates in two hours. Marissa makes 3/4 times as many pounds of choco...
2025-08-04 14:47:39,881 - INFO - 参考答案: Merissa makes 3/4 * 120 pounds = <<3/4*120=90>>90 pounds of chocolate in an hour.
Ruiz makes 120 pounds of chocolate in two hours; this means she makes 120 pounds / 2 hours = <<120/2=60>>60 pounds of chocolate in an hour.
If they worked for 12 hours, Ruiz made 12 hours * 60 pounds/hour = <<12*60=720>>720 pounds of chocolate while
Marissa made 90 pounds/hour * 12 hours = <<90*12=1080>>1080 pounds of chocolate
The combined amount of pounds of chocolate they both ate is 1080 pounds + 720 pounds = <<1080+720=1800>>1800 pounds of chocolate
#### 1800
2025-08-04 14:47:39,881 - INFO - 提取参考答案: 1800
2025-08-04 14:47:39,881 - INFO - 生成答案: 

Step 1:First, read the problem and identify what we need to find. We need to find the total amount of chocolates that Ruiz and Marissa made together in 12 hours.

Step 2:Next, set up equations and p...
2025-08-04 14:47:39,881 - INFO - 提取答案: 1260
2025-08-04 14:47:39,881 - INFO - 投票统计: {'voting_method': 'majority', 'best_answer': '1260', 'vote_count': 10, 'total_paths': 10, 'valid_paths': 10, 'confidence': 1.0, 'answer_distribution': {'1260': 10}, 'selected_path_idx': 0}
2025-08-04 14:47:39,881 - INFO - ==================================================
2025-08-04 14:47:39,881 - INFO - 
==================================================
2025-08-04 14:47:39,882 - INFO - 样本 453: Johnny's dad brought him to watch some horse racing and his dad bet money. On the first race, he los...
2025-08-04 14:47:39,882 - INFO - 参考答案: On the second race he won $11 because 1+ 5 x 2 = <<1+5*2=11>>11
On the third race he lost $15 because 10 x 1.5 = <<10*1.5=15>>15
He lost a total of $20 on the first and third races because 15 + 5 = <<15+5=20>>20

He lost $9 that day because 11 - 20 = <<11-20=-9>>-9
He lost an average of $3 per race because 9 / 3 = <<9/3=3>>3
#### 3
2025-08-04 14:47:39,882 - INFO - 提取参考答案: 3
2025-08-04 14:47:39,882 - INFO - 生成答案: 

Step 1:First, read the problem and identify what we need to find. We need to find the average amount of money that Johnny's dad lost that day.

Step 2:Next, set up equations and perform the calculat...
2025-08-04 14:47:39,882 - INFO - 提取答案: 7.17
2025-08-04 14:47:39,882 - INFO - 投票统计: {'voting_method': 'majority', 'best_answer': '7.17', 'vote_count': 6, 'total_paths': 10, 'valid_paths': 10, 'confidence': 0.6, 'answer_distribution': {'7.17': 6, '4.67': 1, '10.83': 1, '-9.17': 1, '0': 1}, 'selected_path_idx': 0}
2025-08-04 14:47:39,882 - INFO - ==================================================
2025-08-04 14:47:39,882 - INFO - 
==================================================
2025-08-04 14:47:39,882 - INFO - 样本 456: Chase and Rider can ride their bikes thrice a day for 5 days; but on two other days, they ride twice...
2025-08-04 14:47:39,882 - INFO - 参考答案: Each person rides his bike 3 x 5 = <<3*5=15>>15 times for 5 days.
Together, they ride 15+15 = <<15+15=30>>30 times for five days.
Each person rides his bike 3 x 2 = <<3*2=6>>6 times for every day of the other two days.
This means each person rides 6*2 = <<6*2=12>>12 times on each day of the other two days.
The total for the other two days is 12+12 = <<12+12=24>>24
For the whole week the together ride 24+30 = <<24+30=54>>54 times
#### 54
2025-08-04 14:47:39,882 - INFO - 提取参考答案: 54
2025-08-04 14:47:39,882 - INFO - 生成答案: 

Step 1:First, read the problem and identify what we need to find. We need to find the total number of times Chase and Rider ride their bikes a week.

Step 2:Next, set up equations and perform the ca...
2025-08-04 14:47:39,882 - INFO - 提取答案: 27
2025-08-04 14:47:39,882 - INFO - 投票统计: {'voting_method': 'majority', 'best_answer': '27', 'vote_count': 4, 'total_paths': 10, 'valid_paths': 10, 'confidence': 0.4, 'answer_distribution': {'27': 4, '35': 1, '19': 2, '21': 1, '15': 1, '38': 1}, 'selected_path_idx': 0}
2025-08-04 14:47:39,882 - INFO - ==================================================
2025-08-04 14:47:39,882 - INFO - 
==================================================
2025-08-04 14:47:39,882 - INFO - 样本 459: Alex, Stan, and Adelwolfe are trying to catch them all, Pokemon that is.  Together they have caught ...
2025-08-04 14:47:39,882 - INFO - 参考答案: Let x represent the number of Pokemon Adelwolfe caught
Stan: 4x-13
Alex: 5+(4x-13)=4x-8
Total: x+4x-13+4x-8=339
9x-21=339
9x=360
x=<<40=40>>40 Pokemon
Stan:4(40)-13=147 Pokemon
#### 147
2025-08-04 14:47:39,882 - INFO - 提取参考答案: 147
2025-08-04 14:47:39,882 - INFO - 生成答案: 

Step 1:First, read the problem and identify what we need to find. We need to find the number of Pokemon that Stan has caught.

Step 2:Next, set up equations and perform the calculations. Let's say t...
2025-08-04 14:47:39,883 - INFO - 提取答案: 140
2025-08-04 14:47:39,883 - INFO - 投票统计: {'voting_method': 'majority', 'best_answer': '140', 'vote_count': 2, 'total_paths': 10, 'valid_paths': 10, 'confidence': 0.2, 'answer_distribution': {'140': 2, '40': 1, '116': 1, '147': 2, '91': 1, '167': 1, '48': 2}, 'selected_path_idx': 0}
2025-08-04 14:47:39,883 - INFO - ==================================================
2025-08-04 14:47:39,883 - INFO - 
==================================================
2025-08-04 14:47:39,883 - INFO - 样本 460: John visits his parents twice a month.  It takes him 2 hours to drive there at a speed of 70 mph.  C...
2025-08-04 14:47:39,883 - INFO - 参考答案: His parents live 70*2=<<70*2=140>>140 miles away
So he drives 140*2=<<140*2=280>>280 miles a round trip
280*2 = <<280*2=560>>560 miles a month
#### 560
2025-08-04 14:47:39,883 - INFO - 提取参考答案: 560
2025-08-04 14:47:39,883 - INFO - 生成答案: 

Step 1:First, read the problem and identify what we need to find. We need to find the total number of miles John drives when visiting his parents in a month.

Step 2:Next, set up equations and perfo...
2025-08-04 14:47:39,883 - INFO - 提取答案: 280
2025-08-04 14:47:39,883 - INFO - 投票统计: {'voting_method': 'majority', 'best_answer': '280', 'vote_count': 6, 'total_paths': 10, 'valid_paths': 10, 'confidence': 0.6, 'answer_distribution': {'280': 6, '8400': 1, '560': 2, '1120': 1}, 'selected_path_idx': 0}
2025-08-04 14:47:39,883 - INFO - ==================================================
2025-08-04 14:47:39,883 - INFO - 
==================================================
2025-08-04 14:47:39,883 - INFO - 样本 470: A team of 4 painters worked on a mansion for 3/8ths of a day every day for 3 weeks. How many hours o...
2025-08-04 14:47:39,883 - INFO - 参考答案: There are 24 hours in a day so 3/8ths of a day is (3/8)*24 = <<3/8*24=9>>9 hours
One week has 7 days so 3 weeks have 7*3 = <<7*3=21>>21 days
Each painter put in 9*21 = <<9*21=189>>189 hours of work
#### 189
2025-08-04 14:47:39,883 - INFO - 提取参考答案: 189
2025-08-04 14:47:39,883 - INFO - 生成答案: 

Step 1:First, read the problem and identify what we need to find. We need to find the number of hours of work each painter put in.

Step 2:Next, set up equations and perform the calculations. The te...
2025-08-04 14:47:39,883 - INFO - 提取答案: 1.96875
2025-08-04 14:47:39,883 - INFO - 投票统计: {'voting_method': 'majority', 'best_answer': '1.96875', 'vote_count': 5, 'total_paths': 10, 'valid_paths': 10, 'confidence': 0.5, 'answer_distribution': {'1.96875': 5, '47.25': 2, '6.75': 1, '1.90625': 1, '27': 1}, 'selected_path_idx': 0}
2025-08-04 14:47:39,883 - INFO - ==================================================
2025-08-04 14:47:39,884 - INFO - 
==================================================
2025-08-04 14:47:39,884 - INFO - 样本 472: Jo has been making face masks. She can make 4 small masks with 2 yards of material and 3 large masks...
2025-08-04 14:47:39,884 - INFO - 参考答案: It takes 2 yards of material / 4 small masks = <<2/4=0.5>>0.5 yards of material per mask.
It takes 2.25 yards of material / 3 large masks = <<2.25/3=0.75>>0.75 yards of material per mask.
For the small masks, it will take 20 masks x 0.5 yards = <<20*0.5=10>>10 yards of material.
For the large masks, it will take 8 masks x 0.75 yards = <<8*0.75=6>>6 yards of material.
In all, it will take 10 yards + 6 yards = <<10+6=16>>16 yards of material.
#### 16
2025-08-04 14:47:39,884 - INFO - 提取参考答案: 16
2025-08-04 14:47:39,884 - INFO - 生成答案: 

Step 1:First, read the problem and identify what we need to find. We need to find the total amount of material Jo would need to make 20 small and 8 large masks.

Step 2:Next, set up equations and pe...
2025-08-04 14:47:39,884 - INFO - 提取答案: 58
2025-08-04 14:47:39,884 - INFO - 投票统计: {'voting_method': 'majority', 'best_answer': '58', 'vote_count': 5, 'total_paths': 10, 'valid_paths': 10, 'confidence': 0.5, 'answer_distribution': {'58': 5, '16': 3, '14': 2}, 'selected_path_idx': 0}
2025-08-04 14:47:39,884 - INFO - ==================================================
2025-08-04 14:47:39,884 - INFO - 
==================================================
2025-08-04 14:47:39,884 - INFO - 样本 474: Carla is downloading a 200 GB file. Normally she can download 2 GB/minute, but 40% of the way throug...
2025-08-04 14:47:39,884 - INFO - 参考答案: First find how many gigabytes are in 40% of the file: 200 GB * 40% = <<200*40*.01=80>>80 GB
Then divide that number by the download rate to find the time until Windows restarts: 80 GB / 2 GB/minute = <<80/2=40>>40 minutes
Then find the time to download the whole file after the restart: 200 GB / 2 GB/minute = <<200/2=100>>100 minutes
Then add the time to download 40% of the file, to download the whole file, and to wait for Windows to update: 40 minutes + 100 minutes + 20 minutes = <<40+100+20=160>>160 minutes
#### 160
2025-08-04 14:47:39,884 - INFO - 提取参考答案: 160
2025-08-04 14:47:39,884 - INFO - 生成答案: 

Step 1:First, read the problem and identify what we need to find. We need to find the time it takes to download the file.

Step 2:Next, set up equations and perform the calculations. The first 160 G...
2025-08-04 14:47:39,884 - INFO - 提取答案: 100
2025-08-04 14:47:39,884 - INFO - 投票统计: {'voting_method': 'majority', 'best_answer': '100', 'vote_count': 4, 'total_paths': 10, 'valid_paths': 10, 'confidence': 0.4, 'answer_distribution': {'100': 4, '120': 3, '220': 2, '160': 1}, 'selected_path_idx': 0}
2025-08-04 14:47:39,884 - INFO - ==================================================
2025-08-04 14:47:39,884 - INFO - 
==================================================
2025-08-04 14:47:39,884 - INFO - 样本 477: Jerry is rolling a six-sided die. How much more likely is it (expressed as a percentage) that he rol...
2025-08-04 14:47:39,884 - INFO - 参考答案: There are 3 numbers greater than 3 on the dice, so the chances of rolling one of them are 3 / 6 = 50%.
The chance of rolling one even number is 50%, so the chance of rolling two in a row is 50% * 50% = 25%.
The difference between these two probabilities is 50% - 25% = 25%.
#### 25
2025-08-04 14:47:39,884 - INFO - 提取参考答案: 25
2025-08-04 14:47:39,885 - INFO - 生成答案: 

Step 1:First, read the problem and identify what we need to find. We need to find the percentage difference in probability between rolling a number greater than 3 and rolling two even numbers in a r...
2025-08-04 14:47:39,885 - INFO - 提取答案: 50
2025-08-04 14:47:39,885 - INFO - 投票统计: {'voting_method': 'majority', 'best_answer': '50', 'vote_count': 3, 'total_paths': 10, 'valid_paths': 10, 'confidence': 0.3, 'answer_distribution': {'50': 3, '38.89': 1, '41.67': 1, '5.56': 1, '25': 2, '100': 1, '47.22': 1}, 'selected_path_idx': 0}
2025-08-04 14:47:39,885 - INFO - ==================================================
2025-08-04 14:47:39,885 - INFO - 
==================================================
2025-08-04 14:47:39,885 - INFO - 样本 478: It is approximately 1955 kilometers from San Diego, California to New York City, New York. If Bernic...
2025-08-04 14:47:39,885 - INFO - 参考答案: 325 * 4 = <<325*4=1300>>1300 km
1955 - 1300 = <<1955-1300=655>>655 km
Bernice will still have 655 kilometers to travel.
#### 655
2025-08-04 14:47:39,885 - INFO - 提取参考答案: 655
2025-08-04 14:47:39,885 - INFO - 生成答案: 

Step 1:First, read the problem and identify what we need to find. We need to find the number of kilometers Bernice will still need to drive.

Step 2:Next, set up equations and perform the calculatio...
2025-08-04 14:47:39,885 - INFO - 提取答案: 1630
2025-08-04 14:47:39,885 - INFO - 投票统计: {'voting_method': 'majority', 'best_answer': '1630', 'vote_count': 8, 'total_paths': 10, 'valid_paths': 10, 'confidence': 0.8, 'answer_distribution': {'1630': 8, '132563': 1, '1930': 1}, 'selected_path_idx': 0}
2025-08-04 14:47:39,885 - INFO - ==================================================
2025-08-04 14:47:39,885 - INFO - 
==================================================
2025-08-04 14:47:39,885 - INFO - 样本 480: Mary is an avid gardener. Yesterday, she received 18 new potted plants from her favorite plant nurse...
2025-08-04 14:47:39,885 - INFO - 参考答案: Yesterday, before receiving the plants, Mary had 2*40 = <<2*40=80>>80 potted plants
After receiving an additional 18 plants, she therefore had a total of 80 + 18 = <<80+18=98>>98 potted plants
Tomorrow, Mary’s plant giveaway will be 40 *1 = <<40*1=40>>40 potted plants.
She will therefore remain with 98 - 40 = <<98-40=58>>58 potted plants.
#### 58
2025-08-04 14:47:39,885 - INFO - 提取参考答案: 58
2025-08-04 14:47:39,885 - INFO - 生成答案: 

Step 1:First, read the problem and identify what we need to find. We need to find the number of potted plants that Mary will remain with.

Step 2:Next, set up equations and perform the calculations....
2025-08-04 14:47:39,885 - INFO - 提取答案: 40
2025-08-04 14:47:39,885 - INFO - 投票统计: {'voting_method': 'majority', 'best_answer': '40', 'vote_count': 6, 'total_paths': 10, 'valid_paths': 10, 'confidence': 0.6, 'answer_distribution': {'58': 4, '40': 6}, 'selected_path_idx': 1}
2025-08-04 14:47:39,885 - INFO - ==================================================
2025-08-04 14:47:39,886 - INFO - 
==================================================
2025-08-04 14:47:39,886 - INFO - 样本 485: The book is printed on paper that, when stacked, is 100 pages to the inch. Each paper is printed on ...
2025-08-04 14:47:39,886 - INFO - 参考答案: There are 1.5*100=<<1.5*100=150>>150 pieces of paper.
Then there are 150*2=<<150*2=300>>300 pages.
#### 300
2025-08-04 14:47:39,886 - INFO - 提取参考答案: 300
2025-08-04 14:47:39,886 - INFO - 生成答案: 

Step 1:First, read the problem and identify what we need to find. We need to find the number of pages in the book.

Step 2:Next, set up equations and perform the calculations. The thickness of the b...
2025-08-04 14:47:39,886 - INFO - 提取答案: 3
2025-08-04 14:47:39,886 - INFO - 投票统计: {'voting_method': 'majority', 'best_answer': '3', 'vote_count': 4, 'total_paths': 10, 'valid_paths': 10, 'confidence': 0.4, 'answer_distribution': {'3': 4, '150': 3, '50': 1, '6': 1, '300': 1}, 'selected_path_idx': 0}
2025-08-04 14:47:39,886 - INFO - ==================================================
2025-08-04 14:47:39,886 - INFO - 
==================================================
2025-08-04 14:47:39,886 - INFO - 样本 492: Paul is at a train station and is waiting for his train. He isn't sure how long he needs to wait, bu...
2025-08-04 14:47:39,886 - INFO - 参考答案: The first train stays in the station for 10 minutes * 2 = <<10*2=20>>20 minutes.
So Paul waits for the first train for 20 + 10 = <<20+10=30>>30 minutes.
The second train arrives after half an hour, which is the same as 60 minutes / 2 = <<60/2=30>>30 minutes.
It then stays in the station for a quarter of the time the first train did which is 20 minutes / 4 = <<20/4=5>>5 minutes.
So Paul waits for the second train for 30 + 5 = <<30+5=35>>35 minutes.
The third train arrives an hour later, which is the same as 60 minutes * 1 hour = <<60*1=60>>60 minutes.
After the final wait, Paul has waited a total of 30 minutes for the first train + 35 minutes for the second train + 60 minutes for the third train + 20 minutes final wait = <<30+35+60+20=145>>145 minutes.
#### 145
2025-08-04 14:47:39,886 - INFO - 提取参考答案: 145
2025-08-04 14:47:39,886 - INFO - 生成答案: 

Step 1:First, read the problem and identify what we need to find. We need to find the total time that Paul will wait for his train.

Step 2:Next, set up equations and perform the calculations. The f...
2025-08-04 14:47:39,886 - INFO - 提取答案: 120
2025-08-04 14:47:39,886 - INFO - 投票统计: {'voting_method': 'majority', 'best_answer': '120', 'vote_count': 2, 'total_paths': 10, 'valid_paths': 10, 'confidence': 0.2, 'answer_distribution': {'75': 1, '120': 2, '125': 2, '145': 2, '190': 1, '115': 1, '65': 1}, 'selected_path_idx': 1}
2025-08-04 14:47:39,886 - INFO - ==================================================
2025-08-04 14:47:39,886 - INFO - 
==================================================
2025-08-04 14:47:39,886 - INFO - 样本 494: Jen decides to travel to 3 different countries.  He has to pay $400 for the supplies he needs, in to...
2025-08-04 14:47:39,886 - INFO - 参考答案: He pays 400*.5=$<<400*.5=200>>200 more for tickets than supplies
That means the tickets cost 400+200=$<<400+200=600>>600
So it cost 600+400=$<<600+400=1000>>1000 in total.
#### 1000
2025-08-04 14:47:39,887 - INFO - 提取参考答案: 1000
2025-08-04 14:47:39,887 - INFO - 生成答案: 

Step 1:First, read the problem and identify what we need to find. We need to find the total cost of the travel.

Step 2:Next, set up equations and perform the calculations. The cost of supplies is $...
2025-08-04 14:47:39,887 - INFO - 提取答案: 600
2025-08-04 14:47:39,887 - INFO - 投票统计: {'voting_method': 'majority', 'best_answer': '600', 'vote_count': 8, 'total_paths': 10, 'valid_paths': 10, 'confidence': 0.8, 'answer_distribution': {'1000': 2, '600': 8}, 'selected_path_idx': 1}
2025-08-04 14:47:39,887 - INFO - ==================================================
2025-08-04 14:47:39,887 - INFO - 
==================================================
2025-08-04 14:47:39,887 - INFO - 样本 498: When the water is cold Ray swims a mile in 16 minutes. When the water is warm Ray swims a mile in 2 ...
2025-08-04 14:47:39,887 - INFO - 参考答案: Cold water mile = <<16=16>>16 minutes
Warm water mile = 2+2(16)=34 minutes
3 miles in cold water: 3(16)=<<3*16=48>>48 minutes
3 miles in warm water: 3(34)=<<3*34=102>>102 minutes
Ray takes 102-48=<<102-48=54>>54 minutes longer
#### 54
2025-08-04 14:47:39,887 - INFO - 提取参考答案: 54
2025-08-04 14:47:39,887 - INFO - 生成答案: 

Step 1:First, read the problem and identify what we need to find. We need to find the difference in time it takes Ray to swim 3 miles on a hot day and a cold day.

Step 2:Next, set up equations and ...
2025-08-04 14:47:39,887 - INFO - 提取答案: 60
2025-08-04 14:47:39,887 - INFO - 投票统计: {'voting_method': 'majority', 'best_answer': '60', 'vote_count': 4, 'total_paths': 10, 'valid_paths': 10, 'confidence': 0.4, 'answer_distribution': {'21': 1, '24': 1, '54': 3, '27': 1, '60': 4}, 'selected_path_idx': 4}
2025-08-04 14:47:39,887 - INFO - ==================================================
2025-08-04 14:47:39,887 - INFO - 
==================================================
2025-08-04 14:47:39,887 - INFO - 样本 502: Cars have lined up on the motorway. Some of the cars drive through in the first 15 minutes of the tr...
2025-08-04 14:47:39,887 - INFO - 参考答案: The cars that exited do not need to be included so there were 30 original cars – 5 cars that exited = <<30-5=25>>25 cars that drove through the traffic jam.
Most of the cars exited in the final 15 minutes so in the first 15 minutes, there must have been 25 total cars – 20 cars that drove through in the final 15 minutes = 5 cars that drove through the traffic jam.
#### 5
2025-08-04 14:47:39,887 - INFO - 提取参考答案: 5
2025-08-04 14:47:39,887 - INFO - 生成答案: 

Step 1:First, read the problem and identify what we need to find. We need to find the number of cars that drove through the traffic jam in the first 15 minutes.

Step 2:Next, set up equations and pe...
2025-08-04 14:47:39,887 - INFO - 提取答案: 15
2025-08-04 14:47:39,887 - INFO - 投票统计: {'voting_method': 'majority', 'best_answer': '15', 'vote_count': 4, 'total_paths': 10, 'valid_paths': 10, 'confidence': 0.4, 'answer_distribution': {'0': 2, '15': 4, '5': 4}, 'selected_path_idx': 2}
2025-08-04 14:47:39,887 - INFO - ==================================================
2025-08-04 14:47:39,888 - INFO - 
==================================================
2025-08-04 14:47:39,888 - INFO - 样本 520: James is counting his Pokemon cards. He has 30 fire type, 20 grass type, and 40 water type. If he lo...
2025-08-04 14:47:39,888 - INFO - 参考答案: First find the final number of grass type Pokemon: 20 grass type + 14 grass type = <<20+14=34>>34 grass type
Then find the final number of water type Pokemon: 40 water type - 8 water type = <<40-8=32>>32 water type
Then add the number of each type of Pokemon to find the total number: 34 Pokemon + 32 Pokemon + 30 Pokemon = <<34+32+30=96>>96 Pokemon
Then divide the number