2025-08-08 23:49:46,289 - INFO - 配置文件验证通过
2025-08-08 23:49:46,291 - INFO - 随机种子已设置为: 42
2025-08-08 23:49:46,292 - INFO - 使用已提供的模型实例: Llama-3.2-3B-Instruct
2025-08-08 23:49:46,293 - INFO - 加载数据集: GSM8k_test
2025-08-08 23:49:46,295 - INFO - 随机种子已设置为: 42
2025-08-08 23:49:46,302 - INFO - 数据集加载完成，共 1319 条数据，已打乱顺序
2025-08-08 23:49:46,304 - INFO - 使用投票机制，每个问题生成 10 条路径
2025-08-08 23:49:46,305 - INFO - 批量生成模式：为 1319 个问题各生成 10 条路径
2025-08-08 23:49:46,307 - INFO - 开始CoT生成，共4个步骤:
2025-08-08 23:49:46,309 - INFO - 开始CoT步骤 1，min_p=0.4
2025-08-08 23:49:48,765 - INFO - 开始CoT步骤 2，min_p=0.15
2025-08-08 23:50:01,560 - INFO - 开始CoT步骤 3，min_p=0.65
2025-08-08 23:50:12,817 - INFO - 开始CoT步骤 4，min_p=0.9
2025-08-08 23:50:18,131 - INFO - CoT生成完成，共 1319 条CoT
2025-08-08 23:50:18,156 - INFO - 开始CoT生成，共4个步骤:
2025-08-08 23:50:18,158 - INFO - 开始CoT步骤 1，min_p=0.4
2025-08-08 23:50:20,701 - INFO - 开始CoT步骤 2，min_p=0.15
2025-08-08 23:50:33,467 - INFO - 开始CoT步骤 3，min_p=0.65
2025-08-08 23:50:44,706 - INFO - 开始CoT步骤 4，min_p=0.9
2025-08-08 23:50:49,058 - INFO - CoT生成完成，共 1319 条CoT
2025-08-08 23:50:49,081 - INFO - 开始CoT生成，共4个步骤:
2025-08-08 23:50:49,084 - INFO - 开始CoT步骤 1，min_p=0.4
2025-08-08 23:50:51,875 - INFO - 开始CoT步骤 2，min_p=0.15
2025-08-08 23:51:04,851 - INFO - 开始CoT步骤 3，min_p=0.65
2025-08-08 23:51:16,464 - INFO - 开始CoT步骤 4，min_p=0.9
2025-08-08 23:51:21,753 - INFO - CoT生成完成，共 1319 条CoT
2025-08-08 23:51:21,781 - INFO - 开始CoT生成，共4个步骤:
2025-08-08 23:51:21,784 - INFO - 开始CoT步骤 1，min_p=0.4
2025-08-08 23:51:24,524 - INFO - 开始CoT步骤 2，min_p=0.15
2025-08-08 23:51:37,202 - INFO - 开始CoT步骤 3，min_p=0.65
2025-08-08 23:51:48,354 - INFO - 开始CoT步骤 4，min_p=0.9
2025-08-08 23:51:53,312 - INFO - CoT生成完成，共 1319 条CoT
2025-08-08 23:51:53,335 - INFO - 开始CoT生成，共4个步骤:
2025-08-08 23:51:53,338 - INFO - 开始CoT步骤 1，min_p=0.4
2025-08-08 23:51:56,195 - INFO - 开始CoT步骤 2，min_p=0.15
2025-08-08 23:52:08,624 - INFO - 开始CoT步骤 3，min_p=0.65
2025-08-08 23:52:19,488 - INFO - 开始CoT步骤 4，min_p=0.9
2025-08-08 23:52:24,016 - INFO - CoT生成完成，共 1319 条CoT
2025-08-08 23:52:24,043 - INFO - 开始CoT生成，共4个步骤:
2025-08-08 23:52:24,045 - INFO - 开始CoT步骤 1，min_p=0.4
2025-08-08 23:52:26,432 - INFO - 开始CoT步骤 2，min_p=0.15
2025-08-08 23:52:38,666 - INFO - 开始CoT步骤 3，min_p=0.65
2025-08-08 23:52:49,744 - INFO - 开始CoT步骤 4，min_p=0.9
2025-08-08 23:52:55,125 - INFO - CoT生成完成，共 1319 条CoT
2025-08-08 23:52:55,149 - INFO - 开始CoT生成，共4个步骤:
2025-08-08 23:52:55,151 - INFO - 开始CoT步骤 1，min_p=0.4
2025-08-08 23:52:57,631 - INFO - 开始CoT步骤 2，min_p=0.15
2025-08-08 23:53:10,395 - INFO - 开始CoT步骤 3，min_p=0.65
2025-08-08 23:53:21,721 - INFO - 开始CoT步骤 4，min_p=0.9
2025-08-08 23:53:27,104 - INFO - CoT生成完成，共 1319 条CoT
2025-08-08 23:53:27,129 - INFO - 开始CoT生成，共4个步骤:
2025-08-08 23:53:27,131 - INFO - 开始CoT步骤 1，min_p=0.4
2025-08-08 23:53:29,635 - INFO - 开始CoT步骤 2，min_p=0.15
2025-08-08 23:53:42,564 - INFO - 开始CoT步骤 3，min_p=0.65
2025-08-08 23:53:54,074 - INFO - 开始CoT步骤 4，min_p=0.9
2025-08-08 23:53:59,155 - INFO - CoT生成完成，共 1319 条CoT
2025-08-08 23:53:59,180 - INFO - 开始CoT生成，共4个步骤:
2025-08-08 23:53:59,182 - INFO - 开始CoT步骤 1，min_p=0.4
2025-08-08 23:54:01,567 - INFO - 开始CoT步骤 2，min_p=0.15
2025-08-08 23:54:14,556 - INFO - 开始CoT步骤 3，min_p=0.65
2025-08-08 23:54:25,893 - INFO - 开始CoT步骤 4，min_p=0.9
2025-08-08 23:54:31,112 - INFO - CoT生成完成，共 1319 条CoT
2025-08-08 23:54:31,138 - INFO - 开始CoT生成，共4个步骤:
2025-08-08 23:54:31,141 - INFO - 开始CoT步骤 1，min_p=0.4
2025-08-08 23:54:33,918 - INFO - 开始CoT步骤 2，min_p=0.15
2025-08-08 23:54:46,489 - INFO - 开始CoT步骤 3，min_p=0.65
2025-08-08 23:54:57,781 - INFO - 开始CoT步骤 4，min_p=0.9
2025-08-08 23:55:02,486 - INFO - CoT生成完成，共 1319 条CoT
2025-08-08 23:55:02,512 - INFO - 批量生成完成：共生成 1319 组路径，每组 10 条
2025-08-08 23:55:02,514 - INFO - 投票结果: 选择路径 0, 答案: 52, 置信度: 0.9
2025-08-08 23:55:02,515 - INFO - 投票结果: 选择路径 0, 答案: 5, 置信度: 1.0
2025-08-08 23:55:02,516 - INFO - 投票结果: 选择路径 0, 答案: 83, 置信度: 0.9
2025-08-08 23:55:02,517 - INFO - 投票结果: 选择路径 0, 答案: 10, 置信度: 0.8
2025-08-08 23:55:02,519 - INFO - 投票结果: 选择路径 0, 答案: 70, 置信度: 0.8
2025-08-08 23:55:02,520 - INFO - 投票结果: 选择路径 0, 答案: 36, 置信度: 0.9
2025-08-08 23:55:02,521 - INFO - 投票结果: 选择路径 0, 答案: 48, 置信度: 1.0
2025-08-08 23:55:02,522 - INFO - 投票结果: 选择路径 0, 答案: 16, 置信度: 1.0
2025-08-08 23:55:02,524 - INFO - 投票结果: 选择路径 0, 答案: 4.64, 置信度: 0.4
2025-08-08 23:55:02,525 - INFO - 投票结果: 选择路径 0, 答案: 48, 置信度: 1.0
2025-08-08 23:55:02,526 - INFO - 投票结果: 选择路径 1, 答案: 90, 置信度: 0.8
2025-08-08 23:55:02,527 - INFO - 投票结果: 选择路径 0, 答案: 10, 置信度: 0.9
2025-08-08 23:55:02,528 - INFO - 投票结果: 选择路径 2, 答案: 1, 置信度: 0.3
2025-08-08 23:55:02,529 - INFO - 投票结果: 选择路径 1, 答案: 45000, 置信度: 0.4
2025-08-08 23:55:02,530 - INFO - 投票结果: 选择路径 0, 答案: 18, 置信度: 0.9
2025-08-08 23:55:02,531 - INFO - 投票结果: 选择路径 0, 答案: 140, 置信度: 1.0
2025-08-08 23:55:02,532 - INFO - 投票结果: 选择路径 0, 答案: 17, 置信度: 0.9
2025-08-08 23:55:02,533 - INFO - 投票结果: 选择路径 1, 答案: 68, 置信度: 0.8
2025-08-08 23:55:02,535 - INFO - 投票结果: 选择路径 0, 答案: 8, 置信度: 1.0
2025-08-08 23:55:02,536 - INFO - 投票结果: 选择路径 0, 答案: 14, 置信度: 1.0
2025-08-08 23:55:02,537 - INFO - 投票结果: 选择路径 0, 答案: 50, 置信度: 0.4
2025-08-08 23:55:02,538 - INFO - 投票结果: 选择路径 0, 答案: 100, 置信度: 1.0
2025-08-08 23:55:02,539 - INFO - 投票结果: 选择路径 4, 答案: 125, 置信度: 0.3
2025-08-08 23:55:02,540 - INFO - 投票结果: 选择路径 0, 答案: 48, 置信度: 0.7
2025-08-08 23:55:02,542 - INFO - 投票结果: 选择路径 1, 答案: 16400, 置信度: 0.4
2025-08-08 23:55:02,543 - INFO - 投票结果: 选择路径 0, 答案: 250, 置信度: 1.0
2025-08-08 23:55:02,544 - INFO - 投票结果: 选择路径 0, 答案: 18, 置信度: 0.7
2025-08-08 23:55:02,545 - INFO - 投票结果: 选择路径 0, 答案: 1490, 置信度: 0.9
2025-08-08 23:55:02,546 - INFO - 投票结果: 选择路径 0, 答案: 11, 置信度: 0.9
2025-08-08 23:55:02,547 - INFO - 投票结果: 选择路径 0, 答案: 106, 置信度: 0.6
2025-08-08 23:55:02,548 - INFO - 投票结果: 选择路径 0, 答案: 138, 置信度: 0.7
2025-08-08 23:55:02,549 - INFO - 投票结果: 选择路径 0, 答案: 15, 置信度: 0.9
2025-08-08 23:55:02,551 - INFO - 投票结果: 选择路径 0, 答案: 4, 置信度: 1.0
2025-08-08 23:55:02,552 - INFO - 投票结果: 选择路径 0, 答案: 82, 置信度: 1.0
2025-08-08 23:55:02,553 - INFO - 投票结果: 选择路径 1, 答案: 1, 置信度: 0.7
2025-08-08 23:55:02,555 - INFO - 投票结果: 选择路径 0, 答案: 51, 置信度: 0.7
2025-08-08 23:55:02,556 - INFO - 投票结果: 选择路径 0, 答案: 4, 置信度: 0.8
2025-08-08 23:55:02,557 - INFO - 投票结果: 选择路径 0, 答案: 100, 置信度: 0.8
2025-08-08 23:55:02,558 - INFO - 投票结果: 选择路径 5, 答案: 2500, 置信度: 0.3
2025-08-08 23:55:02,559 - INFO - 投票结果: 选择路径 0, 答案: 188, 置信度: 1.0
2025-08-08 23:55:02,560 - INFO - 投票结果: 选择路径 0, 答案: 30, 置信度: 0.9
2025-08-08 23:55:02,561 - INFO - 投票结果: 选择路径 0, 答案: 30, 置信度: 1.0
2025-08-08 23:55:02,562 - INFO - 投票结果: 选择路径 0, 答案: 240, 置信度: 1.0
2025-08-08 23:55:02,563 - INFO - 投票结果: 选择路径 0, 答案: 7, 置信度: 1.0
2025-08-08 23:55:02,564 - INFO - 投票结果: 选择路径 0, 答案: 350, 置信度: 0.6
2025-08-08 23:55:02,565 - INFO - 投票结果: 选择路径 0, 答案: 4, 置信度: 0.9
2025-08-08 23:55:02,566 - INFO - 投票结果: 选择路径 0, 答案: 36, 置信度: 0.9
2025-08-08 23:55:02,567 - INFO - 投票结果: 选择路径 0, 答案: 3, 置信度: 0.4
2025-08-08 23:55:02,569 - INFO - 投票结果: 选择路径 2, 答案: 2, 置信度: 0.6
2025-08-08 23:55:02,570 - INFO - 投票结果: 选择路径 0, 答案: 33, 置信度: 1.0
2025-08-08 23:55:02,571 - INFO - 投票结果: 选择路径 0, 答案: 21, 置信度: 0.7
2025-08-08 23:55:02,573 - INFO - 投票结果: 选择路径 1, 答案: 175, 置信度: 0.3
2025-08-08 23:55:02,574 - INFO - 投票结果: 选择路径 0, 答案: 60, 置信度: 0.9
2025-08-08 23:55:02,575 - INFO - 投票结果: 选择路径 1, 答案: 49, 置信度: 0.7
2025-08-08 23:55:02,576 - INFO - 投票结果: 选择路径 1, 答案: 1800, 置信度: 0.3
2025-08-08 23:55:02,577 - INFO - 投票结果: 选择路径 2, 答案: 27, 置信度: 0.6
2025-08-08 23:55:02,578 - INFO - 投票结果: 选择路径 2, 答案: 16, 置信度: 0.6
2025-08-08 23:55:02,579 - INFO - 投票结果: 选择路径 0, 答案: 49, 置信度: 0.9
2025-08-08 23:55:02,580 - INFO - 投票结果: 选择路径 0, 答案: 6, 置信度: 0.4
2025-08-08 23:55:02,581 - INFO - 投票结果: 选择路径 2, 答案: 32, 置信度: 0.7
2025-08-08 23:55:02,582 - INFO - 投票结果: 选择路径 1, 答案: 168, 置信度: 0.4
2025-08-08 23:55:02,583 - INFO - 投票结果: 选择路径 0, 答案: 225, 置信度: 1.0
2025-08-08 23:55:02,584 - INFO - 投票结果: 选择路径 0, 答案: 50, 置信度: 1.0
2025-08-08 23:55:02,585 - INFO - 投票结果: 选择路径 2, 答案: 45, 置信度: 0.4
2025-08-08 23:55:02,586 - INFO - 投票结果: 选择路径 0, 答案: 7, 置信度: 1.0
2025-08-08 23:55:02,587 - INFO - 投票结果: 选择路径 0, 答案: 800, 置信度: 0.8
2025-08-08 23:55:02,589 - INFO - 投票结果: 选择路径 0, 答案: 22, 置信度: 1.0
2025-08-08 23:55:02,590 - INFO - 投票结果: 选择路径 0, 答案: 235, 置信度: 0.8
2025-08-08 23:55:02,591 - INFO - 投票结果: 选择路径 0, 答案: 3, 置信度: 0.8
2025-08-08 23:55:02,592 - INFO - 投票结果: 选择路径 0, 答案: 4, 置信度: 0.3
2025-08-08 23:55:02,594 - INFO - 投票结果: 选择路径 2, 答案: 3000, 置信度: 0.6
2025-08-08 23:55:02,595 - INFO - 投票结果: 选择路径 1, 答案: 300, 置信度: 0.9
2025-08-08 23:55:02,596 - INFO - 投票结果: 选择路径 0, 答案: 20, 置信度: 0.6
2025-08-08 23:55:02,597 - INFO - 投票结果: 选择路径 0, 答案: 130, 置信度: 1.0
2025-08-08 23:55:02,598 - INFO - 投票结果: 选择路径 0, 答案: 1, 置信度: 0.8
2025-08-08 23:55:02,599 - INFO - 投票结果: 选择路径 1, 答案: 8, 置信度: 0.5
2025-08-08 23:55:02,600 - INFO - 投票结果: 选择路径 0, 答案: 50, 置信度: 0.7
2025-08-08 23:55:02,601 - INFO - 投票结果: 选择路径 1, 答案: 2, 置信度: 0.2
2025-08-08 23:55:02,602 - INFO - 投票结果: 选择路径 0, 答案: 5, 置信度: 0.6
2025-08-08 23:55:02,603 - INFO - 投票结果: 选择路径 0, 答案: 110, 置信度: 1.0
2025-08-08 23:55:02,604 - INFO - 投票结果: 选择路径 1, 答案: 900, 置信度: 0.3
2025-08-08 23:55:02,605 - INFO - 投票结果: 选择路径 0, 答案: 16, 置信度: 0.9
2025-08-08 23:55:02,606 - INFO - 投票结果: 选择路径 0, 答案: 80, 置信度: 1.0
2025-08-08 23:55:02,607 - INFO - 投票结果: 选择路径 1, 答案: 45, 置信度: 0.8
2025-08-08 23:55:02,609 - INFO - 投票结果: 选择路径 0, 答案: 36, 置信度: 1.0
2025-08-08 23:55:02,610 - INFO - 投票结果: 选择路径 0, 答案: 6, 置信度: 0.4
2025-08-08 23:55:02,611 - INFO - 投票结果: 选择路径 0, 答案: 9, 置信度: 0.4
2025-08-08 23:55:02,612 - INFO - 投票结果: 选择路径 0, 答案: 36, 置信度: 1.0
2025-08-08 23:55:02,613 - INFO - 投票结果: 选择路径 1, 答案: 60, 置信度: 0.6
2025-08-08 23:55:02,614 - INFO - 投票结果: 选择路径 0, 答案: 9, 置信度: 1.0
2025-08-08 23:55:02,615 - INFO - 投票结果: 选择路径 0, 答案: 1, 置信度: 0.8
2025-08-08 23:55:02,616 - INFO - 投票结果: 选择路径 0, 答案: 30, 置信度: 0.8
2025-08-08 23:55:02,617 - INFO - 投票结果: 选择路径 0, 答案: 50000, 置信度: 0.3
2025-08-08 23:55:02,619 - INFO - 投票结果: 选择路径 0, 答案: 34, 置信度: 1.0
2025-08-08 23:55:02,620 - INFO - 投票结果: 选择路径 1, 答案: 13, 置信度: 0.2
2025-08-08 23:55:02,621 - INFO - 投票结果: 选择路径 0, 答案: 306, 置信度: 1.0
2025-08-08 23:55:02,622 - INFO - 投票结果: 选择路径 0, 答案: 55, 置信度: 0.9
2025-08-08 23:55:02,623 - INFO - 投票结果: 选择路径 0, 答案: 12, 置信度: 1.0
2025-08-08 23:55:02,624 - INFO - 投票结果: 选择路径 0, 答案: 75, 置信度: 1.0
2025-08-08 23:55:02,625 - INFO - 投票结果: 选择路径 1, 答案: 21, 置信度: 0.4
2025-08-08 23:55:02,626 - INFO - 投票结果: 选择路径 0, 答案: 50, 置信度: 0.7
2025-08-08 23:55:02,628 - INFO - 投票结果: 选择路径 0, 答案: 110, 置信度: 1.0
2025-08-08 23:55:02,629 - INFO - 投票结果: 选择路径 1, 答案: 498, 置信度: 0.2
2025-08-08 23:55:02,630 - INFO - 投票结果: 选择路径 0, 答案: 30, 置信度: 0.9
2025-08-08 23:55:02,631 - INFO - 投票结果: 选择路径 0, 答案: 80, 置信度: 1.0
2025-08-08 23:55:02,632 - INFO - 投票结果: 选择路径 1, 答案: 0, 置信度: 0.3
2025-08-08 23:55:02,633 - INFO - 投票结果: 选择路径 0, 答案: 120, 置信度: 1.0
2025-08-08 23:55:02,634 - INFO - 投票结果: 选择路径 2, 答案: 108, 置信度: 0.3
2025-08-08 23:55:02,635 - INFO - 投票结果: 选择路径 0, 答案: 70, 置信度: 1.0
2025-08-08 23:55:02,636 - INFO - 投票结果: 选择路径 0, 答案: 13, 置信度: 0.4
2025-08-08 23:55:02,637 - INFO - 投票结果: 选择路径 0, 答案: 150, 置信度: 1.0
2025-08-08 23:55:02,639 - INFO - 投票结果: 选择路径 0, 答案: 10, 置信度: 0.7
2025-08-08 23:55:02,640 - INFO - 投票结果: 选择路径 0, 答案: 10, 置信度: 0.2
2025-08-08 23:55:02,641 - INFO - 投票结果: 选择路径 0, 答案: 250, 置信度: 1.0
2025-08-08 23:55:02,642 - INFO - 投票结果: 选择路径 1, 答案: 3, 置信度: 0.9
2025-08-08 23:55:02,643 - INFO - 投票结果: 选择路径 0, 答案: 15, 置信度: 1.0
2025-08-08 23:55:02,644 - INFO - 投票结果: 选择路径 0, 答案: 12, 置信度: 1.0
2025-08-08 23:55:02,646 - INFO - 投票结果: 选择路径 0, 答案: 60, 置信度: 1.0
2025-08-08 23:55:02,647 - INFO - 投票结果: 选择路径 0, 答案: 3, 置信度: 0.9
2025-08-08 23:55:02,648 - INFO - 投票结果: 选择路径 1, 答案: 10.50, 置信度: 0.4
2025-08-08 23:55:02,649 - INFO - 投票结果: 选择路径 0, 答案: 140000, 置信度: 0.9
2025-08-08 23:55:02,650 - INFO - 投票结果: 选择路径 1, 答案: 6, 置信度: 0.4
2025-08-08 23:55:02,651 - INFO - 投票结果: 选择路径 0, 答案: 2400, 置信度: 0.9
2025-08-08 23:55:02,652 - INFO - 投票结果: 选择路径 0, 答案: 4, 置信度: 1.0
2025-08-08 23:55:02,653 - INFO - 投票结果: 选择路径 3, 答案: 101, 置信度: 0.3
2025-08-08 23:55:02,654 - INFO - 投票结果: 选择路径 0, 答案: 300, 置信度: 0.9
2025-08-08 23:55:02,655 - INFO - 投票结果: 选择路径 0, 答案: 91, 置信度: 0.9
2025-08-08 23:55:02,656 - INFO - 投票结果: 选择路径 0, 答案: 8, 置信度: 0.7
2025-08-08 23:55:02,657 - INFO - 投票结果: 选择路径 0, 答案: 120, 置信度: 1.0
2025-08-08 23:55:02,658 - INFO - 投票结果: 选择路径 0, 答案: 350, 置信度: 1.0
2025-08-08 23:55:02,659 - INFO - 投票结果: 选择路径 0, 答案: 2600, 置信度: 1.0
2025-08-08 23:55:02,660 - INFO - 投票结果: 选择路径 0, 答案: 10, 置信度: 1.0
2025-08-08 23:55:02,661 - INFO - 投票结果: 选择路径 0, 答案: 44, 置信度: 0.3
2025-08-08 23:55:02,662 - INFO - 投票结果: 选择路径 1, 答案: 7, 置信度: 0.9
2025-08-08 23:55:02,663 - INFO - 投票结果: 选择路径 1, 答案: 31, 置信度: 0.7
2025-08-08 23:55:02,664 - INFO - 投票结果: 选择路径 2, 答案: 975, 置信度: 0.7
2025-08-08 23:55:02,665 - INFO - 投票结果: 选择路径 0, 答案: -160, 置信度: 0.5
2025-08-08 23:55:02,666 - INFO - 投票结果: 选择路径 1, 答案: 120, 置信度: 0.5
2025-08-08 23:55:02,667 - INFO - 投票结果: 选择路径 0, 答案: 220, 置信度: 1.0
2025-08-08 23:55:02,668 - INFO - 投票结果: 选择路径 0, 答案: 87, 置信度: 1.0
2025-08-08 23:55:02,669 - INFO - 投票结果: 选择路径 0, 答案: 300, 置信度: 1.0
2025-08-08 23:55:02,670 - INFO - 投票结果: 选择路径 0, 答案: 30, 置信度: 0.7
2025-08-08 23:55:02,671 - INFO - 投票结果: 选择路径 1, 答案: 9, 置信度: 0.4
2025-08-08 23:55:02,672 - INFO - 投票结果: 选择路径 0, 答案: 16, 置信度: 1.0
2025-08-08 23:55:02,673 - INFO - 投票结果: 选择路径 0, 答案: 7, 置信度: 1.0
2025-08-08 23:55:02,674 - INFO - 投票结果: 选择路径 0, 答案: 81, 置信度: 0.6
2025-08-08 23:55:02,675 - INFO - 投票结果: 选择路径 0, 答案: 5, 置信度: 0.8
2025-08-08 23:55:02,676 - INFO - 投票结果: 选择路径 0, 答案: 9, 置信度: 1.0
2025-08-08 23:55:02,677 - INFO - 投票结果: 选择路径 0, 答案: 10, 置信度: 1.0
2025-08-08 23:55:02,678 - INFO - 投票结果: 选择路径 1, 答案: 24, 置信度: 0.4
2025-08-08 23:55:02,679 - INFO - 投票结果: 选择路径 0, 答案: 5, 置信度: 0.7
2025-08-08 23:55:02,680 - INFO - 投票结果: 选择路径 0, 答案: 50, 置信度: 1.0
2025-08-08 23:55:02,681 - INFO - 投票结果: 选择路径 0, 答案: 48, 置信度: 0.6
2025-08-08 23:55:02,682 - INFO - 投票结果: 选择路径 0, 答案: 25, 置信度: 1.0
2025-08-08 23:55:02,683 - INFO - 投票结果: 选择路径 0, 答案: 96, 置信度: 0.8
2025-08-08 23:55:02,685 - INFO - 投票结果: 选择路径 1, 答案: 33.33, 置信度: 0.2
2025-08-08 23:55:02,686 - INFO - 投票结果: 选择路径 1, 答案: 180, 置信度: 0.4
2025-08-08 23:55:02,687 - INFO - 投票结果: 选择路径 0, 答案: 21, 置信度: 1.0
2025-08-08 23:55:02,689 - INFO - 投票结果: 选择路径 0, 答案: 1200, 置信度: 1.0
2025-08-08 23:55:02,691 - INFO - 投票结果: 选择路径 1, 答案: 255, 置信度: 0.7
2025-08-08 23:55:02,692 - INFO - 投票结果: 选择路径 0, 答案: 4, 置信度: 0.8
2025-08-08 23:55:02,694 - INFO - 投票结果: 选择路径 0, 答案: 10, 置信度: 1.0
2025-08-08 23:55:02,695 - INFO - 投票结果: 选择路径 0, 答案: 700, 置信度: 1.0
2025-08-08 23:55:02,697 - INFO - 投票结果: 选择路径 0, 答案: 38, 置信度: 1.0
2025-08-08 23:55:02,698 - INFO - 投票结果: 选择路径 0, 答案: 32, 置信度: 1.0
2025-08-08 23:55:02,700 - INFO - 投票结果: 选择路径 0, 答案: 30, 置信度: 1.0
2025-08-08 23:55:02,702 - INFO - 投票结果: 选择路径 0, 答案: 16, 置信度: 1.0
2025-08-08 23:55:02,703 - INFO - 投票结果: 选择路径 0, 答案: 40, 置信度: 1.0
2025-08-08 23:55:02,705 - INFO - 投票结果: 选择路径 0, 答案: 288, 置信度: 1.0
2025-08-08 23:55:02,706 - INFO - 投票结果: 选择路径 0, 答案: 1100, 置信度: 0.8
2025-08-08 23:55:02,708 - INFO - 投票结果: 选择路径 0, 答案: 20, 置信度: 0.9
2025-08-08 23:55:02,709 - INFO - 投票结果: 选择路径 0, 答案: 2, 置信度: 1.0
2025-08-08 23:55:02,711 - INFO - 投票结果: 选择路径 0, 答案: 1040000, 置信度: 0.8
2025-08-08 23:55:02,712 - INFO - 投票结果: 选择路径 1, 答案: 9, 置信度: 0.6
2025-08-08 23:55:02,714 - INFO - 投票结果: 选择路径 0, 答案: 132, 置信度: 1.0
2025-08-08 23:55:02,716 - INFO - 投票结果: 选择路径 0, 答案: 93, 置信度: 1.0
2025-08-08 23:55:02,717 - INFO - 投票结果: 选择路径 0, 答案: 4, 置信度: 0.9
2025-08-08 23:55:02,719 - INFO - 投票结果: 选择路径 1, 答案: 85, 置信度: 0.5
2025-08-08 23:55:02,720 - INFO - 投票结果: 选择路径 0, 答案: 33, 置信度: 0.9
2025-08-08 23:55:02,722 - INFO - 投票结果: 选择路径 0, 答案: 12, 置信度: 0.8
2025-08-08 23:55:02,723 - INFO - 投票结果: 选择路径 0, 答案: 7200, 置信度: 1.0
2025-08-08 23:55:02,725 - INFO - 投票结果: 选择路径 0, 答案: 60, 置信度: 1.0
2025-08-08 23:55:02,726 - INFO - 投票结果: 选择路径 0, 答案: 44, 置信度: 1.0
2025-08-08 23:55:02,728 - INFO - 投票结果: 选择路径 0, 答案: 113, 置信度: 0.9
2025-08-08 23:55:02,729 - INFO - 投票结果: 选择路径 3, 答案: 42500, 置信度: 0.2
2025-08-08 23:55:02,731 - INFO - 投票结果: 选择路径 0, 答案: 720, 置信度: 1.0
2025-08-08 23:55:02,732 - INFO - 投票结果: 选择路径 0, 答案: 50, 置信度: 0.9
2025-08-08 23:55:02,734 - INFO - 投票结果: 选择路径 0, 答案: 24, 置信度: 0.8
2025-08-08 23:55:02,735 - INFO - 投票结果: 选择路径 0, 答案: 43, 置信度: 0.8
2025-08-08 23:55:02,736 - INFO - 投票结果: 选择路径 0, 答案: 30, 置信度: 1.0
2025-08-08 23:55:02,737 - INFO - 投票结果: 选择路径 0, 答案: 23, 置信度: 0.6
2025-08-08 23:55:02,738 - INFO - 投票结果: 选择路径 0, 答案: 251, 置信度: 0.7
2025-08-08 23:55:02,739 - INFO - 投票结果: 选择路径 0, 答案: 35, 置信度: 1.0
2025-08-08 23:55:02,740 - INFO - 投票结果: 选择路径 1, 答案: 110, 置信度: 0.7
2025-08-08 23:55:02,741 - INFO - 投票结果: 选择路径 0, 答案: 82, 置信度: 1.0
2025-08-08 23:55:02,742 - INFO - 投票结果: 选择路径 0, 答案: 2100, 置信度: 0.8
2025-08-08 23:55:02,743 - INFO - 投票结果: 选择路径 0, 答案: 3, 置信度: 0.6
2025-08-08 23:55:02,744 - INFO - 投票结果: 选择路径 0, 答案: 12, 置信度: 0.9
2025-08-08 23:55:02,745 - INFO - 投票结果: 选择路径 3, 答案: 11, 置信度: 0.4
2025-08-08 23:55:02,746 - INFO - 投票结果: 选择路径 3, 答案: 12, 置信度: 0.5
2025-08-08 23:55:02,747 - INFO - 投票结果: 选择路径 0, 答案: 1138.7, 置信度: 0.1
2025-08-08 23:55:02,748 - INFO - 投票结果: 选择路径 0, 答案: 27, 置信度: 0.9
2025-08-08 23:55:02,749 - INFO - 投票结果: 选择路径 0, 答案: 360, 置信度: 1.0
2025-08-08 23:55:02,750 - INFO - 投票结果: 选择路径 3, 答案: 14, 置信度: 0.3
2025-08-08 23:55:02,751 - INFO - 投票结果: 选择路径 0, 答案: 694, 置信度: 0.9
2025-08-08 23:55:02,752 - INFO - 投票结果: 选择路径 0, 答案: 3, 置信度: 1.0
2025-08-08 23:55:02,753 - INFO - 投票结果: 选择路径 0, 答案: 360, 置信度: 1.0
2025-08-08 23:55:02,754 - INFO - 投票结果: 选择路径 2, 答案: 350, 置信度: 0.4
2025-08-08 23:55:02,755 - INFO - 投票结果: 选择路径 0, 答案: 20, 置信度: 1.0
2025-08-08 23:55:02,756 - INFO - 投票结果: 选择路径 0, 答案: 3360, 置信度: 1.0
2025-08-08 23:55:02,757 - INFO - 投票结果: 选择路径 0, 答案: 21, 置信度: 0.2
2025-08-08 23:55:02,758 - INFO - 投票结果: 选择路径 0, 答案: 12, 置信度: 0.7
2025-08-08 23:55:02,759 - INFO - 投票结果: 选择路径 0, 答案: 215, 置信度: 1.0
2025-08-08 23:55:02,760 - INFO - 投票结果: 选择路径 0, 答案: 1, 置信度: 0.2
2025-08-08 23:55:02,761 - INFO - 投票结果: 选择路径 0, 答案: 9, 置信度: 0.9
2025-08-08 23:55:02,762 - INFO - 投票结果: 选择路径 0, 答案: 520, 置信度: 0.6
2025-08-08 23:55:02,763 - INFO - 投票结果: 选择路径 0, 答案: 62, 置信度: 0.9
2025-08-08 23:55:02,764 - INFO - 投票结果: 选择路径 1, 答案: 66, 置信度: 0.3
2025-08-08 23:55:02,765 - INFO - 投票结果: 选择路径 0, 答案: 120, 置信度: 1.0
2025-08-08 23:55:02,766 - INFO - 投票结果: 选择路径 0, 答案: 15, 置信度: 1.0
2025-08-08 23:55:02,767 - INFO - 投票结果: 选择路径 4, 答案: 185, 置信度: 0.4
2025-08-08 23:55:02,768 - INFO - 投票结果: 选择路径 2, 答案: 540.4, 置信度: 0.2
2025-08-08 23:55:02,769 - INFO - 投票结果: 选择路径 3, 答案: 2, 置信度: 0.4
2025-08-08 23:55:02,770 - INFO - 投票结果: 选择路径 1, 答案: 178.25, 置信度: 0.4
2025-08-08 23:55:02,771 - INFO - 投票结果: 选择路径 2, 答案: 298, 置信度: 0.4
2025-08-08 23:55:02,772 - INFO - 投票结果: 选择路径 0, 答案: 21, 置信度: 0.5
2025-08-08 23:55:02,773 - INFO - 投票结果: 选择路径 0, 答案: 10, 置信度: 0.8
2025-08-08 23:55:02,774 - INFO - 投票结果: 选择路径 1, 答案: 6, 置信度: 0.6
2025-08-08 23:55:02,775 - INFO - 投票结果: 选择路径 1, 答案: 21600, 置信度: 0.5
2025-08-08 23:55:02,776 - INFO - 投票结果: 选择路径 0, 答案: 10, 置信度: 1.0
2025-08-08 23:55:02,777 - INFO - 投票结果: 选择路径 1, 答案: 8, 置信度: 0.4
2025-08-08 23:55:02,778 - INFO - 投票结果: 选择路径 1, 答案: 697.5, 置信度: 0.2
2025-08-08 23:55:02,780 - INFO - 投票结果: 选择路径 0, 答案: 160, 置信度: 0.7
2025-08-08 23:55:02,781 - INFO - 投票结果: 选择路径 0, 答案: 40, 置信度: 0.9
2025-08-08 23:55:02,783 - INFO - 投票结果: 选择路径 0, 答案: 12, 置信度: 0.4
2025-08-08 23:55:02,784 - INFO - 投票结果: 选择路径 0, 答案: 36, 置信度: 0.6
2025-08-08 23:55:02,785 - INFO - 投票结果: 选择路径 0, 答案: 36, 置信度: 1.0
2025-08-08 23:55:02,786 - INFO - 投票结果: 选择路径 0, 答案: 9, 置信度: 1.0
2025-08-08 23:55:02,787 - INFO - 投票结果: 选择路径 0, 答案: 16, 置信度: 1.0
2025-08-08 23:55:02,788 - INFO - 投票结果: 选择路径 0, 答案: 60, 置信度: 1.0
2025-08-08 23:55:02,789 - INFO - 投票结果: 选择路径 0, 答案: 4, 置信度: 1.0
2025-08-08 23:55:02,790 - INFO - 投票结果: 选择路径 0, 答案: 3, 置信度: 1.0
2025-08-08 23:55:02,791 - INFO - 投票结果: 选择路径 0, 答案: 100, 置信度: 1.0
2025-08-08 23:55:02,792 - INFO - 投票结果: 选择路径 0, 答案: 22, 置信度: 0.2
2025-08-08 23:55:02,793 - INFO - 投票结果: 选择路径 0, 答案: 20, 置信度: 0.6
2025-08-08 23:55:02,794 - INFO - 投票结果: 选择路径 0, 答案: 29, 置信度: 1.0
2025-08-08 23:55:02,795 - INFO - 投票结果: 选择路径 2, 答案: 26, 置信度: 0.4
2025-08-08 23:55:02,796 - INFO - 投票结果: 选择路径 0, 答案: 23, 置信度: 1.0
2025-08-08 23:55:02,798 - INFO - 投票结果: 选择路径 1, 答案: 8, 置信度: 0.4
2025-08-08 23:55:02,799 - INFO - 投票结果: 选择路径 2, 答案: 9, 置信度: 0.5
2025-08-08 23:55:02,800 - INFO - 投票结果: 选择路径 0, 答案: 156, 置信度: 0.6
2025-08-08 23:55:02,801 - INFO - 投票结果: 选择路径 6, 答案: 48, 置信度: 0.2
2025-08-08 23:55:02,802 - INFO - 投票结果: 选择路径 0, 答案: 10, 置信度: 1.0
2025-08-08 23:55:02,803 - INFO - 投票结果: 选择路径 0, 答案: 8, 置信度: 1.0
2025-08-08 23:55:02,804 - INFO - 投票结果: 选择路径 0, 答案: 32, 置信度: 1.0
2025-08-08 23:55:02,805 - INFO - 投票结果: 选择路径 3, 答案: 48, 置信度: 0.6
2025-08-08 23:55:02,806 - INFO - 投票结果: 选择路径 0, 答案: 500, 置信度: 1.0
2025-08-08 23:55:02,808 - INFO - 投票结果: 选择路径 0, 答案: 8, 置信度: 0.8
2025-08-08 23:55:02,809 - INFO - 投票结果: 选择路径 0, 答案: 6, 置信度: 0.4
2025-08-08 23:55:02,810 - INFO - 投票结果: 选择路径 0, 答案: -10, 置信度: 1.0
2025-08-08 23:55:02,811 - INFO - 投票结果: 选择路径 0, 答案: 5, 置信度: 0.8
2025-08-08 23:55:02,811 - INFO - 投票结果: 选择路径 0, 答案: 8, 置信度: 1.0
2025-08-08 23:55:02,813 - INFO - 投票结果: 选择路径 0, 答案: 34, 置信度: 1.0
2025-08-08 23:55:02,814 - INFO - 投票结果: 选择路径 0, 答案: 30, 置信度: 0.8
2025-08-08 23:55:02,816 - INFO - 投票结果: 选择路径 0, 答案: 1000, 置信度: 1.0
2025-08-08 23:55:02,817 - INFO - 投票结果: 选择路径 1, 答案: 6, 置信度: 0.5
2025-08-08 23:55:02,818 - INFO - 投票结果: 选择路径 4, 答案: 50, 置信度: 0.3
2025-08-08 23:55:02,819 - INFO - 投票结果: 选择路径 0, 答案: 1920, 置信度: 1.0
2025-08-08 23:55:02,820 - INFO - 投票结果: 选择路径 1, 答案: 2, 置信度: 0.3
2025-08-08 23:55:02,821 - INFO - 投票结果: 选择路径 0, 答案: 50, 置信度: 0.9
2025-08-08 23:55:02,822 - INFO - 投票结果: 选择路径 0, 答案: 4000, 置信度: 0.5
2025-08-08 23:55:02,823 - INFO - 投票结果: 选择路径 0, 答案: 5, 置信度: 1.0
2025-08-08 23:55:02,824 - INFO - 投票结果: 选择路径 0, 答案: 10, 置信度: 1.0
2025-08-08 23:55:02,825 - INFO - 投票结果: 选择路径 0, 答案: 7, 置信度: 1.0
2025-08-08 23:55:02,826 - INFO - 投票结果: 选择路径 0, 答案: 20, 置信度: 1.0
2025-08-08 23:55:02,827 - INFO - 投票结果: 选择路径 0, 答案: 38, 置信度: 0.7
2025-08-08 23:55:02,828 - INFO - 投票结果: 选择路径 3, 答案: 9, 置信度: 0.5
2025-08-08 23:55:02,829 - INFO - 投票结果: 选择路径 6, 答案: 52500, 置信度: 0.3
2025-08-08 23:55:02,830 - INFO - 投票结果: 选择路径 1, 答案: 120, 置信度: 0.5
2025-08-08 23:55:02,832 - INFO - 投票结果: 选择路径 0, 答案: 10512, 置信度: 0.2
2025-08-08 23:55:02,833 - INFO - 投票结果: 选择路径 1, 答案: 4, 置信度: 0.4
2025-08-08 23:55:02,835 - INFO - 投票结果: 选择路径 0, 答案: 595, 置信度: 0.7
2025-08-08 23:55:02,836 - INFO - 投票结果: 选择路径 0, 答案: 110, 置信度: 1.0
2025-08-08 23:55:02,837 - INFO - 投票结果: 选择路径 0, 答案: 4800, 置信度: 1.0
2025-08-08 23:55:02,838 - INFO - 投票结果: 选择路径 0, 答案: 140, 置信度: 0.8
2025-08-08 23:55:02,839 - INFO - 投票结果: 选择路径 0, 答案: 34, 置信度: 1.0
2025-08-08 23:55:02,840 - INFO - 投票结果: 选择路径 0, 答案: 10, 置信度: 0.9
2025-08-08 23:55:02,841 - INFO - 投票结果: 选择路径 3, 答案: 2450, 置信度: 0.3
2025-08-08 23:55:02,842 - INFO - 投票结果: 选择路径 0, 答案: 30, 置信度: 1.0
2025-08-08 23:55:02,843 - INFO - 投票结果: 选择路径 1, 答案: 224000, 置信度: 0.5
2025-08-08 23:55:02,844 - INFO - 投票结果: 选择路径 0, 答案: 168, 置信度: 0.9
2025-08-08 23:55:02,845 - INFO - 投票结果: 选择路径 0, 答案: 120, 置信度: 1.0
2025-08-08 23:55:02,846 - INFO - 投票结果: 选择路径 0, 答案: 3, 置信度: 0.7
2025-08-08 23:55:02,847 - INFO - 投票结果: 选择路径 0, 答案: 20, 置信度: 0.9
2025-08-08 23:55:02,848 - INFO - 投票结果: 选择路径 0, 答案: 4, 置信度: 0.7
2025-08-08 23:55:02,849 - INFO - 投票结果: 选择路径 1, 答案: 15, 置信度: 0.3
2025-08-08 23:55:02,851 - INFO - 投票结果: 选择路径 0, 答案: 8, 置信度: 1.0
2025-08-08 23:55:02,852 - INFO - 投票结果: 选择路径 0, 答案: 308, 置信度: 1.0
2025-08-08 23:55:02,853 - INFO - 投票结果: 选择路径 0, 答案: 187, 置信度: 1.0
2025-08-08 23:55:02,855 - INFO - 投票结果: 选择路径 0, 答案: 123, 置信度: 0.9
2025-08-08 23:55:02,856 - INFO - 投票结果: 选择路径 0, 答案: 4, 置信度: 0.6
2025-08-08 23:55:02,857 - INFO - 投票结果: 选择路径 0, 答案: 100, 置信度: 0.2
2025-08-08 23:55:02,858 - INFO - 投票结果: 选择路径 0, 答案: 14000, 置信度: 0.8
2025-08-08 23:55:02,859 - INFO - 投票结果: 选择路径 1, 答案: 160, 置信度: 0.5
2025-08-08 23:55:02,860 - INFO - 投票结果: 选择路径 0, 答案: 7, 置信度: 0.9
2025-08-08 23:55:02,861 - INFO - 投票结果: 选择路径 0, 答案: 480, 置信度: 1.0
2025-08-08 23:55:02,862 - INFO - 投票结果: 选择路径 0, 答案: 2, 置信度: 0.9
2025-08-08 23:55:02,863 - INFO - 投票结果: 选择路径 0, 答案: 45, 置信度: 0.7
2025-08-08 23:55:02,864 - INFO - 投票结果: 选择路径 0, 答案: 31, 置信度: 0.7
2025-08-08 23:55:02,865 - INFO - 投票结果: 选择路径 1, 答案: 10, 置信度: 0.6
2025-08-08 23:55:02,866 - INFO - 投票结果: 选择路径 0, 答案: 18, 置信度: 0.8
2025-08-08 23:55:02,867 - INFO - 投票结果: 选择路径 0, 答案: 6, 置信度: 0.2
2025-08-08 23:55:02,868 - INFO - 投票结果: 选择路径 0, 答案: 93000, 置信度: 1.0
2025-08-08 23:55:02,869 - INFO - 投票结果: 选择路径 0, 答案: 9808, 置信度: 0.1
2025-08-08 23:55:02,871 - INFO - 投票结果: 选择路径 0, 答案: 150, 置信度: 1.0
2025-08-08 23:55:02,872 - INFO - 投票结果: 选择路径 0, 答案: 220, 置信度: 0.7
2025-08-08 23:55:02,873 - INFO - 投票结果: 选择路径 0, 答案: 12, 置信度: 1.0
2025-08-08 23:55:02,875 - INFO - 投票结果: 选择路径 0, 答案: 71, 置信度: 1.0
2025-08-08 23:55:02,876 - INFO - 投票结果: 选择路径 1, 答案: 8, 置信度: 0.9
2025-08-08 23:55:02,877 - INFO - 投票结果: 选择路径 0, 答案: 10, 置信度: 0.1
2025-08-08 23:55:02,878 - INFO - 投票结果: 选择路径 0, 答案: 53, 置信度: 0.9
2025-08-08 23:55:02,879 - INFO - 投票结果: 选择路径 0, 答案: 31800, 置信度: 0.8
2025-08-08 23:55:02,880 - INFO - 投票结果: 选择路径 0, 答案: 4, 置信度: 1.0
2025-08-08 23:55:02,881 - INFO - 投票结果: 选择路径 0, 答案: 12, 置信度: 1.0
2025-08-08 23:55:02,882 - INFO - 投票结果: 选择路径 0, 答案: 10, 置信度: 1.0
2025-08-08 23:55:02,883 - INFO - 投票结果: 选择路径 1, 答案: 2800, 置信度: 0.3
2025-08-08 23:55:02,884 - INFO - 投票结果: 选择路径 0, 答案: 18, 置信度: 0.9
2025-08-08 23:55:02,885 - INFO - 投票结果: 选择路径 0, 答案: 24, 置信度: 0.6
2025-08-08 23:55:02,886 - INFO - 投票结果: 选择路径 0, 答案: 139, 置信度: 0.7
2025-08-08 23:55:02,887 - INFO - 投票结果: 选择路径 0, 答案: 36, 置信度: 0.8
2025-08-08 23:55:02,888 - INFO - 投票结果: 选择路径 1, 答案: 18, 置信度: 0.6
2025-08-08 23:55:02,889 - INFO - 投票结果: 选择路径 0, 答案: 12, 置信度: 1.0
2025-08-08 23:55:02,890 - INFO - 投票结果: 选择路径 0, 答案: 78, 置信度: 0.8
2025-08-08 23:55:02,892 - INFO - 投票结果: 选择路径 0, 答案: 3, 置信度: 1.0
2025-08-08 23:55:02,893 - INFO - 投票结果: 选择路径 0, 答案: 225, 置信度: 0.3
2025-08-08 23:55:02,894 - INFO - 投票结果: 选择路径 5, 答案: 163, 置信度: 0.3
2025-08-08 23:55:02,896 - INFO - 投票结果: 选择路径 0, 答案: 90, 置信度: 1.0
2025-08-08 23:55:02,897 - INFO - 投票结果: 选择路径 0, 答案: 225, 置信度: 0.3
2025-08-08 23:55:02,898 - INFO - 投票结果: 选择路径 0, 答案: 480, 置信度: 0.5
2025-08-08 23:55:02,899 - INFO - 投票结果: 选择路径 1, 答案: 11, 置信度: 0.3
2025-08-08 23:55:02,900 - INFO - 投票结果: 选择路径 0, 答案: 90, 置信度: 1.0
2025-08-08 23:55:02,901 - INFO - 投票结果: 选择路径 0, 答案: 42, 置信度: 1.0
2025-08-08 23:55:02,902 - INFO - 投票结果: 选择路径 0, 答案: 162, 置信度: 0.9
2025-08-08 23:55:02,903 - INFO - 投票结果: 选择路径 0, 答案: 9, 置信度: 0.8
2025-08-08 23:55:02,904 - INFO - 投票结果: 选择路径 0, 答案: 53, 置信度: 0.2
2025-08-08 23:55:02,905 - INFO - 投票结果: 选择路径 0, 答案: 82, 置信度: 0.4
2025-08-08 23:55:02,906 - INFO - 投票结果: 选择路径 1, 答案: 14000, 置信度: 0.8
2025-08-08 23:55:02,907 - INFO - 投票结果: 选择路径 0, 答案: 45, 置信度: 0.9
2025-08-08 23:55:02,908 - INFO - 投票结果: 选择路径 0, 答案: 420, 置信度: 0.6
2025-08-08 23:55:02,909 - INFO - 投票结果: 选择路径 0, 答案: 15, 置信度: 1.0
2025-08-08 23:55:02,910 - INFO - 投票结果: 选择路径 0, 答案: 30, 置信度: 1.0
2025-08-08 23:55:02,911 - INFO - 投票结果: 选择路径 0, 答案: 280, 置信度: 0.9
2025-08-08 23:55:02,912 - INFO - 投票结果: 选择路径 1, 答案: 5, 置信度: 0.7
2025-08-08 23:55:02,913 - INFO - 投票结果: 选择路径 0, 答案: 135, 置信度: 1.0
2025-08-08 23:55:02,914 - INFO - 投票结果: 选择路径 0, 答案: 67, 置信度: 1.0
2025-08-08 23:55:02,915 - INFO - 投票结果: 选择路径 0, 答案: 1260, 置信度: 0.9
2025-08-08 23:55:02,916 - INFO - 投票结果: 选择路径 0, 答案: 80, 置信度: 1.0
2025-08-08 23:55:02,918 - INFO - 投票结果: 选择路径 1, 答案: 1080, 置信度: 0.2
2025-08-08 23:55:02,919 - INFO - 投票结果: 选择路径 0, 答案: 15, 置信度: 1.0
2025-08-08 23:55:02,920 - INFO - 投票结果: 选择路径 0, 答案: 12, 置信度: 0.3
2025-08-08 23:55:02,922 - INFO - 投票结果: 选择路径 0, 答案: 15, 置信度: 1.0
2025-08-08 23:55:02,923 - INFO - 投票结果: 选择路径 0, 答案: 221, 置信度: 1.0
2025-08-08 23:55:02,924 - INFO - 投票结果: 选择路径 0, 答案: 5, 置信度: 1.0
2025-08-08 23:55:02,925 - INFO - 投票结果: 选择路径 0, 答案: 11, 置信度: 0.6
2025-08-08 23:55:02,926 - INFO - 投票结果: 选择路径 0, 答案: 8400, 置信度: 0.5
2025-08-08 23:55:02,927 - INFO - 投票结果: 选择路径 0, 答案: 3000, 置信度: 0.7
2025-08-08 23:55:02,928 - INFO - 投票结果: 选择路径 0, 答案: 60, 置信度: 1.0
2025-08-08 23:55:02,929 - INFO - 投票结果: 选择路径 0, 答案: 826, 置信度: 0.5
2025-08-08 23:55:02,930 - INFO - 投票结果: 选择路径 1, 答案: 20, 置信度: 0.3
2025-08-08 23:55:02,931 - INFO - 投票结果: 选择路径 0, 答案: 6, 置信度: 0.9
2025-08-08 23:55:02,932 - INFO - 投票结果: 选择路径 4, 答案: 12, 置信度: 0.4
2025-08-08 23:55:02,933 - INFO - 投票结果: 选择路径 0, 答案: 480, 置信度: 1.0
2025-08-08 23:55:02,934 - INFO - 投票结果: 选择路径 0, 答案: 14400, 置信度: 0.7
2025-08-08 23:55:02,935 - INFO - 投票结果: 选择路径 1, 答案: 3, 置信度: 0.9
2025-08-08 23:55:02,936 - INFO - 投票结果: 选择路径 0, 答案: 250, 置信度: 1.0
2025-08-08 23:55:02,938 - INFO - 投票结果: 选择路径 0, 答案: 168, 置信度: 1.0
2025-08-08 23:55:02,940 - INFO - 投票结果: 选择路径 0, 答案: 64800, 置信度: 0.5
2025-08-08 23:55:02,941 - INFO - 投票结果: 选择路径 0, 答案: 120, 置信度: 0.8
2025-08-08 23:55:02,942 - INFO - 投票结果: 选择路径 0, 答案: 270, 置信度: 0.9
2025-08-08 23:55:02,943 - INFO - 投票结果: 选择路径 0, 答案: 26, 置信度: 1.0
2025-08-08 23:55:02,944 - INFO - 投票结果: 选择路径 2, 答案: 27, 置信度: 0.5
2025-08-08 23:55:02,945 - INFO - 投票结果: 选择路径 1, 答案: 45, 置信度: 0.6
2025-08-08 23:55:02,946 - INFO - 投票结果: 选择路径 0, 答案: 101, 置信度: 1.0
2025-08-08 23:55:02,947 - INFO - 投票结果: 选择路径 0, 答案: 150, 置信度: 0.3
2025-08-08 23:55:02,948 - INFO - 投票结果: 选择路径 0, 答案: 85, 置信度: 1.0
2025-08-08 23:55:02,949 - INFO - 投票结果: 选择路径 0, 答案: 3, 置信度: 0.4
2025-08-08 23:55:02,950 - INFO - 投票结果: 选择路径 3, 答案: 800, 置信度: 0.3
2025-08-08 23:55:02,951 - INFO - 投票结果: 选择路径 0, 答案: 300, 置信度: 1.0
2025-08-08 23:55:02,952 - INFO - 投票结果: 选择路径 0, 答案: 31, 置信度: 1.0
2025-08-08 23:55:02,954 - INFO - 投票结果: 选择路径 0, 答案: 12, 置信度: 0.9
2025-08-08 23:55:02,955 - INFO - 投票结果: 选择路径 0, 答案: 2:00p, 置信度: 0.8
2025-08-08 23:55:02,956 - INFO - 投票结果: 选择路径 0, 答案: 3, 置信度: 0.9
2025-08-08 23:55:02,958 - INFO - 投票结果: 选择路径 0, 答案: 10, 置信度: 0.8
2025-08-08 23:55:02,959 - INFO - 投票结果: 选择路径 0, 答案: 45, 置信度: 1.0
2025-08-08 23:55:02,960 - INFO - 投票结果: 选择路径 0, 答案: 200, 置信度: 0.9
2025-08-08 23:55:02,961 - INFO - 投票结果: 选择路径 0, 答案: 55, 置信度: 0.4
2025-08-08 23:55:02,962 - INFO - 投票结果: 选择路径 1, 答案: 10, 置信度: 0.8
2025-08-08 23:55:02,963 - INFO - 投票结果: 选择路径 0, 答案: 98, 置信度: 0.9
2025-08-08 23:55:02,964 - INFO - 投票结果: 选择路径 3, 答案: 4, 置信度: 0.3
2025-08-08 23:55:02,965 - INFO - 投票结果: 选择路径 4, 答案: 45, 置信度: 0.3
2025-08-08 23:55:02,966 - INFO - 投票结果: 选择路径 1, 答案: 360, 置信度: 0.3
2025-08-08 23:55:02,967 - INFO - 投票结果: 选择路径 0, 答案: 8, 置信度: 0.6
2025-08-08 23:55:02,968 - INFO - 投票结果: 选择路径 0, 答案: 30, 置信度: 0.3
2025-08-08 23:55:02,969 - INFO - 投票结果: 选择路径 0, 答案: 70, 置信度: 1.0
2025-08-08 23:55:02,970 - INFO - 投票结果: 选择路径 0, 答案: 294, 置信度: 0.8
2025-08-08 23:55:02,971 - INFO - 投票结果: 选择路径 0, 答案: 5, 置信度: 0.3
2025-08-08 23:55:02,972 - INFO - 投票结果: 选择路径 0, 答案: 13, 置信度: 1.0
2025-08-08 23:55:02,973 - INFO - 投票结果: 选择路径 0, 答案: 195, 置信度: 1.0
2025-08-08 23:55:02,974 - INFO - 投票结果: 选择路径 0, 答案: 7, 置信度: 1.0
2025-08-08 23:55:02,975 - INFO - 投票结果: 选择路径 0, 答案: 1875, 置信度: 0.8
2025-08-08 23:55:02,976 - INFO - 投票结果: 选择路径 0, 答案: 385000, 置信度: 0.9
2025-08-08 23:55:02,977 - INFO - 投票结果: 选择路径 0, 答案: 85, 置信度: 1.0
2025-08-08 23:55:02,978 - INFO - 投票结果: 选择路径 0, 答案: 27, 置信度: 1.0
2025-08-08 23:55:02,979 - INFO - 投票结果: 选择路径 0, 答案: 159, 置信度: 1.0
2025-08-08 23:55:02,980 - INFO - 投票结果: 选择路径 0, 答案: 25, 置信度: 0.7
2025-08-08 23:55:02,981 - INFO - 投票结果: 选择路径 0, 答案: 720, 置信度: 1.0
2025-08-08 23:55:02,982 - INFO - 投票结果: 选择路径 1, 答案: 549, 置信度: 0.6
2025-08-08 23:55:02,983 - INFO - 投票结果: 选择路径 1, 答案: 7, 置信度: 0.8
2025-08-08 23:55:02,984 - INFO - 投票结果: 选择路径 0, 答案: 25, 置信度: 0.6
2025-08-08 23:55:02,985 - INFO - 投票结果: 选择路径 2, 答案: 90, 置信度: 0.5
2025-08-08 23:55:02,986 - INFO - 投票结果: 选择路径 0, 答案: 2, 置信度: 0.7
2025-08-08 23:55:02,987 - INFO - 投票结果: 选择路径 0, 答案: 22, 置信度: 0.6
2025-08-08 23:55:02,989 - INFO - 投票结果: 选择路径 0, 答案: 40, 置信度: 0.7
2025-08-08 23:55:02,990 - INFO - 投票结果: 选择路径 0, 答案: 2250, 置信度: 0.2
2025-08-08 23:55:02,991 - INFO - 投票结果: 选择路径 0, 答案: 500, 置信度: 0.3
2025-08-08 23:55:02,993 - INFO - 投票结果: 选择路径 0, 答案: 10, 置信度: 0.6
2025-08-08 23:55:02,994 - INFO - 投票结果: 选择路径 0, 答案: 27, 置信度: 0.4
2025-08-08 23:55:02,996 - INFO - 投票结果: 选择路径 0, 答案: 17, 置信度: 1.0
2025-08-08 23:55:02,997 - INFO - 投票结果: 选择路径 0, 答案: 50, 置信度: 0.7
2025-08-08 23:55:02,998 - INFO - 投票结果: 选择路径 1, 答案: 96, 置信度: 0.6
2025-08-08 23:55:03,000 - INFO - 投票结果: 选择路径 0, 答案: 280, 置信度: 0.8
2025-08-08 23:55:03,001 - INFO - 投票结果: 选择路径 5, 答案: 60, 置信度: 0.3
2025-08-08 23:55:03,002 - INFO - 投票结果: 选择路径 0, 答案: 142, 置信度: 1.0
2025-08-08 23:55:03,004 - INFO - 投票结果: 选择路径 0, 答案: 5, 置信度: 0.8
2025-08-08 23:55:03,005 - INFO - 投票结果: 选择路径 0, 答案: 95, 置信度: 0.9
2025-08-08 23:55:03,007 - INFO - 投票结果: 选择路径 0, 答案: 175, 置信度: 1.0
2025-08-08 23:55:03,008 - INFO - 投票结果: 选择路径 0, 答案: 20, 置信度: 0.8
2025-08-08 23:55:03,009 - INFO - 投票结果: 选择路径 0, 答案: 15, 置信度: 1.0
2025-08-08 23:55:03,011 - INFO - 投票结果: 选择路径 0, 答案: 370, 置信度: 0.8
2025-08-08 23:55:03,012 - INFO - 投票结果: 选择路径 0, 答案: 2, 置信度: 0.2
2025-08-08 23:55:03,014 - INFO - 投票结果: 选择路径 0, 答案: 2, 置信度: 0.8
2025-08-08 23:55:03,015 - INFO - 投票结果: 选择路径 0, 答案: 120, 置信度: 0.5
2025-08-08 23:55:03,017 - INFO - 投票结果: 选择路径 0, 答案: 70, 置信度: 1.0
2025-08-08 23:55:03,018 - INFO - 投票结果: 选择路径 1, 答案: 17000, 置信度: 0.4
2025-08-08 23:55:03,019 - INFO - 投票结果: 选择路径 0, 答案: 57, 置信度: 1.0
2025-08-08 23:55:03,021 - INFO - 投票结果: 选择路径 0, 答案: 1260, 置信度: 0.7
2025-08-08 23:55:03,022 - INFO - 投票结果: 选择路径 0, 答案: 4500, 置信度: 1.0
2025-08-08 23:55:03,023 - INFO - 投票结果: 选择路径 0, 答案: 5, 置信度: 0.7
2025-08-08 23:55:03,024 - INFO - 投票结果: 选择路径 0, 答案: 360, 置信度: 1.0
2025-08-08 23:55:03,025 - INFO - 投票结果: 选择路径 0, 答案: 50, 置信度: 0.8
2025-08-08 23:55:03,026 - INFO - 投票结果: 选择路径 0, 答案: 5, 置信度: 0.1
2025-08-08 23:55:03,027 - INFO - 投票结果: 选择路径 0, 答案: 2, 置信度: 0.8
2025-08-08 23:55:03,028 - INFO - 投票结果: 选择路径 1, 答案: 7.17, 置信度: 0.5
2025-08-08 23:55:03,029 - INFO - 投票结果: 选择路径 0, 答案: 5760, 置信度: 0.9
2025-08-08 23:55:03,030 - INFO - 投票结果: 选择路径 0, 答案: 35, 置信度: 0.9
2025-08-08 23:55:03,031 - INFO - 投票结果: 选择路径 0, 答案: 21, 置信度: 0.3
2025-08-08 23:55:03,032 - INFO - 投票结果: 选择路径 0, 答案: 7, 置信度: 0.6
2025-08-08 23:55:03,033 - INFO - 投票结果: 选择路径 0, 答案: 3, 置信度: 1.0
2025-08-08 23:55:03,035 - INFO - 投票结果: 选择路径 0, 答案: 147, 置信度: 0.5
2025-08-08 23:55:03,036 - INFO - 投票结果: 选择路径 0, 答案: 280, 置信度: 0.7
2025-08-08 23:55:03,037 - INFO - 投票结果: 选择路径 0, 答案: 29, 置信度: 0.5
2025-08-08 23:55:03,038 - INFO - 投票结果: 选择路径 0, 答案: 10, 置信度: 1.0
2025-08-08 23:55:03,040 - INFO - 投票结果: 选择路径 0, 答案: 101, 置信度: 1.0
2025-08-08 23:55:03,041 - INFO - 投票结果: 选择路径 0, 答案: 12, 置信度: 1.0
2025-08-08 23:55:03,043 - INFO - 投票结果: 选择路径 0, 答案: 78, 置信度: 1.0
2025-08-08 23:55:03,044 - INFO - 投票结果: 选择路径 0, 答案: 16, 置信度: 1.0
2025-08-08 23:55:03,045 - INFO - 投票结果: 选择路径 2, 答案: 12, 置信度: 0.6
2025-08-08 23:55:03,046 - INFO - 投票结果: 选择路径 0, 答案: 20, 置信度: 0.7
2025-08-08 23:55:03,047 - INFO - 投票结果: 选择路径 1, 答案: 280, 置信度: 0.6
2025-08-08 23:55:03,048 - INFO - 投票结果: 选择路径 3, 答案: 47.25, 置信度: 0.5
2025-08-08 23:55:03,049 - INFO - 投票结果: 选择路径 0, 答案: 105, 置信度: 0.8
2025-08-08 23:55:03,050 - INFO - 投票结果: 选择路径 0, 答案: 58, 置信度: 0.5
2025-08-08 23:55:03,051 - INFO - 投票结果: 选择路径 0, 答案: 6, 置信度: 1.0
2025-08-08 23:55:03,052 - INFO - 投票结果: 选择路径 1, 答案: 100, 置信度: 0.3
2025-08-08 23:55:03,053 - INFO - 投票结果: 选择路径 0, 答案: 770, 置信度: 1.0
2025-08-08 23:55:03,054 - INFO - 投票结果: 选择路径 0, 答案: 28, 置信度: 0.9
2025-08-08 23:55:03,055 - INFO - 投票结果: 选择路径 0, 答案: 25, 置信度: 0.4
2025-08-08 23:55:03,056 - INFO - 投票结果: 选择路径 0, 答案: 1630, 置信度: 0.8
2025-08-08 23:55:03,058 - INFO - 投票结果: 选择路径 0, 答案: 55, 置信度: 0.8
2025-08-08 23:55:03,059 - INFO - 投票结果: 选择路径 1, 答案: 40, 置信度: 0.6
2025-08-08 23:55:03,061 - INFO - 投票结果: 选择路径 0, 答案: 11, 置信度: 1.0
2025-08-08 23:55:03,062 - INFO - 投票结果: 选择路径 0, 答案: 3, 置信度: 1.0
2025-08-08 23:55:03,063 - INFO - 投票结果: 选择路径 1, 答案: 20, 置信度: 0.8
2025-08-08 23:55:03,064 - INFO - 投票结果: 选择路径 0, 答案: 15, 置信度: 0.8
2025-08-08 23:55:03,065 - INFO - 投票结果: 选择路径 2, 答案: 3, 置信度: 0.4
2025-08-08 23:55:03,066 - INFO - 投票结果: 选择路径 0, 答案: 70, 置信度: 1.0
2025-08-08 23:55:03,067 - INFO - 投票结果: 选择路径 0, 答案: 63, 置信度: 0.8
2025-08-08 23:55:03,068 - INFO - 投票结果: 选择路径 0, 答案: 14, 置信度: 0.7
2025-08-08 23:55:03,069 - INFO - 投票结果: 选择路径 0, 答案: 11, 置信度: 1.0
2025-08-08 23:55:03,070 - INFO - 投票结果: 选择路径 0, 答案: 153, 置信度: 0.4
2025-08-08 23:55:03,071 - INFO - 投票结果: 选择路径 0, 答案: 15, 置信度: 0.9
2025-08-08 23:55:03,072 - INFO - 投票结果: 选择路径 2, 答案: 140, 置信度: 0.2
2025-08-08 23:55:03,073 - INFO - 投票结果: 选择路径 0, 答案: 175, 置信度: 0.6
2025-08-08 23:55:03,075 - INFO - 投票结果: 选择路径 1, 答案: 600, 置信度: 0.6
2025-08-08 23:55:03,076 - INFO - 投票结果: 选择路径 0, 答案: 20, 置信度: 0.8
2025-08-08 23:55:03,077 - INFO - 投票结果: 选择路径 0, 答案: 12, 置信度: 1.0
2025-08-08 23:55:03,078 - INFO - 投票结果: 选择路径 0, 答案: 87, 置信度: 1.0
2025-08-08 23:55:03,079 - INFO - 投票结果: 选择路径 0, 答案: 60, 置信度: 0.4
2025-08-08 23:55:03,080 - INFO - 投票结果: 选择路径 0, 答案: 10, 置信度: 0.6
2025-08-08 23:55:03,081 - INFO - 投票结果: 选择路径 0, 答案: 18, 置信度: 1.0
2025-08-08 23:55:03,082 - INFO - 投票结果: 选择路径 0, 答案: 230, 置信度: 1.0
2025-08-08 23:55:03,083 - INFO - 投票结果: 选择路径 2, 答案: 5, 置信度: 0.4
2025-08-08 23:55:03,084 - INFO - 投票结果: 选择路径 3, 答案: 1198, 置信度: 0.5
2025-08-08 23:55:03,085 - INFO - 投票结果: 选择路径 0, 答案: 2325, 置信度: 0.8
2025-08-08 23:55:03,086 - INFO - 投票结果: 选择路径 0, 答案: 80, 置信度: 1.0
2025-08-08 23:55:03,087 - INFO - 投票结果: 选择路径 0, 答案: 880, 置信度: 1.0
2025-08-08 23:55:03,088 - INFO - 投票结果: 选择路径 1, 答案: 5, 置信度: 0.9
2025-08-08 23:55:03,089 - INFO - 投票结果: 选择路径 0, 答案: 45, 置信度: 0.8
2025-08-08 23:55:03,090 - INFO - 投票结果: 选择路径 0, 答案: 75, 置信度: 1.0
2025-08-08 23:55:03,092 - INFO - 投票结果: 选择路径 0, 答案: 4, 置信度: 0.5
2025-08-08 23:55:03,093 - INFO - 投票结果: 选择路径 0, 答案: 350, 置信度: 1.0
2025-08-08 23:55:03,095 - INFO - 投票结果: 选择路径 0, 答案: 200, 置信度: 0.9
2025-08-08 23:55:03,096 - INFO - 投票结果: 选择路径 0, 答案: 1000, 置信度: 0.8
2025-08-08 23:55:03,098 - INFO - 投票结果: 选择路径 0, 答案: 21, 置信度: 0.8
2025-08-08 23:55:03,099 - INFO - 投票结果: 选择路径 0, 答案: 19, 置信度: 1.0
2025-08-08 23:55:03,100 - INFO - 投票结果: 选择路径 0, 答案: 13, 置信度: 0.9
2025-08-08 23:55:03,102 - INFO - 投票结果: 选择路径 1, 答案: 10, 置信度: 0.5
2025-08-08 23:55:03,103 - INFO - 投票结果: 选择路径 0, 答案: 440, 置信度: 1.0
2025-08-08 23:55:03,104 - INFO - 投票结果: 选择路径 0, 答案: 48, 置信度: 1.0
2025-08-08 23:55:03,105 - INFO - 投票结果: 选择路径 0, 答案: 33, 置信度: 0.5
2025-08-08 23:55:03,106 - INFO - 投票结果: 选择路径 3, 答案: 32, 置信度: 0.4
2025-08-08 23:55:03,108 - INFO - 投票结果: 选择路径 0, 答案: 22, 置信度: 1.0
2025-08-08 23:55:03,108 - INFO - 投票结果: 选择路径 0, 答案: 57500, 置信度: 0.8
2025-08-08 23:55:03,109 - INFO - 投票结果: 选择路径 0, 答案: 35, 置信度: 1.0
2025-08-08 23:55:03,110 - INFO - 投票结果: 选择路径 0, 答案: 26, 置信度: 1.0
2025-08-08 23:55:03,111 - INFO - 投票结果: 选择路径 0, 答案: 18, 置信度: 0.2
2025-08-08 23:55:03,113 - INFO - 投票结果: 选择路径 0, 答案: 27000, 置信度: 0.7
2025-08-08 23:55:03,114 - INFO - 投票结果: 选择路径 0, 答案: 157, 置信度: 1.0
2025-08-08 23:55:03,115 - INFO - 投票结果: 选择路径 0, 答案: 14, 置信度: 1.0
2025-08-08 23:55:03,116 - INFO - 投票结果: 选择路径 0, 答案: 26, 置信度: 0.8
2025-08-08 23:55:03,117 - INFO - 投票结果: 选择路径 1, 答案: 966.30, 置信度: 0.4
2025-08-08 23:55:03,118 - INFO - 投票结果: 选择路径 0, 答案: 12, 置信度: 1.0
2025-08-08 23:55:03,119 - INFO - 投票结果: 选择路径 0, 答案: 11, 置信度: 0.6
2025-08-08 23:55:03,120 - INFO - 投票结果: 选择路径 0, 答案: 366, 置信度: 1.0
2025-08-08 23:55:03,121 - INFO - 投票结果: 选择路径 0, 答案: 195, 置信度: 0.6
2025-08-08 23:55:03,122 - INFO - 投票结果: 选择路径 0, 答案: 90, 置信度: 1.0
2025-08-08 23:55:03,123 - INFO - 投票结果: 选择路径 0, 答案: 10, 置信度: 0.9
2025-08-08 23:55:03,124 - INFO - 投票结果: 选择路径 0, 答案: 400, 置信度: 1.0
2025-08-08 23:55:03,126 - INFO - 投票结果: 选择路径 5, 答案: 6, 置信度: 0.4
2025-08-08 23:55:03,127 - INFO - 投票结果: 选择路径 0, 答案: 17, 置信度: 1.0
2025-08-08 23:55:03,128 - INFO - 投票结果: 选择路径 0, 答案: 80, 置信度: 0.5
2025-08-08 23:55:03,130 - INFO - 投票结果: 选择路径 1, 答案: 22, 置信度: 0.4
2025-08-08 23:55:03,131 - INFO - 投票结果: 选择路径 0, 答案: 44, 置信度: 1.0
2025-08-08 23:55:03,133 - INFO - 投票结果: 选择路径 2, 答案: 12, 置信度: 0.6
2025-08-08 23:55:03,134 - INFO - 投票结果: 选择路径 0, 答案: 27, 置信度: 0.9
2025-08-08 23:55:03,135 - INFO - 投票结果: 选择路径 2, 答案: 120, 置信度: 0.6
2025-08-08 23:55:03,136 - INFO - 投票结果: 选择路径 0, 答案: 12, 置信度: 1.0
2025-08-08 23:55:03,137 - INFO - 投票结果: 选择路径 0, 答案: 5, 置信度: 1.0
2025-08-08 23:55:03,138 - INFO - 投票结果: 选择路径 1, 答案: 36, 置信度: 0.7
2025-08-08 23:55:03,139 - INFO - 投票结果: 选择路径 0, 答案: 9, 置信度: 0.9
2025-08-08 23:55:03,140 - INFO - 投票结果: 选择路径 0, 答案: 2, 置信度: 0.8
2025-08-08 23:55:03,141 - INFO - 投票结果: 选择路径 3, 答案: 38, 置信度: 0.3
2025-08-08 23:55:03,142 - INFO - 投票结果: 选择路径 0, 答案: 70, 置信度: 1.0
2025-08-08 23:55:03,143 - INFO - 投票结果: 选择路径 0, 答案: 3160, 置信度: 0.5
2025-08-08 23:55:03,144 - INFO - 投票结果: 选择路径 0, 答案: 3200, 置信度: 1.0
2025-08-08 23:55:03,145 - INFO - 投票结果: 选择路径 0, 答案: 180, 置信度: 0.3
2025-08-08 23:55:03,146 - INFO - 投票结果: 选择路径 0, 答案: 90, 置信度: 1.0
2025-08-08 23:55:03,147 - INFO - 投票结果: 选择路径 0, 答案: 200, 置信度: 0.9
2025-08-08 23:55:03,148 - INFO - 投票结果: 选择路径 0, 答案: 330000, 置信度: 0.6
2025-08-08 23:55:03,149 - INFO - 投票结果: 选择路径 0, 答案: 9, 置信度: 0.9
2025-08-08 23:55:03,151 - INFO - 投票结果: 选择路径 0, 答案: 10, 置信度: 1.0
2025-08-08 23:55:03,152 - INFO - 投票结果: 选择路径 4, 答案: 56, 置信度: 0.3
2025-08-08 23:55:03,153 - INFO - 投票结果: 选择路径 0, 答案: 700, 置信度: 0.8
2025-08-08 23:55:03,155 - INFO - 投票结果: 选择路径 0, 答案: 12, 置信度: 1.0
2025-08-08 23:55:03,156 - INFO - 投票结果: 选择路径 0, 答案: 3, 置信度: 0.8
2025-08-08 23:55:03,157 - INFO - 投票结果: 选择路径 0, 答案: 320, 置信度: 0.7
2025-08-08 23:55:03,158 - INFO - 投票结果: 选择路径 0, 答案: 59, 置信度: 0.5
2025-08-08 23:55:03,159 - INFO - 投票结果: 选择路径 0, 答案: 50, 置信度: 0.8
2025-08-08 23:55:03,160 - INFO - 投票结果: 选择路径 0, 答案: 50, 置信度: 1.0
2025-08-08 23:55:03,161 - INFO - 投票结果: 选择路径 3, 答案: 2350, 置信度: 0.2
2025-08-08 23:55:03,163 - INFO - 投票结果: 选择路径 0, 答案: 12, 置信度: 0.4
2025-08-08 23:55:03,164 - INFO - 投票结果: 选择路径 0, 答案: 2640, 置信度: 0.9
2025-08-08 23:55:03,165 - INFO - 投票结果: 选择路径 0, 答案: 98, 置信度: 0.9
2025-08-08 23:55:03,166 - INFO - 投票结果: 选择路径 0, 答案: 19, 置信度: 1.0
2025-08-08 23:55:03,167 - INFO - 投票结果: 选择路径 0, 答案: 21, 置信度: 1.0
2025-08-08 23:55:03,168 - INFO - 投票结果: 选择路径 2, 答案: 5, 置信度: 0.8
2025-08-08 23:55:03,169 - INFO - 投票结果: 选择路径 0, 答案: 30, 置信度: 0.9
2025-08-08 23:55:03,170 - INFO - 投票结果: 选择路径 4, 答案: 34, 置信度: 0.6
2025-08-08 23:55:03,171 - INFO - 投票结果: 选择路径 0, 答案: 48, 置信度: 0.7
2025-08-08 23:55:03,172 - INFO - 投票结果: 选择路径 0, 答案: 7, 置信度: 1.0
2025-08-08 23:55:03,173 - INFO - 投票结果: 选择路径 0, 答案: 50, 置信度: 1.0
2025-08-08 23:55:03,174 - INFO - 投票结果: 选择路径 0, 答案: 25, 置信度: 1.0
2025-08-08 23:55:03,176 - INFO - 投票结果: 选择路径 0, 答案: 500, 置信度: 1.0
2025-08-08 23:55:03,177 - INFO - 投票结果: 选择路径 0, 答案: 300, 置信度: 1.0
2025-08-08 23:55:03,178 - INFO - 投票结果: 选择路径 0, 答案: 842, 置信度: 1.0
2025-08-08 23:55:03,179 - INFO - 投票结果: 选择路径 0, 答案: 600, 置信度: 0.7
2025-08-08 23:55:03,180 - INFO - 投票结果: 选择路径 1, 答案: 180, 置信度: 0.5
2025-08-08 23:55:03,181 - INFO - 投票结果: 选择路径 0, 答案: 32, 置信度: 0.9
2025-08-08 23:55:03,182 - INFO - 投票结果: 选择路径 0, 答案: 15, 置信度: 1.0
2025-08-08 23:55:03,183 - INFO - 投票结果: 选择路径 0, 答案: 243, 置信度: 1.0
2025-08-08 23:55:03,184 - INFO - 投票结果: 选择路径 0, 答案: 120, 置信度: 0.3
2025-08-08 23:55:03,186 - INFO - 投票结果: 选择路径 0, 答案: 1218, 置信度: 1.0
2025-08-08 23:55:03,187 - INFO - 投票结果: 选择路径 0, 答案: 16, 置信度: 0.6
2025-08-08 23:55:03,188 - INFO - 投票结果: 选择路径 1, 答案: 40, 置信度: 0.8
2025-08-08 23:55:03,189 - INFO - 投票结果: 选择路径 0, 答案: 1210, 置信度: 1.0
2025-08-08 23:55:03,190 - INFO - 投票结果: 选择路径 0, 答案: 50, 置信度: 0.8
2025-08-08 23:55:03,191 - INFO - 投票结果: 选择路径 0, 答案: 12, 置信度: 1.0
2025-08-08 23:55:03,192 - INFO - 投票结果: 选择路径 0, 答案: 3528, 置信度: 0.7
2025-08-08 23:55:03,193 - INFO - 投票结果: 选择路径 6, 答案: 150, 置信度: 0.3
2025-08-08 23:55:03,194 - INFO - 投票结果: 选择路径 0, 答案: 1050, 置信度: 0.9
2025-08-08 23:55:03,195 - INFO - 投票结果: 选择路径 0, 答案: 2304, 置信度: 1.0
2025-08-08 23:55:03,196 - INFO - 投票结果: 选择路径 2, 答案: 110, 置信度: 0.3
2025-08-08 23:55:03,197 - INFO - 投票结果: 选择路径 4, 答案: 10000, 置信度: 0.4
2025-08-08 23:55:03,198 - INFO - 投票结果: 选择路径 0, 答案: 410, 置信度: 0.9
2025-08-08 23:55:03,199 - INFO - 投票结果: 选择路径 0, 答案: 32, 置信度: 0.9
2025-08-08 23:55:03,201 - INFO - 投票结果: 选择路径 0, 答案: 120, 置信度: 0.8
2025-08-08 23:55:03,202 - INFO - 投票结果: 选择路径 1, 答案: 29, 置信度: 0.7
2025-08-08 23:55:03,203 - INFO - 投票结果: 选择路径 1, 答案: 200, 置信度: 0.6
2025-08-08 23:55:03,204 - INFO - 投票结果: 选择路径 0, 答案: 80, 置信度: 0.5
2025-08-08 23:55:03,206 - INFO - 投票结果: 选择路径 1, 答案: 200, 置信度: 0.4
2025-08-08 23:55:03,207 - INFO - 投票结果: 选择路径 0, 答案: 2, 置信度: 0.9
2025-08-08 23:55:03,208 - INFO - 投票结果: 选择路径 0, 答案: 9, 置信度: 1.0
2025-08-08 23:55:03,209 - INFO - 投票结果: 选择路径 0, 答案: 100, 置信度: 1.0
2025-08-08 23:55:03,210 - INFO - 投票结果: 选择路径 0, 答案: 40, 置信度: 0.8
2025-08-08 23:55:03,211 - INFO - 投票结果: 选择路径 3, 答案: 250, 置信度: 0.5
2025-08-08 23:55:03,212 - INFO - 投票结果: 选择路径 0, 答案: 5600, 置信度: 0.8
2025-08-08 23:55:03,213 - INFO - 投票结果: 选择路径 0, 答案: 5, 置信度: 1.0
2025-08-08 23:55:03,214 - INFO - 投票结果: 选择路径 0, 答案: 600, 置信度: 1.0
2025-08-08 23:55:03,215 - INFO - 投票结果: 选择路径 0, 答案: 6, 置信度: 1.0
2025-08-08 23:55:03,216 - INFO - 投票结果: 选择路径 0, 答案: 1, 置信度: 1.0
2025-08-08 23:55:03,217 - INFO - 投票结果: 选择路径 0, 答案: 360, 置信度: 0.9
2025-08-08 23:55:03,218 - INFO - 投票结果: 选择路径 0, 答案: 45, 置信度: 1.0
2025-08-08 23:55:03,219 - INFO - 投票结果: 选择路径 0, 答案: 310, 置信度: 1.0
2025-08-08 23:55:03,220 - INFO - 投票结果: 选择路径 1, 答案: 6, 置信度: 0.5
2025-08-08 23:55:03,221 - INFO - 投票结果: 选择路径 0, 答案: 30, 置信度: 1.0
2025-08-08 23:55:03,222 - INFO - 投票结果: 选择路径 0, 答案: 220, 置信度: 0.8
2025-08-08 23:55:03,223 - INFO - 投票结果: 选择路径 0, 答案: 310, 置信度: 0.9
2025-08-08 23:55:03,225 - INFO - 投票结果: 选择路径 0, 答案: 250, 置信度: 0.6
2025-08-08 23:55:03,226 - INFO - 投票结果: 选择路径 0, 答案: 118000, 置信度: 0.4
2025-08-08 23:55:03,227 - INFO - 投票结果: 选择路径 0, 答案: 160, 置信度: 1.0
2025-08-08 23:55:03,228 - INFO - 投票结果: 选择路径 0, 答案: 4, 置信度: 0.9
2025-08-08 23:55:03,229 - INFO - 投票结果: 选择路径 0, 答案: 6, 置信度: 0.9
2025-08-08 23:55:03,230 - INFO - 投票结果: 选择路径 0, 答案: 64, 置信度: 0.7
2025-08-08 23:55:03,231 - INFO - 投票结果: 选择路径 0, 答案: 335, 置信度: 0.9
2025-08-08 23:55:03,232 - INFO - 投票结果: 选择路径 0, 答案: 44, 置信度: 1.0
2025-08-08 23:55:03,233 - INFO - 投票结果: 选择路径 0, 答案: 216, 置信度: 1.0
2025-08-08 23:55:03,234 - INFO - 投票结果: 选择路径 0, 答案: 40, 置信度: 1.0
2025-08-08 23:55:03,235 - INFO - 投票结果: 选择路径 4, 答案: 1.5, 置信度: 0.3
2025-08-08 23:55:03,236 - INFO - 投票结果: 选择路径 0, 答案: 135000, 置信度: 0.5
2025-08-08 23:55:03,238 - INFO - 投票结果: 选择路径 0, 答案: 16, 置信度: 0.7
2025-08-08 23:55:03,239 - INFO - 投票结果: 选择路径 0, 答案: 6, 置信度: 0.9
2025-08-08 23:55:03,240 - INFO - 投票结果: 选择路径 0, 答案: 17, 置信度: 1.0
2025-08-08 23:55:03,241 - INFO - 投票结果: 选择路径 0, 答案: 540, 置信度: 0.9
2025-08-08 23:55:03,241 - INFO - 投票结果: 选择路径 0, 答案: 621, 置信度: 0.8
2025-08-08 23:55:03,242 - INFO - 投票结果: 选择路径 0, 答案: 120, 置信度: 0.8
2025-08-08 23:55:03,244 - INFO - 投票结果: 选择路径 0, 答案: 56, 置信度: 0.7
2025-08-08 23:55:03,245 - INFO - 投票结果: 选择路径 0, 答案: 2, 置信度: 1.0
2025-08-08 23:55:03,246 - INFO - 投票结果: 选择路径 0, 答案: 3, 置信度: 1.0
2025-08-08 23:55:03,248 - INFO - 投票结果: 选择路径 1, 答案: 104, 置信度: 0.7
2025-08-08 23:55:03,249 - INFO - 投票结果: 选择路径 0, 答案: 5, 置信度: 1.0
2025-08-08 23:55:03,250 - INFO - 投票结果: 选择路径 6, 答案: 8, 置信度: 0.3
2025-08-08 23:55:03,251 - INFO - 投票结果: 选择路径 0, 答案: 6, 置信度: 0.9
2025-08-08 23:55:03,252 - INFO - 投票结果: 选择路径 1, 答案: 63.33, 置信度: 0.7
2025-08-08 23:55:03,253 - INFO - 投票结果: 选择路径 1, 答案: 10, 置信度: 0.9
2025-08-08 23:55:03,254 - INFO - 投票结果: 选择路径 0, 答案: 9, 置信度: 0.7
2025-08-08 23:55:03,255 - INFO - 投票结果: 选择路径 0, 答案: 5, 置信度: 1.0
2025-08-08 23:55:03,256 - INFO - 投票结果: 选择路径 0, 答案: 16, 置信度: 0.7
2025-08-08 23:55:03,257 - INFO - 投票结果: 选择路径 1, 答案: 296, 置信度: 0.7
2025-08-08 23:55:03,258 - INFO - 投票结果: 选择路径 0, 答案: 750, 置信度: 0.6
2025-08-08 23:55:03,259 - INFO - 投票结果: 选择路径 2, 答案: 2, 置信度: 0.5
2025-08-08 23:55:03,260 - INFO - 投票结果: 选择路径 0, 答案: 4, 置信度: 1.0
2025-08-08 23:55:03,261 - INFO - 投票结果: 选择路径 2, 答案: 25, 置信度: 0.8
2025-08-08 23:55:03,262 - INFO - 投票结果: 选择路径 2, 答案: 210, 置信度: 0.4
2025-08-08 23:55:03,263 - INFO - 投票结果: 选择路径 1, 答案: 2, 置信度: 0.6
2025-08-08 23:55:03,265 - INFO - 投票结果: 选择路径 0, 答案: 35, 置信度: 0.5
2025-08-08 23:55:03,266 - INFO - 投票结果: 选择路径 0, 答案: 24, 置信度: 1.0
2025-08-08 23:55:03,267 - INFO - 投票结果: 选择路径 2, 答案: 15.67, 置信度: 0.3
2025-08-08 23:55:03,269 - INFO - 投票结果: 选择路径 0, 答案: 69, 置信度: 0.5
2025-08-08 23:55:03,270 - INFO - 投票结果: 选择路径 0, 答案: 168, 置信度: 1.0
2025-08-08 23:55:03,271 - INFO - 投票结果: 选择路径 0, 答案: 20, 置信度: 1.0
2025-08-08 23:55:03,272 - INFO - 投票结果: 选择路径 0, 答案: 4, 置信度: 1.0
2025-08-08 23:55:03,273 - INFO - 投票结果: 选择路径 1, 答案: 1596, 置信度: 0.8
2025-08-08 23:55:03,274 - INFO - 投票结果: 选择路径 0, 答案: 6x+30, 置信度: 0.2
2025-08-08 23:55:03,275 - INFO - 投票结果: 选择路径 0, 答案: 20, 置信度: 1.0
2025-08-08 23:55:03,276 - INFO - 投票结果: 选择路径 0, 答案: 2, 置信度: 0.8
2025-08-08 23:55:03,277 - INFO - 投票结果: 选择路径 3, 答案: 7, 置信度: 0.3
2025-08-08 23:55:03,278 - INFO - 投票结果: 选择路径 2, 答案: 3140, 置信度: 0.3
2025-08-08 23:55:03,279 - INFO - 投票结果: 选择路径 0, 答案: 4, 置信度: 1.0
2025-08-08 23:55:03,280 - INFO - 投票结果: 选择路径 0, 答案: 81, 置信度: 1.0
2025-08-08 23:55:03,281 - INFO - 投票结果: 选择路径 0, 答案: 54, 置信度: 0.7
2025-08-08 23:55:03,282 - INFO - 投票结果: 选择路径 0, 答案: 1400, 置信度: 1.0
2025-08-08 23:55:03,284 - INFO - 投票结果: 选择路径 3, 答案: 100, 置信度: 0.2
2025-08-08 23:55:03,285 - INFO - 投票结果: 选择路径 3, 答案: 30, 置信度: 0.4
2025-08-08 23:55:03,286 - INFO - 投票结果: 选择路径 0, 答案: 26, 置信度: 1.0
2025-08-08 23:55:03,288 - INFO - 投票结果: 选择路径 0, 答案: 13, 置信度: 1.0
2025-08-08 23:55:03,289 - INFO - 投票结果: 选择路径 1, 答案: 623, 置信度: 0.4
2025-08-08 23:55:03,290 - INFO - 投票结果: 选择路径 0, 答案: 92, 置信度: 0.9
2025-08-08 23:55:03,291 - INFO - 投票结果: 选择路径 0, 答案: 20, 置信度: 0.4
2025-08-08 23:55:03,292 - INFO - 投票结果: 选择路径 0, 答案: 55, 置信度: 0.9
2025-08-08 23:55:03,293 - INFO - 投票结果: 选择路径 0, 答案: 90, 置信度: 1.0
2025-08-08 23:55:03,294 - INFO - 投票结果: 选择路径 1, 答案: 75, 置信度: 0.7
2025-08-08 23:55:03,295 - INFO - 投票结果: 选择路径 0, 答案: 10, 置信度: 1.0
2025-08-08 23:55:03,296 - INFO - 投票结果: 选择路径 0, 答案: 70, 置信度: 1.0
2025-08-08 23:55:03,297 - INFO - 投票结果: 选择路径 0, 答案: 6, 置信度: 0.4
2025-08-08 23:55:03,298 - INFO - 投票结果: 选择路径 0, 答案: 2450, 置信度: 0.8
2025-08-08 23:55:03,299 - INFO - 投票结果: 选择路径 4, 答案: 20, 置信度: 0.3
2025-08-08 23:55:03,300 - INFO - 投票结果: 选择路径 0, 答案: 378000, 置信度: 0.6
2025-08-08 23:55:03,301 - INFO - 投票结果: 选择路径 1, 答案: 38, 置信度: 0.8
2025-08-08 23:55:03,302 - INFO - 投票结果: 选择路径 0, 答案: 300, 置信度: 0.9
2025-08-08 23:55:03,303 - INFO - 投票结果: 选择路径 0, 答案: 75, 置信度: 1.0
2025-08-08 23:55:03,304 - INFO - 投票结果: 选择路径 0, 答案: 1800, 置信度: 0.5
2025-08-08 23:55:03,305 - INFO - 投票结果: 选择路径 1, 答案: 18, 置信度: 0.8
2025-08-08 23:55:03,307 - INFO - 投票结果: 选择路径 0, 答案: 9500, 置信度: 1.0
2025-08-08 23:55:03,308 - INFO - 投票结果: 选择路径 1, 答案: 7, 置信度: 0.9
2025-08-08 23:55:03,309 - INFO - 投票结果: 选择路径 0, 答案: 336, 置信度: 1.0
2025-08-08 23:55:03,317 - INFO - 投票结果: 选择路径 5, 答案: 92, 置信度: 0.2
2025-08-08 23:55:03,318 - INFO - 投票结果: 选择路径 0, 答案: 78, 置信度: 1.0
2025-08-08 23:55:03,319 - INFO - 投票结果: 选择路径 2, 答案: 155, 置信度: 0.4
2025-08-08 23:55:03,320 - INFO - 投票结果: 选择路径 2, 答案: 18, 置信度: 0.4
2025-08-08 23:55:03,321 - INFO - 投票结果: 选择路径 1, 答案: 375, 置信度: 0.9
2025-08-08 23:55:03,322 - INFO - 投票结果: 选择路径 0, 答案: 54, 置信度: 0.8
2025-08-08 23:55:03,323 - INFO - 投票结果: 选择路径 0, 答案: 6400, 置信度: 0.6
2025-08-08 23:55:03,324 - INFO - 投票结果: 选择路径 1, 答案: 10, 置信度: 0.2
2025-08-08 23:55:03,325 - INFO - 投票结果: 选择路径 0, 答案: 7, 置信度: 0.9
2025-08-08 23:55:03,326 - INFO - 投票结果: 选择路径 0, 答案: 100, 置信度: 0.9
2025-08-08 23:55:03,327 - INFO - 投票结果: 选择路径 0, 答案: 450, 置信度: 0.8
2025-08-08 23:55:03,328 - INFO - 投票结果: 选择路径 4, 答案: 6000, 置信度: 0.3
2025-08-08 23:55:03,329 - INFO - 投票结果: 选择路径 0, 答案: 43, 置信度: 0.3
2025-08-08 23:55:03,330 - INFO - 投票结果: 选择路径 0, 答案: 6, 置信度: 1.0
2025-08-08 23:55:03,332 - INFO - 投票结果: 选择路径 0, 答案: 1200, 置信度: 0.7
2025-08-08 23:55:03,333 - INFO - 投票结果: 选择路径 0, 答案: 24, 置信度: 1.0
2025-08-08 23:55:03,335 - INFO - 投票结果: 选择路径 1, 答案: 14, 置信度: 0.5
2025-08-08 23:55:03,336 - INFO - 投票结果: 选择路径 1, 答案: 28.33, 置信度: 0.2
2025-08-08 23:55:03,337 - INFO - 投票结果: 选择路径 0, 答案: 230, 置信度: 0.6
2025-08-08 23:55:03,338 - INFO - 投票结果: 选择路径 2, 答案: 20, 置信度: 0.3
2025-08-08 23:55:03,339 - INFO - 投票结果: 选择路径 0, 答案: 40, 置信度: 0.4
2025-08-08 23:55:03,340 - INFO - 投票结果: 选择路径 0, 答案: 14, 置信度: 0.9
2025-08-08 23:55:03,341 - INFO - 投票结果: 选择路径 0, 答案: 20, 置信度: 1.0
2025-08-08 23:55:03,342 - INFO - 投票结果: 选择路径 1, 答案: 180, 置信度: 0.6
2025-08-08 23:55:03,343 - INFO - 投票结果: 选择路径 1, 答案: 3, 置信度: 0.9
2025-08-08 23:55:03,344 - INFO - 投票结果: 选择路径 0, 答案: 564, 置信度: 0.1
2025-08-08 23:55:03,345 - INFO - 投票结果: 选择路径 0, 答案: 64, 置信度: 0.7
2025-08-08 23:55:03,346 - INFO - 投票结果: 选择路径 0, 答案: 48, 置信度: 1.0
2025-08-08 23:55:03,347 - INFO - 投票结果: 选择路径 0, 答案: 4, 置信度: 1.0
2025-08-08 23:55:03,348 - INFO - 投票结果: 选择路径 0, 答案: 14, 置信度: 0.9
2025-08-08 23:55:03,350 - INFO - 投票结果: 选择路径 0, 答案: 5600, 置信度: 0.6
2025-08-08 23:55:03,351 - INFO - 投票结果: 选择路径 1, 答案: 13, 置信度: 0.4
2025-08-08 23:55:03,353 - INFO - 投票结果: 选择路径 0, 答案: 144, 置信度: 0.8
2025-08-08 23:55:03,354 - INFO - 投票结果: 选择路径 0, 答案: 560, 置信度: 0.6
2025-08-08 23:55:03,355 - INFO - 投票结果: 选择路径 0, 答案: 428, 置信度: 0.9
2025-08-08 23:55:03,356 - INFO - 投票结果: 选择路径 0, 答案: 665, 置信度: 0.9
2025-08-08 23:55:03,357 - INFO - 投票结果: 选择路径 1, 答案: 7500, 置信度: 0.3
2025-08-08 23:55:03,358 - INFO - 投票结果: 选择路径 3, 答案: 2.5, 置信度: 0.7
2025-08-08 23:55:03,359 - INFO - 投票结果: 选择路径 0, 答案: 90, 置信度: 0.6
2025-08-08 23:55:03,360 - INFO - 投票结果: 选择路径 0, 答案: 570, 置信度: 0.9
2025-08-08 23:55:03,361 - INFO - 投票结果: 选择路径 0, 答案: 5, 置信度: 0.9
2025-08-08 23:55:03,362 - INFO - 投票结果: 选择路径 0, 答案: 88, 置信度: 0.6
2025-08-08 23:55:03,363 - INFO - 投票结果: 选择路径 0, 答案: 160, 置信度: 1.0
2025-08-08 23:55:03,364 - INFO - 投票结果: 选择路径 0, 答案: 6, 置信度: 1.0
2025-08-08 23:55:03,365 - INFO - 投票结果: 选择路径 1, 答案: 6000, 置信度: 0.5
2025-08-08 23:55:03,367 - INFO - 投票结果: 选择路径 0, 答案: 800, 置信度: 0.8
2025-08-08 23:55:03,368 - INFO - 投票结果: 选择路径 0, 答案: 1, 置信度: 0.9
2025-08-08 23:55:03,369 - INFO - 投票结果: 选择路径 0, 答案: 4, 置信度: 0.7
2025-08-08 23:55:03,371 - INFO - 投票结果: 选择路径 0, 答案: 31, 置信度: 0.6
2025-08-08 23:55:03,372 - INFO - 投票结果: 选择路径 0, 答案: 276000, 置信度: 1.0
2025-08-08 23:55:03,373 - INFO - 投票结果: 选择路径 1, 答案: 482, 置信度: 0.9
2025-08-08 23:55:03,374 - INFO - 投票结果: 选择路径 0, 答案: 100, 置信度: 1.0
2025-08-08 23:55:03,375 - INFO - 投票结果: 选择路径 0, 答案: 21, 置信度: 1.0
2025-08-08 23:55:03,376 - INFO - 投票结果: 选择路径 0, 答案: 40, 置信度: 1.0
2025-08-08 23:55:03,377 - INFO - 投票结果: 选择路径 1, 答案: 180000, 置信度: 0.8
2025-08-08 23:55:03,378 - INFO - 投票结果: 选择路径 0, 答案: 14, 置信度: 1.0
2025-08-08 23:55:03,379 - INFO - 投票结果: 选择路径 4, 答案: 54, 置信度: 0.4
2025-08-08 23:55:03,380 - INFO - 投票结果: 选择路径 0, 答案: 5, 置信度: 0.7
2025-08-08 23:55:03,381 - INFO - 投票结果: 选择路径 1, 答案: 48, 置信度: 0.6
2025-08-08 23:55:03,382 - INFO - 投票结果: 选择路径 0, 答案: 390, 置信度: 0.8
2025-08-08 23:55:03,383 - INFO - 投票结果: 选择路径 0, 答案: 22, 置信度: 1.0
2025-08-08 23:55:03,384 - INFO - 投票结果: 选择路径 0, 答案: 12, 置信度: 0.8
2025-08-08 23:55:03,385 - INFO - 投票结果: 选择路径 1, 答案: 18000, 置信度: 0.6
2025-08-08 23:55:03,387 - INFO - 投票结果: 选择路径 3, 答案: 8642, 置信度: 0.6
2025-08-08 23:55:03,388 - INFO - 投票结果: 选择路径 1, 答案: 10, 置信度: 0.6
2025-08-08 23:55:03,390 - INFO - 投票结果: 选择路径 1, 答案: 27, 置信度: 0.3
2025-08-08 23:55:03,391 - INFO - 投票结果: 选择路径 0, 答案: 22, 置信度: 1.0
2025-08-08 23:55:03,392 - INFO - 投票结果: 选择路径 2, 答案: 61, 置信度: 0.3
2025-08-08 23:55:03,393 - INFO - 投票结果: 选择路径 0, 答案: 10, 置信度: 0.8
2025-08-08 23:55:03,394 - INFO - 投票结果: 选择路径 1, 答案: 15, 置信度: 0.5
2025-08-08 23:55:03,395 - INFO - 投票结果: 选择路径 0, 答案: 14, 置信度: 1.0
2025-08-08 23:55:03,396 - INFO - 投票结果: 选择路径 0, 答案: 14, 置信度: 1.0
2025-08-08 23:55:03,397 - INFO - 投票结果: 选择路径 0, 答案: 4, 置信度: 1.0
2025-08-08 23:55:03,398 - INFO - 投票结果: 选择路径 0, 答案: 3000, 置信度: 1.0
2025-08-08 23:55:03,399 - INFO - 投票结果: 选择路径 0, 答案: 3, 置信度: 0.5
2025-08-08 23:55:03,400 - INFO - 投票结果: 选择路径 0, 答案: 374, 置信度: 0.6
2025-08-08 23:55:03,401 - INFO - 投票结果: 选择路径 3, 答案: 1080, 置信度: 0.6
2025-08-08 23:55:03,402 - INFO - 投票结果: 选择路径 0, 答案: 84, 置信度: 0.6
2025-08-08 23:55:03,403 - INFO - 投票结果: 选择路径 0, 答案: 91, 置信度: 1.0
2025-08-08 23:55:03,404 - INFO - 投票结果: 选择路径 0, 答案: 18, 置信度: 0.8
2025-08-08 23:55:03,405 - INFO - 投票结果: 选择路径 0, 答案: 180, 置信度: 1.0
2025-08-08 23:55:03,406 - INFO - 投票结果: 选择路径 0, 答案: 350, 置信度: 0.3
2025-08-08 23:55:03,408 - INFO - 投票结果: 选择路径 0, 答案: 6, 置信度: 0.4
2025-08-08 23:55:03,409 - INFO - 投票结果: 选择路径 0, 答案: 129200, 置信度: 0.9
2025-08-08 23:55:03,410 - INFO - 投票结果: 选择路径 0, 答案: 10, 置信度: 0.9
2025-08-08 23:55:03,412 - INFO - 投票结果: 选择路径 0, 答案: 14, 置信度: 0.9
2025-08-08 23:55:03,413 - INFO - 投票结果: 选择路径 0, 答案: 12, 置信度: 1.0
2025-08-08 23:55:03,414 - INFO - 投票结果: 选择路径 0, 答案: 68, 置信度: 0.5
2025-08-08 23:55:03,415 - INFO - 投票结果: 选择路径 0, 答案: 58, 置信度: 1.0
2025-08-08 23:55:03,416 - INFO - 投票结果: 选择路径 1, 答案: 40, 置信度: 0.9
2025-08-08 23:55:03,417 - INFO - 投票结果: 选择路径 1, 答案: 132, 置信度: 0.9
2025-08-08 23:55:03,418 - INFO - 投票结果: 选择路径 0, 答案: 120, 置信度: 1.0
2025-08-08 23:55:03,419 - INFO - 投票结果: 选择路径 0, 答案: 120, 置信度: 0.8
2025-08-08 23:55:03,420 - INFO - 投票结果: 选择路径 0, 答案: 120, 置信度: 0.5
2025-08-08 23:55:03,421 - INFO - 投票结果: 选择路径 0, 答案: 15, 置信度: 1.0
2025-08-08 23:55:03,422 - INFO - 投票结果: 选择路径 0, 答案: 576, 置信度: 1.0
2025-08-08 23:55:03,423 - INFO - 投票结果: 选择路径 0, 答案: 5, 置信度: 0.9
2025-08-08 23:55:03,424 - INFO - 投票结果: 选择路径 0, 答案: 20, 置信度: 1.0
2025-08-08 23:55:03,425 - INFO - 投票结果: 选择路径 0, 答案: 40, 置信度: 0.8
2025-08-08 23:55:03,426 - INFO - 投票结果: 选择路径 0, 答案: 23, 置信度: 0.8
2025-08-08 23:55:03,428 - INFO - 投票结果: 选择路径 0, 答案: 156, 置信度: 0.7
2025-08-08 23:55:03,429 - INFO - 投票结果: 选择路径 0, 答案: 280, 置信度: 0.6
2025-08-08 23:55:03,430 - INFO - 投票结果: 选择路径 2, 答案: 4, 置信度: 0.5
2025-08-08 23:55:03,432 - INFO - 投票结果: 选择路径 0, 答案: 2, 置信度: 1.0
2025-08-08 23:55:03,433 - INFO - 投票结果: 选择路径 0, 答案: 120, 置信度: 0.9
2025-08-08 23:55:03,434 - INFO - 投票结果: 选择路径 2, 答案: 52, 置信度: 0.4
2025-08-08 23:55:03,435 - INFO - 投票结果: 选择路径 1, 答案: 15, 置信度: 0.9
2025-08-08 23:55:03,436 - INFO - 投票结果: 选择路径 0, 答案: 9, 置信度: 1.0
2025-08-08 23:55:03,437 - INFO - 投票结果: 选择路径 0, 答案: 75, 置信度: 0.5
2025-08-08 23:55:03,438 - INFO - 投票结果: 选择路径 0, 答案: 20, 置信度: 0.8
2025-08-08 23:55:03,439 - INFO - 投票结果: 选择路径 1, 答案: 30, 置信度: 0.8
2025-08-08 23:55:03,440 - INFO - 投票结果: 选择路径 0, 答案: 80, 置信度: 0.7
2025-08-08 23:55:03,441 - INFO - 投票结果: 选择路径 0, 答案: 5, 置信度: 1.0
2025-08-08 23:55:03,442 - INFO - 投票结果: 选择路径 0, 答案: 5, 置信度: 0.9
2025-08-08 23:55:03,443 - INFO - 投票结果: 选择路径 0, 答案: 80, 置信度: 1.0
2025-08-08 23:55:03,444 - INFO - 投票结果: 选择路径 0, 答案: 38, 置信度: 0.9
2025-08-08 23:55:03,445 - INFO - 投票结果: 选择路径 0, 答案: 42, 置信度: 0.7
2025-08-08 23:55:03,447 - INFO - 投票结果: 选择路径 0, 答案: 3, 置信度: 1.0
2025-08-08 23:55:03,448 - INFO - 投票结果: 选择路径 0, 答案: 50, 置信度: 1.0
2025-08-08 23:55:03,449 - INFO - 投票结果: 选择路径 0, 答案: 17, 置信度: 1.0
2025-08-08 23:55:03,450 - INFO - 投票结果: 选择路径 0, 答案: 25, 置信度: 0.5
2025-08-08 23:55:03,451 - INFO - 投票结果: 选择路径 1, 答案: 20, 置信度: 0.7
2025-08-08 23:55:03,452 - INFO - 投票结果: 选择路径 0, 答案: 120, 置信度: 0.3
2025-08-08 23:55:03,453 - INFO - 投票结果: 选择路径 2, 答案: 60, 置信度: 0.2
2025-08-08 23:55:03,454 - INFO - 投票结果: 选择路径 0, 答案: 45, 置信度: 0.8
2025-08-08 23:55:03,455 - INFO - 投票结果: 选择路径 0, 答案: 5.5, 置信度: 0.4
2025-08-08 23:55:03,456 - INFO - 投票结果: 选择路径 0, 答案: 10, 置信度: 0.9
2025-08-08 23:55:03,457 - INFO - 投票结果: 选择路径 2, 答案: 318, 置信度: 0.6
2025-08-08 23:55:03,458 - INFO - 投票结果: 选择路径 0, 答案: 92, 置信度: 0.8
2025-08-08 23:55:03,459 - INFO - 投票结果: 选择路径 0, 答案: 70, 置信度: 0.9
2025-08-08 23:55:03,460 - INFO - 投票结果: 选择路径 0, 答案: 62, 置信度: 0.6
2025-08-08 23:55:03,461 - INFO - 投票结果: 选择路径 0, 答案: 1509, 置信度: 0.8
2025-08-08 23:55:03,463 - INFO - 投票结果: 选择路径 0, 答案: 2, 置信度: 1.0
2025-08-08 23:55:03,464 - INFO - 投票结果: 选择路径 0, 答案: 1, 置信度: 1.0
2025-08-08 23:55:03,466 - INFO - 投票结果: 选择路径 0, 答案: 1170, 置信度: 1.0
2025-08-08 23:55:03,467 - INFO - 投票结果: 选择路径 1, 答案: 28, 置信度: 0.7
2025-08-08 23:55:03,468 - INFO - 投票结果: 选择路径 0, 答案: 20, 置信度: 0.6
2025-08-08 23:55:03,469 - INFO - 投票结果: 选择路径 0, 答案: 20, 置信度: 1.0
2025-08-08 23:55:03,470 - INFO - 投票结果: 选择路径 2, 答案: 66160, 置信度: 0.3
2025-08-08 23:55:03,471 - INFO - 投票结果: 选择路径 2, 答案: 16, 置信度: 0.5
2025-08-08 23:55:03,472 - INFO - 投票结果: 选择路径 0, 答案: 575, 置信度: 0.7
2025-08-08 23:55:03,473 - INFO - 投票结果: 选择路径 0, 答案: 60, 置信度: 1.0
2025-08-08 23:55:03,474 - INFO - 投票结果: 选择路径 0, 答案: 42, 置信度: 0.7
2025-08-08 23:55:03,475 - INFO - 投票结果: 选择路径 0, 答案: 24, 置信度: 0.3
2025-08-08 23:55:03,476 - INFO - 投票结果: 选择路径 0, 答案: 51, 置信度: 0.5
2025-08-08 23:55:03,477 - INFO - 投票结果: 选择路径 0, 答案: 70, 置信度: 0.9
2025-08-08 23:55:03,478 - INFO - 投票结果: 选择路径 0, 答案: 25, 置信度: 0.7
2025-08-08 23:55:03,479 - INFO - 投票结果: 选择路径 0, 答案: 160, 置信度: 0.6
2025-08-08 23:55:03,480 - INFO - 投票结果: 选择路径 0, 答案: 398, 置信度: 0.9
2025-08-08 23:55:03,482 - INFO - 投票结果: 选择路径 0, 答案: 5, 置信度: 1.0
2025-08-08 23:55:03,483 - INFO - 投票结果: 选择路径 0, 答案: 42000, 置信度: 0.6
2025-08-08 23:55:03,485 - INFO - 投票结果: 选择路径 1, 答案: 39, 置信度: 0.8
2025-08-08 23:55:03,486 - INFO - 投票结果: 选择路径 0, 答案: 10, 置信度: 0.6
2025-08-08 23:55:03,487 - INFO - 投票结果: 选择路径 0, 答案: 4, 置信度: 0.2
2025-08-08 23:55:03,488 - INFO - 投票结果: 选择路径 0, 答案: 40, 置信度: 0.8
2025-08-08 23:55:03,489 - INFO - 投票结果: 选择路径 0, 答案: 100, 置信度: 1.0
2025-08-08 23:55:03,490 - INFO - 投票结果: 选择路径 0, 答案: 60, 置信度: 0.8
2025-08-08 23:55:03,491 - INFO - 投票结果: 选择路径 0, 答案: 100, 置信度: 1.0
2025-08-08 23:55:03,492 - INFO - 投票结果: 选择路径 1, 答案: 72, 置信度: 0.9
2025-08-08 23:55:03,493 - INFO - 投票结果: 选择路径 0, 答案: 20, 置信度: 0.9
2025-08-08 23:55:03,494 - INFO - 投票结果: 选择路径 0, 答案: 6277, 置信度: 0.8
2025-08-08 23:55:03,495 - INFO - 投票结果: 选择路径 6, 答案: 21, 置信度: 0.3
2025-08-08 23:55:03,496 - INFO - 投票结果: 选择路径 0, 答案: 26, 置信度: 1.0
2025-08-08 23:55:03,497 - INFO - 投票结果: 选择路径 0, 答案: 3.75, 置信度: 0.2
2025-08-08 23:55:03,498 - INFO - 投票结果: 选择路径 0, 答案: 12, 置信度: 0.8
2025-08-08 23:55:03,499 - INFO - 投票结果: 选择路径 0, 答案: \frac{7}{2}, 置信度: 0.1
2025-08-08 23:55:03,501 - INFO - 投票结果: 选择路径 0, 答案: 16, 置信度: 0.8
2025-08-08 23:55:03,502 - INFO - 投票结果: 选择路径 0, 答案: 32, 置信度: 1.0
2025-08-08 23:55:03,503 - INFO - 投票结果: 选择路径 0, 答案: 20, 置信度: 1.0
2025-08-08 23:55:03,505 - INFO - 投票结果: 选择路径 0, 答案: 20, 置信度: 0.9
2025-08-08 23:55:03,506 - INFO - 投票结果: 选择路径 0, 答案: 320, 置信度: 1.0
2025-08-08 23:55:03,507 - INFO - 投票结果: 选择路径 0, 答案: 77, 置信度: 1.0
2025-08-08 23:55:03,508 - INFO - 投票结果: 选择路径 0, 答案: 9, 置信度: 0.6
2025-08-08 23:55:03,509 - INFO - 投票结果: 选择路径 3, 答案: 32, 置信度: 0.4
2025-08-08 23:55:03,510 - INFO - 投票结果: 选择路径 0, 答案: 1248, 置信度: 0.8
2025-08-08 23:55:03,511 - INFO - 投票结果: 选择路径 0, 答案: 15, 置信度: 0.8
2025-08-08 23:55:03,512 - INFO - 投票结果: 选择路径 0, 答案: 16, 置信度: 1.0
2025-08-08 23:55:03,513 - INFO - 投票结果: 选择路径 0, 答案: 2, 置信度: 1.0
2025-08-08 23:55:03,514 - INFO - 投票结果: 选择路径 0, 答案: 46, 置信度: 0.6
2025-08-08 23:55:03,515 - INFO - 投票结果: 选择路径 1, 答案: 60, 置信度: 0.9
2025-08-08 23:55:03,516 - INFO - 投票结果: 选择路径 3, 答案: 315, 置信度: 0.5
2025-08-08 23:55:03,517 - INFO - 投票结果: 选择路径 0, 答案: 84, 置信度: 0.9
2025-08-08 23:55:03,518 - INFO - 投票结果: 选择路径 0, 答案: 48, 置信度: 0.2
2025-08-08 23:55:03,519 - INFO - 投票结果: 选择路径 0, 答案: 300, 置信度: 0.8
2025-08-08 23:55:03,521 - INFO - 投票结果: 选择路径 0, 答案: 50, 置信度: 1.0
2025-08-08 23:55:03,522 - INFO - 投票结果: 选择路径 0, 答案: 14, 置信度: 0.9
2025-08-08 23:55:03,524 - INFO - 投票结果: 选择路径 1, 答案: 21, 置信度: 0.3
2025-08-08 23:55:03,525 - INFO - 投票结果: 选择路径 0, 答案: 12, 置信度: 1.0
2025-08-08 23:55:03,526 - INFO - 投票结果: 选择路径 0, 答案: 1240, 置信度: 1.0
2025-08-08 23:55:03,527 - INFO - 投票结果: 选择路径 0, 答案: 8, 置信度: 1.0
2025-08-08 23:55:03,528 - INFO - 投票结果: 选择路径 4, 答案: 83, 置信度: 0.3
2025-08-08 23:55:03,529 - INFO - 投票结果: 选择路径 1, 答案: 2, 置信度: 0.5
2025-08-08 23:55:03,530 - INFO - 投票结果: 选择路径 0, 答案: 2, 置信度: 1.0
2025-08-08 23:55:03,531 - INFO - 投票结果: 选择路径 2, 答案: 296, 置信度: 0.2
2025-08-08 23:55:03,532 - INFO - 投票结果: 选择路径 1, 答案: 160, 置信度: 0.9
2025-08-08 23:55:03,533 - INFO - 投票结果: 选择路径 4, 答案: 1128, 置信度: 0.4
2025-08-08 23:55:03,535 - INFO - 投票结果: 选择路径 0, 答案: 6250, 置信度: 1.0
2025-08-08 23:55:03,536 - INFO - 投票结果: 选择路径 0, 答案: 5, 置信度: 1.0
2025-08-08 23:55:03,538 - INFO - 投票结果: 选择路径 0, 答案: 500, 置信度: 0.9
2025-08-08 23:55:03,539 - INFO - 投票结果: 选择路径 0, 答案: 2, 置信度: 0.3
2025-08-08 23:55:03,540 - INFO - 投票结果: 选择路径 0, 答案: 34, 置信度: 1.0
2025-08-08 23:55:03,542 - INFO - 投票结果: 选择路径 0, 答案: 60, 置信度: 1.0
2025-08-08 23:55:03,543 - INFO - 投票结果: 选择路径 0, 答案: 4, 置信度: 0.3
2025-08-08 23:55:03,545 - INFO - 投票结果: 选择路径 0, 答案: 56, 置信度: 0.9
2025-08-08 23:55:03,546 - INFO - 投票结果: 选择路径 1, 答案: 74, 置信度: 0.9
2025-08-08 23:55:03,547 - INFO - 投票结果: 选择路径 0, 答案: 5, 置信度: 0.6
2025-08-08 23:55:03,549 - INFO - 投票结果: 选择路径 0, 答案: 600, 置信度: 0.9
2025-08-08 23:55:03,550 - INFO - 投票结果: 选择路径 1, 答案: 20, 置信度: 0.5
2025-08-08 23:55:03,551 - INFO - 投票结果: 选择路径 0, 答案: 23, 置信度: 1.0
2025-08-08 23:55:03,553 - INFO - 投票结果: 选择路径 0, 答案: 20, 置信度: 1.0
2025-08-08 23:55:03,554 - INFO - 投票结果: 选择路径 0, 答案: 80, 置信度: 0.7
2025-08-08 23:55:03,556 - INFO - 投票结果: 选择路径 0, 答案: 43, 置信度: 0.9
2025-08-08 23:55:03,557 - INFO - 投票结果: 选择路径 0, 答案: 720, 置信度: 1.0
2025-08-08 23:55:03,558 - INFO - 投票结果: 选择路径 0, 答案: 4, 置信度: 0.8
2025-08-08 23:55:03,560 - INFO - 投票结果: 选择路径 0, 答案: 9, 置信度: 1.0
2025-08-08 23:55:03,561 - INFO - 投票结果: 选择路径 0, 答案: 40, 置信度: 0.3
2025-08-08 23:55:03,562 - INFO - 投票结果: 选择路径 0, 答案: 8, 置信度: 1.0
2025-08-08 23:55:03,564 - INFO - 投票结果: 选择路径 0, 答案: 16, 置信度: 0.5
2025-08-08 23:55:03,565 - INFO - 投票结果: 选择路径 2, 答案: 4, 置信度: 0.3
2025-08-08 23:55:03,566 - INFO - 投票结果: 选择路径 0, 答案: 47, 置信度: 0.9
2025-08-08 23:55:03,568 - INFO - 投票结果: 选择路径 0, 答案: 240000, 置信度: 0.7
2025-08-08 23:55:03,569 - INFO - 投票结果: 选择路径 0, 答案: 14, 置信度: 1.0
2025-08-08 23:55:03,571 - INFO - 投票结果: 选择路径 0, 答案: 26, 置信度: 1.0
2025-08-08 23:55:03,572 - INFO - 投票结果: 选择路径 0, 答案: 2.67, 置信度: 0.4
2025-08-08 23:55:03,574 - INFO - 投票结果: 选择路径 1, 答案: 30, 置信度: 0.4
2025-08-08 23:55:03,575 - INFO - 投票结果: 选择路径 0, 答案: 5, 置信度: 0.7
2025-08-08 23:55:03,577 - INFO - 投票结果: 选择路径 0, 答案: 5, 置信度: 0.9
2025-08-08 23:55:03,578 - INFO - 投票结果: 选择路径 0, 答案: 260, 置信度: 0.4
2025-08-08 23:55:03,579 - INFO - 投票结果: 选择路径 0, 答案: 67, 置信度: 1.0
2025-08-08 23:55:03,581 - INFO - 投票结果: 选择路径 0, 答案: 144, 置信度: 0.8
2025-08-08 23:55:03,582 - INFO - 投票结果: 选择路径 0, 答案: 75, 置信度: 0.9
2025-08-08 23:55:03,583 - INFO - 投票结果: 选择路径 0, 答案: 3, 置信度: 1.0
2025-08-08 23:55:03,585 - INFO - 投票结果: 选择路径 0, 答案: 4, 置信度: 1.0
2025-08-08 23:55:03,586 - INFO - 投票结果: 选择路径 0, 答案: 2000, 置信度: 0.9
2025-08-08 23:55:03,588 - INFO - 投票结果: 选择路径 0, 答案: 8, 置信度: 0.3
2025-08-08 23:55:03,589 - INFO - 投票结果: 选择路径 0, 答案: 8, 置信度: 0.8
2025-08-08 23:55:03,590 - INFO - 投票结果: 选择路径 0, 答案: 100, 置信度: 0.9
2025-08-08 23:55:03,592 - INFO - 投票结果: 选择路径 0, 答案: 60, 置信度: 0.8
2025-08-08 23:55:03,593 - INFO - 投票结果: 选择路径 0, 答案: 460, 置信度: 1.0
2025-08-08 23:55:03,594 - INFO - 投票结果: 选择路径 0, 答案: 37, 置信度: 0.4
2025-08-08 23:55:03,596 - INFO - 投票结果: 选择路径 0, 答案: 750, 置信度: 0.9
2025-08-08 23:55:03,597 - INFO - 投票结果: 选择路径 0, 答案: 255, 置信度: 0.9
2025-08-08 23:55:03,599 - INFO - 投票结果: 选择路径 0, 答案: 240, 置信度: 0.8
2025-08-08 23:55:03,600 - INFO - 投票结果: 选择路径 0, 答案: 50, 置信度: 1.0
2025-08-08 23:55:03,601 - INFO - 投票结果: 选择路径 0, 答案: 60000, 置信度: 0.8
2025-08-08 23:55:03,603 - INFO - 投票结果: 选择路径 0, 答案: 77, 置信度: 0.6
2025-08-08 23:55:03,604 - INFO - 投票结果: 选择路径 1, 答案: 60, 置信度: 0.3
2025-08-08 23:55:03,605 - INFO - 投票结果: 选择路径 0, 答案: 105, 置信度: 0.3
2025-08-08 23:55:03,607 - INFO - 投票结果: 选择路径 0, 答案: 13, 置信度: 0.8
2025-08-08 23:55:03,608 - INFO - 投票结果: 选择路径 1, 答案: 4, 置信度: 0.5
2025-08-08 23:55:03,610 - INFO - 投票结果: 选择路径 0, 答案: 210, 置信度: 0.5
2025-08-08 23:55:03,611 - INFO - 投票结果: 选择路径 1, 答案: 540, 置信度: 0.7
2025-08-08 23:55:03,612 - INFO - 投票结果: 选择路径 0, 答案: 104, 置信度: 0.9
2025-08-08 23:55:03,614 - INFO - 投票结果: 选择路径 1, 答案: 27, 置信度: 0.7
2025-08-08 23:55:03,615 - INFO - 投票结果: 选择路径 0, 答案: 75, 置信度: 1.0
2025-08-08 23:55:03,617 - INFO - 投票结果: 选择路径 2, 答案: 39, 置信度: 0.2
2025-08-08 23:55:03,618 - INFO - 投票结果: 选择路径 0, 答案: 120, 置信度: 0.5
2025-08-08 23:55:03,619 - INFO - 投票结果: 选择路径 2, 答案: 348, 置信度: 0.5
2025-08-08 23:55:03,621 - INFO - 投票结果: 选择路径 0, 答案: 15, 置信度: 0.9
2025-08-08 23:55:03,622 - INFO - 投票结果: 选择路径 1, 答案: 247, 置信度: 0.3
2025-08-08 23:55:03,623 - INFO - 投票结果: 选择路径 0, 答案: 11, 置信度: 0.4
2025-08-08 23:55:03,624 - INFO - 投票结果: 选择路径 0, 答案: 85000, 置信度: 0.9
2025-08-08 23:55:03,626 - INFO - 投票结果: 选择路径 1, 答案: 20, 置信度: 0.4
2025-08-08 23:55:03,627 - INFO - 投票结果: 选择路径 2, 答案: 19, 置信度: 0.4
2025-08-08 23:55:03,628 - INFO - 投票结果: 选择路径 0, 答案: 18, 置信度: 1.0
2025-08-08 23:55:03,629 - INFO - 投票结果: 选择路径 0, 答案: 3, 置信度: 1.0
2025-08-08 23:55:03,630 - INFO - 投票结果: 选择路径 0, 答案: 12, 置信度: 1.0
2025-08-08 23:55:03,631 - INFO - 投票结果: 选择路径 1, 答案: 160000, 置信度: 0.7
2025-08-08 23:55:03,633 - INFO - 投票结果: 选择路径 0, 答案: 50, 置信度: 0.7
2025-08-08 23:55:03,634 - INFO - 投票结果: 选择路径 0, 答案: 76, 置信度: 1.0
2025-08-08 23:55:03,636 - INFO - 投票结果: 选择路径 0, 答案: 10, 置信度: 1.0
2025-08-08 23:55:03,637 - INFO - 投票结果: 选择路径 0, 答案: 17, 置信度: 0.7
2025-08-08 23:55:03,638 - INFO - 投票结果: 选择路径 0, 答案: 44, 置信度: 1.0
2025-08-08 23:55:03,639 - INFO - 投票结果: 选择路径 0, 答案: 76, 置信度: 0.6
2025-08-08 23:55:03,640 - INFO - 投票结果: 选择路径 0, 答案: 3, 置信度: 0.8
2025-08-08 23:55:03,641 - INFO - 投票结果: 选择路径 0, 答案: 40, 置信度: 1.0
2025-08-08 23:55:03,642 - INFO - 投票结果: 选择路径 3, 答案: 15, 置信度: 0.6
2025-08-08 23:55:03,643 - INFO - 投票结果: 选择路径 0, 答案: 10, 置信度: 0.8
2025-08-08 23:55:03,644 - INFO - 投票结果: 选择路径 1, 答案: 16, 置信度: 0.9
2025-08-08 23:55:03,645 - INFO - 投票结果: 选择路径 0, 答案: 28, 置信度: 0.8
2025-08-08 23:55:03,646 - INFO - 投票结果: 选择路径 0, 答案: 64, 置信度: 1.0
2025-08-08 23:55:03,647 - INFO - 投票结果: 选择路径 0, 答案: 1125, 置信度: 0.9
2025-08-08 23:55:03,648 - INFO - 投票结果: 选择路径 0, 答案: 8, 置信度: 1.0
2025-08-08 23:55:03,650 - INFO - 投票结果: 选择路径 0, 答案: 29, 置信度: 1.0
2025-08-08 23:55:03,651 - INFO - 投票结果: 选择路径 0, 答案: 16, 置信度: 1.0
2025-08-08 23:55:03,652 - INFO - 投票结果: 选择路径 1, 答案: 225, 置信度: 0.4
2025-08-08 23:55:03,654 - INFO - 投票结果: 选择路径 1, 答案: 72, 置信度: 0.7
2025-08-08 23:55:03,655 - INFO - 投票结果: 选择路径 0, 答案: 576, 置信度: 0.9
2025-08-08 23:55:03,656 - INFO - 投票结果: 选择路径 0, 答案: 34, 置信度: 1.0
2025-08-08 23:55:03,657 - INFO - 投票结果: 选择路径 0, 答案: 10, 置信度: 1.0
2025-08-08 23:55:03,658 - INFO - 投票结果: 选择路径 1, 答案: 9, 置信度: 0.7
2025-08-08 23:55:03,659 - INFO - 投票结果: 选择路径 0, 答案: 140, 置信度: 0.8
2025-08-08 23:55:03,660 - INFO - 投票结果: 选择路径 0, 答案: 50, 置信度: 0.3
2025-08-08 23:55:03,661 - INFO - 投票结果: 选择路径 8, 答案: 355, 置信度: 0.2
2025-08-08 23:55:03,662 - INFO - 投票结果: 选择路径 0, 答案: 16, 置信度: 0.9
2025-08-08 23:55:03,663 - INFO - 投票结果: 选择路径 0, 答案: 132, 置信度: 1.0
2025-08-08 23:55:03,664 - INFO - 投票结果: 选择路径 0, 答案: 64, 置信度: 1.0
2025-08-08 23:55:03,665 - INFO - 投票结果: 选择路径 0, 答案: 72, 置信度: 0.8
2025-08-08 23:55:03,667 - INFO - 投票结果: 选择路径 0, 答案: 8, 置信度: 0.7
2025-08-08 23:55:03,668 - INFO - 投票结果: 选择路径 0, 答案: 4, 置信度: 1.0
2025-08-08 23:55:03,669 - INFO - 投票结果: 选择路径 0, 答案: 160, 置信度: 0.7
2025-08-08 23:55:03,671 - INFO - 投票结果: 选择路径 0, 答案: 15, 置信度: 0.7
2025-08-08 23:55:03,672 - INFO - 投票结果: 选择路径 0, 答案: 539, 置信度: 0.7
2025-08-08 23:55:03,673 - INFO - 投票结果: 选择路径 2, 答案: 7400, 置信度: 0.3
2025-08-08 23:55:03,674 - INFO - 投票结果: 选择路径 0, 答案: 2, 置信度: 1.0
2025-08-08 23:55:03,675 - INFO - 投票结果: 选择路径 0, 答案: 15, 置信度: 0.9
2025-08-08 23:55:03,676 - INFO - 投票结果: 选择路径 0, 答案: 3, 置信度: 0.3
2025-08-08 23:55:03,677 - INFO - 投票结果: 选择路径 1, 答案: 12, 置信度: 0.4
2025-08-08 23:55:03,678 - INFO - 投票结果: 选择路径 1, 答案: 5625, 置信度: 0.2
2025-08-08 23:55:03,679 - INFO - 投票结果: 选择路径 0, 答案: 8, 置信度: 1.0
2025-08-08 23:55:03,680 - INFO - 投票结果: 选择路径 2, 答案: 12, 置信度: 0.4
2025-08-08 23:55:03,681 - INFO - 投票结果: 选择路径 0, 答案: 100, 置信度: 0.9
2025-08-08 23:55:03,682 - INFO - 投票结果: 选择路径 0, 答案: 36, 置信度: 1.0
2025-08-08 23:55:03,684 - INFO - 投票结果: 选择路径 0, 答案: 20, 置信度: 0.3
2025-08-08 23:55:03,685 - INFO - 投票结果: 选择路径 0, 答案: 32, 置信度: 1.0
2025-08-08 23:55:03,687 - INFO - 投票结果: 选择路径 1, 答案: 45, 置信度: 0.7
2025-08-08 23:55:03,688 - INFO - 投票结果: 选择路径 0, 答案: 27, 置信度: 0.9
2025-08-08 23:55:03,689 - INFO - 投票结果: 选择路径 0, 答案: 7.5, 置信度: 0.7
2025-08-08 23:55:03,690 - INFO - 投票结果: 选择路径 0, 答案: 98, 置信度: 1.0
2025-08-08 23:55:03,691 - INFO - 投票结果: 选择路径 0, 答案: 4, 置信度: 0.7
2025-08-08 23:55:03,692 - INFO - 投票结果: 选择路径 2, 答案: 6, 置信度: 0.4
2025-08-08 23:55:03,694 - INFO - 投票结果: 选择路径 0, 答案: 14, 置信度: 0.9
2025-08-08 23:55:03,695 - INFO - 投票结果: 选择路径 0, 答案: 10, 置信度: 1.0
2025-08-08 23:55:03,696 - INFO - 投票结果: 选择路径 0, 答案: 250, 置信度: 0.5
2025-08-08 23:55:03,698 - INFO - 投票结果: 选择路径 0, 答案: 312, 置信度: 1.0
2025-08-08 23:55:03,699 - INFO - 投票结果: 选择路径 0, 答案: 1375, 置信度: 1.0
2025-08-08 23:55:03,700 - INFO - 投票结果: 选择路径 0, 答案: 8, 置信度: 1.0
2025-08-08 23:55:03,702 - INFO - 投票结果: 选择路径 2, 答案: 245, 置信度: 0.4
2025-08-08 23:55:03,703 - INFO - 投票结果: 选择路径 0, 答案: 6, 置信度: 1.0
2025-08-08 23:55:03,705 - INFO - 投票结果: 选择路径 0, 答案: 840, 置信度: 1.0
2025-08-08 23:55:03,706 - INFO - 投票结果: 选择路径 0, 答案: 40, 置信度: 0.9
2025-08-08 23:55:03,707 - INFO - 投票结果: 选择路径 1, 答案: 150, 置信度: 0.2
2025-08-08 23:55:03,709 - INFO - 投票结果: 选择路径 0, 答案: 10, 置信度: 0.9
2025-08-08 23:55:03,710 - INFO - 投票结果: 选择路径 0, 答案: 490, 置信度: 0.4
2025-08-08 23:55:03,711 - INFO - 投票结果: 选择路径 0, 答案: 16, 置信度: 1.0
2025-08-08 23:55:03,713 - INFO - 投票结果: 选择路径 0, 答案: 17, 置信度: 1.0
2025-08-08 23:55:03,714 - INFO - 投票结果: 选择路径 1, 答案: 2, 置信度: 0.6
2025-08-08 23:55:03,716 - INFO - 投票结果: 选择路径 0, 答案: 14, 置信度: 0.9
2025-08-08 23:55:03,717 - INFO - 投票结果: 选择路径 0, 答案: 27, 置信度: 1.0
2025-08-08 23:55:03,718 - INFO - 投票结果: 选择路径 0, 答案: 84, 置信度: 1.0
2025-08-08 23:55:03,720 - INFO - 投票结果: 选择路径 0, 答案: 70, 置信度: 1.0
2025-08-08 23:55:03,721 - INFO - 投票结果: 选择路径 0, 答案: 20, 置信度: 1.0
2025-08-08 23:55:03,722 - INFO - 投票结果: 选择路径 0, 答案: 73, 置信度: 0.2
2025-08-08 23:55:03,724 - INFO - 投票结果: 选择路径 1, 答案: 15, 置信度: 0.4
2025-08-08 23:55:03,725 - INFO - 投票结果: 选择路径 0, 答案: 736, 置信度: 0.6
2025-08-08 23:55:03,727 - INFO - 投票结果: 选择路径 0, 答案: 42, 置信度: 0.8
2025-08-08 23:55:03,728 - INFO - 投票结果: 选择路径 1, 答案: 9, 置信度: 0.5
2025-08-08 23:55:03,729 - INFO - 投票结果: 选择路径 1, 答案: 28, 置信度: 0.3
2025-08-08 23:55:03,731 - INFO - 投票结果: 选择路径 1, 答案: 465, 置信度: 0.2
2025-08-08 23:55:03,732 - INFO - 投票结果: 选择路径 0, 答案: 17, 置信度: 0.5
2025-08-08 23:55:03,733 - INFO - 投票结果: 选择路径 0, 答案: 360, 置信度: 0.9
2025-08-08 23:55:03,734 - INFO - 投票结果: 选择路径 0, 答案: 10800, 置信度: 0.6
2025-08-08 23:55:03,735 - INFO - 投票结果: 选择路径 0, 答案: 26, 置信度: 0.1
2025-08-08 23:55:03,736 - INFO - 投票结果: 选择路径 0, 答案: 88000, 置信度: 0.1
2025-08-08 23:55:03,737 - INFO - 投票结果: 选择路径 0, 答案: 6, 置信度: 0.9
2025-08-08 23:55:03,738 - INFO - 投票结果: 选择路径 0, 答案: 40, 置信度: 0.3
2025-08-08 23:55:03,739 - INFO - 投票结果: 选择路径 0, 答案: 88, 置信度: 1.0
2025-08-08 23:55:03,740 - INFO - 投票结果: 选择路径 0, 答案: 12, 置信度: 1.0
2025-08-08 23:55:03,741 - INFO - 投票结果: 选择路径 0, 答案: 7, 置信度: 0.3
2025-08-08 23:55:03,742 - INFO - 投票结果: 选择路径 1, 答案: 16, 置信度: 0.5
2025-08-08 23:55:03,744 - INFO - 投票结果: 选择路径 4, 答案: 2, 置信度: 0.2
2025-08-08 23:55:03,745 - INFO - 投票结果: 选择路径 0, 答案: 48, 置信度: 0.2
2025-08-08 23:55:03,747 - INFO - 投票结果: 选择路径 0, 答案: 6, 置信度: 1.0
2025-08-08 23:55:03,748 - INFO - 投票结果: 选择路径 0, 答案: 4, 置信度: 1.0
2025-08-08 23:55:03,749 - INFO - 投票结果: 选择路径 0, 答案: 20, 置信度: 0.9
2025-08-08 23:55:03,750 - INFO - 投票结果: 选择路径 0, 答案: 800, 置信度: 1.0
2025-08-08 23:55:03,751 - INFO - 投票结果: 选择路径 0, 答案: 1, 置信度: 1.0
2025-08-08 23:55:03,752 - INFO - 投票结果: 选择路径 0, 答案: 50, 置信度: 1.0
2025-08-08 23:55:03,753 - INFO - 投票结果: 选择路径 0, 答案: 70, 置信度: 0.2
2025-08-08 23:55:03,754 - INFO - 投票结果: 选择路径 0, 答案: 7, 置信度: 1.0
2025-08-08 23:55:03,755 - INFO - 投票结果: 选择路径 0, 答案: 63, 置信度: 1.0
2025-08-08 23:55:03,756 - INFO - 投票结果: 选择路径 0, 答案: 9, 置信度: 0.9
2025-08-08 23:55:03,757 - INFO - 投票结果: 选择路径 0, 答案: 42, 置信度: 1.0
2025-08-08 23:55:03,758 - INFO - 投票结果: 选择路径 0, 答案: 5, 置信度: 0.4
2025-08-08 23:55:03,760 - INFO - 投票结果: 选择路径 0, 答案: 240, 置信度: 0.9
2025-08-08 23:55:03,761 - INFO - 投票结果: 选择路径 0, 答案: 1000, 置信度: 1.0
2025-08-08 23:55:03,762 - INFO - 投票结果: 选择路径 0, 答案: 109, 置信度: 0.9
2025-08-08 23:55:03,764 - INFO - 投票结果: 选择路径 1, 答案: 140, 置信度: 0.7
2025-08-08 23:55:03,765 - INFO - 投票结果: 选择路径 0, 答案: 55, 置信度: 1.0
2025-08-08 23:55:03,766 - INFO - 投票结果: 选择路径 0, 答案: 16, 置信度: 1.0
2025-08-08 23:55:03,767 - INFO - 投票结果: 选择路径 0, 答案: 272, 置信度: 0.8
2025-08-08 23:55:03,768 - INFO - 投票结果: 选择路径 0, 答案: 110, 置信度: 1.0
2025-08-08 23:55:03,769 - INFO - 投票结果: 选择路径 0, 答案: 13, 置信度: 1.0
2025-08-08 23:55:03,770 - INFO - 投票结果: 选择路径 2, 答案: 5, 置信度: 0.4
2025-08-08 23:55:03,771 - INFO - 投票结果: 选择路径 0, 答案: 48, 置信度: 0.9
2025-08-08 23:55:03,772 - INFO - 投票结果: 选择路径 0, 答案: 8, 置信度: 1.0
2025-08-08 23:55:03,773 - INFO - 投票结果: 选择路径 0, 答案: 8, 置信度: 1.0
2025-08-08 23:55:03,774 - INFO - 投票结果: 选择路径 0, 答案: 56, 置信度: 1.0
2025-08-08 23:55:03,775 - INFO - 投票结果: 选择路径 0, 答案: 3, 置信度: 0.9
2025-08-08 23:55:03,776 - INFO - 投票结果: 选择路径 0, 答案: 34, 置信度: 0.4
2025-08-08 23:55:03,778 - INFO - 投票结果: 选择路径 0, 答案: 4, 置信度: 0.7
2025-08-08 23:55:03,779 - INFO - 投票结果: 选择路径 0, 答案: 20000, 置信度: 1.0
2025-08-08 23:55:03,780 - INFO - 投票结果: 选择路径 1, 答案: 9, 置信度: 0.6
2025-08-08 23:55:03,782 - INFO - 投票结果: 选择路径 0, 答案: 52, 置信度: 1.0
2025-08-08 23:55:03,783 - INFO - 投票结果: 选择路径 1, 答案: 10, 置信度: 0.7
2025-08-08 23:55:03,784 - INFO - 投票结果: 选择路径 0, 答案: 110200, 置信度: 0.1
2025-08-08 23:55:03,785 - INFO - 投票结果: 选择路径 0, 答案: 45, 置信度: 1.0
2025-08-08 23:55:03,786 - INFO - 投票结果: 选择路径 0, 答案: 1, 置信度: 0.7
2025-08-08 23:55:03,787 - INFO - 投票结果: 选择路径 0, 答案: 5600, 置信度: 0.7
2025-08-08 23:55:03,788 - INFO - 投票结果: 选择路径 0, 答案: 7, 置信度: 1.0
2025-08-08 23:55:03,789 - INFO - 投票结果: 选择路径 1, 答案: 25, 置信度: 0.8
2025-08-08 23:55:03,790 - INFO - 投票结果: 选择路径 0, 答案: -91, 置信度: 0.6
2025-08-08 23:55:03,791 - INFO - 投票结果: 选择路径 1, 答案: 180, 置信度: 0.4
2025-08-08 23:55:03,792 - INFO - 投票结果: 选择路径 1, 答案: 24, 置信度: 0.6
2025-08-08 23:55:03,793 - INFO - 投票结果: 选择路径 1, 答案: 12, 置信度: 0.5
2025-08-08 23:55:03,795 - INFO - 投票结果: 选择路径 0, 答案: 40, 置信度: 0.9
2025-08-08 23:55:03,796 - INFO - 投票结果: 选择路径 0, 答案: -3, 置信度: 1.0
2025-08-08 23:55:03,798 - INFO - 投票结果: 选择路径 0, 答案: 224, 置信度: 0.7
2025-08-08 23:55:03,799 - INFO - 投票结果: 选择路径 1, 答案: 227, 置信度: 0.8
2025-08-08 23:55:03,800 - INFO - 投票结果: 选择路径 0, 答案: 762, 置信度: 1.0
2025-08-08 23:55:03,802 - INFO - 投票结果: 选择路径 0, 答案: 34, 置信度: 0.9
2025-08-08 23:55:03,803 - INFO - 投票结果: 选择路径 3, 答案: 2, 置信度: 0.6
2025-08-08 23:55:03,804 - INFO - 投票结果: 选择路径 0, 答案: 2, 置信度: 0.8
2025-08-08 23:55:03,806 - INFO - 投票结果: 选择路径 1, 答案: 23, 置信度: 0.4
2025-08-08 23:55:03,807 - INFO - 投票结果: 选择路径 0, 答案: 4, 置信度: 1.0
2025-08-08 23:55:03,809 - INFO - 投票结果: 选择路径 1, 答案: 110, 置信度: 0.6
2025-08-08 23:55:03,810 - INFO - 投票结果: 选择路径 0, 答案: 750, 置信度: 1.0
2025-08-08 23:55:03,811 - INFO - 投票结果: 选择路径 0, 答案: 240, 置信度: 0.8
2025-08-08 23:55:03,813 - INFO - 投票结果: 选择路径 0, 答案: 200, 置信度: 0.3
2025-08-08 23:55:03,814 - INFO - 投票结果: 选择路径 0, 答案: 105, 置信度: 0.9
2025-08-08 23:55:03,815 - INFO - 投票结果: 选择路径 0, 答案: 120, 置信度: 0.7
2025-08-08 23:55:03,817 - INFO - 投票结果: 选择路径 0, 答案: 240, 置信度: 1.0
2025-08-08 23:55:03,818 - INFO - 投票结果: 选择路径 0, 答案: 4000, 置信度: 0.9
2025-08-08 23:55:03,820 - INFO - 投票结果: 选择路径 0, 答案: 60, 置信度: 1.0
2025-08-08 23:55:03,821 - INFO - 投票结果: 选择路径 2, 答案: 36, 置信度: 0.6
2025-08-08 23:55:03,822 - INFO - 投票结果: 选择路径 0, 答案: 80, 置信度: 0.7
2025-08-08 23:55:03,824 - INFO - 投票结果: 选择路径 1, 答案: 240, 置信度: 0.3
2025-08-08 23:55:03,825 - INFO - 投票结果: 选择路径 0, 答案: 32, 置信度: 0.9
2025-08-08 23:55:03,826 - INFO - 投票结果: 选择路径 1, 答案: 940, 置信度: 0.5
2025-08-08 23:55:03,828 - INFO - 投票结果: 选择路径 0, 答案: 84, 置信度: 1.0
2025-08-08 23:55:03,829 - INFO - 投票结果: 选择路径 0, 答案: 2, 置信度: 0.9
2025-08-08 23:55:03,830 - INFO - 投票结果: 选择路径 0, 答案: 32, 置信度: 1.0
2025-08-08 23:55:03,832 - INFO - 投票结果: 选择路径 0, 答案: 12, 置信度: 0.6
2025-08-08 23:55:03,833 - INFO - 投票结果: 选择路径 0, 答案: 6, 置信度: 0.5
2025-08-08 23:55:03,835 - INFO - 投票结果: 选择路径 1, 答案: 14, 置信度: 0.3
2025-08-08 23:55:03,836 - INFO - 投票结果: 选择路径 0, 答案: 14, 置信度: 1.0
2025-08-08 23:55:03,837 - INFO - 投票结果: 选择路径 0, 答案: 448, 置信度: 0.9
2025-08-08 23:55:03,839 - INFO - 投票结果: 选择路径 0, 答案: 12, 置信度: 1.0
2025-08-08 23:55:03,840 - INFO - 投票结果: 选择路径 0, 答案: 1110, 置信度: 0.9
2025-08-08 23:55:03,841 - INFO - 投票结果: 选择路径 2, 答案: 2, 置信度: 0.3
2025-08-08 23:55:03,842 - INFO - 投票结果: 选择路径 0, 答案: 6, 置信度: 0.9
2025-08-08 23:55:03,844 - INFO - 投票结果: 选择路径 0, 答案: 28, 置信度: 0.7
2025-08-08 23:55:03,845 - INFO - 投票结果: 选择路径 0, 答案: 72000, 置信度: 0.6
2025-08-08 23:55:03,846 - INFO - 投票结果: 选择路径 0, 答案: 32, 置信度: 1.0
2025-08-08 23:55:03,848 - INFO - 投票结果: 选择路径 0, 答案: 60, 置信度: 1.0
2025-08-08 23:55:03,849 - INFO - 投票结果: 选择路径 0, 答案: 90, 置信度: 1.0
2025-08-08 23:55:03,850 - INFO - 投票结果: 选择路径 3, 答案: 77, 置信度: 0.2
2025-08-08 23:55:03,851 - INFO - 投票结果: 选择路径 0, 答案: 270, 置信度: 1.0
2025-08-08 23:55:03,852 - INFO - 投票结果: 选择路径 1, 答案: 5600, 置信度: 0.4
2025-08-08 23:55:03,853 - INFO - 投票结果: 选择路径 0, 答案: 72, 置信度: 0.9
2025-08-08 23:55:03,854 - INFO - 投票结果: 选择路径 0, 答案: 400, 置信度: 0.8
2025-08-08 23:55:03,855 - INFO - 投票结果: 选择路径 1, 答案: 12, 置信度: 0.7
2025-08-08 23:55:03,856 - INFO - 投票结果: 选择路径 3, 答案: 48, 置信度: 0.3
2025-08-08 23:55:03,857 - INFO - 投票结果: 选择路径 0, 答案: 234, 置信度: 0.4
2025-08-08 23:55:03,858 - INFO - 投票结果: 选择路径 0, 答案: 150, 置信度: 0.1
2025-08-08 23:55:03,859 - INFO - 投票结果: 选择路径 0, 答案: 4, 置信度: 0.9
2025-08-08 23:55:03,861 - INFO - 投票结果: 选择路径 0, 答案: 4, 置信度: 1.0
2025-08-08 23:55:03,862 - INFO - 投票结果: 选择路径 0, 答案: 17500, 置信度: 0.6
2025-08-08 23:55:03,864 - INFO - 投票结果: 选择路径 1, 答案: 8, 置信度: 0.8
2025-08-08 23:55:03,865 - INFO - 投票结果: 选择路径 0, 答案: 21, 置信度: 1.0
2025-08-08 23:55:03,866 - INFO - 投票结果: 选择路径 4, 答案: 6, 置信度: 0.2
2025-08-08 23:55:03,867 - INFO - 投票结果: 选择路径 0, 答案: 1, 置信度: 0.9
2025-08-08 23:55:03,868 - INFO - 投票结果: 选择路径 0, 答案: 193, 置信度: 1.0
2025-08-08 23:55:03,869 - INFO - 投票结果: 选择路径 1, 答案: 3, 置信度: 0.8
2025-08-08 23:55:03,870 - INFO - 投票结果: 选择路径 3, 答案: 112500, 置信度: 0.2
2025-08-08 23:55:03,871 - INFO - 投票结果: 选择路径 0, 答案: 24, 置信度: 0.9
2025-08-08 23:55:03,872 - INFO - 投票结果: 选择路径 1, 答案: 39, 置信度: 0.3
2025-08-08 23:55:03,873 - INFO - 投票结果: 选择路径 0, 答案: 490, 置信度: 1.0
2025-08-08 23:55:03,874 - INFO - 投票结果: 选择路径 2, 答案: 31, 置信度: 0.2
2025-08-08 23:55:03,875 - INFO - 投票结果: 选择路径 0, 答案: 60, 置信度: 0.8
2025-08-08 23:55:03,877 - INFO - 投票结果: 选择路径 0, 答案: 17, 置信度: 1.0
2025-08-08 23:55:03,878 - INFO - 投票结果: 选择路径 1, 答案: 850000, 置信度: 0.2
2025-08-08 23:55:03,880 - INFO - 投票结果: 选择路径 0, 答案: 15, 置信度: 1.0
2025-08-08 23:55:03,881 - INFO - 投票结果: 选择路径 0, 答案: 80, 置信度: 0.7
2025-08-08 23:55:03,882 - INFO - 投票结果: 选择路径 0, 答案: 18, 置信度: 0.9
2025-08-08 23:55:03,883 - INFO - 投票结果: 选择路径 0, 答案: 30, 置信度: 0.9
2025-08-08 23:55:03,884 - INFO - 投票结果: 选择路径 2, 答案: 60, 置信度: 0.7
2025-08-08 23:55:03,885 - INFO - 投票结果: 选择路径 0, 答案: 260, 置信度: 1.0
2025-08-08 23:55:03,886 - INFO - 投票结果: 选择路径 0, 答案: 60, 置信度: 1.0
2025-08-08 23:55:03,887 - INFO - 投票结果: 选择路径 0, 答案: 75, 置信度: 0.5
2025-08-08 23:55:03,888 - INFO - 投票结果: 选择路径 0, 答案: 25, 置信度: 1.0
2025-08-08 23:55:03,889 - INFO - 投票结果: 选择路径 2, 答案: 99, 置信度: 0.4
2025-08-08 23:55:03,890 - INFO - 投票结果: 选择路径 0, 答案: 5, 置信度: 1.0
2025-08-08 23:55:03,891 - INFO - 投票结果: 选择路径 0, 答案: 84, 置信度: 0.8
2025-08-08 23:55:03,893 - INFO - 投票结果: 选择路径 0, 答案: 7, 置信度: 0.7
2025-08-08 23:55:03,894 - INFO - 投票结果: 选择路径 0, 答案: 2, 置信度: 1.0
2025-08-08 23:55:03,895 - INFO - 投票结果: 选择路径 1, 答案: 21, 置信度: 0.9
2025-08-08 23:55:03,897 - INFO - 投票结果: 选择路径 1, 答案: 8, 置信度: 0.9
2025-08-08 23:55:03,898 - INFO - 投票结果: 选择路径 0, 答案: 50, 置信度: 0.2
2025-08-08 23:55:03,900 - INFO - 投票结果: 选择路径 0, 答案: 90000, 置信度: 0.8
2025-08-08 23:55:03,901 - INFO - 投票结果: 选择路径 0, 答案: 2, 置信度: 1.0
2025-08-08 23:55:03,902 - INFO - 投票结果: 选择路径 0, 答案: 40, 置信度: 0.7
2025-08-08 23:55:03,904 - INFO - 投票结果: 选择路径 0, 答案: 2, 置信度: 0.5
2025-08-08 23:55:03,905 - INFO - 投票结果: 选择路径 0, 答案: 100, 置信度: 1.0
2025-08-08 23:55:03,907 - INFO - 投票结果: 选择路径 0, 答案: 30, 置信度: 1.0
2025-08-08 23:55:03,908 - INFO - 投票结果: 选择路径 0, 答案: 8, 置信度: 1.0
2025-08-08 23:55:03,909 - INFO - 投票结果: 选择路径 0, 答案: 31, 置信度: 0.8
2025-08-08 23:55:03,911 - INFO - 投票结果: 选择路径 0, 答案: 120000, 置信度: 0.7
2025-08-08 23:55:03,912 - INFO - 投票结果: 选择路径 0, 答案: 180, 置信度: 1.0
2025-08-08 23:55:03,914 - INFO - 投票结果: 选择路径 0, 答案: 3, 置信度: 1.0
2025-08-08 23:55:03,915 - INFO - 投票结果: 选择路径 0, 答案: 5, 置信度: 0.5
2025-08-08 23:55:03,916 - INFO - 投票结果: 选择路径 0, 答案: 5, 置信度: 1.0
2025-08-08 23:55:03,918 - INFO - 投票结果: 选择路径 0, 答案: 130000, 置信度: 1.0
2025-08-08 23:55:03,919 - INFO - 投票结果: 选择路径 0, 答案: 68, 置信度: 0.7
2025-08-08 23:55:03,921 - INFO - 投票结果: 选择路径 0, 答案: 78, 置信度: 1.0
2025-08-08 23:55:03,922 - INFO - 投票结果: 选择路径 0, 答案: 28, 置信度: 1.0
2025-08-08 23:55:03,923 - INFO - 投票结果: 选择路径 0, 答案: 15, 置信度: 1.0
2025-08-08 23:55:03,925 - INFO - 投票结果: 选择路径 1, 答案: 290, 置信度: 0.5
2025-08-08 23:55:03,926 - INFO - 投票结果: 选择路径 0, 答案: 7000, 置信度: 0.5
2025-08-08 23:55:03,927 - INFO - 投票结果: 选择路径 0, 答案: 2400, 置信度: 0.5
2025-08-08 23:55:03,928 - INFO - 投票结果: 选择路径 1, 答案: 18, 置信度: 0.9
2025-08-08 23:55:03,929 - INFO - 投票结果: 选择路径 0, 答案: 90, 置信度: 0.8
2025-08-08 23:55:03,930 - INFO - 投票结果: 选择路径 0, 答案: 31, 置信度: 0.9
2025-08-08 23:55:03,931 - INFO - 投票结果: 选择路径 0, 答案: 1600, 置信度: 0.4
2025-08-08 23:55:03,932 - INFO - 投票结果: 选择路径 1, 答案: 180, 置信度: 0.7
2025-08-08 23:55:03,933 - INFO - 投票结果: 选择路径 0, 答案: 7, 置信度: 1.0
2025-08-08 23:55:03,935 - INFO - 投票结果: 选择路径 0, 答案: 75, 置信度: 0.6
2025-08-08 23:55:03,936 - INFO - 投票结果: 选择路径 0, 答案: 650, 置信度: 0.9
2025-08-08 23:55:03,938 - INFO - 投票结果: 选择路径 6, 答案: 310, 置信度: 0.3
2025-08-08 23:55:03,940 - INFO - 投票结果: 选择路径 0, 答案: 12, 置信度: 0.8
2025-08-08 23:55:03,941 - INFO - 投票结果: 选择路径 0, 答案: 5, 置信度: 1.0
2025-08-08 23:55:03,942 - INFO - 投票结果: 选择路径 0, 答案: 29, 置信度: 0.6
2025-08-08 23:55:03,943 - INFO - 投票结果: 选择路径 0, 答案: 140, 置信度: 0.7
2025-08-08 23:55:03,944 - INFO - 投票结果: 选择路径 0, 答案: 30, 置信度: 1.0
2025-08-08 23:55:03,945 - INFO - 投票结果: 选择路径 1, 答案: 40, 置信度: 0.9
2025-08-08 23:55:03,946 - INFO - 投票结果: 选择路径 0, 答案: 100, 置信度: 1.0
2025-08-08 23:55:03,947 - INFO - 投票结果: 选择路径 0, 答案: 35, 置信度: 1.0
2025-08-08 23:55:03,948 - INFO - 投票结果: 选择路径 0, 答案: 79, 置信度: 1.0
2025-08-08 23:55:03,949 - INFO - 投票结果: 选择路径 4, 答案: 2, 置信度: 0.4
2025-08-08 23:55:03,950 - INFO - 投票结果: 选择路径 0, 答案: 4, 置信度: 1.0
2025-08-08 23:55:03,951 - INFO - 投票结果: 选择路径 0, 答案: 6, 置信度: 0.7
2025-08-08 23:55:03,952 - INFO - 投票结果: 选择路径 0, 答案: 32, 置信度: 1.0
2025-08-08 23:55:03,954 - INFO - 投票结果: 选择路径 0, 答案: 112, 置信度: 1.0
2025-08-08 23:55:03,955 - INFO - 投票结果: 选择路径 0, 答案: 54, 置信度: 0.4
2025-08-08 23:55:03,956 - INFO - 投票结果: 选择路径 0, 答案: 450, 置信度: 0.9
2025-08-08 23:55:03,957 - INFO - 投票结果: 选择路径 0, 答案: 2000, 置信度: 0.4
2025-08-08 23:55:03,958 - INFO - 投票结果: 选择路径 0, 答案: 450, 置信度: 0.9
2025-08-08 23:55:03,959 - INFO - 投票结果: 选择路径 0, 答案: 6, 置信度: 1.0
2025-08-08 23:55:03,960 - INFO - 投票结果: 选择路径 2, 答案: 8, 置信度: 0.4
2025-08-08 23:55:03,962 - INFO - 投票结果: 选择路径 0, 答案: 144, 置信度: 1.0
2025-08-08 23:55:03,963 - INFO - 投票结果: 选择路径 0, 答案: 8, 置信度: 1.0
2025-08-08 23:55:03,964 - INFO - 投票结果: 选择路径 0, 答案: 2125, 置信度: 0.8
2025-08-08 23:55:03,965 - INFO - 投票结果: 选择路径 1, 答案: 65, 置信度: 0.5
2025-08-08 23:55:03,966 - INFO - 投票结果: 选择路径 0, 答案: 13, 置信度: 1.0
2025-08-08 23:55:03,967 - INFO - 投票结果: 选择路径 0, 答案: 112, 置信度: 0.6
2025-08-08 23:55:03,968 - INFO - 投票结果: 选择路径 0, 答案: 133, 置信度: 1.0
2025-08-08 23:55:03,969 - INFO - 投票结果: 选择路径 0, 答案: 100, 置信度: 1.0
2025-08-08 23:55:03,971 - INFO - 投票结果: 选择路径 0, 答案: 350, 置信度: 1.0
2025-08-08 23:55:03,972 - INFO - 投票结果: 选择路径 0, 答案: 44.4, 置信度: 0.7
2025-08-08 23:55:03,973 - INFO - 投票结果: 选择路径 0, 答案: 105, 置信度: 1.0
2025-08-08 23:55:03,974 - INFO - 投票结果: 选择路径 0, 答案: 7, 置信度: 0.7
2025-08-08 23:55:03,975 - INFO - 投票结果: 选择路径 1, 答案: 860, 置信度: 0.8
2025-08-08 23:55:03,976 - INFO - 投票结果: 选择路径 0, 答案: 72, 置信度: 0.7
2025-08-08 23:55:03,977 - INFO - 投票结果: 选择路径 3, 答案: 50, 置信度: 0.2
2025-08-08 23:55:03,978 - INFO - 投票结果: 选择路径 0, 答案: 1, 置信度: 0.8
2025-08-08 23:55:03,980 - INFO - 投票结果: 选择路径 1, 答案: 1, 置信度: 0.5
2025-08-08 23:55:03,981 - INFO - 投票结果: 选择路径 1, 答案: 36, 置信度: 0.3
2025-08-08 23:55:03,982 - INFO - 投票结果: 选择路径 0, 答案: 140, 置信度: 0.9
2025-08-08 23:55:03,983 - INFO - 投票结果: 选择路径 1, 答案: 20, 置信度: 0.6
2025-08-08 23:55:03,984 - INFO - 投票结果: 选择路径 2, 答案: 1800, 置信度: 0.3
2025-08-08 23:55:03,985 - INFO - 投票结果: 选择路径 0, 答案: 25, 置信度: 0.6
2025-08-08 23:55:03,986 - INFO - 投票结果: 选择路径 0, 答案: 147, 置信度: 1.0
2025-08-08 23:55:03,988 - INFO - 投票结果: 选择路径 0, 答案: 10, 置信度: 1.0
2025-08-08 23:55:03,989 - INFO - 投票结果: 选择路径 0, 答案: 25, 置信度: 0.7
2025-08-08 23:55:03,990 - INFO - 投票结果: 选择路径 0, 答案: 32, 置信度: 0.9
2025-08-08 23:55:03,992 - INFO - 投票结果: 选择路径 0, 答案: 276, 置信度: 1.0
2025-08-08 23:55:03,993 - INFO - 投票结果: 选择路径 5, 答案: 176, 置信度: 0.5
2025-08-08 23:55:03,995 - INFO - 投票结果: 选择路径 0, 答案: 30, 置信度: 1.0
2025-08-08 23:55:03,996 - INFO - 投票结果: 选择路径 0, 答案: 280, 置信度: 0.5
2025-08-08 23:55:03,997 - INFO - 投票结果: 选择路径 0, 答案: 8000, 置信度: 1.0
2025-08-08 23:55:03,999 - INFO - 投票结果: 选择路径 0, 答案: 25, 置信度: 0.2
2025-08-08 23:55:04,000 - INFO - 投票结果: 选择路径 0, 答案: 84, 置信度: 0.5
2025-08-08 23:55:04,002 - INFO - 投票结果: 选择路径 0, 答案: 50, 置信度: 0.8
2025-08-08 23:55:04,003 - INFO - 投票结果: 选择路径 0, 答案: 50, 置信度: 0.8
2025-08-08 23:55:04,005 - INFO - 投票结果: 选择路径 1, 答案: 320, 置信度: 0.7
2025-08-08 23:55:04,006 - INFO - 投票结果: 选择路径 0, 答案: 38, 置信度: 1.0
2025-08-08 23:55:04,007 - INFO - 投票结果: 选择路径 0, 答案: 34, 置信度: 0.7
2025-08-08 23:55:04,009 - INFO - 投票结果: 选择路径 0, 答案: 594, 置信度: 1.0
2025-08-08 23:55:04,010 - INFO - 投票结果: 选择路径 0, 答案: 7, 置信度: 0.4
2025-08-08 23:55:04,011 - INFO - 投票结果: 选择路径 0, 答案: 98, 置信度: 1.0
2025-08-08 23:55:04,013 - INFO - 投票结果: 选择路径 0, 答案: 123, 置信度: 1.0
2025-08-08 23:55:04,014 - INFO - 投票结果: 选择路径 0, 答案: 27, 置信度: 1.0
2025-08-08 23:55:04,016 - INFO - 投票结果: 选择路径 0, 答案: 145, 置信度: 0.8
2025-08-08 23:55:04,017 - INFO - 投票结果: 选择路径 0, 答案: 23, 置信度: 0.9
2025-08-08 23:55:04,018 - INFO - 投票结果: 选择路径 0, 答案: 14, 置信度: 0.8
2025-08-08 23:55:04,020 - INFO - 投票结果: 选择路径 0, 答案: 15, 置信度: 0.2
2025-08-08 23:55:04,021 - INFO - 投票结果: 选择路径 0, 答案: 21, 置信度: 1.0
2025-08-08 23:55:04,022 - INFO - 投票结果: 选择路径 0, 答案: 40000, 置信度: 1.0
2025-08-08 23:55:04,024 - INFO - 投票结果: 选择路径 1, 答案: 90, 置信度: 0.5
2025-08-08 23:55:04,025 - INFO - 投票结果: 选择路径 1, 答案: 11050, 置信度: 0.7
2025-08-08 23:55:04,027 - INFO - 投票结果: 选择路径 0, 答案: 1520, 置信度: 1.0
2025-08-08 23:55:04,028 - INFO - 投票结果: 选择路径 0, 答案: 32, 置信度: 0.7
2025-08-08 23:55:04,029 - INFO - 投票结果: 选择路径 0, 答案: 2000, 置信度: 0.5
2025-08-08 23:55:04,031 - INFO - 投票结果: 选择路径 0, 答案: 93, 置信度: 1.0
2025-08-08 23:55:04,032 - INFO - 投票结果: 选择路径 0, 答案: 40, 置信度: 0.8
2025-08-08 23:55:04,033 - INFO - 投票结果: 选择路径 0, 答案: 15, 置信度: 1.0
2025-08-08 23:55:04,034 - INFO - 投票结果: 选择路径 0, 答案: 66, 置信度: 1.0
2025-08-08 23:55:04,035 - INFO - 投票结果: 选择路径 0, 答案: 5, 置信度: 1.0
2025-08-08 23:55:04,036 - INFO - 投票结果: 选择路径 0, 答案: 5, 置信度: 1.0
2025-08-08 23:55:04,037 - INFO - 投票结果: 选择路径 0, 答案: 5, 置信度: 0.6
2025-08-08 23:55:04,038 - INFO - 投票结果: 选择路径 0, 答案: 1430, 置信度: 1.0
2025-08-08 23:55:04,039 - INFO - 投票结果: 选择路径 0, 答案: 36, 置信度: 0.6
2025-08-08 23:55:04,040 - INFO - 投票结果: 选择路径 0, 答案: 80, 置信度: 0.9
2025-08-08 23:55:04,041 - INFO - 投票结果: 选择路径 0, 答案: 29, 置信度: 1.0
2025-08-08 23:55:04,042 - INFO - 投票结果: 选择路径 0, 答案: 122, 置信度: 1.0
2025-08-08 23:55:04,043 - INFO - 投票结果: 选择路径 0, 答案: 60, 置信度: 1.0
2025-08-08 23:55:04,044 - INFO - 投票结果: 选择路径 0, 答案: 145, 置信度: 0.5
2025-08-08 23:55:04,045 - INFO - 投票结果: 选择路径 0, 答案: 21, 置信度: 1.0
2025-08-08 23:55:04,046 - INFO - 投票结果: 选择路径 0, 答案: 45, 置信度: 1.0
2025-08-08 23:55:04,047 - INFO - 投票结果: 选择路径 0, 答案: 273, 置信度: 1.0
2025-08-08 23:55:04,048 - INFO - 投票结果: 选择路径 1, 答案: 15, 置信度: 0.3
2025-08-08 23:55:04,050 - INFO - 投票结果: 选择路径 0, 答案: 5, 置信度: 0.6
2025-08-08 23:55:04,051 - INFO - 投票结果: 选择路径 0, 答案: 1, 置信度: 0.9
2025-08-08 23:55:04,052 - INFO - 投票结果: 选择路径 3, 答案: 1880, 置信度: 0.5
2025-08-08 23:55:04,073 - INFO - 正确率: 83.47%
2025-08-08 23:55:04,726 - INFO - 结果已保存到: /cephfs/shared/sunyifan/Min-p-CoT/grid_search_results/Llama-3.2-3B-Instruct_GSM8k_test_0.05_interval/minp_0.4_0.15_0.65_0.9_temp_1.0/min_p_cot_results_4-step-CoT_Llama-3.2-3B-Instruct_GSM8k_test_0.4_0.15_0.65_0.9_vote10_majority.json
2025-08-08 23:55:04,728 - INFO - 实验完成!
2025-08-08 23:55:04,859 - INFO - 实验 47 (第 1/3 次) 完成，准确率: 83.47%
2025-08-08 23:55:04,862 - INFO - 开始实验 47 (第 2/3 次): min-p值 = [0.4, 0.15, 0.65, 0.9], 温度 = 1.0
2025-08-08 23:55:04,863 - INFO - 创建配置文件: /cephfs/shared/sunyifan/Min-p-CoT/grid_search_results/Llama-3.2-3B-Instruct_GSM8k_test_0.05_interval/minp_0.4_0.15_0.65_0.9_temp_1.0/config_experiment_0.4_0.15_0.65_0.9_temp_1.0_run2.json
2025-08-08 23:55:04,867 - INFO - 配置文件验证通过
2025-08-08 23:55:04,869 - INFO - 随机种子已设置为: 42
2025-08-08 23:55:04,871 - INFO - 使用已提供的模型实例: Llama-3.2-3B-Instruct
2025-08-08 23:55:04,872 - INFO - 加载数据集: GSM8k_test
2025-08-08 23:55:04,873 - INFO - 随机种子已设置为: 42
2025-08-08 23:55:04,878 - INFO - 数据集加载完成，共 1319 条数据，已打乱顺序
2025-08-08 23:55:04,879 - INFO - 使用投票机制，每个问题生成 10 条路径
2025-08-08 23:55:04,880 - INFO - 批量生成模式：为 1319 个问题各生成 10 条路径
2025-08-08 23:55:04,882 - INFO - 开始CoT生成，共4个步骤:
2025-08-08 23:55:04,884 - INFO - 开始CoT步骤 1，min_p=0.4
2025-08-08 23:55:07,711 - INFO - 开始CoT步骤 2，min_p=0.15
2025-08-08 23:55:20,351 - INFO - 开始CoT步骤 3，min_p=0.65
2025-08-08 23:55:31,199 - INFO - 开始CoT步骤 4，min_p=0.9
2025-08-08 23:55:36,044 - INFO - CoT生成完成，共 1319 条CoT
2025-08-08 23:55:36,071 - INFO - 开始CoT生成，共4个步骤:
2025-08-08 23:55:36,073 - INFO - 开始CoT步骤 1，min_p=0.4
2025-08-08 23:55:38,669 - INFO - 开始CoT步骤 2，min_p=0.15
2025-08-08 23:55:50,990 - INFO - 开始CoT步骤 3，min_p=0.65
2025-08-08 23:56:01,677 - INFO - 开始CoT步骤 4，min_p=0.9
2025-08-08 23:56:06,549 - INFO - CoT生成完成，共 1319 条CoT
2025-08-08 23:56:06,571 - INFO - 开始CoT生成，共4个步骤:
2025-08-08 23:56:06,573 - INFO - 开始CoT步骤 1，min_p=0.4
2025-08-08 23:56:09,153 - INFO - 开始CoT步骤 2，min_p=0.15
2025-08-08 23:56:20,804 - INFO - 开始CoT步骤 3，min_p=0.65
2025-08-08 23:56:31,480 - INFO - 开始CoT步骤 4，min_p=0.9
2025-08-08 23:56:35,912 - INFO - CoT生成完成，共 1319 条CoT
2025-08-08 23:56:35,934 - INFO - 开始CoT生成，共4个步骤:
2025-08-08 23:56:35,937 - INFO - 开始CoT步骤 1，min_p=0.4
2025-08-08 23:56:38,258 - INFO - 开始CoT步骤 2，min_p=0.15
2025-08-08 23:56:50,018 - INFO - 开始CoT步骤 3，min_p=0.65
2025-08-08 23:57:00,677 - INFO - 开始CoT步骤 4，min_p=0.9
2025-08-08 23:57:05,887 - INFO - CoT生成完成，共 1319 条CoT
2025-08-08 23:57:05,910 - INFO - 开始CoT生成，共4个步骤:
2025-08-08 23:57:05,912 - INFO - 开始CoT步骤 1，min_p=0.4
2025-08-08 23:57:08,297 - INFO - 开始CoT步骤 2，min_p=0.15
2025-08-08 23:57:20,682 - INFO - 开始CoT步骤 3，min_p=0.65
2025-08-08 23:57:31,674 - INFO - 开始CoT步骤 4，min_p=0.9
2025-08-08 23:57:36,761 - INFO - CoT生成完成，共 1319 条CoT
2025-08-08 23:57:36,786 - INFO - 开始CoT生成，共4个步骤:
2025-08-08 23:57:36,789 - INFO - 开始CoT步骤 1，min_p=0.4
2025-08-08 23:57:39,187 - INFO - 开始CoT步骤 2，min_p=0.15
2025-08-08 23:57:51,506 - INFO - 开始CoT步骤 3，min_p=0.65
2025-08-08 23:58:02,307 - INFO - 开始CoT步骤 4，min_p=0.9
2025-08-08 23:58:07,282 - INFO - CoT生成完成，共 1319 条CoT
2025-08-08 23:58:07,307 - INFO - 开始CoT生成，共4个步骤:
2025-08-08 23:58:07,309 - INFO - 开始CoT步骤 1，min_p=0.4
2025-08-08 23:58:09,749 - INFO - 开始CoT步骤 2，min_p=0.15
2025-08-08 23:58:22,108 - INFO - 开始CoT步骤 3，min_p=0.65
2025-08-08 23:58:33,284 - INFO - 开始CoT步骤 4，min_p=0.9
2025-08-08 23:58:38,009 - INFO - CoT生成完成，共 1319 条CoT
2025-08-08 23:58:38,034 - INFO - 开始CoT生成，共4个步骤:
2025-08-08 23:58:38,036 - INFO - 开始CoT步骤 1，min_p=0.4
2025-08-08 23:58:40,658 - INFO - 开始CoT步骤 2，min_p=0.15
2025-08-08 23:58:52,998 - INFO - 开始CoT步骤 3，min_p=0.65
2025-08-08 23:59:03,904 - INFO - 开始CoT步骤 4，min_p=0.9
2025-08-08 23:59:08,556 - INFO - CoT生成完成，共 1319 条CoT
2025-08-08 23:59:08,587 - INFO - 开始CoT生成，共4个步骤:
2025-08-08 23:59:08,589 - INFO - 开始CoT步骤 1，min_p=0.4
2025-08-08 23:59:11,269 - INFO - 开始CoT步骤 2，min_p=0.15
2025-08-08 23:59:23,493 - INFO - 开始CoT步骤 3，min_p=0.65
2025-08-08 23:59:34,660 - INFO - 开始CoT步骤 4，min_p=0.9
2025-08-08 23:59:38,875 - INFO - CoT生成完成，共 1319 条CoT
2025-08-08 23:59:38,898 - INFO - 开始CoT生成，共4个步骤:
2025-08-08 23:59:38,900 - INFO - 开始CoT步骤 1，min_p=0.4
2025-08-08 23:59:41,506 - INFO - 开始CoT步骤 2，min_p=0.15
2025-08-08 23:59:53,681 - INFO - 开始CoT步骤 3，min_p=0.65
2025-08-09 00:00:04,882 - INFO - 开始CoT步骤 4，min_p=0.9
2025-08-09 00:00:09,594 - INFO - CoT生成完成，共 1319 条CoT
2025-08-09 00:00:09,619 - INFO - 批量生成完成：共生成 1319 组路径，每组 10 条
2025-08-09 00:00:09,621 - INFO - 投票结果: 选择路径 2, 答案: 52, 置信度: 0.6
2025-08-09 00:00:09,622 - INFO - 投票结果: 选择路径 0, 答案: 5, 置信度: 1.0
2025-08-09 00:00:09,623 - INFO - 投票结果: 选择路径 0, 答案: 83, 置信度: 0.7
2025-08-09 00:00:09,624 - INFO - 投票结果: 选择路径 0, 答案: 10, 置信度: 0.8
2025-08-09 00:00:09,625 - INFO - 投票结果: 选择路径 0, 答案: 70, 置信度: 0.8
2025-08-09 00:00:09,626 - INFO - 投票结果: 选择路径 0, 答案: 36, 置信度: 1.0
2025-08-09 00:00:09,627 - INFO - 投票结果: 选择路径 0, 答案: 48, 置信度: 1.0
2025-08-09 00:00:09,628 - INFO - 投票结果: 选择路径 0, 答案: 16, 置信度: 1.0
2025-08-09 00:00:09,629 - INFO - 投票结果: 选择路径 2, 答案: 4.64, 置信度: 0.4
2025-08-09 00:00:09,630 - INFO - 投票结果: 选择路径 0, 答案: 48, 置信度: 1.0
2025-08-09 00:00:09,631 - INFO - 投票结果: 选择路径 1, 答案: 90, 置信度: 0.8
2025-08-09 00:00:09,632 - INFO - 投票结果: 选择路径 0, 答案: 10, 置信度: 1.0
2025-08-09 00:00:09,633 - INFO - 投票结果: 选择路径 0, 答案: 4, 置信度: 0.5
2025-08-09 00:00:09,635 - INFO - 投票结果: 选择路径 0, 答案: 45000, 置信度: 0.3
2025-08-09 00:00:09,636 - INFO - 投票结果: 选择路径 0, 答案: 18, 置信度: 0.6
2025-08-09 00:00:09,637 - INFO - 投票结果: 选择路径 0, 答案: 140, 置信度: 1.0
2025-08-09 00:00:09,638 - INFO - 投票结果: 选择路径 0, 答案: 17, 置信度: 0.6
2025-08-09 00:00:09,639 - INFO - 投票结果: 选择路径 0, 答案: 68, 置信度: 1.0
2025-08-09 00:00:09,640 - INFO - 投票结果: 选择路径 0, 答案: 8, 置信度: 1.0
2025-08-09 00:00:09,641 - INFO - 投票结果: 选择路径 0, 答案: 14, 置信度: 1.0
2025-08-09 00:00:09,642 - INFO - 投票结果: 选择路径 0, 答案: 50, 置信度: 0.5
2025-08-09 00:00:09,643 - INFO - 投票结果: 选择路径 0, 答案: 100, 置信度: 0.9
2025-08-09 00:00:09,644 - INFO - 投票结果: 选择路径 1, 答案: 125, 置信度: 0.2
2025-08-09 00:00:09,645 - INFO - 投票结果: 选择路径 0, 答案: 48, 置信度: 0.7
2025-08-09 00:00:09,646 - INFO - 投票结果: 选择路径 1, 答案: 16400, 置信度: 0.5
2025-08-09 00:00:09,647 - INFO - 投票结果: 选择路径 0, 答案: 250, 置信度: 1.0
2025-08-09 00:00:09,648 - INFO - 投票结果: 选择路径 3, 答案: 18, 置信度: 0.3
2025-08-09 00:00:09,649 - INFO - 投票结果: 选择路径 0, 答案: 1490, 置信度: 0.9
2025-08-09 00:00:09,650 - INFO - 投票结果: 选择路径 0, 答案: 11, 置信度: 1.0
2025-08-09 00:00:09,651 - INFO - 投票结果: 选择路径 0, 答案: 106, 置信度: 0.7
2025-08-09 00:00:09,652 - INFO - 投票结果: 选择路径 2, 答案: 84, 置信度: 0.3
2025-08-09 00:00:09,653 - INFO - 投票结果: 选择路径 0, 答案: 15, 置信度: 1.0
2025-08-09 00:00:09,654 - INFO - 投票结果: 选择路径 0, 答案: 4, 置信度: 1.0
2025-08-09 00:00:09,655 - INFO - 投票结果: 选择路径 0, 答案: 82, 置信度: 0.7
2025-08-09 00:00:09,656 - INFO - 投票结果: 选择路径 2, 答案: 2, 置信度: 0.5
2025-08-09 00:00:09,657 - INFO - 投票结果: 选择路径 0, 答案: 51, 置信度: 0.7
2025-08-09 00:00:09,658 - INFO - 投票结果: 选择路径 0, 答案: 4, 置信度: 0.9
2025-08-09 00:00:09,659 - INFO - 投票结果: 选择路径 0, 答案: 100, 置信度: 1.0
2025-08-09 00:00:09,660 - INFO - 投票结果: 选择路径 0, 答案: 25, 置信度: 0.3
2025-08-09 00:00:09,661 - INFO - 投票结果: 选择路径 0, 答案: 188, 置信度: 1.0
2025-08-09 00:00:09,662 - INFO - 投票结果: 选择路径 0, 答案: 30, 置信度: 0.9
2025-08-09 00:00:09,663 - INFO - 投票结果: 选择路径 0, 答案: 30, 置信度: 1.0
2025-08-09 00:00:09,664 - INFO - 投票结果: 选择路径 0, 答案: 240, 置信度: 1.0
2025-08-09 00:00:09,665 - INFO - 投票结果: 选择路径 0, 答案: 7, 置信度: 1.0
2025-08-09 00:00:09,666 - INFO - 投票结果: 选择路径 0, 答案: 350, 置信度: 0.7
2025-08-09 00:00:09,667 - INFO - 投票结果: 选择路径 0, 答案: 2, 置信度: 0.3
2025-08-09 00:00:09,668 - INFO - 投票结果: 选择路径 2, 答案: 36, 置信度: 0.8
2025-08-09 00:00:09,669 - INFO - 投票结果: 选择路径 0, 答案: 2, 置信度: 0.3
2025-08-09 00:00:09,670 - INFO - 投票结果: 选择路径 1, 答案: 2, 置信度: 0.4
2025-08-09 00:00:09,671 - INFO - 投票结果: 选择路径 0, 答案: 33, 置信度: 1.0
2025-08-09 00:00:09,672 - INFO - 投票结果: 选择路径 0, 答案: 21, 置信度: 0.8
2025-08-09 00:00:09,673 - INFO - 投票结果: 选择路径 0, 答案: 175, 置信度: 0.5
2025-08-09 00:00:09,674 - INFO - 投票结果: 选择路径 0, 答案: 60, 置信度: 0.8
2025-08-09 00:00:09,675 - INFO - 投票结果: 选择路径 0, 答案: 49, 置信度: 0.7
2025-08-09 00:00:09,676 - INFO - 投票结果: 选择路径 2, 答案: 2100, 置信度: 0.3
2025-08-09 00:00:09,677 - INFO - 投票结果: 选择路径 3, 答案: 27, 置信度: 0.4
2025-08-09 00:00:09,678 - INFO - 投票结果: 选择路径 1, 答案: 16, 置信度: 0.7
2025-08-09 00:00:09,679 - INFO - 投票结果: 选择路径 0, 答案: 49, 置信度: 0.9
2025-08-09 00:00:09,680 - INFO - 投票结果: 选择路径 1, 答案: 6, 置信度: 0.5
2025-08-09 00:00:09,681 - INFO - 投票结果: 选择路径 1, 答案: 32, 置信度: 0.7
2025-08-09 00:00:09,682 - INFO - 投票结果: 选择路径 0, 答案: 168, 置信度: 0.3
2025-08-09 00:00:09,683 - INFO - 投票结果: 选择路径 0, 答案: 225, 置信度: 1.0
2025-08-09 00:00:09,684 - INFO - 投票结果: 选择路径 0, 答案: 50, 置信度: 1.0
2025-08-09 00:00:09,685 - INFO - 投票结果: 选择路径 0, 答案: 45, 置信度: 0.4
2025-08-09 00:00:09,686 - INFO - 投票结果: 选择路径 0, 答案: 7, 置信度: 1.0
2025-08-09 00:00:09,687 - INFO - 投票结果: 选择路径 0, 答案: 800, 置信度: 0.8
2025-08-09 00:00:09,688 - INFO - 投票结果: 选择路径 0, 答案: 22, 置信度: 1.0
2025-08-09 00:00:09,689 - INFO - 投票结果: 选择路径 0, 答案: 235, 置信度: 1.0
2025-08-09 00:00:09,690 - INFO - 投票结果: 选择路径 0, 答案: 3, 置信度: 1.0
2025-08-09 00:00:09,691 - INFO - 投票结果: 选择路径 3, 答案: 4.5, 置信度: 0.2
2025-08-09 00:00:09,692 - INFO - 投票结果: 选择路径 0, 答案: 3000, 置信度: 0.8
2025-08-09 00:00:09,693 - INFO - 投票结果: 选择路径 0, 答案: 300, 置信度: 0.7
2025-08-09 00:00:09,694 - INFO - 投票结果: 选择路径 1, 答案: 20, 置信度: 0.8
2025-08-09 00:00:09,695 - INFO - 投票结果: 选择路径 0, 答案: 130, 置信度: 1.0
2025-08-09 00:00:09,696 - INFO - 投票结果: 选择路径 0, 答案: 1, 置信度: 0.3
2025-08-09 00:00:09,697 - INFO - 投票结果: 选择路径 1, 答案: 8, 置信度: 0.4
2025-08-09 00:00:09,698 - INFO - 投票结果: 选择路径 1, 答案: 50, 置信度: 0.9
2025-08-09 00:00:09,699 - INFO - 投票结果: 选择路径 1, 答案: 1, 置信度: 0.3
2025-08-09 00:00:09,700 - INFO - 投票结果: 选择路径 0, 答案: 5, 置信度: 0.8
2025-08-09 00:00:09,701 - INFO - 投票结果: 选择路径 0, 答案: 110, 置信度: 1.0
2025-08-09 00:00:09,702 - INFO - 投票结果: 选择路径 0, 答案: 2200, 置信度: 0.4
2025-08-09 00:00:09,703 - INFO - 投票结果: 选择路径 0, 答案: 16, 置信度: 1.0
2025-08-09 00:00:09,704 - INFO - 投票结果: 选择路径 0, 答案: 80, 置信度: 1.0
2025-08-09 00:00:09,705 - INFO - 投票结果: 选择路径 0, 答案: 45, 置信度: 0.7
2025-08-09 00:00:09,706 - INFO - 投票结果: 选择路径 0, 答案: 36, 置信度: 1.0
2025-08-09 00:00:09,707 - INFO - 投票结果: 选择路径 0, 答案: 5, 置信度: 0.4
2025-08-09 00:00:09,708 - INFO - 投票结果: 选择路径 3, 答案: 3, 置信度: 0.3
2025-08-09 00:00:09,709 - INFO - 投票结果: 选择路径 0, 答案: 36, 置信度: 1.0
2025-08-09 00:00:09,710 - INFO - 投票结果: 选择路径 0, 答案: 60, 置信度: 0.6
2025-08-09 00:00:09,711 - INFO - 投票结果: 选择路径 1, 答案: 9, 置信度: 0.9
2025-08-09 00:00:09,712 - INFO - 投票结果: 选择路径 2, 答案: 1, 置信度: 0.8
2025-08-09 00:00:09,713 - INFO - 投票结果: 选择路径 0, 答案: 30, 置信度: 0.9
2025-08-09 00:00:09,714 - INFO - 投票结果: 选择路径 1, 答案: 70000, 置信度: 0.2
2025-08-09 00:00:09,715 - INFO - 投票结果: 选择路径 0, 答案: 34, 置信度: 1.0
2025-08-09 00:00:09,716 - INFO - 投票结果: 选择路径 1, 答案: 18, 置信度: 0.3
2025-08-09 00:00:09,717 - INFO - 投票结果: 选择路径 0, 答案: 306, 置信度: 1.0
2025-08-09 00:00:09,718 - INFO - 投票结果: 选择路径 0, 答案: 55, 置信度: 0.9
2025-08-09 00:00:09,720 - INFO - 投票结果: 选择路径 1, 答案: 12, 置信度: 0.7
2025-08-09 00:00:09,721 - INFO - 投票结果: 选择路径 0, 答案: 75, 置信度: 1.0
2025-08-09 00:00:09,722 - INFO - 投票结果: 选择路径 1, 答案: 21, 置信度: 0.4
2025-08-09 00:00:09,723 - INFO - 投票结果: 选择路径 0, 答案: 50, 置信度: 0.6
2025-08-09 00:00:09,724 - INFO - 投票结果: 选择路径 0, 答案: 110, 置信度: 1.0
2025-08-09 00:00:09,725 - INFO - 投票结果: 选择路径 1, 答案: 498, 置信度: 0.2
2025-08-09 00:00:09,726 - INFO - 投票结果: 选择路径 0, 答案: 30, 置信度: 1.0
2025-08-09 00:00:09,727 - INFO - 投票结果: 选择路径 0, 答案: 80, 置信度: 1.0
2025-08-09 00:00:09,728 - INFO - 投票结果: 选择路径 4, 答案: 3, 置信度: 0.5
2025-08-09 00:00:09,729 - INFO - 投票结果: 选择路径 0, 答案: 120, 置信度: 1.0
2025-08-09 00:00:09,730 - INFO - 投票结果: 选择路径 1, 答案: 108, 置信度: 0.4
2025-08-09 00:00:09,731 - INFO - 投票结果: 选择路径 0, 答案: 70, 置信度: 1.0
2025-08-09 00:00:09,732 - INFO - 投票结果: 选择路径 0, 答案: 20.50, 置信度: 0.7
2025-08-09 00:00:09,733 - INFO - 投票结果: 选择路径 0, 答案: 150, 置信度: 1.0
2025-08-09 00:00:09,734 - INFO - 投票结果: 选择路径 1, 答案: 24, 置信度: 0.2
2025-08-09 00:00:09,735 - INFO - 投票结果: 选择路径 0, 答案: 2, 置信度: 0.3
2025-08-09 00:00:09,736 - INFO - 投票结果: 选择路径 0, 答案: 250, 置信度: 1.0
2025-08-09 00:00:09,737 - INFO - 投票结果: 选择路径 0, 答案: 3, 置信度: 1.0
2025-08-09 00:00:09,738 - INFO - 投票结果: 选择路径 0, 答案: 15, 置信度: 1.0
2025-08-09 00:00:09,739 - INFO - 投票结果: 选择路径 0, 答案: 12, 置信度: 1.0
2025-08-09 00:00:09,740 - INFO - 投票结果: 选择路径 0, 答案: 60, 置信度: 1.0
2025-08-09 00:00:09,741 - INFO - 投票结果: 选择路径 0, 答案: 3, 置信度: 0.7
2025-08-09 00:00:09,742 - INFO - 投票结果: 选择路径 0, 答案: 8, 置信度: 0.4
2025-08-09 00:00:09,743 - INFO - 投票结果: 选择路径 0, 答案: 140000, 置信度: 0.9
2025-08-09 00:00:09,744 - INFO - 投票结果: 选择路径 6, 答案: 1, 置信度: 0.2
2025-08-09 00:00:09,745 - INFO - 投票结果: 选择路径 0, 答案: 2400, 置信度: 0.9
2025-08-09 00:00:09,746 - INFO - 投票结果: 选择路径 0, 答案: 4, 置信度: 1.0
2025-08-09 00:00:09,747 - INFO - 投票结果: 选择路径 4, 答案: 79, 置信度: 0.3
2025-08-09 00:00:09,748 - INFO - 投票结果: 选择路径 0, 答案: 300, 置信度: 0.9
2025-08-09 00:00:09,749 - INFO - 投票结果: 选择路径 2, 答案: 91, 置信度: 0.7
2025-08-09 00:00:09,750 - INFO - 投票结果: 选择路径 0, 答案: 8, 置信度: 0.7
2025-08-09 00:00:09,751 - INFO - 投票结果: 选择路径 0, 答案: 120, 置信度: 1.0
2025-08-09 00:00:09,752 - INFO - 投票结果: 选择路径 0, 答案: 350, 置信度: 1.0
2025-08-09 00:00:09,753 - INFO - 投票结果: 选择路径 0, 答案: 2600, 置信度: 1.0
2025-08-09 00:00:09,754 - INFO - 投票结果: 选择路径 0, 答案: 10, 置信度: 1.0
2025-08-09 00:00:09,755 - INFO - 投票结果: 选择路径 4, 答案: 18, 置信度: 0.4
2025-08-09 00:00:09,756 - INFO - 投票结果: 选择路径 0, 答案: 7, 置信度: 0.6
2025-08-09 00:00:09,757 - INFO - 投票结果: 选择路径 0, 答案: 31, 置信度: 0.7
2025-08-09 00:00:09,758 - INFO - 投票结果: 选择路径 0, 答案: 975, 置信度: 0.8
2025-08-09 00:00:09,759 - INFO - 投票结果: 选择路径 0, 答案: 20, 置信度: 0.6
2025-08-09 00:00:09,760 - INFO - 投票结果: 选择路径 0, 答案: 120, 置信度: 0.9
2025-08-09 00:00:09,761 - INFO - 投票结果: 选择路径 0, 答案: 220, 置信度: 1.0
2025-08-09 00:00:09,762 - INFO - 投票结果: 选择路径 0, 答案: 87, 置信度: 1.0
2025-08-09 00:00:09,763 - INFO - 投票结果: 选择路径 0, 答案: 300, 置信度: 1.0
2025-08-09 00:00:09,764 - INFO - 投票结果: 选择路径 0, 答案: 30, 置信度: 0.8
2025-08-09 00:00:09,765 - INFO - 投票结果: 选择路径 3, 答案: 4, 置信度: 0.2
2025-08-09 00:00:09,766 - INFO - 投票结果: 选择路径 0, 答案: 16, 置信度: 1.0
2025-08-09 00:00:09,767 - INFO - 投票结果: 选择路径 0, 答案: 7, 置信度: 1.0
2025-08-09 00:00:09,768 - INFO - 投票结果: 选择路径 0, 答案: 81, 置信度: 0.5
2025-08-09 00:00:09,769 - INFO - 投票结果: 选择路径 2, 答案: 5, 置信度: 0.8
2025-08-09 00:00:09,770 - INFO - 投票结果: 选择路径 1, 答案: 9, 置信度: 0.9
2025-08-09 00:00:09,771 - INFO - 投票结果: 选择路径 0, 答案: 10, 置信度: 1.0
2025-08-09 00:00:09,772 - INFO - 投票结果: 选择路径 0, 答案: 24, 置信度: 0.6
2025-08-09 00:00:09,773 - INFO - 投票结果: 选择路径 0, 答案: 5, 置信度: 0.9
2025-08-09 00:00:09,774 - INFO - 投票结果: 选择路径 0, 答案: 50, 置信度: 0.9
2025-08-09 00:00:09,775 - INFO - 投票结果: 选择路径 0, 答案: 48, 置信度: 0.9
2025-08-09 00:00:09,776 - INFO - 投票结果: 选择路径 0, 答案: 25, 置信度: 1.0
2025-08-09 00:00:09,777 - INFO - 投票结果: 选择路径 1, 答案: 96, 置信度: 0.6
2025-08-09 00:00:09,778 - INFO - 投票结果: 选择路径 0, 答案: 66.67, 置信度: 0.5
2025-08-09 00:00:09,780 - INFO - 投票结果: 选择路径 1, 答案: 180, 置信度: 0.6
2025-08-09 00:00:09,781 - INFO - 投票结果: 选择路径 0, 答案: 21, 置信度: 1.0
2025-08-09 00:00:09,782 - INFO - 投票结果: 选择路径 0, 答案: 1200, 置信度: 1.0
2025-08-09 00:00:09,783 - INFO - 投票结果: 选择路径 3, 答案: 255, 置信度: 0.5
2025-08-09 00:00:09,784 - INFO - 投票结果: 选择路径 0, 答案: 4, 置信度: 1.0
2025-08-09 00:00:09,785 - INFO - 投票结果: 选择路径 0, 答案: 10, 置信度: 1.0
2025-08-09 00:00:09,786 - INFO - 投票结果: 选择路径 0, 答案: 700, 置信度: 0.9
2025-08-09 00:00:09,787 - INFO - 投票结果: 选择路径 0, 答案: 38, 置信度: 0.8
2025-08-09 00:00:09,788 - INFO - 投票结果: 选择路径 0, 答案: 32, 置信度: 1.0
2025-08-09 00:00:09,789 - INFO - 投票结果: 选择路径 0, 答案: 30, 置信度: 0.9
2025-08-09 00:00:09,790 - INFO - 投票结果: 选择路径 0, 答案: 16, 置信度: 1.0
2025-08-09 00:00:09,791 - INFO - 投票结果: 选择路径 0, 答案: 40, 置信度: 1.0
2025-08-09 00:00:09,792 - INFO - 投票结果: 选择路径 0, 答案: 288, 置信度: 1.0
2025-08-09 00:00:09,793 - INFO - 投票结果: 选择路径 0, 答案: 1100, 置信度: 0.8
2025-08-09 00:00:09,794 - INFO - 投票结果: 选择路径 0, 答案: 20, 置信度: 0.8
2025-08-09 00:00:09,795 - INFO - 投票结果: 选择路径 0, 答案: 2, 置信度: 0.8
2025-08-09 00:00:09,796 - INFO - 投票结果: 选择路径 0, 答案: 1040000, 置信度: 0.8
2025-08-09 00:00:09,797 - INFO - 投票结果: 选择路径 0, 答案: 9, 置信度: 0.9
2025-08-09 00:00:09,798 - INFO - 投票结果: 选择路径 0, 答案: 132, 置信度: 1.0
2025-08-09 00:00:09,799 - INFO - 投票结果: 选择路径 0, 答案: 93, 置信度: 1.0
2025-08-09 00:00:09,800 - INFO - 投票结果: 选择路径 0, 答案: 4, 置信度: 1.0
2025-08-09 00:00:09,801 - INFO - 投票结果: 选择路径 0, 答案: 85, 置信度: 0.4
2025-08-09 00:00:09,802 - INFO - 投票结果: 选择路径 0, 答案: 33, 置信度: 0.8
2025-08-09 00:00:09,803 - INFO - 投票结果: 选择路径 0, 答案: 12, 置信度: 1.0
2025-08-09 00:00:09,804 - INFO - 投票结果: 选择路径 0, 答案: 7200, 置信度: 0.9
2025-08-09 00:00:09,805 - INFO - 投票结果: 选择路径 0, 答案: 60, 置信度: 1.0
2025-08-09 00:00:09,806 - INFO - 投票结果: 选择路径 0, 答案: 44, 置信度: 0.9
2025-08-09 00:00:09,807 - INFO - 投票结果: 选择路径 0, 答案: 113, 置信度: 0.7
2025-08-09 00:00:09,808 - INFO - 投票结果: 选择路径 0, 答案: 43000, 置信度: 0.4
2025-08-09 00:00:09,809 - INFO - 投票结果: 选择路径 0, 答案: 720, 置信度: 1.0
2025-08-09 00:00:09,810 - INFO - 投票结果: 选择路径 0, 答案: 50, 置信度: 0.9
2025-08-09 00:00:09,811 - INFO - 投票结果: 选择路径 0, 答案: 24, 置信度: 0.8
2025-08-09 00:00:09,812 - INFO - 投票结果: 选择路径 0, 答案: 43, 置信度: 0.8
2025-08-09 00:00:09,813 - INFO - 投票结果: 选择路径 0, 答案: 30, 置信度: 1.0
2025-08-09 00:00:09,814 - INFO - 投票结果: 选择路径 1, 答案: 23, 置信度: 0.8
2025-08-09 00:00:09,815 - INFO - 投票结果: 选择路径 1, 答案: 371, 置信度: 0.4
2025-08-09 00:00:09,816 - INFO - 投票结果: 选择路径 0, 答案: 35, 置信度: 1.0
2025-08-09 00:00:09,817 - INFO - 投票结果: 选择路径 1, 答案: 110, 置信度: 0.6
2025-08-09 00:00:09,818 - INFO - 投票结果: 选择路径 0, 答案: 82, 置信度: 0.7
2025-08-09 00:00:09,819 - INFO - 投票结果: 选择路径 0, 答案: 2100, 置信度: 0.8
2025-08-09 00:00:09,820 - INFO - 投票结果: 选择路径 0, 答案: 3, 置信度: 0.8
2025-08-09 00:00:09,821 - INFO - 投票结果: 选择路径 1, 答案: 12, 置信度: 0.8
2025-08-09 00:00:09,822 - INFO - 投票结果: 选择路径 2, 答案: 6, 置信度: 0.4
2025-08-09 00:00:09,823 - INFO - 投票结果: 选择路径 2, 答案: 12, 置信度: 0.3
2025-08-09 00:00:09,824 - INFO - 投票结果: 选择路径 3, 答案: 437.5, 置信度: 0.2
2025-08-09 00:00:09,825 - INFO - 投票结果: 选择路径 0, 答案: 27, 置信度: 1.0
2025-08-09 00:00:09,826 - INFO - 投票结果: 选择路径 0, 答案: 360, 置信度: 1.0
2025-08-09 00:00:09,827 - INFO - 投票结果: 选择路径 3, 答案: 14, 置信度: 0.4
2025-08-09 00:00:09,828 - INFO - 投票结果: 选择路径 0, 答案: 694, 置信度: 0.9
2025-08-09 00:00:09,829 - INFO - 投票结果: 选择路径 0, 答案: 3, 置信度: 1.0
2025-08-09 00:00:09,830 - INFO - 投票结果: 选择路径 1, 答案: 360, 置信度: 0.8
2025-08-09 00:00:09,831 - INFO - 投票结果: 选择路径 0, 答案: 350, 置信度: 0.3
2025-08-09 00:00:09,832 - INFO - 投票结果: 选择路径 0, 答案: 20, 置信度: 0.9
2025-08-09 00:00:09,833 - INFO - 投票结果: 选择路径 0, 答案: 3360, 置信度: 1.0
2025-08-09 00:00:09,834 - INFO - 投票结果: 选择路径 2, 答案: 39, 置信度: 0.6
2025-08-09 00:00:09,835 - INFO - 投票结果: 选择路径 0, 答案: 12, 置信度: 1.0
2025-08-09 00:00:09,836 - INFO - 投票结果: 选择路径 0, 答案: 215, 置信度: 0.8
2025-08-09 00:00:09,837 - INFO - 投票结果: 选择路径 0, 答案: 4, 置信度: 0.4
2025-08-09 00:00:09,838 - INFO - 投票结果: 选择路径 0, 答案: 9, 置信度: 1.0
2025-08-09 00:00:09,839 - INFO - 投票结果: 选择路径 0, 答案: 520, 置信度: 1.0
2025-08-09 00:00:09,840 - INFO - 投票结果: 选择路径 0, 答案: 62, 置信度: 0.9
2025-08-09 00:00:09,841 - INFO - 投票结果: 选择路径 1, 答案: 66, 置信度: 0.3
2025-08-09 00:00:09,842 - INFO - 投票结果: 选择路径 0, 答案: 120, 置信度: 1.0
2025-08-09 00:00:09,843 - INFO - 投票结果: 选择路径 0, 答案: 15, 置信度: 1.0
2025-08-09 00:00:09,844 - INFO - 投票结果: 选择路径 0, 答案: 60, 置信度: 0.5
2025-08-09 00:00:09,845 - INFO - 投票结果: 选择路径 0, 答案: 499.2, 置信度: 0.3
2025-08-09 00:00:09,847 - INFO - 投票结果: 选择路径 2, 答案: \frac{1}{4}, 置信度: 0.2
2025-08-09 00:00:09,848 - INFO - 投票结果: 选择路径 0, 答案: 178.75, 置信度: 0.3
2025-08-09 00:00:09,849 - INFO - 投票结果: 选择路径 1, 答案: 298, 置信度: 0.5
2025-08-09 00:00:09,850 - INFO - 投票结果: 选择路径 0, 答案: 21, 置信度: 0.4
2025-08-09 00:00:09,851 - INFO - 投票结果: 选择路径 1, 答案: 10, 置信度: 0.8
2025-08-09 00:00:09,852 - INFO - 投票结果: 选择路径 0, 答案: 6, 置信度: 0.5
2025-08-09 00:00:09,853 - INFO - 投票结果: 选择路径 0, 答案: 43200, 置信度: 0.7
2025-08-09 00:00:09,854 - INFO - 投票结果: 选择路径 0, 答案: 10, 置信度: 1.0
2025-08-09 00:00:09,855 - INFO - 投票结果: 选择路径 1, 答案: 0, 置信度: 0.5
2025-08-09 00:00:09,856 - INFO - 投票结果: 选择路径 0, 答案: 36, 置信度: 0.5
2025-08-09 00:00:09,857 - INFO - 投票结果: 选择路径 0, 答案: 160, 置信度: 0.8
2025-08-09 00:00:09,858 - INFO - 投票结果: 选择路径 0, 答案: 40, 置信度: 1.0
2025-08-09 00:00:09,859 - INFO - 投票结果: 选择路径 2, 答案: 8, 置信度: 0.2
2025-08-09 00:00:09,860 - INFO - 投票结果: 选择路径 1, 答案: 36, 置信度: 0.7
2025-08-09 00:00:09,861 - INFO - 投票结果: 选择路径 0, 答案: 36, 置信度: 1.0
2025-08-09 00:00:09,862 - INFO - 投票结果: 选择路径 0, 答案: 9, 置信度: 1.0
2025-08-09 00:00:09,863 - INFO - 投票结果: 选择路径 0, 答案: 16, 置信度: 1.0
2025-08-09 00:00:09,864 - INFO - 投票结果: 选择路径 0, 答案: 60, 置信度: 1.0
2025-08-09 00:00:09,865 - INFO - 投票结果: 选择路径 0, 答案: 4, 置信度: 1.0
2025-08-09 00:00:09,866 - INFO - 投票结果: 选择路径 0, 答案: 3, 置信度: 0.9
2025-08-09 00:00:09,867 - INFO - 投票结果: 选择路径 0, 答案: 100, 置信度: 1.0
2025-08-09 00:00:09,868 - INFO - 投票结果: 选择路径 0, 答案: 154, 置信度: 0.2
2025-08-09 00:00:09,869 - INFO - 投票结果: 选择路径 3, 答案: 20, 置信度: 0.3
2025-08-09 00:00:09,870 - INFO - 投票结果: 选择路径 0, 答案: 29, 置信度: 1.0
2025-08-09 00:00:09,871 - INFO - 投票结果: 选择路径 7, 答案: 80, 置信度: 0.3
2025-08-09 00:00:09,872 - INFO - 投票结果: 选择路径 0, 答案: 23, 置信度: 1.0
2025-08-09 00:00:09,873 - INFO - 投票结果: 选择路径 1, 答案: 12, 置信度: 0.3
2025-08-09 00:00:09,874 - INFO - 投票结果: 选择路径 1, 答案: 9, 置信度: 0.7
2025-08-09 00:00:09,875 - INFO - 投票结果: 选择路径 1, 答案: 156, 置信度: 0.5
2025-08-09 00:00:09,876 - INFO - 投票结果: 选择路径 4, 答案: 48, 置信度: 0.2
2025-08-09 00:00:09,877 - INFO - 投票结果: 选择路径 0, 答案: 10, 置信度: 0.9
2025-08-09 00:00:09,878 - INFO - 投票结果: 选择路径 0, 答案: 8, 置信度: 1.0
2025-08-09 00:00:09,879 - INFO - 投票结果: 选择路径 0, 答案: 32, 置信度: 1.0
2025-08-09 00:00:09,880 - INFO - 投票结果: 选择路径 0, 答案: 48, 置信度: 0.6
2025-08-09 00:00:09,881 - INFO - 投票结果: 选择路径 0, 答案: 500, 置信度: 1.0
2025-08-09 00:00:09,882 - INFO - 投票结果: 选择路径 0, 答案: 8, 置信度: 0.9
2025-08-09 00:00:09,883 - INFO - 投票结果: 选择路径 1, 答案: 6, 置信度: 0.5
2025-08-09 00:00:09,884 - INFO - 投票结果: 选择路径 0, 答案: -10, 置信度: 1.0
2025-08-09 00:00:09,885 - INFO - 投票结果: 选择路径 0, 答案: 5, 置信度: 1.0
2025-08-09 00:00:09,886 - INFO - 投票结果: 选择路径 0, 答案: 8, 置信度: 1.0
2025-08-09 00:00:09,887 - INFO - 投票结果: 选择路径 0, 答案: 34, 置信度: 1.0
2025-08-09 00:00:09,888 - INFO - 投票结果: 选择路径 0, 答案: 30, 置信度: 1.0
2025-08-09 00:00:09,889 - INFO - 投票结果: 选择路径 0, 答案: 1000, 置信度: 1.0
2025-08-09 00:00:09,890 - INFO - 投票结果: 选择路径 0, 答案: 6, 置信度: 0.5
2025-08-09 00:00:09,891 - INFO - 投票结果: 选择路径 0, 答案: 75, 置信度: 0.2
2025-08-09 00:00:09,892 - INFO - 投票结果: 选择路径 0, 答案: 1920, 置信度: 1.0
2025-08-09 00:00:09,894 - INFO - 投票结果: 选择路径 2, 答案: 4, 置信度: 0.3
2025-08-09 00:00:09,895 - INFO - 投票结果: 选择路径 0, 答案: 50, 置信度: 0.8
2025-08-09 00:00:09,896 - INFO - 投票结果: 选择路径 2, 答案: 4000, 置信度: 0.8
2025-08-09 00:00:09,897 - INFO - 投票结果: 选择路径 0, 答案: 5, 置信度: 1.0
2025-08-09 00:00:09,898 - INFO - 投票结果: 选择路径 0, 答案: 10, 置信度: 1.0
2025-08-09 00:00:09,899 - INFO - 投票结果: 选择路径 0, 答案: 7, 置信度: 1.0
2025-08-09 00:00:09,900 - INFO - 投票结果: 选择路径 0, 答案: 20, 置信度: 1.0
2025-08-09 00:00:09,901 - INFO - 投票结果: 选择路径 1, 答案: 43, 置信度: 0.6
2025-08-09 00:00:09,902 - INFO - 投票结果: 选择路径 1, 答案: 9, 置信度: 0.9
2025-08-09 00:00:09,903 - INFO - 投票结果: 选择路径 0, 答案: 1025000, 置信度: 0.1
2025-08-09 00:00:09,904 - INFO - 投票结果: 选择路径 1, 答案: 120, 置信度: 0.6
2025-08-09 00:00:09,905 - INFO - 投票结果: 选择路径 0, 答案: 10512, 置信度: 0.2
2025-08-09 00:00:09,906 - INFO - 投票结果: 选择路径 2, 答案: 4, 置信度: 0.6
2025-08-09 00:00:09,907 - INFO - 投票结果: 选择路径 0, 答案: 595, 置信度: 1.0
2025-08-09 00:00:09,908 - INFO - 投票结果: 选择路径 0, 答案: 110, 置信度: 1.0
2025-08-09 00:00:09,909 - INFO - 投票结果: 选择路径 0, 答案: 4800, 置信度: 0.9
2025-08-09 00:00:09,910 - INFO - 投票结果: 选择路径 0, 答案: 140, 置信度: 0.8
2025-08-09 00:00:09,911 - INFO - 投票结果: 选择路径 0, 答案: 34, 置信度: 0.9
2025-08-09 00:00:09,912 - INFO - 投票结果: 选择路径 0, 答案: 10, 置信度: 1.0
2025-08-09 00:00:09,913 - INFO - 投票结果: 选择路径 3, 答案: 2300, 置信度: 0.3
2025-08-09 00:00:09,914 - INFO - 投票结果: 选择路径 0, 答案: 30, 置信度: 1.0
2025-08-09 00:00:09,915 - INFO - 投票结果: 选择路径 2, 答案: 224000, 置信度: 0.6
2025-08-09 00:00:09,916 - INFO - 投票结果: 选择路径 0, 答案: 168, 置信度: 1.0
2025-08-09 00:00:09,917 - INFO - 投票结果: 选择路径 0, 答案: 120, 置信度: 1.0
2025-08-09 00:00:09,918 - INFO - 投票结果: 选择路径 1, 答案: 4, 置信度: 0.5
2025-08-09 00:00:09,919 - INFO - 投票结果: 选择路径 0, 答案: 20, 置信度: 0.9
2025-08-09 00:00:09,920 - INFO - 投票结果: 选择路径 0, 答案: 4, 置信度: 0.9
2025-08-09 00:00:09,921 - INFO - 投票结果: 选择路径 0, 答案: 15, 置信度: 0.5
2025-08-09 00:00:09,922 - INFO - 投票结果: 选择路径 0, 答案: 8, 置信度: 1.0
2025-08-09 00:00:09,923 - INFO - 投票结果: 选择路径 0, 答案: 308, 置信度: 1.0
2025-08-09 00:00:09,924 - INFO - 投票结果: 选择路径 0, 答案: 187, 置信度: 1.0
2025-08-09 00:00:09,925 - INFO - 投票结果: 选择路径 0, 答案: 123, 置信度: 0.8
2025-08-09 00:00:09,926 - INFO - 投票结果: 选择路径 2, 答案: 4, 置信度: 0.5
2025-08-09 00:00:09,927 - INFO - 投票结果: 选择路径 0, 答案: 110, 置信度: 0.1
2025-08-09 00:00:09,928 - INFO - 投票结果: 选择路径 0, 答案: 14000, 置信度: 0.9
2025-08-09 00:00:09,929 - INFO - 投票结果: 选择路径 0, 答案: 32, 置信度: 0.6
2025-08-09 00:00:09,930 - INFO - 投票结果: 选择路径 1, 答案: 7, 置信度: 0.9
2025-08-09 00:00:09,931 - INFO - 投票结果: 选择路径 0, 答案: 480, 置信度: 0.8
2025-08-09 00:00:09,932 - INFO - 投票结果: 选择路径 0, 答案: 2, 置信度: 1.0
2025-08-09 00:00:09,933 - INFO - 投票结果: 选择路径 3, 答案: 45, 置信度: 0.5
2025-08-09 00:00:09,934 - INFO - 投票结果: 选择路径 0, 答案: 31, 置信度: 0.9
2025-08-09 00:00:09,935 - INFO - 投票结果: 选择路径 3, 答案: 10, 置信度: 0.3
2025-08-09 00:00:09,936 - INFO - 投票结果: 选择路径 0, 答案: 18, 置信度: 1.0
2025-08-09 00:00:09,937 - INFO - 投票结果: 选择路径 2, 答案: 6, 置信度: 0.4
2025-08-09 00:00:09,938 - INFO - 投票结果: 选择路径 0, 答案: 93000, 置信度: 1.0
2025-08-09 00:00:09,939 - INFO - 投票结果: 选择路径 0, 答案: 10260, 置信度: 0.1
2025-08-09 00:00:09,941 - INFO - 投票结果: 选择路径 1, 答案: 150, 置信度: 0.9
2025-08-09 00:00:09,942 - INFO - 投票结果: 选择路径 0, 答案: 220, 置信度: 1.0
2025-08-09 00:00:09,943 - INFO - 投票结果: 选择路径 0, 答案: 12, 置信度: 0.7
2025-08-09 00:00:09,944 - INFO - 投票结果: 选择路径 0, 答案: 71, 置信度: 1.0
2025-08-09 00:00:09,945 - INFO - 投票结果: 选择路径 0, 答案: 8, 置信度: 1.0
2025-08-09 00:00:09,946 - INFO - 投票结果: 选择路径 0, 答案: 170, 置信度: 0.1
2025-08-09 00:00:09,947 - INFO - 投票结果: 选择路径 0, 答案: 53, 置信度: 1.0
2025-08-09 00:00:09,948 - INFO - 投票结果: 选择路径 0, 答案: 31800, 置信度: 0.8
2025-08-09 00:00:09,949 - INFO - 投票结果: 选择路径 0, 答案: 4, 置信度: 0.7
2025-08-09 00:00:09,950 - INFO - 投票结果: 选择路径 1, 答案: 12, 置信度: 0.9
2025-08-09 00:00:09,951 - INFO - 投票结果: 选择路径 0, 答案: 10, 置信度: 1.0
2025-08-09 00:00:09,952 - INFO - 投票结果: 选择路径 0, 答案: 2800, 置信度: 0.5
2025-08-09 00:00:09,953 - INFO - 投票结果: 选择路径 0, 答案: 18, 置信度: 1.0
2025-08-09 00:00:09,954 - INFO - 投票结果: 选择路径 0, 答案: 24, 置信度: 0.6
2025-08-09 00:00:09,955 - INFO - 投票结果: 选择路径 0, 答案: 139, 置信度: 0.9
2025-08-09 00:00:09,956 - INFO - 投票结果: 选择路径 0, 答案: 36, 置信度: 0.8
2025-08-09 00:00:09,957 - INFO - 投票结果: 选择路径 2, 答案: 6, 置信度: 0.8
2025-08-09 00:00:09,958 - INFO - 投票结果: 选择路径 0, 答案: 12, 置信度: 1.0
2025-08-09 00:00:09,959 - INFO - 投票结果: 选择路径 0, 答案: 78, 置信度: 0.9
2025-08-09 00:00:09,960 - INFO - 投票结果: 选择路径 0, 答案: 3, 置信度: 0.8
2025-08-09 00:00:09,961 - INFO - 投票结果: 选择路径 0, 答案: 270, 置信度: 0.3
2025-08-09 00:00:09,962 - INFO - 投票结果: 选择路径 1, 答案: 163, 置信度: 0.7
2025-08-09 00:00:09,963 - INFO - 投票结果: 选择路径 0, 答案: 90, 置信度: 1.0
2025-08-09 00:00:09,964 - INFO - 投票结果: 选择路径 2, 答案: 225, 置信度: 0.4
2025-08-09 00:00:09,965 - INFO - 投票结果: 选择路径 1, 答案: 480, 置信度: 0.3
2025-08-09 00:00:09,966 - INFO - 投票结果: 选择路径 0, 答案: 5, 置信度: 0.4
2025-08-09 00:00:09,983 - INFO - 投票结果: 选择路径 0, 答案: 90, 置信度: 1.0
2025-08-09 00:00:09,984 - INFO - 投票结果: 选择路径 0, 答案: 42, 置信度: 1.0
2025-08-09 00:00:09,986 - INFO - 投票结果: 选择路径 0, 答案: 162, 置信度: 1.0
2025-08-09 00:00:09,988 - INFO - 投票结果: 选择路径 0, 答案: 9, 置信度: 0.5
2025-08-09 00:00:09,989 - INFO - 投票结果: 选择路径 4, 答案: 48, 置信度: 0.3
2025-08-09 00:00:09,991 - INFO - 投票结果: 选择路径 5, 答案: 82, 置信度: 0.4
2025-08-09 00:00:09,992 - INFO - 投票结果: 选择路径 1, 答案: 14000, 置信度: 0.8
2025-08-09 00:00:09,993 - INFO - 投票结果: 选择路径 1, 答案: 45, 置信度: 0.8
2025-08-09 00:00:09,994 - INFO - 投票结果: 选择路径 1, 答案: 420, 置信度: 0.8
2025-08-09 00:00:09,995 - INFO - 投票结果: 选择路径 0, 答案: 15, 置信度: 1.0
2025-08-09 00:00:09,996 - INFO - 投票结果: 选择路径 0, 答案: 30, 置信度: 0.9
2025-08-09 00:00:09,997 - INFO - 投票结果: 选择路径 0, 答案: 280, 置信度: 1.0
2025-08-09 00:00:09,998 - INFO - 投票结果: 选择路径 0, 答案: 5, 置信度: 0.9
2025-08-09 00:00:10,000 - INFO - 投票结果: 选择路径 0, 答案: 135, 置信度: 1.0
2025-08-09 00:00:10,001 - INFO - 投票结果: 选择路径 0, 答案: 67, 置信度: 1.0
2025-08-09 00:00:10,002 - INFO - 投票结果: 选择路径 0, 答案: 1260, 置信度: 1.0
2025-08-09 00:00:10,003 - INFO - 投票结果: 选择路径 0, 答案: 80, 置信度: 1.0
2025-08-09 00:00:10,004 - INFO - 投票结果: 选择路径 0, 答案: 3120, 置信度: 0.1
2025-08-09 00:00:10,005 - INFO - 投票结果: 选择路径 0, 答案: 15, 置信度: 1.0
2025-08-09 00:00:10,006 - INFO - 投票结果: 选择路径 0, 答案: 12, 置信度: 0.9
2025-08-09 00:00:10,007 - INFO - 投票结果: 选择路径 0, 答案: 15, 置信度: 0.9
2025-08-09 00:00:10,008 - INFO - 投票结果: 选择路径 0, 答案: 221, 置信度: 1.0
2025-08-09 00:00:10,009 - INFO - 投票结果: 选择路径 0, 答案: 5, 置信度: 1.0
2025-08-09 00:00:10,010 - INFO - 投票结果: 选择路径 0, 答案: 9, 置信度: 0.3
2025-08-09 00:00:10,011 - INFO - 投票结果: 选择路径 0, 答案: 8400, 置信度: 0.6
2025-08-09 00:00:10,012 - INFO - 投票结果: 选择路径 1, 答案: 3000, 置信度: 0.5
2025-08-09 00:00:10,013 - INFO - 投票结果: 选择路径 0, 答案: 60, 置信度: 0.9
2025-08-09 00:00:10,014 - INFO - 投票结果: 选择路径 1, 答案: 826, 置信度: 0.5
2025-08-09 00:00:10,015 - INFO - 投票结果: 选择路径 0, 答案: 20, 置信度: 0.2
2025-08-09 00:00:10,016 - INFO - 投票结果: 选择路径 1, 答案: 6, 置信度: 0.6
2025-08-09 00:00:10,017 - INFO - 投票结果: 选择路径 0, 答案: 12, 置信度: 0.7
2025-08-09 00:00:10,018 - INFO - 投票结果: 选择路径 0, 答案: 480, 置信度: 1.0
2025-08-09 00:00:10,019 - INFO - 投票结果: 选择路径 1, 答案: 14400, 置信度: 0.8
2025-08-09 00:00:10,020 - INFO - 投票结果: 选择路径 0, 答案: 3, 置信度: 1.0
2025-08-09 00:00:10,021 - INFO - 投票结果: 选择路径 0, 答案: 250, 置信度: 1.0
2025-08-09 00:00:10,022 - INFO - 投票结果: 选择路径 0, 答案: 168, 置信度: 1.0
2025-08-09 00:00:10,023 - INFO - 投票结果: 选择路径 1, 答案: 64800, 置信度: 0.3
2025-08-09 00:00:10,024 - INFO - 投票结果: 选择路径 0, 答案: 120, 置信度: 0.8
2025-08-09 00:00:10,025 - INFO - 投票结果: 选择路径 0, 答案: 270, 置信度: 1.0
2025-08-09 00:00:10,026 - INFO - 投票结果: 选择路径 0, 答案: 26, 置信度: 1.0
2025-08-09 00:00:10,027 - INFO - 投票结果: 选择路径 3, 答案: 27, 置信度: 0.3
2025-08-09 00:00:10,028 - INFO - 投票结果: 选择路径 0, 答案: 45, 置信度: 0.4
2025-08-09 00:00:10,029 - INFO - 投票结果: 选择路径 0, 答案: 101, 置信度: 1.0
2025-08-09 00:00:10,030 - INFO - 投票结果: 选择路径 3, 答案: 230, 置信度: 0.5
2025-08-09 00:00:10,031 - INFO - 投票结果: 选择路径 0, 答案: 85, 置信度: 1.0
2025-08-09 00:00:10,032 - INFO - 投票结果: 选择路径 0, 答案: 3, 置信度: 0.5
2025-08-09 00:00:10,033 - INFO - 投票结果: 选择路径 1, 答案: 2300, 置信度: 0.4
2025-08-09 00:00:10,034 - INFO - 投票结果: 选择路径 0, 答案: 300, 置信度: 0.9
2025-08-09 00:00:10,035 - INFO - 投票结果: 选择路径 0, 答案: 31, 置信度: 0.9
2025-08-09 00:00:10,036 - INFO - 投票结果: 选择路径 0, 答案: 12, 置信度: 0.9
2025-08-09 00:00:10,037 - INFO - 投票结果: 选择路径 0, 答案: 2:00p, 置信度: 0.8
2025-08-09 00:00:10,038 - INFO - 投票结果: 选择路径 0, 答案: 3, 置信度: 0.8
2025-08-09 00:00:10,039 - INFO - 投票结果: 选择路径 1, 答案: 10, 置信度: 0.5
2025-08-09 00:00:10,040 - INFO - 投票结果: 选择路径 0, 答案: 45, 置信度: 1.0
2025-08-09 00:00:10,041 - INFO - 投票结果: 选择路径 0, 答案: 200, 置信度: 0.9
2025-08-09 00:00:10,042 - INFO - 投票结果: 选择路径 2, 答案: 41, 置信度: 0.3
2025-08-09 00:00:10,043 - INFO - 投票结果: 选择路径 1, 答案: 10, 置信度: 0.8
2025-08-09 00:00:10,044 - INFO - 投票结果: 选择路径 0, 答案: 98, 置信度: 0.9
2025-08-09 00:00:10,046 - INFO - 投票结果: 选择路径 0, 答案: 2, 置信度: 0.5
2025-08-09 00:00:10,047 - INFO - 投票结果: 选择路径 0, 答案: 45, 置信度: 0.7
2025-08-09 00:00:10,048 - INFO - 投票结果: 选择路径 3, 答案: 450, 置信度: 0.3
2025-08-09 00:00:10,049 - INFO - 投票结果: 选择路径 2, 答案: 8, 置信度: 0.4
2025-08-09 00:00:10,050 - INFO - 投票结果: 选择路径 0, 答案: 15, 置信度: 0.5
2025-08-09 00:00:10,051 - INFO - 投票结果: 选择路径 0, 答案: 70, 置信度: 1.0
2025-08-09 00:00:10,052 - INFO - 投票结果: 选择路径 0, 答案: 294, 置信度: 0.9
2025-08-09 00:00:10,053 - INFO - 投票结果: 选择路径 2, 答案: 42, 置信度: 0.2
2025-08-09 00:00:10,054 - INFO - 投票结果: 选择路径 0, 答案: 13, 置信度: 1.0
2025-08-09 00:00:10,055 - INFO - 投票结果: 选择路径 0, 答案: 195, 置信度: 0.9
2025-08-09 00:00:10,056 - INFO - 投票结果: 选择路径 1, 答案: 7, 置信度: 0.9
2025-08-09 00:00:10,057 - INFO - 投票结果: 选择路径 0, 答案: 1875, 置信度: 0.9
2025-08-09 00:00:10,058 - INFO - 投票结果: 选择路径 0, 答案: 385000, 置信度: 1.0
2025-08-09 00:00:10,059 - INFO - 投票结果: 选择路径 0, 答案: 85, 置信度: 1.0
2025-08-09 00:00:10,060 - INFO - 投票结果: 选择路径 0, 答案: 27, 置信度: 1.0
2025-08-09 00:00:10,061 - INFO - 投票结果: 选择路径 0, 答案: 159, 置信度: 0.8
2025-08-09 00:00:10,062 - INFO - 投票结果: 选择路径 0, 答案: 25, 置信度: 0.9
2025-08-09 00:00:10,063 - INFO - 投票结果: 选择路径 0, 答案: 720, 置信度: 1.0
2025-08-09 00:00:10,064 - INFO - 投票结果: 选择路径 2, 答案: 549, 置信度: 0.4
2025-08-09 00:00:10,065 - INFO - 投票结果: 选择路径 0, 答案: 7, 置信度: 0.8
2025-08-09 00:00:10,066 - INFO - 投票结果: 选择路径 0, 答案: 25, 置信度: 0.6
2025-08-09 00:00:10,067 - INFO - 投票结果: 选择路径 0, 答案: 90, 置信度: 0.4
2025-08-09 00:00:10,068 - INFO - 投票结果: 选择路径 0, 答案: 2, 置信度: 0.6
2025-08-09 00:00:10,069 - INFO - 投票结果: 选择路径 0, 答案: 22, 置信度: 0.9
2025-08-09 00:00:10,070 - INFO - 投票结果: 选择路径 0, 答案: 40, 置信度: 0.8
2025-08-09 00:00:10,071 - INFO - 投票结果: 选择路径 1, 答案: 2050, 置信度: 0.3
2025-08-09 00:00:10,072 - INFO - 投票结果: 选择路径 0, 答案: 275, 置信度: 0.2
2025-08-09 00:00:10,073 - INFO - 投票结果: 选择路径 0, 答案: 10, 置信度: 0.8
2025-08-09 00:00:10,074 - INFO - 投票结果: 选择路径 7, 答案: 27, 置信度: 0.3
2025-08-09 00:00:10,075 - INFO - 投票结果: 选择路径 0, 答案: 17, 置信度: 0.8
2025-08-09 00:00:10,076 - INFO - 投票结果: 选择路径 0, 答案: 50, 置信度: 0.4
2025-08-09 00:00:10,077 - INFO - 投票结果: 选择路径 0, 答案: 96, 置信度: 0.5
2025-08-09 00:00:10,078 - INFO - 投票结果: 选择路径 0, 答案: 280, 置信度: 0.8
2025-08-09 00:00:10,079 - INFO - 投票结果: 选择路径 0, 答案: 50, 置信度: 0.4
2025-08-09 00:00:10,080 - INFO - 投票结果: 选择路径 0, 答案: 142, 置信度: 1.0
2025-08-09 00:00:10,081 - INFO - 投票结果: 选择路径 0, 答案: 5, 置信度: 0.8
2025-08-09 00:00:10,082 - INFO - 投票结果: 选择路径 0, 答案: 95, 置信度: 1.0
2025-08-09 00:00:10,083 - INFO - 投票结果: 选择路径 1, 答案: 175, 置信度: 0.9
2025-08-09 00:00:10,084 - INFO - 投票结果: 选择路径 0, 答案: 20, 置信度: 0.7
2025-08-09 00:00:10,085 - INFO - 投票结果: 选择路径 0, 答案: 15, 置信度: 1.0
2025-08-09 00:00:10,086 - INFO - 投票结果: 选择路径 0, 答案: 370, 置信度: 0.7
2025-08-09 00:00:10,087 - INFO - 投票结果: 选择路径 3, 答案: 13, 置信度: 0.4
2025-08-09 00:00:10,088 - INFO - 投票结果: 选择路径 0, 答案: 2, 置信度: 0.9
2025-08-09 00:00:10,089 - INFO - 投票结果: 选择路径 0, 答案: 120, 置信度: 0.6
2025-08-09 00:00:10,090 - INFO - 投票结果: 选择路径 0, 答案: 70, 置信度: 1.0
2025-08-09 00:00:10,091 - INFO - 投票结果: 选择路径 0, 答案: 17000, 置信度: 0.7
2025-08-09 00:00:10,092 - INFO - 投票结果: 选择路径 0, 答案: 57, 置信度: 0.9
2025-08-09 00:00:10,093 - INFO - 投票结果: 选择路径 0, 答案: 1260, 置信度: 0.6
2025-08-09 00:00:10,094 - INFO - 投票结果: 选择路径 0, 答案: 4500, 置信度: 1.0
2025-08-09 00:00:10,095 - INFO - 投票结果: 选择路径 0, 答案: 5, 置信度: 0.7
2025-08-09 00:00:10,096 - INFO - 投票结果: 选择路径 0, 答案: 360, 置信度: 1.0
2025-08-09 00:00:10,097 - INFO - 投票结果: 选择路径 0, 答案: 50, 置信度: 0.5
2025-08-09 00:00:10,098 - INFO - 投票结果: 选择路径 4, 答案: 95, 置信度: 0.5
2025-08-09 00:00:10,099 - INFO - 投票结果: 选择路径 1, 答案: 2, 置信度: 0.7
2025-08-09 00:00:10,100 - INFO - 投票结果: 选择路径 0, 答案: 7.17, 置信度: 0.8
2025-08-09 00:00:10,101 - INFO - 投票结果: 选择路径 1, 答案: 5760, 置信度: 0.8
2025-08-09 00:00:10,102 - INFO - 投票结果: 选择路径 0, 答案: 35, 置信度: 1.0
2025-08-09 00:00:10,103 - INFO - 投票结果: 选择路径 0, 答案: 27, 置信度: 0.4
2025-08-09 00:00:10,105 - INFO - 投票结果: 选择路径 0, 答案: 7, 置信度: 0.7
2025-08-09 00:00:10,106 - INFO - 投票结果: 选择路径 0, 答案: 3, 置信度: 1.0
2025-08-09 00:00:10,107 - INFO - 投票结果: 选择路径 1, 答案: 147, 置信度: 0.2
2025-08-09 00:00:10,108 - INFO - 投票结果: 选择路径 2, 答案: 280, 置信度: 0.6
2025-08-09 00:00:10,109 - INFO - 投票结果: 选择路径 0, 答案: 16, 置信度: 0.6
2025-08-09 00:00:10,110 - INFO - 投票结果: 选择路径 0, 答案: 10, 置信度: 1.0
2025-08-09 00:00:10,111 - INFO - 投票结果: 选择路径 0, 答案: 101, 置信度: 1.0
2025-08-09 00:00:10,112 - INFO - 投票结果: 选择路径 0, 答案: 12, 置信度: 1.0
2025-08-09 00:00:10,113 - INFO - 投票结果: 选择路径 0, 答案: 78, 置信度: 1.0
2025-08-09 00:00:10,114 - INFO - 投票结果: 选择路径 0, 答案: 16, 置信度: 1.0
2025-08-09 00:00:10,115 - INFO - 投票结果: 选择路径 1, 答案: 8, 置信度: 0.6
2025-08-09 00:00:10,116 - INFO - 投票结果: 选择路径 0, 答案: 20, 置信度: 0.9
2025-08-09 00:00:10,117 - INFO - 投票结果: 选择路径 1, 答案: 280, 置信度: 0.5
2025-08-09 00:00:10,118 - INFO - 投票结果: 选择路径 0, 答案: 47.25, 置信度: 0.5
2025-08-09 00:00:10,119 - INFO - 投票结果: 选择路径 0, 答案: 105, 置信度: 0.9
2025-08-09 00:00:10,120 - INFO - 投票结果: 选择路径 0, 答案: 58, 置信度: 0.6
2025-08-09 00:00:10,121 - INFO - 投票结果: 选择路径 0, 答案: 6, 置信度: 0.9
2025-08-09 00:00:10,122 - INFO - 投票结果: 选择路径 1, 答案: 220, 置信度: 0.2
2025-08-09 00:00:10,123 - INFO - 投票结果: 选择路径 0, 答案: 770, 置信度: 1.0
2025-08-09 00:00:10,124 - INFO - 投票结果: 选择路径 0, 答案: 28, 置信度: 1.0
2025-08-09 00:00:10,125 - INFO - 投票结果: 选择路径 0, 答案: 25, 置信度: 0.4
2025-08-09 00:00:10,126 - INFO - 投票结果: 选择路径 0, 答案: 1630, 置信度: 0.9
2025-08-09 00:00:10,127 - INFO - 投票结果: 选择路径 1, 答案: 55, 置信度: 0.8
2025-08-09 00:00:10,128 - INFO - 投票结果: 选择路径 0, 答案: 58, 置信度: 0.5
2025-08-09 00:00:10,129 - INFO - 投票结果: 选择路径 0, 答案: 11, 置信度: 1.0
2025-08-09 00:00:10,130 - INFO - 投票结果: 选择路径 0, 答案: 3, 置信度: 1.0
2025-08-09 00:00:10,131 - INFO - 投票结果: 选择路径 1, 答案: 20, 置信度: 0.6
2025-08-09 00:00:10,132 - INFO - 投票结果: 选择路径 0, 答案: 15, 置信度: 0.7
2025-08-09 00:00:10,133 - INFO - 投票结果: 选择路径 0, 答案: 300, 置信度: 0.3
2025-08-09 00:00:10,134 - INFO - 投票结果: 选择路径 0, 答案: 70, 置信度: 0.9
2025-08-09 00:00:10,135 - INFO - 投票结果: 选择路径 0, 答案: 63, 置信度: 0.7
2025-08-09 00:00:10,136 - INFO - 投票结果: 选择路径 0, 答案: 14, 置信度: 0.7
2025-08-09 00:00:10,137 - INFO - 投票结果: 选择路径 0, 答案: 11, 置信度: 1.0
2025-08-09 00:00:10,138 - INFO - 投票结果: 选择路径 1, 答案: 153, 置信度: 0.8
2025-08-09 00:00:10,139 - INFO - 投票结果: 选择路径 0, 答案: 15, 置信度: 1.0
2025-08-09 00:00:10,140 - INFO - 投票结果: 选择路径 4, 答案: 125, 置信度: 0.2
2025-08-09 00:00:10,141 - INFO - 投票结果: 选择路径 0, 答案: 175, 置信度: 0.7
2025-08-09 00:00:10,142 - INFO - 投票结果: 选择路径 0, 答案: 600, 置信度: 1.0
2025-08-09 00:00:10,143 - INFO - 投票结果: 选择路径 0, 答案: 20, 置信度: 0.9
2025-08-09 00:00:10,144 - INFO - 投票结果: 选择路径 0, 答案: 12, 置信度: 0.9
2025-08-09 00:00:10,145 - INFO - 投票结果: 选择路径 0, 答案: 87, 置信度: 0.9
2025-08-09 00:00:10,146 - INFO - 投票结果: 选择路径 0, 答案: 54, 置信度: 1.0
2025-08-09 00:00:10,147 - INFO - 投票结果: 选择路径 0, 答案: 10, 置信度: 0.9
2025-08-09 00:00:10,148 - INFO - 投票结果: 选择路径 0, 答案: 18, 置信度: 1.0
2025-08-09 00:00:10,149 - INFO - 投票结果: 选择路径 0, 答案: 230, 置信度: 1.0
2025-08-09 00:00:10,150 - INFO - 投票结果: 选择路径 1, 答案: 5, 置信度: 0.6
2025-08-09 00:00:10,151 - INFO - 投票结果: 选择路径 1, 答案: 1198, 置信度: 0.4
2025-08-09 00:00:10,152 - INFO - 投票结果: 选择路径 0, 答案: 2325, 置信度: 0.6
2025-08-09 00:00:10,153 - INFO - 投票结果: 选择路径 0, 答案: 80, 置信度: 1.0
2025-08-09 00:00:10,154 - INFO - 投票结果: 选择路径 0, 答案: 880, 置信度: 1.0
2025-08-09 00:00:10,155 - INFO - 投票结果: 选择路径 0, 答案: 5, 置信度: 0.9
2025-08-09 00:00:10,156 - INFO - 投票结果: 选择路径 0, 答案: 45, 置信度: 1.0
2025-08-09 00:00:10,157 - INFO - 投票结果: 选择路径 0, 答案: 75, 置信度: 1.0
2025-08-09 00:00:10,158 - INFO - 投票结果: 选择路径 0, 答案: 4, 置信度: 0.4
2025-08-09 00:00:10,159 - INFO - 投票结果: 选择路径 0, 答案: 350, 置信度: 1.0
2025-08-09 00:00:10,160 - INFO - 投票结果: 选择路径 0, 答案: 200, 置信度: 0.8
2025-08-09 00:00:10,161 - INFO - 投票结果: 选择路径 0, 答案: 1000, 置信度: 0.9
2025-08-09 00:00:10,162 - INFO - 投票结果: 选择路径 0, 答案: 21, 置信度: 0.8
2025-08-09 00:00:10,163 - INFO - 投票结果: 选择路径 0, 答案: 19, 置信度: 1.0
2025-08-09 00:00:10,164 - INFO - 投票结果: 选择路径 0, 答案: 13, 置信度: 1.0
2025-08-09 00:00:10,165 - INFO - 投票结果: 选择路径 1, 答案: 10, 置信度: 0.3
2025-08-09 00:00:10,166 - INFO - 投票结果: 选择路径 0, 答案: 440, 置信度: 1.0
2025-08-09 00:00:10,167 - INFO - 投票结果: 选择路径 0, 答案: 48, 置信度: 1.0
2025-08-09 00:00:10,168 - INFO - 投票结果: 选择路径 0, 答案: 33, 置信度: 0.6
2025-08-09 00:00:10,169 - INFO - 投票结果: 选择路径 0, 答案: 16, 置信度: 0.5
2025-08-09 00:00:10,170 - INFO - 投票结果: 选择路径 0, 答案: 22, 置信度: 1.0
2025-08-09 00:00:10,171 - INFO - 投票结果: 选择路径 0, 答案: 57500, 置信度: 1.0
2025-08-09 00:00:10,172 - INFO - 投票结果: 选择路径 0, 答案: 35, 置信度: 1.0
2025-08-09 00:00:10,173 - INFO - 投票结果: 选择路径 0, 答案: 26, 置信度: 1.0
2025-08-09 00:00:10,174 - INFO - 投票结果: 选择路径 4, 答案: 18, 置信度: 0.2
2025-08-09 00:00:10,175 - INFO - 投票结果: 选择路径 0, 答案: 27000, 置信度: 1.0
2025-08-09 00:00:10,176 - INFO - 投票结果: 选择路径 0, 答案: 157, 置信度: 0.9
2025-08-09 00:00:10,177 - INFO - 投票结果: 选择路径 0, 答案: 14, 置信度: 1.0
2025-08-09 00:00:10,178 - INFO - 投票结果: 选择路径 1, 答案: 26, 置信度: 0.9
2025-08-09 00:00:10,179 - INFO - 投票结果: 选择路径 0, 答案: 798.6, 置信度: 0.1
2025-08-09 00:00:10,180 - INFO - 投票结果: 选择路径 0, 答案: 12, 置信度: 1.0
2025-08-09 00:00:10,181 - INFO - 投票结果: 选择路径 1, 答案: 10, 置信度: 0.2
2025-08-09 00:00:10,182 - INFO - 投票结果: 选择路径 0, 答案: 366, 置信度: 1.0
2025-08-09 00:00:10,184 - INFO - 投票结果: 选择路径 1, 答案: 195, 置信度: 0.7
2025-08-09 00:00:10,184 - INFO - 投票结果: 选择路径 0, 答案: 90, 置信度: 1.0
2025-08-09 00:00:10,185 - INFO - 投票结果: 选择路径 1, 答案: 10, 置信度: 0.6
2025-08-09 00:00:10,187 - INFO - 投票结果: 选择路径 0, 答案: 400, 置信度: 1.0
2025-08-09 00:00:10,188 - INFO - 投票结果: 选择路径 2, 答案: 6, 置信度: 0.6
2025-08-09 00:00:10,189 - INFO - 投票结果: 选择路径 0, 答案: 17, 置信度: 1.0
2025-08-09 00:00:10,190 - INFO - 投票结果: 选择路径 0, 答案: 80, 置信度: 0.6
2025-08-09 00:00:10,191 - INFO - 投票结果: 选择路径 1, 答案: 22, 置信度: 0.4
2025-08-09 00:00:10,192 - INFO - 投票结果: 选择路径 0, 答案: 44, 置信度: 1.0
2025-08-09 00:00:10,193 - INFO - 投票结果: 选择路径 3, 答案: 48, 置信度: 0.6
2025-08-09 00:00:10,194 - INFO - 投票结果: 选择路径 0, 答案: 27, 置信度: 1.0
2025-08-09 00:00:10,195 - INFO - 投票结果: 选择路径 0, 答案: 120, 置信度: 0.8
2025-08-09 00:00:10,196 - INFO - 投票结果: 选择路径 0, 答案: 12, 置信度: 0.8
2025-08-09 00:00:10,197 - INFO - 投票结果: 选择路径 0, 答案: 5, 置信度: 1.0
2025-08-09 00:00:10,198 - INFO - 投票结果: 选择路径 1, 答案: 36, 置信度: 0.7
2025-08-09 00:00:10,199 - INFO - 投票结果: 选择路径 0, 答案: 9, 置信度: 1.0
2025-08-09 00:00:10,200 - INFO - 投票结果: 选择路径 2, 答案: 2, 置信度: 0.8
2025-08-09 00:00:10,201 - INFO - 投票结果: 选择路径 0, 答案: 26, 置信度: 0.3
2025-08-09 00:00:10,202 - INFO - 投票结果: 选择路径 0, 答案: 70, 置信度: 1.0
2025-08-09 00:00:10,203 - INFO - 投票结果: 选择路径 2, 答案: 3160, 置信度: 0.3
2025-08-09 00:00:10,204 - INFO - 投票结果: 选择路径 0, 答案: 3200, 置信度: 1.0
2025-08-09 00:00:10,205 - INFO - 投票结果: 选择路径 4, 答案: 142, 置信度: 0.2
2025-08-09 00:00:10,206 - INFO - 投票结果: 选择路径 0, 答案: 90, 置信度: 1.0
2025-08-09 00:00:10,207 - INFO - 投票结果: 选择路径 0, 答案: 200, 置信度: 1.0
2025-08-09 00:00:10,208 - INFO - 投票结果: 选择路径 0, 答案: 330000, 置信度: 0.9
2025-08-09 00:00:10,209 - INFO - 投票结果: 选择路径 0, 答案: 9, 置信度: 0.9
2025-08-09 00:00:10,210 - INFO - 投票结果: 选择路径 0, 答案: 10, 置信度: 1.0
2025-08-09 00:00:10,211 - INFO - 投票结果: 选择路径 2, 答案: 56, 置信度: 0.4
2025-08-09 00:00:10,212 - INFO - 投票结果: 选择路径 0, 答案: 700, 置信度: 0.8
2025-08-09 00:00:10,213 - INFO - 投票结果: 选择路径 0, 答案: 12, 置信度: 1.0
2025-08-09 00:00:10,214 - INFO - 投票结果: 选择路径 1, 答案: 3, 置信度: 0.8
2025-08-09 00:00:10,215 - INFO - 投票结果: 选择路径 2, 答案: 320, 置信度: 0.7
2025-08-09 00:00:10,216 - INFO - 投票结果: 选择路径 0, 答案: 59, 置信度: 0.2
2025-08-09 00:00:10,217 - INFO - 投票结果: 选择路径 0, 答案: 50, 置信度: 0.8
2025-08-09 00:00:10,218 - INFO - 投票结果: 选择路径 0, 答案: 50, 置信度: 0.9
2025-08-09 00:00:10,219 - INFO - 投票结果: 选择路径 1, 答案: 2250, 置信度: 0.2
2025-08-09 00:00:10,220 - INFO - 投票结果: 选择路径 0, 答案: 12, 置信度: 0.5
2025-08-09 00:00:10,221 - INFO - 投票结果: 选择路径 3, 答案: 2640, 置信度: 0.6
2025-08-09 00:00:10,222 - INFO - 投票结果: 选择路径 0, 答案: 98, 置信度: 0.9
2025-08-09 00:00:10,223 - INFO - 投票结果: 选择路径 1, 答案: 19, 置信度: 0.9
2025-08-09 00:00:10,224 - INFO - 投票结果: 选择路径 0, 答案: 21, 置信度: 1.0
2025-08-09 00:00:10,225 - INFO - 投票结果: 选择路径 0, 答案: 5, 置信度: 0.8
2025-08-09 00:00:10,226 - INFO - 投票结果: 选择路径 0, 答案: 30, 置信度: 1.0
2025-08-09 00:00:10,227 - INFO - 投票结果: 选择路径 0, 答案: 34, 置信度: 0.9
2025-08-09 00:00:10,228 - INFO - 投票结果: 选择路径 0, 答案: 48, 置信度: 0.5
2025-08-09 00:00:10,229 - INFO - 投票结果: 选择路径 0, 答案: 7, 置信度: 1.0
2025-08-09 00:00:10,230 - INFO - 投票结果: 选择路径 0, 答案: 50, 置信度: 1.0
2025-08-09 00:00:10,231 - INFO - 投票结果: 选择路径 0, 答案: 25, 置信度: 1.0
2025-08-09 00:00:10,232 - INFO - 投票结果: 选择路径 0, 答案: 500, 置信度: 1.0
2025-08-09 00:00:10,234 - INFO - 投票结果: 选择路径 0, 答案: 300, 置信度: 1.0
2025-08-09 00:00:10,235 - INFO - 投票结果: 选择路径 0, 答案: 842, 置信度: 1.0
2025-08-09 00:00:10,236 - INFO - 投票结果: 选择路径 4, 答案: 600, 置信度: 0.4
2025-08-09 00:00:10,237 - INFO - 投票结果: 选择路径 0, 答案: 160, 置信度: 0.4
2025-08-09 00:00:10,238 - INFO - 投票结果: 选择路径 0, 答案: 32, 置信度: 0.9
2025-08-09 00:00:10,239 - INFO - 投票结果: 选择路径 0, 答案: 15, 置信度: 0.8
2025-08-09 00:00:10,240 - INFO - 投票结果: 选择路径 0, 答案: 243, 置信度: 1.0
2025-08-09 00:00:10,241 - INFO - 投票结果: 选择路径 0, 答案: 60, 置信度: 0.8
2025-08-09 00:00:10,242 - INFO - 投票结果: 选择路径 0, 答案: 1218, 置信度: 1.0
2025-08-09 00:00:10,243 - INFO - 投票结果: 选择路径 0, 答案: 16, 置信度: 0.7
2025-08-09 00:00:10,244 - INFO - 投票结果: 选择路径 0, 答案: 40, 置信度: 0.8
2025-08-09 00:00:10,245 - INFO - 投票结果: 选择路径 0, 答案: 1210, 置信度: 1.0
2025-08-09 00:00:10,246 - INFO - 投票结果: 选择路径 1, 答案: 50, 置信度: 0.4
2025-08-09 00:00:10,247 - INFO - 投票结果: 选择路径 0, 答案: 12, 置信度: 1.0
2025-08-09 00:00:10,248 - INFO - 投票结果: 选择路径 1, 答案: 3528, 置信度: 0.8
2025-08-09 00:00:10,249 - INFO - 投票结果: 选择路径 1, 答案: 144, 置信度: 0.4
2025-08-09 00:00:10,250 - INFO - 投票结果: 选择路径 0, 答案: 1050, 置信度: 1.0
2025-08-09 00:00:10,251 - INFO - 投票结果: 选择路径 0, 答案: 2304, 置信度: 1.0
2025-08-09 00:00:10,252 - INFO - 投票结果: 选择路径 2, 答案: 115, 置信度: 0.4
2025-08-09 00:00:10,253 - INFO - 投票结果: 选择路径 1, 答案: 10000, 置信度: 0.5
2025-08-09 00:00:10,254 - INFO - 投票结果: 选择路径 0, 答案: 410, 置信度: 0.8
2025-08-09 00:00:10,255 - INFO - 投票结果: 选择路径 0, 答案: 32, 置信度: 1.0
2025-08-09 00:00:10,256 - INFO - 投票结果: 选择路径 1, 答案: 120, 置信度: 0.9
2025-08-09 00:00:10,257 - INFO - 投票结果: 选择路径 0, 答案: 29, 置信度: 0.8
2025-08-09 00:00:10,258 - INFO - 投票结果: 选择路径 0, 答案: 200, 置信度: 0.3
2025-08-09 00:00:10,259 - INFO - 投票结果: 选择路径 0, 答案: 80, 置信度: 0.4
2025-08-09 00:00:10,260 - INFO - 投票结果: 选择路径 0, 答案: 200, 置信度: 0.7
2025-08-09 00:00:10,261 - INFO - 投票结果: 选择路径 0, 答案: 2, 置信度: 0.9
2025-08-09 00:00:10,262 - INFO - 投票结果: 选择路径 0, 答案: 9, 置信度: 1.0
2025-08-09 00:00:10,263 - INFO - 投票结果: 选择路径 0, 答案: 100, 置信度: 1.0
2025-08-09 00:00:10,264 - INFO - 投票结果: 选择路径 1, 答案: 40, 置信度: 0.7
2025-08-09 00:00:10,265 - INFO - 投票结果: 选择路径 0, 答案: 50, 置信度: 0.4
2025-08-09 00:00:10,266 - INFO - 投票结果: 选择路径 1, 答案: 5600, 置信度: 0.6
2025-08-09 00:00:10,267 - INFO - 投票结果: 选择路径 0, 答案: 5, 置信度: 0.9
2025-08-09 00:00:10,268 - INFO - 投票结果: 选择路径 0, 答案: 600, 置信度: 1.0
2025-08-09 00:00:10,269 - INFO - 投票结果: 选择路径 0, 答案: 6, 置信度: 1.0
2025-08-09 00:00:10,270 - INFO - 投票结果: 选择路径 0, 答案: 1, 置信度: 1.0
2025-08-09 00:00:10,271 - INFO - 投票结果: 选择路径 2, 答案: 360, 置信度: 0.7
2025-08-09 00:00:10,272 - INFO - 投票结果: 选择路径 0, 答案: 45, 置信度: 1.0
2025-08-09 00:00:10,273 - INFO - 投票结果: 选择路径 0, 答案: 310, 置信度: 1.0
2025-08-09 00:00:10,274 - INFO - 投票结果: 选择路径 0, 答案: 5, 置信度: 0.4
2025-08-09 00:00:10,275 - INFO - 投票结果: 选择路径 1, 答案: 30, 置信度: 0.9
2025-08-09 00:00:10,276 - INFO - 投票结果: 选择路径 0, 答案: 220, 置信度: 0.8
2025-08-09 00:00:10,277 - INFO - 投票结果: 选择路径 0, 答案: 310, 置信度: 1.0
2025-08-09 00:00:10,278 - INFO - 投票结果: 选择路径 0, 答案: 250, 置信度: 0.9
2025-08-09 00:00:10,279 - INFO - 投票结果: 选择路径 0, 答案: 118000, 置信度: 0.8
2025-08-09 00:00:10,280 - INFO - 投票结果: 选择路径 0, 答案: 160, 置信度: 1.0
2025-08-09 00:00:10,281 - INFO - 投票结果: 选择路径 0, 答案: 4, 置信度: 0.9
2025-08-09 00:00:10,282 - INFO - 投票结果: 选择路径 0, 答案: 6, 置信度: 0.9
2025-08-09 00:00:10,283 - INFO - 投票结果: 选择路径 0, 答案: 64, 置信度: 0.7
2025-08-09 00:00:10,284 - INFO - 投票结果: 选择路径 0, 答案: 335, 置信度: 1.0
2025-08-09 00:00:10,285 - INFO - 投票结果: 选择路径 0, 答案: 44, 置信度: 1.0
2025-08-09 00:00:10,286 - INFO - 投票结果: 选择路径 0, 答案: 216, 置信度: 1.0
2025-08-09 00:00:10,287 - INFO - 投票结果: 选择路径 0, 答案: 40, 置信度: 0.9
2025-08-09 00:00:10,288 - INFO - 投票结果: 选择路径 0, 答案: 6, 置信度: 0.3
2025-08-09 00:00:10,289 - INFO - 投票结果: 选择路径 1, 答案: 135, 置信度: 0.8
2025-08-09 00:00:10,290 - INFO - 投票结果: 选择路径 3, 答案: 16, 置信度: 0.7
2025-08-09 00:00:10,291 - INFO - 投票结果: 选择路径 0, 答案: 6, 置信度: 0.9
2025-08-09 00:00:10,292 - INFO - 投票结果: 选择路径 0, 答案: 17, 置信度: 0.8
2025-08-09 00:00:10,293 - INFO - 投票结果: 选择路径 0, 答案: 540, 置信度: 1.0
2025-08-09 00:00:10,294 - INFO - 投票结果: 选择路径 0, 答案: 621, 置信度: 0.7
2025-08-09 00:00:10,295 - INFO - 投票结果: 选择路径 0, 答案: 120, 置信度: 1.0
2025-08-09 00:00:10,296 - INFO - 投票结果: 选择路径 1, 答案: 56, 置信度: 0.9
2025-08-09 00:00:10,297 - INFO - 投票结果: 选择路径 0, 答案: 2, 置信度: 1.0
2025-08-09 00:00:10,298 - INFO - 投票结果: 选择路径 0, 答案: 3, 置信度: 1.0
2025-08-09 00:00:10,299 - INFO - 投票结果: 选择路径 0, 答案: 104, 置信度: 0.6
2025-08-09 00:00:10,300 - INFO - 投票结果: 选择路径 0, 答案: 5, 置信度: 1.0
2025-08-09 00:00:10,301 - INFO - 投票结果: 选择路径 0, 答案: 8, 置信度: 0.3
2025-08-09 00:00:10,302 - INFO - 投票结果: 选择路径 0, 答案: 6, 置信度: 0.9
2025-08-09 00:00:10,303 - INFO - 投票结果: 选择路径 0, 答案: 63.33, 置信度: 0.4
2025-08-09 00:00:10,304 - INFO - 投票结果: 选择路径 0, 答案: 10, 置信度: 0.9
2025-08-09 00:00:10,305 - INFO - 投票结果: 选择路径 0, 答案: 9, 置信度: 0.7
2025-08-09 00:00:10,306 - INFO - 投票结果: 选择路径 0, 答案: 5, 置信度: 1.0
2025-08-09 00:00:10,307 - INFO - 投票结果: 选择路径 0, 答案: 16, 置信度: 0.9
2025-08-09 00:00:10,308 - INFO - 投票结果: 选择路径 0, 答案: 136, 置信度: 0.5
2025-08-09 00:00:10,309 - INFO - 投票结果: 选择路径 1, 答案: 750, 置信度: 0.4
2025-08-09 00:00:10,310 - INFO - 投票结果: 选择路径 0, 答案: 2, 置信度: 0.7
2025-08-09 00:00:10,311 - INFO - 投票结果: 选择路径 0, 答案: 4, 置信度: 1.0
2025-08-09 00:00:10,312 - INFO - 投票结果: 选择路径 0, 答案: 25, 置信度: 1.0
2025-08-09 00:00:10,313 - INFO - 投票结果: 选择路径 1, 答案: 210, 置信度: 0.5
2025-08-09 00:00:10,314 - INFO - 投票结果: 选择路径 0, 答案: 2, 置信度: 0.4
2025-08-09 00:00:10,316 - INFO - 投票结果: 选择路径 1, 答案: 35, 置信度: 0.5
2025-08-09 00:00:10,317 - INFO - 投票结果: 选择路径 0, 答案: 24, 置信度: 1.0
2025-08-09 00:00:10,318 - INFO - 投票结果: 选择路径 0, 答案: 11.4, 置信度: 0.2
2025-08-09 00:00:10,319 - INFO - 投票结果: 选择路径 0, 答案: 69, 置信度: 0.8
2025-08-09 00:00:10,320 - INFO - 投票结果: 选择路径 0, 答案: 168, 置信度: 1.0
2025-08-09 00:00:10,321 - INFO - 投票结果: 选择路径 0, 答案: 20, 置信度: 1.0
2025-08-09 00:00:10,322 - INFO - 投票结果: 选择路径 0, 答案: 4, 置信度: 0.9
2025-08-09 00:00:10,323 - INFO - 投票结果: 选择路径 1, 答案: 1596, 置信度: 0.6
2025-08-09 00:00:10,324 - INFO - 投票结果: 选择路径 1, 答案: 150, 置信度: 0.4
2025-08-09 00:00:10,325 - INFO - 投票结果: 选择路径 0, 答案: 20, 置信度: 1.0
2025-08-09 00:00:10,326 - INFO - 投票结果: 选择路径 0, 答案: 2, 置信度: 1.0
2025-08-09 00:00:10,327 - INFO - 投票结果: 选择路径 3, 答案: 14, 置信度: 0.3
2025-08-09 00:00:10,328 - INFO - 投票结果: 选择路径 4, 答案: 2840, 置信度: 0.4
2025-08-09 00:00:10,329 - INFO - 投票结果: 选择路径 0, 答案: 4, 置信度: 1.0
2025-08-09 00:00:10,330 - INFO - 投票结果: 选择路径 0, 答案: 81, 置信度: 1.0
2025-08-09 00:00:10,331 - INFO - 投票结果: 选择路径 0, 答案: 54, 置信度: 0.6
2025-08-09 00:00:10,332 - INFO - 投票结果: 选择路径 0, 答案: 1400, 置信度: 0.6
2025-08-09 00:00:10,333 - INFO - 投票结果: 选择路径 1, 答案: 18.18, 置信度: 0.2
2025-08-09 00:00:10,334 - INFO - 投票结果: 选择路径 2, 答案: 25, 置信度: 0.4
2025-08-09 00:00:10,335 - INFO - 投票结果: 选择路径 0, 答案: 26, 置信度: 1.0
2025-08-09 00:00:10,336 - INFO - 投票结果: 选择路径 0, 答案: 13, 置信度: 1.0
2025-08-09 00:00:10,337 - INFO - 投票结果: 选择路径 3, 答案: 623, 置信度: 0.6
2025-08-09 00:00:10,338 - INFO - 投票结果: 选择路径 0, 答案: 92, 置信度: 1.0
2025-08-09 00:00:10,339 - INFO - 投票结果: 选择路径 0, 答案: 42, 置信度: 0.7
2025-08-09 00:00:10,340 - INFO - 投票结果: 选择路径 1, 答案: 55, 置信度: 0.8
2025-08-09 00:00:10,341 - INFO - 投票结果: 选择路径 0, 答案: 90, 置信度: 0.9
2025-08-09 00:00:10,342 - INFO - 投票结果: 选择路径 0, 答案: 75, 置信度: 0.9
2025-08-09 00:00:10,343 - INFO - 投票结果: 选择路径 0, 答案: 10, 置信度: 1.0
2025-08-09 00:00:10,344 - INFO - 投票结果: 选择路径 0, 答案: 70, 置信度: 1.0
2025-08-09 00:00:10,345 - INFO - 投票结果: 选择路径 0, 答案: 4, 置信度: 0.4
2025-08-09 00:00:10,346 - INFO - 投票结果: 选择路径 0, 答案: 2450, 置信度: 0.8
2025-08-09 00:00:10,347 - INFO - 投票结果: 选择路径 2, 答案: 20, 置信度: 0.3
2025-08-09 00:00:10,348 - INFO - 投票结果: 选择路径 0, 答案: 372000, 置信度: 0.5
2025-08-09 00:00:10,349 - INFO - 投票结果: 选择路径 0, 答案: 38, 置信度: 0.9
2025-08-09 00:00:10,350 - INFO - 投票结果: 选择路径 0, 答案: 300, 置信度: 0.9
2025-08-09 00:00:10,351 - INFO - 投票结果: 选择路径 0, 答案: 75, 置信度: 0.9
2025-08-09 00:00:10,352 - INFO - 投票结果: 选择路径 0, 答案: 1800, 置信度: 0.4
2025-08-09 00:00:10,353 - INFO - 投票结果: 选择路径 0, 答案: 18, 置信度: 0.8
2025-08-09 00:00:10,354 - INFO - 投票结果: 选择路径 1, 答案: 9500, 置信度: 0.7
2025-08-09 00:00:10,355 - INFO - 投票结果: 选择路径 0, 答案: 7, 置信度: 1.0
2025-08-09 00:00:10,356 - INFO - 投票结果: 选择路径 0, 答案: 336, 置信度: 1.0
2025-08-09 00:00:10,357 - INFO - 投票结果: 选择路径 1, 答案: 92, 置信度: 0.2
2025-08-09 00:00:10,358 - INFO - 投票结果: 选择路径 0, 答案: 78, 置信度: 1.0
2025-08-09 00:00:10,360 - INFO - 投票结果: 选择路径 1, 答案: 155, 置信度: 0.3
2025-08-09 00:00:10,361 - INFO - 投票结果: 选择路径 0, 答案: 15, 置信度: 0.6
2025-08-09 00:00:10,362 - INFO - 投票结果: 选择路径 0, 答案: 375, 置信度: 0.9
2025-08-09 00:00:10,363 - INFO - 投票结果: 选择路径 0, 答案: 54, 置信度: 0.6
2025-08-09 00:00:10,364 - INFO - 投票结果: 选择路径 0, 答案: 6400, 置信度: 0.7
2025-08-09 00:00:10,365 - INFO - 投票结果: 选择路径 2, 答案: 14, 置信度: 0.4
2025-08-09 00:00:10,366 - INFO - 投票结果: 选择路径 0, 答案: 7, 置信度: 0.6
2025-08-09 00:00:10,367 - INFO - 投票结果: 选择路径 0, 答案: 100, 置信度: 0.9
2025-08-09 00:00:10,368 - INFO - 投票结果: 选择路径 0, 答案: 450, 置信度: 1.0
2025-08-09 00:00:10,369 - INFO - 投票结果: 选择路径 2, 答案: 5800, 置信度: 0.2
2025-08-09 00:00:10,370 - INFO - 投票结果: 选择路径 1, 答案: 18, 置信度: 0.2
2025-08-09 00:00:10,371 - INFO - 投票结果: 选择路径 0, 答案: 6, 置信度: 0.9
2025-08-09 00:00:10,372 - INFO - 投票结果: 选择路径 2, 答案: 1200, 置信度: 0.7
2025-08-09 00:00:10,373 - INFO - 投票结果: 选择路径 0, 答案: 24, 置信度: 0.8
2025-08-09 00:00:10,374 - INFO - 投票结果: 选择路径 2, 答案: 28, 置信度: 0.3
2025-08-09 00:00:10,375 - INFO - 投票结果: 选择路径 3, 答案: 28.33, 置信度: 0.3
2025-08-09 00:00:10,376 - INFO - 投票结果: 选择路径 1, 答案: 230, 置信度: 0.7
2025-08-09 00:00:10,377 - INFO - 投票结果: 选择路径 0, 答案: 11.43, 置信度: 0.6
2025-08-09 00:00:10,378 - INFO - 投票结果: 选择路径 1, 答案: 40, 置信度: 0.5
2025-08-09 00:00:10,379 - INFO - 投票结果: 选择路径 0, 答案: 14, 置信度: 0.8
2025-08-09 00:00:10,380 - INFO - 投票结果: 选择路径 0, 答案: 20, 置信度: 1.0
2025-08-09 00:00:10,381 - INFO - 投票结果: 选择路径 2, 答案: 240, 置信度: 0.5
2025-08-09 00:00:10,382 - INFO - 投票结果: 选择路径 0, 答案: 3, 置信度: 0.9
2025-08-09 00:00:10,383 - INFO - 投票结果: 选择路径 2, 答案: 162, 置信度: 0.3
2025-08-09 00:00:10,384 - INFO - 投票结果: 选择路径 0, 答案: 64, 置信度: 0.7
2025-08-09 00:00:10,385 - INFO - 投票结果: 选择路径 0, 答案: 48, 置信度: 1.0
2025-08-09 00:00:10,386 - INFO - 投票结果: 选择路径 0, 答案: 4, 置信度: 1.0
2025-08-09 00:00:10,387 - INFO - 投票结果: 选择路径 3, 答案: 14, 置信度: 0.7
2025-08-09 00:00:10,388 - INFO - 投票结果: 选择路径 0, 答案: 5600, 置信度: 0.5
2025-08-09 00:00:10,389 - INFO - 投票结果: 选择路径 1, 答案: 15, 置信度: 0.3
2025-08-09 00:00:10,390 - INFO - 投票结果: 选择路径 0, 答案: 144, 置信度: 0.4
2025-08-09 00:00:10,391 - INFO - 投票结果: 选择路径 1, 答案: 560, 置信度: 0.4
2025-08-09 00:00:10,392 - INFO - 投票结果: 选择路径 0, 答案: 428, 置信度: 0.8
2025-08-09 00:00:10,393 - INFO - 投票结果: 选择路径 0, 答案: 665, 置信度: 1.0
2025-08-09 00:00:10,394 - INFO - 投票结果: 选择路径 2, 答案: 7500, 置信度: 0.3
2025-08-09 00:00:10,395 - INFO - 投票结果: 选择路径 0, 答案: 2.5, 置信度: 0.6
2025-08-09 00:00:10,396 - INFO - 投票结果: 选择路径 5, 答案: 90, 置信度: 0.3
2025-08-09 00:00:10,397 - INFO - 投票结果: 选择路径 0, 答案: 570, 置信度: 1.0
2025-08-09 00:00:10,398 - INFO - 投票结果: 选择路径 0, 答案: 5, 置信度: 1.0
2025-08-09 00:00:10,399 - INFO - 投票结果: 选择路径 1, 答案: 86, 置信度: 0.5
2025-08-09 00:00:10,400 - INFO - 投票结果: 选择路径 0, 答案: 160, 置信度: 1.0
2025-08-09 00:00:10,401 - INFO - 投票结果: 选择路径 0, 答案: 6, 置信度: 1.0
2025-08-09 00:00:10,402 - INFO - 投票结果: 选择路径 0, 答案: 6000, 置信度: 0.9
2025-08-09 00:00:10,403 - INFO - 投票结果: 选择路径 0, 答案: 800, 置信度: 0.8
2025-08-09 00:00:10,404 - INFO - 投票结果: 选择路径 1, 答案: 1, 置信度: 0.7
2025-08-09 00:00:10,405 - INFO - 投票结果: 选择路径 0, 答案: 4, 置信度: 0.5
2025-08-09 00:00:10,406 - INFO - 投票结果: 选择路径 1, 答案: 31, 置信度: 0.6
2025-08-09 00:00:10,407 - INFO - 投票结果: 选择路径 0, 答案: 276000, 置信度: 1.0
2025-08-09 00:00:10,408 - INFO - 投票结果: 选择路径 2, 答案: 482, 置信度: 0.4
2025-08-09 00:00:10,409 - INFO - 投票结果: 选择路径 0, 答案: 100, 置信度: 1.0
2025-08-09 00:00:10,411 - INFO - 投票结果: 选择路径 0, 答案: 21, 置信度: 1.0
2025-08-09 00:00:10,412 - INFO - 投票结果: 选择路径 0, 答案: 40, 置信度: 1.0
2025-08-09 00:00:10,413 - INFO - 投票结果: 选择路径 0, 答案: 180000, 置信度: 1.0
2025-08-09 00:00:10,414 - INFO - 投票结果: 选择路径 0, 答案: 14, 置信度: 1.0
2025-08-09 00:00:10,415 - INFO - 投票结果: 选择路径 0, 答案: 54, 置信度: 0.9
2025-08-09 00:00:10,416 - INFO - 投票结果: 选择路径 3, 答案: 5, 置信度: 0.5
2025-08-09 00:00:10,417 - INFO - 投票结果: 选择路径 1, 答案: 48, 置信度: 0.7
2025-08-09 00:00:10,418 - INFO - 投票结果: 选择路径 1, 答案: 390, 置信度: 0.5
2025-08-09 00:00:10,419 - INFO - 投票结果: 选择路径 0, 答案: 22, 置信度: 1.0
2025-08-09 00:00:10,420 - INFO - 投票结果: 选择路径 0, 答案: 12, 置信度: 0.6
2025-08-09 00:00:10,421 - INFO - 投票结果: 选择路径 0, 答案: 18000, 置信度: 1.0
2025-08-09 00:00:10,422 - INFO - 投票结果: 选择路径 0, 答案: 8642, 置信度: 0.5
2025-08-09 00:00:10,423 - INFO - 投票结果: 选择路径 0, 答案: 10, 置信度: 0.9
2025-08-09 00:00:10,424 - INFO - 投票结果: 选择路径 0, 答案: 27, 置信度: 0.5
2025-08-09 00:00:10,425 - INFO - 投票结果: 选择路径 0, 答案: 22, 置信度: 1.0
2025-08-09 00:00:10,426 - INFO - 投票结果: 选择路径 1, 答案: 61, 置信度: 0.5
2025-08-09 00:00:10,427 - INFO - 投票结果: 选择路径 0, 答案: 10, 置信度: 0.8
2025-08-09 00:00:10,428 - INFO - 投票结果: 选择路径 0, 答案: 15, 置信度: 0.6
2025-08-09 00:00:10,429 - INFO - 投票结果: 选择路径 0, 答案: 14, 置信度: 1.0
2025-08-09 00:00:10,430 - INFO - 投票结果: 选择路径 0, 答案: 14, 置信度: 1.0
2025-08-09 00:00:10,431 - INFO - 投票结果: 选择路径 0, 答案: 4, 置信度: 1.0
2025-08-09 00:00:10,432 - INFO - 投票结果: 选择路径 0, 答案: 3000, 置信度: 0.6
2025-08-09 00:00:10,433 - INFO - 投票结果: 选择路径 1, 答案: 3, 置信度: 0.3
2025-08-09 00:00:10,434 - INFO - 投票结果: 选择路径 0, 答案: 374, 置信度: 0.3
2025-08-09 00:00:10,435 - INFO - 投票结果: 选择路径 0, 答案: 1080, 置信度: 0.8
2025-08-09 00:00:10,436 - INFO - 投票结果: 选择路径 1, 答案: 84, 置信度: 0.6
2025-08-09 00:00:10,437 - INFO - 投票结果: 选择路径 0, 答案: 91, 置信度: 1.0
2025-08-09 00:00:10,438 - INFO - 投票结果: 选择路径 0, 答案: 18, 置信度: 0.9
2025-08-09 00:00:10,439 - INFO - 投票结果: 选择路径 0, 答案: 180, 置信度: 1.0
2025-08-09 00:00:10,440 - INFO - 投票结果: 选择路径 1, 答案: 350, 置信度: 0.4
2025-08-09 00:00:10,441 - INFO - 投票结果: 选择路径 1, 答案: 6, 置信度: 0.5
2025-08-09 00:00:10,442 - INFO - 投票结果: 选择路径 1, 答案: 129200, 置信度: 0.9
2025-08-09 00:00:10,443 - INFO - 投票结果: 选择路径 0, 答案: 10, 置信度: 1.0
2025-08-09 00:00:10,444 - INFO - 投票结果: 选择路径 0, 答案: 14, 置信度: 1.0
2025-08-09 00:00:10,445 - INFO - 投票结果: 选择路径 0, 答案: 12, 置信度: 1.0
2025-08-09 00:00:10,446 - INFO - 投票结果: 选择路径 1, 答案: 68, 置信度: 0.7
2025-08-09 00:00:10,447 - INFO - 投票结果: 选择路径 0, 答案: 58, 置信度: 0.9
2025-08-09 00:00:10,448 - INFO - 投票结果: 选择路径 0, 答案: 40, 置信度: 0.8
2025-08-09 00:00:10,449 - INFO - 投票结果: 选择路径 0, 答案: 132, 置信度: 1.0
2025-08-09 00:00:10,450 - INFO - 投票结果: 选择路径 0, 答案: 120, 置信度: 1.0
2025-08-09 00:00:10,451 - INFO - 投票结果: 选择路径 0, 答案: 120, 置信度: 1.0
2025-08-09 00:00:10,452 - INFO - 投票结果: 选择路径 0, 答案: 120, 置信度: 0.8
2025-08-09 00:00:10,453 - INFO - 投票结果: 选择路径 0, 答案: 15, 置信度: 1.0
2025-08-09 00:00:10,454 - INFO - 投票结果: 选择路径 0, 答案: 576, 置信度: 1.0
2025-08-09 00:00:10,455 - INFO - 投票结果: 选择路径 0, 答案: 5, 置信度: 0.9
2025-08-09 00:00:10,456 - INFO - 投票结果: 选择路径 0, 答案: 20, 置信度: 1.0
2025-08-09 00:00:10,457 - INFO - 投票结果: 选择路径 0, 答案: 40, 置信度: 0.9
2025-08-09 00:00:10,458 - INFO - 投票结果: 选择路径 0, 答案: 23, 置信度: 1.0
2025-08-09 00:00:10,459 - INFO - 投票结果: 选择路径 0, 答案: 156, 置信度: 0.9
2025-08-09 00:00:10,460 - INFO - 投票结果: 选择路径 0, 答案: 280, 置信度: 0.8
2025-08-09 00:00:10,461 - INFO - 投票结果: 选择路径 0, 答案: 1, 置信度: 0.3
2025-08-09 00:00:10,462 - INFO - 投票结果: 选择路径 0, 答案: 2, 置信度: 1.0
2025-08-09 00:00:10,463 - INFO - 投票结果: 选择路径 0, 答案: 120, 置信度: 0.9
2025-08-09 00:00:10,464 - INFO - 投票结果: 选择路径 0, 答案: 52, 置信度: 0.2
2025-08-09 00:00:10,465 - INFO - 投票结果: 选择路径 0, 答案: 15, 置信度: 1.0
2025-08-09 00:00:10,466 - INFO - 投票结果: 选择路径 0, 答案: 9, 置信度: 1.0
2025-08-09 00:00:10,467 - INFO - 投票结果: 选择路径 0, 答案: 75, 置信度: 0.3
2025-08-09 00:00:10,468 - INFO - 投票结果: 选择路径 0, 答案: 20, 置信度: 0.9
2025-08-09 00:00:10,469 - INFO - 投票结果: 选择路径 0, 答案: 30, 置信度: 0.8
2025-08-09 00:00:10,470 - INFO - 投票结果: 选择路径 0, 答案: 80, 置信度: 0.7
2025-08-09 00:00:10,471 - INFO - 投票结果: 选择路径 0, 答案: 5, 置信度: 1.0
2025-08-09 00:00:10,472 - INFO - 投票结果: 选择路径 0, 答案: 5, 置信度: 0.9
2025-08-09 00:00:10,473 - INFO - 投票结果: 选择路径 0, 答案: 80, 置信度: 1.0
2025-08-09 00:00:10,474 - INFO - 投票结果: 选择路径 0, 答案: 38, 置信度: 0.9
2025-08-09 00:00:10,475 - INFO - 投票结果: 选择路径 0, 答案: 42, 置信度: 0.7
2025-08-09 00:00:10,476 - INFO - 投票结果: 选择路径 0, 答案: 3, 置信度: 1.0
2025-08-09 00:00:10,477 - INFO - 投票结果: 选择路径 0, 答案: 50, 置信度: 1.0
2025-08-09 00:00:10,478 - INFO - 投票结果: 选择路径 0, 答案: 17, 置信度: 1.0
2025-08-09 00:00:10,479 - INFO - 投票结果: 选择路径 2, 答案: 25, 置信度: 0.4
2025-08-09 00:00:10,480 - INFO - 投票结果: 选择路径 0, 答案: 20, 置信度: 0.7
2025-08-09 00:00:10,481 - INFO - 投票结果: 选择路径 2, 答案: 170, 置信度: 0.3
2025-08-09 00:00:10,482 - INFO - 投票结果: 选择路径 2, 答案: 3, 置信度: 0.3
2025-08-09 00:00:10,483 - INFO - 投票结果: 选择路径 0, 答案: 45, 置信度: 0.9
2025-08-09 00:00:10,484 - INFO - 投票结果: 选择路径 1, 答案: 11, 置信度: 0.5
2025-08-09 00:00:10,485 - INFO - 投票结果: 选择路径 0, 答案: 10, 置信度: 1.0
2025-08-09 00:00:10,486 - INFO - 投票结果: 选择路径 0, 答案: 318, 置信度: 0.8
2025-08-09 00:00:10,487 - INFO - 投票结果: 选择路径 0, 答案: 92, 置信度: 0.6
2025-08-09 00:00:10,488 - INFO - 投票结果: 选择路径 0, 答案: 70, 置信度: 1.0
2025-08-09 00:00:10,489 - INFO - 投票结果: 选择路径 2, 答案: 74, 置信度: 0.5
2025-08-09 00:00:10,490 - INFO - 投票结果: 选择路径 0, 答案: 1509, 置信度: 0.6
2025-08-09 00:00:10,491 - INFO - 投票结果: 选择路径 0, 答案: 2, 置信度: 0.9
2025-08-09 00:00:10,492 - INFO - 投票结果: 选择路径 0, 答案: 1, 置信度: 1.0
2025-08-09 00:00:10,493 - INFO - 投票结果: 选择路径 0, 答案: 1170, 置信度: 1.0
2025-08-09 00:00:10,494 - INFO - 投票结果: 选择路径 0, 答案: 28, 置信度: 0.9
2025-08-09 00:00:10,495 - INFO - 投票结果: 选择路径 0, 答案: 20, 置信度: 0.5
2025-08-09 00:00:10,496 - INFO - 投票结果: 选择路径 0, 答案: 20, 置信度: 1.0
2025-08-09 00:00:10,497 - INFO - 投票结果: 选择路径 1, 答案: 65960, 置信度: 0.4
2025-08-09 00:00:10,498 - INFO - 投票结果: 选择路径 0, 答案: 16, 置信度: 0.3
2025-08-09 00:00:10,499 - INFO - 投票结果: 选择路径 0, 答案: 575, 置信度: 1.0
2025-08-09 00:00:10,500 - INFO - 投票结果: 选择路径 0, 答案: 60, 置信度: 0.9
2025-08-09 00:00:10,502 - INFO - 投票结果: 选择路径 0, 答案: 42, 置信度: 0.7
2025-08-09 00:00:10,503 - INFO - 投票结果: 选择路径 1, 答案: 22, 置信度: 0.3
2025-08-09 00:00:10,504 - INFO - 投票结果: 选择路径 0, 答案: 71, 置信度: 0.6
2025-08-09 00:00:10,505 - INFO - 投票结果: 选择路径 0, 答案: 70, 置信度: 0.8
2025-08-09 00:00:10,506 - INFO - 投票结果: 选择路径 3, 答案: 25, 置信度: 0.6
2025-08-09 00:00:10,507 - INFO - 投票结果: 选择路径 0, 答案: 160, 置信度: 0.8
2025-08-09 00:00:10,508 - INFO - 投票结果: 选择路径 0, 答案: 398, 置信度: 0.8
2025-08-09 00:00:10,509 - INFO - 投票结果: 选择路径 0, 答案: 5, 置信度: 1.0
2025-08-09 00:00:10,510 - INFO - 投票结果: 选择路径 0, 答案: 42000, 置信度: 0.8
2025-08-09 00:00:10,511 - INFO - 投票结果: 选择路径 0, 答案: 39, 置信度: 0.7
2025-08-09 00:00:10,512 - INFO - 投票结果: 选择路径 0, 答案: 10, 置信度: 0.8
2025-08-09 00:00:10,513 - INFO - 投票结果: 选择路径 1, 答案: 5, 置信度: 0.2
2025-08-09 00:00:10,514 - INFO - 投票结果: 选择路径 0, 答案: 40, 置信度: 0.7
2025-08-09 00:00:10,515 - INFO - 投票结果: 选择路径 0, 答案: 100, 置信度: 0.9
2025-08-09 00:00:10,516 - INFO - 投票结果: 选择路径 0, 答案: 60, 置信度: 1.0
2025-08-09 00:00:10,517 - INFO - 投票结果: 选择路径 0, 答案: 100, 置信度: 1.0
2025-08-09 00:00:10,518 - INFO - 投票结果: 选择路径 0, 答案: 72, 置信度: 0.9
2025-08-09 00:00:10,519 - INFO - 投票结果: 选择路径 0, 答案: 20, 置信度: 1.0
2025-08-09 00:00:10,520 - INFO - 投票结果: 选择路径 0, 答案: 6277, 置信度: 0.9
2025-08-09 00:00:10,521 - INFO - 投票结果: 选择路径 1, 答案: 21, 置信度: 0.4
2025-08-09 00:00:10,522 - INFO - 投票结果: 选择路径 0, 答案: 26, 置信度: 1.0
2025-08-09 00:00:10,523 - INFO - 投票结果: 选择路径 4, 答案: 4, 置信度: 0.2
2025-08-09 00:00:10,524 - INFO - 投票结果: 选择路径 0, 答案: 12, 置信度: 1.0
2025-08-09 00:00:10,525 - INFO - 投票结果: 选择路径 0, 答案: 212.5, 置信度: 0.1
2025-08-09 00:00:10,526 - INFO - 投票结果: 选择路径 1, 答案: 16, 置信度: 0.5
2025-08-09 00:00:10,527 - INFO - 投票结果: 选择路径 0, 答案: 32, 置信度: 1.0
2025-08-09 00:00:10,528 - INFO - 投票结果: 选择路径 0, 答案: 20, 置信度: 0.9
2025-08-09 00:00:10,529 - INFO - 投票结果: 选择路径 0, 答案: 20, 置信度: 0.9
2025-08-09 00:00:10,530 - INFO - 投票结果: 选择路径 0, 答案: 320, 置信度: 1.0
2025-08-09 00:00:10,531 - INFO - 投票结果: 选择路径 0, 答案: 77, 置信度: 1.0
2025-08-09 00:00:10,533 - INFO - 投票结果: 选择路径 0, 答案: 9, 置信度: 0.7
2025-08-09 00:00:10,534 - INFO - 投票结果: 选择路径 0, 答案: 1, 置信度: 0.6
2025-08-09 00:00:10,535 - INFO - 投票结果: 选择路径 0, 答案: 1248, 置信度: 0.7
2025-08-09 00:00:10,536 - INFO - 投票结果: 选择路径 0, 答案: 15, 置信度: 0.9
2025-08-09 00:00:10,537 - INFO - 投票结果: 选择路径 0, 答案: 16, 置信度: 1.0
2025-08-09 00:00:10,538 - INFO - 投票结果: 选择路径 0, 答案: 2, 置信度: 1.0
2025-08-09 00:00:10,539 - INFO - 投票结果: 选择路径 0, 答案: 46, 置信度: 0.4
2025-08-09 00:00:10,540 - INFO - 投票结果: 选择路径 0, 答案: 60, 置信度: 0.9
2025-08-09 00:00:10,541 - INFO - 投票结果: 选择路径 0, 答案: 315, 置信度: 0.3
2025-08-09 00:00:10,542 - INFO - 投票结果: 选择路径 0, 答案: 84, 置信度: 0.7
2025-08-09 00:00:10,543 - INFO - 投票结果: 选择路径 0, 答案: 80, 置信度: 0.2
2025-08-09 00:00:10,544 - INFO - 投票结果: 选择路径 0, 答案: 300, 置信度: 1.0
2025-08-09 00:00:10,545 - INFO - 投票结果: 选择路径 0, 答案: 50, 置信度: 1.0
2025-08-09 00:00:10,546 - INFO - 投票结果: 选择路径 1, 答案: 14, 置信度: 0.9
2025-08-09 00:00:10,547 - INFO - 投票结果: 选择路径 7, 答案: 291, 置信度: 0.3
2025-08-09 00:00:10,548 - INFO - 投票结果: 选择路径 0, 答案: 12, 置信度: 1.0
2025-08-09 00:00:10,549 - INFO - 投票结果: 选择路径 0, 答案: 1240, 置信度: 1.0
2025-08-09 00:00:10,551 - INFO - 投票结果: 选择路径 0, 答案: 8, 置信度: 1.0
2025-08-09 00:00:10,552 - INFO - 投票结果: 选择路径 0, 答案: 83, 置信度: 0.2
2025-08-09 00:00:10,553 - INFO - 投票结果: 选择路径 3, 答案: 2, 置信度: 0.5
2025-08-09 00:00:10,554 - INFO - 投票结果: 选择路径 0, 答案: 2, 置信度: 1.0
2025-08-09 00:00:10,555 - INFO - 投票结果: 选择路径 2, 答案: 268, 置信度: 0.2
2025-08-09 00:00:10,556 - INFO - 投票结果: 选择路径 0, 答案: 160, 置信度: 1.0
2025-08-09 00:00:10,557 - INFO - 投票结果: 选择路径 0, 答案: 1128, 置信度: 0.4
2025-08-09 00:00:10,558 - INFO - 投票结果: 选择路径 0, 答案: 6250, 置信度: 1.0
2025-08-09 00:00:10,559 - INFO - 投票结果: 选择路径 0, 答案: 5, 置信度: 1.0
2025-08-09 00:00:10,560 - INFO - 投票结果: 选择路径 1, 答案: 500, 置信度: 0.9
2025-08-09 00:00:10,561 - INFO - 投票结果: 选择路径 4, 答案: 6, 置信度: 0.3
2025-08-09 00:00:10,562 - INFO - 投票结果: 选择路径 0, 答案: 34, 置信度: 1.0
2025-08-09 00:00:10,563 - INFO - 投票结果: 选择路径 0, 答案: 60, 置信度: 0.9
2025-08-09 00:00:10,565 - INFO - 投票结果: 选择路径 0, 答案: 9, 置信度: 0.4
2025-08-09 00:00:10,566 - INFO - 投票结果: 选择路径 0, 答案: 56, 置信度: 0.6
2025-08-09 00:00:10,567 - INFO - 投票结果: 选择路径 0, 答案: 74, 置信度: 1.0
2025-08-09 00:00:10,568 - INFO - 投票结果: 选择路径 1, 答案: 5, 置信度: 0.8
2025-08-09 00:00:10,569 - INFO - 投票结果: 选择路径 0, 答案: 600, 置信度: 0.9
2025-08-09 00:00:10,570 - INFO - 投票结果: 选择路径 0, 答案: 10, 置信度: 0.4
2025-08-09 00:00:10,571 - INFO - 投票结果: 选择路径 0, 答案: 23, 置信度: 1.0
2025-08-09 00:00:10,572 - INFO - 投票结果: 选择路径 0, 答案: 20, 置信度: 1.0
2025-08-09 00:00:10,573 - INFO - 投票结果: 选择路径 1, 答案: 80, 置信度: 0.7
2025-08-09 00:00:10,574 - INFO - 投票结果: 选择路径 0, 答案: 43, 置信度: 0.9
2025-08-09 00:00:10,575 - INFO - 投票结果: 选择路径 0, 答案: 720, 置信度: 1.0
2025-08-09 00:00:10,576 - INFO - 投票结果: 选择路径 0, 答案: 4, 置信度: 1.0
2025-08-09 00:00:10,577 - INFO - 投票结果: 选择路径 0, 答案: 9, 置信度: 1.0
2025-08-09 00:00:10,578 - INFO - 投票结果: 选择路径 1, 答案: 40, 置信度: 0.6
2025-08-09 00:00:10,579 - INFO - 投票结果: 选择路径 0, 答案: 8, 置信度: 1.0
2025-08-09 00:00:10,580 - INFO - 投票结果: 选择路径 0, 答案: 16, 置信度: 0.7
2025-08-09 00:00:10,581 - INFO - 投票结果: 选择路径 0, 答案: 4, 置信度: 0.3
2025-08-09 00:00:10,582 - INFO - 投票结果: 选择路径 0, 答案: 47, 置信度: 0.9
2025-08-09 00:00:10,583 - INFO - 投票结果: 选择路径 1, 答案: 240000, 置信度: 0.7
2025-08-09 00:00:10,584 - INFO - 投票结果: 选择路径 0, 答案: 14, 置信度: 0.7
2025-08-09 00:00:10,585 - INFO - 投票结果: 选择路径 0, 答案: 26, 置信度: 0.9
2025-08-09 00:00:10,586 - INFO - 投票结果: 选择路径 0, 答案: 2.67, 置信度: 0.4
2025-08-09 00:00:10,587 - INFO - 投票结果: 选择路径 1, 答案: 25, 置信度: 0.5
2025-08-09 00:00:10,588 - INFO - 投票结果: 选择路径 0, 答案: 5, 置信度: 0.8
2025-08-09 00:00:10,589 - INFO - 投票结果: 选择路径 0, 答案: 5, 置信度: 1.0
2025-08-09 00:00:10,590 - INFO - 投票结果: 选择路径 1, 答案: 260, 置信度: 0.5
2025-08-09 00:00:10,591 - INFO - 投票结果: 选择路径 0, 答案: 67, 置信度: 0.9
2025-08-09 00:00:10,592 - INFO - 投票结果: 选择路径 0, 答案: 144, 置信度: 0.9
2025-08-09 00:00:10,593 - INFO - 投票结果: 选择路径 0, 答案: 75, 置信度: 1.0
2025-08-09 00:00:10,594 - INFO - 投票结果: 选择路径 0, 答案: 3, 置信度: 1.0
2025-08-09 00:00:10,595 - INFO - 投票结果: 选择路径 0, 答案: 4, 置信度: 1.0
2025-08-09 00:00:10,596 - INFO - 投票结果: 选择路径 0, 答案: 2000, 置信度: 1.0
2025-08-09 00:00:10,597 - INFO - 投票结果: 选择路径 1, 答案: 68, 置信度: 0.7
2025-08-09 00:00:10,598 - INFO - 投票结果: 选择路径 0, 答案: 8, 置信度: 1.0
2025-08-09 00:00:10,599 - INFO - 投票结果: 选择路径 0, 答案: 100, 置信度: 1.0
2025-08-09 00:00:10,600 - INFO - 投票结果: 选择路径 0, 答案: 60, 置信度: 0.6
2025-08-09 00:00:10,601 - INFO - 投票结果: 选择路径 0, 答案: 460, 置信度: 1.0
2025-08-09 00:00:10,602 - INFO - 投票结果: 选择路径 2, 答案: 10, 置信度: 0.6
2025-08-09 00:00:10,603 - INFO - 投票结果: 选择路径 0, 答案: 750, 置信度: 1.0
2025-08-09 00:00:10,604 - INFO - 投票结果: 选择路径 0, 答案: 255, 置信度: 0.7
2025-08-09 00:00:10,605 - INFO - 投票结果: 选择路径 0, 答案: 240, 置信度: 0.8
2025-08-09 00:00:10,606 - INFO - 投票结果: 选择路径 0, 答案: 50, 置信度: 1.0
2025-08-09 00:00:10,607 - INFO - 投票结果: 选择路径 0, 答案: 60000, 置信度: 1.0
2025-08-09 00:00:10,609 - INFO - 投票结果: 选择路径 0, 答案: 97, 置信度: 0.7
2025-08-09 00:00:10,610 - INFO - 投票结果: 选择路径 3, 答案: 48, 置信度: 0.3
2025-08-09 00:00:10,611 - INFO - 投票结果: 选择路径 3, 答案: 225, 置信度: 0.4
2025-08-09 00:00:10,612 - INFO - 投票结果: 选择路径 0, 答案: 13, 置信度: 0.9
2025-08-09 00:00:10,613 - INFO - 投票结果: 选择路径 0, 答案: 4, 置信度: 0.6
2025-08-09 00:00:10,614 - INFO - 投票结果: 选择路径 0, 答案: 260, 置信度: 0.4
2025-08-09 00:00:10,615 - INFO - 投票结果: 选择路径 0, 答案: 540, 置信度: 0.7
2025-08-09 00:00:10,616 - INFO - 投票结果: 选择路径 0, 答案: 104, 置信度: 0.9
2025-08-09 00:00:10,617 - INFO - 投票结果: 选择路径 0, 答案: 27, 置信度: 0.8
2025-08-09 00:00:10,618 - INFO - 投票结果: 选择路径 0, 答案: 75, 置信度: 1.0
2025-08-09 00:00:10,619 - INFO - 投票结果: 选择路径 0, 答案: 252, 置信度: 0.2
2025-08-09 00:00:10,620 - INFO - 投票结果: 选择路径 1, 答案: 120, 置信度: 0.4
2025-08-09 00:00:10,621 - INFO - 投票结果: 选择路径 0, 答案: 348, 置信度: 0.7
2025-08-09 00:00:10,622 - INFO - 投票结果: 选择路径 0, 答案: 15, 置信度: 0.9
2025-08-09 00:00:10,623 - INFO - 投票结果: 选择路径 0, 答案: 267, 置信度: 0.5
2025-08-09 00:00:10,624 - INFO - 投票结果: 选择路径 1, 答案: 11, 置信度: 0.3
2025-08-09 00:00:10,625 - INFO - 投票结果: 选择路径 0, 答案: 85000, 置信度: 0.9
2025-08-09 00:00:10,627 - INFO - 投票结果: 选择路径 4, 答案: 20, 置信度: 0.3
2025-08-09 00:00:10,628 - INFO - 投票结果: 选择路径 2, 答案: 19, 置信度: 0.4
2025-08-09 00:00:10,629 - INFO - 投票结果: 选择路径 0, 答案: 18, 置信度: 1.0
2025-08-09 00:00:10,630 - INFO - 投票结果: 选择路径 0, 答案: 3, 置信度: 0.9
2025-08-09 00:00:10,631 - INFO - 投票结果: 选择路径 0, 答案: 12, 置信度: 1.0
2025-08-09 00:00:10,632 - INFO - 投票结果: 选择路径 0, 答案: 160000, 置信度: 0.7
2025-08-09 00:00:10,633 - INFO - 投票结果: 选择路径 0, 答案: 50, 置信度: 0.9
2025-08-09 00:00:10,634 - INFO - 投票结果: 选择路径 0, 答案: 76, 置信度: 1.0
2025-08-09 00:00:10,635 - INFO - 投票结果: 选择路径 0, 答案: 10, 置信度: 1.0
2025-08-09 00:00:10,636 - INFO - 投票结果: 选择路径 0, 答案: 17, 置信度: 0.6
2025-08-09 00:00:10,637 - INFO - 投票结果: 选择路径 0, 答案: 44, 置信度: 1.0
2025-08-09 00:00:10,638 - INFO - 投票结果: 选择路径 3, 答案: 76, 置信度: 0.5
2025-08-09 00:00:10,639 - INFO - 投票结果: 选择路径 0, 答案: 3, 置信度: 1.0
2025-08-09 00:00:10,640 - INFO - 投票结果: 选择路径 0, 答案: 40, 置信度: 0.8
2025-08-09 00:00:10,641 - INFO - 投票结果: 选择路径 0, 答案: 15, 置信度: 0.5
2025-08-09 00:00:10,642 - INFO - 投票结果: 选择路径 0, 答案: 10, 置信度: 0.8
2025-08-09 00:00:10,643 - INFO - 投票结果: 选择路径 1, 答案: 16, 置信度: 0.9
2025-08-09 00:00:10,644 - INFO - 投票结果: 选择路径 0, 答案: 28, 置信度: 0.9
2025-08-09 00:00:10,645 - INFO - 投票结果: 选择路径 0, 答案: 64, 置信度: 1.0
2025-08-09 00:00:10,646 - INFO - 投票结果: 选择路径 0, 答案: 1125, 置信度: 0.9
2025-08-09 00:00:10,647 - INFO - 投票结果: 选择路径 0, 答案: 8, 置信度: 1.0
2025-08-09 00:00:10,648 - INFO - 投票结果: 选择路径 0, 答案: 29, 置信度: 1.0
2025-08-09 00:00:10,649 - INFO - 投票结果: 选择路径 0, 答案: 16, 置信度: 1.0
2025-08-09 00:00:10,650 - INFO - 投票结果: 选择路径 4, 答案: 225, 置信度: 0.4
2025-08-09 00:00:10,651 - INFO - 投票结果: 选择路径 0, 答案: 72, 置信度: 0.7
2025-08-09 00:00:10,652 - INFO - 投票结果: 选择路径 0, 答案: 576, 置信度: 0.9
2025-08-09 00:00:10,653 - INFO - 投票结果: 选择路径 0, 答案: 34, 置信度: 1.0
2025-08-09 00:00:10,654 - INFO - 投票结果: 选择路径 0, 答案: 10, 置信度: 0.9
2025-08-09 00:00:10,655 - INFO - 投票结果: 选择路径 0, 答案: 9, 置信度: 0.9
2025-08-09 00:00:10,656 - INFO - 投票结果: 选择路径 0, 答案: 140, 置信度: 0.8
2025-08-09 00:00:10,657 - INFO - 投票结果: 选择路径 3, 答案: 50, 置信度: 0.2
2025-08-09 00:00:10,658 - INFO - 投票结果: 选择路径 1, 答案: 355, 置信度: 0.3
2025-08-09 00:00:10,659 - INFO - 投票结果: 选择路径 0, 答案: 16, 置信度: 1.0
2025-08-09 00:00:10,660 - INFO - 投票结果: 选择路径 0, 答案: 132, 置信度: 1.0
2025-08-09 00:00:10,661 - INFO - 投票结果: 选择路径 0, 答案: 64, 置信度: 1.0
2025-08-09 00:00:10,662 - INFO - 投票结果: 选择路径 0, 答案: 72, 置信度: 0.6
2025-08-09 00:00:10,663 - INFO - 投票结果: 选择路径 1, 答案: 8, 置信度: 0.6
2025-08-09 00:00:10,664 - INFO - 投票结果: 选择路径 0, 答案: 4, 置信度: 1.0
2025-08-09 00:00:10,665 - INFO - 投票结果: 选择路径 2, 答案: 120, 置信度: 0.6
2025-08-09 00:00:10,666 - INFO - 投票结果: 选择路径 1, 答案: 15, 置信度: 0.7
2025-08-09 00:00:10,667 - INFO - 投票结果: 选择路径 1, 答案: 539, 置信度: 0.7
2025-08-09 00:00:10,668 - INFO - 投票结果: 选择路径 0, 答案: 0, 置信度: 0.2
2025-08-09 00:00:10,669 - INFO - 投票结果: 选择路径 0, 答案: 2, 置信度: 0.9
2025-08-09 00:00:10,670 - INFO - 投票结果: 选择路径 0, 答案: 15, 置信度: 1.0
2025-08-09 00:00:10,671 - INFO - 投票结果: 选择路径 0, 答案: 17, 置信度: 0.4
2025-08-09 00:00:10,673 - INFO - 投票结果: 选择路径 3, 答案: 15, 置信度: 0.3
2025-08-09 00:00:10,674 - INFO - 投票结果: 选择路径 4, 答案: 7425, 置信度: 0.5
2025-08-09 00:00:10,675 - INFO - 投票结果: 选择路径 0, 答案: 8, 置信度: 1.0
2025-08-09 00:00:10,676 - INFO - 投票结果: 选择路径 0, 答案: 6, 置信度: 0.4
2025-08-09 00:00:10,677 - INFO - 投票结果: 选择路径 0, 答案: 100, 置信度: 0.9
2025-08-09 00:00:10,678 - INFO - 投票结果: 选择路径 0, 答案: 36, 置信度: 1.0
2025-08-09 00:00:10,679 - INFO - 投票结果: 选择路径 6, 答案: 20, 置信度: 0.3
2025-08-09 00:00:10,680 - INFO - 投票结果: 选择路径 0, 答案: 32, 置信度: 1.0
2025-08-09 00:00:10,681 - INFO - 投票结果: 选择路径 1, 答案: 45, 置信度: 0.6
2025-08-09 00:00:10,682 - INFO - 投票结果: 选择路径 0, 答案: 27, 置信度: 0.9
2025-08-09 00:00:10,683 - INFO - 投票结果: 选择路径 0, 答案: 7.5, 置信度: 0.7
2025-08-09 00:00:10,684 - INFO - 投票结果: 选择路径 0, 答案: 98, 置信度: 0.9
2025-08-09 00:00:10,685 - INFO - 投票结果: 选择路径 4, 答案: 4, 置信度: 0.5
2025-08-09 00:00:10,686 - INFO - 投票结果: 选择路径 4, 答案: 6, 置信度: 0.3
2025-08-09 00:00:10,687 - INFO - 投票结果: 选择路径 0, 答案: 30, 置信度: 0.8
2025-08-09 00:00:10,688 - INFO - 投票结果: 选择路径 0, 答案: 10, 置信度: 1.0
2025-08-09 00:00:10,689 - INFO - 投票结果: 选择路径 0, 答案: 600, 置信度: 0.2
2025-08-09 00:00:10,690 - INFO - 投票结果: 选择路径 0, 答案: 312, 置信度: 0.9
2025-08-09 00:00:10,691 - INFO - 投票结果: 选择路径 0, 答案: 1375, 置信度: 1.0
2025-08-09 00:00:10,692 - INFO - 投票结果: 选择路径 0, 答案: 8, 置信度: 1.0
2025-08-09 00:00:10,693 - INFO - 投票结果: 选择路径 1, 答案: 25000, 置信度: 0.2
2025-08-09 00:00:10,694 - INFO - 投票结果: 选择路径 0, 答案: 6, 置信度: 1.0
2025-08-09 00:00:10,695 - INFO - 投票结果: 选择路径 0, 答案: 840, 置信度: 1.0
2025-08-09 00:00:10,696 - INFO - 投票结果: 选择路径 1, 答案: 40, 置信度: 0.8
2025-08-09 00:00:10,697 - INFO - 投票结果: 选择路径 1, 答案: 24, 置信度: 0.2
2025-08-09 00:00:10,698 - INFO - 投票结果: 选择路径 0, 答案: 10, 置信度: 1.0
2025-08-09 00:00:10,699 - INFO - 投票结果: 选择路径 1, 答案: 490, 置信度: 0.3
2025-08-09 00:00:10,700 - INFO - 投票结果: 选择路径 0, 答案: 16, 置信度: 0.9
2025-08-09 00:00:10,701 - INFO - 投票结果: 选择路径 0, 答案: 17, 置信度: 1.0
2025-08-09 00:00:10,702 - INFO - 投票结果: 选择路径 0, 答案: 2, 置信度: 1.0
2025-08-09 00:00:10,703 - INFO - 投票结果: 选择路径 0, 答案: 14, 置信度: 0.8
2025-08-09 00:00:10,704 - INFO - 投票结果: 选择路径 1, 答案: 27, 置信度: 0.8
2025-08-09 00:00:10,705 - INFO - 投票结果: 选择路径 0, 答案: 84, 置信度: 1.0
2025-08-09 00:00:10,706 - INFO - 投票结果: 选择路径 1, 答案: 70, 置信度: 0.6
2025-08-09 00:00:10,707 - INFO - 投票结果: 选择路径 0, 答案: 20, 置信度: 1.0
2025-08-09 00:00:10,708 - INFO - 投票结果: 选择路径 2, 答案: 1095, 置信度: 0.2
2025-08-09 00:00:10,709 - INFO - 投票结果: 选择路径 1, 答案: 15, 置信度: 0.3
2025-08-09 00:00:10,710 - INFO - 投票结果: 选择路径 0, 答案: 736, 置信度: 0.6
2025-08-09 00:00:10,711 - INFO - 投票结果: 选择路径 1, 答案: 42, 置信度: 0.7
2025-08-09 00:00:10,713 - INFO - 投票结果: 选择路径 0, 答案: 5, 置信度: 0.4
2025-08-09 00:00:10,714 - INFO - 投票结果: 选择路径 0, 答案: 35, 置信度: 0.3
2025-08-09 00:00:10,715 - INFO - 投票结果: 选择路径 7, 答案: 465, 置信度: 0.2
2025-08-09 00:00:10,716 - INFO - 投票结果: 选择路径 2, 答案: 17, 置信度: 0.3
2025-08-09 00:00:10,718 - INFO - 投票结果: 选择路径 0, 答案: 360, 置信度: 1.0
2025-08-09 00:00:10,719 - INFO - 投票结果: 选择路径 0, 答案: 10800, 置信度: 0.8
2025-08-09 00:00:10,720 - INFO - 投票结果: 选择路径 2, 答案: 144, 置信度: 0.2
2025-08-09 00:00:10,721 - INFO - 投票结果: 选择路径 0, 答案: 112000, 置信度: 0.3
2025-08-09 00:00:10,722 - INFO - 投票结果: 选择路径 2, 答案: 6, 置信度: 0.5
2025-08-09 00:00:10,723 - INFO - 投票结果: 选择路径 0, 答案: 0.33, 置信度: 0.2
2025-08-09 00:00:10,724 - INFO - 投票结果: 选择路径 0, 答案: 88, 置信度: 1.0
2025-08-09 00:00:10,725 - INFO - 投票结果: 选择路径 0, 答案: 12, 置信度: 1.0
2025-08-09 00:00:10,726 - INFO - 投票结果: 选择路径 2, 答案: 7, 置信度: 0.2
2025-08-09 00:00:10,727 - INFO - 投票结果: 选择路径 1, 答案: 16, 置信度: 0.5
2025-08-09 00:00:10,728 - INFO - 投票结果: 选择路径 2, 答案: 2, 置信度: 0.3
2025-08-09 00:00:10,729 - INFO - 投票结果: 选择路径 5, 答案: 50, 置信度: 0.3
2025-08-09 00:00:10,730 - INFO - 投票结果: 选择路径 0, 答案: 6, 置信度: 1.0
2025-08-09 00:00:10,731 - INFO - 投票结果: 选择路径 0, 答案: 4, 置信度: 1.0
2025-08-09 00:00:10,732 - INFO - 投票结果: 选择路径 0, 答案: 20, 置信度: 0.9
2025-08-09 00:00:10,733 - INFO - 投票结果: 选择路径 0, 答案: 800, 置信度: 1.0
2025-08-09 00:00:10,734 - INFO - 投票结果: 选择路径 0, 答案: 1, 置信度: 1.0
2025-08-09 00:00:10,735 - INFO - 投票结果: 选择路径 0, 答案: 50, 置信度: 1.0
2025-08-09 00:00:10,736 - INFO - 投票结果: 选择路径 0, 答案: 72, 置信度: 0.2
2025-08-09 00:00:10,737 - INFO - 投票结果: 选择路径 0, 答案: 7, 置信度: 0.8
2025-08-09 00:00:10,738 - INFO - 投票结果: 选择路径 0, 答案: 63, 置信度: 1.0
2025-08-09 00:00:10,739 - INFO - 投票结果: 选择路径 0, 答案: 9, 置信度: 0.8
2025-08-09 00:00:10,740 - INFO - 投票结果: 选择路径 0, 答案: 42, 置信度: 1.0
2025-08-09 00:00:10,741 - INFO - 投票结果: 选择路径 0, 答案: 5, 置信度: 0.5
2025-08-09 00:00:10,742 - INFO - 投票结果: 选择路径 0, 答案: 240, 置信度: 0.9
2025-08-09 00:00:10,743 - INFO - 投票结果: 选择路径 0, 答案: 1000, 置信度: 0.9
2025-08-09 00:00:10,744 - INFO - 投票结果: 选择路径 0, 答案: 109, 置信度: 0.9
2025-08-09 00:00:10,745 - INFO - 投票结果: 选择路径 0, 答案: 140, 置信度: 0.9
2025-08-09 00:00:10,746 - INFO - 投票结果: 选择路径 0, 答案: 55, 置信度: 1.0
2025-08-09 00:00:10,747 - INFO - 投票结果: 选择路径 0, 答案: 16, 置信度: 1.0
2025-08-09 00:00:10,748 - INFO - 投票结果: 选择路径 0, 答案: 272, 置信度: 0.4
2025-08-09 00:00:10,749 - INFO - 投票结果: 选择路径 0, 答案: 110, 置信度: 0.9
2025-08-09 00:00:10,750 - INFO - 投票结果: 选择路径 0, 答案: 13, 置信度: 1.0
2025-08-09 00:00:10,751 - INFO - 投票结果: 选择路径 1, 答案: 5, 置信度: 0.5
2025-08-09 00:00:10,752 - INFO - 投票结果: 选择路径 0, 答案: 48, 置信度: 0.8
2025-08-09 00:00:10,753 - INFO - 投票结果: 选择路径 0, 答案: 8, 置信度: 1.0
2025-08-09 00:00:10,754 - INFO - 投票结果: 选择路径 0, 答案: 8, 置信度: 0.7
2025-08-09 00:00:10,755 - INFO - 投票结果: 选择路径 0, 答案: 56, 置信度: 1.0
2025-08-09 00:00:10,756 - INFO - 投票结果: 选择路径 0, 答案: 3, 置信度: 0.9
2025-08-09 00:00:10,757 - INFO - 投票结果: 选择路径 0, 答案: 34, 置信度: 0.8
2025-08-09 00:00:10,759 - INFO - 投票结果: 选择路径 0, 答案: 4, 置信度: 0.7
2025-08-09 00:00:10,760 - INFO - 投票结果: 选择路径 0, 答案: 20000, 置信度: 1.0
2025-08-09 00:00:10,761 - INFO - 投票结果: 选择路径 4, 答案: 9, 置信度: 0.4
2025-08-09 00:00:10,762 - INFO - 投票结果: 选择路径 0, 答案: 52, 置信度: 1.0
2025-08-09 00:00:10,763 - INFO - 投票结果: 选择路径 1, 答案: 10, 置信度: 0.6
2025-08-09 00:00:10,764 - INFO - 投票结果: 选择路径 7, 答案: 110000, 置信度: 0.3
2025-08-09 00:00:10,765 - INFO - 投票结果: 选择路径 0, 答案: 45, 置信度: 1.0
2025-08-09 00:00:10,766 - INFO - 投票结果: 选择路径 1, 答案: 1, 置信度: 0.6
2025-08-09 00:00:10,767 - INFO - 投票结果: 选择路径 0, 答案: 5600, 置信度: 1.0
2025-08-09 00:00:10,768 - INFO - 投票结果: 选择路径 0, 答案: 7, 置信度: 1.0
2025-08-09 00:00:10,769 - INFO - 投票结果: 选择路径 0, 答案: 25, 置信度: 1.0
2025-08-09 00:00:10,770 - INFO - 投票结果: 选择路径 0, 答案: -91, 置信度: 0.3
2025-08-09 00:00:10,771 - INFO - 投票结果: 选择路径 0, 答案: 180, 置信度: 0.6
2025-08-09 00:00:10,772 - INFO - 投票结果: 选择路径 1, 答案: 24, 置信度: 0.6
2025-08-09 00:00:10,773 - INFO - 投票结果: 选择路径 0, 答案: 6, 置信度: 0.8
2025-08-09 00:00:10,774 - INFO - 投票结果: 选择路径 0, 答案: 40, 置信度: 0.7
2025-08-09 00:00:10,775 - INFO - 投票结果: 选择路径 0, 答案: -3, 置信度: 1.0
2025-08-09 00:00:10,776 - INFO - 投票结果: 选择路径 0, 答案: 224, 置信度: 0.6
2025-08-09 00:00:10,777 - INFO - 投票结果: 选择路径 0, 答案: 227, 置信度: 1.0
2025-08-09 00:00:10,778 - INFO - 投票结果: 选择路径 0, 答案: 762, 置信度: 1.0
2025-08-09 00:00:10,779 - INFO - 投票结果: 选择路径 0, 答案: 34, 置信度: 0.8
2025-08-09 00:00:10,780 - INFO - 投票结果: 选择路径 0, 答案: 2, 置信度: 0.9
2025-08-09 00:00:10,781 - INFO - 投票结果: 选择路径 0, 答案: 2, 置信度: 1.0
2025-08-09 00:00:10,782 - INFO - 投票结果: 选择路径 0, 答案: 23, 置信度: 0.2
2025-08-09 00:00:10,783 - INFO - 投票结果: 选择路径 0, 答案: 4, 置信度: 1.0
2025-08-09 00:00:10,784 - INFO - 投票结果: 选择路径 0, 答案: 110, 置信度: 0.5
2025-08-09 00:00:10,785 - INFO - 投票结果: 选择路径 0, 答案: 750, 置信度: 0.9
2025-08-09 00:00:10,786 - INFO - 投票结果: 选择路径 2, 答案: 240, 置信度: 0.5
2025-08-09 00:00:10,787 - INFO - 投票结果: 选择路径 1, 答案: 300, 置信度: 0.4
2025-08-09 00:00:10,789 - INFO - 投票结果: 选择路径 0, 答案: 105, 置信度: 0.8
2025-08-09 00:00:10,790 - INFO - 投票结果: 选择路径 0, 答案: 120, 置信度: 0.7
2025-08-09 00:00:10,791 - INFO - 投票结果: 选择路径 0, 答案: 240, 置信度: 0.8
2025-08-09 00:00:10,792 - INFO - 投票结果: 选择路径 0, 答案: 4000, 置信度: 0.7
2025-08-09 00:00:10,793 - INFO - 投票结果: 选择路径 0, 答案: 60, 置信度: 0.8
2025-08-09 00:00:10,794 - INFO - 投票结果: 选择路径 1, 答案: 36, 置信度: 0.7
2025-08-09 00:00:10,795 - INFO - 投票结果: 选择路径 1, 答案: 80, 置信度: 0.7
2025-08-09 00:00:10,796 - INFO - 投票结果: 选择路径 2, 答案: 240, 置信度: 0.4
2025-08-09 00:00:10,797 - INFO - 投票结果: 选择路径 0, 答案: 32, 置信度: 0.8
2025-08-09 00:00:10,798 - INFO - 投票结果: 选择路径 0, 答案: 940, 置信度: 0.8
2025-08-09 00:00:10,799 - INFO - 投票结果: 选择路径 0, 答案: 84, 置信度: 1.0
2025-08-09 00:00:10,800 - INFO - 投票结果: 选择路径 1, 答案: 2, 置信度: 0.9
2025-08-09 00:00:10,801 - INFO - 投票结果: 选择路径 0, 答案: 32, 置信度: 1.0
2025-08-09 00:00:10,802 - INFO - 投票结果: 选择路径 1, 答案: 12, 置信度: 0.6
2025-08-09 00:00:10,803 - INFO - 投票结果: 选择路径 1, 答案: 2, 置信度: 0.5
2025-08-09 00:00:10,804 - INFO - 投票结果: 选择路径 2, 答案: 1, 置信度: 0.3
2025-08-09 00:00:10,805 - INFO - 投票结果: 选择路径 0, 答案: 14, 置信度: 1.0
2025-08-09 00:00:10,806 - INFO - 投票结果: 选择路径 0, 答案: 448, 置信度: 0.8
2025-08-09 00:00:10,807 - INFO - 投票结果: 选择路径 0, 答案: 12, 置信度: 1.0
2025-08-09 00:00:10,808 - INFO - 投票结果: 选择路径 0, 答案: 1110, 置信度: 1.0
2025-08-09 00:00:10,809 - INFO - 投票结果: 选择路径 0, 答案: 2, 置信度: 0.4
2025-08-09 00:00:10,810 - INFO - 投票结果: 选择路径 0, 答案: 6, 置信度: 1.0
2025-08-09 00:00:10,811 - INFO - 投票结果: 选择路径 0, 答案: 28, 置信度: 0.5
2025-08-09 00:00:10,812 - INFO - 投票结果: 选择路径 1, 答案: 72000, 置信度: 0.6
2025-08-09 00:00:10,813 - INFO - 投票结果: 选择路径 0, 答案: 32, 置信度: 1.0
2025-08-09 00:00:10,814 - INFO - 投票结果: 选择路径 1, 答案: 60, 置信度: 0.8
2025-08-09 00:00:10,815 - INFO - 投票结果: 选择路径 0, 答案: 90, 置信度: 0.9
2025-08-09 00:00:10,816 - INFO - 投票结果: 选择路径 0, 答案: 79, 置信度: 0.4
2025-08-09 00:00:10,817 - INFO - 投票结果: 选择路径 0, 答案: 270, 置信度: 1.0
2025-08-09 00:00:10,818 - INFO - 投票结果: 选择路径 3, 答案: 56000, 置信度: 0.4
2025-08-09 00:00:10,819 - INFO - 投票结果: 选择路径 0, 答案: 72, 置信度: 0.8
2025-08-09 00:00:10,820 - INFO - 投票结果: 选择路径 1, 答案: 400, 置信度: 0.7
2025-08-09 00:00:10,821 - INFO - 投票结果: 选择路径 0, 答案: 12, 置信度: 0.9
2025-08-09 00:00:10,823 - INFO - 投票结果: 选择路径 1, 答案: 15, 置信度: 0.4
2025-08-09 00:00:10,824 - INFO - 投票结果: 选择路径 1, 答案: 54, 置信度: 0.5
2025-08-09 00:00:10,825 - INFO - 投票结果: 选择路径 0, 答案: 25, 置信度: 0.2
2025-08-09 00:00:10,826 - INFO - 投票结果: 选择路径 0, 答案: 4, 置信度: 1.0
2025-08-09 00:00:10,827 - INFO - 投票结果: 选择路径 0, 答案: 4, 置信度: 1.0
2025-08-09 00:00:10,828 - INFO - 投票结果: 选择路径 0, 答案: 17500, 置信度: 0.6
2025-08-09 00:00:10,829 - INFO - 投票结果: 选择路径 0, 答案: 8, 置信度: 1.0
2025-08-09 00:00:10,830 - INFO - 投票结果: 选择路径 0, 答案: 21, 置信度: 0.9
2025-08-09 00:00:10,831 - INFO - 投票结果: 选择路径 4, 答案: 18, 置信度: 0.3
2025-08-09 00:00:10,832 - INFO - 投票结果: 选择路径 0, 答案: 1, 置信度: 0.9
2025-08-09 00:00:10,833 - INFO - 投票结果: 选择路径 0, 答案: 193, 置信度: 1.0
2025-08-09 00:00:10,834 - INFO - 投票结果: 选择路径 0, 答案: 3, 置信度: 0.9
2025-08-09 00:00:10,836 - INFO - 投票结果: 选择路径 0, 答案: 131250, 置信度: 0.4
2025-08-09 00:00:10,837 - INFO - 投票结果: 选择路径 0, 答案: 24, 置信度: 1.0
2025-08-09 00:00:10,838 - INFO - 投票结果: 选择路径 2, 答案: 68, 置信度: 0.2
2025-08-09 00:00:10,839 - INFO - 投票结果: 选择路径 0, 答案: 490, 置信度: 1.0
2025-08-09 00:00:10,840 - INFO - 投票结果: 选择路径 0, 答案: 19, 置信度: 0.3
2025-08-09 00:00:10,841 - INFO - 投票结果: 选择路径 2, 答案: 60, 置信度: 0.6
2025-08-09 00:00:10,842 - INFO - 投票结果: 选择路径 0, 答案: 17, 置信度: 1.0
2025-08-09 00:00:10,843 - INFO - 投票结果: 选择路径 4, 答案: 6850000, 置信度: 0.3
2025-08-09 00:00:10,844 - INFO - 投票结果: 选择路径 0, 答案: 15, 置信度: 1.0
2025-08-09 00:00:10,845 - INFO - 投票结果: 选择路径 1, 答案: 80, 置信度: 0.5
2025-08-09 00:00:10,846 - INFO - 投票结果: 选择路径 0, 答案: 18, 置信度: 0.9
2025-08-09 00:00:10,847 - INFO - 投票结果: 选择路径 0, 答案: 30, 置信度: 1.0
2025-08-09 00:00:10,848 - INFO - 投票结果: 选择路径 1, 答案: 60, 置信度: 0.7
2025-08-09 00:00:10,849 - INFO - 投票结果: 选择路径 0, 答案: 260, 置信度: 1.0
2025-08-09 00:00:10,850 - INFO - 投票结果: 选择路径 0, 答案: 60, 置信度: 1.0
2025-08-09 00:00:10,851 - INFO - 投票结果: 选择路径 1, 答案: 75, 置信度: 0.5
2025-08-09 00:00:10,852 - INFO - 投票结果: 选择路径 0, 答案: 25, 置信度: 1.0
2025-08-09 00:00:10,853 - INFO - 投票结果: 选择路径 4, 答案: 99, 置信度: 0.3
2025-08-09 00:00:10,854 - INFO - 投票结果: 选择路径 0, 答案: 5, 置信度: 0.9
2025-08-09 00:00:10,855 - INFO - 投票结果: 选择路径 0, 答案: 84, 置信度: 0.7
2025-08-09 00:00:10,856 - INFO - 投票结果: 选择路径 0, 答案: 7, 置信度: 0.7
2025-08-09 00:00:10,857 - INFO - 投票结果: 选择路径 0, 答案: 2, 置信度: 1.0
2025-08-09 00:00:10,858 - INFO - 投票结果: 选择路径 0, 答案: 21, 置信度: 0.8
2025-08-09 00:00:10,859 - INFO - 投票结果: 选择路径 0, 答案: 8, 置信度: 1.0
2025-08-09 00:00:10,860 - INFO - 投票结果: 选择路径 0, 答案: 80, 置信度: 0.2
2025-08-09 00:00:10,861 - INFO - 投票结果: 选择路径 0, 答案: 90000, 置信度: 1.0
2025-08-09 00:00:10,862 - INFO - 投票结果: 选择路径 0, 答案: 2, 置信度: 1.0
2025-08-09 00:00:10,863 - INFO - 投票结果: 选择路径 2, 答案: 40, 置信度: 0.6
2025-08-09 00:00:10,864 - INFO - 投票结果: 选择路径 0, 答案: 2, 置信度: 0.9
2025-08-09 00:00:10,865 - INFO - 投票结果: 选择路径 0, 答案: 100, 置信度: 1.0
2025-08-09 00:00:10,866 - INFO - 投票结果: 选择路径 0, 答案: 30, 置信度: 1.0
2025-08-09 00:00:10,867 - INFO - 投票结果: 选择路径 0, 答案: 8, 置信度: 1.0
2025-08-09 00:00:10,868 - INFO - 投票结果: 选择路径 0, 答案: 31, 置信度: 0.7
2025-08-09 00:00:10,869 - INFO - 投票结果: 选择路径 1, 答案: 120000, 置信度: 0.7
2025-08-09 00:00:10,871 - INFO - 投票结果: 选择路径 0, 答案: 180, 置信度: 1.0
2025-08-09 00:00:10,872 - INFO - 投票结果: 选择路径 0, 答案: 3, 置信度: 1.0
2025-08-09 00:00:10,873 - INFO - 投票结果: 选择路径 0, 答案: 5, 置信度: 0.5
2025-08-09 00:00:10,874 - INFO - 投票结果: 选择路径 0, 答案: 5, 置信度: 1.0
2025-08-09 00:00:10,875 - INFO - 投票结果: 选择路径 0, 答案: 130000, 置信度: 1.0
2025-08-09 00:00:10,876 - INFO - 投票结果: 选择路径 0, 答案: 68, 置信度: 1.0
2025-08-09 00:00:10,877 - INFO - 投票结果: 选择路径 0, 答案: 78, 置信度: 0.7
2025-08-09 00:00:10,878 - INFO - 投票结果: 选择路径 0, 答案: 28, 置信度: 1.0
2025-08-09 00:00:10,879 - INFO - 投票结果: 选择路径 0, 答案: 15, 置信度: 1.0
2025-08-09 00:00:10,880 - INFO - 投票结果: 选择路径 0, 答案: 290, 置信度: 0.2
2025-08-09 00:00:10,881 - INFO - 投票结果: 选择路径 0, 答案: 50, 置信度: 0.2
2025-08-09 00:00:10,882 - INFO - 投票结果: 选择路径 2, 答案: 2400, 置信度: 0.3
2025-08-09 00:00:10,883 - INFO - 投票结果: 选择路径 0, 答案: 18, 置信度: 1.0
2025-08-09 00:00:10,884 - INFO - 投票结果: 选择路径 0, 答案: 90, 置信度: 1.0
2025-08-09 00:00:10,885 - INFO - 投票结果: 选择路径 0, 答案: 31, 置信度: 0.8
2025-08-09 00:00:10,886 - INFO - 投票结果: 选择路径 1, 答案: 800, 置信度: 0.2
2025-08-09 00:00:10,887 - INFO - 投票结果: 选择路径 1, 答案: 180, 置信度: 0.6
2025-08-09 00:00:10,888 - INFO - 投票结果: 选择路径 0, 答案: 7, 置信度: 1.0
2025-08-09 00:00:10,889 - INFO - 投票结果: 选择路径 1, 答案: 75, 置信度: 0.7
2025-08-09 00:00:10,890 - INFO - 投票结果: 选择路径 0, 答案: 650, 置信度: 1.0
2025-08-09 00:00:10,891 - INFO - 投票结果: 选择路径 1, 答案: 310, 置信度: 0.7
2025-08-09 00:00:10,892 - INFO - 投票结果: 选择路径 0, 答案: 12, 置信度: 0.6
2025-08-09 00:00:10,893 - INFO - 投票结果: 选择路径 0, 答案: 5, 置信度: 1.0
2025-08-09 00:00:10,894 - INFO - 投票结果: 选择路径 0, 答案: 29, 置信度: 1.0
2025-08-09 00:00:10,895 - INFO - 投票结果: 选择路径 0, 答案: 140, 置信度: 1.0
2025-08-09 00:00:10,896 - INFO - 投票结果: 选择路径 0, 答案: 30, 置信度: 1.0
2025-08-09 00:00:10,897 - INFO - 投票结果: 选择路径 0, 答案: 40, 置信度: 0.5
2025-08-09 00:00:10,898 - INFO - 投票结果: 选择路径 0, 答案: 100, 置信度: 1.0
2025-08-09 00:00:10,899 - INFO - 投票结果: 选择路径 0, 答案: 35, 置信度: 1.0
2025-08-09 00:00:10,900 - INFO - 投票结果: 选择路径 0, 答案: 79, 置信度: 1.0
2025-08-09 00:00:10,901 - INFO - 投票结果: 选择路径 0, 答案: 2, 置信度: 0.4
2025-08-09 00:00:10,902 - INFO - 投票结果: 选择路径 0, 答案: 4, 置信度: 1.0
2025-08-09 00:00:10,903 - INFO - 投票结果: 选择路径 0, 答案: 6, 置信度: 1.0
2025-08-09 00:00:10,904 - INFO - 投票结果: 选择路径 0, 答案: 32, 置信度: 1.0
2025-08-09 00:00:10,905 - INFO - 投票结果: 选择路径 0, 答案: 112, 置信度: 1.0
2025-08-09 00:00:10,906 - INFO - 投票结果: 选择路径 4, 答案: 54, 置信度: 0.4
2025-08-09 00:00:10,907 - INFO - 投票结果: 选择路径 1, 答案: 450, 置信度: 0.8
2025-08-09 00:00:10,908 - INFO - 投票结果: 选择路径 0, 答案: 4400, 置信度: 0.5
2025-08-09 00:00:10,909 - INFO - 投票结果: 选择路径 0, 答案: 450, 置信度: 1.0
2025-08-09 00:00:10,910 - INFO - 投票结果: 选择路径 0, 答案: 6, 置信度: 1.0
2025-08-09 00:00:10,911 - INFO - 投票结果: 选择路径 0, 答案: 8, 置信度: 0.3
2025-08-09 00:00:10,912 - INFO - 投票结果: 选择路径 0, 答案: 144, 置信度: 1.0
2025-08-09 00:00:10,913 - INFO - 投票结果: 选择路径 0, 答案: 8, 置信度: 1.0
2025-08-09 00:00:10,914 - INFO - 投票结果: 选择路径 0, 答案: 2125, 置信度: 0.9
2025-08-09 00:00:10,915 - INFO - 投票结果: 选择路径 2, 答案: 65, 置信度: 0.6
2025-08-09 00:00:10,916 - INFO - 投票结果: 选择路径 0, 答案: 13, 置信度: 1.0
2025-08-09 00:00:10,917 - INFO - 投票结果: 选择路径 0, 答案: 40, 置信度: 0.7
2025-08-09 00:00:10,918 - INFO - 投票结果: 选择路径 0, 答案: 133, 置信度: 1.0
2025-08-09 00:00:10,919 - INFO - 投票结果: 选择路径 0, 答案: 100, 置信度: 1.0
2025-08-09 00:00:10,920 - INFO - 投票结果: 选择路径 0, 答案: 350, 置信度: 0.9
2025-08-09 00:00:10,921 - INFO - 投票结果: 选择路径 0, 答案: 60, 置信度: 0.6
2025-08-09 00:00:10,922 - INFO - 投票结果: 选择路径 0, 答案: 105, 置信度: 1.0
2025-08-09 00:00:10,924 - INFO - 投票结果: 选择路径 2, 答案: 7, 置信度: 0.5
2025-08-09 00:00:10,925 - INFO - 投票结果: 选择路径 0, 答案: 860, 置信度: 0.6
2025-08-09 00:00:10,926 - INFO - 投票结果: 选择路径 1, 答案: 72, 置信度: 0.9
2025-08-09 00:00:10,927 - INFO - 投票结果: 选择路径 2, 答案: 50, 置信度: 0.2
2025-08-09 00:00:10,928 - INFO - 投票结果: 选择路径 0, 答案: 1, 置信度: 1.0
2025-08-09 00:00:10,929 - INFO - 投票结果: 选择路径 1, 答案: 1, 置信度: 0.7
2025-08-09 00:00:10,930 - INFO - 投票结果: 选择路径 0, 答案: 36, 置信度: 0.5
2025-08-09 00:00:10,931 - INFO - 投票结果: 选择路径 1, 答案: 140, 置信度: 0.8
2025-08-09 00:00:10,932 - INFO - 投票结果: 选择路径 0, 答案: 20, 置信度: 0.6
2025-08-09 00:00:10,933 - INFO - 投票结果: 选择路径 0, 答案: 1800, 置信度: 0.6
2025-08-09 00:00:10,934 - INFO - 投票结果: 选择路径 0, 答案: 25, 置信度: 0.9
2025-08-09 00:00:10,935 - INFO - 投票结果: 选择路径 0, 答案: 147, 置信度: 1.0
2025-08-09 00:00:10,936 - INFO - 投票结果: 选择路径 0, 答案: 10, 置信度: 0.9
2025-08-09 00:00:10,937 - INFO - 投票结果: 选择路径 0, 答案: 25, 置信度: 0.8
2025-08-09 00:00:10,938 - INFO - 投票结果: 选择路径 0, 答案: 32, 置信度: 0.9
2025-08-09 00:00:10,939 - INFO - 投票结果: 选择路径 0, 答案: 276, 置信度: 1.0
2025-08-09 00:00:10,940 - INFO - 投票结果: 选择路径 0, 答案: 96, 置信度: 0.6
2025-08-09 00:00:10,941 - INFO - 投票结果: 选择路径 0, 答案: 30, 置信度: 1.0
2025-08-09 00:00:10,942 - INFO - 投票结果: 选择路径 2, 答案: 280, 置信度: 0.6
2025-08-09 00:00:10,943 - INFO - 投票结果: 选择路径 0, 答案: 8000, 置信度: 1.0
2025-08-09 00:00:10,944 - INFO - 投票结果: 选择路径 0, 答案: 50, 置信度: 0.2
2025-08-09 00:00:10,945 - INFO - 投票结果: 选择路径 0, 答案: 84, 置信度: 0.9
2025-08-09 00:00:10,946 - INFO - 投票结果: 选择路径 0, 答案: 50, 置信度: 0.9
2025-08-09 00:00:10,947 - INFO - 投票结果: 选择路径 0, 答案: 50, 置信度: 1.0
2025-08-09 00:00:10,948 - INFO - 投票结果: 选择路径 0, 答案: 320, 置信度: 1.0
2025-08-09 00:00:10,949 - INFO - 投票结果: 选择路径 0, 答案: 38, 置信度: 1.0
2025-08-09 00:00:10,950 - INFO - 投票结果: 选择路径 0, 答案: 34, 置信度: 0.8
2025-08-09 00:00:10,952 - INFO - 投票结果: 选择路径 0, 答案: 594, 置信度: 1.0
2025-08-09 00:00:10,953 - INFO - 投票结果: 选择路径 0, 答案: 16, 置信度: 0.2
2025-08-09 00:00:10,954 - INFO - 投票结果: 选择路径 0, 答案: 98, 置信度: 0.9
2025-08-09 00:00:10,955 - INFO - 投票结果: 选择路径 0, 答案: 123, 置信度: 1.0
2025-08-09 00:00:10,956 - INFO - 投票结果: 选择路径 0, 答案: 27, 置信度: 0.9
2025-08-09 00:00:10,957 - INFO - 投票结果: 选择路径 0, 答案: 145, 置信度: 0.8
2025-08-09 00:00:10,958 - INFO - 投票结果: 选择路径 0, 答案: 23, 置信度: 0.8
2025-08-09 00:00:10,959 - INFO - 投票结果: 选择路径 0, 答案: 14, 置信度: 0.8
2025-08-09 00:00:10,960 - INFO - 投票结果: 选择路径 0, 答案: 18, 置信度: 0.3
2025-08-09 00:00:10,961 - INFO - 投票结果: 选择路径 0, 答案: 21, 置信度: 1.0
2025-08-09 00:00:10,962 - INFO - 投票结果: 选择路径 0, 答案: 40000, 置信度: 1.0
2025-08-09 00:00:10,963 - INFO - 投票结果: 选择路径 0, 答案: 90, 置信度: 0.6
2025-08-09 00:00:10,964 - INFO - 投票结果: 选择路径 0, 答案: 11050, 置信度: 0.7
2025-08-09 00:00:10,965 - INFO - 投票结果: 选择路径 0, 答案: 1520, 置信度: 1.0
2025-08-09 00:00:10,966 - INFO - 投票结果: 选择路径 1, 答案: 8, 置信度: 0.3
2025-08-09 00:00:10,967 - INFO - 投票结果: 选择路径 0, 答案: 2000, 置信度: 0.9
2025-08-09 00:00:10,968 - INFO - 投票结果: 选择路径 1, 答案: 93, 置信度: 0.9
2025-08-09 00:00:10,969 - INFO - 投票结果: 选择路径 0, 答案: 40, 置信度: 0.5
2025-08-09 00:00:10,970 - INFO - 投票结果: 选择路径 0, 答案: 15, 置信度: 1.0
2025-08-09 00:00:10,971 - INFO - 投票结果: 选择路径 0, 答案: 66, 置信度: 1.0
2025-08-09 00:00:10,972 - INFO - 投票结果: 选择路径 0, 答案: 5, 置信度: 1.0
2025-08-09 00:00:10,973 - INFO - 投票结果: 选择路径 0, 答案: 5, 置信度: 1.0
2025-08-09 00:00:10,974 - INFO - 投票结果: 选择路径 0, 答案: 5, 置信度: 0.6
2025-08-09 00:00:10,975 - INFO - 投票结果: 选择路径 0, 答案: 1430, 置信度: 1.0
2025-08-09 00:00:10,976 - INFO - 投票结果: 选择路径 0, 答案: 36, 置信度: 1.0
2025-08-09 00:00:10,977 - INFO - 投票结果: 选择路径 0, 答案: 80, 置信度: 1.0
2025-08-09 00:00:10,978 - INFO - 投票结果: 选择路径 0, 答案: 29, 置信度: 0.8
2025-08-09 00:00:10,979 - INFO - 投票结果: 选择路径 0, 答案: 122, 置信度: 0.8
2025-08-09 00:00:10,980 - INFO - 投票结果: 选择路径 0, 答案: 60, 置信度: 1.0
2025-08-09 00:00:10,981 - INFO - 投票结果: 选择路径 0, 答案: 70, 置信度: 0.3
2025-08-09 00:00:10,982 - INFO - 投票结果: 选择路径 0, 答案: 21, 置信度: 1.0
2025-08-09 00:00:10,983 - INFO - 投票结果: 选择路径 0, 答案: 45, 置信度: 0.9
2025-08-09 00:00:10,984 - INFO - 投票结果: 选择路径 0, 答案: 273, 置信度: 1.0
2025-08-09 00:00:10,985 - INFO - 投票结果: 选择路径 4, 答案: 12, 置信度: 0.4
2025-08-09 00:00:10,986 - INFO - 投票结果: 选择路径 1, 答案: 5, 置信度: 0.8
2025-08-09 00:00:10,987 - INFO - 投票结果: 选择路径 0, 答案: 1, 置信度: 0.9
2025-08-09 00:00:10,988 - INFO - 投票结果: 选择路径 0, 答案: 1880, 置信度: 0.6
2025-08-09 00:00:11,005 - INFO - 正确率: 84.61%
2025-08-09 00:00:11,636 - INFO - 结果已保存到: /cephfs/shared/sunyifan/Min-p-CoT/grid_search_results/Llama-3.2-3B-Instruct_GSM8k_test_0.05_interval/minp_0.4_0.15_0.65_0.9_temp_1.0/min_p_cot_results_4-step-CoT_Llama-3.2-3B-Instruct_GSM8k_test_0.4_0.15_0.65_0.9_vote10_majority_run2.json
2025-08-09 00:00:11,638 - INFO - 实验完成!
2025-08-09 00:00:12,490 - INFO - 实验 47 (第 2/3 次) 完成，准确率: 84.61%
2025-08-09 00:00:12,493 - INFO - 开始实验 47 (第 3/3 次): min-p值 = [0.4, 0.15, 0.65, 0.9], 温度 = 1.0
2025-08-09 00:00:12,495 - INFO - 创建配置文件: /cephfs/shared/sunyifan/Min-p-CoT/grid_search_results/Llama-3.2-3B-Instruct_GSM8k_test_0.05_interval/minp_0.4_0.15_0.65_0.9_temp_1.0/config_experiment_0.4_0.15_0.65_0.9_temp_1.0_run3.json
2025-08-09 00:00:12,514 - INFO - 配置文件验证通过
2025-08-09 00:00:12,516 - INFO - 随机种子已设置为: 42
2025-08-09 00:00:12,517 - INFO - 使用已提供的模型实例: Llama-3.2-3B-Instruct
2025-08-09 00:00:12,518 - INFO - 加载数据集: GSM8k_test
2025-08-09 00:00:12,520 - INFO - 随机种子已设置为: 42
2025-08-09 00:00:12,527 - INFO - 数据集加载完成，共 1319 条数据，已打乱顺序
2025-08-09 00:00:12,528 - INFO - 使用投票机制，每个问题生成 10 条路径
2025-08-09 00:00:12,529 - INFO - 批量生成模式：为 1319 个问题各生成 10 条路径
2025-08-09 00:00:12,531 - INFO - 开始CoT生成，共4个步骤:
2025-08-09 00:00:12,533 - INFO - 开始CoT步骤 1，min_p=0.4
2025-08-09 00:00:15,235 - INFO - 开始CoT步骤 2，min_p=0.15
2025-08-09 00:00:27,533 - INFO - 开始CoT步骤 3，min_p=0.65
2025-08-09 00:00:38,287 - INFO - 开始CoT步骤 4，min_p=0.9
2025-08-09 00:00:43,303 - INFO - CoT生成完成，共 1319 条CoT
2025-08-09 00:00:43,326 - INFO - 开始CoT生成，共4个步骤:
2025-08-09 00:00:43,328 - INFO - 开始CoT步骤 1，min_p=0.4
2025-08-09 00:00:45,978 - INFO - 开始CoT步骤 2，min_p=0.15
2025-08-09 00:00:57,990 - INFO - 开始CoT步骤 3，min_p=0.65
2025-08-09 00:01:08,705 - INFO - 开始CoT步骤 4，min_p=0.9
2025-08-09 00:01:13,803 - INFO - CoT生成完成，共 1319 条CoT
2025-08-09 00:01:13,827 - INFO - 开始CoT生成，共4个步骤:
2025-08-09 00:01:13,831 - INFO - 开始CoT步骤 1，min_p=0.4
2025-08-09 00:01:16,120 - INFO - 开始CoT步骤 2，min_p=0.15
2025-08-09 00:01:28,760 - INFO - 开始CoT步骤 3，min_p=0.65
2025-08-09 00:01:39,649 - INFO - 开始CoT步骤 4，min_p=0.9
2025-08-09 00:01:44,724 - INFO - CoT生成完成，共 1319 条CoT
2025-08-09 00:01:44,748 - INFO - 开始CoT生成，共4个步骤:
2025-08-09 00:01:44,750 - INFO - 开始CoT步骤 1，min_p=0.4
2025-08-09 00:01:47,199 - INFO - 开始CoT步骤 2，min_p=0.15
2025-08-09 00:01:59,586 - INFO - 开始CoT步骤 3，min_p=0.65
2025-08-09 00:02:10,386 - INFO - 开始CoT步骤 4，min_p=0.9
2025-08-09 00:02:15,517 - INFO - CoT生成完成，共 1319 条CoT
2025-08-09 00:02:15,542 - INFO - 开始CoT生成，共4个步骤:
2025-08-09 00:02:15,544 - INFO - 开始CoT步骤 1，min_p=0.4
2025-08-09 00:02:17,942 - INFO - 开始CoT步骤 2，min_p=0.15
2025-08-09 00:02:30,086 - INFO - 开始CoT步骤 3，min_p=0.65
2025-08-09 00:02:41,015 - INFO - 开始CoT步骤 4，min_p=0.9
2025-08-09 00:02:46,258 - INFO - CoT生成完成，共 1319 条CoT
2025-08-09 00:02:46,282 - INFO - 开始CoT生成，共4个步骤:
2025-08-09 00:02:46,285 - INFO - 开始CoT步骤 1，min_p=0.4
2025-08-09 00:02:48,633 - INFO - 开始CoT步骤 2，min_p=0.15
2025-08-09 00:03:00,918 - INFO - 开始CoT步骤 3，min_p=0.65
2025-08-09 00:03:12,028 - INFO - 开始CoT步骤 4，min_p=0.9
2025-08-09 00:03:17,454 - INFO - CoT生成完成，共 1319 条CoT
2025-08-09 00:03:17,478 - INFO - 开始CoT生成，共4个步骤:
2025-08-09 00:03:17,481 - INFO - 开始CoT步骤 1，min_p=0.4
2025-08-09 00:03:19,850 - INFO - 开始CoT步骤 2，min_p=0.15
2025-08-09 00:03:32,223 - INFO - 开始CoT步骤 3，min_p=0.65
2025-08-09 00:03:43,102 - INFO - 开始CoT步骤 4，min_p=0.9
2025-08-09 00:03:48,090 - INFO - CoT生成完成，共 1319 条CoT
2025-08-09 00:03:48,112 - INFO - 开始CoT生成，共4个步骤:
2025-08-09 00:03:48,115 - INFO - 开始CoT步骤 1，min_p=0.4
2025-08-09 00:03:50,428 - INFO - 开始CoT步骤 2，min_p=0.15
2025-08-09 00:04:02,738 - INFO - 开始CoT步骤 3，min_p=0.65
2025-08-09 00:04:14,086 - INFO - 开始CoT步骤 4，min_p=0.9
2025-08-09 00:04:18,816 - INFO - CoT生成完成，共 1319 条CoT
2025-08-09 00:04:18,839 - INFO - 开始CoT生成，共4个步骤:
2025-08-09 00:04:18,841 - INFO - 开始CoT步骤 1，min_p=0.4
2025-08-09 00:04:21,463 - INFO - 开始CoT步骤 2，min_p=0.15
2025-08-09 00:04:33,868 - INFO - 开始CoT步骤 3，min_p=0.65
2025-08-09 00:04:44,865 - INFO - 开始CoT步骤 4，min_p=0.9
2025-08-09 00:04:49,827 - INFO - CoT生成完成，共 1319 条CoT
2025-08-09 00:04:49,851 - INFO - 开始CoT生成，共4个步骤:
2025-08-09 00:04:49,853 - INFO - 开始CoT步骤 1，min_p=0.4
2025-08-09 00:04:52,561 - INFO - 开始CoT步骤 2，min_p=0.15
2025-08-09 00:05:04,699 - INFO - 开始CoT步骤 3，min_p=0.65
2025-08-09 00:05:15,669 - INFO - 开始CoT步骤 4，min_p=0.9
2025-08-09 00:05:20,376 - INFO - CoT生成完成，共 1319 条CoT
2025-08-09 00:05:20,415 - INFO - 批量生成完成：共生成 1319 组路径，每组 10 条
2025-08-09 00:05:20,419 - INFO - 投票结果: 选择路径 0, 答案: 52, 置信度: 0.7
2025-08-09 00:05:20,421 - INFO - 投票结果: 选择路径 0, 答案: 5, 置信度: 1.0
2025-08-09 00:05:20,422 - INFO - 投票结果: 选择路径 0, 答案: 83, 置信度: 0.7
2025-08-09 00:05:20,423 - INFO - 投票结果: 选择路径 0, 答案: 10, 置信度: 0.9
2025-08-09 00:05:20,425 - INFO - 投票结果: 选择路径 0, 答案: 70, 置信度: 0.7
2025-08-09 00:05:20,427 - INFO - 投票结果: 选择路径 0, 答案: 36, 置信度: 0.7
2025-08-09 00:05:20,428 - INFO - 投票结果: 选择路径 0, 答案: 48, 置信度: 1.0
2025-08-09 00:05:20,431 - INFO - 投票结果: 选择路径 0, 答案: 16, 置信度: 1.0
2025-08-09 00:05:20,432 - INFO - 投票结果: 选择路径 0, 答案: 4.64, 置信度: 0.4
2025-08-09 00:05:20,434 - INFO - 投票结果: 选择路径 0, 答案: 48, 置信度: 1.0
2025-08-09 00:05:20,436 - INFO - 投票结果: 选择路径 0, 答案: 90, 置信度: 0.9
2025-08-09 00:05:20,437 - INFO - 投票结果: 选择路径 0, 答案: 10, 置信度: 1.0
2025-08-09 00:05:20,438 - INFO - 投票结果: 选择路径 0, 答案: 9, 置信度: 0.2
2025-08-09 00:05:20,439 - INFO - 投票结果: 选择路径 0, 答案: 45000, 置信度: 0.4
2025-08-09 00:05:20,440 - INFO - 投票结果: 选择路径 0, 答案: 18, 置信度: 0.9
2025-08-09 00:05:20,441 - INFO - 投票结果: 选择路径 0, 答案: 140, 置信度: 1.0
2025-08-09 00:05:20,442 - INFO - 投票结果: 选择路径 0, 答案: 17, 置信度: 0.8
2025-08-09 00:05:20,443 - INFO - 投票结果: 选择路径 0, 答案: 68, 置信度: 1.0
2025-08-09 00:05:20,444 - INFO - 投票结果: 选择路径 0, 答案: 8, 置信度: 1.0
2025-08-09 00:05:20,445 - INFO - 投票结果: 选择路径 0, 答案: 14, 置信度: 1.0
2025-08-09 00:05:20,446 - INFO - 投票结果: 选择路径 0, 答案: 50, 置信度: 0.6
2025-08-09 00:05:20,447 - INFO - 投票结果: 选择路径 1, 答案: 100, 置信度: 0.8
2025-08-09 00:05:20,448 - INFO - 投票结果: 选择路径 1, 答案: 160, 置信度: 0.3
2025-08-09 00:05:20,449 - INFO - 投票结果: 选择路径 0, 答案: 48, 置信度: 0.8
2025-08-09 00:05:20,450 - INFO - 投票结果: 选择路径 0, 答案: 16400, 置信度: 0.5
2025-08-09 00:05:20,451 - INFO - 投票结果: 选择路径 0, 答案: 250, 置信度: 1.0
2025-08-09 00:05:20,452 - INFO - 投票结果: 选择路径 1, 答案: 18, 置信度: 0.4
2025-08-09 00:05:20,453 - INFO - 投票结果: 选择路径 1, 答案: 1490, 置信度: 0.7
2025-08-09 00:05:20,454 - INFO - 投票结果: 选择路径 0, 答案: 11, 置信度: 0.9
2025-08-09 00:05:20,455 - INFO - 投票结果: 选择路径 0, 答案: 106, 置信度: 0.8
2025-08-09 00:05:20,456 - INFO - 投票结果: 选择路径 0, 答案: 138, 置信度: 0.6
2025-08-09 00:05:20,457 - INFO - 投票结果: 选择路径 0, 答案: 15, 置信度: 1.0
2025-08-09 00:05:20,458 - INFO - 投票结果: 选择路径 0, 答案: 4, 置信度: 1.0
2025-08-09 00:05:20,459 - INFO - 投票结果: 选择路径 0, 答案: 82, 置信度: 0.8
2025-08-09 00:05:20,460 - INFO - 投票结果: 选择路径 1, 答案: 2, 置信度: 0.6
2025-08-09 00:05:20,461 - INFO - 投票结果: 选择路径 1, 答案: 51, 置信度: 0.5
2025-08-09 00:05:20,462 - INFO - 投票结果: 选择路径 0, 答案: 4, 置信度: 0.9
2025-08-09 00:05:20,463 - INFO - 投票结果: 选择路径 0, 答案: 100, 置信度: 0.9
2025-08-09 00:05:20,464 - INFO - 投票结果: 选择路径 1, 答案: 2500, 置信度: 0.4
2025-08-09 00:05:20,465 - INFO - 投票结果: 选择路径 0, 答案: 188, 置信度: 1.0
2025-08-09 00:05:20,466 - INFO - 投票结果: 选择路径 0, 答案: 30, 置信度: 0.9
2025-08-09 00:05:20,467 - INFO - 投票结果: 选择路径 0, 答案: 30, 置信度: 1.0
2025-08-09 00:05:20,468 - INFO - 投票结果: 选择路径 0, 答案: 240, 置信度: 1.0
2025-08-09 00:05:20,469 - INFO - 投票结果: 选择路径 0, 答案: 7, 置信度: 1.0
2025-08-09 00:05:20,470 - INFO - 投票结果: 选择路径 1, 答案: 350, 置信度: 0.4
2025-08-09 00:05:20,471 - INFO - 投票结果: 选择路径 1, 答案: 4, 置信度: 0.4
2025-08-09 00:05:20,472 - INFO - 投票结果: 选择路径 0, 答案: 36, 置信度: 1.0
2025-08-09 00:05:20,473 - INFO - 投票结果: 选择路径 2, 答案: 14, 置信度: 0.3
2025-08-09 00:05:20,474 - INFO - 投票结果: 选择路径 0, 答案: 2, 置信度: 0.8
2025-08-09 00:05:20,475 - INFO - 投票结果: 选择路径 0, 答案: 33, 置信度: 1.0
2025-08-09 00:05:20,476 - INFO - 投票结果: 选择路径 0, 答案: 21, 置信度: 1.0
2025-08-09 00:05:20,477 - INFO - 投票结果: 选择路径 1, 答案: 155, 置信度: 0.2
2025-08-09 00:05:20,478 - INFO - 投票结果: 选择路径 0, 答案: 60, 置信度: 0.8
2025-08-09 00:05:20,479 - INFO - 投票结果: 选择路径 0, 答案: 49, 置信度: 0.6
2025-08-09 00:05:20,480 - INFO - 投票结果: 选择路径 3, 答案: 1800, 置信度: 0.3
2025-08-09 00:05:20,481 - INFO - 投票结果: 选择路径 1, 答案: 27, 置信度: 0.8
2025-08-09 00:05:20,482 - INFO - 投票结果: 选择路径 0, 答案: 16, 置信度: 0.6
2025-08-09 00:05:20,483 - INFO - 投票结果: 选择路径 0, 答案: 49, 置信度: 0.6
2025-08-09 00:05:20,484 - INFO - 投票结果: 选择路径 2, 答案: 6, 置信度: 0.3
2025-08-09 00:05:20,485 - INFO - 投票结果: 选择路径 0, 答案: 32, 置信度: 0.7
2025-08-09 00:05:20,486 - INFO - 投票结果: 选择路径 2, 答案: 168, 置信度: 0.3
2025-08-09 00:05:20,487 - INFO - 投票结果: 选择路径 0, 答案: 225, 置信度: 1.0
2025-08-09 00:05:20,488 - INFO - 投票结果: 选择路径 0, 答案: 50, 置信度: 1.0
2025-08-09 00:05:20,489 - INFO - 投票结果: 选择路径 0, 答案: 45, 置信度: 0.4
2025-08-09 00:05:20,490 - INFO - 投票结果: 选择路径 0, 答案: 7, 置信度: 1.0
2025-08-09 00:05:20,491 - INFO - 投票结果: 选择路径 1, 答案: 800, 置信度: 0.8
2025-08-09 00:05:20,492 - INFO - 投票结果: 选择路径 0, 答案: 22, 置信度: 1.0
2025-08-09 00:05:20,493 - INFO - 投票结果: 选择路径 0, 答案: 235, 置信度: 0.9
2025-08-09 00:05:20,495 - INFO - 投票结果: 选择路径 0, 答案: 3, 置信度: 0.7
2025-08-09 00:05:20,501 - INFO - 投票结果: 选择路径 2, 答案: -14, 置信度: 0.3
2025-08-09 00:05:20,503 - INFO - 投票结果: 选择路径 0, 答案: 3000, 置信度: 0.7
2025-08-09 00:05:20,504 - INFO - 投票结果: 选择路径 0, 答案: 300, 置信度: 0.9
2025-08-09 00:05:20,506 - INFO - 投票结果: 选择路径 0, 答案: 20, 置信度: 0.6
2025-08-09 00:05:20,508 - INFO - 投票结果: 选择路径 0, 答案: 130, 置信度: 1.0
2025-08-09 00:05:20,509 - INFO - 投票结果: 选择路径 2, 答案: 1, 置信度: 0.6
2025-08-09 00:05:20,511 - INFO - 投票结果: 选择路径 1, 答案: 8, 置信度: 0.6
2025-08-09 00:05:20,512 - INFO - 投票结果: 选择路径 0, 答案: 50, 置信度: 0.7
2025-08-09 00:05:20,513 - INFO - 投票结果: 选择路径 2, 答案: 3, 置信度: 0.4
2025-08-09 00:05:20,514 - INFO - 投票结果: 选择路径 2, 答案: 5, 置信度: 0.6
2025-08-09 00:05:20,515 - INFO - 投票结果: 选择路径 0, 答案: 110, 置信度: 1.0
2025-08-09 00:05:20,516 - INFO - 投票结果: 选择路径 0, 答案: 1300, 置信度: 0.2
2025-08-09 00:05:20,517 - INFO - 投票结果: 选择路径 0, 答案: 16, 置信度: 1.0
2025-08-09 00:05:20,518 - INFO - 投票结果: 选择路径 0, 答案: 80, 置信度: 0.9
2025-08-09 00:05:20,519 - INFO - 投票结果: 选择路径 0, 答案: 45, 置信度: 0.9
2025-08-09 00:05:20,520 - INFO - 投票结果: 选择路径 0, 答案: 36, 置信度: 1.0
2025-08-09 00:05:20,521 - INFO - 投票结果: 选择路径 2, 答案: 5, 置信度: 0.3
2025-08-09 00:05:20,522 - INFO - 投票结果: 选择路径 4, 答案: 2, 置信度: 0.3
2025-08-09 00:05:20,524 - INFO - 投票结果: 选择路径 0, 答案: 36, 置信度: 1.0
2025-08-09 00:05:20,525 - INFO - 投票结果: 选择路径 3, 答案: 84, 置信度: 0.5
2025-08-09 00:05:20,526 - INFO - 投票结果: 选择路径 0, 答案: 9, 置信度: 1.0
2025-08-09 00:05:20,528 - INFO - 投票结果: 选择路径 0, 答案: 2, 置信度: 0.5
2025-08-09 00:05:20,529 - INFO - 投票结果: 选择路径 0, 答案: 30, 置信度: 0.9
2025-08-09 00:05:20,530 - INFO - 投票结果: 选择路径 5, 答案: 150000, 置信度: 0.2
2025-08-09 00:05:20,531 - INFO - 投票结果: 选择路径 0, 答案: 34, 置信度: 1.