2025-08-08 04:11:47,495 - INFO - 配置文件验证通过
2025-08-08 04:11:47,497 - INFO - 随机种子已设置为: 42
2025-08-08 04:11:47,498 - INFO - 使用已提供的模型实例: Llama-3.2-3B-Instruct
2025-08-08 04:11:47,499 - INFO - 加载数据集: GSM8k_test
2025-08-08 04:11:47,502 - INFO - 随机种子已设置为: 42
2025-08-08 04:11:47,511 - INFO - 数据集加载完成，共 1319 条数据，已打乱顺序
2025-08-08 04:11:47,512 - INFO - 使用投票机制，每个问题生成 10 条路径
2025-08-08 04:11:47,514 - INFO - 批量生成模式：为 1319 个问题各生成 10 条路径
2025-08-08 04:11:47,516 - INFO - 开始CoT生成，共4个步骤:
2025-08-08 04:11:47,518 - INFO - 开始CoT步骤 1，min_p=0.5
2025-08-08 04:11:49,809 - INFO - 开始CoT步骤 2，min_p=0.3
2025-08-08 04:12:01,851 - INFO - 开始CoT步骤 3，min_p=0.8
2025-08-08 04:12:12,299 - INFO - 开始CoT步骤 4，min_p=0.9
2025-08-08 04:12:17,514 - INFO - CoT生成完成，共 1319 条CoT
2025-08-08 04:12:17,537 - INFO - 开始CoT生成，共4个步骤:
2025-08-08 04:12:17,540 - INFO - 开始CoT步骤 1，min_p=0.5
2025-08-08 04:12:19,860 - INFO - 开始CoT步骤 2，min_p=0.3
2025-08-08 04:12:32,429 - INFO - 开始CoT步骤 3，min_p=0.8
2025-08-08 04:12:43,511 - INFO - 开始CoT步骤 4，min_p=0.9
2025-08-08 04:12:48,726 - INFO - CoT生成完成，共 1319 条CoT
2025-08-08 04:12:48,749 - INFO - 开始CoT生成，共4个步骤:
2025-08-08 04:12:48,752 - INFO - 开始CoT步骤 1，min_p=0.5
2025-08-08 04:12:51,096 - INFO - 开始CoT步骤 2，min_p=0.3
2025-08-08 04:13:03,657 - INFO - 开始CoT步骤 3，min_p=0.8
2025-08-08 04:13:14,678 - INFO - 开始CoT步骤 4，min_p=0.9
2025-08-08 04:13:19,354 - INFO - CoT生成完成，共 1319 条CoT
2025-08-08 04:13:19,380 - INFO - 开始CoT生成，共4个步骤:
2025-08-08 04:13:19,383 - INFO - 开始CoT步骤 1，min_p=0.5
2025-08-08 04:13:21,917 - INFO - 开始CoT步骤 2，min_p=0.3
2025-08-08 04:13:34,024 - INFO - 开始CoT步骤 3，min_p=0.8
2025-08-08 04:13:44,802 - INFO - 开始CoT步骤 4，min_p=0.9
2025-08-08 04:13:48,850 - INFO - CoT生成完成，共 1319 条CoT
2025-08-08 04:13:48,875 - INFO - 开始CoT生成，共4个步骤:
2025-08-08 04:13:48,878 - INFO - 开始CoT步骤 1，min_p=0.5
2025-08-08 04:13:51,551 - INFO - 开始CoT步骤 2，min_p=0.3
2025-08-08 04:14:04,346 - INFO - 开始CoT步骤 3，min_p=0.8
2025-08-08 04:14:15,227 - INFO - 开始CoT步骤 4，min_p=0.9
2025-08-08 04:14:19,954 - INFO - CoT生成完成，共 1319 条CoT
2025-08-08 04:14:19,979 - INFO - 开始CoT生成，共4个步骤:
2025-08-08 04:14:19,982 - INFO - 开始CoT步骤 1，min_p=0.5
2025-08-08 04:14:22,609 - INFO - 开始CoT步骤 2，min_p=0.3
2025-08-08 04:14:34,913 - INFO - 开始CoT步骤 3，min_p=0.8
2025-08-08 04:14:45,800 - INFO - 开始CoT步骤 4，min_p=0.9
2025-08-08 04:14:50,822 - INFO - CoT生成完成，共 1319 条CoT
2025-08-08 04:14:50,855 - INFO - 开始CoT生成，共4个步骤:
2025-08-08 04:14:50,858 - INFO - 开始CoT步骤 1，min_p=0.5
2025-08-08 04:14:53,555 - INFO - 开始CoT步骤 2，min_p=0.3
2025-08-08 04:15:05,990 - INFO - 开始CoT步骤 3，min_p=0.8
2025-08-08 04:15:16,408 - INFO - 开始CoT步骤 4，min_p=0.9
2025-08-08 04:15:21,500 - INFO - CoT生成完成，共 1319 条CoT
2025-08-08 04:15:21,524 - INFO - 开始CoT生成，共4个步骤:
2025-08-08 04:15:21,527 - INFO - 开始CoT步骤 1，min_p=0.5
2025-08-08 04:15:23,804 - INFO - 开始CoT步骤 2，min_p=0.3
2025-08-08 04:15:36,254 - INFO - 开始CoT步骤 3，min_p=0.8
2025-08-08 04:15:46,816 - INFO - 开始CoT步骤 4，min_p=0.9
2025-08-08 04:15:51,877 - INFO - CoT生成完成，共 1319 条CoT
2025-08-08 04:15:51,904 - INFO - 开始CoT生成，共4个步骤:
2025-08-08 04:15:51,906 - INFO - 开始CoT步骤 1，min_p=0.5
2025-08-08 04:15:54,501 - INFO - 开始CoT步骤 2，min_p=0.3
2025-08-08 04:16:06,593 - INFO - 开始CoT步骤 3，min_p=0.8
2025-08-08 04:16:17,206 - INFO - 开始CoT步骤 4，min_p=0.9
2025-08-08 04:16:22,342 - INFO - CoT生成完成，共 1319 条CoT
2025-08-08 04:16:22,365 - INFO - 开始CoT生成，共4个步骤:
2025-08-08 04:16:22,368 - INFO - 开始CoT步骤 1，min_p=0.5
2025-08-08 04:16:24,688 - INFO - 开始CoT步骤 2，min_p=0.3
2025-08-08 04:16:36,639 - INFO - 开始CoT步骤 3，min_p=0.8
2025-08-08 04:16:47,602 - INFO - 开始CoT步骤 4，min_p=0.9
2025-08-08 04:16:52,692 - INFO - CoT生成完成，共 1319 条CoT
2025-08-08 04:16:52,716 - INFO - 批量生成完成：共生成 1319 组路径，每组 10 条
2025-08-08 04:16:52,719 - INFO - 投票结果: 选择路径 0, 答案: 52, 置信度: 0.9
2025-08-08 04:16:52,720 - INFO - 投票结果: 选择路径 0, 答案: 5, 置信度: 1.0
2025-08-08 04:16:52,722 - INFO - 投票结果: 选择路径 0, 答案: 83, 置信度: 0.7
2025-08-08 04:16:52,723 - INFO - 投票结果: 选择路径 0, 答案: 10, 置信度: 0.9
2025-08-08 04:16:52,724 - INFO - 投票结果: 选择路径 0, 答案: 70, 置信度: 0.9
2025-08-08 04:16:52,725 - INFO - 投票结果: 选择路径 0, 答案: 36, 置信度: 0.9
2025-08-08 04:16:52,727 - INFO - 投票结果: 选择路径 0, 答案: 48, 置信度: 1.0
2025-08-08 04:16:52,728 - INFO - 投票结果: 选择路径 0, 答案: 16, 置信度: 1.0
2025-08-08 04:16:52,729 - INFO - 投票结果: 选择路径 0, 答案: 4.64, 置信度: 0.2
2025-08-08 04:16:52,731 - INFO - 投票结果: 选择路径 0, 答案: 48, 置信度: 1.0
2025-08-08 04:16:52,732 - INFO - 投票结果: 选择路径 0, 答案: 90, 置信度: 0.9
2025-08-08 04:16:52,733 - INFO - 投票结果: 选择路径 0, 答案: 10, 置信度: 1.0
2025-08-08 04:16:52,734 - INFO - 投票结果: 选择路径 0, 答案: 1, 置信度: 0.3
2025-08-08 04:16:52,736 - INFO - 投票结果: 选择路径 0, 答案: 45000, 置信度: 0.3
2025-08-08 04:16:52,737 - INFO - 投票结果: 选择路径 0, 答案: 18, 置信度: 0.9
2025-08-08 04:16:52,738 - INFO - 投票结果: 选择路径 0, 答案: 140, 置信度: 1.0
2025-08-08 04:16:52,740 - INFO - 投票结果: 选择路径 0, 答案: 17, 置信度: 0.8
2025-08-08 04:16:52,741 - INFO - 投票结果: 选择路径 0, 答案: 68, 置信度: 1.0
2025-08-08 04:16:52,742 - INFO - 投票结果: 选择路径 0, 答案: 8, 置信度: 0.9
2025-08-08 04:16:52,743 - INFO - 投票结果: 选择路径 0, 答案: 14, 置信度: 1.0
2025-08-08 04:16:52,745 - INFO - 投票结果: 选择路径 3, 答案: 50, 置信度: 0.5
2025-08-08 04:16:52,746 - INFO - 投票结果: 选择路径 0, 答案: 100, 置信度: 1.0
2025-08-08 04:16:52,747 - INFO - 投票结果: 选择路径 4, 答案: 125, 置信度: 0.3
2025-08-08 04:16:52,749 - INFO - 投票结果: 选择路径 0, 答案: 48, 置信度: 0.6
2025-08-08 04:16:52,750 - INFO - 投票结果: 选择路径 0, 答案: 16400, 置信度: 0.4
2025-08-08 04:16:52,751 - INFO - 投票结果: 选择路径 0, 答案: 250, 置信度: 1.0
2025-08-08 04:16:52,752 - INFO - 投票结果: 选择路径 3, 答案: 18, 置信度: 0.4
2025-08-08 04:16:52,754 - INFO - 投票结果: 选择路径 0, 答案: 1490, 置信度: 0.8
2025-08-08 04:16:52,755 - INFO - 投票结果: 选择路径 0, 答案: 11, 置信度: 0.8
2025-08-08 04:16:52,756 - INFO - 投票结果: 选择路径 0, 答案: 106, 置信度: 0.8
2025-08-08 04:16:52,758 - INFO - 投票结果: 选择路径 0, 答案: 84, 置信度: 0.4
2025-08-08 04:16:52,759 - INFO - 投票结果: 选择路径 0, 答案: 15, 置信度: 0.9
2025-08-08 04:16:52,761 - INFO - 投票结果: 选择路径 0, 答案: 4, 置信度: 1.0
2025-08-08 04:16:52,762 - INFO - 投票结果: 选择路径 1, 答案: 82, 置信度: 0.7
2025-08-08 04:16:52,763 - INFO - 投票结果: 选择路径 0, 答案: 2, 置信度: 0.8
2025-08-08 04:16:52,764 - INFO - 投票结果: 选择路径 1, 答案: 51, 置信度: 0.5
2025-08-08 04:16:52,766 - INFO - 投票结果: 选择路径 1, 答案: 4, 置信度: 0.9
2025-08-08 04:16:52,767 - INFO - 投票结果: 选择路径 0, 答案: 100, 置信度: 1.0
2025-08-08 04:16:52,768 - INFO - 投票结果: 选择路径 0, 答案: 2500, 置信度: 0.3
2025-08-08 04:16:52,769 - INFO - 投票结果: 选择路径 0, 答案: 188, 置信度: 1.0
2025-08-08 04:16:52,771 - INFO - 投票结果: 选择路径 1, 答案: 30, 置信度: 0.7
2025-08-08 04:16:52,772 - INFO - 投票结果: 选择路径 0, 答案: 30, 置信度: 1.0
2025-08-08 04:16:52,773 - INFO - 投票结果: 选择路径 0, 答案: 240, 置信度: 1.0
2025-08-08 04:16:52,775 - INFO - 投票结果: 选择路径 0, 答案: 7, 置信度: 1.0
2025-08-08 04:16:52,776 - INFO - 投票结果: 选择路径 4, 答案: 350, 置信度: 0.3
2025-08-08 04:16:52,777 - INFO - 投票结果: 选择路径 0, 答案: 4, 置信度: 0.5
2025-08-08 04:16:52,778 - INFO - 投票结果: 选择路径 0, 答案: 36, 置信度: 0.9
2025-08-08 04:16:52,780 - INFO - 投票结果: 选择路径 0, 答案: 2, 置信度: 0.3
2025-08-08 04:16:52,781 - INFO - 投票结果: 选择路径 3, 答案: 2, 置信度: 0.4
2025-08-08 04:16:52,782 - INFO - 投票结果: 选择路径 0, 答案: 33, 置信度: 0.9
2025-08-08 04:16:52,784 - INFO - 投票结果: 选择路径 0, 答案: 21, 置信度: 1.0
2025-08-08 04:16:52,785 - INFO - 投票结果: 选择路径 1, 答案: 185, 置信度: 0.2
2025-08-08 04:16:52,786 - INFO - 投票结果: 选择路径 0, 答案: 60, 置信度: 0.9
2025-08-08 04:16:52,787 - INFO - 投票结果: 选择路径 0, 答案: 49, 置信度: 0.8
2025-08-08 04:16:52,789 - INFO - 投票结果: 选择路径 2, 答案: 1800, 置信度: 0.3
2025-08-08 04:16:52,790 - INFO - 投票结果: 选择路径 0, 答案: 27, 置信度: 0.7
2025-08-08 04:16:52,791 - INFO - 投票结果: 选择路径 0, 答案: 16, 置信度: 0.8
2025-08-08 04:16:52,793 - INFO - 投票结果: 选择路径 0, 答案: 49, 置信度: 0.8
2025-08-08 04:16:52,794 - INFO - 投票结果: 选择路径 3, 答案: 8, 置信度: 0.4
2025-08-08 04:16:52,795 - INFO - 投票结果: 选择路径 1, 答案: 32, 置信度: 0.8
2025-08-08 04:16:52,797 - INFO - 投票结果: 选择路径 0, 答案: 168, 置信度: 0.8
2025-08-08 04:16:52,798 - INFO - 投票结果: 选择路径 0, 答案: 225, 置信度: 1.0
2025-08-08 04:16:52,799 - INFO - 投票结果: 选择路径 0, 答案: 50, 置信度: 1.0
2025-08-08 04:16:52,801 - INFO - 投票结果: 选择路径 4, 答案: 18, 置信度: 0.2
2025-08-08 04:16:52,802 - INFO - 投票结果: 选择路径 0, 答案: 7, 置信度: 1.0
2025-08-08 04:16:52,803 - INFO - 投票结果: 选择路径 0, 答案: 800, 置信度: 0.8
2025-08-08 04:16:52,804 - INFO - 投票结果: 选择路径 0, 答案: 22, 置信度: 1.0
2025-08-08 04:16:52,806 - INFO - 投票结果: 选择路径 0, 答案: 235, 置信度: 0.8
2025-08-08 04:16:52,807 - INFO - 投票结果: 选择路径 1, 答案: 3, 置信度: 0.5
2025-08-08 04:16:52,808 - INFO - 投票结果: 选择路径 1, 答案: 2, 置信度: 0.2
2025-08-08 04:16:52,809 - INFO - 投票结果: 选择路径 0, 答案: 3000, 置信度: 0.7
2025-08-08 04:16:52,811 - INFO - 投票结果: 选择路径 1, 答案: 300, 置信度: 0.9
2025-08-08 04:16:52,812 - INFO - 投票结果: 选择路径 0, 答案: 20, 置信度: 0.7
2025-08-08 04:16:52,813 - INFO - 投票结果: 选择路径 0, 答案: 130, 置信度: 1.0
2025-08-08 04:16:52,815 - INFO - 投票结果: 选择路径 2, 答案: 1, 置信度: 0.5
2025-08-08 04:16:52,816 - INFO - 投票结果: 选择路径 5, 答案: 8, 置信度: 0.4
2025-08-08 04:16:52,817 - INFO - 投票结果: 选择路径 0, 答案: 50, 置信度: 0.6
2025-08-08 04:16:52,818 - INFO - 投票结果: 选择路径 0, 答案: 3, 置信度: 0.6
2025-08-08 04:16:52,820 - INFO - 投票结果: 选择路径 0, 答案: 5, 置信度: 0.8
2025-08-08 04:16:52,821 - INFO - 投票结果: 选择路径 0, 答案: 110, 置信度: 1.0
2025-08-08 04:16:52,822 - INFO - 投票结果: 选择路径 0, 答案: 1300, 置信度: 0.2
2025-08-08 04:16:52,823 - INFO - 投票结果: 选择路径 0, 答案: 16, 置信度: 1.0
2025-08-08 04:16:52,825 - INFO - 投票结果: 选择路径 0, 答案: 80, 置信度: 0.9
2025-08-08 04:16:52,826 - INFO - 投票结果: 选择路径 0, 答案: 45, 置信度: 1.0
2025-08-08 04:16:52,827 - INFO - 投票结果: 选择路径 0, 答案: 36, 置信度: 1.0
2025-08-08 04:16:52,829 - INFO - 投票结果: 选择路径 2, 答案: 5, 置信度: 0.4
2025-08-08 04:16:52,830 - INFO - 投票结果: 选择路径 1, 答案: 6, 置信度: 0.3
2025-08-08 04:16:52,831 - INFO - 投票结果: 选择路径 0, 答案: 36, 置信度: 1.0
2025-08-08 04:16:52,833 - INFO - 投票结果: 选择路径 3, 答案: 60, 置信度: 0.7
2025-08-08 04:16:52,834 - INFO - 投票结果: 选择路径 0, 答案: 9, 置信度: 0.9
2025-08-08 04:16:52,835 - INFO - 投票结果: 选择路径 0, 答案: 1, 置信度: 0.9
2025-08-08 04:16:52,836 - INFO - 投票结果: 选择路径 0, 答案: 30, 置信度: 0.9
2025-08-08 04:16:52,838 - INFO - 投票结果: 选择路径 5, 答案: 0, 置信度: 0.2
2025-08-08 04:16:52,839 - INFO - 投票结果: 选择路径 0, 答案: 34, 置信度: 1.0
2025-08-08 04:16:52,840 - INFO - 投票结果: 选择路径 2, 答案: 12, 置信度: 0.2
2025-08-08 04:16:52,842 - INFO - 投票结果: 选择路径 0, 答案: 306, 置信度: 1.0
2025-08-08 04:16:52,843 - INFO - 投票结果: 选择路径 1, 答案: 55, 置信度: 0.8
2025-08-08 04:16:52,844 - INFO - 投票结果: 选择路径 0, 答案: 12, 置信度: 1.0
2025-08-08 04:16:52,845 - INFO - 投票结果: 选择路径 0, 答案: 75, 置信度: 0.9
2025-08-08 04:16:52,847 - INFO - 投票结果: 选择路径 1, 答案: 24, 置信度: 0.3
2025-08-08 04:16:52,848 - INFO - 投票结果: 选择路径 0, 答案: 100, 置信度: 0.4
2025-08-08 04:16:52,849 - INFO - 投票结果: 选择路径 0, 答案: 110, 置信度: 1.0
2025-08-08 04:16:52,851 - INFO - 投票结果: 选择路径 0, 答案: 452, 置信度: 0.2
2025-08-08 04:16:52,852 - INFO - 投票结果: 选择路径 0, 答案: 30, 置信度: 1.0
2025-08-08 04:16:52,853 - INFO - 投票结果: 选择路径 0, 答案: 80, 置信度: 0.9
2025-08-08 04:16:52,854 - INFO - 投票结果: 选择路径 0, 答案: 3, 置信度: 0.4
2025-08-08 04:16:52,856 - INFO - 投票结果: 选择路径 0, 答案: 120, 置信度: 1.0
2025-08-08 04:16:52,857 - INFO - 投票结果: 选择路径 4, 答案: 108, 置信度: 0.3
2025-08-08 04:16:52,858 - INFO - 投票结果: 选择路径 0, 答案: 70, 置信度: 1.0
2025-08-08 04:16:52,860 - INFO - 投票结果: 选择路径 1, 答案: 20.50, 置信度: 0.6
2025-08-08 04:16:52,861 - INFO - 投票结果: 选择路径 0, 答案: 150, 置信度: 1.0
2025-08-08 04:16:52,862 - INFO - 投票结果: 选择路径 0, 答案: 10, 置信度: 0.3
2025-08-08 04:16:52,864 - INFO - 投票结果: 选择路径 0, 答案: 2, 置信度: 0.3
2025-08-08 04:16:52,865 - INFO - 投票结果: 选择路径 0, 答案: 250, 置信度: 0.8
2025-08-08 04:16:52,866 - INFO - 投票结果: 选择路径 0, 答案: 3, 置信度: 1.0
2025-08-08 04:16:52,868 - INFO - 投票结果: 选择路径 0, 答案: 15, 置信度: 1.0
2025-08-08 04:16:52,869 - INFO - 投票结果: 选择路径 0, 答案: 12, 置信度: 0.9
2025-08-08 04:16:52,870 - INFO - 投票结果: 选择路径 0, 答案: 60, 置信度: 1.0
2025-08-08 04:16:52,872 - INFO - 投票结果: 选择路径 0, 答案: 3, 置信度: 0.9
2025-08-08 04:16:52,873 - INFO - 投票结果: 选择路径 0, 答案: 9, 置信度: 0.4
2025-08-08 04:16:52,874 - INFO - 投票结果: 选择路径 0, 答案: 140000, 置信度: 1.0
2025-08-08 04:16:52,875 - INFO - 投票结果: 选择路径 0, 答案: 6, 置信度: 0.6
2025-08-08 04:16:52,877 - INFO - 投票结果: 选择路径 0, 答案: 2400, 置信度: 1.0
2025-08-08 04:16:52,878 - INFO - 投票结果: 选择路径 0, 答案: 4, 置信度: 1.0
2025-08-08 04:16:52,879 - INFO - 投票结果: 选择路径 3, 答案: 103, 置信度: 0.2
2025-08-08 04:16:52,881 - INFO - 投票结果: 选择路径 0, 答案: 300, 置信度: 0.9
2025-08-08 04:16:52,882 - INFO - 投票结果: 选择路径 1, 答案: 91, 置信度: 0.7
2025-08-08 04:16:52,883 - INFO - 投票结果: 选择路径 0, 答案: 8, 置信度: 0.8
2025-08-08 04:16:52,884 - INFO - 投票结果: 选择路径 0, 答案: 120, 置信度: 1.0
2025-08-08 04:16:52,886 - INFO - 投票结果: 选择路径 0, 答案: 350, 置信度: 1.0
2025-08-08 04:16:52,887 - INFO - 投票结果: 选择路径 0, 答案: 2600, 置信度: 1.0
2025-08-08 04:16:52,888 - INFO - 投票结果: 选择路径 0, 答案: 10, 置信度: 0.9
2025-08-08 04:16:52,890 - INFO - 投票结果: 选择路径 0, 答案: 26, 置信度: 0.3
2025-08-08 04:16:52,891 - INFO - 投票结果: 选择路径 1, 答案: 7, 置信度: 0.3
2025-08-08 04:16:52,892 - INFO - 投票结果: 选择路径 0, 答案: 31, 置信度: 0.6
2025-08-08 04:16:52,893 - INFO - 投票结果: 选择路径 0, 答案: 975, 置信度: 0.7
2025-08-08 04:16:52,895 - INFO - 投票结果: 选择路径 0, 答案: 20, 置信度: 0.5
2025-08-08 04:16:52,896 - INFO - 投票结果: 选择路径 0, 答案: 120, 置信度: 0.9
2025-08-08 04:16:52,897 - INFO - 投票结果: 选择路径 0, 答案: 220, 置信度: 1.0
2025-08-08 04:16:52,899 - INFO - 投票结果: 选择路径 1, 答案: 87, 置信度: 0.9
2025-08-08 04:16:52,900 - INFO - 投票结果: 选择路径 0, 答案: 300, 置信度: 1.0
2025-08-08 04:16:52,901 - INFO - 投票结果: 选择路径 0, 答案: 30, 置信度: 0.6
2025-08-08 04:16:52,902 - INFO - 投票结果: 选择路径 2, 答案: 21, 置信度: 0.4
2025-08-08 04:16:52,904 - INFO - 投票结果: 选择路径 0, 答案: 16, 置信度: 1.0
2025-08-08 04:16:52,905 - INFO - 投票结果: 选择路径 0, 答案: 7, 置信度: 1.0
2025-08-08 04:16:52,906 - INFO - 投票结果: 选择路径 2, 答案: 81, 置信度: 0.5
2025-08-08 04:16:52,908 - INFO - 投票结果: 选择路径 1, 答案: 5, 置信度: 0.8
2025-08-08 04:16:52,909 - INFO - 投票结果: 选择路径 0, 答案: 9, 置信度: 1.0
2025-08-08 04:16:52,910 - INFO - 投票结果: 选择路径 0, 答案: 10, 置信度: 1.0
2025-08-08 04:16:52,911 - INFO - 投票结果: 选择路径 4, 答案: 14, 置信度: 0.4
2025-08-08 04:16:52,913 - INFO - 投票结果: 选择路径 1, 答案: 5, 置信度: 0.6
2025-08-08 04:16:52,914 - INFO - 投票结果: 选择路径 0, 答案: 50, 置信度: 0.9
2025-08-08 04:16:52,915 - INFO - 投票结果: 选择路径 0, 答案: 48, 置信度: 0.6
2025-08-08 04:16:52,917 - INFO - 投票结果: 选择路径 0, 答案: 25, 置信度: 1.0
2025-08-08 04:16:52,918 - INFO - 投票结果: 选择路径 0, 答案: 92, 置信度: 0.5
2025-08-08 04:16:52,919 - INFO - 投票结果: 选择路径 0, 答案: 66.67, 置信度: 0.3
2025-08-08 04:16:52,920 - INFO - 投票结果: 选择路径 0, 答案: 180, 置信度: 0.7
2025-08-08 04:16:52,922 - INFO - 投票结果: 选择路径 0, 答案: 21, 置信度: 1.0
2025-08-08 04:16:52,923 - INFO - 投票结果: 选择路径 0, 答案: 1200, 置信度: 1.0
2025-08-08 04:16:52,924 - INFO - 投票结果: 选择路径 0, 答案: 255, 置信度: 0.4
2025-08-08 04:16:52,926 - INFO - 投票结果: 选择路径 0, 答案: 4, 置信度: 0.6
2025-08-08 04:16:52,927 - INFO - 投票结果: 选择路径 0, 答案: 10, 置信度: 1.0
2025-08-08 04:16:52,928 - INFO - 投票结果: 选择路径 0, 答案: 700, 置信度: 0.8
2025-08-08 04:16:52,929 - INFO - 投票结果: 选择路径 0, 答案: 38, 置信度: 1.0
2025-08-08 04:16:52,931 - INFO - 投票结果: 选择路径 0, 答案: 32, 置信度: 0.9
2025-08-08 04:16:52,932 - INFO - 投票结果: 选择路径 0, 答案: 30, 置信度: 1.0
2025-08-08 04:16:52,933 - INFO - 投票结果: 选择路径 0, 答案: 16, 置信度: 1.0
2025-08-08 04:16:52,934 - INFO - 投票结果: 选择路径 0, 答案: 40, 置信度: 1.0
2025-08-08 04:16:52,936 - INFO - 投票结果: 选择路径 0, 答案: 288, 置信度: 1.0
2025-08-08 04:16:52,937 - INFO - 投票结果: 选择路径 0, 答案: 1100, 置信度: 1.0
2025-08-08 04:16:52,938 - INFO - 投票结果: 选择路径 0, 答案: 20, 置信度: 0.9
2025-08-08 04:16:52,940 - INFO - 投票结果: 选择路径 0, 答案: 2, 置信度: 0.9
2025-08-08 04:16:52,941 - INFO - 投票结果: 选择路径 1, 答案: 1040000, 置信度: 0.8
2025-08-08 04:16:52,942 - INFO - 投票结果: 选择路径 0, 答案: 9, 置信度: 0.8
2025-08-08 04:16:52,943 - INFO - 投票结果: 选择路径 0, 答案: 132, 置信度: 1.0
2025-08-08 04:16:52,945 - INFO - 投票结果: 选择路径 0, 答案: 93, 置信度: 1.0
2025-08-08 04:16:52,946 - INFO - 投票结果: 选择路径 0, 答案: 4, 置信度: 1.0
2025-08-08 04:16:52,947 - INFO - 投票结果: 选择路径 0, 答案: 85, 置信度: 0.6
2025-08-08 04:16:52,949 - INFO - 投票结果: 选择路径 0, 答案: 33, 置信度: 0.7
2025-08-08 04:16:52,950 - INFO - 投票结果: 选择路径 0, 答案: 12, 置信度: 0.7
2025-08-08 04:16:52,951 - INFO - 投票结果: 选择路径 0, 答案: 7200, 置信度: 1.0
2025-08-08 04:16:52,952 - INFO - 投票结果: 选择路径 0, 答案: 60, 置信度: 1.0
2025-08-08 04:16:52,954 - INFO - 投票结果: 选择路径 0, 答案: 44, 置信度: 0.8
2025-08-08 04:16:52,955 - INFO - 投票结果: 选择路径 0, 答案: 113, 置信度: 0.9
2025-08-08 04:16:52,956 - INFO - 投票结果: 选择路径 3, 答案: 43500, 置信度: 0.3
2025-08-08 04:16:52,957 - INFO - 投票结果: 选择路径 0, 答案: 720, 置信度: 1.0
2025-08-08 04:16:52,959 - INFO - 投票结果: 选择路径 0, 答案: 50, 置信度: 0.9
2025-08-08 04:16:52,960 - INFO - 投票结果: 选择路径 0, 答案: 24, 置信度: 0.9
2025-08-08 04:16:52,961 - INFO - 投票结果: 选择路径 1, 答案: 43, 置信度: 0.7
2025-08-08 04:16:52,962 - INFO - 投票结果: 选择路径 0, 答案: 30, 置信度: 1.0
2025-08-08 04:16:52,964 - INFO - 投票结果: 选择路径 0, 答案: 23, 置信度: 0.8
2025-08-08 04:16:52,965 - INFO - 投票结果: 选择路径 1, 答案: 251, 置信度: 0.9
2025-08-08 04:16:52,967 - INFO - 投票结果: 选择路径 0, 答案: 35, 置信度: 1.0
2025-08-08 04:16:52,968 - INFO - 投票结果: 选择路径 1, 答案: 110, 置信度: 0.5
2025-08-08 04:16:52,969 - INFO - 投票结果: 选择路径 0, 答案: 82, 置信度: 1.0
2025-08-08 04:16:52,971 - INFO - 投票结果: 选择路径 1, 答案: 2100, 置信度: 0.7
2025-08-08 04:16:52,972 - INFO - 投票结果: 选择路径 0, 答案: 3, 置信度: 0.5
2025-08-08 04:16:52,973 - INFO - 投票结果: 选择路径 0, 答案: 12, 置信度: 1.0
2025-08-08 04:16:52,975 - INFO - 投票结果: 选择路径 1, 答案: 6, 置信度: 0.6
2025-08-08 04:16:52,976 - INFO - 投票结果: 选择路径 0, 答案: 10, 置信度: 0.2
2025-08-08 04:16:52,977 - INFO - 投票结果: 选择路径 0, 答案: 3500, 置信度: 0.1
2025-08-08 04:16:52,978 - INFO - 投票结果: 选择路径 0, 答案: 27, 置信度: 1.0
2025-08-08 04:16:52,980 - INFO - 投票结果: 选择路径 0, 答案: 360, 置信度: 1.0
2025-08-08 04:16:52,981 - INFO - 投票结果: 选择路径 0, 答案: 14, 置信度: 0.4
2025-08-08 04:16:52,982 - INFO - 投票结果: 选择路径 0, 答案: 694, 置信度: 0.9
2025-08-08 04:16:52,983 - INFO - 投票结果: 选择路径 0, 答案: 3, 置信度: 1.0
2025-08-08 04:16:52,985 - INFO - 投票结果: 选择路径 0, 答案: 360, 置信度: 0.8
2025-08-08 04:16:52,986 - INFO - 投票结果: 选择路径 1, 答案: 350, 置信度: 0.3
2025-08-08 04:16:52,987 - INFO - 投票结果: 选择路径 0, 答案: 20, 置信度: 0.9
2025-08-08 04:16:52,989 - INFO - 投票结果: 选择路径 0, 答案: 3360, 置信度: 1.0
2025-08-08 04:16:52,990 - INFO - 投票结果: 选择路径 1, 答案: 39, 置信度: 0.8
2025-08-08 04:16:52,991 - INFO - 投票结果: 选择路径 0, 答案: 12, 置信度: 0.9
2025-08-08 04:16:52,992 - INFO - 投票结果: 选择路径 0, 答案: 215, 置信度: 1.0
2025-08-08 04:16:52,994 - INFO - 投票结果: 选择路径 0, 答案: 6, 置信度: 0.4
2025-08-08 04:16:52,995 - INFO - 投票结果: 选择路径 0, 答案: 9, 置信度: 1.0
2025-08-08 04:16:52,996 - INFO - 投票结果: 选择路径 0, 答案: 520, 置信度: 0.8
2025-08-08 04:16:52,998 - INFO - 投票结果: 选择路径 1, 答案: 62, 置信度: 0.8
2025-08-08 04:16:52,999 - INFO - 投票结果: 选择路径 0, 答案: 122, 置信度: 0.3
2025-08-08 04:16:53,000 - INFO - 投票结果: 选择路径 0, 答案: 120, 置信度: 0.9
2025-08-08 04:16:53,001 - INFO - 投票结果: 选择路径 0, 答案: 15, 置信度: 1.0
2025-08-08 04:16:53,003 - INFO - 投票结果: 选择路径 2, 答案: 60, 置信度: 0.3
2025-08-08 04:16:53,004 - INFO - 投票结果: 选择路径 2, 答案: 520, 置信度: 0.2
2025-08-08 04:16:53,005 - INFO - 投票结果: 选择路径 0, 答案: 4, 置信度: 0.2
2025-08-08 04:16:53,007 - INFO - 投票结果: 选择路径 1, 答案: 170, 置信度: 0.4
2025-08-08 04:16:53,008 - INFO - 投票结果: 选择路径 0, 答案: 298, 置信度: 0.5
2025-08-08 04:16:53,009 - INFO - 投票结果: 选择路径 1, 答案: 21, 置信度: 0.7
2025-08-08 04:16:53,011 - INFO - 投票结果: 选择路径 0, 答案: 10, 置信度: 0.6
2025-08-08 04:16:53,012 - INFO - 投票结果: 选择路径 2, 答案: 6, 置信度: 0.4
2025-08-08 04:16:53,013 - INFO - 投票结果: 选择路径 1, 答案: 43200, 置信度: 0.7
2025-08-08 04:16:53,014 - INFO - 投票结果: 选择路径 0, 答案: 10, 置信度: 1.0
2025-08-08 04:16:53,016 - INFO - 投票结果: 选择路径 0, 答案: 8, 置信度: 0.5
2025-08-08 04:16:53,017 - INFO - 投票结果: 选择路径 3, 答案: 36, 置信度: 0.3
2025-08-08 04:16:53,019 - INFO - 投票结果: 选择路径 0, 答案: 160, 置信度: 0.7
2025-08-08 04:16:53,020 - INFO - 投票结果: 选择路径 0, 答案: 40, 置信度: 1.0
2025-08-08 04:16:53,021 - INFO - 投票结果: 选择路径 1, 答案: 12, 置信度: 0.3
2025-08-08 04:16:53,022 - INFO - 投票结果: 选择路径 0, 答案: 12, 置信度: 0.4
2025-08-08 04:16:53,024 - INFO - 投票结果: 选择路径 0, 答案: 36, 置信度: 1.0
2025-08-08 04:16:53,025 - INFO - 投票结果: 选择路径 0, 答案: 9, 置信度: 1.0
2025-08-08 04:16:53,026 - INFO - 投票结果: 选择路径 0, 答案: 16, 置信度: 0.9
2025-08-08 04:16:53,027 - INFO - 投票结果: 选择路径 0, 答案: 60, 置信度: 1.0
2025-08-08 04:16:53,029 - INFO - 投票结果: 选择路径 0, 答案: 4, 置信度: 1.0
2025-08-08 04:16:53,030 - INFO - 投票结果: 选择路径 0, 答案: 3, 置信度: 0.9
2025-08-08 04:16:53,031 - INFO - 投票结果: 选择路径 0, 答案: 100, 置信度: 1.0
2025-08-08 04:16:53,032 - INFO - 投票结果: 选择路径 0, 答案: 2040, 置信度: 0.3
2025-08-08 04:16:53,034 - INFO - 投票结果: 选择路径 1, 答案: 20, 置信度: 0.6
2025-08-08 04:16:53,035 - INFO - 投票结果: 选择路径 0, 答案: 29, 置信度: 1.0
2025-08-08 04:16:53,036 - INFO - 投票结果: 选择路径 1, 答案: 80, 置信度: 0.6
2025-08-08 04:16:53,038 - INFO - 投票结果: 选择路径 0, 答案: 23, 置信度: 1.0
2025-08-08 04:16:53,039 - INFO - 投票结果: 选择路径 0, 答案: 10, 置信度: 0.2
2025-08-08 04:16:53,040 - INFO - 投票结果: 选择路径 0, 答案: 9, 置信度: 0.6
2025-08-08 04:16:53,041 - INFO - 投票结果: 选择路径 0, 答案: 156, 置信度: 0.6
2025-08-08 04:16:53,043 - INFO - 投票结果: 选择路径 4, 答案: 48, 置信度: 0.2
2025-08-08 04:16:53,044 - INFO - 投票结果: 选择路径 0, 答案: 10, 置信度: 0.9
2025-08-08 04:16:53,045 - INFO - 投票结果: 选择路径 0, 答案: 8, 置信度: 1.0
2025-08-08 04:16:53,046 - INFO - 投票结果: 选择路径 0, 答案: 32, 置信度: 1.0
2025-08-08 04:16:53,048 - INFO - 投票结果: 选择路径 4, 答案: 48, 置信度: 0.5
2025-08-08 04:16:53,049 - INFO - 投票结果: 选择路径 0, 答案: 500, 置信度: 1.0
2025-08-08 04:16:53,050 - INFO - 投票结果: 选择路径 0, 答案: 8, 置信度: 0.9
2025-08-08 04:16:53,052 - INFO - 投票结果: 选择路径 0, 答案: 5, 置信度: 0.4
2025-08-08 04:16:53,053 - INFO - 投票结果: 选择路径 0, 答案: -10, 置信度: 1.0
2025-08-08 04:16:53,054 - INFO - 投票结果: 选择路径 0, 答案: 5, 置信度: 0.9
2025-08-08 04:16:53,055 - INFO - 投票结果: 选择路径 0, 答案: 8, 置信度: 1.0
2025-08-08 04:16:53,057 - INFO - 投票结果: 选择路径 0, 答案: 34, 置信度: 1.0
2025-08-08 04:16:53,058 - INFO - 投票结果: 选择路径 1, 答案: 30, 置信度: 0.8
2025-08-08 04:16:53,059 - INFO - 投票结果: 选择路径 0, 答案: 1000, 置信度: 1.0
2025-08-08 04:16:53,061 - INFO - 投票结果: 选择路径 1, 答案: 6, 置信度: 0.6
2025-08-08 04:16:53,062 - INFO - 投票结果: 选择路径 2, 答案: 50, 置信度: 0.4
2025-08-08 04:16:53,063 - INFO - 投票结果: 选择路径 0, 答案: 1920, 置信度: 1.0
2025-08-08 04:16:53,065 - INFO - 投票结果: 选择路径 0, 答案: 19, 置信度: 0.3
2025-08-08 04:16:53,066 - INFO - 投票结果: 选择路径 0, 答案: 50, 置信度: 0.8
2025-08-08 04:16:53,067 - INFO - 投票结果: 选择路径 1, 答案: 4000, 置信度: 0.3
2025-08-08 04:16:53,068 - INFO - 投票结果: 选择路径 0, 答案: 5, 置信度: 1.0
2025-08-08 04:16:53,070 - INFO - 投票结果: 选择路径 0, 答案: 10, 置信度: 0.9
2025-08-08 04:16:53,071 - INFO - 投票结果: 选择路径 0, 答案: 7, 置信度: 1.0
2025-08-08 04:16:53,072 - INFO - 投票结果: 选择路径 0, 答案: 20, 置信度: 1.0
2025-08-08 04:16:53,074 - INFO - 投票结果: 选择路径 0, 答案: 38, 置信度: 0.4
2025-08-08 04:16:53,075 - INFO - 投票结果: 选择路径 0, 答案: 9, 置信度: 0.7
2025-08-08 04:16:53,076 - INFO - 投票结果: 选择路径 5, 答案: 102500, 置信度: 0.2
2025-08-08 04:16:53,077 - INFO - 投票结果: 选择路径 2, 答案: 120, 置信度: 0.4
2025-08-08 04:16:53,079 - INFO - 投票结果: 选择路径 0, 答案: 10812, 置信度: 0.1
2025-08-08 04:16:53,080 - INFO - 投票结果: 选择路径 1, 答案: 4, 置信度: 0.4
2025-08-08 04:16:53,081 - INFO - 投票结果: 选择路径 0, 答案: 595, 置信度: 0.6
2025-08-08 04:16:53,082 - INFO - 投票结果: 选择路径 0, 答案: 110, 置信度: 1.0
2025-08-08 04:16:53,084 - INFO - 投票结果: 选择路径 0, 答案: 4800, 置信度: 1.0
2025-08-08 04:16:53,085 - INFO - 投票结果: 选择路径 1, 答案: 140, 置信度: 0.7
2025-08-08 04:16:53,086 - INFO - 投票结果: 选择路径 0, 答案: 34, 置信度: 1.0
2025-08-08 04:16:53,088 - INFO - 投票结果: 选择路径 0, 答案: 10, 置信度: 0.9
2025-08-08 04:16:53,089 - INFO - 投票结果: 选择路径 6, 答案: 2450, 置信度: 0.4
2025-08-08 04:16:53,090 - INFO - 投票结果: 选择路径 0, 答案: 30, 置信度: 1.0
2025-08-08 04:16:53,091 - INFO - 投票结果: 选择路径 0, 答案: 224000, 置信度: 0.8
2025-08-08 04:16:53,093 - INFO - 投票结果: 选择路径 0, 答案: 168, 置信度: 0.9
2025-08-08 04:16:53,094 - INFO - 投票结果: 选择路径 0, 答案: 120, 置信度: 1.0
2025-08-08 04:16:53,096 - INFO - 投票结果: 选择路径 0, 答案: 3, 置信度: 0.7
2025-08-08 04:16:53,097 - INFO - 投票结果: 选择路径 0, 答案: 20, 置信度: 0.9
2025-08-08 04:16:53,098 - INFO - 投票结果: 选择路径 0, 答案: 4, 置信度: 0.9
2025-08-08 04:16:53,099 - INFO - 投票结果: 选择路径 0, 答案: 15, 置信度: 0.6
2025-08-08 04:16:53,101 - INFO - 投票结果: 选择路径 0, 答案: 8, 置信度: 1.0
2025-08-08 04:16:53,102 - INFO - 投票结果: 选择路径 0, 答案: 308, 置信度: 1.0
2025-08-08 04:16:53,103 - INFO - 投票结果: 选择路径 0, 答案: 187, 置信度: 1.0
2025-08-08 04:16:53,105 - INFO - 投票结果: 选择路径 0, 答案: 123, 置信度: 0.7
2025-08-08 04:16:53,106 - INFO - 投票结果: 选择路径 0, 答案: 42, 置信度: 0.2
2025-08-08 04:16:53,107 - INFO - 投票结果: 选择路径 3, 答案: 100, 置信度: 0.2
2025-08-08 04:16:53,109 - INFO - 投票结果: 选择路径 0, 答案: 14000, 置信度: 1.0
2025-08-08 04:16:53,110 - INFO - 投票结果: 选择路径 0, 答案: 160, 置信度: 0.4
2025-08-08 04:16:53,111 - INFO - 投票结果: 选择路径 0, 答案: 7, 置信度: 0.8
2025-08-08 04:16:53,113 - INFO - 投票结果: 选择路径 0, 答案: 480, 置信度: 0.9
2025-08-08 04:16:53,114 - INFO - 投票结果: 选择路径 0, 答案: 2, 置信度: 0.7
2025-08-08 04:16:53,115 - INFO - 投票结果: 选择路径 1, 答案: 45, 置信度: 0.6
2025-08-08 04:16:53,117 - INFO - 投票结果: 选择路径 0, 答案: 31, 置信度: 0.7
2025-08-08 04:16:53,118 - INFO - 投票结果: 选择路径 1, 答案: 15, 置信度: 0.5
2025-08-08 04:16:53,119 - INFO - 投票结果: 选择路径 0, 答案: 18, 置信度: 0.9
2025-08-08 04:16:53,121 - INFO - 投票结果: 选择路径 2, 答案: 6, 置信度: 0.5
2025-08-08 04:16:53,122 - INFO - 投票结果: 选择路径 0, 答案: 93000, 置信度: 1.0
2025-08-08 04:16:53,123 - INFO - 投票结果: 选择路径 0, 答案: 12632, 置信度: 0.1
2025-08-08 04:16:53,124 - INFO - 投票结果: 选择路径 0, 答案: 150, 置信度: 0.9
2025-08-08 04:16:53,126 - INFO - 投票结果: 选择路径 1, 答案: 220, 置信度: 0.9
2025-08-08 04:16:53,127 - INFO - 投票结果: 选择路径 1, 答案: 12, 置信度: 0.8
2025-08-08 04:16:53,128 - INFO - 投票结果: 选择路径 0, 答案: 71, 置信度: 1.0
2025-08-08 04:16:53,129 - INFO - 投票结果: 选择路径 0, 答案: 8, 置信度: 1.0
2025-08-08 04:16:53,131 - INFO - 投票结果: 选择路径 0, 答案: 1680, 置信度: 0.1
2025-08-08 04:16:53,132 - INFO - 投票结果: 选择路径 0, 答案: 53, 置信度: 0.9
2025-08-08 04:16:53,133 - INFO - 投票结果: 选择路径 0, 答案: 31800, 置信度: 0.7
2025-08-08 04:16:53,135 - INFO - 投票结果: 选择路径 0, 答案: 4, 置信度: 0.8
2025-08-08 04:16:53,136 - INFO - 投票结果: 选择路径 0, 答案: 12, 置信度: 1.0
2025-08-08 04:16:53,137 - INFO - 投票结果: 选择路径 0, 答案: 10, 置信度: 1.0
2025-08-08 04:16:53,138 - INFO - 投票结果: 选择路径 3, 答案: 3600, 置信度: 0.3
2025-08-08 04:16:53,140 - INFO - 投票结果: 选择路径 0, 答案: 18, 置信度: 1.0
2025-08-08 04:16:53,141 - INFO - 投票结果: 选择路径 1, 答案: 18, 置信度: 0.7
2025-08-08 04:16:53,142 - INFO - 投票结果: 选择路径 0, 答案: 139, 置信度: 0.9
2025-08-08 04:16:53,144 - INFO - 投票结果: 选择路径 0, 答案: 36, 置信度: 0.6
2025-08-08 04:16:53,145 - INFO - 投票结果: 选择路径 0, 答案: 6, 置信度: 0.6
2025-08-08 04:16:53,146 - INFO - 投票结果: 选择路径 0, 答案: 12, 置信度: 1.0
2025-08-08 04:16:53,147 - INFO - 投票结果: 选择路径 0, 答案: 78, 置信度: 1.0
2025-08-08 04:16:53,149 - INFO - 投票结果: 选择路径 0, 答案: 3, 置信度: 1.0
2025-08-08 04:16:53,150 - INFO - 投票结果: 选择路径 0, 答案: 57.5, 置信度: 0.1
2025-08-08 04:16:53,151 - INFO - 投票结果: 选择路径 0, 答案: 163, 置信度: 0.5
2025-08-08 04:16:53,152 - INFO - 投票结果: 选择路径 0, 答案: 90, 置信度: 0.9
2025-08-08 04:16:53,154 - INFO - 投票结果: 选择路径 1, 答案: 180, 置信度: 0.4
2025-08-08 04:16:53,155 - INFO - 投票结果: 选择路径 0, 答案: 480, 置信度: 0.2
2025-08-08 04:16:53,156 - INFO - 投票结果: 选择路径 1, 答案: 11, 置信度: 0.4
2025-08-08 04:16:53,158 - INFO - 投票结果: 选择路径 1, 答案: 90, 置信度: 0.9
2025-08-08 04:16:53,159 - INFO - 投票结果: 选择路径 1, 答案: 42, 置信度: 0.7
2025-08-08 04:16:53,160 - INFO - 投票结果: 选择路径 0, 答案: 162, 置信度: 1.0
2025-08-08 04:16:53,162 - INFO - 投票结果: 选择路径 0, 答案: 9, 置信度: 0.8
2025-08-08 04:16:53,163 - INFO - 投票结果: 选择路径 1, 答案: 48, 置信度: 0.5
2025-08-08 04:16:53,164 - INFO - 投票结果: 选择路径 0, 答案: 82, 置信度: 0.4
2025-08-08 04:16:53,165 - INFO - 投票结果: 选择路径 0, 答案: 14000, 置信度: 0.8
2025-08-08 04:16:53,167 - INFO - 投票结果: 选择路径 0, 答案: 45, 置信度: 0.9
2025-08-08 04:16:53,168 - INFO - 投票结果: 选择路径 1, 答案: 420, 置信度: 0.9
2025-08-08 04:16:53,169 - INFO - 投票结果: 选择路径 0, 答案: 15, 置信度: 0.8
2025-08-08 04:16:53,170 - INFO - 投票结果: 选择路径 1, 答案: 30, 置信度: 0.9
2025-08-08 04:16:53,172 - INFO - 投票结果: 选择路径 0, 答案: 280, 置信度: 1.0
2025-08-08 04:16:53,173 - INFO - 投票结果: 选择路径 3, 答案: 5, 置信度: 0.6
2025-08-08 04:16:53,174 - INFO - 投票结果: 选择路径 0, 答案: 135, 置信度: 1.0
2025-08-08 04:16:53,176 - INFO - 投票结果: 选择路径 0, 答案: 67, 置信度: 1.0
2025-08-08 04:16:53,177 - INFO - 投票结果: 选择路径 0, 答案: 1260, 置信度: 0.9
2025-08-08 04:16:53,178 - INFO - 投票结果: 选择路径 0, 答案: 80, 置信度: 1.0
2025-08-08 04:16:53,180 - INFO - 投票结果: 选择路径 1, 答案: 1220, 置信度: 0.3
2025-08-08 04:16:53,181 - INFO - 投票结果: 选择路径 0, 答案: 15, 置信度: 1.0
2025-08-08 04:16:53,182 - INFO - 投票结果: 选择路径 0, 答案: 12, 置信度: 0.7
2025-08-08 04:16:53,183 - INFO - 投票结果: 选择路径 0, 答案: 15, 置信度: 1.0
2025-08-08 04:16:53,185 - INFO - 投票结果: 选择路径 0, 答案: 221, 置信度: 1.0
2025-08-08 04:16:53,186 - INFO - 投票结果: 选择路径 0, 答案: 5, 置信度: 1.0
2025-08-08 04:16:53,187 - INFO - 投票结果: 选择路径 0, 答案: 11, 置信度: 0.7
2025-08-08 04:16:53,189 - INFO - 投票结果: 选择路径 0, 答案: 8400, 置信度: 0.6
2025-08-08 04:16:53,190 - INFO - 投票结果: 选择路径 1, 答案: 7000, 置信度: 0.4
2025-08-08 04:16:53,191 - INFO - 投票结果: 选择路径 0, 答案: 60, 置信度: 0.9
2025-08-08 04:16:53,192 - INFO - 投票结果: 选择路径 5, 答案: 826, 置信度: 0.3
2025-08-08 04:16:53,194 - INFO - 投票结果: 选择路径 0, 答案: 20, 置信度: 0.4
2025-08-08 04:16:53,195 - INFO - 投票结果: 选择路径 0, 答案: 6, 置信度: 0.9
2025-08-08 04:16:53,196 - INFO - 投票结果: 选择路径 0, 答案: 12, 置信度: 0.5
2025-08-08 04:16:53,198 - INFO - 投票结果: 选择路径 0, 答案: 480, 置信度: 0.9
2025-08-08 04:16:53,199 - INFO - 投票结果: 选择路径 1, 答案: 14400, 置信度: 0.5
2025-08-08 04:16:53,200 - INFO - 投票结果: 选择路径 0, 答案: 3, 置信度: 1.0
2025-08-08 04:16:53,202 - INFO - 投票结果: 选择路径 0, 答案: 250, 置信度: 0.9
2025-08-08 04:16:53,203 - INFO - 投票结果: 选择路径 0, 答案: 168, 置信度: 1.0
2025-08-08 04:16:53,204 - INFO - 投票结果: 选择路径 2, 答案: 64800, 置信度: 0.2
2025-08-08 04:16:53,205 - INFO - 投票结果: 选择路径 0, 答案: 120, 置信度: 0.7
2025-08-08 04:16:53,207 - INFO - 投票结果: 选择路径 0, 答案: 270, 置信度: 0.9
2025-08-08 04:16:53,208 - INFO - 投票结果: 选择路径 0, 答案: 26, 置信度: 1.0
2025-08-08 04:16:53,209 - INFO - 投票结果: 选择路径 1, 答案: 27, 置信度: 0.5
2025-08-08 04:16:53,210 - INFO - 投票结果: 选择路径 3, 答案: 75, 置信度: 0.4
2025-08-08 04:16:53,212 - INFO - 投票结果: 选择路径 0, 答案: 101, 置信度: 1.0
2025-08-08 04:16:53,213 - INFO - 投票结果: 选择路径 2, 答案: 80, 置信度: 0.5
2025-08-08 04:16:53,214 - INFO - 投票结果: 选择路径 0, 答案: 85, 置信度: 1.0
2025-08-08 04:16:53,216 - INFO - 投票结果: 选择路径 0, 答案: 3, 置信度: 0.5
2025-08-08 04:16:53,217 - INFO - 投票结果: 选择路径 1, 答案: 3200, 置信度: 0.6
2025-08-08 04:16:53,218 - INFO - 投票结果: 选择路径 1, 答案: 300, 置信度: 0.9
2025-08-08 04:16:53,219 - INFO - 投票结果: 选择路径 0, 答案: 31, 置信度: 0.9
2025-08-08 04:16:53,221 - INFO - 投票结果: 选择路径 0, 答案: 12, 置信度: 0.7
2025-08-08 04:16:53,222 - INFO - 投票结果: 选择路径 0, 答案: 2:00p, 置信度: 0.7
2025-08-08 04:16:53,223 - INFO - 投票结果: 选择路径 0, 答案: 3, 置信度: 0.9
2025-08-08 04:16:53,224 - INFO - 投票结果: 选择路径 1, 答案: 10, 置信度: 0.7
2025-08-08 04:16:53,226 - INFO - 投票结果: 选择路径 0, 答案: 45, 置信度: 1.0
2025-08-08 04:16:53,227 - INFO - 投票结果: 选择路径 0, 答案: 200, 置信度: 0.8
2025-08-08 04:16:53,228 - INFO - 投票结果: 选择路径 0, 答案: 34, 置信度: 0.4
2025-08-08 04:16:53,230 - INFO - 投票结果: 选择路径 0, 答案: 10, 置信度: 0.8
2025-08-08 04:16:53,231 - INFO - 投票结果: 选择路径 3, 答案: 98, 置信度: 0.6
2025-08-08 04:16:53,232 - INFO - 投票结果: 选择路径 0, 答案: \frac{5}{2}, 置信度: 0.2
2025-08-08 04:16:53,234 - INFO - 投票结果: 选择路径 0, 答案: 45, 置信度: 0.5
2025-08-08 04:16:53,235 - INFO - 投票结果: 选择路径 0, 答案: 6, 置信度: 0.2
2025-08-08 04:16:53,236 - INFO - 投票结果: 选择路径 2, 答案: 8, 置信度: 0.7
2025-08-08 04:16:53,238 - INFO - 投票结果: 选择路径 1, 答案: 15, 置信度: 0.4
2025-08-08 04:16:53,239 - INFO - 投票结果: 选择路径 0, 答案: 70, 置信度: 1.0
2025-08-08 04:16:53,240 - INFO - 投票结果: 选择路径 0, 答案: 294, 置信度: 0.9
2025-08-08 04:16:53,241 - INFO - 投票结果: 选择路径 1, 答案: 5, 置信度: 0.6
2025-08-08 04:16:53,243 - INFO - 投票结果: 选择路径 0, 答案: 13, 置信度: 0.9
2025-08-08 04:16:53,244 - INFO - 投票结果: 选择路径 0, 答案: 195, 置信度: 1.0
2025-08-08 04:16:53,245 - INFO - 投票结果: 选择路径 0, 答案: 7, 置信度: 1.0
2025-08-08 04:16:53,246 - INFO - 投票结果: 选择路径 1, 答案: 1875, 置信度: 0.6
2025-08-08 04:16:53,248 - INFO - 投票结果: 选择路径 0, 答案: 385000, 置信度: 1.0
2025-08-08 04:16:53,249 - INFO - 投票结果: 选择路径 0, 答案: 85, 置信度: 1.0
2025-08-08 04:16:53,250 - INFO - 投票结果: 选择路径 0, 答案: 27, 置信度: 0.9
2025-08-08 04:16:53,252 - INFO - 投票结果: 选择路径 0, 答案: 159, 置信度: 0.9
2025-08-08 04:16:53,253 - INFO - 投票结果: 选择路径 0, 答案: 25, 置信度: 1.0
2025-08-08 04:16:53,254 - INFO - 投票结果: 选择路径 0, 答案: 720, 置信度: 1.0
2025-08-08 04:16:53,255 - INFO - 投票结果: 选择路径 0, 答案: 549, 置信度: 0.7
2025-08-08 04:16:53,257 - INFO - 投票结果: 选择路径 1, 答案: 7, 置信度: 0.6
2025-08-08 04:16:53,258 - INFO - 投票结果: 选择路径 1, 答案: 25, 置信度: 0.7
2025-08-08 04:16:53,259 - INFO - 投票结果: 选择路径 0, 答案: 0, 置信度: 0.3
2025-08-08 04:16:53,260 - INFO - 投票结果: 选择路径 0, 答案: 2, 置信度: 1.0
2025-08-08 04:16:53,262 - INFO - 投票结果: 选择路径 1, 答案: 22, 置信度: 0.6
2025-08-08 04:16:53,263 - INFO - 投票结果: 选择路径 2, 答案: 40, 置信度: 0.8
2025-08-08 04:16:53,264 - INFO - 投票结果: 选择路径 1, 答案: 2050, 置信度: 0.2
2025-08-08 04:16:53,266 - INFO - 投票结果: 选择路径 8, 答案: 275, 置信度: 0.2
2025-08-08 04:16:53,267 - INFO - 投票结果: 选择路径 0, 答案: 10, 置信度: 0.8
2025-08-08 04:16:53,268 - INFO - 投票结果: 选择路径 0, 答案: 36, 置信度: 0.5
2025-08-08 04:16:53,269 - INFO - 投票结果: 选择路径 0, 答案: 17, 置信度: 0.8
2025-08-08 04:16:53,271 - INFO - 投票结果: 选择路径 0, 答案: 50, 置信度: 0.5
2025-08-08 04:16:53,272 - INFO - 投票结果: 选择路径 0, 答案: 96, 置信度: 0.6
2025-08-08 04:16:53,273 - INFO - 投票结果: 选择路径 0, 答案: 280, 置信度: 0.5
2025-08-08 04:16:53,275 - INFO - 投票结果: 选择路径 5, 答案: 50, 置信度: 0.2
2025-08-08 04:16:53,276 - INFO - 投票结果: 选择路径 0, 答案: 142, 置信度: 1.0
2025-08-08 04:16:53,277 - INFO - 投票结果: 选择路径 1, 答案: 5, 置信度: 0.6
2025-08-08 04:16:53,278 - INFO - 投票结果: 选择路径 0, 答案: 95, 置信度: 1.0
2025-08-08 04:16:53,280 - INFO - 投票结果: 选择路径 0, 答案: 175, 置信度: 1.0
2025-08-08 04:16:53,281 - INFO - 投票结果: 选择路径 0, 答案: 20, 置信度: 0.5
2025-08-08 04:16:53,283 - INFO - 投票结果: 选择路径 0, 答案: 15, 置信度: 1.0
2025-08-08 04:16:53,284 - INFO - 投票结果: 选择路径 0, 答案: 370, 置信度: 1.0
2025-08-08 04:16:53,285 - INFO - 投票结果: 选择路径 0, 答案: 0, 置信度: 0.3
2025-08-08 04:16:53,287 - INFO - 投票结果: 选择路径 0, 答案: 2, 置信度: 0.7
2025-08-08 04:16:53,288 - INFO - 投票结果: 选择路径 1, 答案: 120, 置信度: 0.4
2025-08-08 04:16:53,289 - INFO - 投票结果: 选择路径 0, 答案: 70, 置信度: 1.0
2025-08-08 04:16:53,290 - INFO - 投票结果: 选择路径 1, 答案: 17000, 置信度: 0.6
2025-08-08 04:16:53,292 - INFO - 投票结果: 选择路径 0, 答案: 57, 置信度: 0.7
2025-08-08 04:16:53,293 - INFO - 投票结果: 选择路径 0, 答案: 1260, 置信度: 0.7
2025-08-08 04:16:53,294 - INFO - 投票结果: 选择路径 0, 答案: 4500, 置信度: 1.0
2025-08-08 04:16:53,296 - INFO - 投票结果: 选择路径 0, 答案: 5, 置信度: 0.8
2025-08-08 04:16:53,297 - INFO - 投票结果: 选择路径 0, 答案: 360, 置信度: 1.0
2025-08-08 04:16:53,298 - INFO - 投票结果: 选择路径 0, 答案: 50, 置信度: 0.5
2025-08-08 04:16:53,300 - INFO - 投票结果: 选择路径 0, 答案: 95, 置信度: 0.3
2025-08-08 04:16:53,301 - INFO - 投票结果: 选择路径 0, 答案: 2, 置信度: 0.6
2025-08-08 04:16:53,302 - INFO - 投票结果: 选择路径 0, 答案: 7.17, 置信度: 0.8
2025-08-08 04:16:53,304 - INFO - 投票结果: 选择路径 2, 答案: 5760, 置信度: 0.7
2025-08-08 04:16:53,305 - INFO - 投票结果: 选择路径 0, 答案: 35, 置信度: 1.0
2025-08-08 04:16:53,306 - INFO - 投票结果: 选择路径 0, 答案: 27, 置信度: 0.4
2025-08-08 04:16:53,308 - INFO - 投票结果: 选择路径 0, 答案: 7, 置信度: 0.8
2025-08-08 04:16:53,309 - INFO - 投票结果: 选择路径 0, 答案: 3, 置信度: 1.0
2025-08-08 04:16:53,310 - INFO - 投票结果: 选择路径 2, 答案: 147, 置信度: 0.3
2025-08-08 04:16:53,312 - INFO - 投票结果: 选择路径 0, 答案: 280, 置信度: 0.7
2025-08-08 04:16:53,313 - INFO - 投票结果: 选择路径 0, 答案: 16, 置信度: 0.5
2025-08-08 04:16:53,314 - INFO - 投票结果: 选择路径 0, 答案: 10, 置信度: 1.0
2025-08-08 04:16:53,315 - INFO - 投票结果: 选择路径 0, 答案: 101, 置信度: 1.0
2025-08-08 04:16:53,317 - INFO - 投票结果: 选择路径 0, 答案: 12, 置信度: 0.8
2025-08-08 04:16:53,318 - INFO - 投票结果: 选择路径 0, 答案: 78, 置信度: 0.9
2025-08-08 04:16:53,319 - INFO - 投票结果: 选择路径 0, 答案: 16, 置信度: 1.0
2025-08-08 04:16:53,321 - INFO - 投票结果: 选择路径 0, 答案: 8, 置信度: 0.7
2025-08-08 04:16:53,322 - INFO - 投票结果: 选择路径 0, 答案: 20, 置信度: 0.8
2025-08-08 04:16:53,323 - INFO - 投票结果: 选择路径 0, 答案: 280, 置信度: 0.8
2025-08-08 04:16:53,324 - INFO - 投票结果: 选择路径 2, 答案: 47.25, 置信度: 0.4
2025-08-08 04:16:53,326 - INFO - 投票结果: 选择路径 0, 答案: 105, 置信度: 0.8
2025-08-08 04:16:53,327 - INFO - 投票结果: 选择路径 1, 答案: 58, 置信度: 0.5
2025-08-08 04:16:53,328 - INFO - 投票结果: 选择路径 0, 答案: 6, 置信度: 1.0
2025-08-08 04:16:53,330 - INFO - 投票结果: 选择路径 1, 答案: 80, 置信度: 0.4
2025-08-08 04:16:53,331 - INFO - 投票结果: 选择路径 0, 答案: 770, 置信度: 1.0
2025-08-08 04:16:53,332 - INFO - 投票结果: 选择路径 0, 答案: 28, 置信度: 0.9
2025-08-08 04:16:53,333 - INFO - 投票结果: 选择路径 6, 答案: 64.44, 置信度: 0.2
2025-08-08 04:16:53,335 - INFO - 投票结果: 选择路径 0, 答案: 1630, 置信度: 1.0
2025-08-08 04:16:53,336 - INFO - 投票结果: 选择路径 0, 答案: 55, 置信度: 0.9
2025-08-08 04:16:53,337 - INFO - 投票结果: 选择路径 4, 答案: 58, 置信度: 0.5
2025-08-08 04:16:53,338 - INFO - 投票结果: 选择路径 0, 答案: 11, 置信度: 0.9
2025-08-08 04:16:53,340 - INFO - 投票结果: 选择路径 0, 答案: 3, 置信度: 1.0
2025-08-08 04:16:53,341 - INFO - 投票结果: 选择路径 1, 答案: 20, 置信度: 0.6
2025-08-08 04:16:53,342 - INFO - 投票结果: 选择路径 0, 答案: 15, 置信度: 0.8
2025-08-08 04:16:53,344 - INFO - 投票结果: 选择路径 2, 答案: 150, 置信度: 0.3
2025-08-08 04:16:53,345 - INFO - 投票结果: 选择路径 0, 答案: 70, 置信度: 0.9
2025-08-08 04:16:53,346 - INFO - 投票结果: 选择路径 0, 答案: 63, 置信度: 1.0
2025-08-08 04:16:53,347 - INFO - 投票结果: 选择路径 0, 答案: 14, 置信度: 0.6
2025-08-08 04:16:53,349 - INFO - 投票结果: 选择路径 0, 答案: 11, 置信度: 1.0
2025-08-08 04:16:53,350 - INFO - 投票结果: 选择路径 1, 答案: 153, 置信度: 0.6
2025-08-08 04:16:53,351 - INFO - 投票结果: 选择路径 0, 答案: 15, 置信度: 0.9
2025-08-08 04:16:53,353 - INFO - 投票结果: 选择路径 3, 答案: 135, 置信度: 0.2
2025-08-08 04:16:53,354 - INFO - 投票结果: 选择路径 1, 答案: 175, 置信度: 0.7
2025-08-08 04:16:53,355 - INFO - 投票结果: 选择路径 0, 答案: 600, 置信度: 0.8
2025-08-08 04:16:53,357 - INFO - 投票结果: 选择路径 0, 答案: 20, 置信度: 0.8
2025-08-08 04:16:53,358 - INFO - 投票结果: 选择路径 0, 答案: 12, 置信度: 0.9
2025-08-08 04:16:53,359 - INFO - 投票结果: 选择路径 0, 答案: 87, 置信度: 0.9
2025-08-08 04:16:53,361 - INFO - 投票结果: 选择路径 1, 答案: 54, 置信度: 0.6
2025-08-08 04:16:53,362 - INFO - 投票结果: 选择路径 0, 答案: 10, 置信度: 0.4
2025-08-08 04:16:53,363 - INFO - 投票结果: 选择路径 0, 答案: 18, 置信度: 1.0
2025-08-08 04:16:53,364 - INFO - 投票结果: 选择路径 0, 答案: 230, 置信度: 1.0
2025-08-08 04:16:53,366 - INFO - 投票结果: 选择路径 0, 答案: 5, 置信度: 0.3
2025-08-08 04:16:53,367 - INFO - 投票结果: 选择路径 1, 答案: 1198, 置信度: 0.4
2025-08-08 04:16:53,368 - INFO - 投票结果: 选择路径 0, 答案: 2325, 置信度: 1.0
2025-08-08 04:16:53,370 - INFO - 投票结果: 选择路径 0, 答案: 80, 置信度: 1.0
2025-08-08 04:16:53,371 - INFO - 投票结果: 选择路径 0, 答案: 880, 置信度: 1.0
2025-08-08 04:16:53,372 - INFO - 投票结果: 选择路径 0, 答案: 5, 置信度: 0.8
2025-08-08 04:16:53,373 - INFO - 投票结果: 选择路径 0, 答案: 45, 置信度: 0.9
2025-08-08 04:16:53,375 - INFO - 投票结果: 选择路径 0, 答案: 75, 置信度: 1.0
2025-08-08 04:16:53,376 - INFO - 投票结果: 选择路径 1, 答案: 4, 置信度: 0.4
2025-08-08 04:16:53,377 - INFO - 投票结果: 选择路径 0, 答案: 350, 置信度: 1.0
2025-08-08 04:16:53,379 - INFO - 投票结果: 选择路径 0, 答案: 200, 置信度: 1.0
2025-08-08 04:16:53,380 - INFO - 投票结果: 选择路径 0, 答案: 1000, 置信度: 0.7
2025-08-08 04:16:53,381 - INFO - 投票结果: 选择路径 3, 答案: 21, 置信度: 0.5
2025-08-08 04:16:53,382 - INFO - 投票结果: 选择路径 0, 答案: 19, 置信度: 0.9
2025-08-08 04:16:53,384 - INFO - 投票结果: 选择路径 0, 答案: 13, 置信度: 1.0
2025-08-08 04:16:53,385 - INFO - 投票结果: 选择路径 0, 答案: 120, 置信度: 0.3
2025-08-08 04:16:53,386 - INFO - 投票结果: 选择路径 0, 答案: 440, 置信度: 0.9
2025-08-08 04:16:53,388 - INFO - 投票结果: 选择路径 0, 答案: 48, 置信度: 1.0
2025-08-08 04:16:53,389 - INFO - 投票结果: 选择路径 1, 答案: 33, 置信度: 0.5
2025-08-08 04:16:53,390 - INFO - 投票结果: 选择路径 1, 答案: 32, 置信度: 0.3
2025-08-08 04:16:53,391 - INFO - 投票结果: 选择路径 0, 答案: 22, 置信度: 1.0
2025-08-08 04:16:53,393 - INFO - 投票结果: 选择路径 0, 答案: 57500, 置信度: 0.9
2025-08-08 04:16:53,394 - INFO - 投票结果: 选择路径 0, 答案: 35, 置信度: 1.0
2025-08-08 04:16:53,395 - INFO - 投票结果: 选择路径 0, 答案: 26, 置信度: 1.0
2025-08-08 04:16:53,397 - INFO - 投票结果: 选择路径 0, 答案: 14, 置信度: 0.1
2025-08-08 04:16:53,398 - INFO - 投票结果: 选择路径 0, 答案: 27000, 置信度: 0.9
2025-08-08 04:16:53,399 - INFO - 投票结果: 选择路径 0, 答案: 157, 置信度: 1.0
2025-08-08 04:16:53,400 - INFO - 投票结果: 选择路径 0, 答案: 14, 置信度: 1.0
2025-08-08 04:16:53,402 - INFO - 投票结果: 选择路径 1, 答案: 26, 置信度: 0.7
2025-08-08 04:16:53,403 - INFO - 投票结果: 选择路径 0, 答案: 1062.93, 置信度: 0.1
2025-08-08 04:16:53,404 - INFO - 投票结果: 选择路径 0, 答案: 12, 置信度: 1.0
2025-08-08 04:16:53,406 - INFO - 投票结果: 选择路径 1, 答案: 11, 置信度: 0.3
2025-08-08 04:16:53,407 - INFO - 投票结果: 选择路径 0, 答案: 366, 置信度: 1.0
2025-08-08 04:16:53,408 - INFO - 投票结果: 选择路径 0, 答案: 195, 置信度: 0.8
2025-08-08 04:16:53,409 - INFO - 投票结果: 选择路径 0, 答案: 90, 置信度: 1.0
2025-08-08 04:16:53,411 - INFO - 投票结果: 选择路径 0, 答案: 10, 置信度: 0.9
2025-08-08 04:16:53,412 - INFO - 投票结果: 选择路径 0, 答案: 400, 置信度: 0.9
2025-08-08 04:16:53,413 - INFO - 投票结果: 选择路径 0, 答案: 6, 置信度: 0.7
2025-08-08 04:16:53,415 - INFO - 投票结果: 选择路径 0, 答案: 17, 置信度: 1.0
2025-08-08 04:16:53,416 - INFO - 投票结果: 选择路径 0, 答案: 220, 置信度: 0.5
2025-08-08 04:16:53,417 - INFO - 投票结果: 选择路径 1, 答案: 22, 置信度: 0.5
2025-08-08 04:16:53,418 - INFO - 投票结果: 选择路径 0, 答案: 44, 置信度: 1.0
2025-08-08 04:16:53,420 - INFO - 投票结果: 选择路径 0, 答案: 48, 置信度: 0.5
2025-08-08 04:16:53,421 - INFO - 投票结果: 选择路径 0, 答案: 27, 置信度: 0.9
2025-08-08 04:16:53,422 - INFO - 投票结果: 选择路径 0, 答案: 120, 置信度: 0.9
2025-08-08 04:16:53,424 - INFO - 投票结果: 选择路径 0, 答案: 12, 置信度: 0.8
2025-08-08 04:16:53,425 - INFO - 投票结果: 选择路径 0, 答案: 5, 置信度: 1.0
2025-08-08 04:16:53,426 - INFO - 投票结果: 选择路径 0, 答案: 36, 置信度: 0.5
2025-08-08 04:16:53,427 - INFO - 投票结果: 选择路径 0, 答案: 9, 置信度: 1.0
2025-08-08 04:16:53,429 - INFO - 投票结果: 选择路径 0, 答案: 2, 置信度: 0.9
2025-08-08 04:16:53,430 - INFO - 投票结果: 选择路径 1, 答案: 38, 置信度: 0.5
2025-08-08 04:16:53,431 - INFO - 投票结果: 选择路径 0, 答案: 70, 置信度: 1.0
2025-08-08 04:16:53,432 - INFO - 投票结果: 选择路径 2, 答案: 2440, 置信度: 0.3
2025-08-08 04:16:53,434 - INFO - 投票结果: 选择路径 0, 答案: 3200, 置信度: 1.0
2025-08-08 04:16:53,435 - INFO - 投票结果: 选择路径 1, 答案: 142, 置信度: 0.7
2025-08-08 04:16:53,436 - INFO - 投票结果: 选择路径 0, 答案: 90, 置信度: 1.0
2025-08-08 04:16:53,438 - INFO - 投票结果: 选择路径 2, 答案: 200, 置信度: 0.7
2025-08-08 04:16:53,439 - INFO - 投票结果: 选择路径 1, 答案: 330000, 置信度: 0.6
2025-08-08 04:16:53,440 - INFO - 投票结果: 选择路径 0, 答案: 9, 置信度: 0.9
2025-08-08 04:16:53,441 - INFO - 投票结果: 选择路径 0, 答案: 10, 置信度: 1.0
2025-08-08 04:16:53,443 - INFO - 投票结果: 选择路径 1, 答案: 56, 置信度: 0.3
2025-08-08 04:16:53,444 - INFO - 投票结果: 选择路径 2, 答案: 700, 置信度: 0.7
2025-08-08 04:16:53,445 - INFO - 投票结果: 选择路径 0, 答案: 12, 置信度: 0.9
2025-08-08 04:16:53,447 - INFO - 投票结果: 选择路径 0, 答案: 3, 置信度: 0.9
2025-08-08 04:16:53,448 - INFO - 投票结果: 选择路径 0, 答案: 320, 置信度: 0.9
2025-08-08 04:16:53,449 - INFO - 投票结果: 选择路径 0, 答案: 39, 置信度: 0.1
2025-08-08 04:16:53,450 - INFO - 投票结果: 选择路径 0, 答案: 50, 置信度: 0.8
2025-08-08 04:16:53,452 - INFO - 投票结果: 选择路径 0, 答案: 50, 置信度: 1.0
2025-08-08 04:16:53,453 - INFO - 投票结果: 选择路径 1, 答案: 2350, 置信度: 0.3
2025-08-08 04:16:53,454 - INFO - 投票结果: 选择路径 1, 答案: 12, 置信度: 0.4
2025-08-08 04:16:53,456 - INFO - 投票结果: 选择路径 0, 答案: 2640, 置信度: 1.0
2025-08-08 04:16:53,457 - INFO - 投票结果: 选择路径 1, 答案: 98, 置信度: 0.7
2025-08-08 04:16:53,458 - INFO - 投票结果: 选择路径 0, 答案: 19, 置信度: 1.0
2025-08-08 04:16:53,460 - INFO - 投票结果: 选择路径 0, 答案: 21, 置信度: 1.0
2025-08-08 04:16:53,461 - INFO - 投票结果: 选择路径 0, 答案: 5, 置信度: 0.6
2025-08-08 04:16:53,462 - INFO - 投票结果: 选择路径 0, 答案: 30, 置信度: 1.0
2025-08-08 04:16:53,464 - INFO - 投票结果: 选择路径 0, 答案: 34, 置信度: 0.9
2025-08-08 04:16:53,465 - INFO - 投票结果: 选择路径 0, 答案: 48, 置信度: 0.7
2025-08-08 04:16:53,467 - INFO - 投票结果: 选择路径 0, 答案: 7, 置信度: 1.0
2025-08-08 04:16:53,468 - INFO - 投票结果: 选择路径 0, 答案: 50, 置信度: 1.0
2025-08-08 04:16:53,469 - INFO - 投票结果: 选择路径 0, 答案: 25, 置信度: 1.0
2025-08-08 04:16:53,472 - INFO - 投票结果: 选择路径 0, 答案: 500, 置信度: 0.9
2025-08-08 04:16:53,473 - INFO - 投票结果: 选择路径 0, 答案: 300, 置信度: 1.0
2025-08-08 04:16:53,475 - INFO - 投票结果: 选择路径 0, 答案: 842, 置信度: 1.0
2025-08-08 04:16:53,476 - INFO - 投票结果: 选择路径 2, 答案: 600, 置信度: 0.5
2025-08-08 04:16:53,477 - INFO - 投票结果: 选择路径 1, 答案: 140, 置信度: 0.4
2025-08-08 04:16:53,478 - INFO - 投票结果: 选择路径 0, 答案: 32, 置信度: 1.0
2025-08-08 04:16:53,480 - INFO - 投票结果: 选择路径 0, 答案: 15, 置信度: 1.0
2025-08-08 04:16:53,481 - INFO - 投票结果: 选择路径 0, 答案: 243, 置信度: 1.0
2025-08-08 04:16:53,482 - INFO - 投票结果: 选择路径 1, 答案: 60, 置信度: 0.7
2025-08-08 04:16:53,484 - INFO - 投票结果: 选择路径 0, 答案: 1218, 置信度: 1.0
2025-08-08 04:16:53,485 - INFO - 投票结果: 选择路径 0, 答案: 16, 置信度: 0.7
2025-08-08 04:16:53,486 - INFO - 投票结果: 选择路径 0, 答案: 40, 置信度: 0.7
2025-08-08 04:16:53,487 - INFO - 投票结果: 选择路径 0, 答案: 1210, 置信度: 1.0
2025-08-08 04:16:53,489 - INFO - 投票结果: 选择路径 1, 答案: 50, 置信度: 0.6
2025-08-08 04:16:53,490 - INFO - 投票结果: 选择路径 0, 答案: 12, 置信度: 1.0
2025-08-08 04:16:53,491 - INFO - 投票结果: 选择路径 0, 答案: 3528, 置信度: 0.7
2025-08-08 04:16:53,493 - INFO - 投票结果: 选择路径 1, 答案: 150, 置信度: 0.5
2025-08-08 04:16:53,494 - INFO - 投票结果: 选择路径 0, 答案: 1050, 置信度: 1.0
2025-08-08 04:16:53,495 - INFO - 投票结果: 选择路径 0, 答案: 2304, 置信度: 1.0
2025-08-08 04:16:53,496 - INFO - 投票结果: 选择路径 0, 答案: 115, 置信度: 0.3
2025-08-08 04:16:53,498 - INFO - 投票结果: 选择路径 2, 答案: 10000, 置信度: 0.3
2025-08-08 04:16:53,499 - INFO - 投票结果: 选择路径 0, 答案: 410, 置信度: 0.5
2025-08-08 04:16:53,500 - INFO - 投票结果: 选择路径 0, 答案: 32, 置信度: 1.0
2025-08-08 04:16:53,501 - INFO - 投票结果: 选择路径 0, 答案: 120, 置信度: 0.8
2025-08-08 04:16:53,503 - INFO - 投票结果: 选择路径 0, 答案: 41, 置信度: 0.7
2025-08-08 04:16:53,504 - INFO - 投票结果: 选择路径 2, 答案: 140, 置信度: 0.3
2025-08-08 04:16:53,505 - INFO - 投票结果: 选择路径 0, 答案: 80, 置信度: 0.7
2025-08-08 04:16:53,507 - INFO - 投票结果: 选择路径 1, 答案: 200, 置信度: 0.7
2025-08-08 04:16:53,508 - INFO - 投票结果: 选择路径 0, 答案: 2, 置信度: 0.9
2025-08-08 04:16:53,509 - INFO - 投票结果: 选择路径 0, 答案: 9, 置信度: 0.8
2025-08-08 04:16:53,511 - INFO - 投票结果: 选择路径 0, 答案: 100, 置信度: 0.8
2025-08-08 04:16:53,512 - INFO - 投票结果: 选择路径 0, 答案: 40, 置信度: 0.9
2025-08-08 04:16:53,513 - INFO - 投票结果: 选择路径 1, 答案: 50, 置信度: 0.5
2025-08-08 04:16:53,515 - INFO - 投票结果: 选择路径 0, 答案: 5600, 置信度: 0.4
2025-08-08 04:16:53,516 - INFO - 投票结果: 选择路径 0, 答案: 5, 置信度: 0.8
2025-08-08 04:16:53,517 - INFO - 投票结果: 选择路径 0, 答案: 600, 置信度: 1.0
2025-08-08 04:16:53,518 - INFO - 投票结果: 选择路径 0, 答案: 6, 置信度: 0.9
2025-08-08 04:16:53,520 - INFO - 投票结果: 选择路径 0, 答案: 1, 置信度: 1.0
2025-08-08 04:16:53,521 - INFO - 投票结果: 选择路径 0, 答案: 360, 置信度: 0.7
2025-08-08 04:16:53,522 - INFO - 投票结果: 选择路径 0, 答案: 45, 置信度: 1.0
2025-08-08 04:16:53,524 - INFO - 投票结果: 选择路径 0, 答案: 310, 置信度: 1.0
2025-08-08 04:16:53,525 - INFO - 投票结果: 选择路径 0, 答案: 6, 置信度: 0.4
2025-08-08 04:16:53,526 - INFO - 投票结果: 选择路径 0, 答案: 30, 置信度: 1.0
2025-08-08 04:16:53,527 - INFO - 投票结果: 选择路径 0, 答案: 220, 置信度: 0.9
2025-08-08 04:16:53,529 - INFO - 投票结果: 选择路径 0, 答案: 310, 置信度: 1.0
2025-08-08 04:16:53,530 - INFO - 投票结果: 选择路径 0, 答案: 250, 置信度: 0.6
2025-08-08 04:16:53,531 - INFO - 投票结果: 选择路径 1, 答案: 118000, 置信度: 0.4
2025-08-08 04:16:53,532 - INFO - 投票结果: 选择路径 0, 答案: 160, 置信度: 1.0
2025-08-08 04:16:53,534 - INFO - 投票结果: 选择路径 1, 答案: 4, 置信度: 0.8
2025-08-08 04:16:53,535 - INFO - 投票结果: 选择路径 0, 答案: 6, 置信度: 1.0
2025-08-08 04:16:53,536 - INFO - 投票结果: 选择路径 0, 答案: 64, 置信度: 0.4
2025-08-08 04:16:53,537 - INFO - 投票结果: 选择路径 0, 答案: 335, 置信度: 1.0
2025-08-08 04:16:53,539 - INFO - 投票结果: 选择路径 1, 答案: 44, 置信度: 0.8
2025-08-08 04:16:53,540 - INFO - 投票结果: 选择路径 0, 答案: 216, 置信度: 1.0
2025-08-08 04:16:53,541 - INFO - 投票结果: 选择路径 0, 答案: 40, 置信度: 1.0
2025-08-08 04:16:53,543 - INFO - 投票结果: 选择路径 3, 答案: 8, 置信度: 0.2
2025-08-08 04:16:53,544 - INFO - 投票结果: 选择路径 1, 答案: 135, 置信度: 0.6
2025-08-08 04:16:53,545 - INFO - 投票结果: 选择路径 0, 答案: 16, 置信度: 0.8
2025-08-08 04:16:53,546 - INFO - 投票结果: 选择路径 1, 答案: 6, 置信度: 0.9
2025-08-08 04:16:53,548 - INFO - 投票结果: 选择路径 0, 答案: 17, 置信度: 1.0
2025-08-08 04:16:53,549 - INFO - 投票结果: 选择路径 0, 答案: 540, 置信度: 1.0
2025-08-08 04:16:53,550 - INFO - 投票结果: 选择路径 0, 答案: 621, 置信度: 0.9
2025-08-08 04:16:53,552 - INFO - 投票结果: 选择路径 0, 答案: 120, 置信度: 0.9
2025-08-08 04:16:53,553 - INFO - 投票结果: 选择路径 1, 答案: 56, 置信度: 0.8
2025-08-08 04:16:53,554 - INFO - 投票结果: 选择路径 0, 答案: 2, 置信度: 1.0
2025-08-08 04:16:53,555 - INFO - 投票结果: 选择路径 0, 答案: 3, 置信度: 1.0
2025-08-08 04:16:53,557 - INFO - 投票结果: 选择路径 0, 答案: 104, 置信度: 0.7
2025-08-08 04:16:53,558 - INFO - 投票结果: 选择路径 0, 答案: 5, 置信度: 0.9
2025-08-08 04:16:53,559 - INFO - 投票结果: 选择路径 1, 答案: 21, 置信度: 0.2
2025-08-08 04:16:53,560 - INFO - 投票结果: 选择路径 0, 答案: 6, 置信度: 1.0
2025-08-08 04:16:53,562 - INFO - 投票结果: 选择路径 1, 答案: 63.33, 置信度: 0.7
2025-08-08 04:16:53,563 - INFO - 投票结果: 选择路径 0, 答案: 10, 置信度: 0.9
2025-08-08 04:16:53,564 - INFO - 投票结果: 选择路径 0, 答案: 9, 置信度: 0.9
2025-08-08 04:16:53,566 - INFO - 投票结果: 选择路径 0, 答案: 5, 置信度: 0.9
2025-08-08 04:16:53,567 - INFO - 投票结果: 选择路径 0, 答案: 16, 置信度: 1.0
2025-08-08 04:16:53,568 - INFO - 投票结果: 选择路径 0, 答案: 296, 置信度: 0.9
2025-08-08 04:16:53,569 - INFO - 投票结果: 选择路径 1, 答案: 750, 置信度: 0.8
2025-08-08 04:16:53,571 - INFO - 投票结果: 选择路径 0, 答案: 2, 置信度: 0.4
2025-08-08 04:16:53,572 - INFO - 投票结果: 选择路径 0, 答案: 4, 置信度: 1.0
2025-08-08 04:16:53,573 - INFO - 投票结果: 选择路径 0, 答案: 25, 置信度: 0.7
2025-08-08 04:16:53,575 - INFO - 投票结果: 选择路径 1, 答案: 210, 置信度: 0.3
2025-08-08 04:16:53,576 - INFO - 投票结果: 选择路径 2, 答案: 2, 置信度: 0.4
2025-08-08 04:16:53,577 - INFO - 投票结果: 选择路径 0, 答案: 35, 置信度: 0.8
2025-08-08 04:16:53,578 - INFO - 投票结果: 选择路径 0, 答案: 24, 置信度: 0.7
2025-08-08 04:16:53,580 - INFO - 投票结果: 选择路径 1, 答案: \frac{47}{3}, 置信度: 0.2
2025-08-08 04:16:53,581 - INFO - 投票结果: 选择路径 0, 答案: 69, 置信度: 0.8
2025-08-08 04:16:53,582 - INFO - 投票结果: 选择路径 0, 答案: 168, 置信度: 1.0
2025-08-08 04:16:53,584 - INFO - 投票结果: 选择路径 0, 答案: 20, 置信度: 1.0
2025-08-08 04:16:53,585 - INFO - 投票结果: 选择路径 0, 答案: 4, 置信度: 1.0
2025-08-08 04:16:53,586 - INFO - 投票结果: 选择路径 0, 答案: 1596, 置信度: 0.7
2025-08-08 04:16:53,588 - INFO - 投票结果: 选择路径 1, 答案: 150, 置信度: 0.3
2025-08-08 04:16:53,589 - INFO - 投票结果: 选择路径 0, 答案: 20, 置信度: 0.8
2025-08-08 04:16:53,590 - INFO - 投票结果: 选择路径 0, 答案: 2, 置信度: 0.9
2025-08-08 04:16:53,592 - INFO - 投票结果: 选择路径 0, 答案: 14, 置信度: 0.4
2025-08-08 04:16:53,593 - INFO - 投票结果: 选择路径 0, 答案: 3140, 置信度: 0.7
2025-08-08 04:16:53,594 - INFO - 投票结果: 选择路径 0, 答案: 4, 置信度: 1.0
2025-08-08 04:16:53,595 - INFO - 投票结果: 选择路径 0, 答案: 81, 置信度: 1.0
2025-08-08 04:16:53,597 - INFO - 投票结果: 选择路径 3, 答案: 54, 置信度: 0.4
2025-08-08 04:16:53,598 - INFO - 投票结果: 选择路径 0, 答案: 1400, 置信度: 0.8
2025-08-08 04:16:53,599 - INFO - 投票结果: 选择路径 4, 答案: 22.22, 置信度: 0.3
2025-08-08 04:16:53,600 - INFO - 投票结果: 选择路径 1, 答案: 30, 置信度: 0.6
2025-08-08 04:16:53,602 - INFO - 投票结果: 选择路径 0, 答案: 26, 置信度: 0.9
2025-08-08 04:16:53,603 - INFO - 投票结果: 选择路径 0, 答案: 13, 置信度: 1.0
2025-08-08 04:16:53,604 - INFO - 投票结果: 选择路径 0, 答案: 623, 置信度: 0.8
2025-08-08 04:16:53,606 - INFO - 投票结果: 选择路径 0, 答案: 92, 置信度: 1.0
2025-08-08 04:16:53,607 - INFO - 投票结果: 选择路径 0, 答案: 42, 置信度: 0.6
2025-08-08 04:16:53,608 - INFO - 投票结果: 选择路径 0, 答案: 55, 置信度: 0.8
2025-08-08 04:16:53,609 - INFO - 投票结果: 选择路径 0, 答案: 90, 置信度: 1.0
2025-08-08 04:16:53,611 - INFO - 投票结果: 选择路径 0, 答案: 75, 置信度: 0.9
2025-08-08 04:16:53,612 - INFO - 投票结果: 选择路径 0, 答案: 10, 置信度: 1.0
2025-08-08 04:16:53,614 - INFO - 投票结果: 选择路径 0, 答案: 70, 置信度: 1.0
2025-08-08 04:16:53,615 - INFO - 投票结果: 选择路径 0, 答案: 4, 置信度: 0.3
2025-08-08 04:16:53,616 - INFO - 投票结果: 选择路径 0, 答案: 2450, 置信度: 0.7
2025-08-08 04:16:53,618 - INFO - 投票结果: 选择路径 0, 答案: 20, 置信度: 0.7
2025-08-08 04:16:53,619 - INFO - 投票结果: 选择路径 0, 答案: 378000, 置信度: 0.4
2025-08-08 04:16:53,620 - INFO - 投票结果: 选择路径 1, 答案: 38, 置信度: 0.9
2025-08-08 04:16:53,622 - INFO - 投票结果: 选择路径 0, 答案: 300, 置信度: 0.9
2025-08-08 04:16:53,623 - INFO - 投票结果: 选择路径 0, 答案: 75, 置信度: 1.0
2025-08-08 04:16:53,624 - INFO - 投票结果: 选择路径 0, 答案: 1800, 置信度: 0.7
2025-08-08 04:16:53,626 - INFO - 投票结果: 选择路径 0, 答案: 18, 置信度: 0.8
2025-08-08 04:16:53,627 - INFO - 投票结果: 选择路径 0, 答案: 9500, 置信度: 0.6
2025-08-08 04:16:53,629 - INFO - 投票结果: 选择路径 0, 答案: 7, 置信度: 1.0
2025-08-08 04:16:53,630 - INFO - 投票结果: 选择路径 0, 答案: 336, 置信度: 0.9
2025-08-08 04:16:53,631 - INFO - 投票结果: 选择路径 3, 答案: 48, 置信度: 0.2
2025-08-08 04:16:53,633 - INFO - 投票结果: 选择路径 0, 答案: 78, 置信度: 1.0
2025-08-08 04:16:53,634 - INFO - 投票结果: 选择路径 2, 答案: 155, 置信度: 0.3
2025-08-08 04:16:53,635 - INFO - 投票结果: 选择路径 0, 答案: 15, 置信度: 0.7
2025-08-08 04:16:53,637 - INFO - 投票结果: 选择路径 0, 答案: 375, 置信度: 1.0
2025-08-08 04:16:53,638 - INFO - 投票结果: 选择路径 1, 答案: 54, 置信度: 0.9
2025-08-08 04:16:53,639 - INFO - 投票结果: 选择路径 0, 答案: 6400, 置信度: 0.3
2025-08-08 04:16:53,640 - INFO - 投票结果: 选择路径 1, 答案: 14, 置信度: 0.4
2025-08-08 04:16:53,642 - INFO - 投票结果: 选择路径 0, 答案: 7, 置信度: 0.8
2025-08-08 04:16:53,643 - INFO - 投票结果: 选择路径 0, 答案: 100, 置信度: 0.8
2025-08-08 04:16:53,644 - INFO - 投票结果: 选择路径 0, 答案: 450, 置信度: 0.9
2025-08-08 04:16:53,645 - INFO - 投票结果: 选择路径 0, 答案: 6600, 置信度: 0.3
2025-08-08 04:16:53,647 - INFO - 投票结果: 选择路径 6, 答案: 43, 置信度: 0.2
2025-08-08 04:16:53,648 - INFO - 投票结果: 选择路径 0, 答案: 6, 置信度: 1.0
2025-08-08 04:16:53,649 - INFO - 投票结果: 选择路径 1, 答案: 1200, 置信度: 0.8
2025-08-08 04:16:53,651 - INFO - 投票结果: 选择路径 0, 答案: 24, 置信度: 0.5
2025-08-08 04:16:53,652 - INFO - 投票结果: 选择路径 1, 答案: 14, 置信度: 0.4
2025-08-08 04:16:53,653 - INFO - 投票结果: 选择路径 0, 答案: 28.33, 置信度: 0.2
2025-08-08 04:16:53,655 - INFO - 投票结果: 选择路径 2, 答案: 230, 置信度: 0.8
2025-08-08 04:16:53,656 - INFO - 投票结果: 选择路径 1, 答案: 12, 置信度: 0.3
2025-08-08 04:16:53,657 - INFO - 投票结果: 选择路径 1, 答案: 40, 置信度: 0.2
2025-08-08 04:16:53,659 - INFO - 投票结果: 选择路径 0, 答案: 14, 置信度: 0.9
2025-08-08 04:16:53,660 - INFO - 投票结果: 选择路径 0, 答案: 20, 置信度: 1.0
2025-08-08 04:16:53,661 - INFO - 投票结果: 选择路径 1, 答案: 180, 置信度: 0.8
2025-08-08 04:16:53,662 - INFO - 投票结果: 选择路径 3, 答案: 2, 置信度: 0.3
2025-08-08 04:16:53,664 - INFO - 投票结果: 选择路径 0, 答案: 420, 置信度: 0.1
2025-08-08 04:16:53,665 - INFO - 投票结果: 选择路径 0, 答案: 64, 置信度: 0.6
2025-08-08 04:16:53,666 - INFO - 投票结果: 选择路径 0, 答案: 48, 置信度: 1.0
2025-08-08 04:16:53,667 - INFO - 投票结果: 选择路径 0, 答案: 4, 置信度: 1.0
2025-08-08 04:16:53,669 - INFO - 投票结果: 选择路径 2, 答案: 14, 置信度: 0.8
2025-08-08 04:16:53,670 - INFO - 投票结果: 选择路径 0, 答案: 5600, 置信度: 0.4
2025-08-08 04:16:53,671 - INFO - 投票结果: 选择路径 1, 答案: 13, 置信度: 0.3
2025-08-08 04:16:53,673 - INFO - 投票结果: 选择路径 0, 答案: 144, 置信度: 0.6
2025-08-08 04:16:53,674 - INFO - 投票结果: 选择路径 0, 答案: 560, 置信度: 0.6
2025-08-08 04:16:53,675 - INFO - 投票结果: 选择路径 1, 答案: 428, 置信度: 0.7
2025-08-08 04:16:53,677 - INFO - 投票结果: 选择路径 0, 答案: 665, 置信度: 1.0
2025-08-08 04:16:53,678 - INFO - 投票结果: 选择路径 1, 答案: 7500, 置信度: 0.4
2025-08-08 04:16:53,679 - INFO - 投票结果: 选择路径 0, 答案: 2.5, 置信度: 0.8
2025-08-08 04:16:53,680 - INFO - 投票结果: 选择路径 0, 答案: 90, 置信度: 0.4
2025-08-08 04:16:53,682 - INFO - 投票结果: 选择路径 1, 答案: 570, 置信度: 0.9
2025-08-08 04:16:53,683 - INFO - 投票结果: 选择路径 0, 答案: 5, 置信度: 0.9
2025-08-08 04:16:53,684 - INFO - 投票结果: 选择路径 3, 答案: 86, 置信度: 0.5
2025-08-08 04:16:53,686 - INFO - 投票结果: 选择路径 0, 答案: 160, 置信度: 1.0
2025-08-08 04:16:53,687 - INFO - 投票结果: 选择路径 0, 答案: 6, 置信度: 1.0
2025-08-08 04:16:53,688 - INFO - 投票结果: 选择路径 1, 答案: 6000, 置信度: 0.4
2025-08-08 04:16:53,690 - INFO - 投票结果: 选择路径 0, 答案: 800, 置信度: 0.9
2025-08-08 04:16:53,691 - INFO - 投票结果: 选择路径 0, 答案: 1, 置信度: 0.8
2025-08-08 04:16:53,692 - INFO - 投票结果: 选择路径 0, 答案: 4, 置信度: 0.8
2025-08-08 04:16:53,693 - INFO - 投票结果: 选择路径 1, 答案: 31, 置信度: 0.8
2025-08-08 04:16:53,695 - INFO - 投票结果: 选择路径 0, 答案: 276000, 置信度: 1.0
2025-08-08 04:16:53,696 - INFO - 投票结果: 选择路径 1, 答案: 482, 置信度: 0.6
2025-08-08 04:16:53,697 - INFO - 投票结果: 选择路径 0, 答案: 100, 置信度: 1.0
2025-08-08 04:16:53,699 - INFO - 投票结果: 选择路径 0, 答案: 21, 置信度: 0.9
2025-08-08 04:16:53,700 - INFO - 投票结果: 选择路径 0, 答案: 40, 置信度: 1.0
2025-08-08 04:16:53,701 - INFO - 投票结果: 选择路径 0, 答案: 180000, 置信度: 1.0
2025-08-08 04:16:53,702 - INFO - 投票结果: 选择路径 0, 答案: 14, 置信度: 1.0
2025-08-08 04:16:53,704 - INFO - 投票结果: 选择路径 0, 答案: 54, 置信度: 0.6
2025-08-08 04:16:53,705 - INFO - 投票结果: 选择路径 1, 答案: 5, 置信度: 0.6
2025-08-08 04:16:53,706 - INFO - 投票结果: 选择路径 0, 答案: 48, 置信度: 0.8
2025-08-08 04:16:53,708 - INFO - 投票结果: 选择路径 0, 答案: 390, 置信度: 0.7
2025-08-08 04:16:53,709 - INFO - 投票结果: 选择路径 0, 答案: 22, 置信度: 1.0
2025-08-08 04:16:53,710 - INFO - 投票结果: 选择路径 0, 答案: 12, 置信度: 0.7
2025-08-08 04:16:53,711 - INFO - 投票结果: 选择路径 0, 答案: 18000, 置信度: 0.7
2025-08-08 04:16:53,713 - INFO - 投票结果: 选择路径 2, 答案: 8642, 置信度: 0.6
2025-08-08 04:16:53,714 - INFO - 投票结果: 选择路径 0, 答案: 10, 置信度: 0.9
2025-08-08 04:16:53,715 - INFO - 投票结果: 选择路径 0, 答案: 36, 置信度: 0.4
2025-08-08 04:16:53,716 - INFO - 投票结果: 选择路径 0, 答案: 22, 置信度: 1.0
2025-08-08 04:16:53,718 - INFO - 投票结果: 选择路径 0, 答案: 61, 置信度: 0.6
2025-08-08 04:16:53,719 - INFO - 投票结果: 选择路径 0, 答案: 10, 置信度: 0.7
2025-08-08 04:16:53,720 - INFO - 投票结果: 选择路径 0, 答案: 15, 置信度: 0.6
2025-08-08 04:16:53,722 - INFO - 投票结果: 选择路径 0, 答案: 14, 置信度: 1.0
2025-08-08 04:16:53,723 - INFO - 投票结果: 选择路径 0, 答案: 14, 置信度: 1.0
2025-08-08 04:16:53,724 - INFO - 投票结果: 选择路径 0, 答案: 4, 置信度: 1.0
2025-08-08 04:16:53,725 - INFO - 投票结果: 选择路径 0, 答案: 3000, 置信度: 0.9
2025-08-08 04:16:53,727 - INFO - 投票结果: 选择路径 1, 答案: 4, 置信度: 0.5
2025-08-08 04:16:53,728 - INFO - 投票结果: 选择路径 0, 答案: 374, 置信度: 0.5
2025-08-08 04:16:53,729 - INFO - 投票结果: 选择路径 0, 答案: 1080, 置信度: 0.8
2025-08-08 04:16:53,731 - INFO - 投票结果: 选择路径 0, 答案: 84, 置信度: 0.7
2025-08-08 04:16:53,732 - INFO - 投票结果: 选择路径 0, 答案: 91, 置信度: 1.0
2025-08-08 04:16:53,733 - INFO - 投票结果: 选择路径 0, 答案: 18, 置信度: 0.9
2025-08-08 04:16:53,735 - INFO - 投票结果: 选择路径 1, 答案: 180, 置信度: 0.8
2025-08-08 04:16:53,736 - INFO - 投票结果: 选择路径 0, 答案: 350, 置信度: 0.3
2025-08-08 04:16:53,737 - INFO - 投票结果: 选择路径 0, 答案: 6, 置信度: 0.6
2025-08-08 04:16:53,739 - INFO - 投票结果: 选择路径 0, 答案: 129200, 置信度: 1.0
2025-08-08 04:16:53,740 - INFO - 投票结果: 选择路径 0, 答案: 10, 置信度: 0.8
2025-08-08 04:16:53,741 - INFO - 投票结果: 选择路径 0, 答案: 14, 置信度: 0.9
2025-08-08 04:16:53,743 - INFO - 投票结果: 选择路径 0, 答案: 12, 置信度: 0.9
2025-08-08 04:16:53,744 - INFO - 投票结果: 选择路径 1, 答案: 68, 置信度: 0.5
2025-08-08 04:16:53,745 - INFO - 投票结果: 选择路径 0, 答案: 58, 置信度: 1.0
2025-08-08 04:16:53,746 - INFO - 投票结果: 选择路径 1, 答案: 40, 置信度: 0.8
2025-08-08 04:16:53,748 - INFO - 投票结果: 选择路径 0, 答案: 132, 置信度: 1.0
2025-08-08 04:16:53,749 - INFO - 投票结果: 选择路径 0, 答案: 120, 置信度: 1.0
2025-08-08 04:16:53,750 - INFO - 投票结果: 选择路径 0, 答案: 120, 置信度: 0.9
2025-08-08 04:16:53,752 - INFO - 投票结果: 选择路径 0, 答案: 120, 置信度: 0.7
2025-08-08 04:16:53,753 - INFO - 投票结果: 选择路径 0, 答案: 15, 置信度: 1.0
2025-08-08 04:16:53,754 - INFO - 投票结果: 选择路径 0, 答案: 576, 置信度: 1.0
2025-08-08 04:16:53,755 - INFO - 投票结果: 选择路径 0, 答案: 5, 置信度: 1.0
2025-08-08 04:16:53,757 - INFO - 投票结果: 选择路径 0, 答案: 20, 置信度: 1.0
2025-08-08 04:16:53,758 - INFO - 投票结果: 选择路径 0, 答案: 40, 置信度: 0.3
2025-08-08 04:16:53,759 - INFO - 投票结果: 选择路径 0, 答案: 23, 置信度: 0.9
2025-08-08 04:16:53,761 - INFO - 投票结果: 选择路径 0, 答案: 156, 置信度: 0.8
2025-08-08 04:16:53,762 - INFO - 投票结果: 选择路径 0, 答案: 280, 置信度: 0.7
2025-08-08 04:16:53,763 - INFO - 投票结果: 选择路径 0, 答案: 4, 置信度: 0.9
2025-08-08 04:16:53,764 - INFO - 投票结果: 选择路径 0, 答案: 2, 置信度: 1.0
2025-08-08 04:16:53,766 - INFO - 投票结果: 选择路径 0, 答案: 120, 置信度: 1.0
2025-08-08 04:16:53,767 - INFO - 投票结果: 选择路径 0, 答案: 52, 置信度: 0.4
2025-08-08 04:16:53,768 - INFO - 投票结果: 选择路径 0, 答案: 15, 置信度: 1.0
2025-08-08 04:16:53,769 - INFO - 投票结果: 选择路径 0, 答案: 9, 置信度: 1.0
2025-08-08 04:16:53,771 - INFO - 投票结果: 选择路径 1, 答案: 120, 置信度: 0.3
2025-08-08 04:16:53,772 - INFO - 投票结果: 选择路径 0, 答案: 20, 置信度: 1.0
2025-08-08 04:16:53,773 - INFO - 投票结果: 选择路径 1, 答案: 30, 置信度: 0.6
2025-08-08 04:16:53,775 - INFO - 投票结果: 选择路径 0, 答案: 80, 置信度: 0.8
2025-08-08 04:16:53,776 - INFO - 投票结果: 选择路径 0, 答案: 5, 置信度: 0.9
2025-08-08 04:16:53,777 - INFO - 投票结果: 选择路径 0, 答案: 5, 置信度: 0.7
2025-08-08 04:16:53,778 - INFO - 投票结果: 选择路径 0, 答案: 80, 置信度: 1.0
2025-08-08 04:16:53,780 - INFO - 投票结果: 选择路径 0, 答案: 38, 置信度: 0.9
2025-08-08 04:16:53,781 - INFO - 投票结果: 选择路径 0, 答案: 42, 置信度: 0.6
2025-08-08 04:16:53,782 - INFO - 投票结果: 选择路径 0, 答案: 3, 置信度: 1.0
2025-08-08 04:16:53,784 - INFO - 投票结果: 选择路径 0, 答案: 50, 置信度: 1.0
2025-08-08 04:16:53,785 - INFO - 投票结果: 选择路径 0, 答案: 17, 置信度: 1.0
2025-08-08 04:16:53,786 - INFO - 投票结果: 选择路径 0, 答案: 25, 置信度: 0.4
2025-08-08 04:16:53,788 - INFO - 投票结果: 选择路径 0, 答案: 20, 置信度: 0.6
2025-08-08 04:16:53,789 - INFO - 投票结果: 选择路径 1, 答案: 120, 置信度: 0.3
2025-08-08 04:16:53,791 - INFO - 投票结果: 选择路径 1, 答案: 20, 置信度: 0.2
2025-08-08 04:16:53,792 - INFO - 投票结果: 选择路径 0, 答案: 45, 置信度: 1.0
2025-08-08 04:16:53,793 - INFO - 投票结果: 选择路径 0, 答案: 11, 置信度: 0.8
2025-08-08 04:16:53,795 - INFO - 投票结果: 选择路径 0, 答案: 10, 置信度: 1.0
2025-08-08 04:16:53,796 - INFO - 投票结果: 选择路径 0, 答案: 318, 置信度: 0.4
2025-08-08 04:16:53,797 - INFO - 投票结果: 选择路径 0, 答案: 92, 置信度: 0.9
2025-08-08 04:16:53,799 - INFO - 投票结果: 选择路径 0, 答案: 70, 置信度: 1.0
2025-08-08 04:16:53,800 - INFO - 投票结果: 选择路径 0, 答案: 62, 置信度: 0.5
2025-08-08 04:16:53,801 - INFO - 投票结果: 选择路径 0, 答案: 1509, 置信度: 0.7
2025-08-08 04:16:53,802 - INFO - 投票结果: 选择路径 0, 答案: 2, 置信度: 0.9
2025-08-08 04:16:53,804 - INFO - 投票结果: 选择路径 0, 答案: 1, 置信度: 1.0
2025-08-08 04:16:53,805 - INFO - 投票结果: 选择路径 0, 答案: 1170, 置信度: 1.0
2025-08-08 04:16:53,806 - INFO - 投票结果: 选择路径 0, 答案: 28, 置信度: 0.7
2025-08-08 04:16:53,808 - INFO - 投票结果: 选择路径 0, 答案: 20, 置信度: 0.8
2025-08-08 04:16:53,809 - INFO - 投票结果: 选择路径 0, 答案: 20, 置信度: 0.9
2025-08-08 04:16:53,810 - INFO - 投票结果: 选择路径 0, 答案: 66460, 置信度: 0.2
2025-08-08 04:16:53,811 - INFO - 投票结果: 选择路径 0, 答案: 16, 置信度: 0.5
2025-08-08 04:16:53,813 - INFO - 投票结果: 选择路径 1, 答案: 575, 置信度: 0.8
2025-08-08 04:16:53,814 - INFO - 投票结果: 选择路径 1, 答案: 60, 置信度: 0.7
2025-08-08 04:16:53,815 - INFO - 投票结果: 选择路径 0, 答案: 42, 置信度: 0.5
2025-08-08 04:16:53,817 - INFO - 投票结果: 选择路径 1, 答案: 23, 置信度: 0.4
2025-08-08 04:16:53,818 - INFO - 投票结果: 选择路径 0, 答案: 71, 置信度: 0.3
2025-08-08 04:16:53,819 - INFO - 投票结果: 选择路径 0, 答案: 70, 置信度: 1.0
2025-08-08 04:16:53,820 - INFO - 投票结果: 选择路径 2, 答案: 25, 置信度: 0.6
2025-08-08 04:16:53,822 - INFO - 投票结果: 选择路径 0, 答案: 160, 置信度: 1.0
2025-08-08 04:16:53,823 - INFO - 投票结果: 选择路径 1, 答案: 398, 置信度: 0.7
2025-08-08 04:16:53,824 - INFO - 投票结果: 选择路径 0, 答案: 5, 置信度: 1.0
2025-08-08 04:16:53,826 - INFO - 投票结果: 选择路径 0, 答案: 42000, 置信度: 0.8
2025-08-08 04:16:53,827 - INFO - 投票结果: 选择路径 0, 答案: 52, 置信度: 0.5
2025-08-08 04:16:53,828 - INFO - 投票结果: 选择路径 0, 答案: 10, 置信度: 1.0
2025-08-08 04:16:53,829 - INFO - 投票结果: 选择路径 5, 答案: 4, 置信度: 0.3
2025-08-08 04:16:53,831 - INFO - 投票结果: 选择路径 0, 答案: 40, 置信度: 0.7
2025-08-08 04:16:53,832 - INFO - 投票结果: 选择路径 0, 答案: 100, 置信度: 1.0
2025-08-08 04:16:53,833 - INFO - 投票结果: 选择路径 0, 答案: 60, 置信度: 1.0
2025-08-08 04:16:53,835 - INFO - 投票结果: 选择路径 0, 答案: 100, 置信度: 1.0
2025-08-08 04:16:53,836 - INFO - 投票结果: 选择路径 0, 答案: 72, 置信度: 0.9
2025-08-08 04:16:53,837 - INFO - 投票结果: 选择路径 1, 答案: 20, 置信度: 0.9
2025-08-08 04:16:53,838 - INFO - 投票结果: 选择路径 1, 答案: 6277, 置信度: 0.8
2025-08-08 04:16:53,840 - INFO - 投票结果: 选择路径 1, 答案: 12, 置信度: 0.2
2025-08-08 04:16:53,841 - INFO - 投票结果: 选择路径 0, 答案: 26, 置信度: 1.0
2025-08-08 04:16:53,842 - INFO - 投票结果: 选择路径 6, 答案: 5, 置信度: 0.3
2025-08-08 04:16:53,844 - INFO - 投票结果: 选择路径 0, 答案: 12, 置信度: 0.9
2025-08-08 04:16:53,845 - INFO - 投票结果: 选择路径 6, 答案: 9, 置信度: 0.2
2025-08-08 04:16:53,846 - INFO - 投票结果: 选择路径 2, 答案: 16, 置信度: 0.5
2025-08-08 04:16:53,847 - INFO - 投票结果: 选择路径 0, 答案: 32, 置信度: 1.0
2025-08-08 04:16:53,849 - INFO - 投票结果: 选择路径 0, 答案: 20, 置信度: 0.9
2025-08-08 04:16:53,850 - INFO - 投票结果: 选择路径 0, 答案: 20, 置信度: 1.0
2025-08-08 04:16:53,851 - INFO - 投票结果: 选择路径 0, 答案: 320, 置信度: 0.9
2025-08-08 04:16:53,852 - INFO - 投票结果: 选择路径 0, 答案: 77, 置信度: 1.0
2025-08-08 04:16:53,854 - INFO - 投票结果: 选择路径 0, 答案: 9, 置信度: 0.6
2025-08-08 04:16:53,855 - INFO - 投票结果: 选择路径 2, 答案: 1, 置信度: 0.4
2025-08-08 04:16:53,856 - INFO - 投票结果: 选择路径 1, 答案: 1248, 置信度: 0.3
2025-08-08 04:16:53,858 - INFO - 投票结果: 选择路径 0, 答案: 15, 置信度: 0.9
2025-08-08 04:16:53,859 - INFO - 投票结果: 选择路径 0, 答案: 16, 置信度: 1.0
2025-08-08 04:16:53,860 - INFO - 投票结果: 选择路径 0, 答案: 2, 置信度: 1.0
2025-08-08 04:16:53,861 - INFO - 投票结果: 选择路径 1, 答案: 70, 置信度: 0.4
2025-08-08 04:16:53,863 - INFO - 投票结果: 选择路径 0, 答案: 60, 置信度: 1.0
2025-08-08 04:16:53,865 - INFO - 投票结果: 选择路径 1, 答案: 315, 置信度: 0.3
2025-08-08 04:16:53,866 - INFO - 投票结果: 选择路径 0, 答案: 84, 置信度: 1.0
2025-08-08 04:16:53,867 - INFO - 投票结果: 选择路径 1, 答案: 100, 置信度: 0.3
2025-08-08 04:16:53,869 - INFO - 投票结果: 选择路径 0, 答案: 300, 置信度: 1.0
2025-08-08 04:16:53,870 - INFO - 投票结果: 选择路径 0, 答案: 50, 置信度: 1.0
2025-08-08 04:16:53,871 - INFO - 投票结果: 选择路径 0, 答案: 14, 置信度: 0.9
2025-08-08 04:16:53,873 - INFO - 投票结果: 选择路径 5, 答案: 21, 置信度: 0.3
2025-08-08 04:16:53,874 - INFO - 投票结果: 选择路径 0, 答案: 12, 置信度: 1.0
2025-08-08 04:16:53,875 - INFO - 投票结果: 选择路径 0, 答案: 1240, 置信度: 1.0
2025-08-08 04:16:53,876 - INFO - 投票结果: 选择路径 0, 答案: 8, 置信度: 0.8
2025-08-08 04:16:53,878 - INFO - 投票结果: 选择路径 4, 答案: 83, 置信度: 0.3
2025-08-08 04:16:53,880 - INFO - 投票结果: 选择路径 0, 答案: 2, 置信度: 0.6
2025-08-08 04:16:53,881 - INFO - 投票结果: 选择路径 0, 答案: 2, 置信度: 1.0
2025-08-08 04:16:53,882 - INFO - 投票结果: 选择路径 0, 答案: 280, 置信度: 0.2
2025-08-08 04:16:53,883 - INFO - 投票结果: 选择路径 0, 答案: 160, 置信度: 0.9
2025-08-08 04:16:53,885 - INFO - 投票结果: 选择路径 0, 答案: 1128, 置信度: 0.4
2025-08-08 04:16:53,886 - INFO - 投票结果: 选择路径 0, 答案: 6250, 置信度: 0.8
2025-08-08 04:16:53,887 - INFO - 投票结果: 选择路径 0, 答案: 5, 置信度: 1.0
2025-08-08 04:16:53,888 - INFO - 投票结果: 选择路径 0, 答案: 500, 置信度: 1.0
2025-08-08 04:16:53,890 - INFO - 投票结果: 选择路径 0, 答案: 6, 置信度: 0.3
2025-08-08 04:16:53,891 - INFO - 投票结果: 选择路径 0, 答案: 34, 置信度: 1.0
2025-08-08 04:16:53,892 - INFO - 投票结果: 选择路径 0, 答案: 60, 置信度: 1.0
2025-08-08 04:16:53,894 - INFO - 投票结果: 选择路径 3, 答案: 4, 置信度: 0.4
2025-08-08 04:16:53,895 - INFO - 投票结果: 选择路径 0, 答案: 56, 置信度: 0.7
2025-08-08 04:16:53,896 - INFO - 投票结果: 选择路径 0, 答案: 74, 置信度: 0.9
2025-08-08 04:16:53,897 - INFO - 投票结果: 选择路径 0, 答案: 5, 置信度: 0.6
2025-08-08 04:16:53,899 - INFO - 投票结果: 选择路径 0, 答案: 600, 置信度: 1.0
2025-08-08 04:16:53,900 - INFO - 投票结果: 选择路径 0, 答案: 10, 置信度: 0.4
2025-08-08 04:16:53,901 - INFO - 投票结果: 选择路径 0, 答案: 23, 置信度: 0.9
2025-08-08 04:16:53,903 - INFO - 投票结果: 选择路径 0, 答案: 20, 置信度: 1.0
2025-08-08 04:16:53,904 - INFO - 投票结果: 选择路径 0, 答案: 80, 置信度: 0.9
2025-08-08 04:16:53,905 - INFO - 投票结果: 选择路径 0, 答案: 43, 置信度: 0.8
2025-08-08 04:16:53,906 - INFO - 投票结果: 选择路径 0, 答案: 720, 置信度: 1.0
2025-08-08 04:16:53,908 - INFO - 投票结果: 选择路径 1, 答案: 4, 置信度: 0.7
2025-08-08 04:16:53,909 - INFO - 投票结果: 选择路径 0, 答案: 9, 置信度: 1.0
2025-08-08 04:16:53,910 - INFO - 投票结果: 选择路径 0, 答案: 40, 置信度: 0.3
2025-08-08 04:16:53,911 - INFO - 投票结果: 选择路径 0, 答案: 8, 置信度: 1.0
2025-08-08 04:16:53,913 - INFO - 投票结果: 选择路径 1, 答案: 16, 置信度: 0.4
2025-08-08 04:16:53,914 - INFO - 投票结果: 选择路径 0, 答案: 4, 置信度: 0.2
2025-08-08 04:16:53,915 - INFO - 投票结果: 选择路径 0, 答案: 47, 置信度: 1.0
2025-08-08 04:16:53,917 - INFO - 投票结果: 选择路径 0, 答案: 240000, 置信度: 0.7
2025-08-08 04:16:53,918 - INFO - 投票结果: 选择路径 0, 答案: 14, 置信度: 0.9
2025-08-08 04:16:53,919 - INFO - 投票结果: 选择路径 0, 答案: 26, 置信度: 1.0
2025-08-08 04:16:53,921 - INFO - 投票结果: 选择路径 4, 答案: \frac{8}{3}, 置信度: 0.4
2025-08-08 04:16:53,922 - INFO - 投票结果: 选择路径 0, 答案: 25, 置信度: 0.6
2025-08-08 04:16:53,923 - INFO - 投票结果: 选择路径 1, 答案: 5, 置信度: 0.7
2025-08-08 04:16:53,924 - INFO - 投票结果: 选择路径 0, 答案: 5, 置信度: 1.0
2025-08-08 04:16:53,926 - INFO - 投票结果: 选择路径 0, 答案: 260, 置信度: 0.3
2025-08-08 04:16:53,927 - INFO - 投票结果: 选择路径 1, 答案: 67, 置信度: 0.9
2025-08-08 04:16:53,928 - INFO - 投票结果: 选择路径 1, 答案: 144, 置信度: 0.7
2025-08-08 04:16:53,929 - INFO - 投票结果: 选择路径 0, 答案: 75, 置信度: 0.8
2025-08-08 04:16:53,931 - INFO - 投票结果: 选择路径 0, 答案: 3, 置信度: 1.0
2025-08-08 04:16:53,932 - INFO - 投票结果: 选择路径 0, 答案: 4, 置信度: 1.0
2025-08-08 04:16:53,933 - INFO - 投票结果: 选择路径 0, 答案: 2000, 置信度: 1.0
2025-08-08 04:16:53,935 - INFO - 投票结果: 选择路径 2, 答案: 20, 置信度: 0.4
2025-08-08 04:16:53,936 - INFO - 投票结果: 选择路径 0, 答案: 8, 置信度: 1.0
2025-08-08 04:16:53,937 - INFO - 投票结果: 选择路径 0, 答案: 100, 置信度: 0.9
2025-08-08 04:16:53,938 - INFO - 投票结果: 选择路径 0, 答案: 2.5, 置信度: 0.5
2025-08-08 04:16:53,940 - INFO - 投票结果: 选择路径 0, 答案: 460, 置信度: 1.0
2025-08-08 04:16:53,941 - INFO - 投票结果: 选择路径 0, 答案: 10, 置信度: 0.5
2025-08-08 04:16:53,942 - INFO - 投票结果: 选择路径 0, 答案: 750, 置信度: 0.9
2025-08-08 04:16:53,944 - INFO - 投票结果: 选择路径 0, 答案: 255, 置信度: 0.7
2025-08-08 04:16:53,945 - INFO - 投票结果: 选择路径 0, 答案: 240, 置信度: 0.5
2025-08-08 04:16:53,946 - INFO - 投票结果: 选择路径 0, 答案: 50, 置信度: 1.0
2025-08-08 04:16:53,947 - INFO - 投票结果: 选择路径 0, 答案: 60000, 置信度: 1.0
2025-08-08 04:16:53,949 - INFO - 投票结果: 选择路径 0, 答案: 97, 置信度: 0.5
2025-08-08 04:16:53,950 - INFO - 投票结果: 选择路径 0, 答案: 10, 置信度: 0.3
2025-08-08 04:16:53,951 - INFO - 投票结果: 选择路径 1, 答案: 75, 置信度: 0.4
2025-08-08 04:16:53,953 - INFO - 投票结果: 选择路径 0, 答案: 13, 置信度: 0.8
2025-08-08 04:16:53,954 - INFO - 投票结果: 选择路径 0, 答案: 4, 置信度: 0.6
2025-08-08 04:16:53,955 - INFO - 投票结果: 选择路径 0, 答案: 210, 置信度: 0.5
2025-08-08 04:16:53,957 - INFO - 投票结果: 选择路径 0, 答案: 540, 置信度: 0.8
2025-08-08 04:16:53,958 - INFO - 投票结果: 选择路径 0, 答案: 104, 置信度: 0.9
2025-08-08 04:16:53,959 - INFO - 投票结果: 选择路径 0, 答案: 27, 置信度: 1.0
2025-08-08 04:16:53,960 - INFO - 投票结果: 选择路径 0, 答案: 75, 置信度: 1.0
2025-08-08 04:16:53,962 - INFO - 投票结果: 选择路径 0, 答案: 252, 置信度: 0.1
2025-08-08 04:16:53,963 - INFO - 投票结果: 选择路径 0, 答案: 120, 置信度: 0.6
2025-08-08 04:16:53,964 - INFO - 投票结果: 选择路径 0, 答案: 348, 置信度: 0.5
2025-08-08 04:16:53,966 - INFO - 投票结果: 选择路径 0, 答案: 15, 置信度: 0.7
2025-08-08 04:16:53,967 - INFO - 投票结果: 选择路径 2, 答案: 267, 置信度: 0.3
2025-08-08 04:16:53,968 - INFO - 投票结果: 选择路径 3, 答案: 7, 置信度: 0.3
2025-08-08 04:16:53,970 - INFO - 投票结果: 选择路径 0, 答案: 85000, 置信度: 0.8
2025-08-08 04:16:53,971 - INFO - 投票结果: 选择路径 2, 答案: 20, 置信度: 0.4
2025-08-08 04:16:53,973 - INFO - 投票结果: 选择路径 0, 答案: 19, 置信度: 0.4
2025-08-08 04:16:53,974 - INFO - 投票结果: 选择路径 0, 答案: 18, 置信度: 1.0
2025-08-08 04:16:53,975 - INFO - 投票结果: 选择路径 0, 答案: 3, 置信度: 1.0
2025-08-08 04:16:53,976 - INFO - 投票结果: 选择路径 0, 答案: 12, 置信度: 1.0
2025-08-08 04:16:53,978 - INFO - 投票结果: 选择路径 0, 答案: 160000, 置信度: 0.8
2025-08-08 04:16:53,979 - INFO - 投票结果: 选择路径 0, 答案: 50, 置信度: 0.8
2025-08-08 04:16:53,980 - INFO - 投票结果: 选择路径 0, 答案: 76, 置信度: 1.0
2025-08-08 04:16:53,982 - INFO - 投票结果: 选择路径 0, 答案: 10, 置信度: 1.0
2025-08-08 04:16:53,983 - INFO - 投票结果: 选择路径 0, 答案: 17, 置信度: 0.8
2025-08-08 04:16:53,984 - INFO - 投票结果: 选择路径 0, 答案: 44, 置信度: 1.0
2025-08-08 04:16:53,985 - INFO - 投票结果: 选择路径 0, 答案: 76, 置信度: 0.6
2025-08-08 04:16:53,987 - INFO - 投票结果: 选择路径 0, 答案: 3, 置信度: 0.9
2025-08-08 04:16:53,988 - INFO - 投票结果: 选择路径 0, 答案: 40, 置信度: 1.0
2025-08-08 04:16:53,989 - INFO - 投票结果: 选择路径 0, 答案: 15, 置信度: 0.8
2025-08-08 04:16:53,991 - INFO - 投票结果: 选择路径 0, 答案: 10, 置信度: 0.9
2025-08-08 04:16:53,992 - INFO - 投票结果: 选择路径 0, 答案: 16, 置信度: 1.0
2025-08-08 04:16:53,993 - INFO - 投票结果: 选择路径 0, 答案: 28, 置信度: 1.0
2025-08-08 04:16:53,994 - INFO - 投票结果: 选择路径 0, 答案: 64, 置信度: 0.8
2025-08-08 04:16:53,996 - INFO - 投票结果: 选择路径 0, 答案: 1125, 置信度: 0.8
2025-08-08 04:16:53,997 - INFO - 投票结果: 选择路径 0, 答案: 8, 置信度: 1.0
2025-08-08 04:16:53,998 - INFO - 投票结果: 选择路径 1, 答案: 29, 置信度: 0.9
2025-08-08 04:16:54,000 - INFO - 投票结果: 选择路径 0, 答案: 16, 置信度: 1.0
2025-08-08 04:16:54,001 - INFO - 投票结果: 选择路径 2, 答案: 225, 置信度: 0.6
2025-08-08 04:16:54,002 - INFO - 投票结果: 选择路径 0, 答案: 72, 置信度: 0.6
2025-08-08 04:16:54,004 - INFO - 投票结果: 选择路径 0, 答案: 576, 置信度: 1.0
2025-08-08 04:16:54,005 - INFO - 投票结果: 选择路径 0, 答案: 34, 置信度: 0.9
2025-08-08 04:16:54,006 - INFO - 投票结果: 选择路径 0, 答案: 10, 置信度: 1.0
2025-08-08 04:16:54,007 - INFO - 投票结果: 选择路径 0, 答案: 9, 置信度: 0.9
2025-08-08 04:16:54,009 - INFO - 投票结果: 选择路径 0, 答案: 140, 置信度: 0.9
2025-08-08 04:16:54,010 - INFO - 投票结果: 选择路径 0, 答案: 50, 置信度: 0.2
2025-08-08 04:16:54,011 - INFO - 投票结果: 选择路径 5, 答案: 0, 置信度: 0.2
2025-08-08 04:16:54,013 - INFO - 投票结果: 选择路径 1, 答案: 16, 置信度: 0.9
2025-08-08 04:16:54,014 - INFO - 投票结果: 选择路径 0, 答案: 132, 置信度: 1.0
2025-08-08 04:16:54,015 - INFO - 投票结果: 选择路径 0, 答案: 64, 置信度: 1.0
2025-08-08 04:16:54,016 - INFO - 投票结果: 选择路径 0, 答案: 72, 置信度: 0.9
2025-08-08 04:16:54,018 - INFO - 投票结果: 选择路径 0, 答案: 8, 置信度: 1.0
2025-08-08 04:16:54,019 - INFO - 投票结果: 选择路径 0, 答案: 4, 置信度: 1.0
2025-08-08 04:16:54,020 - INFO - 投票结果: 选择路径 0, 答案: 160, 置信度: 0.5
2025-08-08 04:16:54,022 - INFO - 投票结果: 选择路径 0, 答案: 15, 置信度: 0.8
2025-08-08 04:16:54,023 - INFO - 投票结果: 选择路径 0, 答案: 539, 置信度: 0.9
2025-08-08 04:16:54,024 - INFO - 投票结果: 选择路径 1, 答案: 7300, 置信度: 0.3
2025-08-08 04:16:54,025 - INFO - 投票结果: 选择路径 0, 答案: 2, 置信度: 0.8
2025-08-08 04:16:54,027 - INFO - 投票结果: 选择路径 0, 答案: 15, 置信度: 0.9
2025-08-08 04:16:54,028 - INFO - 投票结果: 选择路径 1, 答案: 17, 置信度: 0.4
2025-08-08 04:16:54,029 - INFO - 投票结果: 选择路径 1, 答案: 5, 置信度: 0.4
2025-08-08 04:16:54,031 - INFO - 投票结果: 选择路径 0, 答案: 7425, 置信度: 0.4
2025-08-08 04:16:54,032 - INFO - 投票结果: 选择路径 0, 答案: 8, 置信度: 1.0
2025-08-08 04:16:54,033 - INFO - 投票结果: 选择路径 2, 答案: 12, 置信度: 0.2
2025-08-08 04:16:54,034 - INFO - 投票结果: 选择路径 1, 答案: 100, 置信度: 0.8
2025-08-08 04:16:54,036 - INFO - 投票结果: 选择路径 0, 答案: 36, 置信度: 1.0
2025-08-08 04:16:54,037 - INFO - 投票结果: 选择路径 0, 答案: 20, 置信度: 0.6
2025-08-08 04:16:54,038 - INFO - 投票结果: 选择路径 0, 答案: 32, 置信度: 1.0
2025-08-08 04:16:54,040 - INFO - 投票结果: 选择路径 0, 答案: 45, 置信度: 0.7
2025-08-08 04:16:54,041 - INFO - 投票结果: 选择路径 0, 答案: 27, 置信度: 0.8
2025-08-08 04:16:54,042 - INFO - 投票结果: 选择路径 1, 答案: 7.5, 置信度: 0.6
2025-08-08 04:16:54,044 - INFO - 投票结果: 选择路径 0, 答案: 98, 置信度: 0.9
2025-08-08 04:16:54,045 - INFO - 投票结果: 选择路径 0, 答案: 4, 置信度: 0.6
2025-08-08 04:16:54,046 - INFO - 投票结果: 选择路径 1, 答案: 6, 置信度: 0.5
2025-08-08 04:16:54,048 - INFO - 投票结果: 选择路径 1, 答案: 30, 置信度: 0.8
2025-08-08 04:16:54,049 - INFO - 投票结果: 选择路径 0, 答案: 10, 置信度: 1.0
2025-08-08 04:16:54,050 - INFO - 投票结果: 选择路径 2, 答案: 250, 置信度: 0.5
2025-08-08 04:16:54,052 - INFO - 投票结果: 选择路径 0, 答案: 312, 置信度: 1.0
2025-08-08 04:16:54,053 - INFO - 投票结果: 选择路径 0, 答案: 1375, 置信度: 1.0
2025-08-08 04:16:54,054 - INFO - 投票结果: 选择路径 0, 答案: 8, 置信度: 1.0
2025-08-08 04:16:54,055 - INFO - 投票结果: 选择路径 0, 答案: 245, 置信度: 0.6
2025-08-08 04:16:54,057 - INFO - 投票结果: 选择路径 0, 答案: 6, 置信度: 1.0
2025-08-08 04:16:54,058 - INFO - 投票结果: 选择路径 0, 答案: 840, 置信度: 1.0
2025-08-08 04:16:54,059 - INFO - 投票结果: 选择路径 1, 答案: 40, 置信度: 0.9
2025-08-08 04:16:54,061 - INFO - 投票结果: 选择路径 3, 答案: 30, 置信度: 0.2
2025-08-08 04:16:54,062 - INFO - 投票结果: 选择路径 1, 答案: 10, 置信度: 0.7
2025-08-08 04:16:54,063 - INFO - 投票结果: 选择路径 1, 答案: 3430, 置信度: 0.4
2025-08-08 04:16:54,064 - INFO - 投票结果: 选择路径 0, 答案: 16, 置信度: 0.9
2025-08-08 04:16:54,066 - INFO - 投票结果: 选择路径 0, 答案: 17, 置信度: 0.9
2025-08-08 04:16:54,067 - INFO - 投票结果: 选择路径 2, 答案: 2, 置信度: 0.7
2025-08-08 04:16:54,068 - INFO - 投票结果: 选择路径 0, 答案: 14, 置信度: 0.7
2025-08-08 04:16:54,070 - INFO - 投票结果: 选择路径 0, 答案: 27, 置信度: 0.8
2025-08-08 04:16:54,071 - INFO - 投票结果: 选择路径 0, 答案: 84, 置信度: 0.9
2025-08-08 04:16:54,072 - INFO - 投票结果: 选择路径 0, 答案: 70, 置信度: 1.0
2025-08-08 04:16:54,073 - INFO - 投票结果: 选择路径 0, 答案: 20, 置信度: 1.0
2025-08-08 04:16:54,075 - INFO - 投票结果: 选择路径 1, 答案: 802, 置信度: 0.4
2025-08-08 04:16:54,076 - INFO - 投票结果: 选择路径 3, 答案: 90, 置信度: 0.3
2025-08-08 04:16:54,077 - INFO - 投票结果: 选择路径 0, 答案: 736, 置信度: 0.5
2025-08-08 04:16:54,079 - INFO - 投票结果: 选择路径 0, 答案: 42, 置信度: 0.9
2025-08-08 04:16:54,080 - INFO - 投票结果: 选择路径 4, 答案: 5, 置信度: 0.4
2025-08-08 04:16:54,081 - INFO - 投票结果: 选择路径 4, 答案: 34, 置信度: 0.4
2025-08-08 04:16:54,083 - INFO - 投票结果: 选择路径 1, 答案: 465, 置信度: 0.3
2025-08-08 04:16:54,084 - INFO - 投票结果: 选择路径 1, 答案: 20, 置信度: 0.2
2025-08-08 04:16:54,085 - INFO - 投票结果: 选择路径 0, 答案: 360, 置信度: 1.0
2025-08-08 04:16:54,086 - INFO - 投票结果: 选择路径 0, 答案: 10800, 置信度: 0.6
2025-08-08 04:16:54,088 - INFO - 投票结果: 选择路径 0, 答案: 31, 置信度: 0.1
2025-08-08 04:16:54,089 - INFO - 投票结果: 选择路径 0, 答案: 99077.4, 置信度: 0.1
2025-08-08 04:16:54,090 - INFO - 投票结果: 选择路径 1, 答案: 6, 置信度: 0.8
2025-08-08 04:16:54,092 - INFO - 投票结果: 选择路径 5, 答案: 40, 置信度: 0.2
2025-08-08 04:16:54,093 - INFO - 投票结果: 选择路径 0, 答案: 88, 置信度: 1.0
2025-08-08 04:16:54,094 - INFO - 投票结果: 选择路径 0, 答案: 12, 置信度: 1.0
2025-08-08 04:16:54,096 - INFO - 投票结果: 选择路径 0, 答案: 13/3, 置信度: 0.2
2025-08-08 04:16:54,097 - INFO - 投票结果: 选择路径 0, 答案: 24, 置信度: 0.2
2025-08-08 04:16:54,098 - INFO - 投票结果: 选择路径 1, 答案: 1, 置信度: 0.3
2025-08-08 04:16:54,099 - INFO - 投票结果: 选择路径 2, 答案: 50, 置信度: 0.3
2025-08-08 04:16:54,101 - INFO - 投票结果: 选择路径 0, 答案: 6, 置信度: 1.0
2025-08-08 04:16:54,102 - INFO - 投票结果: 选择路径 0, 答案: 4, 置信度: 1.0
2025-08-08 04:16:54,103 - INFO - 投票结果: 选择路径 1, 答案: 20, 置信度: 0.9
2025-08-08 04:16:54,105 - INFO - 投票结果: 选择路径 0, 答案: 800, 置信度: 1.0
2025-08-08 04:16:54,106 - INFO - 投票结果: 选择路径 1, 答案: 1, 置信度: 0.9
2025-08-08 04:16:54,107 - INFO - 投票结果: 选择路径 0, 答案: 50, 置信度: 1.0
2025-08-08 04:16:54,108 - INFO - 投票结果: 选择路径 0, 答案: 65.56, 置信度: 0.2
2025-08-08 04:16:54,110 - INFO - 投票结果: 选择路径 0, 答案: 7, 置信度: 0.6
2025-08-08 04:16:54,111 - INFO - 投票结果: 选择路径 0, 答案: 63, 置信度: 1.0
2025-08-08 04:16:54,112 - INFO - 投票结果: 选择路径 0, 答案: 9, 置信度: 0.9
2025-08-08 04:16:54,113 - INFO - 投票结果: 选择路径 0, 答案: 42, 置信度: 1.0
2025-08-08 04:16:54,115 - INFO - 投票结果: 选择路径 0, 答案: 6, 置信度: 0.4
2025-08-08 04:16:54,116 - INFO - 投票结果: 选择路径 0, 答案: 240, 置信度: 1.0
2025-08-08 04:16:54,117 - INFO - 投票结果: 选择路径 0, 答案: 1000, 置信度: 1.0
2025-08-08 04:16:54,119 - INFO - 投票结果: 选择路径 0, 答案: 109, 置信度: 0.9
2025-08-08 04:16:54,120 - INFO - 投票结果: 选择路径 0, 答案: 140, 置信度: 1.0
2025-08-08 04:16:54,121 - INFO - 投票结果: 选择路径 0, 答案: 55, 置信度: 1.0
2025-08-08 04:16:54,122 - INFO - 投票结果: 选择路径 0, 答案: 16, 置信度: 1.0
2025-08-08 04:16:54,124 - INFO - 投票结果: 选择路径 0, 答案: 112, 置信度: 0.4
2025-08-08 04:16:54,125 - INFO - 投票结果: 选择路径 0, 答案: 110, 置信度: 1.0
2025-08-08 04:16:54,126 - INFO - 投票结果: 选择路径 0, 答案: 13, 置信度: 1.0
2025-08-08 04:16:54,127 - INFO - 投票结果: 选择路径 3, 答案: 5, 置信度: 0.3
2025-08-08 04:16:54,129 - INFO - 投票结果: 选择路径 0, 答案: 48, 置信度: 0.9
2025-08-08 04:16:54,130 - INFO - 投票结果: 选择路径 0, 答案: 8, 置信度: 1.0
2025-08-08 04:16:54,131 - INFO - 投票结果: 选择路径 1, 答案: 8, 置信度: 0.8
2025-08-08 04:16:54,133 - INFO - 投票结果: 选择路径 0, 答案: 56, 置信度: 0.9
2025-08-08 04:16:54,134 - INFO - 投票结果: 选择路径 0, 答案: 3, 置信度: 1.0
2025-08-08 04:16:54,135 - INFO - 投票结果: 选择路径 0, 答案: 34, 置信度: 0.4
2025-08-08 04:16:54,136 - INFO - 投票结果: 选择路径 0, 答案: 4, 置信度: 0.7
2025-08-08 04:16:54,138 - INFO - 投票结果: 选择路径 0, 答案: 20000, 置信度: 1.0
2025-08-08 04:16:54,139 - INFO - 投票结果: 选择路径 0, 答案: 9, 置信度: 0.5
2025-08-08 04:16:54,140 - INFO - 投票结果: 选择路径 0, 答案: 52, 置信度: 1.0
2025-08-08 04:16:54,142 - INFO - 投票结果: 选择路径 0, 答案: 10, 置信度: 0.8
2025-08-08 04:16:54,143 - INFO - 投票结果: 选择路径 4, 答案: 110000, 置信度: 0.2
2025-08-08 04:16:54,144 - INFO - 投票结果: 选择路径 0, 答案: 45, 置信度: 0.9
2025-08-08 04:16:54,146 - INFO - 投票结果: 选择路径 0, 答案: 1, 置信度: 0.5
2025-08-08 04:16:54,147 - INFO - 投票结果: 选择路径 1, 答案: 5600, 置信度: 0.3
2025-08-08 04:16:54,149 - INFO - 投票结果: 选择路径 0, 答案: 7, 置信度: 1.0
2025-08-08 04:16:54,150 - INFO - 投票结果: 选择路径 1, 答案: 25, 置信度: 0.8
2025-08-08 04:16:54,151 - INFO - 投票结果: 选择路径 3, 答案: -91, 置信度: 0.5
2025-08-08 04:16:54,152 - INFO - 投票结果: 选择路径 2, 答案: 180, 置信度: 0.5
2025-08-08 04:16:54,154 - INFO - 投票结果: 选择路径 2, 答案: 24, 置信度: 0.4
2025-08-08 04:16:54,155 - INFO - 投票结果: 选择路径 4, 答案: 6, 置信度: 0.6
2025-08-08 04:16:54,156 - INFO - 投票结果: 选择路径 0, 答案: 40, 置信度: 1.0
2025-08-08 04:16:54,157 - INFO - 投票结果: 选择路径 0, 答案: -3, 置信度: 0.9
2025-08-08 04:16:54,159 - INFO - 投票结果: 选择路径 0, 答案: 224, 置信度: 0.8
2025-08-08 04:16:54,160 - INFO - 投票结果: 选择路径 0, 答案: 227, 置信度: 0.9
2025-08-08 04:16:54,161 - INFO - 投票结果: 选择路径 0, 答案: 762, 置信度: 1.0
2025-08-08 04:16:54,163 - INFO - 投票结果: 选择路径 0, 答案: 34, 置信度: 1.0
2025-08-08 04:16:54,164 - INFO - 投票结果: 选择路径 1, 答案: 2, 置信度: 0.9
2025-08-08 04:16:54,165 - INFO - 投票结果: 选择路径 0, 答案: 2, 置信度: 0.7
2025-08-08 04:16:54,167 - INFO - 投票结果: 选择路径 1, 答案: 23, 置信度: 0.3
2025-08-08 04:16:54,168 - INFO - 投票结果: 选择路径 0, 答案: 4, 置信度: 1.0
2025-08-08 04:16:54,169 - INFO - 投票结果: 选择路径 0, 答案: 110, 置信度: 0.8
2025-08-08 04:16:54,170 - INFO - 投票结果: 选择路径 0, 答案: 750, 置信度: 1.0
2025-08-08 04:16:54,172 - INFO - 投票结果: 选择路径 0, 答案: 240, 置信度: 0.7
2025-08-08 04:16:54,173 - INFO - 投票结果: 选择路径 0, 答案: 300, 置信度: 0.5
2025-08-08 04:16:54,174 - INFO - 投票结果: 选择路径 1, 答案: 105, 置信度: 0.5
2025-08-08 04:16:54,176 - INFO - 投票结果: 选择路径 0, 答案: 120, 置信度: 0.5
2025-08-08 04:16:54,177 - INFO - 投票结果: 选择路径 0, 答案: 240, 置信度: 0.6
2025-08-08 04:16:54,178 - INFO - 投票结果: 选择路径 0, 答案: 4000, 置信度: 0.6
2025-08-08 04:16:54,179 - INFO - 投票结果: 选择路径 0, 答案: 60, 置信度: 1.0
2025-08-08 04:16:54,181 - INFO - 投票结果: 选择路径 0, 答案: 36, 置信度: 0.8
2025-08-08 04:16:54,182 - INFO - 投票结果: 选择路径 0, 答案: 80, 置信度: 0.8
2025-08-08 04:16:54,183 - INFO - 投票结果: 选择路径 6, 答案: 4, 置信度: 0.3
2025-08-08 04:16:54,185 - INFO - 投票结果: 选择路径 0, 答案: 32, 置信度: 0.9
2025-08-08 04:16:54,186 - INFO - 投票结果: 选择路径 0, 答案: 940, 置信度: 1.0
2025-08-08 04:16:54,187 - INFO - 投票结果: 选择路径 0, 答案: 84, 置信度: 0.8
2025-08-08 04:16:54,189 - INFO - 投票结果: 选择路径 0, 答案: 2, 置信度: 0.7
2025-08-08 04:16:54,190 - INFO - 投票结果: 选择路径 0, 答案: 32, 置信度: 1.0
2025-08-08 04:16:54,191 - INFO - 投票结果: 选择路径 0, 答案: 12, 置信度: 0.8
2025-08-08 04:16:54,192 - INFO - 投票结果: 选择路径 2, 答案: 6, 置信度: 0.6
2025-08-08 04:16:54,194 - INFO - 投票结果: 选择路径 5, 答案: 1, 置信度: 0.4
2025-08-08 04:16:54,195 - INFO - 投票结果: 选择路径 0, 答案: 14, 置信度: 1.0
2025-08-08 04:16:54,196 - INFO - 投票结果: 选择路径 2, 答案: 448, 置信度: 0.7
2025-08-08 04:16:54,198 - INFO - 投票结果: 选择路径 0, 答案: 12, 置信度: 0.9
2025-08-08 04:16:54,199 - INFO - 投票结果: 选择路径 1, 答案: 1110, 置信度: 0.9
2025-08-08 04:16:54,200 - INFO - 投票结果: 选择路径 2, 答案: 2, 置信度: 0.7
2025-08-08 04:16:54,201 - INFO - 投票结果: 选择路径 0, 答案: 6, 置信度: 1.0
2025-08-08 04:16:54,203 - INFO - 投票结果: 选择路径 0, 答案: 28, 置信度: 0.7
2025-08-08 04:16:54,204 - INFO - 投票结果: 选择路径 0, 答案: 72000, 置信度: 0.4
2025-08-08 04:16:54,205 - INFO - 投票结果: 选择路径 0, 答案: 32, 置信度: 1.0
2025-08-08 04:16:54,207 - INFO - 投票结果: 选择路径 0, 答案: 60, 置信度: 1.0
2025-08-08 04:16:54,208 - INFO - 投票结果: 选择路径 0, 答案: 90, 置信度: 0.9
2025-08-08 04:16:54,209 - INFO - 投票结果: 选择路径 2, 答案: 20, 置信度: 0.3
2025-08-08 04:16:54,211 - INFO - 投票结果: 选择路径 0, 答案: 270, 置信度: 1.0
2025-08-08 04:16:54,212 - INFO - 投票结果: 选择路径 1, 答案: 5600, 置信度: 0.5
2025-08-08 04:16:54,213 - INFO - 投票结果: 选择路径 0, 答案: 72, 置信度: 1.0
2025-08-08 04:16:54,214 - INFO - 投票结果: 选择路径 0, 答案: 400, 置信度: 1.0
2025-08-08 04:16:54,216 - INFO - 投票结果: 选择路径 1, 答案: 12, 置信度: 0.7
2025-08-08 04:16:54,217 - INFO - 投票结果: 选择路径 3, 答案: 15, 置信度: 0.6
2025-08-08 04:16:54,218 - INFO - 投票结果: 选择路径 1, 答案: 144, 置信度: 0.2
2025-08-08 04:16:54,220 - INFO - 投票结果: 选择路径 0, 答案: 25, 置信度: 0.2
2025-08-08 04:16:54,221 - INFO - 投票结果: 选择路径 0, 答案: 4, 置信度: 0.9
2025-08-08 04:16:54,222 - INFO - 投票结果: 选择路径 0, 答案: 4, 置信度: 1.0
2025-08-08 04:16:54,223 - INFO - 投票结果: 选择路径 2, 答案: 17500, 置信度: 0.7
2025-08-08 04:16:54,225 - INFO - 投票结果: 选择路径 0, 答案: 8, 置信度: 1.0
2025-08-08 04:16:54,226 - INFO - 投票结果: 选择路径 0, 答案: 21, 置信度: 0.9
2025-08-08 04:16:54,227 - INFO - 投票结果: 选择路径 0, 答案: 18, 置信度: 0.6
2025-08-08 04:16:54,229 - INFO - 投票结果: 选择路径 0, 答案: 1, 置信度: 1.0
2025-08-08 04:16:54,230 - INFO - 投票结果: 选择路径 0, 答案: 193, 置信度: 1.0
2025-08-08 04:16:54,231 - INFO - 投票结果: 选择路径 0, 答案: 3, 置信度: 0.9
2025-08-08 04:16:54,233 - INFO - 投票结果: 选择路径 2, 答案: 131250, 置信度: 0.6
2025-08-08 04:16:54,234 - INFO - 投票结果: 选择路径 0, 答案: 24, 置信度: 1.0
2025-08-08 04:16:54,235 - INFO - 投票结果: 选择路径 1, 答案: 35, 置信度: 0.2
2025-08-08 04:16:54,236 - INFO - 投票结果: 选择路径 0, 答案: 490, 置信度: 1.0
2025-08-08 04:16:54,238 - INFO - 投票结果: 选择路径 0, 答案: 19, 置信度: 0.5
2025-08-08 04:16:54,239 - INFO - 投票结果: 选择路径 0, 答案: 60, 置信度: 0.6
2025-08-08 04:16:54,240 - INFO - 投票结果: 选择路径 0, 答案: 17, 置信度: 1.0
2025-08-08 04:16:54,242 - INFO - 投票结果: 选择路径 3, 答案: 850000, 置信度: 0.2
2025-08-08 04:16:54,243 - INFO - 投票结果: 选择路径 0, 答案: 15, 置信度: 1.0
2025-08-08 04:16:54,244 - INFO - 投票结果: 选择路径 1, 答案: 120, 置信度: 0.6
2025-08-08 04:16:54,245 - INFO - 投票结果: 选择路径 0, 答案: 18, 置信度: 0.8
2025-08-08 04:16:54,247 - INFO - 投票结果: 选择路径 1, 答案: 30, 置信度: 0.9
2025-08-08 04:16:54,248 - INFO - 投票结果: 选择路径 0, 答案: 60, 置信度: 1.0
2025-08-08 04:16:54,249 - INFO - 投票结果: 选择路径 0, 答案: 260, 置信度: 1.0
2025-08-08 04:16:54,251 - INFO - 投票结果: 选择路径 0, 答案: 60, 置信度: 1.0
2025-08-08 04:16:54,252 - INFO - 投票结果: 选择路径 1, 答案: 75, 置信度: 0.3
2025-08-08 04:16:54,253 - INFO - 投票结果: 选择路径 0, 答案: 25, 置信度: 0.9
2025-08-08 04:16:54,254 - INFO - 投票结果: 选择路径 3, 答案: 99, 置信度: 0.3
2025-08-08 04:16:54,256 - INFO - 投票结果: 选择路径 0, 答案: 5, 置信度: 0.9
2025-08-08 04:16:54,257 - INFO - 投票结果: 选择路径 0, 答案: 84, 置信度: 0.8
2025-08-08 04:16:54,258 - INFO - 投票结果: 选择路径 2, 答案: 7, 置信度: 0.6
2025-08-08 04:16:54,260 - INFO - 投票结果: 选择路径 0, 答案: 2, 置信度: 1.0
2025-08-08 04:16:54,261 - INFO - 投票结果: 选择路径 0, 答案: 21, 置信度: 0.9
2025-08-08 04:16:54,262 - INFO - 投票结果: 选择路径 0, 答案: 8, 置信度: 0.8
2025-08-08 04:16:54,263 - INFO - 投票结果: 选择路径 6, 答案: 80, 置信度: 0.3
2025-08-08 04:16:54,265 - INFO - 投票结果: 选择路径 0, 答案: 90000, 置信度: 1.0
2025-08-08 04:16:54,266 - INFO - 投票结果: 选择路径 0, 答案: 2, 置信度: 1.0
2025-08-08 04:16:54,267 - INFO - 投票结果: 选择路径 1, 答案: 40, 置信度: 0.4
2025-08-08 04:16:54,268 - INFO - 投票结果: 选择路径 1, 答案: 2, 置信度: 0.5
2025-08-08 04:16:54,270 - INFO - 投票结果: 选择路径 0, 答案: 100, 置信度: 1.0
2025-08-08 04:16:54,271 - INFO - 投票结果: 选择路径 0, 答案: 30, 置信度: 1.0
2025-08-08 04:16:54,272 - INFO - 投票结果: 选择路径 0, 答案: 8, 置信度: 1.0
2025-08-08 04:16:54,274 - INFO - 投票结果: 选择路径 0, 答案: 31, 置信度: 0.8
2025-08-08 04:16:54,275 - INFO - 投票结果: 选择路径 0, 答案: 120000, 置信度: 0.6
2025-08-08 04:16:54,276 - INFO - 投票结果: 选择路径 0, 答案: 180, 置信度: 1.0
2025-08-08 04:16:54,278 - INFO - 投票结果: 选择路径 0, 答案: 3, 置信度: 1.0
2025-08-08 04:16:54,279 - INFO - 投票结果: 选择路径 0, 答案: 5, 置信度: 0.7
2025-08-08 04:16:54,280 - INFO - 投票结果: 选择路径 1, 答案: 5, 置信度: 0.8
2025-08-08 04:16:54,281 - INFO - 投票结果: 选择路径 0, 答案: 130000, 置信度: 0.9
2025-08-08 04:16:54,283 - INFO - 投票结果: 选择路径 0, 答案: 68, 置信度: 0.9
2025-08-08 04:16:54,284 - INFO - 投票结果: 选择路径 0, 答案: 78, 置信度: 0.9
2025-08-08 04:16:54,285 - INFO - 投票结果: 选择路径 0, 答案: 28, 置信度: 1.0
2025-08-08 04:16:54,287 - INFO - 投票结果: 选择路径 0, 答案: 15, 置信度: 1.0
2025-08-08 04:16:54,288 - INFO - 投票结果: 选择路径 4, 答案: 170, 置信度: 0.2
2025-08-08 04:16:54,290 - INFO - 投票结果: 选择路径 1, 答案: 7000, 置信度: 0.3
2025-08-08 04:16:54,292 - INFO - 投票结果: 选择路径 0, 答案: 2400, 置信度: 0.7
2025-08-08 04:16:54,294 - INFO - 投票结果: 选择路径 0, 答案: 18, 置信度: 1.0
2025-08-08 04:16:54,295 - INFO - 投票结果: 选择路径 0, 答案: 90, 置信度: 0.9
2025-08-08 04:16:54,296 - INFO - 投票结果: 选择路径 0, 答案: 31, 置信度: 1.0
2025-08-08 04:16:54,298 - INFO - 投票结果: 选择路径 2, 答案: 600, 置信度: 0.2
2025-08-08 04:16:54,299 - INFO - 投票结果: 选择路径 0, 答案: 180, 置信度: 0.5
2025-08-08 04:16:54,300 - INFO - 投票结果: 选择路径 0, 答案: 7, 置信度: 1.0
2025-08-08 04:16:54,302 - INFO - 投票结果: 选择路径 1, 答案: 75, 置信度: 0.8
2025-08-08 04:16:54,303 - INFO - 投票结果: 选择路径 0, 答案: 650, 置信度: 0.9
2025-08-08 04:16:54,304 - INFO - 投票结果: 选择路径 0, 答案: 310, 置信度: 0.5
2025-08-08 04:16:54,306 - INFO - 投票结果: 选择路径 0, 答案: 12, 置信度: 0.5
2025-08-08 04:16:54,307 - INFO - 投票结果: 选择路径 0, 答案: 5, 置信度: 1.0
2025-08-08 04:16:54,308 - INFO - 投票结果: 选择路径 0, 答案: 29, 置信度: 0.9
2025-08-08 04:16:54,309 - INFO - 投票结果: 选择路径 1, 答案: 140, 置信度: 0.7
2025-08-08 04:16:54,311 - INFO - 投票结果: 选择路径 0, 答案: 30, 置信度: 1.0
2025-08-08 04:16:54,312 - INFO - 投票结果: 选择路径 0, 答案: 40, 置信度: 0.7
2025-08-08 04:16:54,313 - INFO - 投票结果: 选择路径 0, 答案: 100, 置信度: 1.0
2025-08-08 04:16:54,315 - INFO - 投票结果: 选择路径 0, 答案: 35, 置信度: 1.0
2025-08-08 04:16:54,316 - INFO - 投票结果: 选择路径 0, 答案: 79, 置信度: 1.0
2025-08-08 04:16:54,317 - INFO - 投票结果: 选择路径 0, 答案: 2, 置信度: 0.3
2025-08-08 04:16:54,318 - INFO - 投票结果: 选择路径 0, 答案: 4, 置信度: 1.0
2025-08-08 04:16:54,320 - INFO - 投票结果: 选择路径 0, 答案: 6, 置信度: 0.8
2025-08-08 04:16:54,321 - INFO - 投票结果: 选择路径 0, 答案: 32, 置信度: 0.9
2025-08-08 04:16:54,322 - INFO - 投票结果: 选择路径 0, 答案: 112, 置信度: 0.9
2025-08-08 04:16:54,324 - INFO - 投票结果: 选择路径 1, 答案: 18, 置信度: 0.4
2025-08-08 04:16:54,325 - INFO - 投票结果: 选择路径 1, 答案: 450, 置信度: 0.6
2025-08-08 04:16:54,326 - INFO - 投票结果: 选择路径 2, 答案: 2000, 置信度: 0.3
2025-08-08 04:16:54,327 - INFO - 投票结果: 选择路径 0, 答案: 450, 置信度: 0.9
2025-08-08 04:16:54,329 - INFO - 投票结果: 选择路径 0, 答案: 6, 置信度: 1.0
2025-08-08 04:16:54,330 - INFO - 投票结果: 选择路径 0, 答案: 20, 置信度: 0.2
2025-08-08 04:16:54,331 - INFO - 投票结果: 选择路径 0, 答案: 144, 置信度: 0.9
2025-08-08 04:16:54,333 - INFO - 投票结果: 选择路径 0, 答案: 8, 置信度: 1.0
2025-08-08 04:16:54,334 - INFO - 投票结果: 选择路径 0, 答案: 2125, 置信度: 1.0
2025-08-08 04:16:54,335 - INFO - 投票结果: 选择路径 0, 答案: 78, 置信度: 0.3
2025-08-08 04:16:54,336 - INFO - 投票结果: 选择路径 0, 答案: 13, 置信度: 1.0
2025-08-08 04:16:54,338 - INFO - 投票结果: 选择路径 0, 答案: 112, 置信度: 1.0
2025-08-08 04:16:54,339 - INFO - 投票结果: 选择路径 0, 答案: 133, 置信度: 1.0
2025-08-08 04:16:54,340 - INFO - 投票结果: 选择路径 0, 答案: 100, 置信度: 1.0
2025-08-08 04:16:54,341 - INFO - 投票结果: 选择路径 0, 答案: 350, 置信度: 1.0
2025-08-08 04:16:54,343 - INFO - 投票结果: 选择路径 1, 答案: 44.4, 置信度: 0.6
2025-08-08 04:16:54,344 - INFO - 投票结果: 选择路径 0, 答案: 105, 置信度: 1.0
2025-08-08 04:16:54,346 - INFO - 投票结果: 选择路径 1, 答案: 7, 置信度: 0.7
2025-08-08 04:16:54,347 - INFO - 投票结果: 选择路径 1, 答案: 860, 置信度: 0.8
2025-08-08 04:16:54,348 - INFO - 投票结果: 选择路径 0, 答案: 72, 置信度: 0.8
2025-08-08 04:16:54,349 - INFO - 投票结果: 选择路径 4, 答案: 50, 置信度: 0.3
2025-08-08 04:16:54,351 - INFO - 投票结果: 选择路径 1, 答案: 1, 置信度: 0.9
2025-08-08 04:16:54,352 - INFO - 投票结果: 选择路径 1, 答案: 1, 置信度: 0.3
2025-08-08 04:16:54,353 - INFO - 投票结果: 选择路径 0, 答案: 44, 置信度: 0.2
2025-08-08 04:16:54,355 - INFO - 投票结果: 选择路径 0, 答案: 140, 置信度: 1.0
2025-08-08 04:16:54,356 - INFO - 投票结果: 选择路径 4, 答案: 20, 置信度: 0.6
2025-08-08 04:16:54,357 - INFO - 投票结果: 选择路径 0, 答案: 1800, 置信度: 0.7
2025-08-08 04:16:54,358 - INFO - 投票结果: 选择路径 0, 答案: 25, 置信度: 0.5
2025-08-08 04:16:54,360 - INFO - 投票结果: 选择路径 0, 答案: 147, 置信度: 1.0
2025-08-08 04:16:54,361 - INFO - 投票结果: 选择路径 0, 答案: 10, 置信度: 1.0
2025-08-08 04:16:54,362 - INFO - 投票结果: 选择路径 1, 答案: 25, 置信度: 0.8
2025-08-08 04:16:54,363 - INFO - 投票结果: 选择路径 1, 答案: 32, 置信度: 0.6
2025-08-08 04:16:54,365 - INFO - 投票结果: 选择路径 0, 答案: 276, 置信度: 1.0
2025-08-08 04:16:54,366 - INFO - 投票结果: 选择路径 0, 答案: 96, 置信度: 0.4
2025-08-08 04:16:54,367 - INFO - 投票结果: 选择路径 1, 答案: 30, 置信度: 0.9
2025-08-08 04:16:54,369 - INFO - 投票结果: 选择路径 0, 答案: 280, 置信度: 0.5
2025-08-08 04:16:54,370 - INFO - 投票结果: 选择路径 0, 答案: 8000, 置信度: 1.0
2025-08-08 04:16:54,371 - INFO - 投票结果: 选择路径 1, 答案: 75, 置信度: 0.3
2025-08-08 04:16:54,373 - INFO - 投票结果: 选择路径 1, 答案: 84, 置信度: 0.8
2025-08-08 04:16:54,374 - INFO - 投票结果: 选择路径 0, 答案: 50, 置信度: 1.0
2025-08-08 04:16:54,375 - INFO - 投票结果: 选择路径 0, 答案: 50, 置信度: 1.0
2025-08-08 04:16:54,376 - INFO - 投票结果: 选择路径 0, 答案: 320, 置信度: 0.9
2025-08-08 04:16:54,378 - INFO - 投票结果: 选择路径 0, 答案: 38, 置信度: 1.0
2025-08-08 04:16:54,379 - INFO - 投票结果: 选择路径 0, 答案: 34, 置信度: 0.6
2025-08-08 04:16:54,380 - INFO - 投票结果: 选择路径 0, 答案: 594, 置信度: 1.0
2025-08-08 04:16:54,381 - INFO - 投票结果: 选择路径 0, 答案: 7, 置信度: 0.4
2025-08-08 04:16:54,383 - INFO - 投票结果: 选择路径 0, 答案: 98, 置信度: 0.8
2025-08-08 04:16:54,384 - INFO - 投票结果: 选择路径 0, 答案: 123, 置信度: 1.0
2025-08-08 04:16:54,385 - INFO - 投票结果: 选择路径 0, 答案: 27, 置信度: 1.0
2025-08-08 04:16:54,387 - INFO - 投票结果: 选择路径 0, 答案: 145, 置信度: 1.0
2025-08-08 04:16:54,388 - INFO - 投票结果: 选择路径 0, 答案: 23, 置信度: 1.0
2025-08-08 04:16:54,389 - INFO - 投票结果: 选择路径 1, 答案: 14, 置信度: 0.6
2025-08-08 04:16:54,390 - INFO - 投票结果: 选择路径 0, 答案: 18, 置信度: 0.4
2025-08-08 04:16:54,392 - INFO - 投票结果: 选择路径 0, 答案: 21, 置信度: 0.9
2025-08-08 04:16:54,393 - INFO - 投票结果: 选择路径 0, 答案: 40000, 置信度: 1.0
2025-08-08 04:16:54,394 - INFO - 投票结果: 选择路径 1, 答案: 90, 置信度: 0.4
2025-08-08 04:16:54,395 - INFO - 投票结果: 选择路径 1, 答案: 11150, 置信度: 0.3
2025-08-08 04:16:54,397 - INFO - 投票结果: 选择路径 0, 答案: 1520, 置信度: 1.0
2025-08-08 04:16:54,398 - INFO - 投票结果: 选择路径 1, 答案: 32, 置信度: 0.4
2025-08-08 04:16:54,399 - INFO - 投票结果: 选择路径 0, 答案: 4000, 置信度: 0.4
2025-08-08 04:16:54,401 - INFO - 投票结果: 选择路径 0, 答案: 93, 置信度: 0.7
2025-08-08 04:16:54,402 - INFO - 投票结果: 选择路径 1, 答案: 40, 置信度: 0.6
2025-08-08 04:16:54,403 - INFO - 投票结果: 选择路径 0, 答案: 15, 置信度: 1.0
2025-08-08 04:16:54,404 - INFO - 投票结果: 选择路径 0, 答案: 66, 置信度: 1.0
2025-08-08 04:16:54,406 - INFO - 投票结果: 选择路径 0, 答案: 5, 置信度: 0.9
2025-08-08 04:16:54,407 - INFO - 投票结果: 选择路径 0, 答案: 5, 置信度: 1.0
2025-08-08 04:16:54,408 - INFO - 投票结果: 选择路径 0, 答案: 0.5, 置信度: 0.6
2025-08-08 04:16:54,410 - INFO - 投票结果: 选择路径 0, 答案: 1430, 置信度: 1.0
2025-08-08 04:16:54,411 - INFO - 投票结果: 选择路径 0, 答案: 36, 置信度: 0.9
2025-08-08 04:16:54,412 - INFO - 投票结果: 选择路径 0, 答案: 80, 置信度: 0.9
2025-08-08 04:16:54,413 - INFO - 投票结果: 选择路径 0, 答案: 29, 置信度: 0.9
2025-08-08 04:16:54,415 - INFO - 投票结果: 选择路径 0, 答案: 122, 置信度: 1.0
2025-08-08 04:16:54,416 - INFO - 投票结果: 选择路径 0, 答案: 60, 置信度: 1.0
2025-08-08 04:16:54,417 - INFO - 投票结果: 选择路径 3, 答案: 145, 置信度: 0.3
2025-08-08 04:16:54,419 - INFO - 投票结果: 选择路径 0, 答案: 21, 置信度: 1.0
2025-08-08 04:16:54,420 - INFO - 投票结果: 选择路径 0, 答案: 45, 置信度: 1.0
2025-08-08 04:16:54,421 - INFO - 投票结果: 选择路径 0, 答案: 273, 置信度: 1.0
2025-08-08 04:16:54,422 - INFO - 投票结果: 选择路径 0, 答案: 12, 置信度: 0.4
2025-08-08 04:16:54,424 - INFO - 投票结果: 选择路径 0, 答案: 5, 置信度: 0.6
2025-08-08 04:16:54,425 - INFO - 投票结果: 选择路径 0, 答案: 1, 置信度: 1.0
2025-08-08 04:16:54,426 - INFO - 投票结果: 选择路径 2, 答案: 1880, 置信度: 0.5
2025-08-08 04:16:54,443 - INFO - 正确率: 83.85%
2025-08-08 04:16:54,800 - INFO - 结果已保存到: /cephfs/shared/sunyifan/Min-p-CoT/grid_search_results/Llama-3.2-3B-Instruct_GSM8k_test_0.1_interval/minp_0.5_0.3_0.8_0.9_temp_1.5/min_p_cot_results_4-step-CoT_Llama-3.2-3B-Instruct_GSM8k_test_0.5_0.3_0.8_0.9_vote10_majority_run2.json
2025-08-08 04:16:54,802 - INFO - 实验完成!
2025-08-08 04:16:54,950 - INFO - 实验 54 (第 2/3 次) 完成，准确率: 83.85%
2025-08-08 04:16:54,954 - INFO - 开始实验 54 (第 3/3 次): min-p值 = [0.5, 0.3, 0.8, 0.9], 温度 = 1.5
2025-08-08 04:16:54,957 - INFO - 创建配置文件: /cephfs/shared/sunyifan/Min-p-CoT/grid_search_results/Llama-3.2-3B-Instruct_GSM8k_test_0.1_interval/minp_0.5_0.3_0.8_0.9_temp_1.5/config_experiment_0.5_0.3_0.8_0.9_temp_1.5_run3.json
2025-08-08 04:16:54,990 - INFO - 配置文件验证通过
2025-08-08 04:16:54,994 - INFO - 随机种子已设置为: 42
2025-08-08 04:16:54,997 - INFO - 使用已提供的模型实例: Llama-3.2-3B-Instruct
2025-08-08 04:16:54,999 - INFO - 加载数据集: GSM8k_test
2025-08-08 04:16:55,001 - INFO - 随机种子已设置为: 42
2025-08-08 04:16:55,006 - INFO - 数据集加载完成，共 1319 条数据，已打乱顺序
2025-08-08 04:16:55,008 - INFO - 使用投票机制，每个问题生成 10 条路径
2025-08-08 04:16:55,009 - INFO - 批量生成模式：为 1319 个问题各生成 10 条路径
2025-08-08 04:16:55,011 - INFO - 开始CoT生成，共4个步骤:
2025-08-08 04:16:55,013 - INFO - 开始CoT步骤 1，min_p=0.5
2025-08-08 04:16:57,337 - INFO - 开始CoT步骤 2，min_p=0.3
2025-08-08 04:17:09,541 - INFO - 开始CoT步骤 3，min_p=0.8
2025-08-08 04:17:20,300 - INFO - 开始CoT步骤 4，min_p=0.9
2025-08-08 04:17:25,356 - INFO - CoT生成完成，共 1319 条CoT
2025-08-08 04:17:25,378 - INFO - 开始CoT生成，共4个步骤:
2025-08-08 04:17:25,381 - INFO - 开始CoT步骤 1，min_p=0.5
2025-08-08 04:17:27,697 - INFO - 开始CoT步骤 2，min_p=0.3
2025-08-08 04:17:39,828 - INFO - 开始CoT步骤 3，min_p=0.8
2025-08-08 04:17:50,678 - INFO - 开始CoT步骤 4，min_p=0.9
2025-08-08 04:17:55,645 - INFO - CoT生成完成，共 1319 条CoT
2025-08-08 04:17:55,668 - INFO - 开始CoT生成，共4个步骤:
2025-08-08 04:17:55,671 - INFO - 开始CoT步骤 1，min_p=0.5
2025-08-08 04:17:57,956 - INFO - 开始CoT步骤 2，min_p=0.3
2025-08-08 04:18:10,012 - INFO - 开始CoT步骤 3，min_p=0.8
2025-08-08 04:18:20,848 - INFO - 开始CoT步骤 4，min_p=0.9
2025-08-08 04:18:25,970 - INFO - CoT生成完成，共 1319 条CoT
2025-08-08 04:18:25,997 - INFO - 开始CoT生成，共4个步骤:
2025-08-08 04:18:26,001 - INFO - 开始CoT步骤 1，min_p=0.5
2025-08-08 04:18:28,304 - INFO - 开始CoT步骤 2，min_p=0.3
2025-08-08 04:18:40,172 - INFO - 开始CoT步骤 3，min_p=0.8
2025-08-08 04:18:50,903 - INFO - 开始CoT步骤 4，min_p=0.9
2025-08-08 04:18:55,988 - INFO - CoT生成完成，共 1319 条CoT
2025-08-08 04:18:56,015 - INFO - 开始CoT生成，共4个步骤:
2025-08-08 04:18:56,018 - INFO - 开始CoT步骤 1，min_p=0.5
2025-08-08 04:18:58,294 - INFO - 开始CoT步骤 2，min_p=0.3
2025-08-08 04:19:10,281 - INFO - 开始CoT步骤 3，min_p=0.8
2025-08-08 04:19:21,294 - INFO - 开始CoT步骤 4，min_p=0.9
2025-08-08 04:19:26,346 - INFO - CoT生成完成，共 1319 条CoT
2025-08-08 04:19:26,370 - INFO - 开始CoT生成，共4个步骤:
2025-08-08 04:19:26,372 - INFO - 开始CoT步骤 1，min_p=0.5
2025-08-08 04:19:28,650 - INFO - 开始CoT步骤 2，min_p=0.3
2025-08-08 04:19:40,708 - INFO - 开始CoT步骤 3，min_p=0.8
2025-08-08 04:19:51,578 - INFO - 开始CoT步骤 4，min_p=0.9
2025-08-08 04:19:56,780 - INFO - CoT生成完成，共 1319 条CoT
2025-08-08 04:19:56,802 - INFO - 开始CoT生成，共4个步骤:
2025-08-08 04:19:56,805 - INFO - 开始CoT步骤 1，min_p=0.5
2025-08-08 04:19:59,093 - INFO - 开始CoT步骤 2，min_p=0.3
2025-08-08 04:20:11,229 - INFO - 开始CoT步骤 3，min_p=0.8
2025-08-08 04:20:22,090 - INFO - 开始CoT步骤 4，min_p=0.9
2025-08-08 04:20:26,769 - INFO - CoT生成完成，共 1319 条CoT
2025-08-08 04:20:26,793 - INFO - 开始CoT生成，共4个步骤:
2025-08-08 04:20:26,795 - INFO - 开始CoT步骤 1，min_p=0.5
2025-08-08 04:20:29,399 - INFO - 开始CoT步骤 2，min_p=0.3
2025-08-08 04:20:41,738 - INFO - 开始CoT步骤 3，min_p=0.8
2025-08-08 04:20:52,492 - INFO - 开始CoT步骤 4，min_p=0.9
2025-08-08 04:20:57,256 - INFO - CoT生成完成，共 1319 条CoT
2025-08-08 04:20:57,279 - INFO - 开始CoT生成，共4个步骤:
2025-08-08 04:20:57,282 - INFO - 开始CoT步骤 1，min_p=0.5
2025-08-08 04:20:59,840 - INFO - 开始CoT步骤 2，min_p=0.3
2025-08-08 04:21:12,083 - INFO - 开始CoT步骤 3，min_p=0.8
2025-08-08 04:21:23,020 - INFO - 开始CoT步骤 4，min_p=0.9
2025-08-08 04:21:27,733 - INFO - CoT生成完成，共 1319 条CoT
2025-08-08 04:21:27,762 - INFO - 开始CoT生成，共4个步骤:
2025-08-08 04:21:27,767 - INFO - 开始CoT步骤 1，min_p=0.5
2025-08-08 04:21:30,425 - INFO - 开始CoT步骤 2，min_p=0.3
2025-08-08 04:21:42,596 - INFO - 开始CoT步骤 3，min_p=0.8
2025-08-08 04:21:53,562 - INFO - 开始CoT步骤 4，min_p=0.9
2025-08-08 04:21:58,265 - INFO - CoT生成完成，共 1319 条CoT
2025-08-08 04:21:58,290 - INFO - 批量生成完成：共生成 1319 组路径，每组 10 条
2025-08-08 04:21:58,293 - INFO - 投票结果: 选择路径 1, 答案: 52, 置信度: 0.8
2025-08-08 04:21:58,294 - INFO - 投票结果: 选择路径 0, 答案: 5, 置信度: 1.0
2025-08-08 04:21:58,296 - INFO - 投票结果: 选择路径 0, 答案: 83, 置信度: 0.7
2025-08-08 04:21:58,298 - INFO - 投票结果: 选择路径 0, 答案: 10, 置信度: 0.9
2025-08-08 04:21:58,299 - INFO - 投票结果: 选择路径 0, 答案: 70, 置信度: 0.7
2025-08-08 04:21:58,301 - INFO - 投票结果: 选择路径 0, 答案: 36, 置信度: 1.0
2025-08-08 04:21:58,302 - INFO - 投票结果: 选择路径 0, 答案: 48, 置信度: 1.0
2025-08-08 04:21:58,304 - INFO - 投票结果: 选择路径 0, 答案: 16, 置信度: 1.0
2025-08-08 04:21:58,305 - INFO - 投票结果: 选择路径 1, 答案: 4.64, 置信度: 0.2
2025-08-08 04:21:58,306 - INFO - 投票结果: 选择路径 0, 答案: 48, 置信度: 1.0
2025-08-08 04:21:58,307 - INFO - 投票结果: 选择路径 0, 答案: 90, 置信度: 0.9
2025-08-08 04:21:58,309 - INFO - 投票结果: 选择路径 0, 答案: 10, 置信度: 0.9
2025-08-08 04:21:58,310 - INFO - 投票结果: 选择路径 0, 答案: 19, 置信度: 0.2
2025-08-08 04:21:58,311 - INFO - 投票结果: 选择路径 0, 答案: 45000, 置信度: 0.4
2025-08-08 04:21:58,312 - INFO - 投票结果: 选择路径 2, 答案: 18, 置信度: 0.6
2025-08-08 04:21:58,314 - INFO - 投票结果: 选择路径 0, 答案: 140, 置信度: 1.0
2025-08-08 04:21:58,315 - INFO - 投票结果: 选择路径 0, 答案: 17, 置信度: 0.9
2025-08-08 04:21:58,316 - INFO - 投票结果: 选择路径 0, 答案: 68, 置信度: 1.0
2025-08-08 04:21:58,318 - INFO - 投票结果: 选择路径 0, 答案: 8, 置信度: 1.0
2025-08-08 04:21:58,319 - INFO - 投票结果: 选择路径 0, 答案: 14, 置信度: 1.0
2025-08-08 04:21:58,320 - INFO - 投票结果: 选择路径 1, 答案: 50, 置信度: 0.4
2025-08-08 04:21:58,321 - INFO - 投票结果: 选择路径 0, 答案: 100, 置信度: 1.0
2025-08-08 04:21:58,323 - INFO - 投票结果: 选择路径 3, 答案: 125, 置信度: 0.3
2025-08-08 04:21:58,324 - INFO - 投票结果: 选择路径 0, 答案: 48, 置信度: 0.4
2025-08-08 04:21:58,325 - INFO - 投票结果: 选择路径 0, 答案: 16400, 置信度: 0.6
2025-08-08 04:21:58,326 - INFO - 投票结果: 选择路径 0, 答案: 250, 置信度: 0.8
2025-08-08 04:21:58,328 - INFO - 投票结果: 选择路径 2, 答案: 18, 置信度: 0.4
2025-08-08 04:21:58,329 - INFO - 投票结果: 选择路径 0, 答案: 1490, 置信度: 0.9
2025-08-08 04:21:58,330 - INFO - 投票结果: 选择路径 0, 答案: 11, 置信度: 0.9
2025-08-08 04:21:58,332 - INFO - 投票结果: 选择路径 1, 答案: 106, 置信度: 0.7
2025-08-08 04:21:58,333 - INFO - 投票结果: 选择路径 0, 答案: 138, 置信度: 0.6
2025-08-08 04:21:58,334 - INFO - 投票结果: 选择路径 0, 答案: 15, 置信度: 0.9
2025-08-08 04:21:58,335 - INFO - 投票结果: 选择路径 0, 答案: 4, 置信度: 1.0
2025-08-08 04:21:58,337 - INFO - 投票结果: 选择路径 0, 答案: 82, 置信度: 0.8
2025-08-08 04:21:58,338 - INFO - 投票结果: 选择路径 1, 答案: 2, 置信度: 0.5
2025-08-08 04:21:58,339 - INFO - 投票结果: 选择路径 0, 答案: 51, 置信度: 0.7
2025-08-08 04:21:58,340 - INFO - 投票结果: 选择路径 0, 答案: 4, 置信度: 0.8
2025-08-08 04:21:58,342 - INFO - 投票结果: 选择路径 0, 答案: 100, 置信度: 0.9
2025-08-08 04:21:58,343 - INFO - 投票结果: 选择路径 0, 答案: 2500, 置信度: 0.2
2025-08-08 04:21:58,344 - INFO - 投票结果: 选择路径 0, 答案: 188, 置信度: 1.0
2025-08-08 04:21:58,345 - INFO - 投票结果: 选择路径 0, 答案: 30, 置信度: 0.8
2025-08-08 04:21:58,347 - INFO - 投票结果: 选择路径 0, 答案: 30, 置信度: 1.0
2025-08-08 04:21:58,348 - INFO - 投票结果: 选择路径 0, 答案: 240, 置信度: 1.0
2025-08-08 04:21:58,349 - INFO - 投票结果: 选择路径 0, 答案: 7, 置信度: 1.0
2025-08-08 04:21:58,351 - INFO - 投票结果: 选择路径 1, 答案: 350, 置信度: 0.3
2025-08-08 04:21:58,352 - INFO - 投票结果: 选择路径 0, 答案: 4, 置信度: 0.5
2025-08-08 04:21:58,353 - INFO - 投票结果: 选择路径 0, 答案: 36, 置信度: 1.0
2025-08-08 04:21:58,355 - INFO - 投票结果: 选择路径 1, 答案: 3, 置信度: 0.4
2025-08-08 04:21:58,356 - INFO - 投票结果: 选择路径 2, 答案: 2, 置信度: 0.5
2025-08-08 04:21:58,357 - INFO - 投票结果: 选择路径 0, 答案: 33, 置信度: 1.0
2025-08-08 04:21:58,358 - INFO - 投票结果: 选择路径 0, 答案: 21, 置信度: 0.8
2025-08-08 04:21:58,360 - INFO - 投票结果: 选择路径 1, 答案: 175, 置信度: 0.3
2025-08-08 04:21:58,361 - INFO - 投票结果: 选择路径 0, 答案: 60, 置信度: 0.9
2025-08-08 04:21:58,362 - INFO - 投票结果: 选择路径 0, 答案: 49, 置信度: 0.4
2025-08-08 04:21:58,363 - INFO - 投票结果: 选择路径 0, 答案: 1800, 置信度: 0.3
2025-08-08 04:21:58,365 - INFO - 投票结果: 选择路径 0, 答案: 27, 置信度: 0.5
2025-08-08 04:21:58,366 - INFO - 投票结果: 选择路径 0, 答案: 16, 置信度: 0.7
2025-08-08 04:21:58,367 - INFO - 投票结果: 选择路径 0, 答案: 49, 置信度: 0.7
2025-08-08 04:21:58,368 - INFO - 投票结果: 选择路径 0, 答案: 6, 置信度: 0.5
2025-08-08 04:21:58,370 - INFO - 投票结果: 选择路径 0, 答案: 32, 置信度: 0.4
2025-08-08 04:21:58,371 - INFO - 投票结果: 选择路径 0, 答案: 168, 置信度: 0.4
2025-08-08 04:21:58,372 - INFO - 投票结果: 选择路径 0, 答案: 225, 置信度: 0.9
2025-08-08 04:21:58,374 - INFO - 投票结果: 选择路径 0, 答案: 50, 置信度: 0.8
2025-08-08 04:21:58,375 - INFO - 投票结果: 选择路径 2, 答案: 18, 置信度: 0.4
2025-08-08 04:21:58,376 - INFO - 投票结果: 选择路径 0, 答案: 7, 置信度: 1.0
2025-08-08 04:21:58,377 - INFO - 投票结果: 选择路径 4, 答案: 800, 置信度: 0.4
2025-08-08 04:21:58,379 - INFO - 投票结果: 选择路径 0, 答案: 22, 置信度: 0.9
2025-08-08 04:21:58,380 - INFO - 投票结果: 选择路径 0, 答案: 235, 置信度: 0.7
2025-08-08 04:21:58,381 - INFO - 投票结果: 选择路径 0, 答案: 3, 置信度: 1.0
2025-08-08 04:21:58,382 - INFO - 投票结果: 选择路径 0, 答案: 18, 置信度: 0.1
2025-08-08 04:21:58,384 - INFO - 投票结果: 选择路径 0, 答案: 3000, 置信度: 0.8
2025-08-08 04:21:58,385 - INFO - 投票结果: 选择路径 1, 答案: 300, 置信度: 0.7
2025-08-08 04:21:58,386 - INFO - 投票结果: 选择路径 0, 答案: 20, 置信度: 0.6
2025-08-08 04:21:58,388 - INFO - 投票结果: 选择路径 0, 答案: 130, 置信度: 1.0
2025-08-08 04:21:58,389 - INFO - 投票结果: 选择路径 1, 答案: 1, 置信度: 0.3
2025-08-08 04:21:58,390 - INFO - 投票结果: 选择路径 0, 答案: 48, 置信度: 0.4
2025-08-08 04:21:58,391 - INFO - 投票结果: 选择路径 0, 答案: 50, 置信度: 0.7
2025-08-08 04:21:58,393 - INFO - 投票结果: 选择路径 0, 答案: 3, 置信度: 0.3
2025-08-08 04:21:58,394 - INFO - 投票结果: 选择路径 0, 答案: 5, 置信度: 0.6
2025-08-08 04:21:58,395 - INFO - 投票结果: 选择路径 0, 答案: 110, 置信度: 0.9
2025-08-08 04:21:58,397 - INFO - 投票结果: 选择路径 4, 答案: 900, 置信度: 0.2
2025-08-08 04:21:58,398 - INFO - 投票结果: 选择路径 0, 答案: 16, 置信度: 0.9
2025-08-08 04:21:58,399 - INFO - 投票结果: 选择路径 0, 答案: 80, 置信度: 1.0
2025-08-08 04:21:58,400 - INFO - 投票结果: 选择路径 0, 答案: 45, 置信度: 0.8
2025-08-08 04:21:58,402 - INFO - 投票结果: 选择路径 0, 答案: 36, 置信度: 1.0
2025-08-08 04:21:58,403 - INFO - 投票结果: 选择路径 0, 答案: 6, 置信度: 0.4
2025-08-08 04:21:58,404 - INFO - 投票结果: 选择路径 2, 答案: 5, 置信度: 0.4
2025-08-08 04:21:58,405 - INFO - 投票结果: 选择路径 0, 答案: 36, 置信度: 1.0
2025-08-08 04:21:58,407 - INFO - 投票结果: 选择路径 0, 答案: 60, 置信度: 0.6
2025-08-08 04:21:58,408 - INFO - 投票结果: 选择路径 0, 答案: 9, 置信度: 1.0
2025-08-08 04:21:58,409 - INFO - 投票结果: 选择路径 0, 答案: 2, 置信度: 0.4
2025-08-08 04:21:58,411 - INFO - 投票结果: 选择路径 0, 答案: 30, 置信度: 0.7
2025-08-08 04:21:58,412 - INFO - 投票结果: 选择路径 3, 答案: 70000, 置信度: 0.4
2025-08-08 04:21:58,413 - INFO - 投票结果: 选择路径 0, 答案: 34, 置信度: 1.0
2025-08-08 04:21:58,414 - INFO - 投票结果: 选择路径 0, 答案: 13, 置信度: 0.3
2025-08-08 04:21:58,416 - INFO - 投票结果: 选择路径 0, 答案: 306, 置信度: 1.0
2025-08-08 04:21:58,417 - INFO - 投票结果: 选择路径 1, 答案: 55, 置信度: 0.8
2025-08-08 04:21:58,418 - INFO - 投票结果: 选择路径 0, 答案: 12, 置信度: 0.9
2025-08-08 04:21:58,419 - INFO - 投票结果: 选择路径 0, 答案: 75, 置信度: 1.0
2025-08-08 04:21:58,421 - INFO - 投票结果: 选择路径 0, 答案: 21, 置信度: 0.4
2025-08-08 04:21:58,422 - INFO - 投票结果: 选择路径 0, 答案: 50, 置信度: 0.6
2025-08-08 04:21:58,423 - INFO - 投票结果: 选择路径 0, 答案: 110, 置信度: 1.0
2025-08-08 04:21:58,425 - INFO - 投票结果: 选择路径 0, 答案: 20, 置信度: 0.1
2025-08-08 04:21:58,426 - INFO - 投票结果: 选择路径 0, 答案: 30, 置信度: 1.0
2025-08-08 04:21:58,427 - INFO - 投票结果: 选择路径 0, 答案: 80, 置信度: 0.9
2025-08-08 04:21:58,428 - INFO - 投票结果: 选择路径 0, 答案: 1.50, 置信度: 0.3
2025-08-08 04:21:58,430 - INFO - 投票结果: 选择路径 0, 答案: 120, 置信度: 1.0
2025-08-08 04:21:58,431 - INFO - 投票结果: 选择路径 1, 答案: 128, 置信度: 0.4
2025-08-08 04:21:58,432 - INFO - 投票结果: 选择路径 0, 答案: 70, 置信度: 1.0
2025-08-08 04:21:58,434 - INFO - 投票结果: 选择路径 0, 答案: 20.50, 置信度: 0.7
2025-08-08 04:21:58,435 - INFO - 投票结果: 选择路径 0, 答案: 150, 置信度: 1.0
2025-08-08 04:21:58,436 - INFO - 投票结果: 选择路径 3, 答案: 10, 置信度: 0.5
2025-08-08 04:21:58,437 - INFO - 投票结果: 选择路径 2, 答案: 10, 置信度: 0.3
2025-08-08 04:21:58,439 - INFO - 投票结果: 选择路径 0, 答案: 250, 置信度: 0.9
2025-08-08 04:21:58,440 - INFO - 投票结果: 选择路径 0, 答案: 3, 置信度: 0.9
2025-08-08 04:21:58,441 - INFO - 投票结果: 选择路径 0, 答案: 15, 置信度: 1.0
2025-08-08 04:21:58,443 - INFO - 投票结果: 选择路径 0, 答案: 12, 置信度: 0.9
2025-08-08 04:21:58,444 - INFO - 投票结果: 选择路径 0, 答案: 60, 置信度: 1.0
2025-08-08 04:21:58,445 - INFO - 投票结果: 选择路径 0, 答案: 3, 置信度: 0.8
2025-08-08 04:21:58,446 - INFO - 投票结果: 选择路径 0, 答案: 10.50, 置信度: 0.4
2025-08-08 04:21:58,448 - INFO - 投票结果: 选择路径 0, 答案: 140000, 置信度: 0.9
2025-08-08 04:21:58,449 - INFO - 投票结果: 选择路径 0, 答案: 6, 置信度: 0.6
2025-08-08 04:21:58,450 - INFO - 投票结果: 选择路径 0, 答案: 2400, 置信度: 1.0
2025-08-08 04:21:58,451 - INFO - 投票结果: 选择路径 0, 答案: 4, 置信度: 1.0
2025-08-08 04:21:58,453 - INFO - 投票结果: 选择路径 0, 答案: 79, 置信度: 0.4
2025-08-08 04:21:58,454 - INFO - 投票结果: 选择路径 0, 答案: 300, 置信度: 1.0
2025-08-08 04:21:58,455 - INFO - 投票结果: 选择路径 0, 答案: 91, 置信度: 0.8
2025-08-08 04:21:58,456 - INFO - 投票结果: 选择路径 0, 答案: 8, 置信度: 0.7
2025-08-08 04:21:58,458 - INFO - 投票结果: 选择路径 0, 答案: 120, 置信度: 0.9
2025-08-08 04:21:58,459 - INFO - 投票结果: 选择路径 1, 答案: 350, 置信度: 0.9
2025-08-08 04:21:58,460 - INFO - 投票结果: 选择路径 0, 答案: 2600, 置信度: 1.0
2025-08-08 04:21:58,461 - INFO - 投票结果: 选择路径 1, 答案: 10, 置信度: 0.9
2025-08-08 04:21:58,463 - INFO - 投票结果: 选择路径 0, 答案: 4, 置信度: 0.3
2025-08-08 04:21:58,464 - INFO - 投票结果: 选择路径 0, 答案: 7, 置信度: 0.8
2025-08-08 04:21:58,465 - INFO - 投票结果: 选择路径 2, 答案: 31, 置信度: 0.6
2025-08-08 04:21:58,466 - INFO - 投票结果: 选择路径 0, 答案: 975, 置信度: 0.7
2025-08-08 04:21:58,468 - INFO - 投票结果: 选择路径 0, 答案: 30, 置信度: 0.3
2025-08-08 04:21:58,469 - INFO - 投票结果: 选择路径 0, 答案: 120, 置信度: 0.6
2025-08-08 04:21:58,470 - INFO - 投票结果: 选择路径 0, 答案: 220, 置信度: 1.0
2025-08-08 04:21:58,471 - INFO - 投票结果: 选择路径 0, 答案: 87, 置信度: 1.0
2025-08-08 04:21:58,473 - INFO - 投票结果: 选择路径 0, 答案: 300, 置信度: 1.0
2025-08-08 04:21:58,474 - INFO - 投票结果: 选择路径 0, 答案: 30, 置信度: 0.6
2025-08-08 04:21:58,475 - INFO - 投票结果: 选择路径 2, 答案: 21, 置信度: 0.3
2025-08-08 04:21:58,477 - INFO - 投票结果: 选择路径 0, 答案: 16, 置信度: 1.0
2025-08-08 04:21:58,478 - INFO - 投票结果: 选择路径 0, 答案: 7, 置信度: 1.0
2025-08-08 04:21:58,479 - INFO - 投票结果: 选择路径 2, 答案: 81, 置信度: 0.8
2025-08-08 04:21:58,480 - INFO - 投票结果: 选择路径 0, 答案: 5, 置信度: 0.7
2025-08-08 04:21:58,482 - INFO - 投票结果: 选择路径 0, 答案: 9, 置信度: 0.9
2025-08-08 04:21:58,483 - INFO - 投票结果: 选择路径 0, 答案: 10, 置信度: 1.0
2025-08-08 04:21:58,484 - INFO - 投票结果: 选择路径 0, 答案: 24, 置信度: 0.4
2025-08-08 04:21:58,485 - INFO - 投票结果: 选择路径 0, 答案: 5, 置信度: 0.6
2025-08-08 04:21:58,487 - INFO - 投票结果: 选择路径 0, 答案: 50, 置信度: 0.9
2025-08-08 04:21:58,488 - INFO - 投票结果: 选择路径 1, 答案: 48, 置信度: 0.7
2025-08-08 04:21:58,489 - INFO - 投票结果: 选择路径 0, 答案: 25, 置信度: 1.0
2025-08-08 04:21:58,490 - INFO - 投票结果: 选择路径 1, 答案: 96, 置信度: 0.6
2025-08-08 04:21:58,492 - INFO - 投票结果: 选择路径 0, 答案: 100, 置信度: 0.1
2025-08-08 04:21:58,493 - INFO - 投票结果: 选择路径 3, 答案: 180, 置信度: 0.4
2025-08-08 04:21:58,494 - INFO - 投票结果: 选择路径 0, 答案: 21, 置信度: 1.0
2025-08-08 04:21:58,495 - INFO - 投票结果: 选择路径 0, 答案: 1200, 置信度: 1.0
2025-08-08 04:21:58,497 - INFO - 投票结果: 选择路径 0, 答案: 255, 置信度: 0.6
2025-08-08 04:21:58,498 - INFO - 投票结果: 选择路径 0, 答案: 4, 置信度: 1.0
2025-08-08 04:21:58,499 - INFO - 投票结果: 选择路径 0, 答案: 10, 置信度: 1.0
2025-08-08 04:21:58,500 - INFO - 投票结果: 选择路径 0, 答案: 700, 置信度: 0.8
2025-08-08 04:21:58,502 - INFO - 投票结果: 选择路径 0, 答案: 38, 置信度: 1.0
2025-08-08 04:21:58,503 - INFO - 投票结果: 选择路径 0, 答案: 32, 置信度: 0.9
2025-08-08 04:21:58,504 - INFO - 投票结果: 选择路径 0, 答案: 30, 置信度: 1.0
2025-08-08 04:21:58,505 - INFO - 投票结果: 选择路径 0, 答案: 16, 置信度: 1.0
2025-08-08 04:21:58,507 - INFO - 投票结果: 选择路径 0, 答案: 40, 置信度: 1.0
2025-08-08 04:21:58,508 - INFO - 投票结果: 选择路径 0, 答案: 288, 置信度: 1.0
2025-08-08 04:21:58,509 - INFO - 投票结果: 选择路径 0, 答案: 1100, 置信度: 0.8
2025-08-08 04:21:58,510 - INFO - 投票结果: 选择路径 0, 答案: 20, 置信度: 1.0
2025-08-08 04:21:58,512 - INFO - 投票结果: 选择路径 1, 答案: 2, 置信度: 0.8
2025-08-08 04:21:58,513 - INFO - 投票结果: 选择路径 0, 答案: 1040000, 置信度: 0.9
2025-08-08 04:21:58,514 - INFO - 投票结果: 选择路径 0, 答案: 9, 置信度: 1.0
2025-08-08 04:21:58,515 - INFO - 投票结果: 选择路径 0, 答案: 132, 置信度: 1.0
2025-08-08 04:21:58,517 - INFO - 投票结果: 选择路径 0, 答案: 93, 置信度: 1.0
2025-08-08 04:21:58,518 - INFO - 投票结果: 选择路径 0, 答案: 4, 置信度: 0.9
2025-08-08 04:21:58,519 - INFO - 投票结果: 选择路径 1, 答案: 25, 置信度: 0.2
2025-08-08 04:21:58,520 - INFO - 投票结果: 选择路径 0, 答案: 33, 置信度: 0.9
2025-08-08 04:21:58,522 - INFO - 投票结果: 选择路径 0, 答案: 12, 置信度: 0.8
2025-08-08 04:21:58,523 - INFO - 投票结果: 选择路径 0, 答案: 7200, 置信度: 1.0
2025-08-08 04:21:58,524 - INFO - 投票结果: 选择路径 0, 答案: 60, 置信度: 1.0
2025-08-08 04:21:58,526 - INFO - 投票结果: 选择路径 0, 答案: 44, 置信度: 1.0
2025-08-08 04:21:58,527 - INFO - 投票结果: 选择路径 1, 答案: 113, 置信度: 0.6
2025-08-08 04:21:58,528 - INFO - 投票结果: 选择路径 2, 答案: 43500, 置信度: 0.3
2025-08-08 04:21:58,530 - INFO - 投票结果: 选择路径 0, 答案: 720, 置信度: 1.0
2025-08-08 04:21:58,531 - INFO - 投票结果: 选择路径 0, 答案: 50, 置信度: 0.8
2025-08-08 04:21:58,532 - INFO - 投票结果: 选择路径 0, 答案: 24, 置信度: 1.0
2025-08-08 04:21:58,534 - INFO - 投票结果: 选择路径 0, 答案: 43, 置信度: 0.6
2025-08-08 04:21:58,535 - INFO - 投票结果: 选择路径 0, 答案: 30, 置信度: 1.0
2025-08-08 04:21:58,536 - INFO - 投票结果: 选择路径 0, 答案: 23, 置信度: 0.5
2025-08-08 04:21:58,537 - INFO - 投票结果: 选择路径 0, 答案: 251, 置信度: 0.8
2025-08-08 04:21:58,539 - INFO - 投票结果: 选择路径 0, 答案: 35, 置信度: 1.0
2025-08-08 04:21:58,540 - INFO - 投票结果: 选择路径 4, 答案: 110, 置信度: 0.4
2025-08-08 04:21:58,541 - INFO - 投票结果: 选择路径 0, 答案: 82, 置信度: 1.0
2025-08-08 04:21:58,542 - INFO - 投票结果: 选择路径 3, 答案: 2100, 置信度: 0.3
2025-08-08 04:21:58,544 - INFO - 投票结果: 选择路径 0, 答案: 3, 置信度: 0.9
2025-08-08 04:21:58,545 - INFO - 投票结果: 选择路径 0, 答案: 12, 置信度: 1.0
2025-08-08 04:21:58,546 - INFO - 投票结果: 选择路径 0, 答案: 6, 置信度: 0.4
2025-08-08 04:21:58,547 - INFO - 投票结果: 选择路径 0, 答案: 9, 置信度: 0.2
2025-08-08 04:21:58,549 - INFO - 投票结果: 选择路径 2, 答案: 575, 置信度: 0.2
2025-08-08 04:21:58,550 - INFO - 投票结果: 选择路径 0, 答案: 27, 置信度: 1.0
2025-08-08 04:21:58,551 - INFO - 投票结果: 选择路径 0, 答案: 360, 置信度: 0.9
2025-08-08 04:21:58,552 - INFO - 投票结果: 选择路径 1, 答案: 14, 置信度: 0.4
2025-08-08 04:21:58,554 - INFO - 投票结果: 选择路径 0, 答案: 694, 置信度: 0.9
2025-08-08 04:21:58,555 - INFO - 投票结果: 选择路径 0, 答案: 3, 置信度: 1.0
2025-08-08 04:21:58,556 - INFO - 投票结果: 选择路径 0, 答案: 360, 置信度: 0.9
2025-08-08 04:21:58,558 - INFO - 投票结果: 选择路径 1, 答案: 400, 置信度: 0.3
2025-08-08 04:21:58,559 - INFO - 投票结果: 选择路径 0, 答案: 20, 置信度: 0.8
2025-08-08 04:21:58,560 - INFO - 投票结果: 选择路径 0, 答案: 3360, 置信度: 1.0
2025-08-08 04:21:58,561 - INFO - 投票结果: 选择路径 1, 答案: 39, 置信度: 0.7
2025-08-08 04:21:58,563 - INFO - 投票结果: 选择路径 0, 答案: 12, 置信度: 0.7
2025-08-08 04:21:58,564 - INFO - 投票结果: 选择路径 0, 答案: 215, 置信度: 1.0
2025-08-08 04:21:58,565 - INFO - 投票结果: 选择路径 0, 答案: 4, 置信度: 0.3
2025-08-08 04:21:58,566 - INFO - 投票结果: 选择路径 0, 答案: 9, 置信度: 0.9
2025-08-08 04:21:58,568 - INFO - 投票结果: 选择路径 0, 答案: 520, 置信度: 0.8
2025-08-08 04:21:58,569 - INFO - 投票结果: 选择路径 1, 答案: 62, 置信度: 0.9
2025-08-08 04:21:58,570 - INFO - 投票结果: 选择路径 0, 答案: 122, 置信度: 0.3
2025-08-08 04:21:58,571 - INFO - 投票结果: 选择路径 0, 答案: 120, 置信度: 1.0
2025-08-08 04:21:58,573 - INFO - 投票结果: 选择路径 0, 答案: 15, 置信度: 1.0
2025-08-08 04:21:58,574 - INFO - 投票结果: 选择路径 0, 答案: 185, 置信度: 0.4
2025-08-08 04:21:58,575 - INFO - 投票结果: 选择路径 3, 答案: 540.4, 置信度: 0.3
2025-08-08 04:21:58,576 - INFO - 投票结果: 选择路径 0, 答案: 4, 置信度: 0.4
2025-08-08 04:21:58,578 - INFO - 投票结果: 选择路径 5, 答案: 178.25, 置信度: 0.3
2025-08-08 04:21:58,579 - INFO - 投票结果: 选择路径 0, 答案: 202, 置信度: 0.4
2025-08-08 04:21:58,580 - INFO - 投票结果: 选择路径 2, 答案: 21, 置信度: 0.5
2025-08-08 04:21:58,581 - INFO - 投票结果: 选择路径 0, 答案: 10, 置信度: 0.7
2025-08-08 04:21:58,583 - INFO - 投票结果: 选择路径 0, 答案: 4, 置信度: 0.2
2025-08-08 04:21:58,584 - INFO - 投票结果: 选择路径 1, 答案: 43200, 置信度: 0.7
2025-08-08 04:21:58,585 - INFO - 投票结果: 选择路径 0, 答案: 10, 置信度: 1.0
2025-08-08 04:21:58,587 - INFO - 投票结果: 选择路径 0, 答案: 8, 置信度: 0.3
2025-08-08 04:21:58,588 - INFO - 投票结果: 选择路径 1, 答案: 450, 置信度: 0.3
2025-08-08 04:21:58,589 - INFO - 投票结果: 选择路径 0, 答案: 160, 置信度: 0.8
2025-08-08 04:21:58,590 - INFO - 投票结果: 选择路径 0, 答案: 40, 置信度: 1.0
2025-08-08 04:21:58,592 - INFO - 投票结果: 选择路径 1, 答案: 12, 置信度: 0.6
2025-08-08 04:21:58,593 - INFO - 投票结果: 选择路径 0, 答案: 36, 置信度: 0.7
2025-08-08 04:21:58,594 - INFO - 投票结果: 选择路径 0, 答案: 36, 置信度: 0.8
2025-08-08 04:21:58,595 - INFO - 投票结果: 选择路径 0, 答案: 9, 置信度: 1.0
2025-08-08 04:21:58,597 - INFO - 投票结果: 选择路径 0, 答案: 16, 置信度: 0.9
2025-08-08 04:21:58,598 - INFO - 投票结果: 选择路径 0, 答案: 60, 置信度: 1.0
2025-08-08 04:21:58,599 - INFO - 投票结果: 选择路径 0, 答案: 4, 置信度: 1.0
2025-08-08 04:21:58,600 - INFO - 投票结果: 选择路径 0, 答案: 3, 置信度: 1.0
2025-08-08 04:21:58,602 - INFO - 投票结果: 选择路径 0, 答案: 100, 置信度: 1.0
2025-08-08 04:21:58,603 - INFO - 投票结果: 选择路径 2, 答案: 2040, 置信度: 0.2
2025-08-08 04:21:58,604 - INFO - 投票结果: 选择路径 6, 答案: 20, 置信度: 0.3
2025-08-08 04:21:58,605 - INFO - 投票结果: 选择路径 0, 答案: 29, 置信度: 1.0
2025-08-08 04:21:58,607 - INFO - 投票结果: 选择路径 0, 答案: 80, 置信度: 0.3
2025-08-08 04:21:58,608 - INFO - 投票结果: 选择路径 0, 答案: 23, 置信度: 0.9
2025-08-08 04:21:58,609 - INFO - 投票结果: 选择路径 1, 答案: 6, 置信度: 0.2
2025-08-08 04:21:58,610 - INFO - 投票结果: 选择路径 1, 答案: 9, 置信度: 0.6
2025-08-08 04:21:58,612 - INFO - 投票结果: 选择路径 1, 答案: 156, 置信度: 0.7
2025-08-08 04:21:58,613 - INFO - 投票结果: 选择路径 3, 答案: 48, 置信度: 0.2
2025-08-08 04:21:58,614 - INFO - 投票结果: 选择路径 0, 答案: 10, 置信度: 1.0
2025-08-08 04:21:58,615 - INFO - 投票结果: 选择路径 0, 答案: 8, 置信度: 1.0
2025-08-08 04:21:58,617 - INFO - 投票结果: 选择路径 0, 答案: 32, 置信度: 1.0
2025-08-08 04:21:58,618 - INFO - 投票结果: 选择路径 2, 答案: 48, 置信度: 0.6
2025-08-08 04:21:58,619 - INFO - 投票结果: 选择路径 0, 答案: 500, 置信度: 1.0
2025-08-08 04:21:58,621 - INFO - 投票结果: 选择路径 0, 答案: 8, 置信度: 0.8
2025-08-08 04:21:58,622 - INFO - 投票结果: 选择路径 1, 答案: 6, 置信度: 0.6
2025-08-08 04:21:58,623 - INFO - 投票结果: 选择路径 0, 答案: -10, 置信度: 1.0
2025-08-08 04:21:58,624 - INFO - 投票结果: 选择路径 0, 答案: 5, 置信度: 0.9
2025-08-08 04:21:58,626 - INFO - 投票结果: 选择路径 0, 答案: 8, 置信度: 1.0
2025-08-08 04:21:58,627 - INFO - 投票结果: 选择路径 0, 答案: 34, 置信度: 0.9
2025-08-08 04:21:58,628 - INFO - 投票结果: 选择路径 0, 答案: 30, 置信度: 0.8
2025-08-08 04:21:58,629 - INFO - 投票结果: 选择路径 0, 答案: 1000, 置信度: 1.0
2025-08-08 04:21:58,631 - INFO - 投票结果: 选择路径 0, 答案: 6, 置信度: 0.9
2025-08-08 04:21:58,632 - INFO - 投票结果: 选择路径 1, 答案: 50, 置信度: 0.3
2025-08-08 04:21:58,633 - INFO - 投票结果: 选择路径 0, 答案: 1920, 置信度: 0.9
2025-08-08 04:21:58,634 - INFO - 投票结果: 选择路径 4, 答案: 19, 置信度: 0.3
2025-08-08 04:21:58,636 - INFO - 投票结果: 选择路径 0, 答案: 50, 置信度: 0.9
2025-08-08 04:21:58,637 - INFO - 投票结果: 选择路径 2, 答案: 2000, 置信度: 0.3
2025-08-08 04:21:58,638 - INFO - 投票结果: 选择路径 0, 答案: 5, 置信度: 0.9
2025-08-08 04:21:58,639 - INFO - 投票结果: 选择路径 0, 答案: 10, 置信度: 0.8
2025-08-08 04:21:58,641 - INFO - 投票结果: 选择路径 0, 答案: 7, 置信度: 1.0
2025-08-08 04:21:58,642 - INFO - 投票结果: 选择路径 0, 答案: 20, 置信度: 1.0
2025-08-08 04:21:58,643 - INFO - 投票结果: 选择路径 0, 答案: 43, 置信度: 0.8
2025-08-08 04:21:58,644 - INFO - 投票结果: 选择路径 1, 答案: 9, 置信度: 0.8
2025-08-08 04:21:58,645 - INFO - 投票结果: 选择路径 4, 答案: 1002500, 置信度: 0.2
2025-08-08 04:21:58,647 - INFO - 投票结果: 选择路径 1, 答案: 120, 置信度: 0.3
2025-08-08 04:21:58,648 - INFO - 投票结果: 选择路径 6, 答案: 11232, 置信度: 0.2
2025-08-08 04:21:58,649 - INFO - 投票结果: 选择路径 2, 答案: 4, 置信度: 0.4
2025-08-08 04:21:58,651 - INFO - 投票结果: 选择路径 1, 答案: 595, 置信度: 0.7
2025-08-08 04:21:58,652 - INFO - 投票结果: 选择路径 0, 答案: 110, 置信度: 0.9
2025-08-08 04:21:58,653 - INFO - 投票结果: 选择路径 0, 答案: 4800, 置信度: 1.0
2025-08-08 04:21:58,654 - INFO - 投票结果: 选择路径 2, 答案: 140, 置信度: 0.3
2025-08-08 04:21:58,656 - INFO - 投票结果: 选择路径 0, 答案: 34, 置信度: 0.9
2025-08-08 04:21:58,657 - INFO - 投票结果: 选择路径 0, 答案: 10, 置信度: 0.8
2025-08-08 04:21:58,658 - INFO - 投票结果: 选择路径 0, 答案: 950, 置信度: 0.2
2025-08-08 04:21:58,660 - INFO - 投票结果: 选择路径 0, 答案: 30, 置信度: 1.0
2025-08-08 04:21:58,661 - INFO - 投票结果: 选择路径 0, 答案: 224000, 置信度: 0.2
2025-08-08 04:21:58,662 - INFO - 投票结果: 选择路径 0, 答案: 168, 置信度: 1.0
2025-08-08 04:21:58,664 - INFO - 投票结果: 选择路径 0, 答案: 120, 置信度: 0.7
2025-08-08 04:21:58,665 - INFO - 投票结果: 选择路径 0, 答案: 3, 置信度: 0.2
2025-08-08 04:21:58,666 - INFO - 投票结果: 选择路径 0, 答案: 20, 置信度: 0.9
2025-08-08 04:21:58,668 - INFO - 投票结果: 选择路径 0, 答案: 4, 置信度: 0.8
2025-08-08 04:21:58,669 - INFO - 投票结果: 选择路径 1, 答案: 15, 置信度: 0.6
2025-08-08 04:21:58,670 - INFO - 投票结果: 选择路径 0, 答案: 8, 置信度: 1.0
2025-08-08 04:21:58,671 - INFO - 投票结果: 选择路径 0, 答案: 308, 置信度: 1.0
2025-08-08 04:21:58,673 - INFO - 投票结果: 选择路径 0, 答案: 187, 置信度: 1.0
2025-08-08 04:21:58,674 - INFO - 投票结果: 选择路径 0, 答案: 123, 置信度: 0.9
2025-08-08 04:21:58,675 - INFO - 投票结果: 选择路径 2, 答案: 4, 置信度: 0.6
2025-08-08 04:21:58,676 - INFO - 投票结果: 选择路径 0, 答案: 71, 置信度: 0.2
2025-08-08 04:21:58,678 - INFO - 投票结果: 选择路径 0, 答案: 14000, 置信度: 1.0
2025-08-08 04:21:58,679 - INFO - 投票结果: 选择路径 2, 答案: 160, 置信度: 0.4
2025-08-08 04:21:58,680 - INFO - 投票结果: 选择路径 0, 答案: 7, 置信度: 0.9
2025-08-08 04:21:58,681 - INFO - 投票结果: 选择路径 1, 答案: 480, 置信度: 0.7
2025-08-08 04:21:58,683 - INFO - 投票结果: 选择路径 0, 答案: 2, 置信度: 0.5
2025-08-08 04:21:58,684 - INFO - 投票结果: 选择路径 0, 答案: 45, 置信度: 0.8
2025-08-08 04:21:58,685 - INFO - 投票结果: 选择路径 0, 答案: 31, 置信度: 0.9
2025-08-08 04:21:58,686 - INFO - 投票结果: 选择路径 2, 答案: 10, 置信度: 0.3
2025-08-08 04:21:58,688 - INFO - 投票结果: 选择路径 0, 答案: 18, 置信度: 1.0
2025-08-08 04:21:58,689 - INFO - 投票结果: 选择路径 0, 答案: 6, 置信度: 0.4
2025-08-08 04:21:58,690 - INFO - 投票结果: 选择路径 0, 答案: 93000, 置信度: 1.0
2025-08-08 04:21:58,691 - INFO - 投票结果: 选择路径 0, 答案: 10080, 置信度: 0.1
2025-08-08 04:21:58,693 - INFO - 投票结果: 选择路径 1, 答案: 150, 置信度: 0.9
2025-08-08 04:21:58,694 - INFO - 投票结果: 选择路径 0, 答案: 220, 置信度: 1.0
2025-08-08 04:21:58,695 - INFO - 投票结果: 选择路径 0, 答案: 12, 置信度: 0.9
2025-08-08 04:21:58,696 - INFO - 投票结果: 选择路径 0, 答案: 71, 置信度: 1.0
2025-08-08 04:21:58,698 - INFO - 投票结果: 选择路径 0, 答案: 8, 置信度: 1.0
2025-08-08 04:21:58,699 - INFO - 投票结果: 选择路径 0, 答案: -120, 置信度: 0.1
2025-08-08 04:21:58,701 - INFO - 投票结果: 选择路径 0, 答案: 53, 置信度: 0.8
2025-08-08 04:21:58,702 - INFO - 投票结果: 选择路径 0, 答案: 31800, 置信度: 0.6
2025-08-08 04:21:58,703 - INFO - 投票结果: 选择路径 0, 答案: 4, 置信度: 0.8
2025-08-08 04:21:58,705 - INFO - 投票结果: 选择路径 0, 答案: 12, 置信度: 0.9
2025-08-08 04:21:58,706 - INFO - 投票结果: 选择路径 0, 答案: 10, 置信度: 1.0
2025-08-08 04:21:58,707 - INFO - 投票结果: 选择路径 4, 答案: 2800, 置信度: 0.3
2025-08-08 04:21:58,708 - INFO - 投票结果: 选择路径 0, 答案: 18, 置信度: 0.8
2025-08-08 04:21:58,710 - INFO - 投票结果: 选择路径 1, 答案: 24, 置信度: 0.6
2025-08-08 04:21:58,711 - INFO - 投票结果: 选择路径 1, 答案: 139, 置信度: 0.8
2025-08-08 04:21:58,712 - INFO - 投票结果: 选择路径 0, 答案: 36, 置信度: 0.7
2025-08-08 04:21:58,713 - INFO - 投票结果: 选择路径 0, 答案: 6, 置信度: 0.5
2025-08-08 04:21:58,715 - INFO - 投票结果: 选择路径 0, 答案: 12, 置信度: 1.0
2025-08-08 04:21:58,716 - INFO - 投票结果: 选择路径 1, 答案: 78, 置信度: 0.8
2025-08-08 04:21:58,717 - INFO - 投票结果: 选择路径 0, 答案: 3, 置信度: 1.0
2025-08-08 04:21:58,718 - INFO - 投票结果: 选择路径 1, 答案: 50, 置信度: 0.2
2025-08-08 04:21:58,720 - INFO - 投票结果: 选择路径 0, 答案: 163, 置信度: 0.5
2025-08-08 04:21:58,721 - INFO - 投票结果: 选择路径 0, 答案: 90, 置信度: 0.8
2025-08-08 04:21:58,722 - INFO - 投票结果: 选择路径 4, 答案: 360, 置信度: 0.2
2025-08-08 04:21:58,723 - INFO - 投票结果: 选择路径 2, 答案: 480, 置信度: 0.2
2025-08-08 04:21:58,725 - INFO - 投票结果: 选择路径 1, 答案: 15, 置信度: 0.3
2025-08-08 04:21:58,726 - INFO - 投票结果: 选择路径 0, 答案: 90, 置信度: 1.0
2025-08-08 04:21:58,727 - INFO - 投票结果: 选择路径 0, 答案: 42, 置信度: 0.9
2025-08-08 04:21:58,728 - INFO - 投票结果: 选择路径 0, 答案: 162, 置信度: 1.0
2025-08-08 04:21:58,730 - INFO - 投票结果: 选择路径 0, 答案: 9, 置信度: 0.7
2025-08-08 04:21:58,731 - INFO - 投票结果: 选择路径 3, 答案: 48, 置信度: 0.3
2025-08-08 04:21:58,732 - INFO - 投票结果: 选择路径 1, 答案: 82, 置信度: 0.2
2025-08-08 04:21:58,734 - INFO - 投票结果: 选择路径 0, 答案: 14000, 置信度: 0.6
2025-08-08 04:21:58,735 - INFO - 投票结果: 选择路径 0, 答案: 45, 置信度: 0.8
2025-08-08 04:21:58,736 - INFO - 投票结果: 选择路径 2, 答案: 420, 置信度: 0.6
2025-08-08 04:21:58,738 - INFO - 投票结果: 选择路径 0, 答案: 15, 置信度: 0.9
2025-08-08 04:21:58,739 - INFO - 投票结果: 选择路径 0, 答案: 30, 置信度: 1.0
2025-08-08 04:21:58,740 - INFO - 投票结果: 选择路径 0, 答案: 280, 置信度: 1.0
2025-08-08 04:21:58,741 - INFO - 投票结果: 选择路径 0, 答案: 5, 置信度: 0.9
2025-08-08 04:21:58,743 - INFO - 投票结果: 选择路径 0, 答案: 135, 置信度: 0.9
2025-08-08 04:21:58,744 - INFO - 投票结果: 选择路径 0, 答案: 67, 置信度: 1.0
2025-08-08 04:21:58,745 - INFO - 投票结果: 选择路径 0, 答案: 1260, 置信度: 1.0
2025-08-08 04:21:58,746 - INFO - 投票结果: 选择路径 0, 答案: 80, 置信度: 1.0
2025-08-08 04:21:58,748 - INFO - 投票结果: 选择路径 2, 答案: 1220, 置信度: 0.2
2025-08-08 04:21:58,749 - INFO - 投票结果: 选择路径 0, 答案: 15, 置信度: 1.0
2025-08-08 04:21:58,750 - INFO - 投票结果: 选择路径 0, 答案: 12, 置信度: 0.6
2025-08-08 04:21:58,752 - INFO - 投票结果: 选择路径 0, 答案: 15, 置信度: 0.9
2025-08-08 04:21:58,753 - INFO - 投票结果: 选择路径 0, 答案: 221, 置信度: 1.0
2025-08-08 04:21:58,754 - INFO - 投票结果: 选择路径 0, 答案: 5, 置信度: 1.0
2025-08-08 04:21:58,755 - INFO - 投票结果: 选择路径 1, 答案: 11, 置信度: 0.5
2025-08-08 04:21:58,757 - INFO - 投票结果: 选择路径 0, 答案: 8400, 置信度: 0.7
2025-08-08 04:21:58,758 - INFO - 投票结果: 选择路径 0, 答案: 3000, 置信度: 0.6
2025-08-08 04:21:58,759 - INFO - 投票结果: 选择路径 1, 答案: 60, 置信度: 0.8
2025-08-08 04:21:58,761 - INFO - 投票结果: 选择路径 2, 答案: 822, 置信度: 0.2
2025-08-08 04:21:58,762 - INFO - 投票结果: 选择路径 0, 答案: 20, 置信度: 0.8
2025-08-08 04:21:58,763 - INFO - 投票结果: 选择路径 0, 答案: 6, 置信度: 0.8
2025-08-08 04:21:58,764 - INFO - 投票结果: 选择路径 0, 答案: 12, 置信度: 0.8
2025-08-08 04:21:58,766 - INFO - 投票结果: 选择路径 0, 答案: 480, 置信度: 1.0
2025-08-08 04:21:58,767 - INFO - 投票结果: 选择路径 2, 答案: 14400, 置信度: 0.5
2025-08-08 04:21:58,768 - INFO - 投票结果: 选择路径 0, 答案: 3, 置信度: 0.9
2025-08-08 04:21:58,769 - INFO - 投票结果: 选择路径 0, 答案: 250, 置信度: 0.9
2025-08-08 04:21:58,771 - INFO - 投票结果: 选择路径 0, 答案: 168, 置信度: 1.0
2025-08-08 04:21:58,772 - INFO - 投票结果: 选择路径 4, 答案: 17600, 置信度: 0.2
2025-08-08 04:21:58,773 - INFO - 投票结果: 选择路径 1, 答案: 120, 置信度: 0.6
2025-08-08 04:21:58,775 - INFO - 投票结果: 选择路径 0, 答案: 270, 置信度: 1.0
2025-08-08 04:21:58,776 - INFO - 投票结果: 选择路径 0, 答案: 26, 置信度: 1.0
2025-08-08 04:21:58,777 - INFO - 投票结果: 选择路径 0, 答案: 27, 置信度: 0.4
2025-08-08 04:21:58,778 - INFO - 投票结果: 选择路径 0, 答案: 30, 置信度: 0.6
2025-08-08 04:21:58,780 - INFO - 投票结果: 选择路径 0, 答案: 101, 置信度: 1.0
2025-08-08 04:21:58,781 - INFO - 投票结果: 选择路径 1, 答案: 230, 置信度: 0.3
2025-08-08 04:21:58,782 - INFO - 投票结果: 选择路径 0, 答案: 85, 置信度: 1.0
2025-08-08 04:21:58,783 - INFO - 投票结果: 选择路径 2, 答案: 4, 置信度: 0.4
2025-08-08 04:21:58,785 - INFO - 投票结果: 选择路径 4, 答案: 2300, 置信度: 0.5
2025-08-08 04:21:58,786 - INFO - 投票结果: 选择路径 0, 答案: 300, 置信度: 1.0
2025-08-08 04:21:58,787 - INFO - 投票结果: 选择路径 0, 答案: 31, 置信度: 1.0
2025-08-08 04:21:58,788 - INFO - 投票结果: 选择路径 0, 答案: 12, 置信度: 0.9
2025-08-08 04:21:58,790 - INFO - 投票结果: 选择路径 0, 答案: 2:00p, 置信度: 0.9
2025-08-08 04:21:58,791 - INFO - 投票结果: 选择路径 0, 答案: 3, 置信度: 0.9
2025-08-08 04:21:58,792 - INFO - 投票结果: 选择路径 0, 答案: 10, 置信度: 0.5
2025-08-08 04:21:58,794 - INFO - 投票结果: 选择路径 0, 答案: 45, 置信度: 0.9
2025-08-08 04:21:58,795 - INFO - 投票结果: 选择路径 0, 答案: 200, 置信度: 0.9
2025-08-08 04:21:58,796 - INFO - 投票结果: 选择路径 1, 答案: 55, 置信度: 0.4
2025-08-08 04:21:58,797 - INFO - 投票结果: 选择路径 0, 答案: 10, 置信度: 0.9
2025-08-08 04:21:58,799 - INFO - 投票结果: 选择路径 0, 答案: 98, 置信度: 0.7
2025-08-08 04:21:58,800 - INFO - 投票结果: 选择路径 3, 答案: 2, 置信度: 0.3
2025-08-08 04:21:58,801 - INFO - 投票结果: 选择路径 1, 答案: 45, 置信度: 0.3
2025-08-08 04:21:58,803 - INFO - 投票结果: 选择路径 0, 答案: 360, 置信度: 0.3
2025-08-08 04:21:58,804 - INFO - 投票结果: 选择路径 0, 答案: 8, 置信度: 0.5
2025-08-08 04:21:58,805 - INFO - 投票结果: 选择路径 0, 答案: 45, 置信度: 0.4
2025-08-08 04:21:58,806 - INFO - 投票结果: 选择路径 0, 答案: 70, 置信度: 1.0
2025-08-08 04:21:58,808 - INFO - 投票结果: 选择路径 1, 答案: 294, 置信度: 0.9
2025-08-08 04:21:58,809 - INFO - 投票结果: 选择路径 1, 答案: 66, 置信度: 0.5
2025-08-08 04:21:58,810 - INFO - 投票结果: 选择路径 0, 答案: 13, 置信度: 1.0
2025-08-08 04:21:58,811 - INFO - 投票结果: 选择路径 0, 答案: 195, 置信度: 0.9
2025-08-08 04:21:58,813 - INFO - 投票结果: 选择路径 0, 答案: 7, 置信度: 1.0
2025-08-08 04:21:58,814 - INFO - 投票结果: 选择路径 0, 答案: 1875, 置信度: 0.7
2025-08-08 04:21:58,815 - INFO - 投票结果: 选择路径 0, 答案: 385000, 置信度: 0.9
2025-08-08 04:21:58,816 - INFO - 投票结果: 选择路径 0, 答案: 85, 置信度: 1.0
2025-08-08 04:21:58,818 - INFO - 投票结果: 选择路径 1, 答案: 27, 置信度: 0.8
2025-08-08 04:21:58,819 - INFO - 投票结果: 选择路径 0, 答案: 159, 置信度: 0.8
2025-08-08 04:21:58,820 - INFO - 投票结果: 选择路径 0, 答案: 25, 置信度: 1.0
2025-08-08 04:21:58,821 - INFO - 投票结果: 选择路径 0, 答案: 720, 置信度: 1.0
2025-08-08 04:21:58,823 - INFO - 投票结果: 选择路径 0, 答案: 549, 置信度: 0.3
2025-08-08 04:21:58,824 - INFO - 投票结果: 选择路径 0, 答案: 7, 置信度: 0.9
2025-08-08 04:21:58,825 - INFO - 投票结果: 选择路径 0, 答案: 25, 置信度: 0.8
2025-08-08 04:21:58,826 - INFO - 投票结果: 选择路径 0, 答案: 90, 置信度: 0.4
2025-08-08 04:21:58,828 - INFO - 投票结果: 选择路径 1, 答案: 2, 置信度: 0.9
2025-08-08 04:21:58,829 - INFO - 投票结果: 选择路径 0, 答案: 22, 置信度: 0.7
2025-08-08 04:21:58,830 - INFO - 投票结果: 选择路径 1, 答案: 40, 置信度: 0.8
2025-08-08 04:21:58,832 - INFO - 投票结果: 选择路径 2, 答案: 2050, 置信度: 0.3
2025-08-08 04:21:58,833 - INFO - 投票结果: 选择路径 0, 答案: 275, 置信度: 0.2
2025-08-08 04:21:58,834 - INFO - 投票结果: 选择路径 0, 答案: 10, 置信度: 0.5
2025-08-08 04:21:58,835 - INFO - 投票结果: 选择路径 0, 答案: 36, 置信度: 0.6
2025-08-08 04:21:58,837 - INFO - 投票结果: 选择路径 0, 答案: 17, 置信度: 0.8
2025-08-08 04:21:58,838 - INFO - 投票结果: 选择路径 1, 答案: 50, 置信度: 0.5
2025-08-08 04:21:58,839 - INFO - 投票结果: 选择路径 0, 答案: 96, 置信度: 0.9
2025-08-08 04:21:58,840 - INFO - 投票结果: 选择路径 0, 答案: 280, 置信度: 0.6
2025-08-08 04:21:58,842 - INFO - 投票结果: 选择路径 0, 答案: 70.5, 置信度: 0.1
2025-08-08 04:21:58,843 - INFO - 投票结果: 选择路径 0, 答案: 142, 置信度: 1.0
2025-08-08 04:21:58,844 - INFO - 投票结果: 选择路径 2, 答案: 5, 置信度: 0.7
2025-08-08 04:21:58,846 - INFO - 投票结果: 选择路径 0, 答案: 95, 置信度: 1.0
2025-08-08 04:21:58,847 - INFO - 投票结果: 选择路径 0, 答案: 175, 置信度: 1.0
2025-08-08 04:21:58,848 - INFO - 投票结果: 选择路径 0, 答案: 20, 置信度: 0.7
2025-08-08 04:21:58,849 - INFO - 投票结果: 选择路径 0, 答案: 15, 置信度: 1.0
2025-08-08 04:21:58,851 - INFO - 投票结果: 选择路径 0, 答案: 370, 置信度: 0.5
2025-08-08 04:21:58,852 - INFO - 投票结果: 选择路径 0, 答案: 2, 置信度: 0.3
2025-08-08 04:21:58,853 - INFO - 投票结果: 选择路径 0, 答案: 2, 置信度: 0.7
2025-08-08 04:21:58,854 - INFO - 投票结果: 选择路径 2, 答案: 120, 置信度: 0.7
2025-08-08 04:21:58,856 - INFO - 投票结果: 选择路径 0, 答案: 70, 置信度: 1.0
2025-08-08 04:21:58,857 - INFO - 投票结果: 选择路径 1, 答案: 17000, 置信度: 0.4
2025-08-08 04:21:58,859 - INFO - 投票结果: 选择路径 1, 答案: 57, 置信度: 0.7
2025-08-08 04:21:58,860 - INFO - 投票结果: 选择路径 0, 答案: 1260, 置信度: 1.0
2025-08-08 04:21:58,861 - INFO - 投票结果: 选择路径 0, 答案: 4500, 置信度: 1.0
2025-08-08 04:21:58,863 - INFO - 投票结果: 选择路径 0, 答案: 5, 置信度: 0.8
2025-08-08 04:21:58,864 - INFO - 投票结果: 选择路径 0, 答案: 360, 置信度: 1.0
2025-08-08 04:21:58,865 - INFO - 投票结果: 选择路径 3, 答案: 50, 置信度: 0.5
2025-08-08 04:21:58,866 - INFO - 投票结果: 选择路径 0, 答案: 95, 置信度: 0.6
2025-08-08 04:21:58,868 - INFO - 投票结果: 选择路径 0, 答案: 2, 置信度: 0.8
2025-08-08 04:21:58,869 - INFO - 投票结果: 选择路径 1, 答案: 7.17, 置信度: 0.3
2025-08-08 04:21:58,870 - INFO - 投票结果: 选择路径 0, 答案: 5760, 置信度: 0.9
2025-08-08 04:21:58,872 - INFO - 投票结果: 选择路径 1, 答案: 35, 置信度: 0.8
2025-08-08 04:21:58,873 - INFO - 投票结果: 选择路径 0, 答案: 27, 置信度: 0.5
2025-08-08 04:21:58,874 - INFO - 投票结果: 选择路径 0, 答案: 7, 置信度: 0.6
2025-08-08 04:21:58,875 - INFO - 投票结果: 选择路径 0, 答案: 3, 置信度: 0.8
2025-08-08 04:21:58,877 - INFO - 投票结果: 选择路径 1, 答案: 147, 置信度: 0.2
2025-08-08 04:21:58,878 - INFO - 投票结果: 选择路径 1, 答案: 280, 置信度: 0.5
2025-08-08 04:21:58,880 - INFO - 投票结果: 选择路径 0, 答案: 16, 置信度: 0.7
2025-08-08 04:21:58,881 - INFO - 投票结果: 选择路径 0, 答案: 10, 置信度: 1.0
2025-08-08 04:21:58,882 - INFO - 投票结果: 选择路径 0, 答案: 101, 置信度: 1.0
2025-08-08 04:21:58,884 - INFO - 投票结果: 选择路径 1, 答案: 12, 置信度: 0.8
2025-08-08 04:21:58,885 - INFO - 投票结果: 选择路径 0, 答案: 78, 置信度: 0.8
2025-08-08 04:21:58,886 - INFO - 投票结果: 选择路径 0, 答案: 16, 置信度: 1.0
2025-08-08 04:21:58,887 - INFO - 投票结果: 选择路径 0, 答案: 8, 置信度: 0.8
2025-08-08 04:21:58,889 - INFO - 投票结果: 选择路径 0, 答案: 20, 置信度: 0.7
2025-08-08 04:21:58,890 - INFO - 投票结果: 选择路径 1, 答案: 310, 置信度: 0.5
2025-08-08 04:21:58,891 - INFO - 投票结果: 选择路径 1, 答案: 47.25, 置信度: 0.4
2025-08-08 04:21:58,893 - INFO - 投票结果: 选择路径 0, 答案: 105, 置信度: 0.9
2025-08-08 04:21:58,894 - INFO - 投票结果: 选择路径 0, 答案: 16, 置信度: 0.3
2025-08-08 04:21:58,895 - INFO - 投票结果: 选择路径 0, 答案: 6, 置信度: 1.0
2025-08-08 04:21:58,896 - INFO - 投票结果: 选择路径 0, 答案: 120, 置信度: 0.3
2025-08-08 04:21:58,898 - INFO - 投票结果: 选择路径 0, 答案: 770, 置信度: 0.8
2025-08-08 04:21:58,899 - INFO - 投票结果: 选择路径 0, 答案: 28, 置信度: 1.0
2025-08-08 04:21:58,900 - INFO - 投票结果: 选择路径 5, 答案: 50, 置信度: 0.2
2025-08-08 04:21:58,902 - INFO - 投票结果: 选择路径 0, 答案: 1630, 置信度: 0.7
2025-08-08 04:21:58,903 - INFO - 投票结果: 选择路径 1, 答案: 55, 置信度: 0.6
2025-08-08 04:21:58,904 - INFO - 投票结果: 选择路径 1, 答案: 58, 置信度: 0.5
2025-08-08 04:21:58,906 - INFO - 投票结果: 选择路径 0, 答案: 11, 置信度: 0.9
2025-08-08 04:21:58,907 - INFO - 投票结果: 选择路径 0, 答案: 3, 置信度: 1.0
2025-08-08 04:21:58,908 - INFO - 投票结果: 选择路径 0, 答案: 20, 置信度: 0.6
2025-08-08 04:21:58,910 - INFO - 投票结果: 选择路径 0, 答案: 15, 置信度: 0.9
2025-08-08 04:21:58,911 - INFO - 投票结果: 选择路径 0, 答案: 3, 置信度: 0.5
2025-08-08 04:21:58,912 - INFO - 投票结果: 选择路径 0, 答案: 70, 置信度: 0.9
2025-08-08 04:21:58,913 - INFO - 投票结果: 选择路径 0, 答案: 63, 置信度: 0.9
2025-08-08 04:21:58,915 - INFO - 投票结果: 选择路径 0, 答案: 14, 置信度: 1.0
2025-08-08 04:21:58,916 - INFO - 投票结果: 选择路径 0, 答案: 11, 置信度: 1.0
2025-08-08 04:21:58,917 - INFO - 投票结果: 选择路径 0, 答案: 153, 置信度: 0.7
2025-08-08 04:21:58,919 - INFO - 投票结果: 选择路径 0, 答案: 15, 置信度: 0.9
2025-08-08 04:21:58,920 - INFO - 投票结果: 选择路径 2, 答案: 20, 置信度: 0.2
2025-08-08 04:21:58,921 - INFO - 投票结果: 选择路径 0, 答案: 175, 置信度: 0.9
2025-08-08 04:21:58,923 - INFO - 投票结果: 选择路径 0, 答案: 600, 置信度: 0.8
2025-08-08 04:21:58,924 - INFO - 投票结果: 选择路径 0, 答案: 20, 置信度: 0.9
2025-08-08 04:21:58,925 - INFO - 投票结果: 选择路径 0, 答案: 12, 置信度: 1.0
2025-08-08 04:21:58,927 - INFO - 投票结果: 选择路径 1, 答案: 87, 置信度: 0.9
2025-08-08 04:21:58,928 - INFO - 投票结果: 选择路径 1, 答案: 54, 置信度: 0.6
2025-08-08 04:21:58,929 - INFO - 投票结果: 选择路径 1, 答案: 10, 置信度: 0.7
2025-08-08 04:21:58,931 - INFO - 投票结果: 选择路径 0, 答案: 18, 置信度: 0.9
2025-08-08 04:21:58,932 - INFO - 投票结果: 选择路径 0, 答案: 230, 置信度: 1.0
2025-08-08 04:21:58,933 - INFO - 投票结果: 选择路径 0, 答案: 5, 置信度: 0.5
2025-08-08 04:21:58,934 - INFO - 投票结果: 选择路径 1, 答案: 1198, 置信度: 0.6
2025-08-08 04:21:58,936 - INFO - 投票结果: 选择路径 0, 答案: 2325, 置信度: 0.8
2025-08-08 04:21:58,937 - INFO - 投票结果: 选择路径 0, 答案: 80, 置信度: 1.0
2025-08-08 04:21:58,938 - INFO - 投票结果: 选择路径 0, 答案: 880, 置信度: 1.0
2025-08-08 04:21:58,940 - INFO - 投票结果: 选择路径 1, 答案: 5, 置信度: 0.6
2025-08-08 04:21:58,941 - INFO - 投票结果: 选择路径 0, 答案: 45, 置信度: 1.0
2025-08-08 04:21:58,942 - INFO - 投票结果: 选择路径 0, 答案: 75, 置信度: 1.0
2025-08-08 04:21:58,943 - INFO - 投票结果: 选择路径 0, 答案: 3, 置信度: 0.2
2025-08-08 04:21:58,945 - INFO - 投票结果: 选择路径 0, 答案: 350, 置信度: 1.0
2025-08-08 04:21:58,946 - INFO - 投票结果: 选择路径 0, 答案: 200, 置信度: 0.7
2025-08-08 04:21:58,947 - INFO - 投票结果: 选择路径 0, 答案: 1000, 置信度: 0.9
2025-08-08 04:21:58,948 - INFO - 投票结果: 选择路径 0, 答案: 21, 置信度: 0.7
2025-08-08 04:21:58,950 - INFO - 投票结果: 选择路径 0, 答案: 19, 置信度: 1.0
2025-08-08 04:21:58,951 - INFO - 投票结果: 选择路径 0, 答案: 13, 置信度: 1.0
2025-08-08 04:21:58,952 - INFO - 投票结果: 选择路径 2, 答案: 10, 置信度: 0.5
2025-08-08 04:21:58,954 - INFO - 投票结果: 选择路径 0, 答案: 440, 置信度: 1.0
2025-08-08 04:21:58,955 - INFO - 投票结果: 选择路径 0, 答案: 48, 置信度: 0.9
2025-08-08 04:21:58,956 - INFO - 投票结果: 选择路径 1, 答案: 33, 置信度: 0.7
2025-08-08 04:21:58,957 - INFO - 投票结果: 选择路径 0, 答案: 32, 置信度: 0.7
2025-08-08 04:21:58,959 - INFO - 投票结果: 选择路径 0, 答案: 22, 置信度: 1.0
2025-08-08 04:21:58,960 - INFO - 投票结果: 选择路径 1, 答案: 57500, 置信度: 0.9
2025-08-08 04:21:58,961 - INFO - 投票结果: 选择路径 0, 答案: 35, 置信度: 1.0
2025-08-08 04:21:58,962 - INFO - 投票结果: 选择路径 0, 答案: 26, 置信度: 0.9
2025-08-08 04:21:58,964 - INFO - 投票结果: 选择路径 1, 答案: 18, 置信度: 0.5
2025-08-08 04:21:58,965 - INFO - 投票结果: 选择路径 0, 答案: 27000, 置信度: 0.8
2025-08-08 04:21:58,966 - INFO - 投票结果: 选择路径 0, 答案: 157, 置信度: 0.9
2025-08-08 04:21:58,967 - INFO - 投票结果: 选择路径 0, 答案: 14, 置信度: 1.0
2025-08-08 04:21:58,969 - INFO - 投票结果: 选择路径 0, 答案: 26, 置信度: 0.9
2025-08-08 04:21:58,970 - INFO - 投票结果: 选择路径 0, 答案: 1271, 置信度: 0.1
2025-08-08 04:21:58,971 - INFO - 投票结果: 选择路径 0, 答案: 12, 置信度: 1.0
2025-08-08 04:21:58,972 - INFO - 投票结果: 选择路径 1, 答案: 11, 置信度: 0.5
2025-08-08 04:21:58,974 - INFO - 投票结果: 选择路径 0, 答案: 366, 置信度: 1.0
2025-08-08 04:21:58,975 - INFO - 投票结果: 选择路径 0, 答案: 195, 置信度: 0.8
2025-08-08 04:21:58,976 - INFO - 投票结果: 选择路径 0, 答案: 90, 置信度: 1.0
2025-08-08 04:21:58,977 - INFO - 投票结果: 选择路径 1, 答案: 10, 置信度: 0.7
2025-08-08 04:21:58,979 - INFO - 投票结果: 选择路径 0, 答案: 400, 置信度: 1.0
2025-08-08 04:21:58,980 - INFO - 投票结果: 选择路径 0, 答案: 6, 置信度: 0.6
2025-08-08 04:21:58,981 - INFO - 投票结果: 选择路径 0, 答案: 17, 置信度: 1.0
2025-08-08 04:21:58,982 - INFO - 投票结果: 选择路径 0, 答案: 80, 置信度: 0.6
2025-08-08 04:21:58,984 - INFO - 投票结果: 选择路径 0, 答案: 11, 置信度: 0.3
2025-08-08 04:21:58,985 - INFO - 投票结果: 选择路径 0, 答案: 44, 置信度: 1.0
2025-08-08 04:21:58,986 - INFO - 投票结果: 选择路径 0, 答案: 12, 置信度: 0.7
2025-08-08 04:21:58,987 - INFO - 投票结果: 选择路径 0, 答案: 27, 置信度: 1.0
2025-08-08 04:21:58,989 - INFO - 投票结果: 选择路径 0, 答案: 120, 置信度: 1.0
2025-08-08 04:21:58,990 - INFO - 投票结果: 选择路径 0, 答案: 12, 置信度: 1.0
2025-08-08 04:21:58,991 - INFO - 投票结果: 选择路径 0, 答案: 5, 置信度: 1.0
2025-08-08 04:21:58,992 - INFO - 投票结果: 选择路径 1, 答案: 36, 置信度: 0.7
2025-08-08 04:21:58,994 - INFO - 投票结果: 选择路径 0, 答案: 9, 置信度: 1.0
2025-08-08 04:21:58,995 - INFO - 投票结果: 选择路径 0, 答案: 2, 置信度: 0.9
2025-08-08 04:21:58,996 - INFO - 投票结果: 选择路径 5, 答案: 38, 置信度: 0.3
2025-08-08 04:21:58,997 - INFO - 投票结果: 选择路径 0, 答案: 70, 置信度: 1.0
2025-08-08 04:21:58,999 - INFO - 投票结果: 选择路径 1, 答案: 3160, 置信度: 0.3
2025-08-08 04:21:59,000 - INFO - 投票结果: 选择路径 0, 答案: 3200, 置信度: 1.0
2025-08-08 04:21:59,001 - INFO - 投票结果: 选择路径 1, 答案: 142, 置信度: 0.5
2025-08-08 04:21:59,002 - INFO - 投票结果: 选择路径 0, 答案: 90, 置信度: 1.0
2025-08-08 04:21:59,004 - INFO - 投票结果: 选择路径 0, 答案: 200, 置信度: 0.7
2025-08-08 04:21:59,005 - INFO - 投票结果: 选择路径 0, 答案: 330000, 置信度: 0.8
2025-08-08 04:21:59,006 - INFO - 投票结果: 选择路径 0, 答案: 9, 置信度: 0.8
2025-08-08 04:21:59,007 - INFO - 投票结果: 选择路径 0, 答案: 10, 置信度: 1.0
2025-08-08 04:21:59,009 - INFO - 投票结果: 选择路径 0, 答案: 56, 置信度: 0.4
2025-08-08 04:21:59,010 - INFO - 投票结果: 选择路径 0, 答案: 700, 置信度: 0.9
2025-08-08 04:21:59,011 - INFO - 投票结果: 选择路径 0, 答案: 12, 置信度: 1.0
2025-08-08 04:21:59,012 - INFO - 投票结果: 选择路径 0, 答案: 3, 置信度: 0.9
2025-08-08 04:21:59,014 - INFO - 投票结果: 选择路径 0, 答案: 320, 置信度: 0.9
2025-08-08 04:21:59,015 - INFO - 投票结果: 选择路径 1, 答案: 59, 置信度: 0.2
2025-08-08 04:21:59,016 - INFO - 投票结果: 选择路径 0, 答案: 50, 置信度: 0.9
2025-08-08 04:21:59,017 - INFO - 投票结果: 选择路径 0, 答案: 50, 置信度: 1.0
2025-08-08 04:21:59,019 - INFO - 投票结果: 选择路径 0, 答案: 1614, 置信度: 0.1
2025-08-08 04:21:59,020 - INFO - 投票结果: 选择路径 0, 答案: 12, 置信度: 0.8
2025-08-08 04:21:59,021 - INFO - 投票结果: 选择路径 1, 答案: 2640, 置信度: 0.8
2025-08-08 04:21:59,022 - INFO - 投票结果: 选择路径 0, 答案: 98, 置信度: 1.0
2025-08-08 04:21:59,024 - INFO - 投票结果: 选择路径 0, 答案: 19, 置信度: 0.8
2025-08-08 04:21:59,025 - INFO - 投票结果: 选择路径 0, 答案: 21, 置信度: 1.0
2025-08-08 04:21:59,026 - INFO - 投票结果: 选择路径 0, 答案: 5, 置信度: 0.8
2025-08-08 04:21:59,027 - INFO - 投票结果: 选择路径 0, 答案: 30, 置信度: 1.0
2025-08-08 04:21:59,029 - INFO - 投票结果: 选择路径 0, 答案: 34, 置信度: 0.9
2025-08-08 04:21:59,030 - INFO - 投票结果: 选择路径 0, 答案: 48, 置信度: 0.8
2025-08-08 04:21:59,031 - INFO - 投票结果: 选择路径 0, 答案: 7, 置信度: 1.0
2025-08-08 04:21:59,033 - INFO - 投票结果: 选择路径 0, 答案: 50, 置信度: 1.0
2025-08-08 04:21:59,034 - INFO - 投票结果: 选择路径 0, 答案: 25, 置信度: 0.9
2025-08-08 04:21:59,035 - INFO - 投票结果: 选择路径 0, 答案: 500, 置信度: 1.0
2025-08-08 04:21:59,037 - INFO - 投票结果: 选择路径 0, 答案: 300, 置信度: 1.0
2025-08-08 04:21:59,038 - INFO - 投票结果: 选择路径 0, 答案: 842, 置信度: 1.0
2025-08-08 04:21:59,039 - INFO - 投票结果: 选择路径 1, 答案: 600, 置信度: 0.6
2025-08-08 04:21:59,040 - INFO - 投票结果: 选择路径 1, 答案: 240, 置信度: 0.3
2025-08-08 04:21:59,042 - INFO - 投票结果: 选择路径 0, 答案: 32, 置信度: 0.8
2025-08-08 04:21:59,043 - INFO - 投票结果: 选择路径 0, 答案: 15, 置信度: 0.8
2025-08-08 04:21:59,044 - INFO - 投票结果: 选择路径 0, 答案: 243, 置信度: 1.0
2025-08-08 04:21:59,045 - INFO - 投票结果: 选择路径 0, 答案: 60, 置信度: 0.6
2025-08-08 04:21:59,047 - INFO - 投票结果: 选择路径 0, 答案: 1218, 置信度: 1.0
2025-08-08 04:21:59,048 - INFO - 投票结果: 选择路径 0, 答案: 16, 置信度: 0.4
2025-08-08 04:21:59,049 - INFO - 投票结果: 选择路径 0, 答案: 40, 置信度: 0.8
2025-08-08 04:21:59,050 - INFO - 投票结果: 选择路径 0, 答案: 1210, 置信度: 1.0
2025-08-08 04:21:59,052 - INFO - 投票结果: 选择路径 1, 答案: 50, 置信度: 0.8
2025-08-08 04:21:59,053 - INFO - 投票结果: 选择路径 0, 答案: 12, 置信度: 1.0
2025-08-08 04:21:59,054 - INFO - 投票结果: 选择路径 0, 答案: 3528, 置信度: 0.9
2025-08-08 04:21:59,056 - INFO - 投票结果: 选择路径 0, 答案: 144, 置信度: 0.4
2025-08-08 04:21:59,057 - INFO - 投票结果: 选择路径 0, 答案: 1050, 置信度: 1.0
2025-08-08 04:21:59,058 - INFO - 投票结果: 选择路径 0, 答案: 2304, 置信度: 1.0
2025-08-08 04:21:59,059 - INFO - 投票结果: 选择路径 0, 答案: 110, 置信度: 0.3
2025-08-08 04:21:59,061 - INFO - 投票结果: 选择路径 0, 答案: 10000, 置信度: 0.2
2025-08-08 04:21:59,062 - INFO - 投票结果: 选择路径 0, 答案: 410, 置信度: 0.8
2025-08-08 04:21:59,063 - INFO - 投票结果: 选择路径 0, 答案: 32, 置信度: 1.0
2025-08-08 04:21:59,064 - INFO - 投票结果: 选择路径 0, 答案: 120, 置信度: 0.8
2025-08-08 04:21:59,066 - INFO - 投票结果: 选择路径 0, 答案: 29, 置信度: 0.7
2025-08-08 04:21:59,067 - INFO - 投票结果: 选择路径 2, 答案: 200, 置信度: 0.3
2025-08-08 04:21:59,068 - INFO - 投票结果: 选择路径 0, 答案: 80, 置信度: 0.5
2025-08-08 04:21:59,069 - INFO - 投票结果: 选择路径 0, 答案: 200, 置信度: 0.4
2025-08-08 04:21:59,071 - INFO - 投票结果: 选择路径 0, 答案: 2, 置信度: 0.8
2025-08-08 04:21:59,072 - INFO - 投票结果: 选择路径 0, 答案: 9, 置信度: 0.9
2025-08-08 04:21:59,073 - INFO - 投票结果: 选择路径 0, 答案: 100, 置信度: 1.0
2025-08-08 04:21:59,074 - INFO - 投票结果: 选择路径 0, 答案: 40, 置信度: 1.0
2025-08-08 04:21:59,076 - INFO - 投票结果: 选择路径 0, 答案: 250, 置信度: 0.3
2025-08-08 04:21:59,077 - INFO - 投票结果: 选择路径 0, 答案: 5600, 置信度: 0.8
2025-08-08 04:21:59,078 - INFO - 投票结果: 选择路径 0, 答案: 5, 置信度: 0.9
2025-08-08 04:21:59,080 - INFO - 投票结果: 选择路径 0, 答案: 600, 置信度: 1.0
2025-08-08 04:21:59,081 - INFO - 投票结果: 选择路径 0, 答案: 6, 置信度: 1.0
2025-08-08 04:21:59,082 - INFO - 投票结果: 选择路径 0, 答案: 1, 置信度: 1.0
2025-08-08 04:21:59,083 - INFO - 投票结果: 选择路径 0, 答案: 360, 置信度: 0.5
2025-08-08 04:21:59,085 - INFO - 投票结果: 选择路径 0, 答案: 45, 置信度: 1.0
2025-08-08 04:21:59,086 - INFO - 投票结果: 选择路径 0, 答案: 310, 置信度: 1.0
2025-08-08 04:21:59,087 - INFO - 投票结果: 选择路径 1, 答案: 5, 置信度: 0.5
2025-08-08 04:21:59,088 - INFO - 投票结果: 选择路径 0, 答案: 30, 置信度: 1.0
2025-08-08 04:21:59,090 - INFO - 投票结果: 选择路径 0, 答案: 220, 置信度: 1.0
2025-08-08 04:21:59,091 - INFO - 投票结果: 选择路径 0, 答案: 310, 置信度: 1.0
2025-08-08 04:21:59,092 - INFO - 投票结果: 选择路径 0, 答案: 250, 置信度: 0.6
2025-08-08 04:21:59,093 - INFO - 投票结果: 选择路径 0, 答案: 18000, 置信度: 0.4
2025-08-08 04:21:59,095 - INFO - 投票结果: 选择路径 0, 答案: 160, 置信度: 1.0
2025-08-08 04:21:59,096 - INFO - 投票结果: 选择路径 0, 答案: 4, 置信度: 0.8
2025-08-08 04:21:59,097 - INFO - 投票结果: 选择路径 0, 答案: 6, 置信度: 1.0
2025-08-08 04:21:59,098 - INFO - 投票结果: 选择路径 3, 答案: 72, 置信度: 0.3
2025-08-08 04:21:59,100 - INFO - 投票结果: 选择路径 0, 答案: 335, 置信度: 1.0
2025-08-08 04:21:59,101 - INFO - 投票结果: 选择路径 0, 答案: 44, 置信度: 0.9
2025-08-08 04:21:59,102 - INFO - 投票结果: 选择路径 0, 答案: 216, 置信度: 0.9
2025-08-08 04:21:59,103 - INFO - 投票结果: 选择路径 0, 答案: 40, 置信度: 0.6
2025-08-08 04:21:59,105 - INFO - 投票结果: 选择路径 1, 答案: 3, 置信度: 0.2
2025-08-08 04:21:59,106 - INFO - 投票结果: 选择路径 0, 答案: 135, 置信度: 0.6
2025-08-08 04:21:59,107 - INFO - 投票结果: 选择路径 1, 答案: 16, 置信度: 0.4
2025-08-08 04:21:59,108 - INFO - 投票结果: 选择路径 0, 答案: 6, 置信度: 0.8
2025-08-08 04:21:59,110 - INFO - 投票结果: 选择路径 0, 答案: 17, 置信度: 1.0
2025-08-08 04:21:59,111 - INFO - 投票结果: 选择路径 0, 答案: 540, 置信度: 1.0
2025-08-08 04:21:59,112 - INFO - 投票结果: 选择路径 0, 答案: 621, 置信度: 0.6
2025-08-08 04:21:59,113 - INFO - 投票结果: 选择路径 0, 答案: 120, 置信度: 1.0
2025-08-08 04:21:59,115 - INFO - 投票结果: 选择路径 0, 答案: 56, 置信度: 0.8
2025-08-08 04:21:59,116 - INFO - 投票结果: 选择路径 0, 答案: 2, 置信度: 1.0
2025-08-08 04:21:59,117 - INFO - 投票结果: 选择路径 0, 答案: 3, 置信度: 1.0
2025-08-08 04:21:59,118 - INFO - 投票结果: 选择路径 0, 答案: 104, 置信度: 0.7
2025-08-08 04:21:59,120 - INFO - 投票结果: 选择路径 0, 答案: 5, 置信度: 1.0
2025-08-08 04:21:59,121 - INFO - 投票结果: 选择路径 1, 答案: 5, 置信度: 0.4
2025-08-08 04:21:59,122 - INFO - 投票结果: 选择路径 0, 答案: 6, 置信度: 1.0
2025-08-08 04:21:59,123 - INFO - 投票结果: 选择路径 2, 答案: 63.33, 置信度: 0.5
2025-08-08 04:21:59,125 - INFO - 投票结果: 选择路径 0, 答案: 10, 置信度: 0.7
2025-08-08 04:21:59,126 - INFO - 投票结果: 选择路径 0, 答案: 9, 置信度: 1.0
2025-08-08 04:21:59,127 - INFO - 投票结果: 选择路径 0, 答案: 5, 置信度: 1.0
2025-08-08 04:21:59,128 - INFO - 投票结果: 选择路径 0, 答案: 16, 置信度: 0.6
2025-08-08 04:21:59,130 - INFO - 投票结果: 选择路径 0, 答案: 296, 置信度: 0.8
2025-08-08 04:21:59,131 - INFO - 投票结果: 选择路径 1, 答案: 750, 置信度: 0.5
2025-08-08 04:21:59,132 - INFO - 投票结果: 选择路径 0, 答案: 12, 置信度: 0.4
2025-08-08 04:21:59,133 - INFO - 投票结果: 选择路径 0, 答案: 4, 置信度: 1.0
2025-08-08 04:21:59,135 - INFO - 投票结果: 选择路径 0, 答案: 25, 置信度: 1.0
2025-08-08 04:21:59,136 - INFO - 投票结果: 选择路径 0, 答案: 157, 置信度: 0.1
2025-08-08 04:21:59,137 - INFO - 投票结果: 选择路径 0, 答案: 2, 置信度: 0.8
2025-08-08 04:21:59,138 - INFO - 投票结果: 选择路径 0, 答案: 35, 置信度: 0.8
2025-08-08 04:21:59,140 - INFO - 投票结果: 选择路径 0, 答案: 24, 置信度: 1.0
2025-08-08 04:21:59,141 - INFO - 投票结果: 选择路径 5, 答案: \frac{44}{3}, 置信度: 0.2
2025-08-08 04:21:59,142 - INFO - 投票结果: 选择路径 0, 答案: 69, 置信度: 0.5
2025-08-08 04:21:59,143 - INFO - 投票结果: 选择路径 0, 答案: 168, 置信度: 1.0
2025-08-08 04:21:59,145 - INFO - 投票结果: 选择路径 0, 答案: 20, 置信度: 1.0
2025-08-08 04:21:59,146 - INFO - 投票结果: 选择路径 0, 答案: 4, 置信度: 1.0
2025-08-08 04:21:59,147 - INFO - 投票结果: 选择路径 0, 答案: 1596, 置信度: 1.0
2025-08-08 04:21:59,148 - INFO - 投票结果: 选择路径 0, 答案: 150, 置信度: 0.6
2025-08-08 04:21:59,150 - INFO - 投票结果: 选择路径 0, 答案: 20, 置信度: 0.8
2025-08-08 04:21:59,151 - INFO - 投票结果: 选择路径 0, 答案: 2, 置信度: 1.0
2025-08-08 04:21:59,152 - INFO - 投票结果: 选择路径 3, 答案: 7, 置信度: 0.4
2025-08-08 04:21:59,153 - INFO - 投票结果: 选择路径 1, 答案: 3140, 置信度: 0.5
2025-08-08 04:21:59,155 - INFO - 投票结果: 选择路径 0, 答案: 4, 置信度: 1.0
2025-08-08 04:21:59,156 - INFO - 投票结果: 选择路径 0, 答案: 81, 置信度: 1.0
2025-08-08 04:21:59,157 - INFO - 投票结果: 选择路径 1, 答案: 54, 置信度: 0.6
2025-08-08 04:21:59,158 - INFO - 投票结果: 选择路径 1, 答案: 1400, 置信度: 0.6
2025-08-08 04:21:59,160 - INFO - 投票结果: 选择路径 1, 答案: 22.22, 置信度: 0.4
2025-08-08 04:21:59,161 - INFO - 投票结果: 选择路径 0, 答案: 30, 置信度: 0.7
2025-08-08 04:21:59,162 - INFO - 投票结果: 选择路径 0, 答案: 26, 置信度: 0.8
2025-08-08 04:21:59,163 - INFO - 投票结果: 选择路径 0, 答案: 13, 置信度: 1.0
2025-08-08 04:21:59,165 - INFO - 投票结果: 选择路径 0, 答案: 623, 置信度: 0.7
2025-08-08 04:21:59,166 - INFO - 投票结果: 选择路径 0, 答案: 92, 置信度: 1.0
2025-08-08 04:21:59,167 - INFO - 投票结果: 选择路径 0, 答案: 42, 置信度: 0.8
2025-08-08 04:21:59,168 - INFO - 投票结果: 选择路径 0, 答案: 55, 置信度: 0.9
2025-08-08 04:21:59,170 - INFO - 投票结果: 选择路径 0, 答案: 90, 置信度: 0.9
2025-08-08 04:21:59,171 - INFO - 投票结果: 选择路径 0, 答案: 75, 置信度: 0.9
2025-08-08 04:21:59,172 - INFO - 投票结果: 选择路径 0, 答案: 10, 置信度: 1.0
2025-08-08 04:21:59,173 - INFO - 投票结果: 选择路径 0, 答案: 70, 置信度: 1.0
2025-08-08 04:21:59,175 - INFO - 投票结果: 选择路径 1, 答案: 4, 置信度: 0.3
2025-08-08 04:21:59,176 - INFO - 投票结果: 选择路径 1, 答案: 2450, 置信度: 0.8
2025-08-08 04:21:59,177 - INFO - 投票结果: 选择路径 4, 答案: 20, 置信度: 0.4
2025-08-08 04:21:59,179 - INFO - 投票结果: 选择路径 0, 答案: 378000, 置信度: 0.4
2025-08-08 04:21:59,180 - INFO - 投票结果: 选择路径 0, 答案: 38, 置信度: 0.9
2025-08-08 04:21:59,181 - INFO - 投票结果: 选择路径 0, 答案: 300, 置信度: 0.9
2025-08-08 04:21:59,182 - INFO - 投票结果: 选择路径 0, 答案: 75, 置信度: 0.8
2025-08-08 04:21:59,184 - INFO - 投票结果: 选择路径 0, 答案: 1800, 置信度: 0.5
2025-08-08 04:21:59,185 - INFO - 投票结果: 选择路径 1, 答案: 18, 置信度: 0.7
2025-08-08 04:21:59,186 - INFO - 投票结果: 选择路径 0, 答案: 9500, 置信度: 0.8
2025-08-08 04:21:59,188 - INFO - 投票结果: 选择路径 0, 答案: 7, 置信度: 1.0
2025-08-08 04:21:59,189 - INFO - 投票结果: 选择路径 0, 答案: 336, 置信度: 1.0
2025-08-08 04:21:59,190 - INFO - 投票结果: 选择路径 5, 答案: 92, 置信度: 0.3
2025-08-08 04:21:59,191 - INFO - 投票结果: 选择路径 0, 答案: 78, 置信度: 0.9
2025-08-08 04:21:59,193 - INFO - 投票结果: 选择路径 1, 答案: 155, 置信度: 0.7
2025-08-08 04:21:59,194 - INFO - 投票结果: 选择路径 1, 答案: 15, 置信度: 0.7
2025-08-08 04:21:59,195 - INFO - 投票结果: 选择路径 0, 答案: 375, 置信度: 1.0
2025-08-08 04:21:59,197 - INFO - 投票结果: 选择路径 0, 答案: 54, 置信度: 0.7
2025-08-08 04:21:59,198 - INFO - 投票结果: 选择路径 0, 答案: 6400, 置信度: 0.6
2025-08-08 04:21:59,199 - INFO - 投票结果: 选择路径 3, 答案: 10, 置信度: 0.4
2025-08-08 04:21:59,200 - INFO - 投票结果: 选择路径 0, 答案: 7, 置信度: 0.8
2025-08-08 04:21:59,202 - INFO - 投票结果: 选择路径 0, 答案: 100, 置信度: 0.9
2025-08-08 04:21:59,203 - INFO - 投票结果: 选择路径 0, 答案: 450, 置信度: 0.8
2025-08-08 04:21:59,204 - INFO - 投票结果: 选择路径 2, 答案: 6000, 置信度: 0.5
2025-08-08 04:21:59,206 - INFO - 投票结果: 选择路径 2, 答案: 18, 置信度: 0.2
2025-08-08 04:21:59,207 - INFO - 投票结果: 选择路径 0, 答案: 6, 置信度: 1.0
2025-08-08 04:21:59,208 - INFO - 投票结果: 选择路径 0, 答案: 1200, 置信度: 0.5
2025-08-08 04:21:59,210 - INFO - 投票结果: 选择路径 0, 答案: 24, 置信度: 0.5
2025-08-08 04:21:59,211 - INFO - 投票结果: 选择路径 0, 答案: 14, 置信度: 0.3
2025-08-08 04:21:59,212 - INFO - 投票结果: 选择路径 2, 答案: 28.33, 置信度: 0.3
2025-08-08 04:21:59,214 - INFO - 投票结果: 选择路径 1, 答案: 230, 置信度: 0.7
2025-08-08 04:21:59,215 - INFO - 投票结果: 选择路径 0, 答案: 11, 置信度: 0.3
2025-08-08 04:21:59,216 - INFO - 投票结果: 选择路径 0, 答案: 40, 置信度: 0.9
2025-08-08 04:21:59,217 - INFO - 投票结果: 选择路径 0, 答案: 14, 置信度: 0.8
2025-08-08 04:21:59,219 - INFO - 投票结果: 选择路径 0, 答案: 20, 置信度: 1.0
2025-08-08 04:21:59,220 - INFO - 投票结果: 选择路径 0, 答案: 240, 置信度: 0.6
2025-08-08 04:21:59,221 - INFO - 投票结果: 选择路径 0, 答案: 3, 置信度: 0.9
2025-08-08 04:21:59,222 - INFO - 投票结果: 选择路径 2, 答案: 162, 置信度: 0.2
2025-08-08 04:21:59,224 - INFO - 投票结果: 选择路径 0, 答案: 64, 置信度: 0.7
2025-08-08 04:21:59,225 - INFO - 投票结果: 选择路径 0, 答案: 48, 置信度: 1.0
2025-08-08 04:21:59,226 - INFO - 投票结果: 选择路径 0, 答案: 4, 置信度: 1.0
2025-08-08 04:21:59,227 - INFO - 投票结果: 选择路径 0, 答案: 14, 置信度: 1.0
2025-08-08 04:21:59,228 - INFO - 投票结果: 选择路径 1, 答案: 5600, 置信度: 0.4
2025-08-08 04:21:59,230 - INFO - 投票结果: 选择路径 1, 答案: 2, 置信度: 0.2
2025-08-08 04:21:59,231 - INFO - 投票结果: 选择路径 0, 答案: 144, 置信度: 0.6
2025-08-08 04:21:59,232 - INFO - 投票结果: 选择路径 1, 答案: 560, 置信度: 0.4
2025-08-08 04:21:59,234 - INFO - 投票结果: 选择路径 0, 答案: 428, 置信度: 0.7
2025-08-08 04:21:59,235 - INFO - 投票结果: 选择路径 0, 答案: 665, 置信度: 1.0
2025-08-08 04:21:59,236 - INFO - 投票结果: 选择路径 0, 答案: 7500, 置信度: 0.6
2025-08-08 04:21:59,238 - INFO - 投票结果: 选择路径 1, 答案: 2.5, 置信度: 0.5
2025-08-08 04:21:59,239 - INFO - 投票结果: 选择路径 0, 答案: 90, 置信度: 0.5
2025-08-08 04:21:59,240 - INFO - 投票结果: 选择路径 0, 答案: 570, 置信度: 1.0
2025-08-08 04:21:59,241 - INFO - 投票结果: 选择路径 1, 答案: 5, 置信度: 0.8
2025-08-08 04:21:59,243 - INFO - 投票结果: 选择路径 0, 答案: 86, 置信度: 0.4
2025-08-08 04:21:59,244 - INFO - 投票结果: 选择路径 0, 答案: 160, 置信度: 1.0
2025-08-08 04:21:59,245 - INFO - 投票结果: 选择路径 0, 答案: 6, 置信度: 0.9
2025-08-08 04:21:59,247 - INFO - 投票结果: 选择路径 0, 答案: 6000, 置信度: 0.4
2025-08-08 04:21:59,248 - INFO - 投票结果: 选择路径 1, 答案: 800, 置信度: 0.8
2025-08-08 04:21:59,249 - INFO - 投票结果: 选择路径 1, 答案: 1, 置信度: 0.5
2025-08-08 04:21:59,251 - INFO - 投票结果: 选择路径 5, 答案: 4, 置信度: 0.4
2025-08-08 04:21:59,252 - INFO - 投票结果: 选择路径 0, 答案: 31, 置信度: 0.9
2025-08-08 04:21:59,253 - INFO - 投票结果: 选择路径 0, 答案: 276000, 置信度: 1.0
2025-08-08 04:21:59,254 - INFO - 投票结果: 选择路径 0, 答案: 632, 置信度: 0.3
2025-08-08 04:21:59,256 - INFO - 投票结果: 选择路径 0, 答案: 100, 置信度: 0.9
2025-08-08 04:21:59,257 - INFO - 投票结果: 选择路径 0, 答案: 21, 置信度: 0.9
2025-08-08 04:21:59,258 - INFO - 投票结果: 选择路径 1, 答案: 40, 置信度: 0.9
2025-08-08 04:21:59,259 - INFO - 投票结果: 选择路径 0, 答案: 180000, 置信度: 1.0
2025-08-08 04:21:59,261 - INFO - 投票结果: 选择路径 0, 答案: 14, 置信度: 0.9
2025-08-08 04:21:59,262 - INFO - 投票结果: 选择路径 1, 答案: 54, 置信度: 0.5
2025-08-08 04:21:59,263 - INFO - 投票结果: 选择路径 0, 答案: 5, 置信度: 0.8
2025-08-08 04:21:59,264 - INFO - 投票结果: 选择路径 0, 答案: 48, 置信度: 0.8
2025-08-08 04:21:59,266 - INFO - 投票结果: 选择路径 1, 答案: 390, 置信度: 0.6
2025-08-08 04:21:59,267 - INFO - 投票结果: 选择路径 0, 答案: 22, 置信度: 1.0
2025-08-08 04:21:59,268 - INFO - 投票结果: 选择路径 0, 答案: 12, 置信度: 0.8
2025-08-08 04:21:59,269 - INFO - 投票结果: 选择路径 0, 答案: 18000, 置信度: 0.8
2025-08-08 04:21:59,271 - INFO - 投票结果: 选择路径 0, 答案: 8642, 置信度: 0.6
2025-08-08 04:21:59,272 - INFO - 投票结果: 选择路径 0, 答案: 10, 置信度: 0.7
2025-08-08 04:21:59,273 - INFO - 投票结果: 选择路径 0, 答案: 36, 置信度: 0.2
2025-08-08 04:21:59,274 - INFO - 投票结果: 选择路径 0, 答案: 22, 置信度: 1.0
2025-08-08 04:21:59,276 - INFO - 投票结果: 选择路径 0, 答案: 61, 置信度: 0.2
2025-08-08 04:21:59,277 - INFO - 投票结果: 选择路径 0, 答案: 10, 置信度: 0.8
2025-08-08 04:21:59,278 - INFO - 投票结果: 选择路径 1, 答案: 15, 置信度: 0.7
2025-08-08 04:21:59,279 - INFO - 投票结果: 选择路径 0, 答案: 14, 置信度: 0.8
2025-08-08 04:21:59,281 - INFO - 投票结果: 选择路径 0, 答案: 14, 置信度: 1.0
2025-08-08 04:21:59,282 - INFO - 投票结果: 选择路径 0, 答案: 4, 置信度: 1.0
2025-08-08 04:21:59,283 - INFO - 投票结果: 选择路径 0, 答案: 3000, 置信度: 0.8
2025-08-08 04:21:59,284 - INFO - 投票结果: 选择路径 0, 答案: 4, 置信度: 0.4
2025-08-08 04:21:59,286 - INFO - 投票结果: 选择路径 3, 答案: 446, 置信度: 0.3
2025-08-08 04:21:59,287 - INFO - 投票结果: 选择路径 0, 答案: 1080, 置信度: 0.8
2025-08-08 04:21:59,288 - INFO - 投票结果: 选择路径 1, 答案: 84, 置信度: 0.5
2025-08-08 04:21:59,289 - INFO - 投票结果: 选择路径 0, 答案: 91, 置信度: 0.9
2025-08-08 04:21:59,291 - INFO - 投票结果: 选择路径 0, 答案: 18, 置信度: 0.9
2025-08-08 04:21:59,292 - INFO - 投票结果: 选择路径 0, 答案: 180, 置信度: 1.0
2025-08-08 04:21:59,293 - INFO - 投票结果: 选择路径 0, 答案: 350, 置信度: 0.4
2025-08-08 04:21:59,295 - INFO - 投票结果: 选择路径 0, 答案: 6, 置信度: 0.4
2025-08-08 04:21:59,296 - INFO - 投票结果: 选择路径 0, 答案: 129200, 置信度: 1.0
2025-08-08 04:21:59,297 - INFO - 投票结果: 选择路径 0, 答案: 10, 置信度: 1.0
2025-08-08 04:21:59,298 - INFO - 投票结果: 选择路径 0, 答案: 14, 置信度: 0.8
2025-08-08 04:21:59,300 - INFO - 投票结果: 选择路径 0, 答案: 12, 置信度: 1.0
2025-08-08 04:21:59,301 - INFO - 投票结果: 选择路径 0, 答案: 68, 置信度: 0.8
2025-08-08 04:21:59,302 - INFO - 投票结果: 选择路径 0, 答案: 58, 置信度: 1.0
2025-08-08 04:21:59,303 - INFO - 投票结果: 选择路径 0, 答案: 40, 置信度: 0.9
2025-08-08 04:21:59,305 - INFO - 投票结果: 选择路径 0, 答案: 132, 置信度: 1.0
2025-08-08 04:21:59,306 - INFO - 投票结果: 选择路径 0, 答案: 120, 置信度: 1.0
2025-08-08 04:21:59,307 - INFO - 投票结果: 选择路径 0, 答案: 120, 置信度: 1.0
2025-08-08 04:21:59,308 - INFO - 投票结果: 选择路径 0, 答案: 120, 置信度: 0.6
2025-08-08 04:21:59,310 - INFO - 投票结果: 选择路径 0, 答案: 15, 置信度: 1.0
2025-08-08 04:21:59,311 - INFO - 投票结果: 选择路径 0, 答案: 576, 置信度: 0.8
2025-08-08 04:21:59,312 - INFO - 投票结果: 选择路径 0, 答案: 5, 置信度: 1.0
2025-08-08 04:21:59,313 - INFO - 投票结果: 选择路径 0, 答案: 20, 置信度: 1.0
2025-08-08 04:21:59,315 - INFO - 投票结果: 选择路径 3, 答案: 40, 置信度: 0.6
2025-08-08 04:21:59,316 - INFO - 投票结果: 选择路径 0, 答案: 23, 置信度: 0.9
2025-08-08 04:21:59,317 - INFO - 投票结果: 选择路径 0, 答案: 156, 置信度: 0.7
2025-08-08 04:21:59,318 - INFO - 投票结果: 选择路径 0, 答案: 280, 置信度: 0.8
2025-08-08 04:21:59,320 - INFO - 投票结果: 选择路径 0, 答案: 4, 置信度: 0.4
2025-08-08 04:21:59,321 - INFO - 投票结果: 选择路径 0, 答案: 2, 置信度: 0.9
2025-08-08 04:21:59,322 - INFO - 投票结果: 选择路径 0, 答案: 120, 置信度: 1.0
2025-08-08 04:21:59,323 - INFO - 投票结果: 选择路径 1, 答案: 52, 置信度: 0.6
2025-08-08 04:21:59,325 - INFO - 投票结果: 选择路径 0, 答案: 15, 置信度: 1.0
2025-08-08 04:21:59,326 - INFO - 投票结果: 选择路径 0, 答案: 9, 置信度: 1.0
2025-08-08 04:21:59,327 - INFO - 投票结果: 选择路径 4, 答案: 75, 置信度: 0.2
2025-08-08 04:21:59,328 - INFO - 投票结果: 选择路径 0, 答案: 20, 置信度: 0.9
2025-08-08 04:21:59,330 - INFO - 投票结果: 选择路径 1, 答案: 30, 置信度: 0.7
2025-08-08 04:21:59,331 - INFO - 投票结果: 选择路径 3, 答案: 80, 置信度: 0.6
2025-08-08 04:21:59,332 - INFO - 投票结果: 选择路径 0, 答案: 5, 置信度: 1.0
2025-08-08 04:21:59,333 - INFO - 投票结果: 选择路径 0, 答案: 5, 置信度: 0.6
2025-08-08 04:21:59,335 - INFO - 投票结果: 选择路径 0, 答案: 80, 置信度: 1.0
2025-08-08 04:21:59,336 - INFO - 投票结果: 选择路径 0, 答案: 38, 置信度: 0.9
2025-08-08 04:21:59,337 - INFO - 投票结果: 选择路径 0, 答案: 42, 置信度: 0.9
2025-08-08 04:21:59,338 - INFO - 投票结果: 选择路径 0, 答案: 3, 置信度: 1.0
2025-08-08 04:21:59,340 - INFO - 投票结果: 选择路径 0, 答案: 50, 置信度: 1.0
2025-08-08 04:21:59,341 - INFO - 投票结果: 选择路径 0, 答案: 17, 置信度: 1.0
2025-08-08 04:21:59,342 - INFO - 投票结果: 选择路径 0, 答案: 35, 置信度: 0.1
2025-08-08 04:21:59,344 - INFO - 投票结果: 选择路径 0, 答案: 20, 置信度: 0.5
2025-08-08 04:21:59,345 - INFO - 投票结果: 选择路径 0, 答案: 120, 置信度: 0.4
2025-08-08 04:21:59,346 - INFO - 投票结果: 选择路径 5, 答案: 4, 置信度: 0.2
2025-08-08 04:21:59,348 - INFO - 投票结果: 选择路径 0, 答案: 45, 置信度: 1.0
2025-08-08 04:21:59,349 - INFO - 投票结果: 选择路径 0, 答案: 11, 置信度: 0.7
2025-08-08 04:21:59,350 - INFO - 投票结果: 选择路径 0, 答案: 10, 置信度: 1.0
2025-08-08 04:21:59,352 - INFO - 投票结果: 选择路径 0, 答案: 318, 置信度: 0.8
2025-08-08 04:21:59,353 - INFO - 投票结果: 选择路径 0, 答案: 92, 置信度: 0.7
2025-08-08 04:21:59,354 - INFO - 投票结果: 选择路径 0, 答案: 70, 置信度: 1.0
2025-08-08 04:21:59,356 - INFO - 投票结果: 选择路径 1, 答案: 74, 置信度: 0.6
2025-08-08 04:21:59,357 - INFO - 投票结果: 选择路径 1, 答案: 1509, 置信度: 0.7
2025-08-08 04:21:59,358 - INFO - 投票结果: 选择路径 0, 答案: 2, 置信度: 0.9
2025-08-08 04:21:59,359 - INFO - 投票结果: 选择路径 0, 答案: 1, 置信度: 1.0
2025-08-08 04:21:59,361 - INFO - 投票结果: 选择路径 0, 答案: 1170, 置信度: 0.9
2025-08-08 04:21:59,362 - INFO - 投票结果: 选择路径 0, 答案: 28, 置信度: 0.7
2025-08-08 04:21:59,363 - INFO - 投票结果: 选择路径 0, 答案: 20, 置信度: 0.6
2025-08-08 04:21:59,365 - INFO - 投票结果: 选择路径 0, 答案: 20, 置信度: 0.8
2025-08-08 04:21:59,366 - INFO - 投票结果: 选择路径 0, 答案: 66160, 置信度: 0.5
2025-08-08 04:21:59,367 - INFO - 投票结果: 选择路径 0, 答案: 16, 置信度: 0.3
2025-08-08 04:21:59,368 - INFO - 投票结果: 选择路径 0, 答案: 575, 置信度: 1.0
2025-08-08 04:21:59,370 - INFO - 投票结果: 选择路径 0, 答案: 60, 置信度: 0.9
2025-08-08 04:21:59,371 - INFO - 投票结果: 选择路径 0, 答案: 42, 置信度: 0.6
2025-08-08 04:21:59,372 - INFO - 投票结果: 选择路径 2, 答案: 17, 置信度: 0.2
2025-08-08 04:21:59,373 - INFO - 投票结果: 选择路径 1, 答案: 71, 置信度: 0.6
2025-08-08 04:21:59,375 - INFO - 投票结果: 选择路径 0, 答案: 70, 置信度: 0.9
2025-08-08 04:21:59,376 - INFO - 投票结果: 选择路径 0, 答案: 25, 置信度: 0.6
2025-08-08 04:21:59,377 - INFO - 投票结果: 选择路径 0, 答案: 160, 置信度: 1.0
2025-08-08 04:21:59,378 - INFO - 投票结果: 选择路径 2, 答案: 398, 置信度: 0.5
2025-08-08 04:21:59,380 - INFO - 投票结果: 选择路径 0, 答案: 5, 置信度: 1.0
2025-08-08 04:21:59,381 - INFO - 投票结果: 选择路径 0, 答案: 42000, 置信度: 0.9
2025-08-08 04:21:59,382 - INFO - 投票结果: 选择路径 2, 答案: 39, 置信度: 0.4
2025-08-08 04:21:59,383 - INFO - 投票结果: 选择路径 0, 答案: 10, 置信度: 0.8
2025-08-08 04:21:59,385 - INFO - 投票结果: 选择路径 0, 答案: 2, 置信度: 0.3
2025-08-08 04:21:59,386 - INFO - 投票结果: 选择路径 1, 答案: 40, 置信度: 0.6
2025-08-08 04:21:59,387 - INFO - 投票结果: 选择路径 0, 答案: 100, 置信度: 1.0
2025-08-08 04:21:59,389 - INFO - 投票结果: 选择路径 0, 答案: 60, 置信度: 1.0
2025-08-08 04:21:59,390 - INFO - 投票结果: 选择路径 0, 答案: 100, 置信度: 1.0
2025-08-08 04:21:59,391 - INFO - 投票结果: 选择路径 0, 答案: 72, 置信度: 0.9
2025-08-08 04:21:59,392 - INFO - 投票结果: 选择路径 0, 答案: 20, 置信度: 0.8
2025-08-08 04:21:59,394 - INFO - 投票结果: 选择路径 0, 答案: 6277, 置信度: 0.9
2025-08-08 04:21:59,395 - INFO - 投票结果: 选择路径 2, 答案: 9, 置信度: 0.3
2025-08-08 04:21:59,396 - INFO - 投票结果: 选择路径 0, 答案: 26, 置信度: 1.0
2025-08-08 04:21:59,398 - INFO - 投票结果: 选择路径 1, 答案: 5, 置信度: 0.4
2025-08-08 04:21:59,399 - INFO - 投票结果: 选择路径 0, 答案: 12, 置信度: 0.8
2025-08-08 04:21:59,400 - INFO - 投票结果: 选择路径 0, 答案: 5.5, 置信度: 0.1
2025-08-08 04:21:59,401 - INFO - 投票结果: 选择路径 0, 答案: 20, 置信度: 0.4
2025-08-08 04:21:59,403 - INFO - 投票结果: 选择路径 0, 答案: 32, 置信度: 1.0
2025-08-08 04:21:59,404 - INFO - 投票结果: 选择路径 0, 答案: 20, 置信度: 1.0
2025-08-08 04:21:59,405 - INFO - 投票结果: 选择路径 0, 答案: 20, 置信度: 1.0
2025-08-08 04:21:59,406 - INFO - 投票结果: 选择路径 0, 答案: 320, 置信度: 1.0
2025-08-08 04:21:59,408 - INFO - 投票结果: 选择路径 0, 答案: 77, 置信度: 1.0
2025-08-08 04:21:59,409 - INFO - 投票结果: 选择路径 0, 答案: 9, 置信度: 0.6
2025-08-08 04:21:59,410 - INFO - 投票结果: 选择路径 0, 答案: 1, 置信度: 0.6
2025-08-08 04:21:59,412 - INFO - 投票结果: 选择路径 0, 答案: 1248, 置信度: 0.2
2025-08-08 04:21:59,413 - INFO - 投票结果: 选择路径 0, 答案: 15, 置信度: 0.8
2025-08-08 04:21:59,414 - INFO - 投票结果: 选择路径 0, 答案: 16, 置信度: 1.0
2025-08-08 04:21:59,415 - INFO - 投票结果: 选择路径 0, 答案: 2, 置信度: 1.0
2025-08-08 04:21:59,417 - INFO - 投票结果: 选择路径 0, 答案: 46, 置信度: 0.3
2025-08-08 04:21:59,418 - INFO - 投票结果: 选择路径 0, 答案: 60, 置信度: 0.8
2025-08-08 04:21:59,419 - INFO - 投票结果: 选择路径 0, 答案: 315, 置信度: 0.3
2025-08-08 04:21:59,421 - INFO - 投票结果: 选择路径 0, 答案: 84, 置信度: 1.0
2025-08-08 04:21:59,422 - INFO - 投票结果: 选择路径 4, 答案: 100, 置信度: 0.2
2025-08-08 04:21:59,423 - INFO - 投票结果: 选择路径 0, 答案: 300, 置信度: 0.7
2025-08-08 04:21:59,424 - INFO - 投票结果: 选择路径 0, 答案: 50, 置信度: 1.0
2025-08-08 04:21:59,426 - INFO - 投票结果: 选择路径 0, 答案: 14, 置信度: 0.9
2025-08-08 04:21:59,427 - INFO - 投票结果: 选择路径 7, 答案: 21, 置信度: 0.3
2025-08-08 04:21:59,428 - INFO - 投票结果: 选择路径 0, 答案: 12, 置信度: 1.0
2025-08-08 04:21:59,429 - INFO - 投票结果: 选择路径 0, 答案: 1240, 置信度: 1.0
2025-08-08 04:21:59,431 - INFO - 投票结果: 选择路径 0, 答案: 8, 置信度: 0.9
2025-08-08 04:21:59,432 - INFO - 投票结果: 选择路径 2, 答案: 87, 置信度: 0.2
2025-08-08 04:21:59,433 - INFO - 投票结果: 选择路径 1, 答案: 2, 置信度: 0.7
2025-08-08 04:21:59,434 - INFO - 投票结果: 选择路径 0, 答案: 2, 置信度: 1.0
2025-08-08 04:21:59,436 - INFO - 投票结果: 选择路径 0, 答案: 268, 置信度: 0.3
2025-08-08 04:21:59,437 - INFO - 投票结果: 选择路径 0, 答案: 160, 置信度: 1.0
2025-08-08 04:21:59,438 - INFO - 投票结果: 选择路径 0, 答案: 1128, 置信度: 0.4
2025-08-08 04:21:59,439 - INFO - 投票结果: 选择路径 0, 答案: 6250, 置信度: 1.0
2025-08-08 04:21:59,441 - INFO - 投票结果: 选择路径 0, 答案: 5, 置信度: 1.0
2025-08-08 04:21:59,442 - INFO - 投票结果: 选择路径 0, 答案: 500, 置信度: 1.0
2025-08-08 04:21:59,443 - INFO - 投票结果: 选择路径 0, 答案: 2, 置信度: 0.2
2025-08-08 04:21:59,444 - INFO - 投票结果: 选择路径 0, 答案: 34, 置信度: 1.0
2025-08-08 04:21:59,446 - INFO - 投票结果: 选择路径 0, 答案: 60, 置信度: 1.0
2025-08-08 04:21:59,447 - INFO - 投票结果: 选择路径 1, 答案: 0, 置信度: 0.3
2025-08-08 04:21:59,448 - INFO - 投票结果: 选择路径 1, 答案: 56, 置信度: 0.7
2025-08-08 04:21:59,449 - INFO - 投票结果: 选择路径 0, 答案: 74, 置信度: 0.9
2025-08-08 04:21:59,451 - INFO - 投票结果: 选择路径 0, 答案: 5, 置信度: 0.9
2025-08-08 04:21:59,452 - INFO - 投票结果: 选择路径 0, 答案: 600, 置信度: 1.0
2025-08-08 04:21:59,453 - INFO - 投票结果: 选择路径 1, 答案: 20, 置信度: 0.5
2025-08-08 04:21:59,454 - INFO - 投票结果: 选择路径 0, 答案: 23, 置信度: 1.0
2025-08-08 04:21:59,456 - INFO - 投票结果: 选择路径 0, 答案: 20, 置信度: 1.0
2025-08-08 04:21:59,457 - INFO - 投票结果: 选择路径 0, 答案: 80, 置信度: 0.8
2025-08-08 04:21:59,458 - INFO - 投票结果: 选择路径 0, 答案: 43, 置信度: 0.8
2025-08-08 04:21:59,459 - INFO - 投票结果: 选择路径 0, 答案: 720, 置信度: 1.0
2025-08-08 04:21:59,461 - INFO - 投票结果: 选择路径 0, 答案: 4, 置信度: 0.8
2025-08-08 04:21:59,462 - INFO - 投票结果: 选择路径 0, 答案: 9, 置信度: 1.0
2025-08-08 04:21:59,463 - INFO - 投票结果: 选择路径 2, 答案: 40, 置信度: 0.3
2025-08-08 04:21:59,465 - INFO - 投票结果: 选择路径 0, 答案: 8, 置信度: 1.0
2025-08-08 04:21:59,466 - INFO - 投票结果: 选择路径 0, 答案: 16, 置信度: 0.6
2025-08-08 04:21:59,467 - INFO - 投票结果: 选择路径 2, 答案: 4, 置信度: 0.2
2025-08-08 04:21:59,468 - INFO - 投票结果: 选择路径 0, 答案: 47, 置信度: 1.0
2025-08-08 04:21:59,470 - INFO - 投票结果: 选择路径 0, 答案: 240000, 置信度: 0.9
2025-08-08 04:21:59,471 - INFO - 投票结果: 选择路径 1, 答案: 14, 置信度: 0.7
2025-08-08 04:21:59,472 - INFO - 投票结果: 选择路径 0, 答案: 26, 置信度: 1.0
2025-08-08 04:21:59,473 - INFO - 投票结果: 选择路径 0, 答案: 2.67, 置信度: 0.5
2025-08-08 04:21:59,475 - INFO - 投票结果: 选择路径 6, 答案: 25, 置信度: 0.4
2025-08-08 04:21:59,476 - INFO - 投票结果: 选择路径 2, 答案: 5, 置信度: 0.6
2025-08-08 04:21:59,477 - INFO - 投票结果: 选择路径 0, 答案: 5, 置信度: 1.0
2025-08-08 04:21:59,478 - INFO - 投票结果: 选择路径 0, 答案: 260, 置信度: 0.5
2025-08-08 04:21:59,480 - INFO - 投票结果: 选择路径 0, 答案: 67, 置信度: 0.8
2025-08-08 04:21:59,481 - INFO - 投票结果: 选择路径 0, 答案: 144, 置信度: 0.8
2025-08-08 04:21:59,482 - INFO - 投票结果: 选择路径 0, 答案: 75, 置信度: 0.9
2025-08-08 04:21:59,483 - INFO - 投票结果: 选择路径 0, 答案: 3, 置信度: 1.0
2025-08-08 04:21:59,485 - INFO - 投票结果: 选择路径 0, 答案: 4, 置信度: 1.0
2025-08-08 04:21:59,486 - INFO - 投票结果: 选择路径 0, 答案: 2000, 置信度: 1.0
2025-08-08 04:21:59,487 - INFO - 投票结果: 选择路径 2, 答案: 68, 置信度: 0.4
2025-08-08 04:21:59,488 - INFO - 投票结果: 选择路径 0, 答案: 8, 置信度: 1.0
2025-08-08 04:21:59,490 - INFO - 投票结果: 选择路径 0, 答案: 100, 置信度: 1.0
2025-08-08 04:21:59,491 - INFO - 投票结果: 选择路径 1, 答案: 2.5, 置信度: 0.5
2025-08-08 04:21:59,492 - INFO - 投票结果: 选择路径 0, 答案: 460, 置信度: 1.0
2025-08-08 04:21:59,493 - INFO - 投票结果: 选择路径 0, 答案: 10, 置信度: 0.7
2025-08-08 04:21:59,495 - INFO - 投票结果: 选择路径 0, 答案: 750, 置信度: 0.8
2025-08-08 04:21:59,496 - INFO - 投票结果: 选择路径 0, 答案: 255, 置信度: 0.7
2025-08-08 04:21:59,497 - INFO - 投票结果: 选择路径 1, 答案: 240, 置信度: 0.5
2025-08-08 04:21:59,499 - INFO - 投票结果: 选择路径 0, 答案: 50, 置信度: 1.0
2025-08-08 04:21:59,500 - INFO - 投票结果: 选择路径 0, 答案: 60000, 置信度: 0.9
2025-08-08 04:21:59,501 - INFO - 投票结果: 选择路径 0, 答案: 77, 置信度: 0.5
2025-08-08 04:21:59,503 - INFO - 投票结果: 选择路径 0, 答案: 10, 置信度: 0.3
2025-08-08 04:21:59,504 - INFO - 投票结果: 选择路径 4, 答案: 225, 置信度: 0.4
2025-08-08 04:21:59,505 - INFO - 投票结果: 选择路径 0, 答案: 13, 置信度: 0.9
2025-08-08 04:21:59,507 - INFO - 投票结果: 选择路径 1, 答案: 3, 置信度: 0.5
2025-08-08 04:21:59,508 - INFO - 投票结果: 选择路径 2, 答案: 260, 置信度: 0.5
2025-08-08 04:21:59,509 - INFO - 投票结果: 选择路径 0, 答案: 540, 置信度: 0.8
2025-08-08 04:21:59,510 - INFO - 投票结果: 选择路径 0, 答案: 104, 置信度: 1.0
2025-08-08 04:21:59,512 - INFO - 投票结果: 选择路径 0, 答案: 27, 置信度: 0.7
2025-08-08 04:21:59,513 - INFO - 投票结果: 选择路径 0, 答案: 75, 置信度: 1.0
2025-08-08 04:21:59,514 - INFO - 投票结果: 选择路径 1, 答案: 39, 置信度: 0.2
2025-08-08 04:21:59,516 - INFO - 投票结果: 选择路径 1, 答案: 120, 置信度: 0.5
2025-08-08 04:21:59,517 - INFO - 投票结果: 选择路径 2, 答案: 348, 置信度: 0.4
2025-08-08 04:21:59,518 - INFO - 投票结果: 选择路径 0, 答案: 15, 置信度: 1.0
2025-08-08 04:21:59,520 - INFO - 投票结果: 选择路径 1, 答案: 247, 置信度: 0.5
2025-08-08 04:21:59,521 - INFO - 投票结果: 选择路径 0, 答案: 13, 置信度: 0.2
2025-08-08 04:21:59,522 - INFO - 投票结果: 选择路径 0, 答案: 85000, 置信度: 0.8
2025-08-08 04:21:59,524 - INFO - 投票结果: 选择路径 2, 答案: 20, 置信度: 0.3
2025-08-08 04:21:59,525 - INFO - 投票结果: 选择路径 1, 答案: 19, 置信度: 0.6
2025-08-08 04:21:59,526 - INFO - 投票结果: 选择路径 0, 答案: 18, 置信度: 1.0
2025-08-08 04:21:59,527 - INFO - 投票结果: 选择路径 1, 答案: 3, 置信度: 0.9
2025-08-08 04:21:59,529 - INFO - 投票结果: 选择路径 0, 答案: 12, 置信度: 1.0
2025-08-08 04:21:59,530 - INFO - 投票结果: 选择路径 1, 答案: 160000, 置信度: 0.8
2025-08-08 04:21:59,531 - INFO - 投票结果: 选择路径 0, 答案: 50, 置信度: 0.6
2025-08-08 04:21:59,532 - INFO - 投票结果: 选择路径 0, 答案: 76, 置信度: 1.0
2025-08-08 04:21:59,534 - INFO - 投票结果: 选择路径 0, 答案: 10, 置信度: 1.0
2025-08-08 04:21:59,535 - INFO - 投票结果: 选择路径 0, 答案: 17, 置信度: 0.9
2025-08-08 04:21:59,536 - INFO - 投票结果: 选择路径 0, 答案: 44, 置信度: 1.0
2025-08-08 04:21:59,537 - INFO - 投票结果: 选择路径 0, 答案: 76, 置信度: 0.8
2025-08-08 04:21:59,539 - INFO - 投票结果: 选择路径 0, 答案: 3, 置信度: 0.9
2025-08-08 04:21:59,540 - INFO - 投票结果: 选择路径 0, 答案: 40, 置信度: 1.0
2025-08-08 04:21:59,541 - INFO - 投票结果: 选择路径 0, 答案: 15, 置信度: 0.9
2025-08-08 04:21:59,542 - INFO - 投票结果: 选择路径 0, 答案: 10, 置信度: 0.8
2025-08-08 04:21:59,544 - INFO - 投票结果: 选择路径 0, 答案: 16, 置信度: 0.9
2025-08-08 04:21:59,545 - INFO - 投票结果: 选择路径 0, 答案: 28, 置信度: 1.0
2025-08-08 04:21:59,546 - INFO - 投票结果: 选择路径 0, 答案: 64, 置信度: 0.9
2025-08-08 04:21:59,547 - INFO - 投票结果: 选择路径 0, 答案: 1125, 置信度: 0.8
2025-08-08 04:21:59,549 - INFO - 投票结果: 选择路径 0, 答案: 8, 置信度: 1.0
2025-08-08 04:21:59,550 - INFO - 投票结果: 选择路径 0, 答案: 29, 置信度: 0.9
2025-08-08 04:21:59,551 - INFO - 投票结果: 选择路径 0, 答案: 16, 置信度: 1.0
2025-08-08 04:21:59,552 - INFO - 投票结果: 选择路径 1, 答案: 225, 置信度: 0.6
2025-08-08 04:21:59,554 - INFO - 投票结果: 选择路径 0, 答案: 72, 置信度: 0.7
2025-08-08 04:21:59,555 - INFO - 投票结果: 选择路径 0, 答案: 576, 置信度: 1.0
2025-08-08 04:21:59,556 - INFO - 投票结果: 选择路径 0, 答案: 34, 置信度: 1.0
2025-08-08 04:21:59,558 - INFO - 投票结果: 选择路径 0, 答案: 10, 置信度: 1.0
2025-08-08 04:21:59,559 - INFO - 投票结果: 选择路径 0, 答案: 9, 置信度: 0.8
2025-08-08 04:21:59,560 - INFO - 投票结果: 选择路径 0, 答案: 140, 置信度: 1.0
2025-08-08 04:21:59,561 - INFO - 投票结果: 选择路径 6, 答案: 50, 置信度: 0.4
2025-08-08 04:21:59,563 - INFO - 投票结果: 选择路径 0, 答案: 315, 置信度: 0.6
2025-08-08 04:21:59,564 - INFO - 投票结果: 选择路径 0, 答案: 16, 置信度: 1.0
2025-08-08 04:21:59,565 - INFO - 投票结果: 选择路径 0, 答案: 132, 置信度: 1.0
2025-08-08 04:21:59,566 - INFO - 投票结果: 选择路径 0, 答案: 64, 置信度: 1.0
2025-08-08 04:21:59,568 - INFO - 投票结果: 选择路径 1, 答案: 72, 置信度: 0.8
2025-08-08 04:21:59,569 - INFO - 投票结果: 选择路径 1, 答案: 8, 置信度: 0.7
2025-08-08 04:21:59,570 - INFO - 投票结果: 选择路径 0, 答案: 4, 置信度: 0.9
2025-08-08 04:21:59,571 - INFO - 投票结果: 选择路径 0, 答案: 160, 置信度: 0.3
2025-08-08 04:21:59,573 - INFO - 投票结果: 选择路径 0, 答案: 15, 置信度: 0.8
2025-08-08 04:21:59,574 - INFO - 投票结果: 选择路径 0, 答案: 539, 置信度: 0.9
2025-08-08 04:21:59,575 - INFO - 投票结果: 选择路径 4, 答案: 54300, 置信度: 0.2
2025-08-08 04:21:59,577 - INFO - 投票结果: 选择路径 0, 答案: 2, 置信度: 0.9
2025-08-08 04:21:59,578 - INFO - 投票结果: 选择路径 0, 答案: 15, 置信度: 0.8
2025-08-08 04:21:59,579 - INFO - 投票结果: 选择路径 2, 答案: 6, 置信度: 0.3
2025-08-08 04:21:59,580 - INFO - 投票结果: 选择路径 2, 答案: 5, 置信度: 0.4
2025-08-08 04:21:59,582 - INFO - 投票结果: 选择路径 2, 答案: 7425, 置信度: 0.4
2025-08-08 04:21:59,583 - INFO - 投票结果: 选择路径 0, 答案: 8, 置信度: 1.0
2025-08-08 04:21:59,584 - INFO - 投票结果: 选择路径 1, 答案: 6, 置信度: 0.3
2025-08-08 04:21:59,585 - INFO - 投票结果: 选择路径 0, 答案: 100, 置信度: 0.8
2025-08-08 04:21:59,587 - INFO - 投票结果: 选择路径 0, 答案: 36, 置信度: 0.9
2025-08-08 04:21:59,588 - INFO - 投票结果: 选择路径 0, 答案: 20, 置信度: 0.6
2025-08-08 04:21:59,589 - INFO - 投票结果: 选择路径 0, 答案: 32, 置信度: 1.0
2025-08-08 04:21:59,590 - INFO - 投票结果: 选择路径 1, 答案: 45, 置信度: 0.5
2025-08-08 04:21:59,592 - INFO - 投票结果: 选择路径 0, 答案: 27, 置信度: 0.9
2025-08-08 04:21:59,593 - INFO - 投票结果: 选择路径 0, 答案: 7.5, 置信度: 0.5
2025-08-08 04:21:59,594 - INFO - 投票结果: 选择路径 0, 答案: 98, 置信度: 1.0
2025-08-08 04:21:59,595 - INFO - 投票结果: 选择路径 1, 答案: 4, 置信度: 0.7
2025-08-08 04:21:59,597 - INFO - 投票结果: 选择路径 0, 答案: 6, 置信度: 0.7
2025-08-08 04:21:59,598 - INFO - 投票结果: 选择路径 1, 答案: 14, 置信度: 0.8
2025-08-08 04:21:59,599 - INFO - 投票结果: 选择路径 0, 答案: 10, 置信度: 1.0
2025-08-08 04:21:59,600 - INFO - 投票结果: 选择路径 1, 答案: 250, 置信度: 0.4
2025-08-08 04:21:59,602 - INFO - 投票结果: 选择路径 1, 答案: 312, 置信度: 0.8
2025-08-08 04:21:59,603 - INFO - 投票结果: 选择路径 0, 答案: 1375, 置信度: 1.0
2025-08-08 04:21:59,604 - INFO - 投票结果: 选择路径 0, 答案: 8, 置信度: 1.0
2025-08-08 04:21:59,605 - INFO - 投票结果: 选择路径 1, 答案: 245, 置信度: 0.4
2025-08-08 04:21:59,607 - INFO - 投票结果: 选择路径 0, 答案: 6, 置信度: 1.0
2025-08-08 04:21:59,608 - INFO - 投票结果: 选择路径 0, 答案: 840, 置信度: 0.9
2025-08-08 04:21:59,609 - INFO - 投票结果: 选择路径 0, 答案: 40, 置信度: 0.8
2025-08-08 04:21:59,610 - INFO - 投票结果: 选择路径 5, 答案: 84, 置信度: 0.3
2025-08-08 04:21:59,612 - INFO - 投票结果: 选择路径 0, 答案: 10, 置信度: 0.7
2025-08-08 04:21:59,613 - INFO - 投票结果: 选择路径 1, 答案: 490, 置信度: 0.4
2025-08-08 04:21:59,614 - INFO - 投票结果: 选择路径 0, 答案: 16, 置信度: 0.9
2025-08-08 04:21:59,615 - INFO - 投票结果: 选择路径 0, 答案: 17, 置信度: 0.9
2025-08-08 04:21:59,617 - INFO - 投票结果: 选择路径 0, 答案: 2, 置信度: 0.5
2025-08-08 04:21:59,618 - INFO - 投票结果: 选择路径 0, 答案: 14, 置信度: 0.6
2025-08-08 04:21:59,619 - INFO - 投票结果: 选择路径 0, 答案: 27, 置信度: 1.0
2025-08-08 04:21:59,620 - INFO - 投票结果: 选择路径 0, 答案: 84, 置信度: 1.0
2025-08-08 04:21:59,622 - INFO - 投票结果: 选择路径 1, 答案: 70, 置信度: 0.9
2025-08-08 04:21:59,623 - INFO - 投票结果: 选择路径 0, 答案: 20, 置信度: 1.0
2025-08-08 04:21:59,624 - INFO - 投票结果: 选择路径 4, 答案: 365, 置信度: 0.4
2025-08-08 04:21:59,625 - INFO - 投票结果: 选择路径 3, 答案: 75, 置信度: 0.3
2025-08-08 04:21:59,627 - INFO - 投票结果: 选择路径 0, 答案: 736, 置信度: 0.7
2025-08-08 04:21:59,628 - INFO - 投票结果: 选择路径 0, 答案: 42, 置信度: 0.8
2025-08-08 04:21:59,629 - INFO - 投票结果: 选择路径 1, 答案: 8, 置信度: 0.2
2025-08-08 04:21:59,631 - INFO - 投票结果: 选择路径 0, 答案: 27, 置信度: 0.4
2025-08-08 04:21:59,632 - INFO - 投票结果: 选择路径 0, 答案: 966, 置信度: 0.1
2025-08-08 04:21:59,633 - INFO - 投票结果: 选择路径 0, 答案: 17, 置信度: 0.4
2025-08-08 04:21:59,634 - INFO - 投票结果: 选择路径 0, 答案: 360, 置信度: 1.0
2025-08-08 04:21:59,636 - INFO - 投票结果: 选择路径 0, 答案: 10800, 置信度: 0.7
2025-08-08 04:21:59,637 - INFO - 投票结果: 选择路径 2, 答案: 78, 置信度: 0.2
2025-08-08 04:21:59,638 - INFO - 投票结果: 选择路径 0, 答案: 86769, 置信度: 0.1
2025-08-08 04:21:59,639 - INFO - 投票结果: 选择路径 0, 答案: 6, 置信度: 0.7
2025-08-08 04:21:59,641 - INFO - 投票结果: 选择路径 0, 答案: 20, 置信度: 0.3
2025-08-08 04:21:59,642 - INFO - 投票结果: 选择路径 0, 答案: 88, 置信度: 1.0
2025-08-08 04:21:59,643 - INFO - 投票结果: 选择路径 0, 答案: 12, 置信度: 1.0
2025-08-08 04:21:59,644 - INFO - 投票结果: 选择路径 2, 答案: 13, 置信度: 0.2
2025-08-08 04:21:59,646 - INFO - 投票结果: 选择路径 0, 答案: 80, 置信度: 0.4
2025-08-08 04:21:59,647 - INFO - 投票结果: 选择路径 0, 答案: 2.22, 置信度: 0.2
2025-08-08 04:21:59,649 - INFO - 投票结果: 选择路径 0, 答案: 35, 置信度: 0.2
2025-08-08 04:21:59,650 - INFO - 投票结果: 选择路径 0, 答案: 6, 置信度: 1.0
2025-08-08 04:21:59,651 - INFO - 投票结果: 选择路径 0, 答案: 4, 置信度: 1.0
2025-08-08 04:21:59,652 - INFO - 投票结果: 选择路径 1, 答案: 20, 置信度: 0.9
2025-08-08 04:21:59,654 - INFO - 投票结果: 选择路径 0, 答案: 800, 置信度: 1.0
2025-08-08 04:21:59,655 - INFO - 投票结果: 选择路径 0, 答案: 1, 置信度: 1.0
2025-08-08 04:21:59,656 - INFO - 投票结果: 选择路径 0, 答案: 50, 置信度: 1.0
2025-08-08 04:21:59,657 - INFO - 投票结果: 选择路径 0, 答案: 72.22, 置信度: 0.4
2025-08-08 04:21:59,658 - INFO - 投票结果: 选择路径 0, 答案: 7, 置信度: 0.8
2025-08-08 04:21:59,660 - INFO - 投票结果: 选择路径 0, 答案: 63, 置信度: 1.0
2025-08-08 04:21:59,661 - INFO - 投票结果: 选择路径 1, 答案: 9, 置信度: 0.9
2025-08-08 04:21:59,662 - INFO - 投票结果: 选择路径 0, 答案: 42, 置信度: 0.9
2025-08-08 04:21:59,664 - INFO - 投票结果: 选择路径 0, 答案: 5, 置信度: 0.4
2025-08-08 04:21:59,665 - INFO - 投票结果: 选择路径 1, 答案: 240, 置信度: 0.9
2025-08-08 04:21:59,666 - INFO - 投票结果: 选择路径 0, 答案: 1000, 置信度: 1.0
2025-08-08 04:21:59,667 - INFO - 投票结果: 选择路径 0, 答案: 109, 置信度: 0.7
2025-08-08 04:21:59,669 - INFO - 投票结果: 选择路径 0, 答案: 140, 置信度: 0.9
2025-08-08 04:21:59,670 - INFO - 投票结果: 选择路径 0, 答案: 55, 置信度: 1.0
2025-08-08 04:21:59,671 - INFO - 投票结果: 选择路径 0, 答案: 16, 置信度: 1.0
2025-08-08 04:21:59,672 - INFO - 投票结果: 选择路径 0, 答案: 272, 置信度: 0.7
2025-08-08 04:21:59,674 - INFO - 投票结果: 选择路径 0, 答案: 110, 置信度: 1.0
2025-08-08 04:21:59,675 - INFO - 投票结果: 选择路径 0, 答案: 13, 置信度: 1.0
2025-08-08 04:21:59,676 - INFO - 投票结果: 选择路径 0, 答案: 5, 置信度: 0.3
2025-08-08 04:21:59,678 - INFO - 投票结果: 选择路径 1, 答案: 48, 置信度: 0.8
2025-08-08 04:21:59,679 - INFO - 投票结果: 选择路径 0, 答案: 8, 置信度: 1.0
2025-08-08 04:21:59,680 - INFO - 投票结果: 选择路径 0, 答案: 8, 置信度: 0.6
2025-08-08 04:21:59,682 - INFO - 投票结果: 选择路径 0, 答案: 56, 置信度: 0.8
2025-08-08 04:21:59,683 - INFO - 投票结果: 选择路径 0, 答案: 3, 置信度: 0.9
2025-08-08 04:21:59,684 - INFO - 投票结果: 选择路径 3, 答案: 34, 置信度: 0.5
2025-08-08 04:21:59,685 - INFO - 投票结果: 选择路径 0, 答案: 4, 置信度: 0.5
2025-08-08 04:21:59,687 - INFO - 投票结果: 选择路径 0, 答案: 20000, 置信度: 1.0
2025-08-08 04:21:59,688 - INFO - 投票结果: 选择路径 2, 答案: 9, 置信度: 0.5
2025-08-08 04:21:59,689 - INFO - 投票结果: 选择路径 0, 答案: 52, 置信度: 1.0
2025-08-08 04:21:59,691 - INFO - 投票结果: 选择路径 0, 答案: 10, 置信度: 0.6
2025-08-08 04:21:59,692 - INFO - 投票结果: 选择路径 0, 答案: 110000, 置信度: 0.2
2025-08-08 04:21:59,693 - INFO - 投票结果: 选择路径 0, 答案: 45, 置信度: 1.0
2025-08-08 04:21:59,694 - INFO - 投票结果: 选择路径 0, 答案: 1, 置信度: 0.6
2025-08-08 04:21:59,696 - INFO - 投票结果: 选择路径 0, 答案: 5600, 置信度: 0.6
2025-08-08 04:21:59,697 - INFO - 投票结果: 选择路径 0, 答案: 7, 置信度: 1.0
2025-08-08 04:21:59,698 - INFO - 投票结果: 选择路径 2, 答案: 25, 置信度: 0.6
2025-08-08 04:21:59,699 - INFO - 投票结果: 选择路径 0, 答案: -91, 置信度: 0.7
2025-08-08 04:21:59,701 - INFO - 投票结果: 选择路径 1, 答案: 180, 置信度: 0.4
2025-08-08 04:21:59,702 - INFO - 投票结果: 选择路径 2, 答案: 24, 置信度: 0.5
2025-08-08 04:21:59,703 - INFO - 投票结果: 选择路径 0, 答案: 6, 置信度: 0.9
2025-08-08 04:21:59,704 - INFO - 投票结果: 选择路径 0, 答案: 40, 置信度: 0.8
2025-08-08 04:21:59,706 - INFO - 投票结果: 选择路径 0, 答案: -3, 置信度: 0.9
2025-08-08 04:21:59,707 - INFO - 投票结果: 选择路径 3, 答案: 224, 置信度: 0.6
2025-08-08 04:21:59,708 - INFO - 投票结果: 选择路径 0, 答案: 227, 置信度: 0.9
2025-08-08 04:21:59,709 - INFO - 投票结果: 选择路径 0, 答案: 762, 置信度: 1.0
2025-08-08 04:21:59,711 - INFO - 投票结果: 选择路径 0, 答案: 34, 置信度: 0.7
2025-08-08 04:21:59,712 - INFO - 投票结果: 选择路径 0, 答案: 2, 置信度: 0.7
2025-08-08 04:21:59,713 - INFO - 投票结果: 选择路径 0, 答案: 2, 置信度: 0.8
2025-08-08 04:21:59,714 - INFO - 投票结果: 选择路径 0, 答案: 23, 置信度: 0.4
2025-08-08 04:21:59,716 - INFO - 投票结果: 选择路径 0, 答案: 4, 置信度: 1.0
2025-08-08 04:21:59,717 - INFO - 投票结果: 选择路径 0, 答案: 110, 置信度: 0.6
2025-08-08 04:21:59,718 - INFO - 投票结果: 选择路径 0, 答案: 750, 置信度: 1.0
2025-08-08 04:21:59,720 - INFO - 投票结果: 选择路径 1, 答案: 240, 置信度: 0.5
2025-08-08 04:21:59,721 - INFO - 投票结果: 选择路径 0, 答案: 200, 置信度: 0.2
2025-08-08 04:21:59,722 - INFO - 投票结果: 选择路径 2, 答案: 105, 置信度: 0.6
2025-08-08 04:21:59,723 - INFO - 投票结果: 选择路径 1, 答案: 120, 置信度: 0.8
2025-08-08 04:21:59,725 - INFO - 投票结果: 选择路径 0, 答案: 240, 置信度: 0.7
2025-08-08 04:21:59,726 - INFO - 投票结果: 选择路径 2, 答案: 4000, 置信度: 0.8
2025-08-08 04:21:59,727 - INFO - 投票结果: 选择路径 0, 答案: 60, 置信度: 0.9
2025-08-08 04:21:59,728 - INFO - 投票结果: 选择路径 0, 答案: 36, 置信度: 0.6
2025-08-08 04:21:59,730 - INFO - 投票结果: 选择路径 1, 答案: 80, 置信度: 0.8
2025-08-08 04:21:59,731 - INFO - 投票结果: 选择路径 0, 答案: 240, 置信度: 0.5
2025-08-08 04:21:59,732 - INFO - 投票结果: 选择路径 0, 答案: 32, 置信度: 0.8
2025-08-08 04:21:59,733 - INFO - 投票结果: 选择路径 1, 答案: 940, 置信度: 0.9
2025-08-08 04:21:59,735 - INFO - 投票结果: 选择路径 0, 答案: 84, 置信度: 0.9
2025-08-08 04:21:59,736 - INFO - 投票结果: 选择路径 0, 答案: 2, 置信度: 1.0
2025-08-08 04:21:59,737 - INFO - 投票结果: 选择路径 0, 答案: 32, 置信度: 1.0
2025-08-08 04:21:59,738 - INFO - 投票结果: 选择路径 1, 答案: 12, 置信度: 0.4
2025-08-08 04:21:59,740 - INFO - 投票结果: 选择路径 0, 答案: 6, 置信度: 0.5
2025-08-08 04:21:59,741 - INFO - 投票结果: 选择路径 1, 答案: 14, 置信度: 0.3
2025-08-08 04:21:59,742 - INFO - 投票结果: 选择路径 0, 答案: 14, 置信度: 1.0
2025-08-08 04:21:59,744 - INFO - 投票结果: 选择路径 1, 答案: 448, 置信度: 0.9
2025-08-08 04:21:59,745 - INFO - 投票结果: 选择路径 0, 答案: 12, 置信度: 1.0
2025-08-08 04:21:59,746 - INFO - 投票结果: 选择路径 0, 答案: 1110, 置信度: 0.8
2025-08-08 04:21:59,747 - INFO - 投票结果: 选择路径 1, 答案: 4, 置信度: 0.3
2025-08-08 04:21:59,749 - INFO - 投票结果: 选择路径 0, 答案: 6, 置信度: 0.6
2025-08-08 04:21:59,750 - INFO - 投票结果: 选择路径 0, 答案: 28, 置信度: 0.6
2025-08-08 04:21:59,751 - INFO - 投票结果: 选择路径 2, 答案: 72000, 置信度: 0.3
2025-08-08 04:21:59,753 - INFO - 投票结果: 选择路径 0, 答案: 32, 置信度: 1.0
2025-08-08 04:21:59,754 - INFO - 投票结果: 选择路径 0, 答案: 60, 置信度: 0.7
2025-08-08 04:21:59,755 - INFO - 投票结果: 选择路径 0, 答案: 90, 置信度: 0.9
2025-08-08 04:21:59,756 - INFO - 投票结果: 选择路径 0, 答案: 77, 置信度: 0.3
2025-08-08 04:21:59,758 - INFO - 投票结果: 选择路径 0, 答案: 270, 置信度: 1.0
2025-08-08 04:21:59,759 - INFO - 投票结果: 选择路径 1, 答案: 56000, 置信度: 0.5
2025-08-08 04:21:59,760 - INFO - 投票结果: 选择路径 0, 答案: 72, 置信度: 0.7
2025-08-08 04:21:59,761 - INFO - 投票结果: 选择路径 0, 答案: 400, 置信度: 0.7
2025-08-08 04:21:59,763 - INFO - 投票结果: 选择路径 0, 答案: 12, 置信度: 0.5
2025-08-08 04:21:59,764 - INFO - 投票结果: 选择路径 0, 答案: 15, 置信度: 0.5
2025-08-08 04:21:59,765 - INFO - 投票结果: 选择路径 1, 答案: 54, 置信度: 0.3
2025-08-08 04:21:59,767 - INFO - 投票结果: 选择路径 1, 答案: 75, 置信度: 0.3
2025-08-08 04:21:59,768 - INFO - 投票结果: 选择路径 0, 答案: 4, 置信度: 0.9
2025-08-08 04:21:59,769 - INFO - 投票结果: 选择路径 0, 答案: 4, 置信度: 1.0
2025-08-08 04:21:59,770 - INFO - 投票结果: 选择路径 0, 答案: 17500, 置信度: 0.6
2025-08-08 04:21:59,772 - INFO - 投票结果: 选择路径 0, 答案: 8, 置信度: 1.0
2025-08-08 04:21:59,773 - INFO - 投票结果: 选择路径 0, 答案: 21, 置信度: 1.0
2025-08-08 04:21:59,774 - INFO - 投票结果: 选择路径 0, 答案: 36, 置信度: 0.2
2025-08-08 04:21:59,775 - INFO - 投票结果: 选择路径 0, 答案: 1, 置信度: 1.0
2025-08-08 04:21:59,777 - INFO - 投票结果: 选择路径 0, 答案: 193, 置信度: 1.0
2025-08-08 04:21:59,778 - INFO - 投票结果: 选择路径 0, 答案: 3, 置信度: 0.9
2025-08-08 04:21:59,779 - INFO - 投票结果: 选择路径 1, 答案: 131250, 置信度: 0.5
2025-08-08 04:21:59,780 - INFO - 投票结果: 选择路径 0, 答案: 24, 置信度: 1.0
2025-08-08 04:21:59,782 - INFO - 投票结果: 选择路径 2, 答案: 29, 置信度: 0.2
2025-08-08 04:21:59,783 - INFO - 投票结果: 选择路径 0, 答案: 490, 置信度: 0.9
2025-08-08 04:21:59,784 - INFO - 投票结果: 选择路径 1, 答案: 19, 置信度: 0.4
2025-08-08 04:21:59,785 - INFO - 投票结果: 选择路径 0, 答案: 60, 置信度: 0.9
2025-08-08 04:21:59,787 - INFO - 投票结果: 选择路径 2, 答案: 17, 置信度: 0.8
2025-08-08 04:21:59,788 - INFO - 投票结果: 选择路径 3, 答案: 850000, 置信度: 0.2
2025-08-08 04:21:59,789 - INFO - 投票结果: 选择路径 0, 答案: 15, 置信度: 1.0
2025-08-08 04:21:59,790 - INFO - 投票结果: 选择路径 1, 答案: 80, 置信度: 0.6
2025-08-08 04:21:59,792 - INFO - 投票结果: 选择路径 0, 答案: 18, 置信度: 0.9
2025-08-08 04:21:59,793 - INFO - 投票结果: 选择路径 0, 答案: 30, 置信度: 0.9
2025-08-08 04:21:59,794 - INFO - 投票结果: 选择路径 0, 答案: 60, 置信度: 0.7
2025-08-08 04:21:59,795 - INFO - 投票结果: 选择路径 0, 答案: 260, 置信度: 1.0
2025-08-08 04:21:59,797 - INFO - 投票结果: 选择路径 0, 答案: 60, 置信度: 1.0
2025-08-08 04:21:59,798 - INFO - 投票结果: 选择路径 3, 答案: 75, 置信度: 0.3
2025-08-08 04:21:59,799 - INFO - 投票结果: 选择路径 0, 答案: 25, 置信度: 1.0
2025-08-08 04:21:59,800 - INFO - 投票结果: 选择路径 0, 答案: 291, 置信度: 0.1
2025-08-08 04:21:59,802 - INFO - 投票结果: 选择路径 0, 答案: 5, 置信度: 0.8
2025-08-08 04:21:59,803 - INFO - 投票结果: 选择路径 0, 答案: 84, 置信度: 0.7
2025-08-08 04:21:59,804 - INFO - 投票结果: 选择路径 0, 答案: 8, 置信度: 0.5
2025-08-08 04:21:59,805 - INFO - 投票结果: 选择路径 0, 答案: 2, 置信度: 1.0
2025-08-08 04:21:59,807 - INFO - 投票结果: 选择路径 0, 答案: 21, 置信度: 0.7
2025-08-08 04:21:59,808 - INFO - 投票结果: 选择路径 0, 答案: 8, 置信度: 0.9
2025-08-08 04:21:59,809 - INFO - 投票结果: 选择路径 2, 答案: 50, 置信度: 0.3
2025-08-08 04:21:59,810 - INFO - 投票结果: 选择路径 0, 答案: 90000, 置信度: 1.0
2025-08-08 04:21:59,812 - INFO - 投票结果: 选择路径 1, 答案: 2, 置信度: 0.8
2025-08-08 04:21:59,813 - INFO - 投票结果: 选择路径 0, 答案: 40, 置信度: 0.6
2025-08-08 04:21:59,814 - INFO - 投票结果: 选择路径 0, 答案: 2, 置信度: 0.6
2025-08-08 04:21:59,815 - INFO - 投票结果: 选择路径 1, 答案: 100, 置信度: 0.9
2025-08-08 04:21:59,817 - INFO - 投票结果: 选择路径 0, 答案: 30, 置信度: 1.0
2025-08-08 04:21:59,818 - INFO - 投票结果: 选择路径 0, 答案: 8, 置信度: 1.0
2025-08-08 04:21:59,819 - INFO - 投票结果: 选择路径 0, 答案: 31, 置信度: 0.9
2025-08-08 04:21:59,820 - INFO - 投票结果: 选择路径 2, 答案: 120000, 置信度: 0.4
2025-08-08 04:21:59,822 - INFO - 投票结果: 选择路径 0, 答案: 180, 置信度: 1.0
2025-08-08 04:21:59,823 - INFO - 投票结果: 选择路径 0, 答案: 3, 置信度: 1.0
2025-08-08 04:21:59,824 - INFO - 投票结果: 选择路径 0, 答案: 5, 置信度: 0.6
2025-08-08 04:21:59,825 - INFO - 投票结果: 选择路径 0, 答案: 5, 置信度: 1.0
2025-08-08 04:21:59,827 - INFO - 投票结果: 选择路径 0, 答案: 130000, 置信度: 1.0
2025-08-08 04:21:59,828 - INFO - 投票结果: 选择路径 0, 答案: 68, 置信度: 0.7
2025-08-08 04:21:59,829 - INFO - 投票结果: 选择路径 0, 答案: 78, 置信度: 1.0
2025-08-08 04:21:59,831 - INFO - 投票结果: 选择路径 0, 答案: 28, 置信度: 1.0
2025-08-08 04:21:59,832 - INFO - 投票结果: 选择路径 0, 答案: 15, 置信度: 1.0
2025-08-08 04:21:59,833 - INFO - 投票结果: 选择路径 5, 答案: 320, 置信度: 0.3
2025-08-08 04:21:59,834 - INFO - 投票结果: 选择路径 0, 答案: 7000, 置信度: 0.3
2025-08-08 04:21:59,836 - INFO - 投票结果: 选择路径 0, 答案: 2400, 置信度: 0.3
2025-08-08 04:21:59,837 - INFO - 投票结果: 选择路径 0, 答案: 18, 置信度: 1.0
2025-08-08 04:21:59,838 - INFO - 投票结果: 选择路径 0, 答案: 90, 置信度: 0.9
2025-08-08 04:21:59,839 - INFO - 投票结果: 选择路径 1, 答案: 31, 置信度: 0.7
2025-08-08 04:21:59,841 - INFO - 投票结果: 选择路径 3, 答案: 400, 置信度: 0.3
2025-08-08 04:21:59,842 - INFO - 投票结果: 选择路径 1, 答案: 180, 置信度: 0.4
2025-08-08 04:21:59,843 - INFO - 投票结果: 选择路径 0, 答案: 7, 置信度: 1.0
2025-08-08 04:21:59,845 - INFO - 投票结果: 选择路径 1, 答案: 75, 置信度: 0.6
2025-08-08 04:21:59,846 - INFO - 投票结果: 选择路径 4, 答案: 650, 置信度: 0.5
2025-08-08 04:21:59,847 - INFO - 投票结果: 选择路径 0, 答案: 310, 置信度: 0.8
2025-08-08 04:21:59,849 - INFO - 投票结果: 选择路径 0, 答案: 12, 置信度: 0.6
2025-08-08 04:21:59,850 - INFO - 投票结果: 选择路径 0, 答案: 5, 置信度: 1.0
2025-08-08 04:21:59,851 - INFO - 投票结果: 选择路径 0, 答案: 29, 置信度: 0.9
2025-08-08 04:21:59,853 - INFO - 投票结果: 选择路径 2, 答案: 140, 置信度: 0.5
2025-08-08 04:21:59,854 - INFO - 投票结果: 选择路径 0, 答案: 30, 置信度: 1.0
2025-08-08 04:21:59,855 - INFO - 投票结果: 选择路径 0, 答案: 40, 置信度: 0.7
2025-08-08 04:21:59,857 - INFO - 投票结果: 选择路径 0, 答案: 100, 置信度: 1.0
2025-08-08 04:21:59,858 - INFO - 投票结果: 选择路径 0, 答案: 35, 置信度: 1.0
2025-08-08 04:21:59,859 - INFO - 投票结果: 选择路径 0, 答案: 79, 置信度: 1.0
2025-08-08 04:21:59,860 - INFO - 投票结果: 选择路径 2, 答案: 2, 置信度: 0.2
2025-08-08 04:21:59,862 - INFO - 投票结果: 选择路径 0, 答案: 4, 置信度: 1.0
2025-08-08 04:21:59,863 - INFO - 投票结果: 选择路径 0, 答案: 6, 置信度: 1.0
2025-08-08 04:21:59,864 - INFO - 投票结果: 选择路径 0, 答案: 32, 置信度: 1.0
2025-08-08 04:21:59,865 - INFO - 投票结果: 选择路径 0, 答案: 112, 置信度: 1.0
2025-08-08 04:21:59,867 - INFO - 投票结果: 选择路径 2, 答案: 54, 置信度: 0.3
2025-08-08 04:21:59,868 - INFO - 投票结果: 选择路径 0, 答案: 450, 置信度: 0.7
2025-08-08 04:21:59,869 - INFO - 投票结果: 选择路径 6, 答案: 4400, 置信度: 0.3
2025-08-08 04:21:59,870 - INFO - 投票结果: 选择路径 0, 答案: 450, 置信度: 1.0
2025-08-08 04:21:59,872 - INFO - 投票结果: 选择路径 0, 答案: 6, 置信度: 1.0
2025-08-08 04:21:59,873 - INFO - 投票结果: 选择路径 1, 答案: 14, 置信度: 0.2
2025-08-08 04:21:59,874 - INFO - 投票结果: 选择路径 0, 答案: 144, 置信度: 0.9
2025-08-08 04:21:59,875 - INFO - 投票结果: 选择路径 0, 答案: 8, 置信度: 0.8
2025-08-08 04:21:59,877 - INFO - 投票结果: 选择路径 0, 答案: 2125, 置信度: 1.0
2025-08-08 04:21:59,878 - INFO - 投票结果: 选择路径 0, 答案: 156, 置信度: 0.5
2025-08-08 04:21:59,879 - INFO - 投票结果: 选择路径 0, 答案: 13, 置信度: 1.0
2025-08-08 04:21:59,881 - INFO - 投票结果: 选择路径 0, 答案: 112, 置信度: 0.6
2025-08-08 04:21:59,882 - INFO - 投票结果: 选择路径 0, 答案: 133, 置信度: 1.0
2025-08-08 04:21:59,883 - INFO - 投票结果: 选择路径 0, 答案: 100, 置信度: 1.0
2025-08-08 04:21:59,884 - INFO - 投票结果: 选择路径 0, 答案: 350, 置信度: 1.0
2025-08-08 04:21:59,886 - INFO - 投票结果: 选择路径 3, 答案: 60, 置信度: 0.5
2025-08-08 04:21:59,887 - INFO - 投票结果: 选择路径 0, 答案: 105, 置信度: 1.0
2025-08-08 04:21:59,888 - INFO - 投票结果: 选择路径 1, 答案: 7, 置信度: 0.7
2025-08-08 04:21:59,889 - INFO - 投票结果: 选择路径 0, 答案: 860, 置信度: 0.8
2025-08-08 04:21:59,891 - INFO - 投票结果: 选择路径 0, 答案: 72, 置信度: 1.0
2025-08-08 04:21:59,892 - INFO - 投票结果: 选择路径 0, 答案: 50, 置信度: 0.5
2025-08-08 04:21:59,893 - INFO - 投票结果: 选择路径 0, 答案: 1, 置信度: 1.0
2025-08-08 04:21:59,895 - INFO - 投票结果: 选择路径 0, 答案: 1, 置信度: 0.7
2025-08-08 04:21:59,896 - INFO - 投票结果: 选择路径 4, 答案: 36, 置信度: 0.3
2025-08-08 04:21:59,897 - INFO - 投票结果: 选择路径 2, 答案: 140, 置信度: 0.7
2025-08-08 04:21:59,898 - INFO - 投票结果: 选择路径 0, 答案: 20, 置信度: 0.9
2025-08-08 04:21:59,900 - INFO - 投票结果: 选择路径 0, 答案: 1800, 置信度: 0.5
2025-08-08 04:21:59,901 - INFO - 投票结果: 选择路径 0, 答案: 25, 置信度: 0.8
2025-08-08 04:21:59,902 - INFO - 投票结果: 选择路径 0, 答案: 147, 置信度: 1.0
2025-08-08 04:21:59,903 - INFO - 投票结果: 选择路径 0, 答案: 10, 置信度: 0.9
2025-08-08 04:21:59,905 - INFO - 投票结果: 选择路径 0, 答案: 25, 置信度: 0.7
2025-08-08 04:21:59,906 - INFO - 投票结果: 选择路径 0, 答案: 32, 置信度: 0.9
2025-08-08 04:21:59,907 - INFO - 投票结果: 选择路径 0, 答案: 276, 置信度: 1.0
2025-08-08 04:21:59,909 - INFO - 投票结果: 选择路径 0, 答案: 176, 置信度: 0.6
2025-08-08 04:21:59,910 - INFO - 投票结果: 选择路径 0, 答案: 30, 置信度: 1.0
2025-08-08 04:21:59,911 - INFO - 投票结果: 选择路径 0, 答案: 280, 置信度: 0.5
2025-08-08 04:21:59,912 - INFO - 投票结果: 选择路径 0, 答案: 8000, 置信度: 1.0
2025-08-08 04:21:59,914 - INFO - 投票结果: 选择路径 1, 答案: 50, 置信度: 0.2
2025-08-08 04:21:59,915 - INFO - 投票结果: 选择路径 2, 答案: 84, 置信度: 0.6
2025-08-08 04:21:59,916 - INFO - 投票结果: 选择路径 0, 答案: 50, 置信度: 0.9
2025-08-08 04:21:59,917 - INFO - 投票结果: 选择路径 0, 答案: 50, 置信度: 1.0
2025-08-08 04:21:59,919 - INFO - 投票结果: 选择路径 0, 答案: 280, 置信度: 0.6
2025-08-08 04:21:59,920 - INFO - 投票结果: 选择路径 0, 答案: 38, 置信度: 1.0
2025-08-08 04:21:59,921 - INFO - 投票结果: 选择路径 0, 答案: 34, 置信度: 0.9
2025-08-08 04:21:59,923 - INFO - 投票结果: 选择路径 1, 答案: 594, 置信度: 0.9
2025-08-08 04:21:59,924 - INFO - 投票结果: 选择路径 0, 答案: 7, 置信度: 0.3
2025-08-08 04:21:59,925 - INFO - 投票结果: 选择路径 0, 答案: 98, 置信度: 0.8
2025-08-08 04:21:59,927 - INFO - 投票结果: 选择路径 0, 答案: 123, 置信度: 1.0
2025-08-08 04:21:59,928 - INFO - 投票结果: 选择路径 0, 答案: 27, 置信度: 0.9
2025-08-08 04:21:59,929 - INFO - 投票结果: 选择路径 0, 答案: 145, 置信度: 0.8
2025-08-08 04:21:59,930 - INFO - 投票结果: 选择路径 0, 答案: 23, 置信度: 0.9
2025-08-08 04:21:59,932 - INFO - 投票结果: 选择路径 1, 答案: 14, 置信度: 0.6
2025-08-08 04:21:59,933 - INFO - 投票结果: 选择路径 2, 答案: 18, 置信度: 0.5
2025-08-08 04:21:59,934 - INFO - 投票结果: 选择路径 0, 答案: 21, 置信度: 0.9
2025-08-08 04:21:59,935 - INFO - 投票结果: 选择路径 0, 答案: 40000, 置信度: 1.0
2025-08-08 04:21:59,937 - INFO - 投票结果: 选择路径 0, 答案: 90, 置信度: 0.8
2025-08-08 04:21:59,938 - INFO - 投票结果: 选择路径 1, 答案: 11050, 置信度: 0.6
2025-08-08 04:21:59,939 - INFO - 投票结果: 选择路径 0, 答案: 1520, 置信度: 1.0
2025-08-08 04:21:59,940 - INFO - 投票结果: 选择路径 3, 答案: 16, 置信度: 0.4
2025-08-08 04:21:59,942 - INFO - 投票结果: 选择路径 0, 答案: 4000, 置信度: 0.6
2025-08-08 04:21:59,943 - INFO - 投票结果: 选择路径 2, 答案: 93, 置信度: 0.6
2025-08-08 04:21:59,944 - INFO - 投票结果: 选择路径 1, 答案: 40, 置信度: 0.5
2025-08-08 04:21:59,945 - INFO - 投票结果: 选择路径 0, 答案: 15, 置信度: 1.0
2025-08-08 04:21:59,947 - INFO - 投票结果: 选择路径 0, 答案: 66, 置信度: 1.0
2025-08-08 04:21:59,948 - INFO - 投票结果: 选择路径 0, 答案: 5, 置信度: 1.0
2025-08-08 04:21:59,949 - INFO - 投票结果: 选择路径 0, 答案: 5, 置信度: 1.0
2025-08-08 04:21:59,950 - INFO - 投票结果: 选择路径 0, 答案: 5, 置信度: 0.6
2025-08-08 04:21:59,952 - INFO - 投票结果: 选择路径 0, 答案: 1430, 置信度: 1.0
2025-08-08 04:21:59,953 - INFO - 投票结果: 选择路径 0, 答案: 36, 置信度: 0.9
2025-08-08 04:21:59,954 - INFO - 投票结果: 选择路径 0, 答案: 80, 置信度: 1.0
2025-08-08 04:21:59,956 - INFO - 投票结果: 选择路径 0, 答案: 29, 置信度: 0.9
2025-08-08 04:21:59,957 - INFO - 投票结果: 选择路径 0, 答案: 122, 置信度: 1.0
2025-08-08 04:21:59,958 - INFO - 投票结果: 选择路径 0, 答案: 60, 置信度: 1.0
2025-08-08 04:21:59,959 - INFO - 投票结果: 选择路径 0, 答案: 70, 置信度: 0.2
2025-08-08 04:21:59,961 - INFO - 投票结果: 选择路径 0, 答案: 21, 置信度: 1.0
2025-08-08 04:21:59,962 - INFO - 投票结果: 选择路径 0, 答案: 45, 置信度: 0.9
2025-08-08 04:21:59,963 - INFO - 投票结果: 选择路径 0, 答案: 273, 置信度: 1.0
2025-08-08 04:21:59,964 - INFO - 投票结果: 选择路径 0, 答案: 12, 置信度: 0.7
2025-08-08 04:21:59,966 - INFO - 投票结果: 选择路径 0, 答案: 5, 置信度: 0.4
2025-08-08 04:21:59,967 - INFO - 投票结果: 选择路径 0, 答案: 1, 置信度: 0.9
2025-08-08 04:21:59,968 - INFO - 投票结果: 选择路径 0, 答案: 1880, 置信度: 0.2
2025-08-08 04:21:59,985 - INFO - 正确率: 83.09%
2025-08-08 04:22:00,105 - INFO - 结果已保存到: /cephfs/shared/sunyifan/Min-p-CoT/grid_search_results/Llama-3.2-3B-Instruct_GSM8k_test_0.1_interval/minp_0.5_0.3_0.8_0.9_temp_1.5/min_p_cot_results_4-step-CoT_Llama-3.2-3B-Instruct_GSM8k_test_0.5_0.3_0.8_0.9_vote10_majority_run3.json
2025-08-08 04:22:00,107 - INFO - 实验完成!
2025-08-08 04:22:00,176 - INFO - 实验 54 (第 3/3 次) 完成，准确率: 83.09%
2025-08-08 04:22:00,179 - INFO - 实验 54 完成: 平均准确率 83.47% ± 0.31% (范围: 83.09%-83.85%), 成功运行 3/3 次
2025-08-08 04:22:00,186 - INFO - 
================================================================================
2025-08-08 04:22:00,188 - INFO - 🎯 MIN-P 参数优化分析报告
2025-08-08 04:22:00,189 - INFO - ================================================================================
2025-08-08 04:22:00,190 - INFO - 
📊 基础统计:
2025-08-08 04:22:00,191 - INFO -    总实验数: 54
2025-08-08 04:22:00,193 - INFO -    成功实验数: 54
2025-08-08 04:22:00,194 - INFO -    失败实验数: 0
2025-08-08 04:22:00,195 - INFO -    平均准确率: 82.71% ± 0.95%
2025-08-08 04:22:00,196 - INFO -    准确率范围: 80.26% - 83.88%
2025-08-08 04:22:00,197 - INFO -    中位数准确率: 82.92%
2025-08-08 04:22:00,199 - INFO - 
🏆 最佳配置:
2025-08-08 04:22:00,200 - INFO -    Min-p值: [0.4, 0.1, 0.7, 0.9]
2025-08-08 04:22:00,201 - INFO -    温度: 1.0
2025-08-08 04:22:00,202 - INFO -    准确率: 83.88%
2025-08-08 04:22:00,203 - INFO -    正确数/总数: 1106.3333333333333/1319
2025-08-08 04:22:00,205 - INFO - 
📉 最差配置:
2025-08-08 04:22:00,206 - INFO -    Min-p值: [0.5, 0.1, 0.7, 0.9]
2025-08-08 04:22:00,207 - INFO -    温度: 1.5
2025-08-08 04:22:00,208 - INFO -    准确率: 80.26%
2025-08-08 04:22:00,209 - INFO - 
🔍 各步骤参数分析:
2025-08-08 04:22:00,211 - INFO - 
   STEP 1:
2025-08-08 04:22:00,212 - INFO -      与准确率的相关性: -0.086
2025-08-08 04:22:00,213 - INFO -      最佳配置中的值: 0.4
2025-08-08 04:22:00,214 - INFO -      各值的平均表现:
2025-08-08 04:22:00,215 - INFO -        0.3: 82.77%
2025-08-08 04:22:00,216 - INFO -        0.4: 82.79%
2025-08-08 04:22:00,217 - INFO -        0.5: 82.57%
2025-08-08 04:22:00,219 - INFO - 
   STEP 2:
2025-08-08 04:22:00,220 - INFO -      与准确率的相关性: 0.104
2025-08-08 04:22:00,221 - INFO -      最佳配置中的值: 0.1
2025-08-08 04:22:00,222 - INFO -      各值的平均表现:
2025-08-08 04:22:00,223 - INFO -        0.1: 82.46%
2025-08-08 04:22:00,224 - INFO -        0.2: 82.97%
2025-08-08 04:22:00,225 - INFO -        0.3: 82.70%
2025-08-08 04:22:00,226 - INFO - 
   STEP 3:
2025-08-08 04:22:00,228 - INFO -      与准确率的相关性: 0.003
2025-08-08 04:22:00,229 - INFO -      最佳配置中的值: 0.7
2025-08-08 04:22:00,230 - INFO -      各值的平均表现:
2025-08-08 04:22:00,231 - INFO -        0.7: 82.71%
2025-08-08 04:22:00,232 - INFO -        0.8: 82.71%
2025-08-08 04:22:00,233 - INFO - 
   STEP 4:
2025-08-08 04:22:00,234 - INFO -      与准确率的相关性: 0.000
2025-08-08 04:22:00,236 - INFO -      最佳配置中的值: 0.9
2025-08-08 04:22:00,237 - INFO -      各值的平均表现:
2025-08-08 04:22:00,238 - INFO -        0.9: 82.71%
2025-08-08 04:22:00,239 - INFO - 
   TEMPERATURE:
2025-08-08 04:22:00,240 - INFO -      与准确率的相关性: -0.033
2025-08-08 04:22:00,241 - INFO -      最佳配置中的值: 1.0
2025-08-08 04:22:00,242 - INFO -      各值的平均表现:
2025-08-08 04:22:00,244 - INFO -        0.7: 82.37%
2025-08-08 04:22:00,245 - INFO -        1.0: 83.32%
2025-08-08 04:22:00,246 - INFO -        1.5: 82.44%
2025-08-08 04:22:00,247 - INFO - 
🌟 TOP-10 配置:
2025-08-08 04:22:00,248 - INFO -     1. Min-p: [0.4, 0.1, 0.7, 0.9], Temp: 1.0 -> 83.88% ± 0.31% (范围: 83.47%-84.23%) [3/3 次成功]
2025-08-08 04:22:00,250 - INFO -     2. Min-p: [0.5, 0.2, 0.7, 0.9], Temp: 1.0 -> 83.88% ± 0.36% (范围: 83.55%-84.38%) [3/3 次成功]
2025-08-08 04:22:00,251 - INFO -     3. Min-p: [0.3, 0.1, 0.8, 0.9], Temp: 1.0 -> 83.85% ± 0.33% (范围: 83.55%-84.31%) [3/3 次成功]
2025-08-08 04:22:00,252 - INFO -     4. Min-p: [0.4, 0.2, 0.7, 0.9], Temp: 1.0 -> 83.83% ± 0.23% (范围: 83.62%-84.15%) [3/3 次成功]
2025-08-08 04:22:00,253 - INFO -     5. Min-p: [0.3, 0.2, 0.7, 0.9], Temp: 1.0 -> 83.80% ± 0.16% (范围: 83.62%-84.00%) [3/3 次成功]
2025-08-08 04:22:00,254 - INFO -     6. Min-p: [0.4, 0.3, 0.8, 0.9], Temp: 1.5 -> 83.80% ± 0.16% (范围: 83.62%-84.00%) [3/3 次成功]
2025-08-08 04:22:00,255 - INFO -     7. Min-p: [0.3, 0.3, 0.7, 0.9], Temp: 1.5 -> 83.78% ± 0.37% (范围: 83.32%-84.23%) [3/3 次成功]
2025-08-08 04:22:00,257 - INFO -     8. Min-p: [0.4, 0.3, 0.7, 0.9], Temp: 1.5 -> 83.78% ± 0.22% (范围: 83.55%-84.08%) [3/3 次成功]
2025-08-08 04:22:00,258 - INFO -     9. Min-p: [0.5, 0.1, 0.7, 0.9], Temp: 1.0 -> 83.70% ± 0.96% (范围: 82.49%-84.84%) [3/3 次成功]
2025-08-08 04:22:00,259 - INFO -    10. Min-p: [0.3, 0.1, 0.7, 0.9], Temp: 1.0 -> 83.65% ± 0.04% (范围: 83.62%-83.70%) [3/3 次成功]
2025-08-08 04:22:00,260 - INFO - 
💾 详细结果已保存到: /cephfs/shared/sunyifan/Min-p-CoT/grid_search_results/Llama-3.2-3B-Instruct_GSM8k_test_0.1_interval/grid_search_results.json
2025-08-08 04:22:00,261 - INFO - ================================================================================
